,,Elliott Hood,Eric Rinard,T.J. Cole,Thomas Reasoner,Total Votes Cast,Total Ballots Cast
,,Democratic,Republican,Unity Party of Colorado,Approval Voting,,
State,Colorado,1478661,1363271,59612,29232,2930776,2930776
County,Adams,109088,94974,5390,2927,212379,212379
Precinct,4215601243,200,577,10,2,789,789
Precinct,4215601244,199,763,16,11,989,989
Precinct,4215601245,54,250,6,1,311,311
Precinct,4215601246,485,918,48,27,1478,1478
Precinct,4215601247,156,638,13,10,817,817
Precinct,4215601248,162,741,14,5,922,922
Precinct,4215601249,41,262,10,2,315,315
Precinct,4215601251,258,918,27,17,1220,1220
Precinct,4283601267,0,0,0,0,0,0
Precinct,4285601241,7,27,0,1,35,35
Precinct,4285601266,52,135,3,3,193,193
Precinct,6215601269,4,16,3,1,24,24
Precinct,6283601229,499,180,23,14,716,716
Precinct,6283601230,765,251,29,10,1055,1055
Precinct,6283601231,882,288,36,13,1219,1219
Precinct,6283601232,397,135,10,7,549,549
Precinct,6283601233,579,266,30,8,883,883
Precinct,6283601234,406,241,30,14,691,691
Precinct,6283601235,249,114,18,3,384,384
Precinct,6283601236,512,307,28,11,858,858
Precinct,6283601237,398,218,34,15,665,665
Precinct,6283601238,424,346,22,12,804,804
Precinct,6283601239,421,336,34,13,804,804
Precinct,6283601240,2269,947,89,18,3323,3323
Precinct,6283601242,59,148,0,3,210,210
Precinct,6283601253,499,104,32,11,646,646
Precinct,6283601258,423,162,22,11,618,618
Precinct,6283601260,682,210,18,9,919,919
Precinct,7192401008,470,309,13,12,804,804
Precinct,7192401009,452,242,14,5,713,713
Precinct,8134801162,260,608,10,4,882,882
Precinct,8134801163,166,401,16,3,586,586
Precinct,8134801170,437,395,40,23,895,895
Precinct,8134801171,445,490,22,24,981,981
Precinct,8134801172,87,139,6,2,234,234
Precinct,8134801173,28,45,1,2,76,76
Precinct,8134801174,146,260,2,8,416,416
Precinct,8134801175,451,668,28,17,1164,1164
Precinct,8134801176,281,370,16,14,681,681
Precinct,8134801177,148,327,8,3,486,486
Precinct,8134801178,273,380,12,10,675,675
Precinct,8134801179,136,164,4,3,307,307
Precinct,8134801180,298,442,20,14,774,774
Precinct,8134801181,409,544,28,9,990,990
Precinct,8134801182,279,372,14,9,674,674
Precinct,8134801183,114,201,11,3,329,329
Precinct,8134801184,104,168,6,8,286,286
Precinct,8134801185,178,302,1,8,489,489
Precinct,8134801186,408,561,32,18,1019,1019
Precinct,8134801187,313,391,27,10,741,741
Precinct,8134801188,239,377,23,5,644,644
Precinct,8134801189,239,402,17,2,660,660
Precinct,8134801190,358,484,25,16,883,883
Precinct,8134801191,502,576,14,19,1111,1111
Precinct,8134801192,289,292,9,10,600,600
Precinct,8134801193,373,459,19,8,859,859
Precinct,8134801194,113,197,9,6,325,325
Precinct,8134801195,176,224,12,4,416,416
Precinct,8134801196,201,258,9,7,475,475
Precinct,8134801197,141,131,8,4,284,284
Precinct,8134801198,335,558,16,14,923,923
Precinct,8134801227,82,212,9,5,308,308
Precinct,8213201003,0,0,0,0,0,0
Precinct,8213201117,646,420,46,22,1134,1134
Precinct,8213201118,403,281,25,9,718,718
Precinct,8213201119,551,330,40,12,933,933
Precinct,8213201120,573,319,23,15,930,930
Precinct,8213201121,487,320,31,18,856,856
Precinct,8213201122,289,215,14,11,529,529
Precinct,8213201123,544,335,45,13,937,937
Precinct,8213201124,555,306,18,19,898,898
Precinct,8213201125,350,225,14,12,601,601
Precinct,8213201126,556,379,39,22,996,996
Precinct,8213201127,342,273,24,16,655,655
Precinct,8213201128,411,318,30,13,772,772
Precinct,8213201129,510,331,31,14,886,886
Precinct,8213201140,282,240,11,13,546,546
Precinct,8213201141,537,451,27,20,1035,1035
Precinct,8213201199,268,402,7,11,688,688
Precinct,8213201200,27,73,2,0,102,102
Precinct,8213201201,269,333,9,3,614,614
Precinct,8213201202,196,288,7,7,498,498
Precinct,8213201203,353,401,12,7,773,773
Precinct,8213201204,281,244,19,5,549,549
Precinct,8213201205,458,552,30,8,1048,1048
Precinct,8213201206,458,552,22,13,1045,1045
Precinct,8213201207,305,278,14,6,603,603
Precinct,8213201208,211,177,10,11,409,409
Precinct,8213201209,716,536,36,21,1309,1309
Precinct,8213201210,514,525,29,10,1078,1078
Precinct,8213201211,156,166,14,8,344,344
Precinct,8213201212,573,539,26,5,1143,1143
Precinct,8213201213,502,360,15,18,895,895
Precinct,8213201214,457,434,21,5,917,917
Precinct,8213201215,397,497,24,11,929,929
Precinct,8213201216,667,582,25,13,1287,1287
Precinct,8213201217,348,347,21,11,727,727
Precinct,8213201218,415,426,21,14,876,876
Precinct,8213201219,388,301,10,5,704,704
Precinct,8213201220,273,185,17,2,477,477
Precinct,8213201221,209,168,4,8,389,389
Precinct,8213201222,453,353,20,6,832,832
Precinct,8213201223,77,57,3,0,137,137
Precinct,8213201224,123,101,5,3,232,232
Precinct,8213201225,33,67,2,3,105,105
Precinct,8213201254,281,195,14,7,497,497
Precinct,8213201255,218,144,17,7,386,386
Precinct,8213201261,258,293,18,9,578,578
Precinct,8213201276,190,128,13,6,337,337
Precinct,8213501001,645,240,33,13,931,931
Precinct,8213501002,331,166,10,3,510,510
Precinct,8213501004,343,248,15,9,615,615
Precinct,8213501005,688,354,38,26,1106,1106
Precinct,8213501006,454,238,34,20,746,746
Precinct,8213501007,560,429,19,16,1024,1024
Precinct,8213501010,554,343,30,25,952,952
Precinct,8213501011,272,134,21,8,435,435
Precinct,8213501012,497,320,33,17,867,867
Precinct,8213501013,760,437,38,22,1257,1257
Precinct,8213501014,416,293,29,21,759,759
Precinct,8213501017,311,222,8,14,555,555
Precinct,8213501018,314,236,21,10,581,581
Precinct,8213501019,327,223,16,7,573,573
Precinct,8213501020,493,284,36,23,836,836
Precinct,8213501021,601,356,34,13,1004,1004
Precinct,8213501022,586,346,33,16,981,981
Precinct,8213501023,431,232,23,12,698,698
Precinct,8213501024,580,345,32,11,968,968
Precinct,8213501025,574,313,31,19,937,937
Precinct,8213501026,238,129,13,8,388,388
Precinct,8213501257,724,270,9,10,1013,1013
Precinct,8213501262,442,276,32,16,766,766
Precinct,8213501270,512,256,13,9,790,790
Precinct,8213501271,487,208,30,14,739,739
Precinct,8213501275,559,307,21,13,900,900
Precinct,8214801226,70,187,2,2,261,261
Precinct,8215601228,192,429,13,11,645,645
Precinct,8215601268,20,52,0,0,72,72
Precinct,8243101028,400,248,17,16,681,681
Precinct,8243101029,581,330,22,22,955,955
Precinct,8243101037,329,216,19,17,581,581
Precinct,8243101038,628,412,25,14,1079,1079
Precinct,8243101041,488,316,24,13,841,841
Precinct,8243101097,255,248,22,9,534,534
Precinct,8243101103,247,147,16,7,417,417
Precinct,8243101105,54,59,2,2,117,117
Precinct,8243101106,657,468,34,18,1177,1177
Precinct,8243101107,703,500,24,11,1238,1238
Precinct,8243101108,603,411,38,29,1081,1081
Precinct,8243101109,500,380,20,17,917,917
Precinct,8243101110,350,263,27,8,648,648
Precinct,8243101111,465,379,24,11,879,879
Precinct,8243101112,427,264,22,20,733,733
Precinct,8243101113,503,346,36,17,902,902
Precinct,8243101114,447,276,21,15,759,759
Precinct,8243101115,467,314,40,17,838,838
Precinct,8243101116,212,195,11,12,430,430
Precinct,8243101131,313,221,14,8,556,556
Precinct,8243101132,423,309,28,6,766,766
Precinct,8243101133,594,532,25,20,1171,1171
Precinct,8243101134,573,452,33,18,1076,1076
Precinct,8243101135,576,551,26,20,1173,1173
Precinct,8243101136,433,406,15,12,866,866
Precinct,8243101137,649,574,32,15,1270,1270
Precinct,8243101138,376,411,21,10,818,818
Precinct,8243101139,234,207,12,2,455,455
Precinct,8243101142,427,580,26,11,1044,1044
Precinct,8243101143,413,363,31,13,820,820
Precinct,8243101144,543,554,33,15,1145,1145
Precinct,8243101145,615,532,37,20,1204,1204
Precinct,8243101146,211,177,20,10,418,418
Precinct,8243101147,719,601,39,16,1375,1375
Precinct,8243101148,374,361,19,10,764,764
Precinct,8243101250,276,156,15,4,451,451
Precinct,8243101263,305,177,13,6,501,501
Precinct,8243101274,0,0,0,0,0,0
Precinct,8243201130,76,55,1,0,132,132
Precinct,8243301071,344,390,17,4,755,755
Precinct,8243301072,481,554,18,10,1063,1063
Precinct,8243301073,408,504,21,10,943,943
Precinct,8243301074,400,509,15,10,934,934
Precinct,8243301075,329,325,15,8,677,677
Precinct,8243301158,560,628,30,15,1233,1233
Precinct,8243301160,634,760,23,15,1432,1432
Precinct,8243301161,456,609,6,7,1078,1078
Precinct,8243301165,656,802,8,14,1480,1480
Precinct,8243301259,69,128,2,0,199,199
Precinct,8243401076,527,511,21,9,1068,1068
Precinct,8243401077,229,293,13,5,540,540
Precinct,8243401078,325,326,15,12,678,678
Precinct,8243401079,349,325,11,6,691,691
Precinct,8243401080,357,443,13,10,823,823
Precinct,8243401081,409,405,11,8,833,833
Precinct,8243401082,465,389,17,10,881,881
Precinct,8243401083,478,411,26,11,926,926
Precinct,8243401084,280,312,10,2,604,604
Precinct,8243401085,494,399,19,12,924,924
Precinct,8243401086,405,454,30,6,895,895
Precinct,8243401087,476,383,20,10,889,889
Precinct,8243401088,600,488,16,12,1116,1116
Precinct,8243401089,489,417,34,13,953,953
Precinct,8243401093,512,514,32,15,1073,1073
Precinct,8243401094,500,510,19,15,1044,1044
Precinct,8243401149,458,478,13,11,960,960
Precinct,8243401150,653,536,23,12,1224,1224
Precinct,8243401151,546,547,27,8,1128,1128
Precinct,8243401152,496,541,26,12,1075,1075
Precinct,8243401153,292,408,11,8,719,719
Precinct,8243401155,493,604,28,14,1139,1139
Precinct,8243401156,377,421,13,15,826,826
Precinct,8243401157,367,384,16,12,779,779
Precinct,8243401159,353,362,18,3,736,736
Precinct,8243401252,618,573,23,10,1224,1224
Precinct,8243401256,494,599,15,10,1118,1118
Precinct,8243401264,182,190,18,6,396,396
Precinct,8243401265,164,165,12,5,346,346
Precinct,8243501027,329,173,16,8,526,526
Precinct,8243501030,323,284,22,10,639,639
Precinct,8243501035,404,255,21,14,694,694
Precinct,8243501036,333,296,12,11,652,652
Precinct,8243501042,412,273,21,9,715,715
Precinct,8244801154,4,26,0,1,31,31
Precinct,8244801164,97,229,4,2,332,332
Precinct,8244801166,117,294,7,6,424,424
Precinct,8244801167,167,353,11,2,533,533
Precinct,8244801168,26,63,1,0,90,90
Precinct,8244801169,115,259,2,2,378,378
Precinct,8252901032,301,235,5,8,549,549
Precinct,8252901033,763,496,25,13,1297,1297
Precinct,8252901034,498,383,23,28,932,932
Precinct,8252901043,466,333,14,10,823,823
Precinct,8252901044,496,320,23,14,853,853
Precinct,8252901045,304,288,9,7,608,608
Precinct,8252901046,323,287,18,4,632,632
Precinct,8252901047,552,369,12,6,939,939
Precinct,8252901048,396,372,8,4,780,780
Precinct,8252901049,524,393,16,14,947,947
Precinct,8252901050,427,335,22,8,792,792
Precinct,8252901054,420,304,17,9,750,750
Precinct,8252901055,368,303,12,3,686,686
Precinct,8252901056,635,431,21,12,1099,1099
Precinct,8252901057,457,335,22,9,823,823
Precinct,8252901058,640,346,15,9,1010,1010
Precinct,8252901059,556,372,13,8,949,949
Precinct,8252901060,446,430,15,6,897,897
Precinct,8252901061,593,390,16,10,1009,1009
Precinct,8252901062,473,426,20,6,925,925
Precinct,8252901063,537,438,13,9,997,997
Precinct,8252901064,647,397,46,17,1107,1107
Precinct,8252901065,569,360,17,4,950,950
Precinct,8252901066,287,201,18,10,516,516
Precinct,8252901067,264,230,9,9,512,512
Precinct,8252901068,667,392,30,11,1100,1100
Precinct,8252901069,582,572,26,9,1189,1189
Precinct,8252901070,299,446,10,9,764,764
Precinct,8253301277,18,17,0,1,36,36
Precinct,8253401039,428,297,21,8,754,754
Precinct,8253401040,402,380,22,16,820,820
Precinct,8253401051,561,511,33,15,1120,1120
Precinct,8253401052,281,259,19,8,567,567
Precinct,8253401053,478,403,23,6,910,910
Precinct,8253401090,413,300,31,21,765,765
Precinct,8253401091,458,340,21,16,835,835
Precinct,8253401092,512,534,32,25,1103,1103
Precinct,8253401095,480,431,20,23,954,954
Precinct,8253401096,391,366,21,10,788,788
Precinct,8253401098,420,386,29,6,841,841
Precinct,8253401099,303,253,13,12,581,581
Precinct,8253401100,527,424,23,18,992,992
Precinct,8253401101,568,433,29,12,1042,1042
Precinct,8253401102,443,376,21,15,855,855
Precinct,8253401104,492,341,23,13,869,869
Precinct,8253401273,396,233,11,9,649,649
Precinct,8253401278,371,210,18,9,608,608
Precinct,8253501015,519,387,33,20,959,959
Precinct,8253501016,627,419,30,18,1094,1094
Precinct,8253501031,513,346,22,12,893,893
Precinct,8253501272,395,284,16,16,711,711
County,Alamosa,2937,3744,207,67,6955,6955
Precinct,3066202001,328,211,21,8,568,568
Precinct,3066202002,275,222,23,7,527,527
Precinct,3066202003,548,657,40,9,1254,1254
Precinct,3066202004,541,845,29,5,1420,1420
Precinct,3066202005,155,440,14,7,616,616
Precinct,3066202006,341,269,24,8,642,642
Precinct,3066202007,563,648,48,15,1274,1274
Precinct,3066202008,186,452,8,8,654,654
County,Arapahoe,166223,125935,6324,3229,301711,301711
Precinct,1320903137,463,231,14,6,714,714
Precinct,1320903138,241,97,5,1,344,344
Precinct,1320903139,412,170,7,1,590,590
Precinct,1320903460,689,212,18,8,927,927
Precinct,1320903474,485,153,26,7,671,671
Precinct,4215603363,296,1203,15,15,1529,1529
Precinct,4215603364,242,945,18,12,1217,1217
Precinct,4215603365,133,603,25,13,774,774
Precinct,4274003340,932,750,34,11,1727,1727
Precinct,4274003369,872,642,26,17,1557,1557
Precinct,4274003370,692,501,38,9,1240,1240
Precinct,4274003387,501,369,17,13,900,900
Precinct,4275603357,113,420,7,2,542,542
Precinct,4275603366,74,286,2,0,362,362
Precinct,4276103334,490,529,31,4,1054,1054
Precinct,4276103335,642,567,19,16,1244,1244
Precinct,4276103336,592,533,18,15,1158,1158
Precinct,4276103337,532,493,18,16,1059,1059
Precinct,4276103350,0,0,0,0,0,0
Precinct,4276103368,264,166,22,2,454,454
Precinct,4276103382,226,185,14,0,425,425
Precinct,4283603358,0,0,0,0,0,0
Precinct,4283603361,490,435,26,8,959,959
Precinct,4284003318,383,277,21,16,697,697
Precinct,4284003341,747,556,25,10,1338,1338
Precinct,4284003343,510,493,32,16,1051,1051
Precinct,4285603362,89,260,7,5,361,361
Precinct,6163703148,445,371,12,11,839,839
Precinct,6163703157,247,306,9,1,563,563
Precinct,6163703181,359,409,15,2,785,785
Precinct,6163703199,72,114,0,1,187,187
Precinct,6163703208,487,408,20,8,923,923
Precinct,6163703209,442,390,5,4,841,841
Precinct,6163703210,716,579,16,13,1324,1324
Precinct,6163703211,348,348,11,12,719,719
Precinct,6163703212,535,425,15,12,987,987
Precinct,6163703214,319,370,8,9,706,706
Precinct,6163703217,407,299,11,7,724,724
Precinct,6163703218,386,278,12,4,680,680
Precinct,6163703219,405,528,8,3,944,944
Precinct,6163703220,445,272,9,9,735,735
Precinct,6163703221,330,323,4,5,662,662
Precinct,6163703222,373,366,5,2,746,746
Precinct,6163703223,480,371,17,6,874,874
Precinct,6163703224,412,301,8,6,727,727
Precinct,6163703225,437,325,8,6,776,776
Precinct,6163703226,353,220,6,2,581,581
Precinct,6163703227,326,251,5,0,582,582
Precinct,6163703228,383,335,7,1,726,726
Precinct,6163803126,315,206,19,13,553,553
Precinct,6163803127,292,235,9,2,538,538
Precinct,6163803140,326,276,5,5,612,612
Precinct,6163803141,145,231,2,2,380,380
Precinct,6163803142,393,328,7,11,739,739
Precinct,6163803143,619,473,28,12,1132,1132
Precinct,6163803144,301,350,11,4,666,666
Precinct,6163803145,519,416,9,8,952,952
Precinct,6163803146,325,361,8,1,695,695
Precinct,6163803147,573,671,8,6,1258,1258
Precinct,6163803149,380,815,4,3,1202,1202
Precinct,6163803150,456,476,14,16,962,962
Precinct,6163803151,429,250,17,14,710,710
Precinct,6163803152,400,283,5,3,691,691
Precinct,6163803153,671,392,14,10,1087,1087
Precinct,6163803154,539,342,21,11,913,913
Precinct,6163803155,444,535,14,15,1008,1008
Precinct,6163803156,516,437,15,9,977,977
Precinct,6163803158,384,322,17,5,728,728
Precinct,6163803159,338,288,7,11,644,644
Precinct,6163803160,359,291,13,10,673,673
Precinct,6163803161,348,230,8,5,591,591
Precinct,6163803162,380,168,13,10,571,571
Precinct,6163803163,383,260,5,8,656,656
Precinct,6163803164,343,292,11,10,656,656
Precinct,6163803165,455,391,10,14,870,870
Precinct,6163803166,228,135,11,2,376,376
Precinct,6163803167,343,329,9,8,689,689
Precinct,6163803168,462,322,15,10,809,809
Precinct,6163803169,461,408,21,8,898,898
Precinct,6163803170,493,451,23,5,972,972
Precinct,6163803171,675,559,15,7,1256,1256
Precinct,6163803172,340,305,9,1,655,655
Precinct,6163803173,672,443,24,6,1145,1145
Precinct,6163803174,299,239,8,5,551,551
Precinct,6163803175,437,317,9,5,768,768
Precinct,6163803176,595,467,21,12,1095,1095
Precinct,6163803177,375,386,18,4,783,783
Precinct,6163803178,361,289,10,9,669,669
Precinct,6163803179,268,257,6,11,542,542
Precinct,6163803180,631,542,21,17,1211,1211
Precinct,6163803182,433,319,12,10,774,774
Precinct,6163803183,567,469,10,15,1061,1061
Precinct,6163803184,272,313,7,5,597,597
Precinct,6163803185,391,309,11,2,713,713
Precinct,6163803186,414,370,12,6,802,802
Precinct,6163803187,389,353,16,9,767,767
Precinct,6163803188,269,256,7,3,535,535
Precinct,6163803189,470,434,11,4,919,919
Precinct,6163803190,535,427,24,11,997,997
Precinct,6163803191,391,362,7,5,765,765
Precinct,6163803192,416,468,7,3,894,894
Precinct,6163803193,367,319,10,5,701,701
Precinct,6163803194,487,447,9,11,954,954
Precinct,6163803195,455,369,16,6,846,846
Precinct,6163803196,311,208,11,2,532,532
Precinct,6163803197,372,211,10,6,599,599
Precinct,6260303101,500,402,27,27,956,956
Precinct,6260303102,446,334,21,13,814,814
Precinct,6260303103,277,199,19,3,498,498
Precinct,6260303104,310,142,13,7,472,472
Precinct,6260303105,921,369,24,14,1328,1328
Precinct,6260303106,309,117,10,7,443,443
Precinct,6260303107,518,211,13,6,748,748
Precinct,6260303108,393,198,12,5,608,608
Precinct,6260303109,376,167,14,3,560,560
Precinct,6260303110,257,157,0,1,415,415
Precinct,6260303111,654,272,26,13,965,965
Precinct,6260303112,488,232,17,7,744,744
Precinct,6260303113,385,230,3,5,623,623
Precinct,6260303114,475,176,28,9,688,688
Precinct,6260303115,558,268,27,9,862,862
Precinct,6260303116,568,315,29,8,920,920
Precinct,6260303117,627,288,16,18,949,949
Precinct,6260303118,466,207,19,6,698,698
Precinct,6260303119,379,244,17,8,648,648
Precinct,6260303120,407,196,6,11,620,620
Precinct,6260303121,264,175,10,4,453,453
Precinct,6260303122,489,424,26,20,959,959
Precinct,6260303123,489,311,21,9,830,830
Precinct,6260303124,478,310,18,10,816,816
Precinct,6260303125,266,128,9,6,409,409
Precinct,6260303128,183,137,6,6,332,332
Precinct,6260303129,278,217,14,11,520,520
Precinct,6260303130,468,322,15,12,817,817
Precinct,6260303131,316,509,3,0,828,828
Precinct,6260303132,292,563,3,2,860,860
Precinct,6260303133,267,520,5,1,793,793
Precinct,6260303134,236,211,7,2,456,456
Precinct,6260303135,137,177,3,1,318,318
Precinct,6260303136,375,344,11,5,735,735
Precinct,6260903401,516,190,16,12,734,734
Precinct,6260903403,382,89,10,9,490,490
Precinct,6260903404,255,106,16,9,386,386
Precinct,6260903405,293,126,13,3,435,435
Precinct,6260903406,196,82,14,7,299,299
Precinct,6260903407,615,341,18,12,986,986
Precinct,6260903408,427,149,17,8,601,601
Precinct,6260903409,687,243,30,11,971,971
Precinct,6260903410,665,264,24,8,961,961
Precinct,6260903412,626,203,27,11,867,867
Precinct,6263703198,26,17,1,0,44,44
Precinct,6263703201,117,177,2,1,297,297
Precinct,6263703202,110,196,3,0,309,309
Precinct,6263703203,229,370,4,4,607,607
Precinct,6263703204,477,852,3,4,1336,1336
Precinct,6263703229,461,529,5,4,999,999
Precinct,6263703231,485,338,17,12,852,852
Precinct,6263703232,632,563,18,8,1221,1221
Precinct,6263703234,582,485,34,15,1116,1116
Precinct,6263703245,229,180,2,0,411,411
Precinct,6263703246,538,326,17,5,886,886
Precinct,6263703247,736,414,27,9,1186,1186
Precinct,6263703248,266,191,9,3,469,469
Precinct,6263703249,370,308,2,1,681,681
Precinct,6263703250,497,337,10,6,850,850
Precinct,6263703251,705,504,18,5,1232,1232
Precinct,6263703252,643,501,11,3,1158,1158
Precinct,6263703253,615,644,23,7,1289,1289
Precinct,6263703254,171,153,4,4,332,332
Precinct,6270303258,374,143,21,7,545,545
Precinct,6273703206,11,28,0,0,39,39
Precinct,6273703207,159,311,6,2,478,478
Precinct,6273703213,443,737,11,5,1196,1196
Precinct,6273703216,90,129,4,1,224,224
Precinct,6273703233,449,243,7,5,704,704
Precinct,6273703235,309,231,8,9,557,557
Precinct,6273703236,283,225,6,8,522,522
Precinct,6273703237,500,426,11,12,949,949
Precinct,6273703238,358,306,10,5,679,679
Precinct,6273703239,445,285,8,4,742,742
Precinct,6273703240,650,525,10,9,1194,1194
Precinct,6273703241,494,343,9,5,851,851
Precinct,6273703242,360,253,7,2,622,622
Precinct,6273703243,504,372,31,10,917,917
Precinct,6273703244,595,510,17,10,1132,1132
Precinct,6273703256,160,105,6,3,274,274
Precinct,6273703259,836,478,38,12,1364,1364
Precinct,6273703260,633,518,28,11,1190,1190
Precinct,6273703284,301,294,10,8,613,613
Precinct,6273703286,777,562,22,9,1370,1370
Precinct,6273703287,66,104,3,4,177,177
Precinct,6274003255,75,79,4,4,162,162
Precinct,6274003269,522,322,23,13,880,880
Precinct,6274003270,434,384,28,12,858,858
Precinct,6274003271,435,321,22,10,788,788
Precinct,6274003272,236,200,7,2,445,445
Precinct,6274003273,434,339,40,13,826,826
Precinct,6274003274,419,272,8,3,702,702
Precinct,6274003275,430,401,17,17,865,865
Precinct,6274003290,343,241,16,7,607,607
Precinct,6274003291,423,294,17,13,747,747
Precinct,6274003302,323,296,9,6,634,634
Precinct,6274003303,406,318,16,14,754,754
Precinct,6274003304,346,277,13,6,642,642
Precinct,6274003305,315,249,11,14,589,589
Precinct,6274003306,362,272,16,9,659,659
Precinct,6274003307,361,267,9,8,645,645
Precinct,6274003424,6,4,0,0,10,10
Precinct,6275603355,1049,830,35,17,1931,1931
Precinct,6275603372,360,296,15,12,683,683
Precinct,6275603373,477,516,15,5,1013,1013
Precinct,6275603384,570,510,14,8,1102,1102
Precinct,6276103205,437,452,13,9,911,911
Precinct,6276103215,444,718,1,14,1177,1177
Precinct,6276103257,459,448,18,9,934,934
Precinct,6276103261,595,572,19,8,1194,1194
Precinct,6276103262,555,461,21,15,1052,1052
Precinct,6276103263,467,372,10,4,853,853
Precinct,6276103264,513,404,16,3,936,936
Precinct,6276103265,249,283,12,5,549,549
Precinct,6276103266,660,700,25,7,1392,1392
Precinct,6276103267,590,698,23,5,1316,1316
Precinct,6276103268,547,605,9,6,1167,1167
Precinct,6276103276,119,111,4,4,238,238
Precinct,6276103277,350,334,13,4,701,701
Precinct,6276103278,187,201,6,3,397,397
Precinct,6276103279,372,344,11,9,736,736
Precinct,6276103280,435,428,22,7,892,892
Precinct,6276103281,497,406,14,7,924,924
Precinct,6276103282,589,533,17,11,1150,1150
Precinct,6276103283,390,332,18,5,745,745
Precinct,6276103285,334,295,8,1,638,638
Precinct,6276103288,0,0,0,0,0,0
Precinct,6276103308,479,408,18,6,911,911
Precinct,6276103309,243,242,3,12,500,500
Precinct,6276103320,658,579,20,20,1277,1277
Precinct,6276103321,511,465,20,13,1009,1009
Precinct,6276103327,448,458,11,4,921,921
Precinct,6276103329,516,431,17,19,983,983
Precinct,6276103330,692,669,30,14,1405,1405
Precinct,6276103332,377,388,11,6,782,782
Precinct,6276103333,235,271,8,7,521,521
Precinct,6276103338,398,301,12,12,723,723
Precinct,6276103339,491,422,26,14,953,953
Precinct,6276103351,704,712,32,17,1465,1465
Precinct,6276103352,826,652,27,13,1518,1518
Precinct,6276103353,439,446,11,5,901,901
Precinct,6276103354,654,680,21,7,1362,1362
Precinct,6276103375,545,499,19,9,1072,1072
Precinct,6276103377,425,499,9,2,935,935
Precinct,6276103378,689,728,22,19,1458,1458
Precinct,6276103379,343,443,7,6,799,799
Precinct,6276103380,396,403,6,6,811,811
Precinct,6276103383,512,466,26,9,1013,1013
Precinct,6276103385,270,304,12,4,590,590
Precinct,6276103388,418,658,13,8,1097,1097
Precinct,6283603311,502,379,15,8,904,904
Precinct,6283603322,239,79,12,5,335,335
Precinct,6283603342,693,630,32,11,1366,1366
Precinct,6283603344,778,584,25,16,1403,1403
Precinct,6283603359,0,0,0,0,0,0
Precinct,6283603360,518,387,20,8,933,933
Precinct,6283603371,392,298,13,13,716,716
Precinct,6283603501,288,204,10,5,507,507
Precinct,6283603502,896,824,45,22,1787,1787
Precinct,6283603547,353,308,25,8,694,694
Precinct,6283603549,154,112,10,5,281,281
Precinct,6283603550,22,28,3,2,55,55
Precinct,6283603551,284,160,20,7,471,471
Precinct,6283603556,549,435,28,15,1027,1027
Precinct,6283603557,683,469,26,12,1190,1190
Precinct,6283603561,655,540,33,20,1248,1248
Precinct,6283603562,701,580,24,16,1321,1321
Precinct,6283603563,694,589,24,17,1324,1324
Precinct,6284003310,448,243,17,6,714,714
Precinct,6284003312,745,421,42,20,1228,1228
Precinct,6284003313,406,361,24,14,805,805
Precinct,6284003314,349,244,20,6,619,619
Precinct,6284003315,585,498,29,20,1132,1132
Precinct,6284003386,389,240,21,10,660,660
Precinct,6284003389,45,28,5,0,78,78
Precinct,6284203503,759,252,34,18,1063,1063
Precinct,6284203504,380,153,21,9,563,563
Precinct,6284203505,352,123,18,13,506,506
Precinct,6284203506,537,234,33,4,808,808
Precinct,6284203507,402,188,16,8,614,614
Precinct,6284203508,273,125,20,6,424,424
Precinct,6284203509,285,141,13,5,444,444
Precinct,6284203510,332,180,15,8,535,535
Precinct,6284203511,368,120,19,6,513,513
Precinct,6284203512,378,168,20,7,573,573
Precinct,6284203513,417,144,22,11,594,594
Precinct,6284203523,552,280,34,17,883,883
Precinct,6284203524,290,155,21,10,476,476
Precinct,6284203525,360,160,18,9,547,547
Precinct,6284203526,339,164,17,13,533,533
Precinct,6284203527,462,196,15,9,682,682
Precinct,6284203528,207,95,10,4,316,316
Precinct,6284203529,335,108,19,7,469,469
Precinct,6284203530,358,143,25,16,542,542
Precinct,6284203531,344,189,26,5,564,564
Precinct,6284203532,416,117,23,4,560,560
Precinct,6284203533,632,230,38,10,910,910
Precinct,6284203544,550,213,35,15,813,813
Precinct,6284203545,119,51,7,1,178,178
Precinct,6284203546,374,237,17,14,642,642
Precinct,6284203548,131,58,8,8,205,205
Precinct,6293603552,419,153,21,8,601,601
Precinct,6293603553,543,273,24,13,853,853
Precinct,6294003301,406,356,19,9,790,790
Precinct,6294003316,298,258,25,9,590,590
Precinct,6294003317,417,287,18,12,734,734
Precinct,6294003319,677,507,27,12,1223,1223
Precinct,6294003446,293,315,12,7,627,627
Precinct,6294003447,739,326,36,15,1116,1116
Precinct,6294003448,696,426,27,12,1161,1161
Precinct,6294003449,402,280,22,10,714,714
Precinct,6294003450,389,351,18,10,768,768
Precinct,6294003452,761,498,33,12,1304,1304
Precinct,6294003453,400,231,15,6,652,652
Precinct,6294003454,378,239,25,7,649,649
Precinct,6294003455,523,372,17,4,916,916
Precinct,6294003456,288,267,13,7,575,575
Precinct,6294003457,230,112,21,6,369,369
Precinct,6294003458,491,316,14,27,848,848
Precinct,6294003459,487,365,21,10,883,883
Precinct,6294003461,577,322,32,10,941,941
Precinct,6294003462,510,354,21,15,900,900
Precinct,6294003463,541,417,14,17,989,989
Precinct,6294003464,370,244,9,6,629,629
Precinct,6294103411,585,242,19,12,858,858
Precinct,6294103413,454,166,24,6,650,650
Precinct,6294103414,409,214,20,5,648,648
Precinct,6294103416,606,362,46,21,1035,1035
Precinct,6294103417,421,260,22,10,713,713
Precinct,6294103418,384,238,12,9,643,643
Precinct,6294103419,513,293,9,13,828,828
Precinct,6294103420,704,342,32,18,1096,1096
Precinct,6294103421,238,150,10,4,402,402
Precinct,6294103422,321,160,9,5,495,495
Precinct,6294103423,714,307,22,11,1054,1054
Precinct,6294103425,727,314,31,9,1081,1081
Precinct,6294103426,328,192,11,5,536,536
Precinct,6294103427,688,389,26,7,1110,1110
Precinct,6294103428,496,240,24,7,767,767
Precinct,6294103429,339,166,14,6,525,525
Precinct,6294103430,446,233,23,9,711,711
Precinct,6294103431,265,142,10,2,419,419
Precinct,6294103432,503,224,28,9,764,764
Precinct,6294103433,383,197,14,7,601,601
Precinct,6294103434,506,235,26,9,776,776
Precinct,6294103435,515,288,35,14,852,852
Precinct,6294103436,632,216,27,11,886,886
Precinct,6294103437,573,341,35,17,966,966
Precinct,6294103438,562,350,24,15,951,951
Precinct,6294103439,384,296,21,9,710,710
Precinct,6294103440,415,277,4,9,705,705
Precinct,6294103441,400,263,8,10,681,681
Precinct,6294103442,353,250,6,8,617,617
Precinct,6294103443,265,183,1,4,453,453
Precinct,6294103444,286,216,12,9,523,523
Precinct,6294103445,283,221,11,6,521,521
Precinct,6294103451,271,170,16,9,466,466
Precinct,6294103465,230,230,18,7,485,485
Precinct,6294103466,334,288,25,9,656,656
Precinct,6294103467,363,281,25,11,680,680
Precinct,6294103468,316,277,23,10,626,626
Precinct,6294103469,280,150,15,5,450,450
Precinct,6294103470,472,254,23,13,762,762
Precinct,6294103471,419,286,26,8,739,739
Precinct,6294103472,366,267,14,10,657,657
Precinct,6294103473,387,313,15,6,721,721
Precinct,6294103537,502,201,25,9,737,737
Precinct,6294103538,462,295,26,7,790,790
Precinct,6294103539,421,242,15,8,686,686
Precinct,6294103554,457,285,21,11,774,774
Precinct,6294103555,431,209,10,6,656,656
Precinct,6294103558,397,268,13,3,681,681
Precinct,6294103559,307,254,19,5,585,585
Precinct,6294103560,214,116,14,3,347,347
Precinct,6294103564,291,160,16,7,474,474
Precinct,6294203514,283,121,16,10,430,430
Precinct,6294203515,392,214,34,4,644,644
Precinct,6294203516,297,186,19,6,508,508
Precinct,6294203517,306,167,13,9,495,495
Precinct,6294203518,312,111,10,4,437,437
Precinct,6294203519,275,138,12,6,431,431
Precinct,6294203520,382,224,13,13,632,632
Precinct,6294203521,304,162,17,6,489,489
Precinct,6294203522,364,248,16,11,639,639
Precinct,6294203534,377,134,8,7,526,526
Precinct,6294203535,408,187,18,3,616,616
Precinct,6294203536,302,98,21,10,431,431
Precinct,6294203540,271,185,14,5,475,475
Precinct,6294203541,294,144,18,5,461,461
Precinct,6294203542,162,48,6,4,220,220
Precinct,6294203543,420,212,16,6,654,654
Precinct,6320903415,88,55,1,0,144,144
County,Archuleta,3311,5009,167,75,8562,8562
Precinct,3065904001,404,537,17,6,964,964
Precinct,3065904002,342,507,23,7,879,879
Precinct,3065904003,235,439,10,8,692,692
Precinct,3065904004,113,249,2,7,371,371
Precinct,3065904005,320,636,25,16,997,997
Precinct,3065904006,721,861,27,3,1612,1612
Precinct,3065904007,623,809,35,10,1477,1477
Precinct,3065904008,553,971,28,18,1570,1570
County,Baca,251,1563,26,17,1857,1857
Precinct,4354705001,26,180,2,2,210,210
Precinct,4354705002,39,202,3,2,246,246
Precinct,4354705003,13,137,1,3,154,154
Precinct,4354705004,35,235,5,3,278,278
Precinct,4354705005,10,98,3,1,112,112
Precinct,4354705006,11,108,1,0,120,120
Precinct,4354705007,50,261,7,4,322,322
Precinct,4354705008,61,278,4,2,345,345
Precinct,4354705009,6,64,0,0,70,70
County,Bent,561,1375,50,31,2017,2017
Precinct,4354706001,52,266,10,9,337,337
Precinct,4354706002,65,408,8,3,484,484
Precinct,4354706003,192,247,15,7,461,461
Precinct,4354706004,147,160,10,4,321,321
Precinct,4354706005,105,294,7,8,414,414
County,Boulder,128822,44470,4073,1333,178698,178698
Precinct,2151107703,92,59,7,0,158,158
Precinct,2151207700,690,343,22,4,1059,1059
Precinct,2151907002,0,0,0,0,0,0
Precinct,2154907701,630,372,12,6,1020,1020
Precinct,2154907702,283,239,10,3,535,535
Precinct,2154907704,215,269,7,2,493,493
Precinct,2154907705,193,306,7,4,510,510
Precinct,2154907900,331,51,10,4,396,396
Precinct,2154907901,481,259,21,9,770,770
Precinct,2154907902,187,49,8,2,246,246
Precinct,2154907903,433,111,12,4,560,560
Precinct,2154907904,734,163,26,10,933,933
Precinct,2154907905,325,56,12,5,398,398
Precinct,2154907906,300,121,15,5,441,441
Precinct,2154907907,563,127,17,3,710,710
Precinct,2154907908,214,89,6,2,311,311
Precinct,2154907909,403,56,13,6,478,478
Precinct,2154907910,389,115,8,4,516,516
Precinct,2154907911,587,158,17,1,763,763
Precinct,2154907912,1062,348,34,8,1452,1452
Precinct,2154907913,378,102,14,6,500,500
Precinct,2154907914,227,139,7,5,378,378
Precinct,2154907915,804,272,29,9,1114,1114
Precinct,2154907916,709,251,24,5,989,989
Precinct,2171107600,1047,386,32,14,1479,1479
Precinct,2171107601,601,198,24,6,829,829
Precinct,2171107602,427,216,16,6,665,665
Precinct,2171107603,849,370,14,3,1236,1236
Precinct,2171107604,588,273,14,6,881,881
Precinct,2171107605,620,289,26,11,946,946
Precinct,2171107606,894,423,17,5,1339,1339
Precinct,2171107607,1045,388,20,14,1467,1467
Precinct,2171107608,809,409,17,4,1239,1239
Precinct,2171107609,975,326,28,15,1344,1344
Precinct,2171107610,1044,438,29,12,1523,1523
Precinct,2171107611,634,221,29,10,894,894
Precinct,2171107612,589,289,32,9,919,919
Precinct,2171107613,570,240,17,8,835,835
Precinct,2171107614,375,147,16,7,545,545
Precinct,2171107615,1145,320,48,14,1527,1527
Precinct,2171107616,861,269,28,13,1171,1171
Precinct,2171107617,647,298,37,15,997,997
Precinct,2171107618,686,352,28,10,1076,1076
Precinct,2171107622,451,255,32,12,750,750
Precinct,2171107623,807,387,53,19,1266,1266
Precinct,2171107624,885,333,38,15,1271,1271
Precinct,2171107625,574,309,23,9,915,915
Precinct,2171107626,738,322,13,14,1087,1087
Precinct,2171107627,450,338,11,6,805,805
Precinct,2171107628,476,289,31,4,800,800
Precinct,2171107629,556,342,18,12,928,928
Precinct,2171107630,336,184,22,5,547,547
Precinct,2171107631,345,282,10,8,645,645
Precinct,2171107632,440,226,31,16,713,713
Precinct,2171107633,409,216,26,5,656,656
Precinct,2171107634,598,345,19,11,973,973
Precinct,2171107638,425,314,17,9,765,765
Precinct,2171107639,414,236,12,2,664,664
Precinct,2171107640,419,209,21,11,660,660
Precinct,2171107641,363,214,17,9,603,603
Precinct,2171107642,651,318,21,13,1003,1003
Precinct,2171107643,406,246,12,13,677,677
Precinct,2171107644,428,236,16,8,688,688
Precinct,2171107645,656,345,19,10,1030,1030
Precinct,2171107646,330,262,9,4,605,605
Precinct,2171107647,470,236,15,7,728,728
Precinct,2171107648,478,259,20,5,762,762
Precinct,2171107649,733,467,43,20,1263,1263
Precinct,2171107650,512,388,18,13,931,931
Precinct,2171107651,999,624,39,8,1670,1670
Precinct,2171207300,969,450,47,10,1476,1476
Precinct,2171207301,1026,304,50,13,1393,1393
Precinct,2171207302,1130,358,32,10,1530,1530
Precinct,2171207303,570,134,26,6,736,736
Precinct,2171207304,669,167,16,14,866,866
Precinct,2171207305,667,188,29,6,890,890
Precinct,2171207306,746,204,33,11,994,994
Precinct,2171207307,685,237,40,18,980,980
Precinct,2171207308,656,169,23,6,854,854
Precinct,2171207309,712,222,25,2,961,961
Precinct,2171207310,928,267,23,3,1221,1221
Precinct,2171207311,504,131,24,5,664,664
Precinct,2171207312,655,261,16,5,937,937
Precinct,2171207313,846,243,35,5,1129,1129
Precinct,2171207314,969,260,16,10,1255,1255
Precinct,2171207315,484,190,19,2,695,695
Precinct,2171207316,708,359,22,6,1095,1095
Precinct,2171907400,1302,634,42,8,1986,1986
Precinct,2171907401,866,406,23,15,1310,1310
Precinct,2171907402,816,397,30,9,1252,1252
Precinct,2171907403,801,366,17,11,1195,1195
Precinct,2171907404,887,533,29,11,1460,1460
Precinct,2171907405,580,392,22,3,997,997
Precinct,2171907406,770,552,22,5,1349,1349
Precinct,2171907407,190,149,1,10,350,350
Precinct,2171907408,269,221,8,3,501,501
Precinct,2171907619,817,569,20,5,1411,1411
Precinct,2171907620,889,492,26,18,1425,1425
Precinct,2171907621,385,307,20,5,717,717
Precinct,2171907635,581,350,15,13,959,959
Precinct,2171907636,684,424,22,1,1131,1131
Precinct,2171907637,633,493,18,4,1148,1148
Precinct,2181007800,612,194,17,5,828,828
Precinct,2181007801,299,61,6,1,367,367
Precinct,2181007802,686,191,35,1,913,913
Precinct,2181007803,1181,171,43,13,1408,1408
Precinct,2181007806,844,140,25,6,1015,1015
Precinct,2181007807,684,141,22,1,848,848
Precinct,2181007808,903,213,16,3,1135,1135
Precinct,2181007809,842,149,28,9,1028,1028
Precinct,2181007810,481,70,20,6,577,577
Precinct,2181007811,718,105,19,5,847,847
Precinct,2181007812,519,116,12,3,650,650
Precinct,2181007813,708,108,16,1,833,833
Precinct,2181007816,901,127,19,9,1056,1056
Precinct,2181007817,1168,154,28,9,1359,1359
Precinct,2181007818,982,180,27,11,1200,1200
Precinct,2181007819,983,187,48,9,1227,1227
Precinct,2181007820,1001,240,28,10,1279,1279
Precinct,2181007821,652,111,28,6,797,797
Precinct,2181007822,936,162,22,5,1125,1125
Precinct,2181007823,678,101,29,7,815,815
Precinct,2181007824,567,98,17,2,684,684
Precinct,2181007825,1145,158,24,9,1336,1336
Precinct,2181007826,559,84,12,2,657,657
Precinct,2181007829,835,204,16,8,1063,1063
Precinct,2181007830,982,194,21,6,1203,1203
Precinct,2181007831,535,230,16,8,789,789
Precinct,2181007832,921,204,22,4,1151,1151
Precinct,2181007833,816,158,23,5,1002,1002
Precinct,2181007834,701,109,22,8,840,840
Precinct,2181007835,394,77,11,5,487,487
Precinct,2181007836,373,90,11,1,475,475
Precinct,2181007837,469,105,4,0,578,578
Precinct,2181007838,723,182,22,12,939,939
Precinct,2181007839,868,145,17,6,1036,1036
Precinct,2181007840,1216,180,21,4,1421,1421
Precinct,2181007841,624,106,22,5,757,757
Precinct,2181007842,710,175,29,10,924,924
Precinct,2181007843,834,102,26,8,970,970
Precinct,2181007846,560,61,10,0,631,631
Precinct,2181007847,493,81,22,10,606,606
Precinct,2181007848,443,83,13,5,544,544
Precinct,2181007849,675,108,26,3,812,812
Precinct,2181007850,835,133,30,7,1005,1005
Precinct,2181007851,385,52,13,5,455,455
Precinct,2181207100,737,417,26,8,1188,1188
Precinct,2181207101,756,274,22,7,1059,1059
Precinct,2181207102,613,217,19,11,860,860
Precinct,2181207103,587,314,19,7,927,927
Precinct,2181207104,556,320,12,5,893,893
Precinct,2181207105,932,336,22,9,1299,1299
Precinct,2181207106,868,271,19,5,1163,1163
Precinct,2181207200,719,210,16,6,951,951
Precinct,2181207201,635,207,17,7,866,866
Precinct,2181207202,502,128,4,5,639,639
Precinct,2181207203,552,169,11,3,735,735
Precinct,2181207204,969,273,29,10,1281,1281
Precinct,2181207205,671,157,14,6,848,848
Precinct,2181207206,720,154,20,5,899,899
Precinct,2181207207,986,277,30,3,1296,1296
Precinct,2181207208,608,197,27,6,838,838
Precinct,2181207209,811,238,27,7,1083,1083
Precinct,2181207210,894,216,13,0,1123,1123
Precinct,2181207211,470,179,26,7,682,682
Precinct,2181207212,747,191,28,4,970,970
Precinct,2181207500,651,325,26,7,1009,1009
Precinct,2181207501,550,171,16,2,739,739
Precinct,2181207502,779,349,18,8,1154,1154
Precinct,2181207503,273,122,12,3,410,410
Precinct,2181207504,1615,244,55,22,1936,1936
Precinct,2181207505,509,242,8,1,760,760
Precinct,2181207506,880,283,27,5,1195,1195
Precinct,2181207507,1145,420,34,14,1613,1613
Precinct,2181207508,907,361,20,7,1295,1295
Precinct,2181207509,979,299,31,5,1314,1314
Precinct,2181207510,551,408,23,3,985,985
Precinct,2184907003,0,0,0,0,0,0
Precinct,2184907804,844,177,21,4,1046,1046
Precinct,2184907805,788,117,10,6,921,921
Precinct,2184907814,547,114,22,7,690,690
Precinct,2184907815,1127,240,22,7,1396,1396
Precinct,2184907827,1092,177,25,10,1304,1304
Precinct,2184907828,460,83,13,1,557,557
Precinct,2184907844,651,137,17,0,805,805
Precinct,2184907845,1130,210,34,9,1383,1383
Precinct,2184907852,432,83,11,2,528,528
Precinct,2184907853,535,92,10,5,642,642
Precinct,2184907854,595,103,18,3,719,719
Precinct,2184907855,886,135,15,7,1043,1043
Precinct,2184907856,1081,190,28,6,1305,1305
Precinct,2184907857,662,85,11,5,763,763
County,Broomfield,25186,16752,968,349,43255,43255
Precinct,7253364101,475,147,12,9,643,643
Precinct,7253364102,252,125,10,4,391,391
Precinct,7253364103,457,254,14,10,735,735
Precinct,7253364104,427,235,19,9,690,690
Precinct,7253364105,505,358,35,6,904,904
Precinct,7253364106,548,371,29,4,952,952
Precinct,7253364107,610,378,26,9,1023,1023
Precinct,7253364108,604,397,22,11,1034,1034
Precinct,7253364109,460,317,13,9,799,799
Precinct,7253364110,563,296,18,8,885,885
Precinct,7253364201,469,296,4,7,776,776
Precinct,7253364202,355,176,12,5,548,548
Precinct,7253364203,735,321,25,7,1088,1088
Precinct,7253364204,313,115,8,0,436,436
Precinct,7253364205,116,40,6,0,162,162
Precinct,7253364206,582,196,21,10,809,809
Precinct,7253364207,464,257,18,9,748,748
Precinct,7253364208,234,91,10,3,338,338
Precinct,7253364209,482,241,20,11,754,754
Precinct,7253364210,419,213,18,8,658,658
Precinct,7253364211,483,310,22,8,823,823
Precinct,7253364301,373,253,19,5,650,650
Precinct,7253364302,489,258,16,7,770,770
Precinct,7253364303,288,195,25,3,511,511
Precinct,7253364304,585,362,23,5,975,975
Precinct,7253364305,439,218,16,7,680,680
Precinct,7253364306,518,395,26,8,947,947
Precinct,7253364307,557,408,28,10,1003,1003
Precinct,7253364308,535,483,13,1,1032,1032
Precinct,7253364309,291,267,18,1,577,577
Precinct,7253364310,654,420,21,6,1101,1101
Precinct,7253364311,519,409,18,2,948,948
Precinct,7253364401,338,350,9,5,702,702
Precinct,7253364402,506,383,32,17,938,938
Precinct,7253364403,444,297,15,11,767,767
Precinct,7253364404,532,336,18,4,890,890
Precinct,7253364405,273,240,10,7,530,530
Precinct,7253364406,453,434,20,3,910,910
Precinct,7253364407,65,61,1,0,127,127
Precinct,7253364408,634,356,6,2,998,998
Precinct,7253364409,604,335,8,5,952,952
Precinct,7253364410,468,366,22,5,861,861
Precinct,7253364411,559,508,15,8,1090,1090
Precinct,7253364412,342,287,13,0,642,642
Precinct,7253364413,375,287,11,3,676,676
Precinct,7253364501,550,415,18,13,996,996
Precinct,7253364502,193,136,14,6,349,349
Precinct,7253364503,469,342,22,11,844,844
Precinct,7253364504,426,330,27,5,788,788
Precinct,7253364505,556,395,15,8,974,974
Precinct,7253364506,404,243,16,9,672,672
Precinct,7253364507,303,271,15,1,590,590
Precinct,7253364508,380,218,13,0,611,611
Precinct,7253364509,293,188,13,4,498,498
Precinct,7253364510,320,493,10,4,827,827
Precinct,7253364511,461,354,16,11,842,842
Precinct,7253364512,436,317,24,5,782,782
Precinct,7253364513,1,8,0,0,9,9
County,Chaffee,6526,5928,266,132,12852,12852
Precinct,7041308001,550,662,18,10,1240,1240
Precinct,7041308002,614,896,37,15,1562,1562
Precinct,7041308003,447,430,23,16,916,916
Precinct,7041308004,382,609,15,5,1011,1011
Precinct,7041308005,754,818,35,19,1626,1626
Precinct,7041308007,835,413,29,13,1290,1290
Precinct,7041308008,821,324,26,14,1185,1185
Precinct,7041308009,726,401,27,16,1170,1170
Precinct,7041308010,417,494,21,11,943,943
Precinct,7041308011,463,409,20,5,897,897
Precinct,7046008006,517,472,15,8,1012,1012
County,Cheyenne,88,878,10,10,986,986
Precinct,4355609001,7,99,0,1,107,107
Precinct,4355609002,24,253,6,3,286,286
Precinct,4355609003,17,301,0,1,319,319
Precinct,4355609004,35,183,4,2,224,224
Precinct,4355609005,5,42,0,3,50,50
County,Clear Creek,2847,2421,114,71,5453,5453
Precinct,2084910001,467,290,25,14,796,796
Precinct,2084910002,136,108,9,3,256,256
Precinct,2084910003,139,160,9,4,312,312
Precinct,2084910004,320,284,14,17,635,635
Precinct,2084910005,301,264,12,8,585,585
Precinct,2084910006,206,160,8,3,377,377
Precinct,2084910007,511,477,11,10,1009,1009
Precinct,2084910008,343,254,8,4,609,609
Precinct,2084910009,424,424,18,8,874,874
County,Conejos,1537,2156,65,34,3792,3792
Precinct,3066211001,212,74,8,5,299,299
Precinct,3066211002,146,238,5,5,394,394
Precinct,3066211003,152,152,10,4,318,318
Precinct,3066211004,204,90,7,8,309,309
Precinct,3066211005,170,233,8,0,411,411
Precinct,3066211006,176,360,11,3,550,550
Precinct,3066211007,93,137,2,3,235,235
Precinct,3066211008,130,464,6,0,600,600
Precinct,3066211009,122,222,6,5,355,355
Precinct,3066211010,132,186,2,1,321,321
County,Costilla,1059,754,43,31,1887,1887
Precinct,3066212001,105,28,2,1,136,136
Precinct,3066212002,149,29,5,4,187,187
Precinct,3066212003,78,21,3,0,102,102
Precinct,3066212004,139,56,4,1,200,200
Precinct,3066212005,62,90,7,3,162,162
Precinct,3066212006,52,29,1,2,84,84
Precinct,3066212007,310,307,11,13,641,641
Precinct,3066212008,164,194,10,7,375,375
County,Crowley,379,1178,32,21,1610,1610
Precinct,4354713001,93,263,1,3,360,360
Precinct,4354713002,61,196,10,4,271,271
Precinct,4354713003,61,163,5,2,231,231
Precinct,4354713004,56,185,4,6,251,251
Precinct,4354713005,58,204,6,1,269,269
Precinct,4354713006,50,167,6,5,228,228
County,Custer,988,2497,41,35,3561,3561
Precinct,7046014001,352,827,10,12,1201,1201
Precinct,7046014002,330,827,16,9,1182,1182
Precinct,7046014003,306,843,15,14,1178,1178
County,Delta,4956,12607,400,223,18186,18186
Precinct,3055415001,155,953,15,13,1136,1136
Precinct,3055415002,126,477,16,7,626,626
Precinct,3055415003,176,418,16,12,622,622
Precinct,3055415004,261,657,18,15,951,951
Precinct,3055415005,165,370,13,13,561,561
Precinct,3055415006,207,735,22,10,974,974
Precinct,3055415007,177,744,19,6,946,946
Precinct,3055415008,160,915,16,14,1105,1105
Precinct,3055415009,212,841,21,20,1094,1094
Precinct,3055415010,176,742,20,7,945,945
Precinct,3055815015,330,867,31,14,1242,1242
Precinct,3055815016,299,625,27,8,959,959
Precinct,3055815017,227,585,29,10,851,851
Precinct,3055815018,461,473,28,11,973,973
Precinct,3055815019,413,213,21,7,654,654
Precinct,3055815020,447,440,33,11,931,931
Precinct,3075415011,287,626,13,17,943,943
Precinct,3075415012,176,517,10,5,708,708
Precinct,3075415013,205,678,18,6,907,907
Precinct,3075415014,296,731,14,17,1058,1058
County,Denver,245729,77489,7232,2645,333095,333095
Precinct,1260116126,593,618,11,2,1224,1224
Precinct,1260116127,646,471,30,10,1157,1157
Precinct,1260116128,526,373,26,10,935,935
Precinct,1260116129,474,353,27,14,868,868
Precinct,1260116130,691,563,29,11,1294,1294
Precinct,1260116131,579,542,23,14,1158,1158
Precinct,1260116132,490,286,12,9,797,797
Precinct,1260116133,581,428,6,12,1027,1027
Precinct,1260116134,409,379,9,5,802,802
Precinct,1260116135,507,500,12,7,1026,1026
Precinct,1260316301,548,187,25,9,769,769
Precinct,1260316302,818,403,30,7,1258,1258
Precinct,1260316303,851,417,46,12,1326,1326
Precinct,1260316304,381,160,26,2,569,569
Precinct,1260316305,718,456,19,10,1203,1203
Precinct,1260316306,774,390,15,5,1184,1184
Precinct,1260316307,673,318,17,10,1018,1018
Precinct,1260316308,639,290,31,12,972,972
Precinct,1260316309,827,402,15,9,1253,1253
Precinct,1260316310,654,279,30,9,972,972
Precinct,1260316311,818,347,30,8,1203,1203
Precinct,1260316312,563,275,13,4,855,855
Precinct,1260316313,839,372,29,8,1248,1248
Precinct,1260316314,696,337,13,3,1049,1049
Precinct,1260316315,494,372,9,10,885,885
Precinct,1260916925,789,377,20,8,1194,1194
Precinct,1260916926,825,357,10,8,1200,1200
Precinct,1260916927,657,263,31,8,959,959
Precinct,1260916928,734,314,24,13,1085,1085
Precinct,1310216201,953,138,22,9,1122,1122
Precinct,1310216202,945,139,21,3,1108,1108
Precinct,1310216203,823,186,15,7,1031,1031
Precinct,1310216204,809,269,9,3,1090,1090
Precinct,1310216205,611,427,12,4,1054,1054
Precinct,1310216206,613,475,8,5,1101,1101
Precinct,1310216207,736,438,12,2,1188,1188
Precinct,1310216208,739,394,21,8,1162,1162
Precinct,1310216209,832,386,14,2,1234,1234
Precinct,1310216210,931,428,15,1,1375,1375
Precinct,1310216211,866,451,19,2,1338,1338
Precinct,1310216212,1341,249,30,5,1625,1625
Precinct,1310216213,1122,245,18,8,1393,1393
Precinct,1310216214,837,142,18,7,1004,1004
Precinct,1310216215,739,130,20,8,897,897
Precinct,1310216216,778,287,14,2,1081,1081
Precinct,1310216217,870,359,11,6,1246,1246
Precinct,1310216218,586,485,3,3,1077,1077
Precinct,1310216219,770,429,14,4,1217,1217
Precinct,1310216220,965,207,14,4,1190,1190
Precinct,1310216221,940,301,12,5,1258,1258
Precinct,1310216222,805,251,16,11,1083,1083
Precinct,1310216223,944,292,13,5,1254,1254
Precinct,1310216224,861,372,10,4,1247,1247
Precinct,1310216225,811,386,18,4,1219,1219
Precinct,1310216226,803,358,7,4,1172,1172
Precinct,1310216227,767,463,6,4,1240,1240
Precinct,1310216228,859,445,14,7,1325,1325
Precinct,1310216229,843,484,16,9,1352,1352
Precinct,1310516523,348,101,9,10,468,468
Precinct,1310516524,704,212,16,5,937,937
Precinct,1310516525,616,230,14,3,863,863
Precinct,1310516528,742,170,32,16,960,960
Precinct,1310516530,985,288,13,6,1292,1292
Precinct,1310616601,796,183,24,7,1010,1010
Precinct,1310616602,1161,171,33,15,1380,1380
Precinct,1310616603,1187,216,30,15,1448,1448
Precinct,1310616604,1253,157,37,16,1463,1463
Precinct,1310616605,886,105,27,12,1030,1030
Precinct,1310616606,1052,135,42,12,1241,1241
Precinct,1310616607,1209,160,24,13,1406,1406
Precinct,1310616608,1173,211,28,8,1420,1420
Precinct,1310616609,1190,119,41,7,1357,1357
Precinct,1310616610,1041,103,34,15,1193,1193
Precinct,1310616611,1038,136,22,7,1203,1203
Precinct,1310616612,1255,157,31,9,1452,1452
Precinct,1310616613,1272,188,17,8,1485,1485
Precinct,1310616614,983,126,22,7,1138,1138
Precinct,1310616615,1199,149,32,5,1385,1385
Precinct,1310616616,1152,170,25,8,1355,1355
Precinct,1310616617,1205,198,19,10,1432,1432
Precinct,1310616618,1088,276,18,2,1384,1384
Precinct,1310616619,846,146,23,5,1020,1020
Precinct,1310616620,904,194,20,9,1127,1127
Precinct,1310616621,1068,246,17,10,1341,1341
Precinct,1310616622,585,94,23,2,704,704
Precinct,1310616623,816,235,17,7,1075,1075
Precinct,1310616624,838,149,29,4,1020,1020
Precinct,1310616625,899,235,20,7,1161,1161
Precinct,1310616626,1184,306,14,5,1509,1509
Precinct,1310616627,665,151,25,6,847,847
Precinct,1310616628,583,140,24,7,754,754
Precinct,1310616629,993,297,16,7,1313,1313
Precinct,1310616630,791,245,18,11,1065,1065
Precinct,1310616631,581,251,16,4,852,852
Precinct,1310616632,953,241,29,9,1232,1232
Precinct,1310816813,836,225,39,5,1105,1105
Precinct,1310816815,804,150,24,12,990,990
Precinct,1310816831,918,112,35,5,1070,1070
Precinct,1310816832,1049,163,36,17,1265,1265
Precinct,1310816833,901,113,36,5,1055,1055
Precinct,1310816834,859,117,27,2,1005,1005
Precinct,1310816835,954,111,28,3,1096,1096
Precinct,1310816840,674,109,28,11,822,822
Precinct,1310816841,653,161,28,18,860,860
Precinct,1310916901,928,427,16,7,1378,1378
Precinct,1310916902,659,250,25,10,944,944
Precinct,1310916903,803,323,8,6,1140,1140
Precinct,1320116103,668,253,22,12,955,955
Precinct,1320116104,497,189,23,12,721,721
Precinct,1320116105,553,246,15,12,826,826
Precinct,1320116106,483,204,17,15,719,719
Precinct,1320116107,751,350,40,22,1163,1163
Precinct,1320116108,735,277,31,14,1057,1057
Precinct,1320116109,496,217,19,14,746,746
Precinct,1320116110,530,205,22,10,767,767
Precinct,1320116111,744,201,20,4,969,969
Precinct,1320116112,657,331,28,13,1029,1029
Precinct,1320116113,697,348,35,16,1096,1096
Precinct,1320116114,460,246,31,13,750,750
Precinct,1320116115,812,268,33,13,1126,1126
Precinct,1320116116,838,337,24,22,1221,1221
Precinct,1320116117,801,332,31,17,1181,1181
Precinct,1320116118,862,531,32,13,1438,1438
Precinct,1320116119,780,482,43,14,1319,1319
Precinct,1320116120,784,439,28,17,1268,1268
Precinct,1320116121,700,311,16,10,1037,1037
Precinct,1320116122,501,276,24,14,815,815
Precinct,1320116123,747,414,40,16,1217,1217
Precinct,1320116124,749,403,27,15,1194,1194
Precinct,1320116125,132,90,5,5,232,232
Precinct,1320216230,1144,269,25,8,1446,1446
Precinct,1320216231,1098,298,13,7,1416,1416
Precinct,1320216232,1075,336,15,1,1427,1427
Precinct,1320216233,719,243,19,6,987,987
Precinct,1320216234,585,200,12,9,806,806
Precinct,1320216235,584,199,11,7,801,801
Precinct,1320216236,747,260,12,4,1023,1023
Precinct,1320216237,1003,224,35,12,1274,1274
Precinct,1320216238,815,233,25,8,1081,1081
Precinct,1320216239,794,286,18,8,1106,1106
Precinct,1320216240,745,302,16,12,1075,1075
Precinct,1320216241,745,360,14,3,1122,1122
Precinct,1320216242,802,328,15,4,1149,1149
Precinct,1320216243,730,378,8,11,1127,1127
Precinct,1320216244,699,313,8,5,1025,1025
Precinct,1320616633,726,214,16,9,965,965
Precinct,1320616634,429,126,22,3,580,580
Precinct,1320616635,746,201,30,6,983,983
Precinct,1320616636,771,295,24,7,1097,1097
Precinct,1320616637,867,344,22,17,1250,1250
Precinct,1320616638,724,234,24,16,998,998
Precinct,1320916904,951,402,22,6,1381,1381
Precinct,1320916905,897,286,37,11,1231,1231
Precinct,1320916906,981,343,22,13,1359,1359
Precinct,1320916907,500,201,20,13,734,734
Precinct,1320916908,872,267,31,13,1183,1183
Precinct,1320916909,772,214,21,11,1018,1018
Precinct,1320916910,1021,317,24,12,1374,1374
Precinct,1320916911,836,352,33,19,1240,1240
Precinct,1320916912,783,320,27,15,1145,1145
Precinct,1320916913,1110,396,27,12,1545,1545
Precinct,1320916916,707,250,10,7,974,974
Precinct,1320916917,555,169,18,9,751,751
Precinct,1320916918,883,356,27,9,1275,1275
Precinct,1320916919,622,218,27,18,885,885
Precinct,1320916920,656,300,19,12,987,987
Precinct,1320916921,869,376,21,10,1276,1276
Precinct,1320916922,864,445,24,9,1342,1342
Precinct,1320916923,372,181,10,11,574,574
Precinct,1320916924,208,77,8,4,297,297
Precinct,1330516801,625,104,28,6,763,763
Precinct,1330716701,860,298,25,7,1190,1190
Precinct,1330716702,1392,440,20,2,1854,1854
Precinct,1330716703,1186,362,20,6,1574,1574
Precinct,1330716704,956,227,14,10,1207,1207
Precinct,1330716705,618,205,37,12,872,872
Precinct,1330716706,558,194,19,13,784,784
Precinct,1330716707,768,267,42,19,1096,1096
Precinct,1330716708,745,221,40,14,1020,1020
Precinct,1330716709,766,180,40,9,995,995
Precinct,1330716710,797,203,57,13,1070,1070
Precinct,1330716711,832,259,41,13,1145,1145
Precinct,1330716712,807,219,37,12,1075,1075
Precinct,1330716713,616,284,38,8,946,946
Precinct,1330716714,628,278,18,16,940,940
Precinct,1330716715,603,232,28,10,873,873
Precinct,1330716716,1070,422,40,17,1549,1549
Precinct,1330716717,865,326,42,13,1246,1246
Precinct,1330716718,964,444,18,10,1436,1436
Precinct,1330716719,857,329,51,10,1247,1247
Precinct,1330716720,907,339,52,8,1306,1306
Precinct,1330716721,628,252,32,9,921,921
Precinct,1330716722,509,169,33,6,717,717
Precinct,1330716723,675,251,27,10,963,963
Precinct,1330716724,696,231,24,14,965,965
Precinct,1330716725,512,212,29,7,760,760
Precinct,1330716726,671,324,23,16,1034,1034
Precinct,1330716727,1115,476,54,17,1662,1662
Precinct,1330816802,586,100,17,6,709,709
Precinct,1330816803,563,81,20,4,668,668
Precinct,1330816804,773,102,24,3,902,902
Precinct,1330816805,704,143,29,10,886,886
Precinct,1330816806,998,159,42,14,1213,1213
Precinct,1330816807,984,137,52,5,1178,1178
Precinct,1330816808,1014,159,51,11,1235,1235
Precinct,1330816809,1048,259,41,7,1355,1355
Precinct,1330816810,1017,220,20,4,1261,1261
Precinct,1330816811,666,236,37,12,951,951
Precinct,1330816812,937,142,25,5,1109,1109
Precinct,1330816814,1005,167,35,9,1216,1216
Precinct,1330816816,1097,126,44,7,1274,1274
Precinct,1330816817,1154,137,34,7,1332,1332
Precinct,1330816818,876,100,31,12,1019,1019
Precinct,1330816819,851,105,40,9,1005,1005
Precinct,1330816820,1064,132,27,9,1232,1232
Precinct,1330816821,942,114,31,8,1095,1095
Precinct,1330816822,1195,160,36,4,1395,1395
Precinct,1330816823,1069,165,28,5,1267,1267
Precinct,1330816824,1123,132,28,9,1292,1292
Precinct,1330816825,854,176,26,7,1063,1063
Precinct,1330816826,982,170,12,9,1173,1173
Precinct,1330816827,1277,289,29,4,1599,1599
Precinct,1330816828,1058,176,7,3,1244,1244
Precinct,1330816829,1072,260,21,5,1358,1358
Precinct,1330816830,1145,219,20,4,1388,1388
Precinct,1330816836,1240,242,24,5,1511,1511
Precinct,1330816837,1302,227,19,4,1552,1552
Precinct,1330816838,1273,254,20,7,1554,1554
Precinct,1330816839,883,142,31,2,1058,1058
Precinct,1340116101,316,152,23,11,502,502
Precinct,1340116102,339,152,22,8,521,521
Precinct,1340416401,766,284,21,2,1073,1073
Precinct,1340416402,857,238,27,9,1131,1131
Precinct,1340416403,1166,276,31,9,1482,1482
Precinct,1340416404,1168,295,31,9,1503,1503
Precinct,1340416405,1079,260,24,6,1369,1369
Precinct,1340416406,1114,238,35,9,1396,1396
Precinct,1340416407,818,197,17,11,1043,1043
Precinct,1340416408,865,195,29,10,1099,1099
Precinct,1340416409,1016,206,22,5,1249,1249
Precinct,1340416410,1111,221,20,7,1359,1359
Precinct,1340416411,1000,257,20,7,1284,1284
Precinct,1340416412,937,203,22,4,1166,1166
Precinct,1340416413,872,233,21,13,1139,1139
Precinct,1340416414,881,218,16,10,1125,1125
Precinct,1340416415,768,226,8,10,1012,1012
Precinct,1340416416,737,246,26,5,1014,1014
Precinct,1340416417,998,273,20,8,1299,1299
Precinct,1340416418,1108,391,25,4,1528,1528
Precinct,1340416419,885,253,28,9,1175,1175
Precinct,1340416420,802,261,18,4,1085,1085
Precinct,1340416421,1066,367,23,7,1463,1463
Precinct,1340416422,1092,392,20,9,1513,1513
Precinct,1340416423,1154,434,41,8,1637,1637
Precinct,1340416424,110,42,13,3,168,168
Precinct,1340416425,1010,374,29,18,1431,1431
Precinct,1340416426,915,297,21,17,1250,1250
Precinct,1340416427,569,177,14,11,771,771
Precinct,1340416428,628,198,35,12,873,873
Precinct,1340416429,699,199,23,9,930,930
Precinct,1340416430,759,289,26,14,1088,1088
Precinct,1340416431,686,213,29,12,940,940
Precinct,1340416432,561,236,21,11,829,829
Precinct,1340416433,643,210,30,14,897,897
Precinct,1340416434,599,213,36,9,857,857
Precinct,1340416435,536,191,23,8,758,758
Precinct,1340416436,520,169,18,9,716,716
Precinct,1340516501,815,218,25,5,1063,1063
Precinct,1340516502,680,199,29,11,919,919
Precinct,1340516503,439,142,31,13,625,625
Precinct,1340516504,498,184,22,7,711,711
Precinct,1340516505,736,223,21,11,991,991
Precinct,1340516506,840,192,20,6,1058,1058
Precinct,1340516507,954,253,29,14,1250,1250
Precinct,1340516508,591,136,18,9,754,754
Precinct,1340516509,741,197,28,3,969,969
Precinct,1340516510,767,262,21,3,1053,1053
Precinct,1340516511,800,283,27,5,1115,1115
Precinct,1340516512,810,283,16,12,1121,1121
Precinct,1340516513,784,271,11,4,1070,1070
Precinct,1340516514,1053,347,22,7,1429,1429
Precinct,1340516515,761,286,13,8,1068,1068
Precinct,1340516516,925,293,25,5,1248,1248
Precinct,1340516517,1268,344,29,17,1658,1658
Precinct,1340516518,835,249,19,7,1110,1110
Precinct,1340516519,1393,266,26,6,1691,1691
Precinct,1340516520,123,36,4,6,169,169
Precinct,1340516521,822,307,16,10,1155,1155
Precinct,1340516522,1011,493,30,13,1547,1547
Precinct,1340516526,695,128,38,8,869,869
Precinct,1340516527,910,169,25,12,1116,1116
Precinct,1340516529,848,163,39,5,1055,1055
Precinct,1340516531,716,233,34,19,1002,1002
Precinct,1340516532,1101,168,38,4,1311,1311
Precinct,1340516533,995,167,37,7,1206,1206
Precinct,1340516534,849,285,23,17,1174,1174
Precinct,1340516535,597,167,31,11,806,806
Precinct,1340516536,713,230,28,10,981,981
Precinct,1340516537,1533,235,39,13,1820,1820
Precinct,6320916914,177,72,3,1,253,253
Precinct,6320916915,265,93,8,3,369,369
County,Dolores,265,967,21,9,1262,1262
Precinct,3065817001,265,967,21,9,1262,1262
County,Douglas,90313,128341,3177,1789,223620,223620
Precinct,4023918371,12,31,1,0,44,44
Precinct,4024418302,550,587,19,10,1166,1166
Precinct,4024418303,379,405,19,11,814,814
Precinct,4024418304,404,414,22,12,852,852
Precinct,4024418306,235,642,5,4,886,886
Precinct,4024418307,560,876,39,15,1490,1490
Precinct,4024418308,534,685,10,4,1233,1233
Precinct,4024418309,382,345,23,11,761,761
Precinct,4024418310,271,544,11,6,832,832
Precinct,4024418312,414,588,11,7,1020,1020
Precinct,4024418313,361,515,8,2,886,886
Precinct,4024418314,301,524,9,6,840,840
Precinct,4024418315,613,791,20,11,1435,1435
Precinct,4024418316,354,492,12,10,868,868
Precinct,4024418317,258,538,11,7,814,814
Precinct,4024418318,400,626,17,16,1059,1059
Precinct,4024418319,370,519,20,12,921,921
Precinct,4024418320,383,496,21,13,913,913
Precinct,4024418321,241,342,12,8,603,603
Precinct,4024418322,467,654,24,7,1152,1152
Precinct,4024418323,476,687,12,7,1182,1182
Precinct,4024418324,538,721,19,17,1295,1295
Precinct,4024418325,399,571,22,9,1001,1001
Precinct,4024418326,611,894,21,8,1534,1534
Precinct,4024418327,502,782,19,18,1321,1321
Precinct,4024418328,461,760,21,7,1249,1249
Precinct,4024418329,386,508,15,13,922,922
Precinct,4024418330,474,649,22,5,1150,1150
Precinct,4024418331,391,663,14,5,1073,1073
Precinct,4024418332,313,857,11,8,1189,1189
Precinct,4024418334,622,798,26,22,1468,1468
Precinct,4024418339,210,330,6,4,550,550
Precinct,4024418350,492,600,17,20,1129,1129
Precinct,4024418351,166,363,3,11,543,543
Precinct,4024418352,445,640,17,7,1109,1109
Precinct,4024418353,482,746,27,12,1267,1267
Precinct,4024418356,336,369,26,15,746,746
Precinct,4024418357,1101,1640,50,21,2812,2812
Precinct,4024418358,106,342,3,0,451,451
Precinct,4024418362,411,421,15,6,853,853
Precinct,4024418363,318,497,19,10,844,844
Precinct,4024418366,315,496,13,14,838,838
Precinct,4024418368,412,581,14,10,1017,1017
Precinct,4024418369,301,531,8,7,847,847
Precinct,4024418370,303,616,15,7,941,941
Precinct,4024418375,194,369,3,6,572,572
Precinct,4024518109,495,704,16,14,1229,1229
Precinct,4024518110,521,834,20,9,1384,1384
Precinct,4024518111,386,642,12,8,1048,1048
Precinct,4024518112,417,609,28,9,1063,1063
Precinct,4024518113,600,1018,23,4,1645,1645
Precinct,4024518114,451,715,14,2,1182,1182
Precinct,4024518116,409,616,15,7,1047,1047
Precinct,4024518117,432,856,14,9,1311,1311
Precinct,4024518118,466,637,28,10,1141,1141
Precinct,4024518123,415,565,19,7,1006,1006
Precinct,4024518124,383,481,5,3,872,872
Precinct,4024518125,383,695,10,7,1095,1095
Precinct,4024518264,317,376,17,10,720,720
Precinct,4024518335,221,374,3,7,605,605
Precinct,4024518336,425,624,16,4,1069,1069
Precinct,4024518337,326,544,15,4,889,889
Precinct,4024518338,388,677,24,8,1097,1097
Precinct,4024518340,341,664,15,4,1024,1024
Precinct,4024518341,386,697,17,5,1105,1105
Precinct,4024518342,424,653,13,6,1096,1096
Precinct,4024518343,554,819,24,16,1413,1413
Precinct,4024518344,333,731,21,5,1090,1090
Precinct,4024518347,245,404,13,11,673,673
Precinct,4024518348,573,875,19,6,1473,1473
Precinct,4024518354,501,847,21,9,1378,1378
Precinct,4024518359,272,627,9,8,916,916
Precinct,4024518372,617,1275,21,13,1926,1926
Precinct,4024518373,600,1037,27,13,1677,1677
Precinct,4024518374,391,764,18,14,1187,1187
Precinct,4024518377,609,926,25,7,1567,1567
Precinct,4024518402,353,630,16,9,1008,1008
Precinct,4024518501,342,447,10,7,806,806
Precinct,4024518502,373,676,25,14,1088,1088
Precinct,4024518503,486,797,24,19,1326,1326
Precinct,4024518504,446,998,23,19,1486,1486
Precinct,4024518505,672,975,33,18,1698,1698
Precinct,4024518506,344,559,21,9,933,933
Precinct,4024518507,604,1021,19,14,1658,1658
Precinct,4024518509,535,981,18,15,1549,1549
Precinct,4024518510,670,1277,20,11,1978,1978
Precinct,4024518513,477,852,30,10,1369,1369
Precinct,4024518514,406,661,26,18,1111,1111
Precinct,4024518516,686,1251,45,20,2002,2002
Precinct,4024518517,437,766,17,7,1227,1227
Precinct,4026118367,35,67,1,0,103,103
Precinct,4043918106,69,198,2,3,272,272
Precinct,4043918107,199,477,6,7,689,689
Precinct,4043918121,157,407,7,3,574,574
Precinct,4043918345,278,836,12,8,1134,1134
Precinct,4043918346,473,1134,17,12,1636,1636
Precinct,4043918401,312,816,15,3,1146,1146
Precinct,4043918403,71,150,3,3,227,227
Precinct,4043918404,543,890,19,12,1464,1464
Precinct,4043918405,447,1002,18,12,1479,1479
Precinct,4043918406,189,504,15,5,713,713
Precinct,4043918508,371,1086,13,17,1487,1487
Precinct,4043918511,246,750,4,7,1007,1007
Precinct,4043918512,259,1022,14,5,1300,1300
Precinct,4044418378,120,249,1,2,372,372
Precinct,4044518108,244,615,9,6,874,874
Precinct,4044518515,38,91,3,2,134,134
Precinct,4303918101,555,696,11,10,1272,1272
Precinct,4303918102,148,403,4,0,555,555
Precinct,4303918103,1056,1207,42,24,2329,2329
Precinct,4303918104,129,368,9,3,509,509
Precinct,4303918105,833,720,13,9,1575,1575
Precinct,4303918115,493,663,21,9,1186,1186
Precinct,4303918119,666,562,28,9,1265,1265
Precinct,4303918120,878,832,33,14,1757,1757
Precinct,4303918122,567,666,24,19,1276,1276
Precinct,4303918206,382,452,18,10,862,862
Precinct,4303918207,474,496,22,18,1010,1010
Precinct,4303918208,631,432,18,10,1091,1091
Precinct,4303918232,410,469,5,8,892,892
Precinct,4303918233,255,518,6,2,781,781
Precinct,4303918245,303,398,5,0,706,706
Precinct,4303918247,517,922,8,2,1449,1449
Precinct,4303918249,536,746,14,3,1299,1299
Precinct,4303918250,494,503,21,9,1027,1027
Precinct,4303918251,682,657,17,16,1372,1372
Precinct,4303918254,620,731,10,10,1371,1371
Precinct,4303918255,410,485,10,8,913,913
Precinct,4303918257,655,567,20,13,1255,1255
Precinct,4303918258,530,988,19,7,1544,1544
Precinct,4303918259,438,894,24,12,1368,1368
Precinct,4303918260,369,588,11,8,976,976
Precinct,4303918261,565,760,24,5,1354,1354
Precinct,4303918262,556,793,6,8,1363,1363
Precinct,4303918263,350,952,10,7,1319,1319
Precinct,4303918265,568,932,14,6,1520,1520
Precinct,4303918266,559,887,17,7,1470,1470
Precinct,4303918267,424,485,5,2,916,916
Precinct,4303918268,289,567,5,5,866,866
Precinct,4303918269,638,1125,22,10,1795,1795
Precinct,4303918274,419,555,8,8,990,990
Precinct,4303918277,384,510,12,7,913,913
Precinct,4303918301,349,236,25,6,616,616
Precinct,4303918311,570,671,23,8,1272,1272
Precinct,4303918333,722,1139,21,9,1891,1891
Precinct,4303918361,605,489,42,16,1152,1152
Precinct,4304318201,955,878,4,7,1844,1844
Precinct,4304318202,427,600,10,3,1040,1040
Precinct,4304318203,532,579,17,13,1141,1141
Precinct,4304318204,493,433,22,17,965,965
Precinct,4304318205,632,611,34,11,1288,1288
Precinct,4304318209,540,677,17,9,1243,1243
Precinct,4304318210,744,638,21,12,1415,1415
Precinct,4304318211,815,717,20,17,1569,1569
Precinct,4304318212,515,535,19,11,1080,1080
Precinct,4304318213,457,521,7,4,989,989
Precinct,4304318214,251,340,6,0,597,597
Precinct,4304318215,434,518,10,8,970,970
Precinct,4304318216,293,413,6,3,715,715
Precinct,4304318217,529,518,17,5,1069,1069
Precinct,4304318218,414,466,8,12,900,900
Precinct,4304318219,385,413,12,5,815,815
Precinct,4304318220,468,383,11,8,870,870
Precinct,4304318221,383,420,10,9,822,822
Precinct,4304318222,609,618,16,12,1255,1255
Precinct,4304318223,706,746,21,19,1492,1492
Precinct,4304318224,656,674,18,11,1359,1359
Precinct,4304318225,439,381,13,10,843,843
Precinct,4304318226,470,545,5,4,1024,1024
Precinct,4304318227,371,489,8,8,876,876
Precinct,4304318228,335,473,5,3,816,816
Precinct,4304318229,492,498,10,12,1012,1012
Precinct,4304318230,364,460,12,8,844,844
Precinct,4304318231,596,657,12,18,1283,1283
Precinct,4304318234,378,421,14,6,819,819
Precinct,4304318235,664,691,13,11,1379,1379
Precinct,4304318236,384,433,14,5,836,836
Precinct,4304318237,464,690,13,10,1177,1177
Precinct,4304318238,452,627,14,4,1097,1097
Precinct,4304318239,323,302,8,2,635,635
Precinct,4304318240,467,530,19,14,1030,1030
Precinct,4304318241,591,583,24,8,1206,1206
Precinct,4304318242,380,436,11,8,835,835
Precinct,4304318243,677,841,19,10,1547,1547
Precinct,4304318244,547,632,8,9,1196,1196
Precinct,4304318246,606,668,17,18,1309,1309
Precinct,4304318248,390,533,12,5,940,940
Precinct,4304318252,582,692,25,8,1307,1307
Precinct,4304318253,432,425,6,4,867,867
Precinct,4304318256,371,433,11,12,827,827
Precinct,4304318270,459,429,15,8,911,911
Precinct,4304318271,411,400,17,6,834,834
Precinct,4304318272,356,351,12,4,723,723
Precinct,4304318273,333,384,6,3,726,726
Precinct,4304318275,374,415,5,3,797,797
Precinct,4304318276,488,521,9,4,1022,1022
Precinct,4304418349,522,767,13,6,1308,1308
Precinct,4304418355,547,755,26,11,1339,1339
Precinct,4304418360,428,541,22,6,997,997
Precinct,4304418376,461,540,9,6,1016,1016
Precinct,4304518278,382,799,9,3,1193,1193
Precinct,6026118365,102,171,6,2,281,281
Precinct,6276118305,735,746,5,7,1493,1493
Precinct,6276118364,656,804,17,13,1490,1490
County,Eagle,13530,10068,491,170,24259,24259
Precinct,2082619001,104,41,4,1,150,150
Precinct,2082619002,331,197,5,8,541,541
Precinct,2082619003,309,169,10,6,494,494
Precinct,2082619004,396,299,11,4,710,710
Precinct,2082619005,690,463,25,18,1196,1196
Precinct,2082619006,281,330,20,9,640,640
Precinct,2082619009,237,336,10,5,588,588
Precinct,2082619012,556,331,27,7,921,921
Precinct,2082619013,418,268,9,3,698,698
Precinct,2082619014,302,210,7,3,522,522
Precinct,2082619015,601,379,40,18,1038,1038
Precinct,2082619016,282,333,11,6,632,632
Precinct,2082619017,413,269,12,1,695,695
Precinct,2082619018,453,305,19,4,781,781
Precinct,2082619019,578,353,23,8,962,962
Precinct,2082619020,546,558,13,2,1119,1119
Precinct,2082619021,86,99,3,1,189,189
Precinct,2082619022,522,488,16,6,1032,1032
Precinct,2082619026,431,617,16,6,1070,1070
Precinct,2082619027,743,584,34,6,1367,1367
Precinct,2082619028,386,281,10,2,679,679
Precinct,2082619029,626,425,27,3,1081,1081
Precinct,2082619030,10,2,0,1,13,13
Precinct,2082619031,642,564,20,16,1242,1242
Precinct,2082619032,718,557,20,5,1300,1300
Precinct,2085719010,7,5,0,2,14,14
Precinct,3052619037,0,0,0,0,0,0
Precinct,3055719007,655,260,22,3,940,940
Precinct,3055719008,330,188,11,1,530,530
Precinct,3055719024,946,380,21,6,1353,1353
Precinct,3055719025,659,397,29,5,1090,1090
Precinct,3082619023,19,82,3,0,104,104
Precinct,3082619033,111,137,3,1,252,252
Precinct,3085719011,136,145,10,3,294,294
Precinct,3085719034,6,16,0,0,22,22
County,El Paso,141605,203215,6872,3044,354736,354736
Precinct,4355621500,49,278,3,5,335,335
Precinct,4355621501,120,674,14,9,817,817
Precinct,4355621502,114,715,14,9,852,852
Precinct,4355621524,218,1186,17,13,1434,1434
Precinct,4355621527,2,10,0,0,12,12
Precinct,4355621554,25,123,3,3,154,154
Precinct,4355621560,107,432,16,7,562,562
Precinct,4355621561,98,510,16,15,639,639
Precinct,5091421101,574,702,30,10,1316,1316
Precinct,5091421102,719,721,18,6,1464,1464
Precinct,5091421103,674,825,21,8,1528,1528
Precinct,5091421104,784,791,34,15,1624,1624
Precinct,5091421116,576,862,16,3,1457,1457
Precinct,5091421201,485,996,14,3,1498,1498
Precinct,5091421202,466,892,12,7,1377,1377
Precinct,5091421203,476,739,14,6,1235,1235
Precinct,5091421204,554,794,13,8,1369,1369
Precinct,5091421205,611,790,18,8,1427,1427
Precinct,5091421206,554,491,16,6,1067,1067
Precinct,5091421207,274,340,17,5,636,636
Precinct,5091421208,597,717,23,8,1345,1345
Precinct,5091421215,267,739,6,3,1015,1015
Precinct,5091421216,769,1108,38,13,1928,1928
Precinct,5091421217,370,844,14,1,1229,1229
Precinct,5091421220,801,1178,43,10,2032,2032
Precinct,5091421221,576,1132,24,9,1741,1741
Precinct,5091421222,407,753,23,14,1197,1197
Precinct,5091421223,650,1123,22,7,1802,1802
Precinct,5091421224,679,1106,27,6,1818,1818
Precinct,5091421225,754,1202,28,3,1987,1987
Precinct,5091421226,305,452,10,4,771,771
Precinct,5091421227,556,1145,27,14,1742,1742
Precinct,5091421228,273,594,11,5,883,883
Precinct,5091421229,473,692,6,8,1179,1179
Precinct,5091421230,418,975,15,4,1412,1412
Precinct,5091421231,545,924,30,8,1507,1507
Precinct,5091421232,464,800,20,6,1290,1290
Precinct,5091421233,503,855,22,8,1388,1388
Precinct,5091421234,521,849,8,1,1379,1379
Precinct,5091421239,519,799,27,11,1356,1356
Precinct,5091421240,477,800,12,11,1300,1300
Precinct,5091421244,336,646,15,10,1007,1007
Precinct,5091421245,489,834,29,5,1357,1357
Precinct,5091421248,349,606,13,2,970,970
Precinct,5091421249,360,686,10,9,1065,1065
Precinct,5091421250,510,833,22,7,1372,1372
Precinct,5091421254,242,233,13,5,493,493
Precinct,5091421256,439,777,13,3,1232,1232
Precinct,5091421445,640,801,35,13,1489,1489
Precinct,5091521253,187,344,10,7,548,548
Precinct,5091521454,571,796,31,12,1410,1410
Precinct,5091521455,185,274,8,2,469,469
Precinct,5091521456,253,329,8,3,593,593
Precinct,5091821089,352,276,16,10,654,654
Precinct,5091821105,469,1003,12,7,1491,1491
Precinct,5091821106,704,763,38,7,1512,1512
Precinct,5091821109,97,72,8,1,178,178
Precinct,5091821117,533,604,23,13,1173,1173
Precinct,5091821748,137,233,8,2,380,380
Precinct,5092021200,195,259,9,4,467,467
Precinct,5092021209,377,882,18,4,1281,1281
Precinct,5092021210,446,1015,27,4,1492,1492
Precinct,5092021211,414,779,16,5,1214,1214
Precinct,5092021212,350,1058,14,6,1428,1428
Precinct,5092021301,293,544,11,6,854,854
Precinct,5092021302,642,977,19,8,1646,1646
Precinct,5092021303,740,1439,42,17,2238,2238
Precinct,5092021304,387,827,26,6,1246,1246
Precinct,5092021310,451,1059,19,6,1535,1535
Precinct,5092021311,483,1144,24,3,1654,1654
Precinct,5092021312,491,1096,18,5,1610,1610
Precinct,5092021313,421,957,18,8,1404,1404
Precinct,5092021314,375,942,15,4,1336,1336
Precinct,5092021315,389,841,10,2,1242,1242
Precinct,5092021316,310,922,12,4,1248,1248
Precinct,5092021317,496,1142,18,6,1662,1662
Precinct,5092021318,595,1491,13,5,2104,2104
Precinct,5092021319,513,965,21,7,1506,1506
Precinct,5092021323,157,474,6,3,640,640
Precinct,5092221235,534,858,20,7,1419,1419
Precinct,5092221236,381,515,11,9,916,916
Precinct,5092221237,389,595,16,6,1006,1006
Precinct,5092221238,375,610,18,7,1010,1010
Precinct,5092221241,552,909,32,7,1500,1500
Precinct,5092221246,416,555,13,6,990,990
Precinct,5092221247,335,553,18,7,913,913
Precinct,5101421088,202,165,18,6,391,391
Precinct,5101421097,33,27,4,2,66,66
Precinct,5101421242,207,305,8,6,526,526
Precinct,5101521401,697,1046,32,22,1797,1797
Precinct,5101521402,672,928,26,13,1639,1639
Precinct,5101521403,470,915,18,10,1413,1413
Precinct,5101521404,530,722,33,9,1294,1294
Precinct,5101521405,408,714,19,10,1151,1151
Precinct,5101521406,504,798,28,14,1344,1344
Precinct,5101521407,494,883,25,5,1407,1407
Precinct,5101521408,661,1006,22,9,1698,1698
Precinct,5101521409,482,845,27,13,1367,1367
Precinct,5101521410,517,843,25,8,1393,1393
Precinct,5101521411,715,1007,29,10,1761,1761
Precinct,5101521412,383,649,16,10,1058,1058
Precinct,5101521413,744,854,36,24,1658,1658
Precinct,5101521416,611,820,32,8,1471,1471
Precinct,5101521417,521,681,16,7,1225,1225
Precinct,5101521419,478,569,25,15,1087,1087
Precinct,5101521420,542,859,24,12,1437,1437
Precinct,5101521423,491,781,24,7,1303,1303
Precinct,5101521424,973,1419,53,16,2461,2461
Precinct,5101521426,308,708,13,5,1034,1034
Precinct,5101521427,452,748,20,11,1231,1231
Precinct,5101621091,259,411,15,4,689,689
Precinct,5101621094,21,33,0,2,56,56
Precinct,5101621099,294,303,14,8,619,619
Precinct,5101621120,369,545,14,7,935,935
Precinct,5101621121,568,866,27,6,1467,1467
Precinct,5101621122,446,575,25,11,1057,1057
Precinct,5101621123,384,431,22,8,845,845
Precinct,5101621124,263,334,16,4,617,617
Precinct,5101621125,628,800,32,13,1473,1473
Precinct,5101621126,392,415,22,13,842,842
Precinct,5101621127,407,515,14,10,946,946
Precinct,5101621128,542,812,14,7,1375,1375
Precinct,5101621129,732,607,37,17,1393,1393
Precinct,5101621130,489,513,29,16,1047,1047
Precinct,5101621131,590,653,37,9,1289,1289
Precinct,5101621132,573,668,14,13,1268,1268
Precinct,5101621136,420,585,16,6,1027,1027
Precinct,5101621138,300,390,8,4,702,702
Precinct,5102221134,441,577,17,5,1040,1040
Precinct,5102221135,258,289,15,2,564,564
Precinct,5102221140,479,731,24,4,1238,1238
Precinct,5102221141,488,658,18,12,1176,1176
Precinct,5102221142,602,947,32,11,1592,1592
Precinct,5102221143,321,603,13,5,942,942
Precinct,5102221144,456,677,19,10,1162,1162
Precinct,5102221145,537,903,26,14,1480,1480
Precinct,5102221146,305,516,9,7,837,837
Precinct,5102221147,517,629,22,13,1181,1181
Precinct,5102221148,652,837,32,11,1532,1532
Precinct,5102221149,518,850,23,13,1404,1404
Precinct,5102221150,345,854,19,6,1224,1224
Precinct,5102221151,676,934,32,10,1652,1652
Precinct,5102221152,245,390,10,8,653,653
Precinct,5102221153,525,857,24,13,1419,1419
Precinct,5102221154,648,705,41,18,1412,1412
Precinct,5102221155,405,537,20,20,982,982
Precinct,5102221156,329,531,11,6,877,877
Precinct,5102221157,479,693,28,10,1210,1210
Precinct,5102221158,494,793,28,20,1335,1335
Precinct,5102221159,86,183,2,4,275,275
Precinct,5102221160,549,671,28,19,1267,1267
Precinct,5102221161,536,942,28,10,1516,1516
Precinct,5102221163,457,596,13,10,1076,1076
Precinct,5102221164,528,685,16,15,1244,1244
Precinct,5102221165,568,948,23,11,1550,1550
Precinct,5102221166,531,606,36,18,1191,1191
Precinct,5102221167,516,722,22,10,1270,1270
Precinct,5102221243,634,802,33,11,1480,1480
Precinct,5102221251,131,179,9,1,320,320
Precinct,5102221252,448,636,27,10,1121,1121
Precinct,5111521090,20,23,1,1,45,45
Precinct,5111521139,435,506,34,12,987,987
Precinct,5111521195,456,552,26,11,1045,1045
Precinct,5111521414,415,587,28,11,1041,1041
Precinct,5111521415,473,583,34,17,1107,1107
Precinct,5111521418,374,595,20,14,1003,1003
Precinct,5111521421,401,516,29,7,953,953
Precinct,5111521422,357,486,26,10,879,879
Precinct,5111521650,599,868,43,17,1527,1527
Precinct,5111521651,739,948,63,23,1773,1773
Precinct,5111521655,508,683,24,11,1226,1226
Precinct,5111621162,309,574,21,11,915,915
Precinct,5111621174,358,337,18,12,725,725
Precinct,5111621175,359,420,14,17,810,810
Precinct,5111621178,512,265,17,6,800,800
Precinct,5111621180,561,543,34,18,1156,1156
Precinct,5111621181,69,77,5,1,152,152
Precinct,5111621183,358,304,17,10,689,689
Precinct,5111621184,329,324,24,15,692,692
Precinct,5111621186,588,487,35,21,1131,1131
Precinct,5111621188,563,467,36,9,1075,1075
Precinct,5111621190,319,291,17,13,640,640
Precinct,5111621191,573,800,31,10,1414,1414
Precinct,5111621192,592,775,33,16,1416,1416
Precinct,5111621197,422,392,16,16,846,846
Precinct,5111621198,311,356,22,7,696,696
Precinct,5111621901,182,247,12,1,442,442
Precinct,5111721137,290,278,15,10,593,593
Precinct,5111721169,572,362,37,13,984,984
Precinct,5111721182,509,370,22,20,921,921
Precinct,5111721185,610,324,39,15,988,988
Precinct,5111721187,483,525,30,10,1048,1048
Precinct,5111721193,337,396,21,10,764,764
Precinct,5111721194,408,308,23,16,755,755
Precinct,5111721196,99,133,12,0,244,244
Precinct,5111721199,480,352,23,15,870,870
Precinct,5111721601,265,199,15,4,483,483
Precinct,5111721605,482,394,44,10,930,930
Precinct,5111721609,325,223,12,6,566,566
Precinct,5111721610,496,405,16,19,936,936
Precinct,5111721611,597,517,40,21,1175,1175
Precinct,5111721612,595,426,44,20,1085,1085
Precinct,5111721613,535,661,26,18,1240,1240
Precinct,5111721614,628,326,46,18,1018,1018
Precinct,5111721615,332,342,26,12,712,712
Precinct,5111721616,483,363,37,14,897,897
Precinct,5111721619,360,299,13,13,685,685
Precinct,5111721620,268,318,10,4,600,600
Precinct,5111721621,662,519,33,17,1231,1231
Precinct,5111721622,707,517,30,19,1273,1273
Precinct,5111721623,738,608,42,20,1408,1408
Precinct,5111721624,619,467,35,14,1135,1135
Precinct,5111721625,676,593,31,10,1310,1310
Precinct,5111721626,454,349,22,14,839,839
Precinct,5111721627,418,434,25,6,883,883
Precinct,5111721631,150,189,13,11,363,363
Precinct,5111821087,299,193,19,11,522,522
Precinct,5111821189,438,237,14,7,696,696
Precinct,5111821602,631,681,27,16,1355,1355
Precinct,5111821603,475,431,15,10,931,931
Precinct,5111821604,472,451,27,8,958,958
Precinct,5111821606,573,615,24,7,1219,1219
Precinct,5115621653,87,193,7,1,288,288
Precinct,5121521654,89,173,10,2,274,274
Precinct,5121621092,280,131,8,5,424,424
Precinct,5121621095,260,300,10,3,573,573
Precinct,5121621096,295,339,8,6,648,648
Precinct,5121621168,759,395,13,7,1174,1174
Precinct,5121621170,668,481,21,7,1177,1177
Precinct,5121621171,635,446,29,14,1124,1124
Precinct,5121621172,761,360,18,8,1147,1147
Precinct,5121621173,821,556,30,14,1421,1421
Precinct,5121621179,844,428,30,18,1320,1320
Precinct,5121821093,79,29,1,1,110,110
Precinct,5121821107,679,542,26,16,1263,1263
Precinct,5121821108,534,485,21,4,1044,1044
Precinct,5121821110,653,402,44,12,1111,1111
Precinct,5121821111,556,342,20,14,932,932
Precinct,5121821112,767,468,27,9,1271,1271
Precinct,5121821113,629,444,30,11,1114,1114
Precinct,5121821114,899,740,25,13,1677,1677
Precinct,5121821115,344,380,11,4,739,739
Precinct,5121821118,447,459,14,11,931,931
Precinct,5121821119,720,362,28,12,1122,1122
Precinct,5121821133,303,267,8,3,581,581
Precinct,5121821176,853,173,29,7,1062,1062
Precinct,5121821177,656,265,22,6,949,949
Precinct,5121821720,440,358,20,8,826,826
Precinct,5121821721,609,663,9,13,1294,1294
Precinct,5121821722,725,728,14,12,1479,1479
Precinct,5121821723,706,647,24,16,1393,1393
Precinct,5121821724,326,277,27,3,633,633
Precinct,5121821725,691,827,23,16,1557,1557
Precinct,5121821726,539,879,12,11,1441,1441
Precinct,5121821727,507,868,10,4,1389,1389
Precinct,5121821728,591,994,16,8,1609,1609
Precinct,5121821729,593,941,24,7,1565,1565
Precinct,5121821730,549,800,22,6,1377,1377
Precinct,5121821740,546,744,14,10,1314,1314
Precinct,5121821742,658,259,22,7,946,946
Precinct,5121821743,671,336,35,12,1054,1054
Precinct,5121821744,597,397,22,4,1020,1020
Precinct,5121821745,110,125,4,0,239,239
Precinct,5121821839,233,512,8,7,760,760
Precinct,5122021741,5,8,0,1,14,14
Precinct,5122121630,535,705,43,28,1311,1311
Precinct,5122121632,644,784,41,24,1493,1493
Precinct,5122121633,487,809,38,25,1359,1359
Precinct,5122121634,538,846,41,15,1440,1440
Precinct,5122121635,564,806,43,16,1429,1429
Precinct,5122121636,320,403,21,9,753,753
Precinct,5122121637,532,765,37,22,1356,1356
Precinct,5122121638,441,535,29,13,1018,1018
Precinct,5122121639,410,442,18,12,882,882
Precinct,5122121640,453,623,41,10,1127,1127
Precinct,5122121641,497,689,23,7,1216,1216
Precinct,5122121642,353,502,27,12,894,894
Precinct,5122121643,386,583,28,12,1009,1009
Precinct,5122121644,476,544,31,14,1065,1065
Precinct,5122121645,290,458,13,9,770,770
Precinct,5122121646,262,414,8,11,695,695
Precinct,5122121648,343,479,23,8,853,853
Precinct,5122121652,563,889,27,6,1485,1485
Precinct,5122121800,302,691,38,16,1047,1047
Precinct,5122121801,281,516,23,6,826,826
Precinct,5122121802,433,588,25,19,1065,1065
Precinct,5122121803,455,599,23,13,1090,1090
Precinct,5122121804,311,531,30,9,881,881
Precinct,5122121805,529,717,40,8,1294,1294
Precinct,5122121806,273,519,19,19,830,830
Precinct,5122121807,463,622,33,19,1137,1137
Precinct,5122121808,510,629,32,10,1181,1181
Precinct,5122121810,67,172,6,2,247,247
Precinct,5351521425,0,0,0,0,0,0
Precinct,5351521520,82,173,5,3,263,263
Precinct,5352021213,296,998,12,9,1315,1315
Precinct,5352021214,322,1247,22,7,1598,1598
Precinct,5352021218,198,726,13,4,941,941
Precinct,5352021219,477,1351,22,8,1858,1858
Precinct,5352021320,198,655,15,0,868,868
Precinct,5352021321,330,1273,13,7,1623,1623
Precinct,5352021322,286,1048,14,6,1354,1354
Precinct,5352021440,322,1214,12,10,1558,1558
Precinct,5352021441,283,878,16,10,1187,1187
Precinct,5352021442,481,1600,31,18,2130,2130
Precinct,5352021443,252,842,26,1,1121,1121
Precinct,5352021444,494,1500,32,15,2041,2041
Precinct,5352021446,907,1883,53,31,2874,2874
Precinct,5352021447,358,816,21,6,1201,1201
Precinct,5352021448,327,917,21,9,1274,1274
Precinct,5352021449,462,993,27,17,1499,1499
Precinct,5352021450,395,967,18,5,1385,1385
Precinct,5352021451,311,982,26,11,1330,1330
Precinct,5352021525,21,167,7,2,197,197
Precinct,5352121809,8,22,1,1,32,32
Precinct,5352121829,37,98,2,0,137,137
Precinct,5355621452,303,1060,24,6,1393,1393
Precinct,5355621453,238,930,17,6,1191,1191
Precinct,5355621457,0,19,0,0,19,19
Precinct,5355621521,206,737,30,8,981,981
Precinct,5355621522,205,1022,12,17,1256,1256
Precinct,5355621523,196,976,18,10,1200,1200
Precinct,5355621526,15,62,0,1,78,78
Precinct,5355621828,100,302,5,2,409,409
Precinct,7121821746,175,158,5,5,343,343
County,Elbert,3815,14719,243,187,18964,18964
Precinct,4355620001,236,669,5,4,914,914
Precinct,4355620002,247,768,7,14,1036,1036
Precinct,4355620003,294,798,16,18,1126,1126
Precinct,4355620004,356,1240,20,15,1631,1631
Precinct,4355620005,238,857,13,15,1123,1123
Precinct,4355620006,241,837,11,5,1094,1094
Precinct,4355620007,182,649,19,10,860,860
Precinct,4355620008,291,1129,19,15,1454,1454
Precinct,4355620009,211,756,6,7,980,980
Precinct,4355620010,137,650,11,8,806,806
Precinct,4355620011,192,998,10,16,1216,1216
Precinct,4355620012,115,772,14,6,907,907
Precinct,4355620013,180,769,19,8,976,976
Precinct,4355620014,200,673,14,6,893,893
Precinct,4355620015,214,893,21,6,1134,1134
Precinct,4355620016,195,709,15,15,934,934
Precinct,4355620017,136,745,10,6,897,897
Precinct,4355620018,150,807,13,13,983,983
County,Fremont,6464,16697,419,265,23845,23845
Precinct,7046022001,186,665,19,10,880,880
Precinct,7046022002,216,759,23,10,1008,1008
Precinct,7046022003,240,906,17,12,1175,1175
Precinct,7046022004,372,940,29,18,1359,1359
Precinct,7046022005,198,452,12,5,667,667
Precinct,7046022006,318,980,19,20,1337,1337
Precinct,7046022007,428,1059,20,18,1525,1525
Precinct,7046022008,357,990,30,18,1395,1395
Precinct,7046022009,229,769,20,8,1026,1026
Precinct,7046022010,448,1098,14,12,1572,1572
Precinct,7046022011,392,734,28,17,1171,1171
Precinct,7046022012,457,965,25,21,1468,1468
Precinct,7046022013,246,444,10,7,707,707
Precinct,7046022014,263,668,24,8,963,963
Precinct,7046022015,339,876,23,14,1252,1252
Precinct,7046022016,374,981,24,13,1392,1392
Precinct,7046022017,280,810,25,24,1139,1139
Precinct,7046022018,301,964,12,6,1283,1283
Precinct,7046022019,445,1038,30,17,1530,1530
Precinct,7046022020,375,599,15,7,996,996
County,Garfield,12607,13986,598,300,27491,27491
Precinct,3055723001,946,313,32,9,1300,1300
Precinct,3055723002,1125,353,24,17,1519,1519
Precinct,3055723003,999,461,32,10,1502,1502
Precinct,3055723004,835,500,27,13,1375,1375
Precinct,3055723005,773,640,22,6,1441,1441
Precinct,3055723006,495,354,26,9,884,884
Precinct,3055723007,482,244,16,6,748,748
Precinct,3055723008,391,220,21,4,636,636
Precinct,3055723009,542,306,23,4,875,875
Precinct,3055723010,741,626,35,22,1424,1424
Precinct,3055723012,452,370,21,8,851,851
Precinct,3055723013,542,668,32,27,1269,1269
Precinct,3055723014,733,595,28,22,1378,1378
Precinct,3055723016,450,762,22,16,1250,1250
Precinct,3055723017,242,700,17,9,968,968
Precinct,3055723020,293,831,28,16,1168,1168
Precinct,3055723021,304,696,17,16,1033,1033
Precinct,3055723022,457,822,34,17,1330,1330
Precinct,3055723023,172,449,15,8,644,644
Precinct,3055723025,254,792,33,14,1093,1093
Precinct,3055723026,263,673,10,13,959,959
Precinct,3055723027,229,533,29,9,800,800
Precinct,3085723011,365,277,23,6,671,671
Precinct,3085723015,145,355,5,8,513,513
Precinct,3085723018,191,759,15,9,974,974
Precinct,3085723019,179,624,10,2,815,815
Precinct,3085723024,7,63,1,0,71,71
County,Gilpin,1868,1700,98,39,3705,3705
Precinct,2084924001,217,275,14,4,510,510
Precinct,2084924002,257,355,13,8,633,633
Precinct,2084924003,345,402,16,9,772,772
Precinct,2084924004,305,232,17,4,558,558
Precinct,2084924005,314,211,17,5,547,547
Precinct,2084924006,430,225,21,9,685,685
County,Grand,3598,4789,189,99,8675,8675
Precinct,2081325001,242,300,5,4,551,551
Precinct,2081325002,321,665,23,16,1025,1025
Precinct,2081325003,480,690,41,4,1215,1215
Precinct,2081325004,121,511,12,10,654,654
Precinct,2081325005,229,585,9,8,831,831
Precinct,2081325006,330,196,11,8,545,545
Precinct,2081325007,433,321,24,8,786,786
Precinct,2081325008,162,409,17,4,592,592
Precinct,2081325009,284,189,13,10,496,496
Precinct,2081325010,307,404,12,5,728,728
Precinct,2081325011,258,192,8,9,467,467
Precinct,2081325012,431,327,14,13,785,785
County,Gunnison,5596,3631,223,110,9560,9560
Precinct,3055826001,16,46,2,2,66,66
Precinct,3055826002,155,92,8,3,258,258
Precinct,3055826003,806,129,21,12,968,968
Precinct,3055826004,449,149,16,7,621,621
Precinct,3055826005,1235,398,34,9,1676,1676
Precinct,3055826006,281,341,9,11,642,642
Precinct,3055826007,327,330,17,9,683,683
Precinct,3055826008,245,444,14,2,705,705
Precinct,3055826009,450,311,30,10,801,801
Precinct,3055826010,211,130,8,9,358,358
Precinct,3055826011,63,231,2,2,298,298
Precinct,3055826012,66,117,0,3,186,186
Precinct,3055826013,489,435,23,9,956,956
Precinct,3055826014,549,364,26,21,960,960
Precinct,3055826015,254,114,13,1,382,382
County,Hinsdale,180,319,17,8,524,524
Precinct,3055827001,180,319,17,8,524,524
County,Huerfano,1806,2176,107,55,4144,4144
Precinct,3354728002,448,543,20,10,1021,1021
Precinct,3354728003,339,587,21,19,966,966
Precinct,3354728004,373,382,18,7,780,780
Precinct,3354728005,458,366,38,12,874,874
Precinct,3356228001,188,298,10,7,503,503
County,Jackson,117,568,6,5,696,696
Precinct,2081329001,117,568,6,5,696,696
County,Jefferson,179308,144171,6749,3347,333575,333575
Precinct,1260130001,0,0,0,0,0,0
Precinct,1320130002,0,0,0,0,0,0
Precinct,2202730003,639,511,45,14,1209,1209
Precinct,6162530004,715,774,15,8,1512,1512
Precinct,6162530005,718,835,26,6,1585,1585
Precinct,6162530006,561,953,18,14,1546,1546
Precinct,6162530007,786,735,27,10,1558,1558
Precinct,6162530008,712,678,13,13,1416,1416
Precinct,6162530009,537,588,15,10,1150,1150
Precinct,6162530010,364,545,17,18,944,944
Precinct,6162530011,455,612,11,8,1086,1086
Precinct,6162530012,814,845,32,13,1704,1704
Precinct,6162530013,395,468,9,5,877,877
Precinct,6162530014,662,776,34,12,1484,1484
Precinct,6162530015,565,515,25,18,1123,1123
Precinct,6162530016,744,780,33,23,1580,1580
Precinct,6162530017,584,841,26,15,1466,1466
Precinct,6162530018,749,678,21,16,1464,1464
Precinct,6162530019,442,399,10,11,862,862
Precinct,6162530020,271,343,14,12,640,640
Precinct,6162830021,627,778,18,18,1441,1441
Precinct,6162830022,720,770,36,15,1541,1541
Precinct,6162830023,640,749,37,18,1444,1444
Precinct,6162830024,597,721,26,13,1357,1357
Precinct,6162830025,627,736,28,17,1408,1408
Precinct,6163830026,81,96,1,0,178,178
Precinct,6163830027,461,625,7,7,1100,1100
Precinct,6163830028,505,710,17,9,1241,1241
Precinct,6163830029,426,478,16,6,926,926
Precinct,6163830030,627,715,22,17,1381,1381
Precinct,6163830031,611,828,19,18,1476,1476
Precinct,6163830032,429,562,17,15,1023,1023
Precinct,7042530033,367,268,10,3,648,648
Precinct,7042530034,467,459,17,10,953,953
Precinct,7042530035,643,506,10,11,1170,1170
Precinct,7042530036,524,525,17,24,1090,1090
Precinct,7042530037,643,802,30,10,1485,1485
Precinct,7042530038,477,547,19,14,1057,1057
Precinct,7042530039,226,273,3,6,508,508
Precinct,7042530040,544,496,20,9,1069,1069
Precinct,7042530041,529,615,26,12,1182,1182
Precinct,7042530042,429,454,16,16,915,915
Precinct,7042530043,232,348,11,5,596,596
Precinct,7042530044,531,741,25,11,1308,1308
Precinct,7042530045,580,583,14,8,1185,1185
Precinct,7042530046,489,491,25,7,1012,1012
Precinct,7042530047,302,526,7,5,840,840
Precinct,7042530048,622,862,15,4,1503,1503
Precinct,7042530049,577,555,12,3,1147,1147
Precinct,7042530050,356,314,9,6,685,685
Precinct,7042530051,430,557,13,3,1003,1003
Precinct,7042530052,385,356,9,1,751,751
Precinct,7162830053,606,585,21,13,1225,1225
Precinct,7192430054,823,767,19,6,1615,1615
Precinct,7192430055,669,700,26,11,1406,1406
Precinct,7192430056,758,655,44,14,1471,1471
Precinct,7192430057,642,555,26,15,1238,1238
Precinct,7192430058,704,640,37,11,1392,1392
Precinct,7192430059,721,639,35,10,1405,1405
Precinct,7192430060,712,699,43,15,1469,1469
Precinct,7192430061,666,610,11,17,1304,1304
Precinct,7192430062,562,395,15,16,988,988
Precinct,7192430063,677,543,30,17,1267,1267
Precinct,7192430064,552,701,17,15,1285,1285
Precinct,7192430065,647,363,37,15,1062,1062
Precinct,7192430066,842,379,41,16,1278,1278
Precinct,7192430067,784,491,30,19,1324,1324
Precinct,7192430068,569,395,25,15,1004,1004
Precinct,7192430069,758,653,42,18,1471,1471
Precinct,7192430070,995,532,38,16,1581,1581
Precinct,7192430071,666,409,21,16,1112,1112
Precinct,7192430072,771,639,29,10,1449,1449
Precinct,7192430073,930,491,41,15,1477,1477
Precinct,7192430074,903,558,23,18,1502,1502
Precinct,7192430075,790,589,27,17,1423,1423
Precinct,7192430076,783,623,30,22,1458,1458
Precinct,7192430077,773,751,18,9,1551,1551
Precinct,7192430078,722,777,18,5,1522,1522
Precinct,7192430079,541,554,11,13,1119,1119
Precinct,7192430080,581,453,12,13,1059,1059
Precinct,7192430081,749,580,31,21,1381,1381
Precinct,7192430082,470,270,20,14,774,774
Precinct,7192430083,372,225,15,6,618,618
Precinct,7192430084,752,672,27,12,1463,1463
Precinct,7192430085,611,369,20,13,1013,1013
Precinct,7192430086,365,272,24,12,673,673
Precinct,7192430087,764,715,21,17,1517,1517
Precinct,7192430088,363,372,10,6,751,751
Precinct,7192730089,369,386,13,4,772,772
Precinct,7192730090,710,597,35,10,1352,1352
Precinct,7192730091,846,590,22,9,1467,1467
Precinct,7192730092,312,465,10,9,796,796
Precinct,7192730093,574,762,9,11,1356,1356
Precinct,7192730094,594,419,21,5,1039,1039
Precinct,7192730095,845,713,22,12,1592,1592
Precinct,7192730096,452,298,16,9,775,775
Precinct,7192730097,662,618,31,17,1328,1328
Precinct,7192730098,759,593,28,9,1389,1389
Precinct,7192730099,632,592,34,18,1276,1276
Precinct,7192730100,813,587,36,27,1463,1463
Precinct,7192730101,671,624,28,16,1339,1339
Precinct,7192730102,525,812,20,13,1370,1370
Precinct,7192730103,464,600,23,10,1097,1097
Precinct,7192730104,868,547,37,16,1468,1468
Precinct,7192730105,511,499,12,5,1027,1027
Precinct,7192730106,675,499,24,11,1209,1209
Precinct,7192930107,803,567,33,18,1421,1421
Precinct,7192930108,449,430,28,9,916,916
Precinct,7192930109,814,550,30,13,1407,1407
Precinct,7192930110,787,576,39,17,1419,1419
Precinct,7192930111,710,606,31,16,1363,1363
Precinct,7192930112,606,479,28,11,1124,1124
Precinct,7192930113,350,340,14,5,709,709
Precinct,7192930114,766,617,30,22,1435,1435
Precinct,7192930115,742,640,38,17,1437,1437
Precinct,7192930116,678,472,20,10,1180,1180
Precinct,7192930117,1090,688,43,24,1845,1845
Precinct,7192930118,697,479,25,8,1209,1209
Precinct,7192930119,616,457,33,10,1116,1116
Precinct,7192930120,669,462,18,8,1157,1157
Precinct,7192930121,760,554,25,12,1351,1351
Precinct,7192930122,671,535,27,12,1245,1245
Precinct,7192930123,426,257,15,2,700,700
Precinct,7192930124,949,474,35,17,1475,1475
Precinct,7192930125,364,201,19,4,588,588
Precinct,7192930126,680,353,15,12,1060,1060
Precinct,7193530127,606,421,31,10,1068,1068
Precinct,7193530128,614,383,25,13,1035,1035
Precinct,7202330129,558,493,17,6,1074,1074
Precinct,7202330130,746,511,20,10,1287,1287
Precinct,7202330131,905,507,37,12,1461,1461
Precinct,7202330132,815,631,27,28,1501,1501
Precinct,7202330133,806,576,35,16,1433,1433
Precinct,7202330134,875,619,28,20,1542,1542
Precinct,7202330135,898,476,34,18,1426,1426
Precinct,7202330136,878,581,33,11,1503,1503
Precinct,7202330137,684,541,23,11,1259,1259
Precinct,7202330138,793,596,19,12,1420,1420
Precinct,7202330139,344,269,8,5,626,626
Precinct,7202330140,345,381,9,6,741,741
Precinct,7202330141,490,331,21,13,855,855
Precinct,7202430142,284,500,7,7,798,798
Precinct,7202430143,666,852,16,15,1549,1549
Precinct,7202430144,305,325,10,5,645,645
Precinct,7202430145,799,440,29,11,1279,1279
Precinct,7202430146,441,484,17,5,947,947
Precinct,7202430147,348,517,14,8,887,887
Precinct,7202530148,525,582,16,5,1128,1128
Precinct,7202530149,697,682,11,7,1397,1397
Precinct,7202530150,452,398,3,1,854,854
Precinct,7202530151,518,491,11,0,1020,1020
Precinct,7202530152,340,371,13,5,729,729
Precinct,7202530153,491,340,17,8,856,856
Precinct,7202530154,543,381,12,7,943,943
Precinct,7202530155,610,338,18,6,972,972
Precinct,7202530156,580,480,15,14,1089,1089
Precinct,7202530157,761,593,31,15,1400,1400
Precinct,7202530158,677,461,24,7,1169,1169
Precinct,7202530159,388,414,26,4,832,832
Precinct,7202530160,610,520,13,3,1146,1146
Precinct,7202530161,579,428,21,10,1038,1038
Precinct,7202530162,405,443,19,4,871,871
Precinct,7202730163,586,431,14,7,1038,1038
Precinct,7202730164,762,648,27,10,1447,1447
Precinct,7202730165,954,564,46,18,1582,1582
Precinct,7202730166,565,509,17,8,1099,1099
Precinct,7202730167,608,516,15,9,1148,1148
Precinct,7202730168,227,322,7,2,558,558
Precinct,7202730169,649,693,25,8,1375,1375
Precinct,7202730170,843,668,28,10,1549,1549
Precinct,7202730171,760,803,32,6,1601,1601
Precinct,7202730172,727,684,23,12,1446,1446
Precinct,7202730173,108,111,6,0,225,225
Precinct,7202830174,736,769,30,20,1555,1555
Precinct,7202830175,653,682,23,10,1368,1368
Precinct,7202830176,672,757,32,11,1472,1472
Precinct,7202830177,611,712,18,6,1347,1347
Precinct,7202830178,751,665,38,18,1472,1472
Precinct,7202830179,612,739,31,13,1395,1395
Precinct,7202830180,784,680,37,15,1516,1516
Precinct,7202830181,461,487,20,17,985,985
Precinct,7202830182,677,767,21,12,1477,1477
Precinct,7202830183,793,728,22,7,1550,1550
Precinct,7202830184,649,700,33,11,1393,1393
Precinct,7202830185,711,751,27,11,1500,1500
Precinct,7202830186,492,599,8,7,1106,1106
Precinct,7202830187,459,397,21,10,887,887
Precinct,7202830188,372,574,11,3,960,960
Precinct,7202830189,151,124,7,5,287,287
Precinct,7202830190,65,64,5,3,137,137
Precinct,7202830191,838,643,21,11,1513,1513
Precinct,7202830192,818,685,21,8,1532,1532
Precinct,7202830193,739,487,33,19,1278,1278
Precinct,7202830194,728,671,21,13,1433,1433
Precinct,7202830195,396,501,10,8,915,915
Precinct,7202830196,362,348,12,7,729,729
Precinct,7202830197,391,290,13,3,697,697
Precinct,7202830198,424,349,10,16,799,799
Precinct,7202830199,555,449,10,6,1020,1020
Precinct,7202830200,627,374,27,21,1049,1049
Precinct,7202830201,776,414,33,13,1236,1236
Precinct,7202830202,575,468,30,14,1087,1087
Precinct,7202830203,708,537,41,21,1307,1307
Precinct,7202830204,760,731,21,11,1523,1523
Precinct,7202830205,619,574,31,8,1232,1232
Precinct,7202830206,566,484,21,10,1081,1081
Precinct,7202830207,385,416,8,5,814,814
Precinct,7202830208,279,263,7,7,556,556
Precinct,7202830209,654,568,15,9,1246,1246
Precinct,7203030210,473,366,13,18,870,870
Precinct,7203030211,746,534,44,11,1335,1335
Precinct,7203030212,690,664,22,17,1393,1393
Precinct,7203030213,784,522,23,15,1344,1344
Precinct,7203030214,431,359,22,8,820,820
Precinct,7203030215,723,437,17,21,1198,1198
Precinct,7203030216,417,390,15,11,833,833
Precinct,7222330217,730,484,37,24,1275,1275
Precinct,7222330218,541,289,21,14,865,865
Precinct,7222330219,443,355,21,17,836,836
Precinct,7222330220,637,352,34,16,1039,1039
Precinct,7222330221,444,223,8,13,688,688
Precinct,7222330222,894,584,21,12,1511,1511
Precinct,7222330223,875,558,26,7,1466,1466
Precinct,7222330224,927,432,21,17,1397,1397
Precinct,7222330225,683,509,19,9,1220,1220
Precinct,7222330226,604,327,18,7,956,956
Precinct,7222330227,892,445,33,16,1386,1386
Precinct,7222330228,688,568,23,7,1286,1286
Precinct,7222330229,791,372,34,16,1213,1213
Precinct,7222330230,941,560,42,10,1553,1553
Precinct,7222330231,749,472,31,15,1267,1267
Precinct,7222330232,609,211,10,4,834,834
Precinct,7222330233,460,284,25,12,781,781
Precinct,7222330234,859,385,22,13,1279,1279
Precinct,7222330235,653,262,16,9,940,940
Precinct,7222330236,449,372,25,10,856,856
Precinct,7222330237,653,343,26,12,1034,1034
Precinct,7222330238,789,496,26,18,1329,1329
Precinct,7222330239,177,159,10,3,349,349
Precinct,7222330240,271,168,14,11,464,464
Precinct,7222330241,365,234,21,9,629,629
Precinct,7222330242,815,530,31,9,1385,1385
Precinct,7222330243,539,172,20,12,743,743
Precinct,7222330244,440,356,10,12,818,818
Precinct,7222330245,383,192,10,4,589,589
Precinct,7222330246,793,368,46,13,1220,1220
Precinct,7222330247,417,222,13,10,662,662
Precinct,7222330248,662,313,35,9,1019,1019
Precinct,7222730249,685,505,32,18,1240,1240
Precinct,7222730250,720,490,48,12,1270,1270
Precinct,7222730251,887,465,16,10,1378,1378
Precinct,7222730252,539,284,18,3,844,844
Precinct,7222730253,791,576,40,12,1419,1419
Precinct,7222730254,672,281,31,9,993,993
Precinct,7222730255,654,268,17,9,948,948
Precinct,7222730256,702,585,27,13,1327,1327
Precinct,7222730257,11,14,0,1,26,26
Precinct,7222730258,876,366,29,12,1283,1283
Precinct,7222730259,738,256,28,11,1033,1033
Precinct,7222730260,776,327,27,11,1141,1141
Precinct,7222730261,442,304,19,12,777,777
Precinct,7222730262,195,179,8,2,384,384
Precinct,7222730263,670,290,14,6,980,980
Precinct,7223030264,579,295,24,7,905,905
Precinct,7223030265,804,591,32,13,1440,1440
Precinct,7223030266,588,288,24,18,918,918
Precinct,7223030267,663,381,31,10,1085,1085
Precinct,7223030268,685,548,26,12,1271,1271
Precinct,7223030269,638,344,22,18,1022,1022
Precinct,7223030270,578,298,30,11,917,917
Precinct,7223030271,859,326,43,16,1244,1244
Precinct,7223030272,522,204,22,12,760,760
Precinct,7223030273,721,206,36,12,975,975
Precinct,7223030274,874,340,19,15,1248,1248
Precinct,7223030275,557,433,17,6,1013,1013
Precinct,7223030276,521,441,15,10,987,987
Precinct,7223030277,617,387,52,17,1073,1073
Precinct,7223030278,635,364,25,12,1036,1036
Precinct,7223030279,643,515,34,14,1206,1206
Precinct,7223030280,678,486,26,20,1210,1210
Precinct,7223030281,581,311,28,9,929,929
Precinct,7223030282,437,382,15,6,840,840
Precinct,7223030283,442,265,27,12,746,746
Precinct,7223030284,656,413,36,13,1118,1118
Precinct,7223030285,530,197,22,9,758,758
Precinct,7223030286,618,384,24,18,1044,1044
Precinct,7223030287,530,217,25,8,780,780
Precinct,7223030288,480,371,16,5,872,872
Precinct,7223030289,853,491,28,19,1391,1391
Precinct,7223030290,626,381,38,13,1058,1058
Precinct,7223030291,343,175,30,7,555,555
Precinct,7223030292,541,183,32,11,767,767
Precinct,7223030293,647,335,42,18,1042,1042
Precinct,7223030294,482,276,24,10,792,792
Precinct,7223030295,452,325,14,11,802,802
Precinct,7223030296,364,222,16,4,606,606
Precinct,7223030297,432,347,16,11,806,806
Precinct,7223030298,404,157,15,8,584,584
County,Kiowa,77,664,12,2,755,755
Precinct,4354731001,14,117,4,1,136,136
Precinct,4354731002,18,220,4,0,242,242
Precinct,4354731003,41,265,3,1,310,310
Precinct,4354731004,4,62,1,0,67,67
County,Kit Carson,469,2901,40,22,3432,3432
Precinct,4355632001,46,277,5,7,335,335
Precinct,4355632002,45,187,4,0,236,236
Precinct,4355632003,46,236,7,2,291,291
Precinct,4355632004,31,243,2,0,276,276
Precinct,4355632005,53,364,3,0,420,420
Precinct,4355632006,53,204,4,2,263,263
Precinct,4355632007,19,226,3,3,251,251
Precinct,4355632008,25,182,1,3,211,211
Precinct,4355632009,45,277,0,1,323,323
Precinct,4355632010,17,121,1,0,139,139
Precinct,4355632011,30,169,2,1,202,202
Precinct,4355632012,26,181,3,2,212,212
Precinct,4355632013,33,234,5,1,273,273
County,La Plata,17273,13562,656,332,31823,31823
Precinct,3065934001,576,139,22,15,752,752
Precinct,3065934002,673,156,26,12,867,867
Precinct,3065934003,888,240,18,6,1152,1152
Precinct,3065934004,893,249,26,14,1182,1182
Precinct,3065934005,837,249,34,5,1125,1125
Precinct,3065934006,334,116,5,4,459,459
Precinct,3065934007,729,236,25,14,1004,1004
Precinct,3065934008,870,335,48,18,1271,1271
Precinct,3065934009,219,94,9,8,330,330
Precinct,3065934010,603,357,7,5,972,972
Precinct,3065934011,429,865,24,6,1324,1324
Precinct,3065934012,694,586,29,12,1321,1321
Precinct,3065934013,687,355,16,4,1062,1062
Precinct,3065934014,601,369,19,5,994,994
Precinct,3065934015,268,361,12,7,648,648
Precinct,3065934016,320,899,26,12,1257,1257
Precinct,3065934017,620,554,19,20,1213,1213
Precinct,3065934018,363,412,15,10,800,800
Precinct,3065934019,455,757,25,10,1247,1247
Precinct,3065934020,562,824,32,19,1437,1437
Precinct,3065934021,210,317,9,7,543,543
Precinct,3065934022,400,533,17,14,964,964
Precinct,3065934023,377,774,25,10,1186,1186
Precinct,3065934024,179,169,9,3,360,360
Precinct,3065934025,269,649,20,14,952,952
Precinct,3065934026,498,544,23,6,1071,1071
Precinct,3065934027,290,113,9,4,416,416
Precinct,3065934028,735,426,29,8,1198,1198
Precinct,3065934029,666,467,19,9,1161,1161
Precinct,3065934030,862,326,35,18,1241,1241
Precinct,3065934031,456,214,8,13,691,691
Precinct,3065934032,604,659,15,14,1292,1292
Precinct,3065934033,106,218,1,6,331,331
County,Lake,1797,1378,109,60,3344,3344
Precinct,7041333001,305,289,15,10,619,619
Precinct,7041333002,197,151,13,8,369,369
Precinct,7041333003,390,240,25,15,670,670
Precinct,7041333004,333,257,19,8,617,617
Precinct,7041333005,279,159,23,6,467,467
Precinct,7041333006,293,282,14,13,602,602
County,Larimer,107429,91015,4066,2156,204666,204666
Precinct,2145235314,861,593,24,12,1490,1490
Precinct,2145235315,958,532,43,17,1550,1550
Precinct,2145235316,799,377,27,9,1212,1212
Precinct,2145235317,619,227,15,12,873,873
Precinct,2145235324,836,317,29,6,1188,1188
Precinct,2145235325,912,369,35,13,1329,1329
Precinct,2145235326,882,403,19,10,1314,1314
Precinct,2145235327,953,509,34,15,1511,1511
Precinct,2145235328,835,508,21,11,1375,1375
Precinct,2145235329,836,594,17,10,1457,1457
Precinct,2145235330,691,562,23,16,1292,1292
Precinct,2145235331,696,427,15,15,1153,1153
Precinct,2145235332,762,628,28,13,1431,1431
Precinct,2145235333,610,550,10,11,1181,1181
Precinct,2145235334,776,562,21,8,1367,1367
Precinct,2145235335,757,389,32,18,1196,1196
Precinct,2145235336,882,478,34,10,1404,1404
Precinct,2145235337,885,356,35,16,1292,1292
Precinct,2145235338,866,365,22,21,1274,1274
Precinct,2145235348,745,359,30,10,1144,1144
Precinct,2145235349,958,452,27,14,1451,1451
Precinct,2145235350,978,465,27,24,1494,1494
Precinct,2145235351,838,599,20,6,1463,1463
Precinct,2145235352,831,644,26,8,1509,1509
Precinct,2145235353,611,466,30,10,1117,1117
Precinct,2145235354,775,604,30,13,1422,1422
Precinct,2145235356,791,528,23,15,1357,1357
Precinct,2145235357,878,445,31,11,1365,1365
Precinct,2145335302,852,615,40,16,1523,1523
Precinct,2145335303,857,627,34,7,1525,1525
Precinct,2145335304,773,456,30,12,1271,1271
Precinct,2145335305,1193,545,36,19,1793,1793
Precinct,2145335318,1100,393,34,22,1549,1549
Precinct,2145335319,795,500,37,13,1345,1345
Precinct,2145335320,916,361,41,15,1333,1333
Precinct,2145335321,1279,320,36,14,1649,1649
Precinct,2145335322,1009,235,42,12,1298,1298
Precinct,2145335323,993,279,35,15,1322,1322
Precinct,2145335339,1180,413,41,17,1651,1651
Precinct,2145335340,1274,312,46,19,1651,1651
Precinct,2145335341,1289,267,35,5,1596,1596
Precinct,2145335342,1186,276,47,13,1522,1522
Precinct,2145335344,994,401,39,18,1452,1452
Precinct,2145335345,1038,274,34,23,1369,1369
Precinct,2145335346,1074,326,40,23,1463,1463
Precinct,2145335347,1264,379,53,14,1710,1710
Precinct,2145335358,664,324,22,13,1023,1023
Precinct,2145335359,790,308,29,16,1143,1143
Precinct,2145335360,1035,425,32,14,1506,1506
Precinct,2145335361,1006,359,30,11,1406,1406
Precinct,2145335362,1000,414,37,8,1459,1459
Precinct,2145335363,996,376,42,14,1428,1428
Precinct,2145335364,980,424,47,13,1464,1464
Precinct,2145335365,1082,494,35,14,1625,1625
Precinct,2145335366,937,472,24,8,1441,1441
Precinct,2145335367,491,272,15,5,783,783
Precinct,2146535206,639,673,23,5,1340,1340
Precinct,2146535211,573,358,11,8,950,950
Precinct,2146535343,821,460,30,13,1324,1324
Precinct,2154935100,632,906,38,17,1593,1593
Precinct,2154935101,406,1059,27,18,1510,1510
Precinct,2154935102,636,751,25,17,1429,1429
Precinct,2154935103,656,465,16,10,1147,1147
Precinct,2154935104,442,714,15,8,1179,1179
Precinct,2154935105,485,961,30,13,1489,1489
Precinct,2154935106,581,700,21,8,1310,1310
Precinct,2154935107,736,610,23,11,1380,1380
Precinct,2154935108,729,572,14,9,1324,1324
Precinct,2154935109,720,575,22,14,1331,1331
Precinct,2154935110,748,636,22,8,1414,1414
Precinct,2154935111,773,632,19,11,1435,1435
Precinct,2154935507,466,994,26,24,1510,1510
Precinct,2154935514,505,831,24,10,1370,1370
Precinct,2155135400,253,331,12,3,599,599
Precinct,2155135407,483,744,18,14,1259,1259
Precinct,2155135435,305,650,17,11,983,983
Precinct,2155135437,31,26,0,0,57,57
Precinct,2155235355,431,301,15,5,752,752
Precinct,2155335368,658,541,29,21,1249,1249
Precinct,2155335369,24,4,0,0,28,28
Precinct,2156435591,0,0,0,0,0,0
Precinct,2156535209,417,682,18,19,1136,1136
Precinct,2156535210,724,611,38,15,1388,1388
Precinct,2234935509,97,142,2,0,241,241
Precinct,2235235300,355,355,12,3,725,725
Precinct,2235235306,520,389,27,19,955,955
Precinct,2235235307,690,633,33,11,1367,1367
Precinct,2235235308,939,514,24,7,1484,1484
Precinct,2235235309,796,738,25,13,1572,1572
Precinct,2235235310,819,732,11,9,1571,1571
Precinct,2235235311,991,637,21,11,1660,1660
Precinct,2235235312,873,575,33,17,1498,1498
Precinct,2235235313,738,583,20,15,1356,1356
Precinct,2235335301,2,7,0,0,9,9
Precinct,2236435508,92,198,4,2,296,296
Precinct,2236435592,0,0,0,0,0,0
Precinct,2236435593,0,0,0,0,0,0
Precinct,2236535600,810,1034,33,11,1888,1888
Precinct,2236535601,862,1262,26,13,2163,2163
Precinct,2236535602,989,1123,21,7,2140,2140
Precinct,2236535603,221,354,5,5,585,585
Precinct,4146535207,49,82,0,3,134,134
Precinct,4154935200,79,230,3,3,315,315
Precinct,4155135401,1221,1312,45,30,2608,2608
Precinct,4155135402,904,730,34,16,1684,1684
Precinct,4155135403,701,815,39,22,1577,1577
Precinct,4155135404,651,677,34,31,1393,1393
Precinct,4155135405,620,867,15,12,1514,1514
Precinct,4155135406,221,392,14,4,631,631
Precinct,4155135408,478,512,16,19,1025,1025
Precinct,4155135409,471,570,29,20,1090,1090
Precinct,4155135410,577,658,37,24,1296,1296
Precinct,4155135411,595,776,22,19,1412,1412
Precinct,4155135412,583,741,41,23,1388,1388
Precinct,4155135413,642,560,25,34,1261,1261
Precinct,4155135414,669,592,30,14,1305,1305
Precinct,4155135415,691,474,32,17,1214,1214
Precinct,4155135416,562,674,31,20,1287,1287
Precinct,4155135417,581,845,26,25,1477,1477
Precinct,4155135418,591,669,34,19,1313,1313
Precinct,4155135419,529,662,39,19,1249,1249
Precinct,4155135420,591,662,44,19,1316,1316
Precinct,4155135421,679,574,40,19,1312,1312
Precinct,4155135422,588,644,27,13,1272,1272
Precinct,4155135423,610,707,27,23,1367,1367
Precinct,4155135424,609,759,24,15,1407,1407
Precinct,4155135425,672,706,29,26,1433,1433
Precinct,4155135426,922,1061,30,21,2034,2034
Precinct,4155135427,630,600,27,18,1275,1275
Precinct,4155135428,639,769,22,18,1448,1448
Precinct,4155135429,627,747,22,19,1415,1415
Precinct,4155135430,648,655,27,20,1350,1350
Precinct,4155135431,622,736,23,29,1410,1410
Precinct,4155135432,570,736,27,12,1345,1345
Precinct,4155135433,633,829,32,16,1510,1510
Precinct,4155135434,636,807,26,16,1485,1485
Precinct,4155135436,770,884,21,9,1684,1684
Precinct,4155135504,629,988,32,24,1673,1673
Precinct,4156535201,259,588,12,13,872,872
Precinct,4156535202,552,823,24,21,1420,1420
Precinct,4156535203,674,884,48,27,1633,1633
Precinct,4156535204,520,748,29,11,1308,1308
Precinct,4156535208,570,949,35,14,1568,1568
Precinct,4156535500,5,32,0,0,37,37
Precinct,4156535503,10,24,1,0,35,35
Precinct,4236535205,542,794,27,19,1382,1382
Precinct,4236535604,0,0,0,0,0,0
Precinct,4236535605,511,1039,11,16,1577,1577
Precinct,4236535606,770,1158,24,10,1962,1962
Precinct,4236535607,490,947,12,6,1455,1455
Precinct,4236535608,415,882,12,10,1319,1319
Precinct,4236535691,0,0,0,0,0,0
Precinct,8236435505,630,786,22,19,1457,1457
Precinct,8236435506,645,973,27,16,1661,1661
Precinct,8236435510,631,792,22,19,1464,1464
Precinct,8236435511,730,918,41,19,1708,1708
Precinct,8236435512,730,1054,35,19,1838,1838
Precinct,8236435513,454,704,21,12,1191,1191
Precinct,8236535501,646,993,36,19,1694,1694
Precinct,8236535502,619,1007,30,13,1669,1669
County,Las Animas,3050,3942,188,67,7247,7247
Precinct,3354736001,188,659,18,8,873,873
Precinct,3354736002,559,710,24,11,1304,1304
Precinct,3354736003,487,985,26,11,1509,1509
Precinct,3354736004,387,478,19,9,893,893
Precinct,3354736005,370,245,26,7,648,648
Precinct,3354736006,557,486,39,13,1095,1095
Precinct,3354736007,502,379,36,8,925,925
County,Lincoln,357,1953,34,29,2373,2373
Precinct,4355637001,36,171,5,2,214,214
Precinct,4355637002,46,250,2,2,300,300
Precinct,4355637003,34,202,6,2,244,244
Precinct,4355637004,20,153,1,1,175,175
Precinct,4355637005,30,198,5,6,239,239
Precinct,4355637006,26,173,4,4,207,207
Precinct,4355637007,60,249,9,5,323,323
Precinct,4355637008,5,41,0,0,46,46
Precinct,4355637009,24,97,0,2,123,123
Precinct,4355637010,14,122,0,0,136,136
Precinct,4355637011,6,37,0,0,43,43
Precinct,4355637012,9,30,0,0,39,39
Precinct,4355637013,47,230,2,5,284,284
County,Logan,1763,7273,165,137,9338,9338
Precinct,4016338001,183,534,13,14,744,744
Precinct,4016338002,165,440,15,18,638,638
Precinct,4016338003,116,301,9,9,435,435
Precinct,4016338004,185,469,27,20,701,701
Precinct,4016338005,158,356,19,11,544,544
Precinct,4016338006,186,382,7,7,582,582
Precinct,4016338007,223,637,13,11,884,884
Precinct,4016338008,107,771,7,8,893,893
Precinct,4016338009,129,784,10,7,930,930
Precinct,4016338010,79,663,14,8,764,764
Precinct,4016338011,43,446,2,6,497,497
Precinct,4016338012,28,252,8,2,290,290
Precinct,4016338013,45,458,13,4,520,520
Precinct,4016338014,24,278,0,4,306,306
Precinct,4016338015,74,324,5,6,409,409
Precinct,4016338016,18,178,3,2,201,201
County,Mesa,27308,53583,1713,1013,83617,83617
Precinct,3075439001,212,1366,19,7,1604,1604
Precinct,3075439002,307,1126,16,9,1458,1458
Precinct,3075439003,450,903,20,11,1384,1384
Precinct,3075439004,488,813,34,25,1360,1360
Precinct,3075439005,478,1063,16,14,1571,1571
Precinct,3075439006,455,1156,32,17,1660,1660
Precinct,3075439007,474,989,30,14,1507,1507
Precinct,3075439008,273,1196,15,12,1496,1496
Precinct,3075439009,323,648,4,7,982,982
Precinct,3075439010,244,1062,18,11,1335,1335
Precinct,3075439011,38,131,3,0,172,172
Precinct,3075439012,225,992,26,13,1256,1256
Precinct,3075439013,318,870,27,19,1234,1234
Precinct,3075439014,380,959,33,10,1382,1382
Precinct,3075439015,230,539,22,13,804,804
Precinct,3075439016,175,640,12,7,834,834
Precinct,3075439017,606,742,32,24,1404,1404
Precinct,3075439018,105,499,8,4,616,616
Precinct,3075439019,56,355,10,9,430,430
Precinct,3075439020,318,950,21,14,1303,1303
Precinct,3075439021,338,813,38,20,1209,1209
Precinct,3075439022,341,683,42,21,1087,1087
Precinct,3075439023,419,801,33,24,1277,1277
Precinct,3075439024,404,771,41,23,1239,1239
Precinct,3075439025,271,572,17,15,875,875
Precinct,3075439026,409,923,31,23,1386,1386
Precinct,3075439027,389,859,25,16,1289,1289
Precinct,3075439028,402,1000,25,12,1439,1439
Precinct,3075439029,357,1072,28,18,1475,1475
Precinct,3075439030,335,836,19,22,1212,1212
Precinct,3075439031,310,660,29,17,1016,1016
Precinct,3075539055,380,823,8,7,1218,1218
Precinct,3075539056,565,914,24,11,1514,1514
Precinct,3075539057,375,750,19,15,1159,1159
Precinct,3075539058,310,951,20,13,1294,1294
Precinct,3075539059,372,799,16,9,1196,1196
Precinct,3075539060,314,380,19,7,720,720
Precinct,3075539061,632,934,22,15,1603,1603
Precinct,3075539062,486,512,15,6,1019,1019
Precinct,3075539063,731,782,26,7,1546,1546
Precinct,3075539064,600,744,22,16,1382,1382
Precinct,3075539065,541,977,35,16,1569,1569
Precinct,3075539066,476,1002,26,12,1516,1516
Precinct,3075539067,268,612,16,13,909,909
Precinct,3075539068,410,899,14,8,1331,1331
Precinct,3075539069,512,846,30,15,1403,1403
Precinct,3075539070,600,809,29,13,1451,1451
Precinct,3075539071,549,861,24,14,1448,1448
Precinct,3075539072,541,1124,17,16,1698,1698
Precinct,3075539073,431,931,21,17,1400,1400
Precinct,3075539074,716,661,32,19,1428,1428
Precinct,3075539075,540,522,40,27,1129,1129
Precinct,3075539076,585,680,31,26,1322,1322
Precinct,3075539077,358,523,17,15,913,913
Precinct,3075539078,382,744,43,25,1194,1194
Precinct,3075539079,531,748,37,20,1336,1336
Precinct,3075539080,893,532,48,26,1499,1499
Precinct,3075539081,616,512,34,22,1184,1184
Precinct,3075539082,451,683,31,18,1183,1183
Precinct,3075539083,337,582,34,13,966,966
Precinct,3075539084,305,702,27,17,1051,1051
Precinct,3075539085,466,839,45,18,1368,1368
Precinct,3075539086,425,785,39,13,1262,1262
Precinct,3075539087,490,889,43,22,1444,1444
Precinct,3075539088,316,857,26,11,1210,1210
Precinct,3075539089,302,667,14,12,995,995
Precinct,3075539090,372,1018,43,28,1461,1461
County,Mineral,259,386,13,4,662,662
Precinct,3066240001,259,386,13,4,662,662
County,Moffat,955,4999,101,60,6115,6115
Precinct,3082641001,141,920,17,9,1087,1087
Precinct,3082641002,64,459,8,3,534,534
Precinct,3082641003,125,853,13,8,999,999
Precinct,3082641004,6,20,0,0,26,26
Precinct,3082641005,124,553,12,11,700,700
Precinct,3082641006,11,172,3,1,187,187
Precinct,3082641007,83,477,6,5,571,571
Precinct,3082641008,36,140,5,1,182,182
Precinct,3082641009,112,472,8,8,600,600
Precinct,3082641010,15,92,1,0,108,108
Precinct,3082641011,90,324,8,11,433,433
Precinct,3082641012,83,259,12,3,357,357
Precinct,3082641013,65,258,8,0,331,331
County,Montezuma,4923,8602,291,160,13976,13976
Precinct,3065842001,161,699,10,4,874,874
Precinct,3065842003,372,1028,20,9,1429,1429
Precinct,3065842004,314,989,12,10,1325,1325
Precinct,3065942002,636,806,29,23,1494,1494
Precinct,3065942005,315,757,24,11,1107,1107
Precinct,3065942006,110,59,8,1,178,178
Precinct,3065942007,502,992,33,29,1556,1556
Precinct,3065942008,483,659,39,16,1197,1197
Precinct,3065942009,396,652,34,19,1101,1101
Precinct,3065942010,337,706,25,15,1083,1083
Precinct,3065942011,615,515,29,11,1170,1170
Precinct,3065942012,682,740,28,12,1462,1462
County,Montrose,6768,16107,409,234,23518,23518
Precinct,3055843003,201,1071,20,13,1305,1305
Precinct,3055843004,209,787,11,8,1015,1015
Precinct,3055843005,154,690,11,9,864,864
Precinct,3055843006,228,651,13,4,896,896
Precinct,3055843007,296,946,22,15,1279,1279
Precinct,3055843008,353,835,14,7,1209,1209
Precinct,3055843009,386,427,34,14,861,861
Precinct,3055843010,420,609,22,15,1066,1066
Precinct,3055843011,291,562,15,7,875,875
Precinct,3055843012,326,628,22,19,995,995
Precinct,3055843013,373,695,15,11,1094,1094
Precinct,3055843014,326,777,18,9,1130,1130
Precinct,3055843015,429,761,30,17,1237,1237
Precinct,3055843016,393,928,24,8,1353,1353
Precinct,3055843017,316,736,24,16,1092,1092
Precinct,3055843018,489,621,15,12,1137,1137
Precinct,3055843019,317,605,24,7,953,953
Precinct,3055843020,374,790,23,13,1200,1200
Precinct,3055843021,408,989,14,7,1418,1418
Precinct,3065843001,205,1103,23,15,1346,1346
Precinct,3065843002,274,896,15,8,1193,1193
County,Morgan,2889,9128,243,157,12417,12417
Precinct,4016344001,136,790,18,6,950,950
Precinct,4016344002,85,507,6,1,599,599
Precinct,4016344003,179,604,18,8,809,809
Precinct,4016344004,123,584,13,9,729,729
Precinct,4016344005,230,568,17,10,825,825
Precinct,4016344006,254,427,19,13,713,713
Precinct,4016344007,200,322,14,8,544,544
Precinct,4016344008,151,332,11,7,501,501
Precinct,4016344009,236,354,6,14,610,610
Precinct,4016344010,203,450,11,9,673,673
Precinct,4016344011,169,745,14,12,940,940
Precinct,4016344012,27,211,4,4,246,246
Precinct,4016344013,46,325,4,8,383,383
Precinct,4016344014,168,389,17,6,580,580
Precinct,4016344015,164,439,7,10,620,620
Precinct,4016344016,125,497,21,6,649,649
Precinct,4016344017,232,722,12,16,982,982
Precinct,4016344018,161,862,31,10,1064,1064
County,Otero,2944,5311,153,113,8521,8521
Precinct,3354745001,285,494,17,12,808,808
Precinct,3354745002,123,298,7,3,431,431
Precinct,3354745003,182,514,14,6,716,716
Precinct,3354745004,120,330,2,5,457,457
Precinct,3354745005,190,139,6,11,346,346
Precinct,3354745006,54,356,0,7,417,417
Precinct,3354745007,154,233,9,7,403,403
Precinct,3354745008,228,197,10,7,442,442
Precinct,3354745009,224,235,13,8,480,480
Precinct,3354745010,165,182,8,5,360,360
Precinct,3354745011,153,418,10,6,587,587
Precinct,3354745012,308,312,23,9,652,652
Precinct,3354745013,242,192,6,5,445,445
Precinct,3354745014,228,378,12,8,626,626
Precinct,3354745015,119,291,4,3,417,417
Precinct,3354745016,105,537,6,7,655,655
Precinct,3354745017,64,205,6,4,279,279
County,Ouray,2028,1584,69,20,3701,3701
Precinct,3065846001,269,161,5,3,438,438
Precinct,3065846002,282,294,12,4,592,592
Precinct,3065846003,758,471,22,5,1256,1256
Precinct,3065846004,168,377,6,5,556,556
Precinct,3065846005,551,281,24,3,859,859
County,Park,4104,6692,213,174,11183,11183
Precinct,7041347001,576,630,36,23,1265,1265
Precinct,7041347002,369,242,17,6,634,634
Precinct,7041347003,297,554,21,23,895,895
Precinct,7041347004,76,156,5,5,242,242
Precinct,7041347005,143,375,4,4,526,526
Precinct,7041347006,195,501,11,13,720,720
Precinct,7041347007,224,639,17,14,894,894
Precinct,7041347008,264,449,13,11,737,737
Precinct,7041347009,237,318,5,13,573,573
Precinct,7041347010,411,681,27,23,1142,1142
Precinct,7041347011,262,522,6,8,798,798
Precinct,7041347012,529,887,31,18,1465,1465
Precinct,7041347013,521,738,20,13,1292,1292
County,Phillips,312,1717,30,25,2084,2084
Precinct,4016348001,58,292,2,1,353,353
Precinct,4016348002,4,71,3,3,81,81
Precinct,4016348003,48,198,2,0,248,248
Precinct,4016348004,63,344,9,7,423,423
Precinct,4016348005,19,123,1,1,144,144
Precinct,4016348006,50,235,7,2,294,294
Precinct,4016348007,38,329,1,6,374,374
Precinct,4016348008,32,125,5,5,167,167
County,Pitkin,6639,2975,172,79,9865,9865
Precinct,3055749001,675,284,19,6,984,984
Precinct,3055749002,527,286,13,7,833,833
Precinct,3055749003,582,201,12,6,801,801
Precinct,3055749004,520,239,13,5,777,777
Precinct,3055749005,539,286,14,4,843,843
Precinct,3055749006,574,220,16,9,819,819
Precinct,3055749007,561,247,19,13,840,840
Precinct,3055749008,615,215,11,7,848,848
Precinct,3055749009,460,246,16,6,728,728
Precinct,3055749010,428,221,11,4,664,664
Precinct,3055749011,735,338,13,9,1095,1095
Precinct,3055749012,423,192,15,3,633,633
County,Prowers,1094,3494,74,53,4715,4715
Precinct,4354750001,196,838,12,9,1055,1055
Precinct,4354750002,152,729,13,11,905,905
Precinct,4354750003,230,717,17,9,973,973
Precinct,4354750004,263,786,24,13,1086,1086
Precinct,4354750005,253,424,8,11,696,696
County,Pueblo,37062,41043,1840,1061,81006,81006
Precinct,3034651001,451,467,28,13,959,959
Precinct,3034651002,406,438,20,12,876,876
Precinct,3034651003,555,590,26,12,1183,1183
Precinct,3034651004,452,485,13,8,958,958
Precinct,3034651006,229,259,14,4,506,506
Precinct,3034651007,435,354,18,11,818,818
Precinct,3034651008,457,417,15,9,898,898
Precinct,3034651009,290,200,20,7,517,517
Precinct,3034651010,438,269,15,11,733,733
Precinct,3034651011,378,295,17,9,699,699
Precinct,3034651012,360,355,23,8,746,746
Precinct,3034651013,224,141,13,12,390,390
Precinct,3034651014,295,154,20,10,479,479
Precinct,3034651015,391,295,21,11,718,718
Precinct,3034651016,314,287,19,13,633,633
Precinct,3034651017,384,340,17,18,759,759
Precinct,3034651018,632,426,37,17,1112,1112
Precinct,3034651019,167,124,11,5,307,307
Precinct,3034651020,90,81,6,1,178,178
Precinct,3034651021,287,165,14,9,475,475
Precinct,3034651022,192,156,18,7,373,373
Precinct,3034651023,346,294,15,7,662,662
Precinct,3034651024,365,216,19,7,607,607
Precinct,3034651033,81,49,6,2,138,138
Precinct,3034651034,282,130,6,6,424,424
Precinct,3034651035,84,54,4,2,144,144
Precinct,3034651036,258,228,8,3,497,497
Precinct,3034651037,280,237,10,6,533,533
Precinct,3034651038,311,251,13,8,583,583
Precinct,3034651039,142,89,11,2,244,244
Precinct,3034651040,236,111,7,9,363,363
Precinct,3034651041,243,71,12,3,329,329
Precinct,3034651042,165,99,15,2,281,281
Precinct,3034651043,204,78,11,6,299,299
Precinct,3034651044,148,67,5,4,224,224
Precinct,3034651045,48,29,3,2,82,82
Precinct,3034651049,143,88,8,6,245,245
Precinct,3034651051,417,223,20,13,673,673
Precinct,3034651052,292,175,15,10,492,492
Precinct,3034651053,252,199,10,2,463,463
Precinct,3034651054,201,116,9,2,328,328
Precinct,3034651055,265,217,7,9,498,498
Precinct,3034651056,227,235,8,3,473,473
Precinct,3034651057,339,267,15,14,635,635
Precinct,3034651058,255,293,7,4,559,559
Precinct,3034651059,166,169,5,8,348,348
Precinct,3034651060,451,390,20,13,874,874
Precinct,3034651061,325,183,10,6,524,524
Precinct,3034651062,292,305,12,7,616,616
Precinct,3034651063,430,387,16,21,854,854
Precinct,3034651064,73,56,7,1,137,137
Precinct,3034651065,60,70,1,0,131,131
Precinct,3034651066,393,445,14,10,862,862
Precinct,3034651067,261,174,10,10,455,455
Precinct,3034651068,241,144,8,9,402,402
Precinct,3034651087,322,372,9,6,709,709
Precinct,3034651088,534,625,17,12,1188,1188
Precinct,3034651089,476,435,17,9,937,937
Precinct,3034651090,157,198,3,2,360,360
Precinct,3034651094,12,7,0,0,19,19
Precinct,3034651095,27,15,1,0,43,43
Precinct,3034651096,231,159,9,3,402,402
Precinct,3034651099,0,0,0,0,0,0
Precinct,3034651102,236,293,11,4,544,544
Precinct,3034651103,263,379,11,7,660,660
Precinct,3034651104,232,413,10,4,659,659
Precinct,3034651105,379,682,18,12,1091,1091
Precinct,3034651106,269,611,10,7,897,897
Precinct,3034651107,396,784,21,20,1221,1221
Precinct,3034651108,150,434,14,3,601,601
Precinct,3034651109,201,343,17,9,570,570
Precinct,3034651112,33,109,2,1,145,145
Precinct,3034651113,205,289,12,7,513,513
Precinct,3034651116,0,0,0,0,0,0
Precinct,3034651222,0,0,0,0,0,0
Precinct,3034651223,7,31,1,0,39,39
Precinct,3034651301,292,598,21,17,928,928
Precinct,3034651302,244,593,17,5,859,859
Precinct,3034651303,64,321,7,5,397,397
Precinct,3034651305,163,352,13,5,533,533
Precinct,3034651401,276,361,14,9,660,660
Precinct,3034651402,200,559,12,10,781,781
Precinct,3034651403,257,385,9,11,662,662
Precinct,3034751005,73,139,6,2,220,220
Precinct,3034751110,28,135,5,4,172,172
Precinct,3034751111,101,308,12,3,424,424
Precinct,3034751114,35,145,2,2,184,184
Precinct,3034751201,259,684,19,10,972,972
Precinct,3034751202,368,856,26,16,1266,1266
Precinct,3034751203,347,811,22,15,1195,1195
Precinct,3034751204,251,482,23,3,759,759
Precinct,3034751205,221,408,11,5,645,645
Precinct,3034751206,328,456,24,11,819,819
Precinct,3034751207,328,547,20,8,903,903
Precinct,3034751208,403,533,19,15,970,970
Precinct,3034751209,314,670,10,4,998,998
Precinct,3034751210,176,250,14,7,447,447
Precinct,3034751211,333,475,12,7,827,827
Precinct,3034751212,248,406,24,1,679,679
Precinct,3034751214,367,611,18,17,1013,1013
Precinct,3034751226,189,460,14,9,672,672
Precinct,3036051213,391,756,12,11,1170,1170
Precinct,3036051215,357,690,20,13,1080,1080
Precinct,3036051216,225,607,18,7,857,857
Precinct,3036051217,181,418,8,3,610,610
Precinct,3036051218,339,942,13,8,1302,1302
Precinct,3036051219,445,857,15,9,1326,1326
Precinct,3036051220,221,624,17,5,867,867
Precinct,3036051221,128,222,4,3,357,357
Precinct,3036051224,16,43,2,1,62,62
Precinct,3036251025,227,141,10,8,386,386
Precinct,3036251026,361,155,9,13,538,538
Precinct,3036251027,296,170,12,9,487,487
Precinct,3036251028,219,113,18,7,357,357
Precinct,3036251029,207,93,9,2,311,311
Precinct,3036251030,341,154,18,12,525,525
Precinct,3036251031,333,148,17,13,511,511
Precinct,3036251032,182,96,7,7,292,292
Precinct,3036251046,292,135,13,11,451,451
Precinct,3036251047,201,106,11,6,324,324
Precinct,3036251048,207,114,8,7,336,336
Precinct,3036251050,338,155,23,9,525,525
Precinct,3036251069,335,245,14,16,610,610
Precinct,3036251070,205,121,17,7,350,350
Precinct,3036251071,300,185,17,9,511,511
Precinct,3036251072,288,212,19,9,528,528
Precinct,3036251073,236,127,12,2,377,377
Precinct,3036251074,262,147,8,8,425,425
Precinct,3036251075,348,244,19,13,624,624
Precinct,3036251076,205,94,9,2,310,310
Precinct,3036251077,165,101,12,9,287,287
Precinct,3036251078,239,163,8,3,413,413
Precinct,3036251079,228,154,19,4,405,405
Precinct,3036251080,384,258,18,10,670,670
Precinct,3036251081,349,184,17,7,557,557
Precinct,3036251082,620,521,23,20,1184,1184
Precinct,3036251083,295,219,14,7,535,535
Precinct,3036251084,350,275,11,12,648,648
Precinct,3036251085,235,209,15,10,469,469
Precinct,3036251086,213,137,11,2,363,363
Precinct,3036251091,171,107,4,4,286,286
Precinct,3036251092,77,15,0,4,96,96
Precinct,3036251093,29,10,1,1,41,41
Precinct,3036251097,9,13,1,0,23,23
Precinct,3036251101,178,66,9,2,255,255
Precinct,3036251115,0,0,0,0,0,0
Precinct,3036251117,15,39,4,0,58,58
Precinct,3036251304,121,297,5,5,428,428
County,Rio Blanco,461,2862,40,24,3387,3387
Precinct,3082652001,68,636,10,5,719,719
Precinct,3082652002,46,516,8,1,571,571
Precinct,3082652003,162,748,10,7,927,927
Precinct,3082652004,182,926,12,11,1131,1131
Precinct,3082652005,3,36,0,0,39,39
County,Rio Grande,2077,3472,109,71,5729,5729
Precinct,3066253001,109,135,4,3,251,251
Precinct,3066253002,216,228,11,5,460,460
Precinct,3066253003,210,354,11,9,584,584
Precinct,3066253004,121,136,12,4,273,273
Precinct,3066253005,68,259,5,2,334,334
Precinct,3066253006,31,94,1,1,127,127
Precinct,3066253007,106,271,6,7,390,390
Precinct,3066253008,125,406,10,12,553,553
Precinct,3066253009,164,141,10,3,318,318
Precinct,3066253010,286,565,9,2,862,862
Precinct,3066253011,128,238,7,7,380,380
Precinct,3066253012,133,121,9,2,265,265
Precinct,3066253013,107,188,1,4,300,300
Precinct,3066253014,123,227,6,7,363,363
Precinct,3066253015,150,109,7,3,269,269
County,Routt,7865,5850,262,127,14104,14104
Precinct,2082654001,345,396,11,6,758,758
Precinct,2082654002,230,518,23,16,787,787
Precinct,2082654003,360,228,14,3,605,605
Precinct,2082654004,401,283,19,4,707,707
Precinct,2082654005,267,446,16,7,736,736
Precinct,2082654006,336,360,7,9,712,712
Precinct,2082654007,356,355,10,8,729,729
Precinct,2082654008,253,249,17,6,525,525
Precinct,2082654009,461,331,13,4,809,809
Precinct,2082654010,187,395,8,4,594,594
Precinct,2082654011,457,267,23,9,756,756
Precinct,2082654012,558,221,13,8,800,800
Precinct,2082654013,599,193,15,4,811,811
Precinct,2082654014,627,261,14,5,907,907
Precinct,2082654015,497,281,11,7,796,796
Precinct,2082654016,480,357,8,6,851,851
Precinct,2082654017,475,274,17,5,771,771
Precinct,2082654018,522,213,8,6,749,749
Precinct,2082654019,454,222,15,10,701,701
County,Saguache,1506,1408,114,42,3070,3070
Precinct,3066255001,339,554,32,11,936,936
Precinct,3066255002,28,66,4,1,99,99
Precinct,3066255003,97,77,4,3,181,181
Precinct,3066255004,76,113,3,7,199,199
Precinct,3066255005,599,135,40,6,780,780
Precinct,3066255006,192,251,22,8,473,473
Precinct,3066255007,175,212,9,6,402,402
County,San Juan,312,165,21,8,506,506
Precinct,3065956001,312,165,21,8,506,506
County,San Miguel,2927,1160,104,45,4236,4236
Precinct,3065857001,1007,263,32,18,1320,1320
Precinct,3065857002,808,184,26,7,1025,1025
Precinct,3065857003,400,108,7,5,520,520
Precinct,3065857004,329,388,24,10,751,751
Precinct,3065857005,14,63,4,0,81,81
Precinct,3065857006,369,154,11,5,539,539
County,Sedgwick,203,928,32,16,1179,1179
Precinct,4016358001,57,218,6,7,288,288
Precinct,4016358002,38,191,4,2,235,235
Precinct,4016358003,51,177,9,5,242,242
Precinct,4016358004,27,147,8,1,183,183
Precinct,4016358005,30,195,5,1,231,231
County,Summit,8945,5648,270,164,15027,15027
Precinct,2081359001,508,325,13,10,856,856
Precinct,2081359002,648,384,16,12,1060,1060
Precinct,2081359003,321,216,6,6,549,549
Precinct,2081359004,763,343,17,16,1139,1139
Precinct,2081359005,626,472,13,6,1117,1117
Precinct,2081359006,348,196,16,6,566,566
Precinct,2081359007,441,302,18,10,771,771
Precinct,2081359008,222,162,3,4,391,391
Precinct,2081359009,506,342,19,12,879,879
Precinct,2081359010,331,269,9,9,618,618
Precinct,2081359011,324,250,9,6,589,589
Precinct,2081359012,137,165,3,1,306,306
Precinct,2081359013,507,439,14,13,973,973
Precinct,2081359014,349,164,13,1,527,527
Precinct,2081359015,426,231,9,5,671,671
Precinct,2081359016,383,232,18,7,640,640
Precinct,2081359017,544,291,17,7,859,859
Precinct,2081359018,401,233,13,8,655,655
Precinct,2081359019,514,281,17,12,824,824
Precinct,2081359020,646,351,27,13,1037,1037
County,Teller,4361,10666,191,113,15331,15331
Precinct,7046060001,291,878,12,9,1190,1190
Precinct,7046060002,396,794,18,8,1216,1216
Precinct,7046060003,384,915,23,8,1330,1330
Precinct,7046060004,350,1011,19,7,1387,1387
Precinct,7046060005,255,556,15,7,833,833
Precinct,7046060006,109,194,3,5,311,311
Precinct,7046060007,466,1192,25,18,1701,1701
Precinct,7046060008,386,881,13,6,1286,1286
Precinct,7046060009,416,1023,10,10,1459,1459
Precinct,7046060010,291,727,8,10,1036,1036
Precinct,7046060011,497,1201,19,7,1724,1724
Precinct,7046060012,282,763,12,10,1067,1067
Precinct,7046060013,232,525,14,8,779,779
Precinct,7121860014,6,6,0,0,12,12
County,Washington,257,2268,41,27,2593,2593
Precinct,4016361001,10,97,2,1,110,110
Precinct,4016361002,155,1140,23,17,1335,1335
Precinct,4016361003,11,140,6,0,157,157
Precinct,4016361004,48,434,7,4,493,493
Precinct,4016361005,17,161,1,2,181,181
Precinct,4016361006,16,296,2,3,317,317
County,Weld,58087,101846,3167,1944,165044,165044
Precinct,2171962219,290,202,15,3,510,510
Precinct,2171962334,873,684,33,9,1599,1599
Precinct,2171962335,537,498,12,12,1059,1059
Precinct,2171962336,677,501,20,7,1205,1205
Precinct,2171962337,492,450,23,7,972,972
Precinct,2171962338,451,622,21,11,1105,1105
Precinct,2171962339,416,345,6,3,770,770
Precinct,2171962340,553,668,27,6,1254,1254
Precinct,2171962341,570,484,16,8,1078,1078
Precinct,2171962342,791,504,18,6,1319,1319
Precinct,2171962343,555,438,23,8,1024,1024
Precinct,2171962344,572,582,18,7,1179,1179
Precinct,2231962218,40,106,3,0,149,149
Precinct,2231962355,0,10,0,0,10,10
Precinct,2231962356,82,163,8,0,253,253
Precinct,2231962357,0,13,0,0,13,13
Precinct,2231962358,4,12,0,0,16,16
Precinct,2236462260,23,51,0,0,74,74
Precinct,2236462261,1,12,0,0,13,13
Precinct,2236562159,0,0,0,0,0,0
Precinct,4014862301,193,743,19,15,970,970
Precinct,4014862302,251,795,20,18,1084,1084
Precinct,4014862303,135,805,10,10,960,960
Precinct,4016362100,40,280,8,3,331,331
Precinct,4016362101,27,261,1,3,292,292
Precinct,4016362102,17,196,6,2,221,221
Precinct,4016362103,48,554,5,1,608,608
Precinct,4016362104,140,984,7,9,1140,1140
Precinct,4016362105,184,835,16,4,1039,1039
Precinct,4016362106,92,455,7,5,559,559
Precinct,4016362107,283,1087,12,14,1396,1396
Precinct,4016362108,342,1040,30,21,1433,1433
Precinct,4016362300,6,101,1,0,108,108
Precinct,4016362353,45,282,3,3,333,333
Precinct,4016362354,49,410,5,0,464,464
Precinct,4016462402,0,0,0,0,0,0
Precinct,4016562125,394,951,20,7,1372,1372
Precinct,4016562126,189,608,13,4,814,814
Precinct,4016562127,312,651,21,6,990,990
Precinct,4016562128,369,715,35,14,1133,1133
Precinct,4016562129,316,729,23,8,1076,1076
Precinct,4016562130,295,906,19,13,1233,1233
Precinct,4016562131,296,755,21,12,1084,1084
Precinct,4016562132,190,853,9,12,1064,1064
Precinct,4016562133,185,947,11,15,1158,1158
Precinct,4236362109,94,259,4,2,359,359
Precinct,4236562110,31,122,2,3,158,158
Precinct,4236562111,342,661,10,16,1029,1029
Precinct,4236562112,352,798,11,10,1171,1171
Precinct,4236562113,522,1012,20,19,1573,1573
Precinct,4236562114,467,686,22,13,1188,1188
Precinct,4236562115,257,418,15,11,701,701
Precinct,4236562116,434,675,25,16,1150,1150
Precinct,4236562117,347,578,9,8,942,942
Precinct,4236562118,390,756,22,12,1180,1180
Precinct,4236562119,414,692,25,13,1144,1144
Precinct,4236562120,391,886,17,14,1308,1308
Precinct,4236562121,413,845,29,8,1295,1295
Precinct,4236562122,320,668,5,4,997,997
Precinct,4236562123,330,883,13,5,1231,1231
Precinct,4236562124,870,1857,39,22,2788,2788
Precinct,4236562157,34,63,1,0,98,98
Precinct,4236562158,97,268,2,1,368,368
Precinct,7171962607,0,0,0,0,0,0
Precinct,7253362362,0,0,0,0,0,0
Precinct,8014862135,14,43,2,0,59,59
Precinct,8014862304,352,522,30,10,914,914
Precinct,8014862305,317,516,18,12,863,863
Precinct,8014862306,297,361,14,17,689,689
Precinct,8014862307,300,610,25,9,944,944
Precinct,8014862308,157,568,14,4,743,743
Precinct,8014862309,152,758,17,13,940,940
Precinct,8014862310,163,831,11,14,1019,1019
Precinct,8014862311,210,695,19,14,938,938
Precinct,8015062400,0,0,0,0,0,0
Precinct,8015062401,0,0,0,0,0,0
Precinct,8015062403,0,0,0,0,0,0
Precinct,8015062500,0,0,0,0,0,0
Precinct,8015062600,0,0,0,0,0,0
Precinct,8015062602,0,0,0,0,0,0
Precinct,8016362134,171,879,18,9,1077,1077
Precinct,8016362329,55,350,4,4,413,413
Precinct,8016462148,313,478,18,13,822,822
Precinct,8016462149,350,614,20,10,994,994
Precinct,8016462150,311,621,9,5,946,946
Precinct,8016462151,377,628,25,7,1037,1037
Precinct,8016462152,209,369,8,10,596,596
Precinct,8016462153,447,816,11,15,1289,1289
Precinct,8016462154,285,654,9,4,952,952
Precinct,8016462245,469,760,18,16,1263,1263
Precinct,8016462246,431,595,16,9,1051,1051
Precinct,8016462247,374,729,15,10,1128,1128
Precinct,8016462248,390,647,17,12,1066,1066
Precinct,8016462249,421,691,26,10,1148,1148
Precinct,8016462250,347,689,13,12,1061,1061
Precinct,8016462251,459,910,23,14,1406,1406
Precinct,8016462252,382,579,15,7,983,983
Precinct,8016462253,267,523,15,4,809,809
Precinct,8016462254,205,376,10,8,599,599
Precinct,8016462255,354,589,11,8,962,962
Precinct,8016462256,259,550,10,5,824,824
Precinct,8016462257,411,721,21,13,1166,1166
Precinct,8016462258,615,876,27,25,1543,1543
Precinct,8016562155,85,495,6,2,588,588
Precinct,8134862222,48,140,3,3,194,194
Precinct,8134862312,210,481,12,9,712,712
Precinct,8134862313,533,977,31,20,1561,1561
Precinct,8134862314,298,389,12,11,710,710
Precinct,8134862315,333,556,25,16,930,930
Precinct,8134862316,386,528,23,13,950,950
Precinct,8134862317,226,447,9,18,700,700
Precinct,8134862318,341,746,19,20,1126,1126
Precinct,8134862319,274,736,26,11,1047,1047
Precinct,8134862320,355,658,37,19,1069,1069
Precinct,8135062136,306,178,20,10,514,514
Precinct,8135062137,301,222,19,19,561,561
Precinct,8135062138,659,382,30,26,1097,1097
Precinct,8135062139,379,377,23,12,791,791
Precinct,8135062140,352,273,19,16,660,660
Precinct,8135062141,467,393,15,9,884,884
Precinct,8135062142,650,456,39,33,1178,1178
Precinct,8135062143,475,479,29,13,996,996
Precinct,8135062144,369,307,20,20,716,716
Precinct,8135062145,513,504,22,34,1073,1073
Precinct,8135062146,564,603,34,32,1233,1233
Precinct,8135062147,348,382,22,26,778,778
Precinct,8135062235,619,713,27,16,1375,1375
Precinct,8135062236,366,494,19,9,888,888
Precinct,8135062237,447,719,37,12,1215,1215
Precinct,8135062238,290,456,20,14,780,780
Precinct,8135062239,131,414,6,2,553,553
Precinct,8135062330,11,52,0,0,63,63
Precinct,8135062331,303,443,23,15,784,784
Precinct,8135062332,473,680,42,21,1216,1216
Precinct,8135062333,373,393,13,11,790,790
Precinct,8135062345,346,528,36,26,936,936
Precinct,8135062346,407,614,30,19,1070,1070
Precinct,8135062347,392,534,21,14,961,961
Precinct,8135062348,276,291,22,9,598,598
Precinct,8135062349,363,386,17,14,780,780
Precinct,8135062350,292,254,24,11,581,581
Precinct,8135062351,420,441,25,16,902,902
Precinct,8135062352,487,431,17,14,949,949
Precinct,8135062360,56,49,2,2,109,109
Precinct,8136362404,0,0,0,0,0,0
Precinct,8136462240,131,165,10,8,314,314
Precinct,8136462241,431,505,23,11,970,970
Precinct,8136462242,358,619,17,11,1005,1005
Precinct,8136462243,484,545,23,13,1065,1065
Precinct,8136462244,402,579,23,16,1020,1020
Precinct,8136462264,0,0,0,0,0,0
Precinct,8136462501,0,0,0,0,0,0
Precinct,8231962220,496,661,14,9,1180,1180
Precinct,8231962221,353,501,23,6,883,883
Precinct,8231962223,643,1013,28,13,1697,1697
Precinct,8231962224,360,500,15,18,893,893
Precinct,8231962225,512,752,34,11,1309,1309
Precinct,8231962226,437,804,36,16,1293,1293
Precinct,8231962227,560,868,30,19,1477,1477
Precinct,8231962228,457,736,24,13,1230,1230
Precinct,8231962229,427,729,16,9,1181,1181
Precinct,8231962230,688,1045,29,28,1790,1790
Precinct,8231962231,461,752,28,9,1250,1250
Precinct,8231962232,565,761,28,25,1379,1379
Precinct,8231962233,375,589,31,16,1011,1011
Precinct,8231962234,352,637,26,12,1027,1027
Precinct,8231962262,217,224,18,15,474,474
Precinct,8231962263,345,667,16,13,1041,1041
Precinct,8231962323,66,228,2,4,300,300
Precinct,8231962324,343,517,32,15,907,907
Precinct,8231962325,503,896,29,14,1442,1442
Precinct,8231962326,333,470,17,8,828,828
Precinct,8231962327,250,446,9,5,710,710
Precinct,8231962328,387,494,25,16,922,922
Precinct,8233362601,0,0,0,0,0,0
Precinct,8234862216,9,81,3,0,93,93
Precinct,8234862217,23,121,2,3,149,149
Precinct,8234862321,34,177,4,3,218,218
Precinct,8234862322,9,48,3,0,60,60
Precinct,8234862361,3,28,0,0,31,31
Precinct,8236462200,461,986,21,7,1475,1475
Precinct,8236462201,343,806,15,14,1178,1178
Precinct,8236462202,401,922,30,18,1371,1371
Precinct,8236462203,266,779,15,6,1066,1066
Precinct,8236462204,373,838,32,14,1257,1257
Precinct,8236462205,232,481,9,12,734,734
Precinct,8236462206,274,769,22,7,1072,1072
Precinct,8236462207,348,569,8,9,934,934
Precinct,8236462208,446,835,26,16,1323,1323
Precinct,8236462209,395,808,30,15,1248,1248
Precinct,8236462210,377,933,18,6,1334,1334
Precinct,8236462211,349,797,21,18,1185,1185
Precinct,8236462212,265,710,17,14,1006,1006
Precinct,8236462213,225,508,12,4,749,749
Precinct,8236462214,251,442,25,9,727,727
Precinct,8236462215,182,557,22,12,773,773
Precinct,8236562156,11,120,1,0,132,132
Precinct,8236562259,56,264,4,1,325,325
County,Yuma,600,3612,52,36,4300,4300
Precinct,4016363001,34,298,4,4,340,340
Precinct,4016363002,55,308,4,2,369,369
Precinct,4016363003,21,162,1,3,187,187
Precinct,4016363004,88,486,4,1,579,579
Precinct,4016363005,11,123,0,1,135,135
Precinct,4016363006,70,385,1,3,459,459
Precinct,4016363007,12,88,1,3,104,104
Precinct,4016363008,16,137,2,3,158,158
Precinct,4016363009,16,252,4,2,274,274
Precinct,4016363010,25,218,1,1,245,245
Precinct,4016363011,61,270,7,2,340,340
Precinct,4016363012,57,346,5,1,409,409
Precinct,4016363013,85,280,9,5,379,379
Precinct,4016363014,49,259,9,5,322,322
