{"type":"FeatureCollection","features":[{"type":"Feature","geometry":{"type":"Polygon","coordinates":[[[-74.994094999978586,38.614439000176723],[-74.994729000363407,38.616573000347202],[-74.996633000269341,38.622975999736077],[-74.997267999580743,38.625111000046473],[-74.997737999934031,38.625843999780095],[-74.999150999570304,38.628045999738035],[-74.999621999748484,38.62877999966782],[-75.000020000131755,38.629319999966178],[-75.001078999765696,38.630535000153387],[-75.001968000418628,38.631682999933396],[-75.001864999588136,38.633429999869684],[-75.0016710003177,38.635815000244364],[-75.001749999960424,38.636454000302074],[-75.002180999955655,38.640623000297211],[-75.002131999551835,38.645663999716142],[-75.002119999856276,38.645881000169794],[-75.001919999839728,38.649729000025559],[-75.002595000232418,38.655211000231773],[-75.002615000323914,38.661966000170594],[-75.002745000020255,38.666234999897263],[-75.002451000292382,38.669996999738281],[-75.002135999749797,38.675910000344153],[-75.002699999814396,38.679677000280677],[-75.002750999868042,38.683273999840473],[-75.003025000402758,38.68596399976844],[-75.00463700023063,38.692222999730475],[-75.00584700037561,38.699366000269904],[-75.005936000064082,38.699892000215804],[-75.006726000084498,38.702450000349977],[-75.008994000038527,38.711972999887813],[-75.009533999813669,38.716915999939317],[-75.009861000051828,38.719908000102144],[-75.011321000442067,38.727920999927619],[-75.012430000304732,38.734003000208681],[-75.014212000011923,38.745036000043726],[-75.01426499971538,38.748530999650747],[-75.013894999819527,38.750000000322764],[-75.013867000230434,38.750112000201682],[-75.013268000005709,38.756147000039427],[-75.013200000233667,38.761062000133428],[-75.01319299966265,38.76159100002323],[-75.013154000202917,38.767573000062406],[-75.013375999960758,38.7721129999941],[-75.01338199980853,38.772212000032901],[-75.013389000379547,38.772346999991655],[-75.014529000204334,38.775619999678106],[-75.01521000044481,38.777575999883233],[-75.016750000302693,38.784516000067541],[-75.017203000039217,38.786076999652309],[-75.017366000245829,38.78663899970396],[-75.015123000406177,38.788657000335171],[-75.015320000049655,38.789030999984277],[-75.015910999878471,38.790155000199469],[-75.01610900024518,38.790530000255011],[-75.022520999571739,38.801721000155887],[-75.029712999771306,38.814273999671343],[-75.041757000246392,38.83529699983044],[-75.043317000195742,38.838019000009893],[-75.045744000158422,38.842253999785648],[-75.048170000296182,38.846489000082578],[-75.048326999756682,38.846763999890513],[-75.048799999584702,38.847588999932533],[-75.048957999768476,38.847865000143798],[-75.048970000362345,38.847886999714014],[-75.049008999822078,38.847954000239596],[-75.049022000240868,38.847977000238409],[-75.052040999857255,38.85324699975682],[-75.061100000152848,38.869059000328541],[-75.064119999594112,38.874330000107626],[-75.064249000363873,38.874485999962189],[-75.064639000351207,38.87495500034548],[-75.064769000047548,38.875112000301272],[-75.066960000008649,38.878975999973406],[-75.073536000265065,38.890569000294754],[-75.0757280000511,38.894434000312451],[-75.085457999643111,38.911393000282764],[-75.114649999865549,38.962271000263286],[-75.124381000180776,38.979230999876457],[-75.124429999686257,38.979302000140976],[-75.124576999999363,38.979517999809431],[-75.124627000228074,38.979589999785283],[-75.125500000089176,38.981155000023477],[-75.128118999672466,38.985850999781661],[-75.128993000256784,38.987416999764768],[-75.130409000266098,38.989954999719515],[-75.132718000227996,38.994094000278444],[-75.13465300009608,38.99757200013736],[-75.138460999907963,39.002697000334358],[-75.193316000200227,38.984751999986216],[-75.249629000334608,38.966331000265313],[-75.249791999642909,38.966278000145351],[-75.250000999880285,38.966208999771553],[-75.250044000436304,38.966196000118778],[-75.264648000045128,38.961347000253298],[-75.271157000354378,38.959195999974881],[-75.275561999842864,38.957788999747038],[-75.279848000403945,38.956390999670496],[-75.284125999670792,38.954992999956652],[-75.286237000164292,38.954280000136521],[-75.288305999926678,38.953594999908844],[-75.290346000275051,38.952927999823345],[-75.292358000136019,38.952286999973126],[-75.2937790001682,38.951796999820282],[-75.296515999752273,38.950916000075082],[-75.296981000082681,38.95077500025706],[-75.297078999991982,38.950733999667719],[-75.298281999565972,38.950370999958501],[-75.300716999924546,38.949589999679802],[-75.301743999771446,38.949262999724013],[-75.301785999604235,38.949239999672486],[-75.301849000251735,38.949207999952833],[-75.302018000306134,38.949145000200659],[-75.302214999949626,38.949086000015967],[-75.302389999851812,38.949044999846897],[-75.302567000302133,38.948999000293483],[-75.302628000401498,38.948963000136196],[-75.302678999556818,38.948935999656918],[-75.303798000363528,38.948567999732184],[-75.30413399992419,38.948472000318461],[-75.304268999643398,38.94843099979424],[-75.304299999605533,38.948417999674191],[-75.304360999704912,38.948386000282092],[-75.304537000330328,38.948327000164298],[-75.305291000365727,38.948088999711615],[-75.305385999901972,38.948058999662408],[-75.305754000147999,38.947950000052117],[-75.307858000070496,38.947271000064703],[-75.309305999866851,38.946805000081831],[-75.309426000415755,38.946742000289895],[-75.309885999824985,38.946582999867317],[-75.310192000146742,38.946482000323236],[-75.310317999645122,38.946441999813771],[-75.310531999905365,38.946380000167217],[-75.311730000354785,38.945981000243044],[-75.312077999611006,38.945864999700156],[-75.312112999771131,38.945864999700156],[-75.312385999582588,38.94594899975084],[-75.312402000374448,38.945954000025203],[-75.312648000421731,38.946003000180013],[-75.312970999563618,38.946096999897463],[-75.313139999618016,38.946160000262672],[-75.313568999963408,38.946383999943201],[-75.313688999614001,38.946459999836208],[-75.313779999850595,38.946549999879892],[-75.313865000239417,38.946653000255488],[-75.314293999686498,38.947282999939816],[-75.314307999930193,38.947360000021867],[-75.314307999930193,38.947459000204042],[-75.314280000341114,38.947579999695506],[-75.314209000196016,38.947752000222359],[-75.314159999792196,38.947850999857074],[-75.313878999584801,38.94826599981328],[-75.313717000101406,38.948532999793606],[-75.313568999963408,38.948793999657894],[-75.313541000374315,38.948916000097384],[-75.313378999992608,38.94941699969457],[-75.313358000076207,38.949538000035531],[-75.313351000403529,38.949719000298593],[-75.313372000319916,38.950016000327004],[-75.313533999803298,38.950429999772162],[-75.313610999796197,38.950538000049811],[-75.313773000177903,38.950708999978282],[-75.313948999904994,38.950847999816354],[-75.314504999573685,38.951189000159204],[-75.314666999955392,38.951264999790766],[-75.314877999842594,38.951394999854152],[-75.315082000057089,38.951547999687733],[-75.315981999682364,38.952433000093563],[-75.316137000391393,38.952563000110388],[-75.316306000445778,38.95268899977011],[-75.316530999678378,38.95283699981627],[-75.316686000387392,38.952912999776458],[-75.316939000107368,38.953011999887401],[-75.31724899972879,38.95311900004932],[-75.317930999794157,38.953287999995624],[-75.31905700027356,38.953601000009911],[-75.319381000138648,38.953684999974911],[-75.319831000400455,38.953764999782436],[-75.320401000312842,38.953803999987691],[-75.320703000436637,38.953781000012576],[-75.320787000102229,38.953749000247313],[-75.32115299980012,38.95353199986441],[-75.321265999778021,38.953455000199838],[-75.321399999672323,38.953319000297533],[-75.321751000199924,38.952823000127225],[-75.321920000254323,38.952253999846853],[-75.321933999599722,38.952226999922594],[-75.321983000003513,38.952182000025978],[-75.322095999981414,38.951970000283929],[-75.322202000286637,38.951825999992103],[-75.322398000105224,38.951666999795663],[-75.322665999893829,38.951486000315462],[-75.322855000039709,38.951369000000241],[-75.323164999661103,38.951156000220237],[-75.323376000446601,38.950992999703701],[-75.323635999839283,38.950694999868901],[-75.323686000068022,38.950649999698236],[-75.323994999864482,38.950199000197713],[-75.324326000300616,38.949908999672161],[-75.324472999715383,38.9498009998333],[-75.324635000097089,38.949710000003094],[-75.325106000275284,38.949502000151995],[-75.325599000194785,38.949315999996585],[-75.325830999998374,38.949192999817335],[-75.326287999932859,38.949007000248365],[-75.326943000234067,38.948842999945541],[-75.327097000219851,38.948824999829569],[-75.327406999841259,38.948819000022766],[-75.327688000048653,38.948858999889566],[-75.327919999852242,38.948931000291537],[-75.328053999746544,38.948979999785792],[-75.328103000150335,38.949007000248365],[-75.328729999964153,38.94942399987584],[-75.329468000106047,38.95003499985836],[-75.329629999589443,38.950150999865023],[-75.329961000025534,38.950353000230507],[-75.330165000240044,38.95045199972563],[-75.330269999822036,38.950487000113846],[-75.330614999603526,38.950562999799565],[-75.330727999581427,38.950612000261515],[-75.33108599978172,38.950687999813198],[-75.331649000021415,38.950754000111488],[-75.331888000396006,38.95075299970523],[-75.332247000421205,38.950739000303109],[-75.33239499966092,38.950720000261896],[-75.332444000064712,38.950706999863051],[-75.332719000424319,38.950566000327818],[-75.332788999846201,38.950506999928741],[-75.333007000304406,38.95017799988149],[-75.333063000380903,38.95001999989784],[-75.333176000358804,38.949542000331959],[-75.333260000024381,38.948897000266079],[-75.333337000017295,38.948716999736348],[-75.333456999667888,38.948523000307013],[-75.333660999882383,38.948287999739804],[-75.333808000195475,38.948148000027501],[-75.33394899976247,38.948030000045257],[-75.334250999886279,38.947800000083674],[-75.334491000085791,38.947632000077505],[-75.334997000424082,38.947314999829835],[-75.33573499966765,38.946948000333421],[-75.336796999674647,38.946534999880548],[-75.33703699987413,38.946453999829266],[-75.337359999914327,38.946380999936579],[-75.337979000230519,38.946292999918171],[-75.338703999953623,38.946264000277225],[-75.338985000161031,38.94627700009368],[-75.339406999935406,38.946352000331636],[-75.339935000015004,38.946522000111457],[-75.340068999909306,38.946539000346441],[-75.340736999730993,38.946740000062675],[-75.340905999785392,38.946820999787214],[-75.341785000392591,38.947089000079131],[-75.341975000363405,38.947120000297794],[-75.342228000083381,38.947141000122699],[-75.342411000381489,38.947150000045738],[-75.342531000032082,38.947162999699728],[-75.343516000046179,38.947439000227781],[-75.343543999635273,38.947462000165039],[-75.343547999833234,38.947576999739496],[-75.343557999878968,38.94783099999141],[-75.343530000289888,38.948137999787953],[-75.343453000296989,38.948452999669549],[-75.343389999649474,38.948593000176707],[-75.343249000082466,38.948822999661125],[-75.343017000278891,38.949122000110783],[-75.342652000405906,38.949631999955777],[-75.34246200043512,38.949867000258948],[-75.342362999802603,38.950011000339181],[-75.342130999998986,38.950588000239073],[-75.342116999755291,38.950673999699681],[-75.342103000409907,38.950994000106618],[-75.342117999580196,38.95113799999303],[-75.342146000067615,38.951327000054917],[-75.342173999656708,38.951434999664443],[-75.342363999627494,38.951912000046313],[-75.342546999925602,38.95232600029312],[-75.342947999783604,38.952946999971303],[-75.342991000339609,38.952987000302848],[-75.343089000248924,38.953136000099356],[-75.343117999662923,38.953266000223834],[-75.34312500023394,38.953487000097837],[-75.343090000073829,38.954163000242218],[-75.343152999823019,38.954459999811753],[-75.343238000211841,38.954693999823775],[-75.343300999961031,38.954783999891312],[-75.34339300002253,38.954879000187965],[-75.343632000397122,38.955048999775876],[-75.344060999844203,38.955269000034335],[-75.344208999982229,38.9553220000072],[-75.344405999625707,38.955353000117981],[-75.344749999582291,38.955343000196379],[-75.344947999949014,38.955310999739311],[-75.345087999691103,38.955269999678322],[-75.345173000079896,38.955233999911862],[-75.345240999851967,38.955188000183703],[-75.345285000232906,38.955160999980087],[-75.34563000001441,38.954885999829735],[-75.345679000418201,38.954821999885525],[-75.345713999679987,38.954705000187431],[-75.345833000403985,38.954124000234508],[-75.345854000320401,38.953816999818486],[-75.345902999825867,38.953609999811334],[-75.345967000298302,38.95344299997241],[-75.346078999552972,38.953239999659189],[-75.346290000338485,38.952936999710225],[-75.346403000316386,38.952707000302027],[-75.346459000392869,38.95262999974112],[-75.346613000378667,38.952486000091582],[-75.346795999778465,38.95235899968732],[-75.34689100021302,38.952309999734545],[-75.347175999720051,38.952164000059341],[-75.347296000268969,38.95208700030566],[-75.347400999850947,38.951991999759443],[-75.348026999839846,38.951210999877077],[-75.348168000305151,38.950980999758031],[-75.348391999712831,38.950682999872775],[-75.348667000072439,38.95038899968187],[-75.34923600015992,38.94971099972549],[-75.349313999977724,38.949598000266562],[-75.349363000381516,38.949499000277328],[-75.349509999796311,38.949075000177388],[-75.34952400004002,38.948976000156286],[-75.349503000123619,38.948895000099668],[-75.34933400006922,38.948588999826725],[-75.349298999909124,38.948373000153808],[-75.349340999741912,38.948098000212937],[-75.349382999574701,38.947975999762875],[-75.3494599995676,38.947817999761277],[-75.349594000360213,38.947696000226607],[-75.349749000170902,38.947578999943055],[-75.349930999745794,38.94750100034539],[-75.350212999778094,38.947437999774685],[-75.351191000119499,38.947371999881909],[-75.351858999941172,38.947409999658333],[-75.352167999737659,38.947508000017223],[-75.352380000348077,38.947589000261466],[-75.35248499993007,38.947651000247873],[-75.352583999664262,38.947722999780972],[-75.352668000228164,38.947800000083674],[-75.352773999635076,38.947925000079408],[-75.353562000005667,38.949036000164398],[-75.354280000056079,38.949857999982243],[-75.354357999873884,38.949965999734253],[-75.355808000218389,38.951105999733052],[-75.355990999618157,38.951268000289303],[-75.356469000367355,38.951789000180341],[-75.356589000017962,38.95190599980225],[-75.35672299991225,38.952072000080832],[-75.356799999905164,38.952202999748401],[-75.356841999737966,38.952342000149528],[-75.356885000293957,38.952607999765092],[-75.356898999639341,38.952797000098606],[-75.35686400037757,38.953054000231369],[-75.356892999791569,38.954032000005888],[-75.356907000035278,38.954180000041816],[-75.356956000439069,38.954311000004516],[-75.357013000340487,38.95442299997795],[-75.35719599974027,38.954635000066752],[-75.357364999794669,38.954795999891736],[-75.357548000092791,38.954943999729274],[-75.357800999812781,38.955091999956259],[-75.357990999783567,38.955190999817631],[-75.358145999594271,38.955253000140182],[-75.358497000121872,38.9554390000838],[-75.35882199981188,38.955648000313111],[-75.358892000132087,38.95571099987361],[-75.35897699962257,38.955810000267341],[-75.359103000019275,38.955988999915462],[-75.359420000211671,38.95648000005167],[-75.359646000167487,38.956911000002286],[-75.359984000276285,38.957396999871818],[-75.360067999941876,38.95749099984711],[-75.360153000330698,38.957559000019032],[-75.360512000355882,38.957724000021102],[-75.360575000105072,38.957732999997425],[-75.36075800040318,38.957709999900338],[-75.360877000228882,38.95765999984576],[-75.36102500036688,38.957533000330791],[-75.361205000291932,38.957338000269537],[-75.361714000104968,38.956787999731027],[-75.361735000021369,38.956755999926457],[-75.363472000421041,38.95523199992433],[-75.364428000122814,38.954485999928863],[-75.364779999576996,38.954308999990879],[-75.364977000118799,38.954227000082952],[-75.365208999922402,38.954149999776305],[-75.365567000122695,38.95404499979486],[-75.365884000315091,38.953972000035449],[-75.366066999714889,38.953945000067101],[-75.366208000180194,38.953934999946881],[-75.366270999929398,38.953939999657891],[-75.366327000005882,38.953957000209577],[-75.366475000143879,38.954034000027335],[-75.366615999710888,38.954155000170694],[-75.366736000259806,38.954302999949753],[-75.366826999598089,38.954455999792884],[-75.366974999736087,38.955194000149959],[-75.367052999553891,38.955495999889969],[-75.367101999957683,38.955621999923736],[-75.367179999775487,38.955743000150065],[-75.367548000021529,38.95622000017854],[-75.367715000426102,38.956435999688821],[-75.367841999749388,38.956547999796669],[-75.367938999833783,38.956672999732909],[-75.368187000429202,38.957056000059303],[-75.368229000262005,38.957154999971088],[-75.368286000163394,38.957344000053716],[-75.368313999752502,38.957560000329217],[-75.368300000407118,38.957934000103066],[-75.36825799967599,38.958181999850794],[-75.368230000086911,38.958265999974188],[-75.368188000254122,38.958398999965929],[-75.367908999696539,38.958943999819319],[-75.367876999909484,38.959037999838017],[-75.367857999642922,38.9591430001053],[-75.36785099997023,38.959390999812825],[-75.367857999642922,38.959471999748949],[-75.367886000130326,38.959580000218274],[-75.367936000359052,38.959652000206844],[-75.368034000268324,38.959750999984408],[-75.36838599972252,38.959988999695021],[-75.368696000242238,38.96015400032536],[-75.369041000023728,38.960305999837843],[-75.369470000369134,38.960467000050421],[-75.369934999801217,38.960569000191008],[-75.370251000168722,38.960666999817967],[-75.370378000390332,38.960729999805977],[-75.370969000219105,38.961056999941277],[-75.371243999680416,38.961195999740347],[-75.371313000175704,38.961219999662987],[-75.371658999782113,38.961339000294316],[-75.372038999723699,38.961423000167628],[-75.372130999785213,38.961435999997782],[-75.372370000159833,38.961418000286095],[-75.3729889995777,38.961357000026084],[-75.373432000166801,38.961287999748876],[-75.374022999995589,38.961088000337206],[-75.374818000038886,38.960766000272884],[-75.374999999613777,38.960711000347658],[-75.375105000094067,38.960705999717362],[-75.375535000264378,38.960556000201777],[-75.375879000220948,38.960496000166941],[-75.376019999787957,38.960478000216447],[-75.376280999903884,38.960471999999058],[-75.376589999700343,38.960507999898574],[-75.376850999816256,38.960551999828489],[-75.377173999856453,38.960653999846762],[-75.377482999652941,38.960806999948019],[-75.377588999958149,38.960832999831943],[-75.377725000400574,38.960885999834453],[-75.378087999725437,38.961024999968991],[-75.378194000030646,38.961096999886259],[-75.37883400026324,38.961364999983019],[-75.379128999816018,38.961467999784389],[-75.380169999906613,38.96189300003293],[-75.380255000295421,38.961905999776853],[-75.380648999582405,38.961872999938727],[-75.38080400029142,38.961832000181921],[-75.380950999706201,38.961782000241939],[-75.381036000094994,38.961740999733962],[-75.381106000415215,38.961677999946431],[-75.38118400023302,38.961591999868858],[-75.381261000225905,38.961461000094253],[-75.381339000043724,38.961284999674511],[-75.381361999609936,38.961128000264679],[-75.381366999632803,38.960960999981118],[-75.381318000127322,38.960569000191008],[-75.381297000210921,38.960069000069787],[-75.381333000195937,38.959659000075753],[-75.381431999930129,38.959153999778344],[-75.381523999991643,38.958819999990297],[-75.381517000318951,38.958761000175734],[-75.381686000373335,38.958351000297078],[-75.381720999635149,38.958206000095792],[-75.38182699994033,38.957895000075041],[-75.382129999889059,38.956690999951491],[-75.382173000445064,38.956551000071542],[-75.382257000110641,38.95632999997261],[-75.38239799967765,38.956095999774085],[-75.38252499989926,38.955906000220708],[-75.382595000219453,38.955824999701072],[-75.382645000448164,38.955793000160163],[-75.382890999597151,38.955687999818814],[-75.38351699958605,38.955528999903841],[-75.384058999909342,38.955427999834079],[-75.384355000185352,38.955390999807094],[-75.384925000097752,38.955353000117981],[-75.385332999628432,38.955302000153907],[-75.386043000181232,38.955200000115703],[-75.386381000290029,38.955141000081362],[-75.386500000115731,38.95512700014887],[-75.386577999933522,38.955113000213608],[-75.386851999569913,38.955018000230694],[-75.386993000035218,38.954980999989637],[-75.387337999816722,38.954907999797214],[-75.387465000038318,38.954871000197315],[-75.387591000435023,38.954817000236787],[-75.389004999896201,38.954671999789859],[-75.389055000124912,38.954681000153855],[-75.389132000117797,38.954695000174411],[-75.389223000354406,38.954729999864497],[-75.389413000325206,38.954851000216678],[-75.389461999830687,38.954901000157612],[-75.389645000128795,38.955458999898482],[-75.389728999794386,38.955584999998038],[-75.389856000015982,38.955921999967423],[-75.390016999674472,38.956273000138737],[-75.390052999659474,38.956326999688372],[-75.390276999965479,38.95654300026964],[-75.390495000423684,38.956700000059008],[-75.390663999579758,38.956779999955884],[-75.390755999641257,38.956792999939331],[-75.390953000183075,38.956811000127367],[-75.391164000070262,38.95680099971301],[-75.391410000117574,38.956755000303438],[-75.391713000066261,38.956681999842772],[-75.392247999818551,38.956521999737504],[-75.39251499978225,38.956367999836409],[-75.39270499975305,38.956228000016907],[-75.393211999916261,38.955739999840979],[-75.393281000411534,38.955646000337261],[-75.393345999810563,38.955536999820211],[-75.393380999970645,38.955454999936009],[-75.393408999559739,38.955202999749083],[-75.393297000305068,38.954789000241014],[-75.393283000061373,38.95465799976472],[-75.393170000083458,38.954406000236638],[-75.393120999679653,38.95434799989679],[-75.393114000006975,38.954315999689008],[-75.393134000098442,38.954139999684955],[-75.393199000395782,38.953649000101898],[-75.393241000228571,38.953481999656276],[-75.393360999879178,38.953202999887004],[-75.393615000322384,38.952845999714704],[-75.394016000180386,38.952389000012381],[-75.394536999688967,38.951841999961339],[-75.395099999928675,38.951313000067657],[-75.395423999793792,38.951100000119311],[-75.397253000254963,38.950441000099033],[-75.397669000181565,38.95025899986922],[-75.398343999675944,38.949905999814732],[-75.399441999667928,38.949081999693803],[-75.399681000042548,38.948882999798805],[-75.400102999816937,38.948449000010257],[-75.400223000365841,38.948344999708134],[-75.400505000398155,38.948010000230092],[-75.400616999652826,38.947866000276548],[-75.400716000285342,38.947716999880882],[-75.400814000194643,38.947527000220823],[-75.401040000150445,38.94703100003931],[-75.401109999572327,38.946534999880548],[-75.40111799996825,38.946404000217115],[-75.401096000226943,38.946277999864449],[-75.401032999579428,38.946097999670819],[-75.400955999586543,38.945922999995297],[-75.40090000040837,38.945819000179156],[-75.400758999943051,38.945620999986417],[-75.400554999728556,38.945374000082303],[-75.40034700021441,38.945142000313538],[-75.400112000037765,38.944925000128748],[-75.399718999677361,38.944470999747473],[-75.399394999812273,38.94390900021925],[-75.399113999604879,38.943352000187211],[-75.398994999779191,38.942978000317943],[-75.398945000448791,38.942856999958366],[-75.39888199980129,38.94276700011708],[-75.398769999648309,38.94243799977955],[-75.398656999670408,38.942104999994214],[-75.398650999822607,38.941969999805629],[-75.398629999906206,38.941889000128036],[-75.398545000415709,38.941667999726221],[-75.398496000011903,38.941263000085307],[-75.398492999638862,38.941107000180956],[-75.398490000164131,38.940969999798249],[-75.398502999684609,38.940794000193186],[-75.398525000324241,38.940739999988544],[-75.398559999586013,38.940690999689672],[-75.398771000371511,38.94043800025981],[-75.399221999559913,38.939841000167135],[-75.399489000421923,38.939371999952478],[-75.39960900007253,38.939190999822173],[-75.399834000203427,38.938928999664384],[-75.399968000097729,38.938810999709169],[-75.400262999650494,38.938593999711202],[-75.400445999948616,38.938485000221597],[-75.40193700030099,38.937830999765332],[-75.40221900033329,38.937726999957434],[-75.40239500006038,38.937649999893949],[-75.402845000322202,38.937495000320148],[-75.402872999911281,38.937471999944307],[-75.402872999911281,38.937450000155017],[-75.402668999696772,38.937221000005835],[-75.402289999580091,38.936824999955618],[-75.401579999925602,38.936241999661618],[-75.401333999878318,38.936000000201787],[-75.40119999998403,38.935915000325501],[-75.401045000173312,38.935834000019739],[-75.400601999584225,38.935642000115926],[-75.400476000085845,38.935592999787872],[-75.400321000275142,38.935547999813323],[-75.400096000144245,38.935517000124818],[-75.400019000151332,38.935521999737382],[-75.399877999686041,38.935568000349029],[-75.399737000119032,38.935626999905004],[-75.399645999882438,38.935695000090369],[-75.399518999660842,38.935811999722333],[-75.399322000017349,38.935957000318226],[-75.39905500005365,38.936125000040356],[-75.398879000326559,38.936214999927394],[-75.398779999694042,38.936243000272704],[-75.398668000439358,38.936256999742454],[-75.398330000330546,38.936276000166352],[-75.398119000443359,38.936334999832063],[-75.397986000373962,38.936340000085707],[-75.397957000061652,38.936322000288925],[-75.397915000228849,38.936272999731962],[-75.397886999741459,38.936187000269797],[-75.398020999635762,38.935384999744052],[-75.398120000268293,38.934956000128949],[-75.398212000329792,38.934645000111274],[-75.39837399981316,38.934172000004388],[-75.398394999729575,38.934072000192373],[-75.398528999623878,38.933770000016018],[-75.39861300018778,38.933516999651133],[-75.398767999998483,38.933269000251478],[-75.399014000045753,38.932799999895281],[-75.399154999612762,38.932565000319052],[-75.399366000398288,38.932253000329688],[-75.399534999554362,38.932045000273135],[-75.39971799985247,38.931859999713652],[-75.399845000074066,38.931746999753997],[-75.400175999611875,38.931389999842608],[-75.400274000419472,38.931231999915006],[-75.400400999742757,38.930969999701681],[-75.400563000124464,38.930563999763685],[-75.400633000444685,38.930361000320872],[-75.400654000361072,38.930262000023795],[-75.400866000073179,38.929910000333187],[-75.400901000233276,38.929819000129044],[-75.400893999662259,38.929755999919259],[-75.400949999738771,38.929480999746161],[-75.400957000309774,38.929355000067943],[-75.400949999738771,38.929192999753447],[-75.400893999662259,38.929013000212485],[-75.40077400001168,38.928833000214709],[-75.400563999949384,38.928563000060485],[-75.400401999567677,38.928387999735108],[-75.399706999981817,38.927781999944578],[-75.399305000298909,38.927431999900477],[-75.399207000389623,38.927319999913045],[-75.399116000153015,38.927171999708271],[-75.399101999909334,38.927113000107227],[-75.399108999581998,38.926909999873047],[-75.399285000207414,38.926404999669124],[-75.399425999774422,38.926115999712003],[-75.399623000316225,38.925854000169757],[-75.399778000126915,38.925672999782179],[-75.399882999708908,38.925573999930805],[-75.399946000356408,38.925542000012868],[-75.400185999657609,38.925459999676697],[-75.400382000374506,38.925415000261623],[-75.401726000413802,38.925203000148315],[-75.401810000079379,38.925179999979285],[-75.401958000217377,38.92511200019544],[-75.402154999860869,38.925006999836],[-75.402386999664472,38.924714000174227],[-75.402801999766169,38.924117999882945],[-75.40288700015499,38.924031999659768],[-75.40329499968567,38.923102000273587],[-75.403329999845752,38.922953000254942],[-75.403350999762168,38.922773000255944],[-75.403337000416769,38.922638000306456],[-75.403237999784267,38.922359000062812],[-75.403134000027194,38.922146999903148],[-75.403063999706987,38.922044000272734],[-75.402670000420002,38.921532000236944],[-75.402339999808802,38.921189999708282],[-75.402212999587206,38.921033000252066],[-75.402101000332522,38.920862000039541],[-75.401841000041514,38.920385999868977],[-75.401776999569094,38.920313999835329],[-75.401748999980015,38.920296000164932],[-75.40173499973632,38.920268999951887],[-75.401553000161428,38.919823000123429],[-75.40121500005263,38.91905400000023],[-75.401194999961149,38.918982000012868],[-75.401194999961149,38.918823999706746],[-75.401223000448567,38.918670999849198],[-75.401300000441452,38.918509000298243],[-75.401413000419353,38.918355000295961],[-75.401912000186627,38.917906999977461],[-75.402046000080929,38.917807999773586],[-75.402195999868766,38.917730000278134],[-75.402309999671559,38.917670000339086],[-75.40250700021339,38.91755899979389],[-75.402774000177075,38.917422000052824],[-75.402797999568207,38.917408999839175],[-75.402911000444419,38.917368000225089],[-75.40307200010291,38.917322999871267],[-75.403368000378919,38.91724000033976],[-75.403446000196723,38.917231000115279],[-75.403550999778702,38.917225999912382],[-75.404107000345704,38.917242000001195],[-75.404387999654801,38.917254000065434],[-75.404485999564073,38.917267999788344],[-75.404704000022278,38.917348000149005],[-75.404823999672885,38.917428999898071],[-75.404831000243888,38.917451000305775],[-75.404787999687869,38.917658999820567],[-75.404766999771468,38.917920000099869],[-75.404731999611371,38.918010000021816],[-75.404472000218703,38.918339999923866],[-75.404464999647686,38.91836700017199],[-75.404520999724184,38.91863300004816],[-75.404541999640585,38.918687000311145],[-75.404647000120889,38.918780999894317],[-75.405020000389783,38.91905500015487],[-75.405371000019059,38.919341999918224],[-75.405519000157057,38.919413000089712],[-75.405610000393679,38.919408000040576],[-75.405688000211455,38.919416999988997],[-75.405920000015058,38.919475000250237],[-75.406249999727947,38.919483000041588],[-75.406770000309947,38.919543999993223],[-75.406848000127752,38.919565999745203],[-75.406981000197135,38.919632999805685],[-75.407530000193148,38.919757999832889],[-75.407557999782227,38.919757999832889],[-75.407592999942324,38.919698999657371],[-75.407649000018822,38.919657999968514],[-75.407726999836626,38.919640000131764],[-75.407776000240418,38.919649000050711],[-75.407824999745912,38.91967099977014],[-75.407859999906009,38.919698000210737],[-75.407874999974624,38.919747000336976],[-75.407874000149718,38.91982900028701],[-75.407888000393413,38.91990999999976],[-75.407924000378429,38.919950000099931],[-75.407987000127619,38.919976999735432],[-75.408393999833407,38.920079000129519],[-75.408563999712712,38.920086999852764],[-75.408669000193015,38.9200740001273],[-75.408752999858606,38.920024000085974],[-75.408823000178785,38.919951000241923],[-75.408886999752895,38.919834000306487],[-75.408921999912991,38.919703000239451],[-75.408921999912991,38.919541000248884],[-75.408880000080202,38.919378999888465],[-75.408803000087318,38.919257999800784],[-75.408654999949306,38.91911800008306],[-75.408387999985621,38.918908000337957],[-75.408325000236431,38.918840000134196],[-75.408283000403628,38.918776999959185],[-75.408239999847609,38.91868299967178],[-75.408191000342143,38.918435000130067],[-75.408127999694614,38.917718999768908],[-75.408136000090536,38.917557000141386],[-75.408157000006938,38.917404000347773],[-75.408192000167034,38.917313000177039],[-75.408269000159919,38.91719600008561],[-75.40835399965043,38.917109999859505],[-75.408500999963536,38.917005999723237],[-75.408705000178031,38.916879000069216],[-75.408818000155932,38.916824000341123],[-75.409260999846708,38.916674000230714],[-75.409690000192114,38.916546999982536],[-75.410272999624993,38.916417999822485],[-75.410385999602894,38.916409000192651],[-75.410462999595794,38.916417999822485],[-75.410554999657293,38.916457999794225],[-75.410674000381292,38.916524999993484],[-75.410717000039,38.916560999844918],[-75.410744999628093,38.916600999736055],[-75.410800999704577,38.916771999733022],[-75.410800999704577,38.91690300031842],[-75.410666999810275,38.917278000187856],[-75.410645999893887,38.917458000148173],[-75.410674000381292,38.917485000032933],[-75.410989999850457,38.917618999826786],[-75.411313999715574,38.917738999740386],[-75.41142599986857,38.917766000217178],[-75.411791999566461,38.917819000269006],[-75.412262999744655,38.917947999979084],[-75.412564999868451,38.917991999766969],[-75.412789999999333,38.917995000275731],[-75.413078999704354,38.917990000126672],[-75.413958000311553,38.917888000224366],[-75.414688999882401,38.91788099972549],[-75.41483000034772,38.917893999852673],[-75.415166999733302,38.917941999656456],[-75.415786000049508,38.918069999673378],[-75.415982999693,38.918097000024233],[-75.416369000380698,38.918099999829614],[-75.416482000358599,38.91808100012819],[-75.416643999841995,38.918027000102988],[-75.416679000002091,38.91803100008034],[-75.416699999918478,38.918017999978261],[-75.417691999605267,38.917320000033044],[-75.417845999591052,38.917212000181195],[-75.417874000078456,38.917166000246155],[-75.41810699970695,38.91700800009022],[-75.418177000027157,38.916975999803462],[-75.418303000423862,38.916890000009701],[-75.418423000074469,38.916786000249971],[-75.418423000074469,38.916745000275881],[-75.418304000248753,38.916619999833735],[-75.418204999616265,38.916530000245771],[-75.418078000292951,38.916453999728212],[-75.417691999605267,38.916315000263197],[-75.417643000099773,38.916283999857626],[-75.417411000296184,38.916082000287844],[-75.417298000318283,38.91596100016983],[-75.417065999616369,38.915641999822952],[-75.416946999790682,38.915520999653644],[-75.416925999874294,38.915404000102534],[-75.416925999874294,38.915313000162961],[-75.416940000117989,38.91527300024476],[-75.416981999950778,38.915227999960408],[-75.417313000386898,38.914554999696321],[-75.417559000434181,38.914323999976922],[-75.417720999917577,38.914260999986482],[-75.417833000070573,38.914233000050487],[-75.41795299972118,38.91422400014357],[-75.418248000172269,38.914244999924541],[-75.418317999594166,38.914262999731861],[-75.418803000016055,38.91455400017724],[-75.41900700023055,38.914693000295564],[-75.419182999957641,38.914832000141608],[-75.419358999684732,38.914993999699149],[-75.419583999815643,38.91521799997097],[-75.419695999968638,38.915317000293342],[-75.419829999862941,38.915415999778602],[-75.419956000259631,38.915477999936648],[-75.420090000153934,38.915523000062478],[-75.420701999899123,38.915674000012288],[-75.420751000302928,38.915696000265108],[-75.421116000175914,38.915654000157737],[-75.42143300036831,38.915599000179213],[-75.421523999706594,38.915562999839764],[-75.421580999607997,38.915517000233777],[-75.42162300033911,38.915418000190392],[-75.421679000415608,38.915215000043759],[-75.4216860000883,38.915047999935453],[-75.421650999928204,38.914882000346545],[-75.421609000095401,38.914764999741919],[-75.421615999768107,38.914589000111981],[-75.421650999928204,38.914449000269407],[-75.421713999677394,38.914300000253427],[-75.421792000393509,38.914174000174079],[-75.421826999655295,38.914137999810755],[-75.422072999702593,38.914041999917522],[-75.422256000000701,38.914055000049039],[-75.422431999727792,38.914086000030316],[-75.4226150000259,38.91414399975605],[-75.422923999822373,38.914256000273305],[-75.423035999975383,38.914287000166844],[-75.423142000280578,38.914300000253427],[-75.42324699986257,38.914294999844067],[-75.423345999596776,38.914281000233586],[-75.423457999749772,38.914240000210242],[-75.423887000095164,38.91395000010192],[-75.424386999687357,38.913546999914409],[-75.424494999642405,38.913492999933993],[-75.424569999985465,38.913459999925749],[-75.424692000184208,38.913417999893035],[-75.424797999591107,38.913416999658942],[-75.42486700008638,38.91342099989614],[-75.424953000300107,38.9134269999021],[-75.425176999707773,38.913465999928356],[-75.425491000425453,38.91353099969151],[-75.425645000411251,38.913558999904517],[-75.425758000389152,38.913579000349451],[-75.426031000200624,38.913615999829645],[-75.426165000094926,38.913615000297334],[-75.426334999974245,38.913590000102445],[-75.426562999579872,38.91353900015293],[-75.426714000090925,38.913461999693695],[-75.427125999819566,38.913348999785306],[-75.427788999618386,38.913182000178949],[-75.428403999736616,38.913206000280454],[-75.429553999607151,38.913554999675043],[-75.429792999981743,38.913582000345812],[-75.429905999959672,38.913558999904517],[-75.430011000439961,38.913482000165907],[-75.430095999930458,38.913351000255368],[-75.430152000006956,38.913120999651291],[-75.430172999923343,38.912966999839206],[-75.430213000106306,38.912789999701467],[-75.43023099964968,38.912709999794522],[-75.43024300024355,38.912655999876229],[-75.43033500030505,38.912340999650588],[-75.430391000381547,38.912285999900526],[-75.430504000359463,38.912209000178848],[-75.430671999690617,38.912114000025859],[-75.430757000079439,38.912087000194624],[-75.43079399988936,38.912078000015633],[-75.430834000072338,38.912068000281351],[-75.431017000370446,38.912049999917357],[-75.431522999810426,38.91210600010281],[-75.431696999887691,38.912117000084145],[-75.431952000155817,38.912131999674635],[-75.432311000181016,38.912117000084145],[-75.432364999709392,38.912103000044105],[-75.432388000173916,38.912098999732578],[-75.432444000250413,38.91206200016051],[-75.432855999979068,38.911510999717187],[-75.432911000230632,38.911452999936749],[-75.432994000071332,38.91136699974124],[-75.433106000224313,38.911252000162207],[-75.433302000042886,38.911050000250007],[-75.433738000060984,38.910858999939222],[-75.434047999682377,38.910816999765373],[-75.434188000322791,38.910811999809582],[-75.434314999646077,38.910821000149106],[-75.434468999631875,38.910842999809361],[-75.434708000006466,38.910891999758839],[-75.435643999616758,38.911229999929766],[-75.436324999857234,38.911502999726174],[-75.436613999562226,38.911604999718698],[-75.436746999631623,38.911663000073894],[-75.437605000322421,38.911813000290735],[-75.437781000049512,38.911853000062045],[-75.439566999954693,38.912540000042291],[-75.43965099962027,38.912612000274883],[-75.43984099959107,38.912732999811958],[-75.440177999874976,38.913015999720358],[-75.440298000423894,38.913086999930336],[-75.440366000195937,38.913117000096172],[-75.440389999587083,38.913127999920768],[-75.440670999794463,38.913208000055562],[-75.440789999620151,38.913224999889138],[-75.440889000252668,38.913220000102974],[-75.441049999911144,38.913192999993484],[-75.441191000376449,38.913159000307019],[-75.441204999721847,38.913156000292773],[-75.441310000202151,38.913097000219985],[-75.441978999848729,38.912801999819564],[-75.442034999925255,38.9127970000036],[-75.442287999645231,38.912813999935572],[-75.442856999732726,38.912803000062311],[-75.44297700028163,38.912810999906746],[-75.443159999681413,38.912856000325718],[-75.443349999652213,38.912940999874323],[-75.443553999866722,38.913062000248452],[-75.443603000270514,38.913074999860477],[-75.443717000073335,38.913077000338205],[-75.443891000150614,38.913077999878091],[-75.443988000234981,38.913074000320499],[-75.444187000426624,38.91306800028476],[-75.444671000125282,38.913016999960085],[-75.445170999717476,38.91291600014101],[-75.446063999670059,38.912767999945736],[-75.446528000175547,38.912694000081871],[-75.447020000270157,38.912611000029443],[-75.448328000324423,38.912344999948488],[-75.449627999982795,38.912065000220998],[-75.449937999604202,38.911969000319779],[-75.451420999560639,38.911400000023626],[-75.452327999756932,38.910982000205614],[-75.452504000382348,38.910914000096042],[-75.454563999923906,38.910355999984745],[-75.455399999975086,38.910077999963292],[-75.456384999989169,38.909809000019962],[-75.456749999862154,38.909748999675266],[-75.456841999923654,38.909712000276244],[-75.457262999873137,38.909665000086086],[-75.458410000268927,38.909561999813413],[-75.458844999563794,38.909614000112299],[-75.459092000334323,38.909636000146598],[-75.459351999727019,38.90965300013665],[-75.459695999683589,38.909646999811706],[-75.459920999814486,38.909619000152432],[-75.460503000320756,38.909394999684871],[-75.460575000290788,38.909382000097871],[-75.460658999956379,38.909394999684871],[-75.460786000177976,38.909440000172594],[-75.460982999821468,38.909525000316918],[-75.461045999570658,38.909568999734894],[-75.461228999868766,38.909753000119203],[-75.461335000173989,38.909802999708155],[-75.46160200013766,38.909846999652828],[-75.461770000367153,38.909854999830443],[-75.462002000170756,38.90991699995336],[-75.462509000333952,38.910158000040845],[-75.462592999999544,38.910184999906846],[-75.462655999748733,38.910184999906846],[-75.463043000261351,38.910129000302767],[-75.463141000170637,38.910146999755902],[-75.46319800007204,38.910169000324025],[-75.463246999577521,38.910219000318975],[-75.463415999631934,38.91045199997059],[-75.463563999769931,38.910595999705869],[-75.463613000173737,38.91063199976881],[-75.463682999595633,38.910654000186604],[-75.463767000159535,38.910662999847204],[-75.464168000017509,38.910795999669077],[-75.46431600015552,38.910868000272842],[-75.464464000293518,38.910971000048384],[-75.464639000195717,38.911073999674507],[-75.464820999770581,38.911168000254705],[-75.464921000228031,38.911220000076014],[-75.464948999817111,38.911234999856113],[-75.465096999955122,38.911292999814641],[-75.465153000031606,38.911310000106909],[-75.465292999773681,38.911305000185841],[-75.465343000002392,38.911265000105701],[-75.465974999839077,38.910982999775001],[-75.4660810001443,38.910914999666389],[-75.467760999744243,38.910106000140473],[-75.468323000159032,38.909792999653362],[-75.468667999940536,38.909646999811706],[-75.469441000242512,38.909404999795733],[-75.469531999580809,38.909359999984844],[-75.4699400000098,38.909118999984109],[-75.470157999569679,38.909001000068208],[-75.470311999555477,38.908902000023005],[-75.470593999587791,38.908692999707114],[-75.470642999991583,38.908683999796743],[-75.473883000439216,38.907242999820248],[-75.474177999991994,38.907084000318257],[-75.474776000391799,38.906811000303101],[-75.475035999784467,38.906706000125283],[-75.475500000289983,38.906551000044928],[-75.475633000359366,38.90649700033434],[-75.475711000177185,38.906482999884837],[-75.47591500039168,38.906427999789948],[-75.476112000035172,38.906358999877561],[-75.476476999908158,38.90618200003879],[-75.476681000122653,38.90603300014439],[-75.47670299986396,38.906027999851631],[-75.476785999704632,38.906010000053051],[-75.476927000169937,38.906017999964092],[-75.476996999591833,38.906012999670274],[-75.477046999820544,38.905994999867893],[-75.477096000224364,38.9059679998063],[-75.477179999889941,38.905868000084091],[-75.477221999722744,38.905840999974139],[-75.477713999817311,38.905829999719273],[-75.477855000282645,38.905811999870551],[-75.477945999620914,38.905784000096723],[-75.479021999871605,38.905680999785147],[-75.479626000119183,38.905593000296463],[-75.479914999824189,38.905451999839748],[-75.480196000031569,38.905278999833762],[-75.480504999828071,38.905066000027276],[-75.480616999981052,38.904997999842898],[-75.481067000242859,38.90456399992793],[-75.481201000137162,38.904450999835305],[-75.481319999962835,38.904359999834135],[-75.481432000115831,38.90429199967258],[-75.48163600033034,38.904197000108859],[-75.481770000224643,38.904151000127307],[-75.482022999944633,38.904113999907722],[-75.482275999664623,38.904099000021041],[-75.482458999962731,38.904094000291131],[-75.482746999842817,38.904120000001328],[-75.48281700016301,38.904128999791233],[-75.483366000159009,38.904301999803231],[-75.483548999558792,38.904345999662276],[-75.484125000217276,38.904448000152087],[-75.484237000370271,38.90444699979161],[-75.484294000271689,38.904438000042013],[-75.484342999777198,38.904415000133007],[-75.48437799993728,38.90438800016954],[-75.484475999846566,38.904257000252841],[-75.484483000417583,38.904230000229269],[-75.484419999770083,38.903873999942405],[-75.484419999770083,38.903837999947527],[-75.484434000013778,38.903816000213546],[-75.484818999978259,38.903752999984299],[-75.485017000344953,38.903721000012894],[-75.485656999679236,38.903616999831463],[-75.48581200038825,38.903580000032711],[-75.485833000304638,38.903552999751696],[-75.485902999726548,38.902831999738353],[-75.485958999803032,38.902749999723994],[-75.486035999795931,38.902570000212883],[-75.486296000086924,38.902109000005495],[-75.486856999778482,38.901233000203135],[-75.486934999596286,38.9011559996774],[-75.487173999970892,38.900766999739893],[-75.487286000123888,38.900623000340445],[-75.488155999611934,38.898983000249196],[-75.488234000328049,38.898771000171998],[-75.488303999749945,38.898482999976665],[-75.48836700039746,38.898292999858867],[-75.488303999749945,38.898046000134215],[-75.488297000077239,38.897982999679179],[-75.488332000237335,38.897891999777656],[-75.488422999575633,38.89777900025242],[-75.488471999979438,38.89773900024128],[-75.488507000139535,38.897683999664828],[-75.488507000139535,38.897639000114872],[-75.488457999735729,38.897427999980344],[-75.488499999568518,38.896728999833961],[-75.488485000398214,38.896590000194998],[-75.488408000405329,38.896473000202519],[-75.487914999587517,38.895862000217214],[-75.487760999601718,38.895597000085914],[-75.487732000187719,38.89549299989087],[-75.487697000027623,38.895061000193166],[-75.487654000369929,38.894777000222668],[-75.488025999915592,38.892784000266495],[-75.488046000007088,38.892712000200184],[-75.488123999824879,38.892575999875724],[-75.48834899995579,38.892265000077948],[-75.488896000301978,38.891576999823592],[-75.488995000036155,38.891401000037646],[-75.489057999785345,38.891324000037876],[-75.489492999978523,38.890462000154223],[-75.489569999971422,38.890372000264087],[-75.489780999858624,38.890186000269601],[-75.490153000302598,38.88995899972538],[-75.490258999709511,38.889868999897139],[-75.490452999878258,38.8896639996684],[-75.491073000019384,38.889009000293463],[-75.491185999997285,38.888850999695933],[-75.491565000113951,38.888524999989983],[-75.491761999757458,38.888410999658284],[-75.491894999826854,38.888351999997397],[-75.492191000102849,38.888246999792408],[-75.492697000441154,38.888097000129363],[-75.492928000419838,38.888054999775377],[-75.493356999866918,38.888007999932512],[-75.493771999968601,38.888001999875961],[-75.494059999848702,38.88796500033169],[-75.494291999652305,38.887914000153444],[-75.494382999888884,38.887882000036647],[-75.494601000347089,38.887768999967697],[-75.494685000012666,38.887695999815229],[-75.494741000089192,38.887624000185234],[-75.49484200037152,38.887386000228588],[-75.494811000409371,38.887213000259088],[-75.494811000409371,38.887177000208482],[-75.494832000325772,38.887145999664675],[-75.49507800037307,38.886973999717355],[-75.495162999863567,38.886905999688381],[-75.495233000183759,38.886828999710644],[-75.495295999932949,38.886742999754937],[-75.495885000111912,38.885820999932925],[-75.49599300006696,38.885441999896237],[-75.496004999762533,38.885392999863818],[-75.496018000181323,38.885274999675644],[-75.496019000006243,38.885176000113226],[-75.495962000104825,38.884888000029626],[-75.495997000264921,38.884788999927935],[-75.496060000014111,38.884688999748683],[-75.496333999650489,38.884139000092986],[-75.496376000381602,38.883846000244311],[-75.496397000297989,38.883781999827832],[-75.496887999669354,38.883000999901491],[-75.496966000385484,38.882915000206836],[-75.497429000167756,38.88245800026197],[-75.497639000230038,38.882227000300695],[-75.497779999797046,38.882127000011913],[-75.497829000200852,38.882123000109345],[-75.49821599981513,38.882153000072549],[-75.498784999902611,38.882056000308808],[-75.499262999753498,38.881936000215958],[-75.499368000233801,38.881936000215958],[-75.499437999655683,38.881917999904871],[-75.499677000030289,38.881821999800238],[-75.499740999604384,38.881772000087707],[-75.500000000070472,38.881478000283167],[-75.500569000157967,38.881106000085722],[-75.500715999572748,38.881029000115561],[-75.500884999627132,38.880960999990734],[-75.50113099967443,38.880905999708467],[-75.501426000125534,38.880881999877133],[-75.501672000172817,38.880875999918004],[-75.501770999907023,38.88087999989083],[-75.50186899981631,38.880901999737155],[-75.502150000023718,38.881009000291279],[-75.502832000089086,38.88141199986012],[-75.502971999831189,38.881483000206735],[-75.503140999885588,38.88155499976677],[-75.503302000442375,38.881613000194598],[-75.503336999704175,38.881617000125878],[-75.503646000398973,38.881494000037399],[-75.504187999823955,38.881010000282615],[-75.504273000212763,38.880951000069729],[-75.504419999627544,38.880877999904421],[-75.504575000336573,38.880832000202453],[-75.505748999598225,38.880732000048177],[-75.505931000071413,38.880618999795466],[-75.505987999972817,38.880568999935726],[-75.506620999634407,38.879859000228144],[-75.506747999856017,38.879727999819103],[-75.506810999605207,38.879678000031717],[-75.507077999568907,38.879482999895295],[-75.507162000132809,38.879447000123598],[-75.507794999794399,38.879250000020413],[-75.507928999688701,38.879173000136873],[-75.50809699991818,38.879045999937823],[-75.508147000146906,38.878995999670565],[-75.508168000063293,38.878951000169181],[-75.508203000223389,38.878455000249254],[-75.508245999881112,38.878126000297435],[-75.508281000041194,38.877963999835849],[-75.508330000445,38.877841999753862],[-75.5085200004158,38.877615999667704],[-75.508541000332187,38.8775570001334],[-75.50856899992128,38.877516999923415],[-75.508583999989909,38.877263999717286],[-75.508619000150006,38.877165000181975],[-75.508654000310102,38.877106000273237],[-75.508696000142891,38.877069999996692],[-75.508900000357386,38.876927000155518],[-75.509224000222503,38.876697999800825],[-75.509272999727983,38.876639000203738],[-75.509384999880979,38.876390999951049],[-75.509399000124674,38.87626899996598],[-75.509384999880979,38.87619299970887],[-75.509351000444113,38.876102999925052],[-75.509301000215387,38.876027000189836],[-75.509126000313202,38.875906000342418],[-75.509083999582089,38.875847000087759],[-75.509168000145991,38.875765999753234],[-75.509589999920394,38.875141999727724],[-75.509744999731083,38.874997000051394],[-75.511287000137088,38.872431000099105],[-75.512180000089685,38.870868000086276],[-75.513081000438177,38.869319000060209],[-75.514044999637562,38.867746999958996],[-75.515022000154048,38.866187999869453],[-75.515662000386641,38.865121999804678],[-75.51572599996075,38.865040000321365],[-75.516305999918885,38.864001999999282],[-75.516597999996932,38.863478000309748],[-75.516696999731138,38.863215999716296],[-75.517182000153028,38.862200000084144],[-75.517763999760987,38.86101200009022],[-75.518525000367418,38.859471999909928],[-75.518651999690704,38.859192000173003],[-75.518701999919415,38.859124999740231],[-75.519580999628289,38.857263999753499],[-75.519657999621202,38.857124000222889],[-75.520249000348301,38.855877999673595],[-75.520291000181089,38.855819000284143],[-75.520439000319087,38.855742000201118],[-75.521422999609968,38.855368000310754],[-75.521584000166769,38.855326999853432],[-75.521625999999557,38.855304000132492],[-75.522404000324414,38.85501899968849],[-75.528399999724371,38.852832000241257],[-75.535180000195268,38.850367999666247],[-75.536185000300847,38.84997600019566],[-75.536219999562647,38.849938999743216],[-75.536233999806342,38.849889999719451],[-75.536206000217234,38.849286000295237],[-75.536129000224349,38.848565999864192],[-75.535919000162068,38.847787000086157],[-75.535919000162068,38.847746999915806],[-75.535946999751161,38.847652000295604],[-75.535967999667562,38.847615999795138],[-75.536916999696629,38.846782000008751],[-75.537162999743927,38.846546999738727],[-75.537387999874838,38.846283999953975],[-75.538716000020599,38.844575000295542],[-75.538849000089996,38.844453000284439],[-75.539208000115195,38.844040999974013],[-75.539579999660859,38.843633999863698],[-75.539699000384871,38.843533999855076],[-75.539896000028364,38.843393999886736],[-75.540352999962849,38.843098999651353],[-75.540542000108744,38.842984999920581],[-75.540655000086645,38.842944000021802],[-75.540732000079529,38.8428990000887],[-75.540794999828734,38.842879999859633],[-75.541336000327107,38.842863999810056],[-75.542495000418484,38.843029999799292],[-75.543232999662052,38.84320199974205],[-75.544026000055524,38.843369999984418],[-75.544153000277134,38.8433650001787],[-75.544286000346517,38.843333000294123],[-75.544468999746314,38.843272999772132],[-75.544791999786497,38.843132000165355],[-75.545423999623168,38.84281799999745],[-75.548086999587412,38.841417999717955],[-75.548473000275095,38.841240999705803],[-75.548725999995085,38.841077000147564],[-75.550012000308044,38.839687999901059],[-75.550784999711738,38.838896000282944],[-75.550882999621024,38.838813999947909],[-75.551015999690406,38.83871900029493],[-75.553173000214656,38.837401999700177],[-75.553341000444135,38.837284000311939],[-75.553594000164139,38.837075999822865],[-75.553784000134925,38.836902999854509],[-75.5545709997823,38.836062000278467],[-75.554821000027559,38.835815999689522],[-75.554881000302004,38.835755999826461],[-75.554956999571672,38.835681000276423],[-75.555012999648156,38.835648999735263],[-75.555298999878445,38.835638999738144],[-75.557324000158204,38.835562000203041],[-75.565359000081628,38.835288999653365],[-75.5700170001884,38.83510800004192],[-75.571757000062817,38.835037000261948],[-75.573948000023933,38.834962999893527],[-75.579068000088057,38.834758000144838],[-75.580546999846561,38.834703999747539],[-75.58196200003097,38.834652999840074],[-75.582418000140549,38.834637999983805],[-75.582687999578965,38.834627999844635],[-75.584883999562962,38.834552999805688],[-75.586610000091994,38.834500999844202],[-75.60230800039318,38.834055000229341],[-75.611723000340888,38.833741999850531],[-75.613756000118272,38.833674999937138],[-75.615422000372845,38.833616000326707],[-75.622639999613355,38.833359000101055],[-75.623568999550955,38.833325999953146],[-75.623694000122725,38.833322000103784],[-75.624402999952295,38.833293999752634],[-75.624999999628869,38.833231999935613],[-75.62686099987711,38.833141999653598],[-75.627957000219297,38.833090000060793],[-75.63712299974668,38.832833000035237],[-75.639004999911307,38.83277099981661],[-75.640434000339411,38.832725999748234],[-75.648148999697383,38.832468999807965],[-75.658753999698618,38.832121000187847],[-75.673299999581133,38.831642000125989],[-75.67937100022246,38.831440999864533],[-75.679572000063928,38.83143499993156],[-75.681167999998294,38.831385999760244],[-75.683174000011476,38.831315999756896],[-75.68609999974143,38.831282000070338],[-75.686476000383394,38.831293999961574],[-75.689586000236375,38.831085000167171],[-75.689752999742623,38.831079000204198],[-75.692541000278638,38.830977000056414],[-75.70075799977694,38.830677000132965],[-75.70235000041167,38.830619000137162],[-75.70420900011176,38.830551000081989],[-75.709988999601663,38.830340000196983],[-75.710811000307444,38.830310000063044],[-75.710867000383942,38.830308000053648],[-75.711578999688228,38.830281999926648],[-75.71290900038214,38.830232999661391],[-75.713726000166744,38.830203000182166],[-75.716610999888829,38.830095000132779],[-75.718106000439164,38.830042999713633],[-75.722755000325108,38.829852999958511],[-75.722797000157897,38.829850999936319],[-75.722360000314893,38.824258000044544],[-75.7222840001469,38.82328900032288],[-75.722226000420591,38.822551000047838],[-75.722181000214746,38.82197899992147],[-75.722054999818042,38.82036699965802],[-75.721546999829926,38.813963000284986],[-75.721079999849707,38.808053000024664],[-75.720772999703044,38.804204000013883],[-75.720586000105271,38.801866999800957],[-75.720581999907324,38.801816000174732],[-75.719997999751229,38.794511999898042],[-75.719925999781211,38.793614000015708],[-75.719673000061221,38.790394999706081],[-75.719493999961074,38.788163999964169],[-75.719382999632984,38.786772999747477],[-75.718764000215117,38.778989000097489],[-75.718227999739582,38.77215199981358],[-75.717703999857946,38.765598000280917],[-75.717620000192355,38.76453299976383],[-75.717215999961311,38.759422999920019],[-75.716954000020479,38.756099000267994],[-75.716656999919579,38.752336999738191],[-75.716492999888047,38.750275000005416],[-75.715753000096342,38.740925000179651],[-75.715683999601055,38.740061999968354],[-75.715323999750936,38.735505999715826],[-75.715000999710753,38.731421999693929],[-75.71473999959484,38.728103999977691],[-75.714623000317303,38.726639999768331],[-75.714110000306306,38.720150000030607],[-75.714003000176177,38.718795999749837],[-75.713958999795253,38.718191000246911],[-75.713032000405804,38.706498999798129],[-75.712966000283544,38.705652999788349],[-75.712963999735422,38.705622999753437],[-75.712958999712541,38.705555000328566],[-75.712613000106145,38.701164000057368],[-75.712366000233928,38.698013000075917],[-75.711894000230828,38.692001000252631],[-75.711833999956369,38.691238000192705],[-75.711745000267911,38.690092000117581],[-75.711583999711124,38.688046999703374],[-75.711298000379159,38.684438000182325],[-75.711094000164678,38.681834999695958],[-75.711084000118916,38.681708000295046],[-75.710880999729326,38.679148000297431],[-75.710855999614978,38.678826999882219],[-75.710751000032985,38.67750200026979],[-75.710725999918637,38.677181000186472],[-75.709617999880891,38.663018999937279],[-75.709348000442461,38.6595190002731],[-75.70848100042916,38.648529000064237],[-75.708317000397614,38.646443999805335],[-75.708023999596364,38.642726999674572],[-75.707452999859044,38.635475999815156],[-75.707447000011257,38.635395999827828],[-75.707443999638215,38.63535200007739],[-75.707278999781778,38.63326499964969],[-75.707202999613784,38.632300000220553],[-75.70706200004679,38.630511000196591],[-75.707055000374098,38.630430000282928],[-75.706913999908792,38.628641999937123],[-75.70676300029605,38.626724999747438],[-75.706718000090191,38.626157000011617],[-75.706699999648549,38.625921999775009],[-75.706503000005043,38.623428000157851],[-75.706486000286617,38.623213000001975],[-75.706380999806314,38.621871999840302],[-75.706347000369433,38.621438999707159],[-75.706191999660419,38.619488999866853],[-75.706049000443613,38.617665999845293],[-75.705968000252767,38.616646999832597],[-75.70594499978823,38.616353999914843],[-75.705857999749583,38.615242000277235],[-75.705809000244088,38.614620999730313],[-75.70578699960447,38.614345999779189],[-75.70572399985528,38.613543000177671],[-75.705507999945212,38.610797000037643],[-75.705447999670753,38.610034999739334],[-75.705426999754366,38.609771000113994],[-75.70531100030172,38.608300000018772],[-75.705177000407431,38.606609999957989],[-75.705174000034376,38.606564999761225],[-75.705121000330919,38.605885000138869],[-75.705088999645568,38.605482999918394],[-75.705083999622687,38.605415999779673],[-75.705006999629802,38.604442000013222],[-75.704878999583286,38.602817000103023],[-75.704644000304953,38.599831000076918],[-75.70449199996898,38.597906999650384],[-75.704267999663003,38.595063000243215],[-75.704250999944563,38.594851000110737],[-75.704234000226123,38.59462999977967],[-75.704097999783684,38.592914999650425],[-75.70391100018594,38.59052900020545],[-75.703500000282204,38.585302999800092],[-75.702773999835884,38.57605399982581],[-75.701931000112012,38.565330000197882],[-75.701627000338405,38.561476999704908],[-75.701568999713757,38.560735999908658],[-75.701466999606509,38.55943300011166],[-75.701002000174427,38.553515999858703],[-75.700499000209163,38.547111000319923],[-75.700495999836122,38.547075999737871],[-75.700373999637392,38.545521999721998],[-75.700146999856671,38.542619000318773],[-75.698952999605197,38.527439999781947],[-75.698535999853675,38.522046999772833],[-75.698220000384509,38.518081000316137],[-75.698129000147915,38.516895999756407],[-75.698022000017787,38.515523999803221],[-75.697955000070635,38.514677000229788],[-75.697692000304897,38.511317000048223],[-75.697081000384614,38.50358400023903],[-75.696525999642532,38.496492999669378],[-75.696354000113388,38.494305000340965],[-75.696202999602335,38.492375999756412],[-75.696084999601567,38.490878000160187],[-75.695944999859478,38.489087000226746],[-75.694964000043342,38.476574999857526],[-75.694806999684516,38.47457999967564],[-75.694389000108089,38.469242000017786],[-75.694194000114408,38.466739000081589],[-75.693670000232771,38.460079999791233],[-75.691562999937233,38.460004000325398],[-75.68755299956068,38.45986200027582],[-75.67871000007348,38.459542999803944],[-75.674053999616532,38.459375999823422],[-75.670248000352785,38.459240000172883],[-75.665350000046516,38.45906399983069],[-75.664888999914069,38.459047000078655],[-75.662670000363846,38.458966999826252],[-75.662570999731329,38.458963000127852],[-75.650190999695582,38.458517000006808],[-75.64805699963587,38.45844000001749],[-75.646438000135291,38.458381000143625],[-75.645873000245757,38.458361000080068],[-75.630672999886954,38.457808999794914],[-75.625500000119388,38.45762199975232],[-75.622463999886264,38.457512000287032],[-75.616045999813593,38.457278000175911],[-75.609692000213343,38.457047000214622],[-75.605266999735093,38.456885000202476],[-75.601870999651851,38.456761000242636],[-75.598217999650672,38.456663999955303],[-75.597954999884919,38.45665800021608],[-75.59768899974614,38.456651000167973],[-75.597558000224907,38.456647000341171],[-75.596916000342475,38.456630000019551],[-75.594917999826905,38.456576999818751],[-75.594588999938921,38.456569000156655],[-75.593090000088921,38.456528999722735],[-75.591573999622199,38.456488999970048],[-75.588847999908779,38.45641799968611],[-75.58752700033402,38.456381999713606],[-75.587276000263842,38.456375000342177],[-75.583566000361273,38.456276999925727],[-75.582581000347162,38.456251000209207],[-75.582528999570314,38.456249000284743],[-75.5819000001067,38.456175000226594],[-75.581613000051505,38.456159999720747],[-75.581271999569651,38.456146999842602],[-75.581001000306316,38.456146999842602],[-75.579869999804046,38.456133000349944],[-75.578423999657502,38.456077999854806],[-75.578207999747434,38.456081000100333],[-75.578030000370518,38.456077999854806],[-75.576806999806735,38.456061000102586],[-75.575770999739035,38.45607000013743],[-75.575599000209891,38.456064999961882],[-75.575447999698838,38.456061000102586],[-75.574717000127947,38.456041999712639],[-75.574221999660324,38.456028000199659],[-75.573675000212475,38.456013999980506],[-75.573148999782674,38.455999999758575],[-75.571859999994984,38.455966000213316],[-75.571278000387011,38.45595000004937],[-75.57119899984599,38.455948000116571],[-75.571105999959556,38.455944999865508],[-75.570435999589748,38.455926999763513],[-75.570150000257797,38.455920000347895],[-75.569977999830343,38.455915000161951],[-75.569833999890292,38.455911000294336],[-75.568812999891193,38.455884000126879],[-75.567518000255703,38.455809999694388],[-75.566371999684833,38.455779999934691],[-75.565087999919982,38.455730999690715],[-75.564999000231538,38.4557199996744],[-75.564352000326238,38.455702999837825],[-75.564112999951632,38.455685999997193],[-75.563394000076329,38.455649000040658],[-75.563179999816086,38.455649000040658],[-75.562951000385539,38.455641000275648],[-75.562824000163943,38.455641000275648],[-75.562347999962853,38.455641000275648],[-75.561501999865953,38.455619000214007],[-75.561273000435406,38.455608000180618],[-75.560906000014285,38.455588999671413],[-75.560762000074234,38.455593999879945],[-75.56052900044574,38.455593000260357],[-75.56029199972096,38.455593999879945],[-75.560151000153965,38.455588999671413],[-75.559975000426874,38.45558299984279],[-75.559443000149301,38.455575999690375],[-75.559279999942689,38.455575000070532],[-75.55912799960673,38.45557300012733],[-75.559076999553085,38.45557300012733],[-75.559048000139086,38.455571999803965],[-75.558393999662798,38.455569999860678],[-75.558251000445978,38.455567000297329],[-75.558207999889973,38.455569999860678],[-75.558137999569752,38.455567999917285],[-75.557980000284331,38.455571999803965],[-75.557581000076169,38.455584000166006],[-75.557479999793827,38.455580999899816],[-75.557294999845894,38.455575000070532],[-75.556698000169305,38.455558999819814],[-75.555338000236517,38.455525000066736],[-75.554851000164788,38.455510999749961],[-75.554656000171121,38.455504999914858],[-75.553112999940197,38.455467999865434],[-75.552959999779318,38.455458999755493],[-75.552442999570374,38.455445000129338],[-75.549868000368008,38.455376999796222],[-75.547913000408442,38.455324999705176],[-75.547772999768043,38.455320999804847],[-75.543504999648604,38.45520600011335],[-75.54198099968427,38.455165000001607],[-75.541557000260056,38.455153999898997],[-75.541143999808185,38.455142000168912],[-75.540516999994381,38.455125999822222],[-75.540322000000714,38.455119999955052],[-75.539502999667974,38.455097999734534],[-75.538450999706725,38.455070000339447],[-75.538033999955218,38.455057999891913],[-75.537476999563296,38.455044000187947],[-75.536361999852858,38.455014000109735],[-75.534136999556551,38.454953999915922],[-75.533804000368931,38.454944999741805],[-75.532534999774398,38.454910000070306],[-75.530548999852698,38.454857000012872],[-75.529949999627974,38.454839999972897],[-75.529131000193559,38.454819000000811],[-75.528680999931751,38.454805999880975],[-75.528499000356888,38.454801000321311],[-75.527966000254409,38.454786999864041],[-75.527878000390871,38.45478499989899],[-75.527289000211894,38.454767999842055],[-75.527100000066014,38.454761999945163],[-75.525309000137966,38.454716000015544],[-75.522699999702112,38.454643000128137],[-75.52179400022905,38.454620000129083],[-75.521666000182535,38.454616000189674],[-75.521478999686465,38.45461200024998],[-75.51585099963421,38.454458999930168],[-75.511790000102351,38.454346999885715],[-75.511579000215136,38.454340999953821],[-75.510842999723081,38.454323000155071],[-75.509887000021322,38.454294999755781],[-75.509398000299768,38.454284000224014],[-75.506023000132913,38.454222000145897],[-75.504814999637759,38.454199000012636],[-75.504458999985616,38.454191999725872],[-75.503007999816191,38.454165999961496],[-75.502534000163266,38.454156000049586],[-75.501688000066366,38.454138999844481],[-75.500231000049155,38.454113999701057],[-75.500082000086252,38.454111000077226],[-75.499758000221135,38.454105000125651],[-75.499524999694316,38.454101000157685],[-75.498830000108455,38.454085999924104],[-75.497180999572336,38.454058000136286],[-75.493496999609008,38.453989000261053],[-75.49323399984327,38.453983999941279],[-75.492791000152479,38.453975999991655],[-75.489255000327162,38.453909999670309],[-75.487059000343166,38.453867999882071],[-75.486965999558421,38.453863999900975],[-75.48144700018446,38.453766999939404],[-75.479236999956754,38.453725000067919],[-75.477539999740046,38.453691999799993],[-75.477268999578399,38.453687999809134],[-75.47700400016285,38.453681000176289],[-75.474239999916279,38.453629000269785],[-75.4635899997092,38.453427999927065],[-75.454486999931021,38.453256000193697],[-75.454328999747261,38.453252000178658],[-75.444056000007038,38.453057999886589],[-75.443026999612016,38.453039999767753],[-75.43983999976615,38.452978000027642],[-75.439228000020961,38.452965999935643],[-75.439109000195273,38.452963999920065],[-75.438981999973677,38.452961000248422],[-75.438790000353052,38.452957000217033],[-75.438561999849099,38.452953000185431],[-75.437456000359504,38.452931000007567],[-75.432397000394744,38.452834000198663],[-75.431716999979173,38.452822999740704],[-75.43158100043506,38.452820000063198],[-75.43030599999274,38.452793000145974],[-75.428643000111222,38.452766999877419],[-75.4265719998007,38.452725000127273],[-75.426309999859868,38.452719999719896],[-75.423898999790737,38.452671999871711],[-75.422585999713576,38.45265099997205],[-75.420506999905442,38.452607000129007],[-75.418665999748711,38.452570999661823],[-75.416925000049375,38.452538000273094],[-75.415560000093691,38.452526999770008],[-75.413011999757202,38.452459999867131],[-75.412342000285676,38.452422999663085],[-75.410880000245626,38.45229699973865],[-75.410056999714925,38.452334999672054],[-75.408645999728492,38.452376999649211],[-75.401990000004432,38.452260999820354],[-75.399989000014116,38.452212000000372],[-75.395042000202366,38.452144000137615],[-75.393770000133088,38.452127000161902],[-75.393712000406765,38.452123999751947],[-75.384408999713713,38.452125999790766],[-75.384210000420396,38.452123000084285],[-75.38118400023302,38.452131000239305],[-75.381063999684102,38.452127000161902],[-75.380128999898716,38.452119000006441],[-75.378438000428133,38.452127999829521],[-75.377809000066179,38.452133999945502],[-75.37391699969038,38.452258000119478],[-75.370891000401329,38.452237999765423],[-75.36821199964524,38.452222999847969],[-75.366061999692008,38.452201999817625],[-75.357200999763151,38.452144000137615],[-75.356992000424086,38.452142999766714],[-75.35635999968909,38.452138999689979],[-75.355433000299641,38.452131000239305],[-75.35282999971156,38.452114000260572],[-75.349202999649648,38.452089000119003],[-75.341290999749859,38.452034000058411],[-75.340390000299664,38.452027999934167],[-75.336979000147821,38.452002999762797],[-75.336133000050907,38.451998000008892],[-75.331474999944135,38.451966000027959],[-75.312968999913792,38.451833999868562],[-75.289095000122188,38.451659000127023],[-75.275485999674871,38.451555000176093],[-75.27302699992515,38.451536999682297],[-75.266761000188438,38.451490000130597],[-75.263276000416752,38.451462999715694],[-75.260763000240345,38.451444000225386],[-75.259780999700993,38.451436999671387],[-75.253022000044794,38.451385000258128],[-75.252863999861049,38.451383999876704],[-75.239482000092778,38.451278999850039],[-75.236269000307644,38.45125400012261],[-75.235887999642813,38.451250999676361],[-75.234105999935622,38.451236999937258],[-75.233247000318215,38.451230000066644],[-75.233106999677815,38.451228999683067],[-75.232895999790614,38.451228000002999],[-75.232705999819828,38.45122599993929],[-75.23211499999104,38.451221999811722],[-75.230731999593687,38.451221000131554],[-75.227219000232893,38.451219999747856],[-75.225564999673878,38.451221000131554],[-75.224075000044735,38.451219999747856],[-75.220282000301466,38.45121900006766],[-75.218548000274822,38.45121900006766],[-75.218501000419167,38.45121900006766],[-75.217468999651089,38.45121900006766],[-75.212449000044387,38.451217000003702],[-75.210862000330849,38.451217999683927],[-75.210800000406593,38.451217000003702],[-75.209638999767066,38.451216000323477],[-75.208410000253835,38.451216000323477],[-75.207226999873029,38.451216000323477],[-75.20637599975322,38.451214999939701],[-75.20513299999628,38.451214000259384],[-75.203778000086345,38.451214999939701],[-75.195461000130607,38.451210999811465],[-75.19325000007801,38.451210000131148],[-75.19165599979344,38.451208999747294],[-75.190346999914254,38.451210000131148],[-75.185738000211302,38.451206999683073],[-75.185554000088288,38.451206000002692],[-75.184717000212203,38.451205000322297],[-75.180895999981516,38.451203999938379],[-75.180439999871936,38.451203999938379],[-75.177073000101004,38.451201999874016],[-75.173604000222838,38.451199999809589],[-75.172829000271037,38.451199000129115],[-75.159923999630436,38.451190999870754],[-75.158148999595923,38.451190000190103],[-75.157813999860139,38.451188999805979],[-75.155493000202696,38.451186999741196],[-75.154074999645246,38.451186000060545],[-75.152501000350512,38.451184999676364],[-75.149476999812933,38.45118199993076],[-75.146919000329007,38.451179999865779],[-75.143404000420077,38.451177999800748],[-75.142209000343698,38.451175999735661],[-75.142015000174936,38.451175999735661],[-75.139544999656266,38.451173999670509],[-75.137146000180991,38.451177000119969],[-75.134005000365889,38.451181000250031],[-75.13233800028641,38.451183000314984],[-75.129425999901841,38.451186000060545],[-75.129254000372711,38.451186000060545],[-75.128916000263899,38.451186000060545],[-75.128205999711099,38.451186999741196],[-75.121881000423173,38.451195000000041],[-75.121606000063551,38.451195000000041],[-75.121329999879023,38.451195000000041],[-75.121017999709494,38.451195000000041],[-75.120191999704076,38.451195999680579],[-75.113832000256039,38.451203000257962],[-75.10792399982131,38.451208999747294],[-75.10783199975981,38.451208999747294],[-75.100177999602892,38.451216000323477],[-75.09697300021368,38.451217000003702],[-75.089648999769636,38.451225000259178],[-75.088281000339208,38.451225000259178],[-75.08590899972981,38.451228000002999],[-75.085814000193565,38.451228000002999],[-75.084784999798558,38.45128500003657],[-75.084240999825425,38.451291999901791],[-75.082610999555868,38.451315000258283],[-75.082068000305981,38.451322999799423],[-75.08029800029432,38.451315000258283],[-75.078595000229825,38.451307999691764],[-75.078484999726655,38.451307999691764],[-75.074988000259395,38.451291999901791],[-75.073218000247763,38.45128500003657],[-75.073126000186264,38.451283999653754],[-75.0730950002241,38.451283999653754],[-75.072972000200451,38.451283999653754],[-75.072850000001722,38.451282999974445],[-75.072758999765142,38.451282999974445],[-75.072518999565617,38.451282000295116],[-75.072504000395313,38.451282000295116],[-75.072352999884274,38.451280999912271],[-75.072091999768361,38.451280000232856],[-75.070997000149404,38.4512479999335],[-75.070423999863962,38.451239999680581],[-75.070356000091905,38.451239000000655],[-75.070231000418431,38.451239000000655],[-75.069793999677117,38.451239999680581],[-75.067180999941598,38.451241000064002],[-75.066217999668822,38.451241999743885],[-75.065642999733555,38.451241999743885],[-75.065393000386607,38.451241999743885],[-75.064718999818837,38.451243000127292],[-75.063954999737689,38.451241999743885],[-75.062700000285162,38.451243999807154],[-75.062132999847492,38.451241999743885],[-75.061800999586467,38.451243999807154],[-75.058010000391334,38.4512479999335],[-75.057663000061723,38.451247000253687],[-75.05725700018084,38.451247000253687],[-75.056666000352052,38.451247000253687],[-75.055751999584757,38.4512479999335],[-75.055392999559572,38.4512479999335],[-75.055332000358518,38.4512479999335],[-75.054954999891649,38.4512479999335],[-75.054646999920067,38.451249999996598],[-75.054574999950034,38.451249999996598],[-75.053977000448569,38.451249000316814],[-75.053584000088179,38.451249000316814],[-75.052792000417924,38.451249000316814],[-75.05240499990532,38.451249000316814],[-75.052378999966052,38.451249000316814],[-75.05223199965296,38.451249000316814],[-75.050769999612896,38.451249999996598],[-75.050583000015138,38.451249999996598],[-75.050246999556151,38.451249999996598],[-75.04926800028818,38.451250999676361],[-75.048839999767679,38.451261999670514],[-75.048739000383662,38.451265000116315],[-75.047605000406662,38.451260999990907],[-75.039305999994269,38.451239000000655],[-75.02462000036968,38.451199999809589],[-75.009544999684337,38.451157999850835],[-75.000014000283983,38.451133000081548],[-74.999820000115207,38.451131999696628],[-74.99962500012154,38.451131999696628],[-74.998374999793583,38.451177999800748],[-74.994626000431239,38.451317999998352],[-74.993376999928188,38.451364999662083],[-74.991956999720912,38.451418000174236],[-74.987701000195372,38.451577999745226],[-74.986281999813016,38.451631999775358],[-74.986183999903716,38.466301000203238],[-74.98512799974452,38.47385100025155],[-74.984895999940917,38.479279000025954],[-74.984683000403919,38.48623300022075],[-74.984664000137329,38.486837000125924],[-74.98443200033374,38.492449000119947],[-74.984199999631841,38.497094000104298],[-74.984199999631841,38.500111000165653],[-74.984165000370055,38.500111000165653],[-74.98438600030299,38.509928999780556],[-74.98477799994015,38.518223999704027],[-74.985171000300525,38.528171000299743],[-74.986250999850853,38.539163999919921],[-74.98776099957152,38.549784999899835],[-74.988045000151956,38.552716000270514],[-74.988841999845064,38.560945999773487],[-74.989668999675416,38.577366999902239],[-74.992303000225647,38.595844000181366],[-74.993519000218399,38.612500999735182],[-74.994094999978586,38.614439000176723]]]},"properties":{"NAME":"Sussex County","BASENAME":"Sussex","GEOID":"10005","STATE":"10","COUNTY":"005"}},{"type":"Feature","geometry":{"type":"Polygon","coordinates":[[[-75.316222999706795,39.245307000031332],[-75.317181999781639,39.246521000085323],[-75.320060999655908,39.250163999723938],[-75.321020999555657,39.2513790001993],[-75.323287999684752,39.253263999814713],[-75.330089000072064,39.258918999969481],[-75.332356000201145,39.260805000166414],[-75.334459000298736,39.26254199977101],[-75.340770000241278,39.267756000005953],[-75.342874000163761,39.269493999893101],[-75.343602000259892,39.270092999962635],[-75.345789000023061,39.271890000049424],[-75.346517999944098,39.272488999805482],[-75.352648000136696,39.277510000006686],[-75.371041000189138,39.292573000280782],[-75.377173000031533,39.297593999961862],[-75.379651999872749,39.299630999790566],[-75.381129999806333,39.300845000235661],[-75.387035999692927,39.305806999957895],[-75.389493999617741,39.307871000061461],[-75.391961999588304,39.309949000230127],[-75.394489999833311,39.312077999971983],[-75.398521000126266,39.315491999881075],[-75.399356000352526,39.316199999731978],[-75.400169999764074,39.316889999960743],[-75.401820000125127,39.31828599977753],[-75.41041699956503,39.325633000179721],[-75.420070000062452,39.333884000329],[-75.422731000376842,39.336171999925767],[-75.42438400021264,39.337593999830752],[-75.426041000246371,39.339015000224883],[-75.428049999734284,39.340743000181163],[-75.430059999945442,39.34246899966999],[-75.436171999696356,39.347719000114715],[-75.442267999553735,39.35295699966948],[-75.443510000384109,39.354022999791077],[-75.444750999592912,39.35508900031892],[-75.445265000327112,39.355463999938344],[-75.445776999614878,39.355839999849323],[-75.452075000036942,39.360447000160185],[-75.458370000085964,39.365055000226846],[-75.461961000162859,39.36768000026602],[-75.465553999889593,39.370309000302626],[-75.466702999935222,39.371149000269448],[-75.467851999980851,39.371988999853215],[-75.468642999826173,39.372568000317202],[-75.469436000219659,39.373147000146325],[-75.469997999736137,39.373747999944399],[-75.470560000150911,39.374348000168801],[-75.470914000153243,39.374725999711188],[-75.471169000421369,39.374998000206261],[-75.47118899961454,39.375020999660862],[-75.472351000078945,39.376452999903009],[-75.476856000024839,39.382003999872126],[-75.481360000145798,39.387554999969829],[-75.49914399992781,39.374997000260038],[-75.502636000270527,39.372535000239843],[-75.505837000360088,39.370256000265933],[-75.508221999591655,39.36855900003539],[-75.511776999683548,39.366029999992577],[-75.51193999989016,39.365946999994108],[-75.512105999571517,39.36583000004628],[-75.512308000136201,39.365684999761783],[-75.512570000077019,39.365566999988161],[-75.512938000323061,39.365456999984382],[-75.514297000430957,39.365149000163207],[-75.515175000314926,39.364888999897254],[-75.515500000004934,39.364734000199803],[-75.515768999618444,39.364552999754665],[-75.51597500038109,39.364363000037542],[-75.516080999787974,39.36401500028996],[-75.516151999933101,39.363572999655482],[-75.516208999834504,39.362856999960989],[-75.516315999964618,39.36192399971776],[-75.516393999782423,39.361594000031445],[-75.516485999843937,39.361391000154974],[-75.51668400021066,39.361138000109207],[-75.516896999747686,39.360987999767389],[-75.517264999993714,39.360842999848451],[-75.517449000116713,39.360796999926272],[-75.517830999708139,39.36068700004985],[-75.518785999585006,39.360515999683322],[-75.519197000387052,39.360393000123445],[-75.519337999954047,39.360319999853118],[-75.519628000382284,39.360065999935337],[-75.520004000125923,39.359483000016546],[-75.520123999776516,39.359226000011795],[-75.520337000211839,39.359008999830969],[-75.520789999948377,39.358668999853315],[-75.520897000078506,39.358606000286557],[-75.52112899988208,39.358549999852201],[-75.521342000317432,39.358584999955276],[-75.521420000135237,39.358606999772974],[-75.521744999825245,39.35877299975251],[-75.521786999658033,39.358781999970262],[-75.522000000093357,39.358928999658261],[-75.522318000110687,39.359095000261718],[-75.522770000022291,39.359435000249611],[-75.523253999720978,39.359712000013317],[-75.523584000332164,39.359810000155633],[-75.523894999778477,39.359849000280306],[-75.524348000413326,39.359846999953902],[-75.524857000226362,39.359803999867388],[-75.525877000400541,39.359642000224397],[-75.526669000070783,39.359435000249611],[-75.527257000424854,39.359243000157527],[-75.527758999666858,39.358971000107623],[-75.52825400013451,39.358509000026686],[-75.528453000326138,39.358305000028757],[-75.528522999748006,39.358205999672023],[-75.528650999794522,39.357962000221477],[-75.528707999695939,39.357817999770106],[-75.52875799992465,39.357641999741375],[-75.528799999757453,39.357470000058427],[-75.528799999757453,39.357164000149005],[-75.528715000266956,39.35688100016111],[-75.528673000434168,39.356781999870122],[-75.52842499983872,39.356462999753226],[-75.528255999784321,39.356305999683379],[-75.527738999575362,39.355943000268049],[-75.527577000091981,39.35581799985485],[-75.527365000379874,39.355462999712344],[-75.527315000151148,39.355342000045944],[-75.52727300031836,39.355224999698514],[-75.527229999762355,39.3549499999746],[-75.527259000074665,39.354674999862816],[-75.527408000037582,39.354367999972283],[-75.527627000320692,39.354096999941234],[-75.528086999729922,39.353703000022847],[-75.528270999852936,39.353616000342605],[-75.528369999587142,39.353557000010753],[-75.52869600000038,39.353429999680735],[-75.529070999919099,39.353422999978505],[-75.529537999899347,39.353533999738389],[-75.529933999734467,39.353717000065075],[-75.530025999795953,39.353775000011659],[-75.530159999690255,39.353845999677119],[-75.530202000421369,39.353859999690705],[-75.531023000403934,39.354352000271376],[-75.53139099975165,39.354508000325012],[-75.531913999808381,39.354595000283766],[-75.532564999911628,39.354510999654735],[-75.532925999586652,39.354355999849616],[-75.533237999756182,39.354220000167622],[-75.533549000100805,39.354047000148711],[-75.534001999837344,39.353676000181601],[-75.53406600030975,39.353612000027326],[-75.534278000021857,39.353332000312939],[-75.534327000425662,39.353060999736613],[-75.534307000334195,39.35222399975541],[-75.534370999908276,39.351827000249671],[-75.534483999886177,39.351424999847985],[-75.534483999886177,39.351389000041287],[-75.534539999962675,39.351321000124308],[-75.53465200011567,39.351154000210876],[-75.534780999987106,39.351050000083887],[-75.535007999767814,39.350890999770812],[-75.535446000334062,39.350691000239493],[-75.535848999841875,39.350616999955193],[-75.536097000437294,39.350629000025378],[-75.53625999974561,39.350641999693885],[-75.536782999802327,39.350766000043969],[-75.537157999721074,39.350899000018053],[-75.537201000277079,39.350904000085222],[-75.537398999745491,39.351014999679016],[-75.537433999905588,39.351019999737943],[-75.537638999945003,39.351094999883948],[-75.537986000274628,39.35125600030527],[-75.538156000153947,39.351336000234276],[-75.53868599988337,39.351672000047351],[-75.538989999656977,39.351954000020228],[-75.539046999558394,39.352053000206396],[-75.539209999765021,39.35239500027528],[-75.539315000245324,39.352719000149051],[-75.539470999880919,39.353267000280752],[-75.539548999698724,39.353443000217332],[-75.539634000087545,39.353623000025443],[-75.539866999716025,39.35388700015546],[-75.54008599999915,39.354058000078396],[-75.540299000434501,39.35417400005182],[-75.54082900016391,39.354311000065863],[-75.541162000249841,39.354354000060496],[-75.541585999674055,39.354366000183518],[-75.542004000148808,39.354260000183316],[-75.54248500037275,39.354059999875929],[-75.542881000207871,39.353773999761472],[-75.543262999799282,39.353235999934221],[-75.5435249997401,39.352630999671639],[-75.543815999993242,39.351872999826789],[-75.543815000168337,39.35183700025091],[-75.544056000192754,39.351363000285161],[-75.544395999951377,39.350969000231714],[-75.544460000423783,39.350914999815075],[-75.54467200013589,39.350836999988495],[-75.545088999887426,39.350771999719221],[-75.545216000109022,39.350762999858865],[-75.54637699985021,39.350816000100494],[-75.547027999953457,39.350943000319305],[-75.547388999628467,39.351077000245283],[-75.547536999766493,39.351116999976377],[-75.547798999707311,39.351268999857119],[-75.547884000096118,39.351326999751912],[-75.547954000416311,39.351426000131802],[-75.548068000219146,39.351618999760348],[-75.548110000051935,39.351712999717535],[-75.548145000212031,39.351960999869625],[-75.548103000379243,39.352618999945278],[-75.548130999968336,39.352920999957512],[-75.548294000174948,39.353194999768434],[-75.548321999764042,39.35320400001023],[-75.548604999621261,39.353432000190871],[-75.549064999928788,39.353673000121397],[-75.549392999991852,39.353790999844747],[-75.54956000039644,39.353837000212707],[-75.549644999886922,39.353854999835008],[-75.550337999822972,39.353991000227495],[-75.550890000192027,39.354038000015557],[-75.551385999586245,39.353977999792853],[-75.55162599978577,39.353940000111358],[-75.552148999842501,39.353740000277206],[-75.552758000112945,39.353426000049438],[-75.553369000033229,39.353010000330841],[-75.553663999586007,39.352664999695584],[-75.554017999588353,39.352415000113737],[-75.55447700007096,39.351922000203743],[-75.554619000361185,39.35171799972651],[-75.554682999935295,39.351505999866163],[-75.554661000193974,39.351110000042432],[-75.554611999790183,39.350921000172136],[-75.554519999728669,39.350611000266625],[-75.554471000223188,39.35048000033914],[-75.554385000009475,39.350349999770543],[-75.554244000442466,39.350160999928548],[-75.554188000365968,39.350098999938837],[-75.553926000425164,39.349969000050763],[-75.553841000036343,39.349938000324933],[-75.553522000194107,39.349913000334375],[-75.553353000139708,39.349922000304211],[-75.553189999933082,39.349940999850844],[-75.552913999748554,39.350054999800733],[-75.552729999625555,39.350088000080589],[-75.552630999891349,39.350114999919036],[-75.552241999728921,39.35015700011013],[-75.551902999795203,39.35011400031113],[-75.551669000341789,39.350038000197806],[-75.551429000142278,39.349894999696524],[-75.55115299995775,39.349567999689924],[-75.551096000056333,39.349483000346879],[-75.550989999751124,39.349181000063048],[-75.550932999849721,39.348802999796185],[-75.550932999849721,39.348487999980073],[-75.551060999896237,39.347756999706085],[-75.551054000223559,39.347418999836535],[-75.551010999667525,39.34710000004069],[-75.550954999591042,39.346127000057642],[-75.550954999591042,39.345891999898484],[-75.551039999979849,39.345568000325471],[-75.551203000186462,39.345310000170116],[-75.551421999571261,39.345155999779628],[-75.551599000021596,39.345105000161944],[-75.551896000122511,39.345103999787653],[-75.552610999799853,39.345150000316913],[-75.554222999627754,39.345404000277732],[-75.55469800000391,39.345600000272938],[-75.55498000003621,39.345765000225533],[-75.555132000372183,39.345870999913785],[-75.555462000085072,39.346222000119404],[-75.555658999728564,39.346456000203382],[-75.555886000407583,39.346743000055966],[-75.556041000218286,39.347044000109193],[-75.556175999937494,39.347637999874777],[-75.556190000181203,39.347661000003932],[-75.556125999708783,39.347837000167608],[-75.556139999952478,39.348093000056537],[-75.556190000181203,39.348287000188989],[-75.556360000060522,39.348615000261994],[-75.556536999612518,39.348808000013342],[-75.556636000245035,39.348860999653816],[-75.556954000262351,39.349013000274027],[-75.557165999974458,39.349098000188825],[-75.557308000264683,39.349120000215272],[-75.557377999686565,39.349100999750789],[-75.557689999856109,39.348626999981363],[-75.557810000405013,39.34836900000424],[-75.55789499989551,39.348144000272441],[-75.557909000139219,39.348075999976295],[-75.557951999796927,39.348012999888077],[-75.558263000141551,39.347312999717481],[-75.558411000279548,39.347082000067608],[-75.558581000158867,39.346789000201134],[-75.558800000441991,39.346548999805464],[-75.559274000094916,39.346249000062222],[-75.559953999612148,39.345885999804239],[-75.560271999629478,39.345622999683407],[-75.560357000018271,39.345518999661039],[-75.560519000399992,39.345066999823274],[-75.560520000224898,39.344778999656114],[-75.560484000239896,39.344499999665011],[-75.560442000407093,39.344234000115449],[-75.560350000345608,39.34388800022073],[-75.560214999728061,39.343686000004304],[-75.559982000099566,39.343465999689109],[-75.559791000303846,39.343376999664841],[-75.55953600003572,39.343296999655593],[-75.559274999919808,39.343222000171671],[-75.558673000220381,39.343103000260278],[-75.558135999919941,39.342921000330875],[-75.557846000390029,39.34276399970561],[-75.557788999590301,39.342714999854238],[-75.557591000121903,39.342463999694026],[-75.557526999649482,39.342337999763679],[-75.557421000242584,39.34205000016172],[-75.557379000409796,39.341892999664239],[-75.557357999595084,39.341500999869581],[-75.557478000144002,39.340901000222416],[-75.557583999550886,39.340652999725364],[-75.557618999710982,39.340589000148995],[-75.558198999669131,39.339937999706876],[-75.55836900044676,39.33958999987167],[-75.558397999860759,39.339473000244659],[-75.55836900044676,39.339328999900474],[-75.558334000286663,39.33922999975232],[-75.558093000262247,39.338956000070908],[-75.557725000016205,39.3386790000012],[-75.556954000262351,39.338250000147291],[-75.55681299979706,39.338169000049447],[-75.556714000062854,39.338097999740683],[-75.556649999590419,39.338084999823117],[-75.556318000227733,39.337878999684484],[-75.556113000188304,39.337655000011736],[-75.555717000353184,39.337065999832618],[-75.555688999865779,39.336618000117703],[-75.555681000368168,39.336530000208541],[-75.555751999614969,39.336142999948741],[-75.555879999661485,39.335827000234005],[-75.556103000142571,39.335482000229312],[-75.556205000249818,39.335325000265698],[-75.556360999885428,39.335211999732969],[-75.556381999801829,39.335152999843324],[-75.556523000267134,39.335011999799512],[-75.557597999794581,39.334048000308378],[-75.558539000326078,39.333488999858801],[-75.558617000143883,39.3334659999298],[-75.558644999732962,39.3334659999298],[-75.558843000099671,39.333333999979374],[-75.559197000102003,39.333251999895197],[-75.559494000202932,39.333164999768528],[-75.559919000350376,39.333076999682035],[-75.560384999607379,39.332966999939295],[-75.560660999791921,39.33283899985657],[-75.561778999875386,39.33237399972834],[-75.56243599982642,39.332158999960953],[-75.56273399975224,39.332103999736503],[-75.563482999764773,39.332122999957882],[-75.563604000138611,39.33213100026898],[-75.564119999624339,39.33208799980207],[-75.564290000401954,39.332060000081661],[-75.564629000335671,39.331982000057025],[-75.564805999887682,39.331935999894782],[-75.56515999989,39.331786000092087],[-75.565662000030343,39.331494999779501],[-75.565816999841047,39.331344999725566],[-75.566178000414368,39.33110900001769],[-75.566842999863013,39.330565000094843],[-75.567309999843246,39.330265999736078],[-75.567422999821162,39.330166000062803],[-75.567592999700466,39.330039000306392],[-75.567704999853461,39.329875999854252],[-75.567734000165771,39.329862999797591],[-75.568010000350299,39.329668000047057],[-75.568052000183101,39.329609000343204],[-75.568179000404683,39.32949600030036],[-75.568263999895208,39.32943699975656],[-75.568349000284002,39.329318999909255],[-75.569007000059955,39.328743999865402],[-75.569318000404579,39.328363999719031],[-75.569551000033073,39.328015999945983],[-75.569756000072502,39.327617999891778],[-75.569819999646597,39.326577000056687],[-75.56976299974518,39.326163000251313],[-75.569523000443994,39.325456999700293],[-75.569473000215282,39.325384999723973],[-75.568821000287116,39.323921000343603],[-75.568715999806798,39.323522999917159],[-75.568879000013439,39.322991000000783],[-75.569069999809145,39.322539999742254],[-75.569161999870659,39.32240399999813],[-75.569330999925043,39.322115000271879],[-75.569607000109585,39.321617999924463],[-75.569791000232598,39.321351000157563],[-75.570576000230147,39.319855999871656],[-75.570957999821559,39.318845000137934],[-75.571239999853859,39.318384000330234],[-75.571283000409892,39.318252999773264],[-75.571536999954787,39.317845999830794],[-75.571587000183499,39.317746999843571],[-75.572485999983854,39.316384999992671],[-75.57269699987107,39.316065999665938],[-75.572732000031166,39.315956999671918],[-75.573870000206128,39.3144560001641],[-75.574280000284944,39.313819000052682],[-75.574429000247861,39.313610999753152],[-75.574620000043581,39.313434000167433],[-75.575086000198894,39.313175000139424],[-75.575283999667306,39.313096999902903],[-75.575630999996932,39.312933000137789],[-75.575850000280042,39.312855999772189],[-75.575963000257957,39.312833000007572],[-75.576133000137261,39.312822999986693],[-75.576804000332004,39.312719999966468],[-75.577596000002259,39.312401000304938],[-75.577780000125273,39.312336999890519],[-75.577920999692267,39.3123139999553],[-75.578295999610972,39.312135999717725],[-75.578975000201638,39.311962000336372],[-75.580346999830027,39.3114319996983],[-75.580494999968025,39.311404000048661],[-75.580601000273248,39.311350000345193],[-75.581145000246352,39.31113099992352],[-75.582629999852657,39.31016400015929],[-75.583039999931472,39.309863999978958],[-75.583181000396777,39.309696999724473],[-75.583357999948802,39.309592000288511],[-75.583378999865204,39.3095610000344],[-75.583747000111217,39.309207000082097],[-75.584092999717626,39.308894999687951],[-75.58434100031306,39.308717999988723],[-75.584764999737274,39.308643999757948],[-75.585047999594494,39.308674000217891],[-75.585090000325607,39.308691999653561],[-75.585295000364994,39.308830000038888],[-75.58533100035001,39.308838999737283],[-75.585748000101532,39.309125000206826],[-75.586030999958766,39.309240999680085],[-75.586730999567493,39.309376999992061],[-75.58702099999573,39.309466000201382],[-75.587183000377436,39.309559999846606],[-75.587324999769351,39.309699000096117],[-75.587380999845834,39.310009000018169],[-75.587366999602139,39.31014000002537],[-75.587276000263842,39.310514000134198],[-75.587282999936548,39.310608999934544],[-75.58731800009663,39.310757000332273],[-75.58741699983085,39.310909999869565],[-75.587494999648655,39.311008999800819],[-75.587699999688056,39.311098000019591],[-75.587749999916767,39.311151999917534],[-75.588032999773986,39.311285000196385],[-75.5883149998063,39.31141000032207],[-75.589510999707585,39.311679000118801],[-75.590012000023009,39.31174399990163],[-75.590408999683049,39.311746000214761],[-75.591335000145918,39.311637999903915],[-75.591679000102488,39.311539000167585],[-75.591850999631632,39.311436999808329],[-75.592055999671032,39.311251999669963],[-75.592105000074838,39.311184000326477],[-75.592147999732546,39.311116000221887],[-75.592211000380047,39.310800000013437],[-75.592189999565335,39.310412999846498],[-75.592235999596085,39.310168999664825],[-75.592337999703332,39.309948000047882],[-75.592571000230151,39.30965800011122],[-75.593051999555783,39.309233000225916],[-75.593193000021088,39.309019999912614],[-75.593285000082602,39.308775999739225],[-75.593391000387811,39.308608999668522],[-75.593440999718212,39.308546000158479],[-75.593645999757626,39.308404999990351],[-75.593889000330179,39.308416999660807],[-75.594046999615614,39.308407999908191],[-75.59409600001942,39.308412000030053],[-75.594222000416124,39.308431999941043],[-75.594326000173183,39.308464999712129],[-75.594371000379027,39.308479999982069],[-75.594475999961006,39.308536999727366],[-75.594573999870306,39.308629000218239],[-75.594608000205497,39.308674999723266],[-75.594630999771724,39.308705999674849],[-75.594651999688111,39.308779999840056],[-75.594662999558764,39.308817999744221],[-75.594662999558764,39.308915000155928],[-75.594667999581631,39.309015999825441],[-75.594684000373476,39.309157000152638],[-75.594685000198382,39.309302000266676],[-75.594700000266997,39.309430000333421],[-75.594721000183398,39.309543000127171],[-75.594752999970439,39.309636000177264],[-75.594804999848989,39.309744000102782],[-75.594840999834005,39.309801000208601],[-75.594898999560314,39.309873000239399],[-75.594963000032735,39.309926999692593],[-75.595065000139982,39.30997399991638],[-75.595127999889172,39.309996999925673],[-75.595256999760593,39.310033000197009],[-75.595267999631247,39.310036000045002],[-75.595389999830005,39.31006800026929],[-75.595409999921472,39.310071000115833],[-75.595471000020851,39.310080999834952],[-75.595561000432525,39.310083000195625],[-75.595675000235346,39.310083000195625],[-75.59576499974871,39.31007999965459],[-75.595821999650127,39.310076000323079],[-75.595912999886735,39.310059000033931],[-75.595960999567311,39.310046999950018],[-75.596040000108331,39.310026000319461],[-75.596092999811788,39.310010000199547],[-75.596178000200581,39.309968999701852],[-75.596236999751824,39.309935999944933],[-75.596270000262095,39.309915000281066],[-75.5963480000799,39.309866000345842],[-75.596481999974202,39.309840999925939],[-75.596553999944234,39.309809000292908],[-75.596690000386658,39.309751000008539],[-75.596998000358241,39.309611999862256],[-75.597106000313289,39.309554000109628],[-75.597350999637342,39.309556999978156],[-75.597412999561627,39.309572000014029],[-75.597739999799771,39.309645999958548],[-75.598241999940115,39.309863999978958],[-75.598631000102529,39.309907000208874],[-75.598758000324153,39.309906000026025],[-75.599104999755454,39.309805000250897],[-75.599217999733355,39.309737000196314],[-75.599246000220774,39.309629000260003],[-75.599351999627658,39.308965999759515],[-75.599450000435283,39.308650000268031],[-75.599570999910782,39.308441999894377],[-75.600072000226191,39.30810600012348],[-75.600186000029026,39.308064999900338],[-75.600397999741134,39.308018999994346],[-75.600617000024243,39.307986000012953],[-75.600736999674837,39.307958999890246],[-75.601090999677183,39.307947999657024],[-75.601607000061222,39.307998999965378],[-75.601726999711786,39.308020999718934],[-75.601847000260705,39.308066000109505],[-75.602002999896328,39.308110000262666],[-75.602031000383732,39.308110000262666],[-75.602151000034326,39.30817700030051],[-75.602540000196754,39.308345999727273],[-75.60276699997749,39.308479999982069],[-75.602915000115487,39.308577999673972],[-75.603239999805496,39.308859999724007],[-75.603445999669816,39.309093999745784],[-75.603524000385931,39.309299999883663],[-75.603510000142236,39.309588999726422],[-75.603474000157235,39.309706000006393],[-75.603148999568901,39.310559000311763],[-75.60315699996481,39.31062700026262],[-75.603219999714014,39.310797999673198],[-75.603320000171436,39.3109589997688],[-75.603403999837013,39.311053999660047],[-75.603516999814914,39.311116000221887],[-75.603602000203736,39.31114699978712],[-75.60383599965715,39.311181999997267],[-75.604069000183969,39.31113099992352],[-75.604331000124802,39.310941000221177],[-75.604598999913406,39.310642000069087],[-75.604684000302214,39.310532999965567],[-75.604776000363728,39.310344000206157],[-75.604910000258016,39.310059000033931],[-75.605008999992222,39.309760999773388],[-75.605071999741412,39.309634999990543],[-75.605320000336846,39.30938999968609],[-75.605707999776058,39.309180999928621],[-75.605864000309978,39.309049000016209],[-75.605927000059182,39.30896800015207],[-75.606209999916388,39.308447999726688],[-75.606450000115885,39.308180999740557],[-75.606598000253896,39.308090000259647],[-75.606908999700224,39.308053000169579],[-75.607157000295629,39.308087999841995],[-75.607553000130764,39.308224999821412],[-75.607723000010083,39.30832800020255],[-75.607758000170179,39.308332000329052],[-75.607913999805788,39.308393999827281],[-75.608034000354692,39.308461000288311],[-75.608508000007646,39.308792000141288],[-75.608719999719725,39.308898999781981],[-75.60879800043584,39.308908000166539],[-75.608968000315159,39.308902999875784],[-75.609250000347473,39.308834000136677],[-75.609385000066695,39.308800999844529],[-75.609759000160494,39.30876299993114],[-75.610232999813419,39.308976999832723],[-75.61053699958704,39.309155999959067],[-75.610863000000279,39.309276000148493],[-75.61119500026129,39.309327999680171],[-75.611365000140609,39.309323000114496],[-75.611492000362219,39.309295000315998],[-75.612007999847933,39.308954000183256],[-75.612138000442584,39.308905999772264],[-75.612269999788751,39.308813000142109],[-75.612813999761869,39.308498999670618],[-75.613152999695615,39.308349000342666],[-75.613541999858015,39.308261000309265],[-75.613832000286251,39.308241999861025],[-75.614255999710466,39.308307000056196],[-75.614709000345314,39.308547999867955],[-75.615161000256947,39.308897000082531],[-75.61538800003764,39.309080999996773],[-75.61559300007707,39.309287000172922],[-75.615804999789177,39.309514999721628],[-75.616060000057303,39.309734999825743],[-75.616392000318314,39.309764999817915],[-75.617183999988555,39.309863999978958],[-75.617234000217266,39.309877000277574],[-75.617792000434108,39.30986100012359],[-75.618189000094134,39.309998000107228],[-75.618492999867755,39.309987999681191],[-75.618548999944252,39.309968999701852],[-75.618839000372489,39.310003999806142],[-75.619135999575093,39.310079000169274],[-75.619256000123997,39.310095999758502],[-75.619580999814005,39.31006800026929],[-75.619631000042716,39.31005799985325],[-75.619758000264326,39.30998099979913],[-75.619976999649126,39.309767999677447],[-75.620386999727955,39.309526999896811],[-75.620549999934568,39.309372999925351],[-75.620620000254775,39.309237999798007],[-75.620980000104879,39.308892999988338],[-75.621206999885601,39.308810999745127],[-75.621379000313055,39.308754999727249],[-75.62144000041242,39.308737999812251],[-75.621997999730937,39.308630999925391],[-75.622027000043246,39.308667000204395],[-75.622577999689057,39.308595999829414],[-75.622960000178793,39.308404999990351],[-75.622987999767901,39.308396000236186],[-75.623068999958747,39.308280000057273],[-75.623100999745802,39.308233000085835],[-75.623150999974513,39.30820499985127],[-75.623244999685838,39.308057999825934],[-75.623263999952414,39.308029000006741],[-75.623545000159822,39.306959999842213],[-75.623622999977613,39.306842999836782],[-75.623848999933429,39.306562000230642],[-75.624047000300138,39.306376000177515],[-75.624583999702267,39.305994999915512],[-75.6250010003521,39.305727000059399],[-75.625126999850465,39.305582000184074],[-75.625141000094189,39.305540999872392],[-75.625168999683268,39.305073000309612],[-75.625233000155689,39.304802000326255],[-75.625396000362301,39.304489999756406],[-75.625524000408831,39.304345000098728],[-75.625763999710031,39.304145999743923],[-75.625968999749446,39.304090999734697],[-75.626131999956044,39.304129999669883],[-75.626217000344866,39.304171000113008],[-75.626619000027759,39.304398000080354],[-75.626845999808495,39.304500999838041],[-75.62727000013102,39.304521000171597],[-75.627531000246933,39.304438000105499],[-75.628291000130119,39.303885999825049],[-75.629562000374492,39.302962999959142],[-75.6298870000645,39.302758999811289],[-75.630085000431194,39.302680999781607],[-75.630359999892505,39.302673000272684],[-75.630398000425657,39.302671999986444],[-75.630425000189831,39.30267099970019],[-75.630523999924037,39.302692000147502],[-75.630570999779707,39.302702999816582],[-75.630629000404326,39.302736999793858],[-75.630667999864073,39.302748999741013],[-75.630712000245026,39.302760999686122],[-75.630827999697644,39.302770999754621],[-75.630943000223681,39.302768000290349],[-75.631046999980768,39.302760000096285],[-75.631150999737841,39.302734999918343],[-75.63122799973074,39.302707000264526],[-75.631279999609276,39.302654999984107],[-75.631327000363257,39.302581999886073],[-75.631325999640026,39.302540000309435],[-75.631327000363257,39.302520999698217],[-75.631269999563543,39.302448999749927],[-75.63122699990582,39.302393000202343],[-75.631195000118765,39.302331999849763],[-75.631191999745724,39.30228600034642],[-75.631201999791472,39.302252000150084],[-75.63124000032461,39.302171000065506],[-75.631277000134531,39.302117000188794],[-75.631350999754389,39.302063000270387],[-75.631411999853754,39.302025999774493],[-75.631491000394774,39.302021999982721],[-75.631532000402672,39.302027999670273],[-75.631688000038267,39.302098999757192],[-75.63184000037424,39.30210599973249],[-75.631917000367125,39.302091000181804],[-75.632040000390788,39.301871999980236],[-75.632043999690438,39.301768000225394],[-75.63206200013208,39.301705999723254],[-75.632103000139978,39.301659000202896],[-75.632189000353705,39.301585999761329],[-75.632245000430203,39.301548000101242],[-75.63226999964624,39.301528999915895],[-75.632441000248761,39.301395000254942],[-75.632514999868619,39.301336000338488],[-75.632570999945102,39.301286000346771],[-75.632591000036612,39.301272999842567],[-75.63266300000663,39.301251000053234],[-75.632702000364688,39.301249000135265],[-75.632916999551526,39.30123699993095],[-75.633228999721055,39.301229999868752],[-75.633412000019163,39.301329999896467],[-75.633706999571956,39.301404000214291],[-75.63391900018236,39.301590999879664],[-75.634027000137408,39.301647000068876],[-75.634169000427633,39.301687999881096],[-75.634284999880265,39.301707000023285],[-75.634431000368437,39.301703999818216],[-75.634710999852601,39.301652000182905],[-75.634998999732687,39.301539000160403],[-75.635116999733469,39.30148099997345],[-75.635214999642756,39.30142700025953],[-75.635432000276069,39.301393000341079],[-75.635834999783881,39.301347000220659],[-75.636296999741248,39.301358000101054],[-75.636512999651316,39.30135699979602],[-75.636762999896561,39.30135699979602],[-75.636957000065323,39.301374999723286],[-75.637120000271921,39.30138499998985],[-75.637291999801064,39.301390000122602],[-75.637836999599116,39.301424000042502],[-75.638162000187435,39.301429000172476],[-75.63869600011482,39.301413999781516],[-75.638840999879775,39.301441000343871],[-75.638983000170001,39.301466000288833],[-75.639031999675481,39.301475000239009],[-75.639423000386046,39.301427999868459],[-75.640061000070503,39.301440000039975],[-75.640081999986919,39.301440000039975],[-75.640174000048404,39.301441999952544],[-75.640841000045185,39.301454000121723],[-75.640959000045967,39.301317999706036],[-75.640875000380376,39.301224000112803],[-75.641497000171299,39.301159000290689],[-75.641928000166544,39.30089099999087],[-75.642240000336059,39.300096000014015],[-75.642381999727959,39.299689999753824],[-75.64248100036049,39.299441000148363],[-75.642565999850987,39.299247000040161],[-75.642615000254779,39.299183999749594],[-75.64269999974529,39.299107000244391],[-75.642990000173526,39.298906999951164],[-75.643492000313842,39.298607000177903],[-75.644120999777456,39.298234000047884],[-75.644269999740374,39.298155999842173],[-75.644290999656775,39.298155999842173],[-75.646080999759903,39.296997999773474],[-75.646293000370335,39.296869999910975],[-75.647353999654086,39.296121000260598],[-75.647423999974279,39.296048000300523],[-75.647507999639885,39.295982999843432],[-75.647557999868582,39.295944000235437],[-75.647685999915097,39.295880000065097],[-75.647792000220321,39.29584400016082],[-75.64794700003101,39.295837999943252],[-75.648060999833845,39.295851000066449],[-75.648194999728133,39.295773999676065],[-75.648236999560936,39.29572899972468],[-75.648449999996259,39.295434999794203],[-75.648527999814078,39.295193000320161],[-75.648536000209987,39.295161000246665],[-75.648569999646867,39.295025999819046],[-75.648604999806963,39.294885999924539],[-75.6487050002644,39.294487000079862],[-75.648740000424496,39.294418999741943],[-75.648952000136603,39.294093999719372],[-75.649094000426814,39.293705000201044],[-75.649107999772212,39.293421000127822],[-75.649178999917311,39.293150999949688],[-75.649503999607333,39.29299100033127],[-75.649928999754763,39.292447999882455],[-75.650035000059987,39.292335000298124],[-75.650430999895107,39.292125999669572],[-75.650493999644297,39.292084999818989],[-75.650635999934508,39.291940000188909],[-75.650713999752313,39.291848999754677],[-75.650763000156132,39.291826000038753],[-75.65111700015845,39.291613000285352],[-75.651158999991239,39.291594000184475],[-75.651349999786945,39.291589000047296],[-75.651801999698563,39.291752999771909],[-75.652014000308995,39.291765000211463],[-75.652276000249813,39.29179500025851],[-75.652402999573098,39.291853000127652],[-75.652573000350742,39.291919999736884],[-75.652693000001335,39.291951000156978],[-75.652947000444556,39.291948999973314],[-75.653236999974467,39.291757999897378],[-75.653745999787475,39.291652000220104],[-75.653971999743291,39.291366999714981],[-75.654375000149415,39.291219999784055],[-75.654461000363156,39.291184000264693],[-75.65475699974084,39.291154999711431],[-75.654806999969551,39.291164000291992],[-75.655217000048381,39.291315000048989],[-75.655344000269992,39.291385999877448],[-75.65574699977779,39.291578000022362],[-75.656142999612911,39.291602000264184],[-75.656368999568741,39.291569999939959],[-75.657627000292621,39.291539999796512],[-75.659266999709587,39.291625000053692],[-75.659444000159922,39.291650999776394],[-75.659727000017142,39.291680999872277],[-75.660476000029675,39.291672000053424],[-75.660553000022574,39.291658999849588],[-75.661034000246516,39.291624000304836],[-75.661911000305565,39.29151100008589],[-75.662949999848024,39.291306999936538],[-75.663311000421359,39.291151999749438],[-75.664025000273796,39.290828000313475],[-75.664399000367609,39.290727000122715],[-75.664900999609614,39.290566000068189],[-75.665466000397458,39.290657000084053],[-75.665811000178962,39.290566999832144],[-75.665943000423454,39.290531999741596],[-75.666181000074801,39.290319999991048],[-75.666618999742724,39.290281000009692],[-75.666769000428872,39.290290000007325],[-75.666965000247444,39.290302000002335],[-75.667269000021065,39.290417000313994],[-75.667524000289191,39.290622999801649],[-75.667771000161395,39.290915000257726],[-75.667840999583277,39.290976999888343],[-75.668372000035944,39.291185999775003],[-75.668612000235441,39.291238999986412],[-75.668957999841865,39.291290999708792],[-75.669275999859181,39.291396999932537],[-75.669629999861499,39.291371999868005],[-75.669912999718704,39.291253999776593],[-75.670159999590922,39.291113000231462],[-75.670188000078326,39.291036000192342],[-75.670251999652436,39.290922999719768],[-75.670301999881147,39.290890999780494],[-75.670937999915779,39.290814999952943],[-75.671424999987508,39.290852999877025],[-75.671842999563921,39.290841999736422],[-75.672153000083654,39.290861999801145],[-75.672753999958161,39.290985000038539],[-75.672902999921092,39.290984000280552],[-75.673327000243617,39.29102700029059],[-75.673482000054307,39.290930999876132],[-75.673750999667831,39.290898000181251],[-75.674231999891774,39.290909000313007],[-75.674422999687479,39.290840000216342],[-75.674612999658279,39.290469999716983],[-75.674727000359397,39.290415000086519],[-75.674819000420911,39.290409999865155],[-75.674987999576985,39.290436000039023],[-75.675200000187417,39.290498000093748],[-75.675560999862441,39.290653000337961],[-75.675828999651046,39.290786999702938],[-75.675955999872656,39.290866999990243],[-75.676472000256695,39.291148000031619],[-75.676705999710109,39.291368000162748],[-75.676839999604411,39.291421000236404],[-75.677065999560213,39.291522999871709],[-75.677150999949035,39.291572000134444],[-75.677171999865436,39.291661999789859],[-75.67726399992695,39.291774000018364],[-75.677475999639057,39.291913000133498],[-75.677715999838554,39.292226999928111],[-75.677780000310975,39.292293999874737],[-75.678042000251793,39.292476999900209],[-75.678105000000997,39.292495000025063],[-75.678303000367706,39.292511999713831],[-75.678762999776922,39.292689000072642],[-75.678847000340824,39.292692999702389],[-75.678996000303741,39.29268800033892],[-75.679363999651471,39.292595999751356],[-75.679653000254774,39.292558000077918],[-75.679844999875414,39.292452999958293],[-75.680055999762601,39.292447000145351],[-75.680198000052798,39.292473999994854],[-75.680260999802002,39.292495999761485],[-75.680599999735719,39.292759999898344],[-75.681137999861051,39.293102999824484],[-75.681285999999062,39.293143000047003],[-75.681335000402854,39.293170000323308],[-75.681384999733268,39.293204999790532],[-75.681886999873598,39.2936939998133],[-75.682190999647204,39.293917000131451],[-75.682820000009158,39.29433699992132],[-75.683052999637653,39.294515999948331],[-75.683117000110087,39.294577999866519],[-75.683357000309599,39.294960000102272],[-75.683605000006693,39.295223999986376],[-75.684042999674617,39.295924999919393],[-75.684113999819729,39.296018999676249],[-75.684121000390746,39.296082000034261],[-75.684452999753447,39.29647600003851],[-75.684862999832276,39.296897999813993],[-75.684959000091737,39.296973999990904],[-75.685053999627982,39.297041000261352],[-75.685188000420595,39.297088999772392],[-75.685298000025469,39.297096000248686],[-75.687309000061518,39.297218000293874],[-75.688037000157664,39.297262000314937],[-75.688078999990452,39.29724800009005],[-75.692218000238441,39.297560999931363],[-75.701496999743753,39.298262999754634],[-75.705759999840296,39.298619999786879],[-75.71092799958501,39.299039000222685],[-75.712035999622728,39.299123000076335],[-75.714557000195057,39.299339000230148],[-75.714901000151642,39.299366000202539],[-75.71596900000641,39.299274000047987],[-75.719652000144819,39.299025999996346],[-75.722394999576665,39.298883000127844],[-75.726897999872733,39.298621000131014],[-75.727789000175491,39.298551999987296],[-75.729668999791983,39.298440999824969],[-75.734412000287577,39.298203999979052],[-75.736933999786487,39.29805600014641],[-75.739389000236557,39.297907000341738],[-75.739615000192387,39.297883000175588],[-75.739642999781466,39.297869999734573],[-75.742103000254417,39.297754000184291],[-75.744152999750227,39.297645999830991],[-75.744756000172885,39.297608999781012],[-75.746048000333658,39.297531000269252],[-75.746916000171879,39.297533000293456],[-75.747447999551113,39.297535000317644],[-75.7480719998902,39.297519999787447],[-75.74852700017486,39.297508999999089],[-75.749318000020196,39.297490000107821],[-75.750000000085592,39.29747399990265],[-75.750381999677003,39.297448999922374],[-75.751791000013611,39.297359000058435],[-75.752981000067123,39.29728300029948],[-75.753212000045806,39.297267000046993],[-75.753908000354883,39.297223999697984],[-75.754140999983392,39.297208999796332],[-75.75626400017245,39.297073000170762],[-75.760017999557661,39.296822999924473],[-75.760073999634159,39.296818999835402],[-75.759273999568009,39.286830000023578],[-75.758476000049967,39.276831999786019],[-75.758142000139131,39.272646000305144],[-75.758117999849688,39.272336999770538],[-75.756998999941302,39.25844700022769],[-75.756968999804059,39.258067000242619],[-75.756947000062752,39.257785999655667],[-75.756003999881457,39.246066000192421],[-75.755784999598347,39.243344999837809],[-75.754797000109534,39.231163000149536],[-75.754609999613464,39.228873999875738],[-75.754494000160818,39.227418000156881],[-75.75427700042583,39.224759000001065],[-75.75379399965378,39.218760999835354],[-75.753338000442497,39.213025999794922],[-75.752565999965441,39.203296999904751],[-75.752288999955994,39.19981400027568],[-75.75225999964367,39.199459000258173],[-75.752043999733615,39.196759000143032],[-75.751128000214806,39.185301000113974],[-75.751047000023959,39.184290999679085],[-75.750995000145423,39.183645999994781],[-75.750817999695101,39.181440000217066],[-75.75073400002951,39.180421999780101],[-75.750483999784237,39.177289000261212],[-75.750443999601274,39.176792000307309],[-75.750318000102894,39.17524000002286],[-75.750078999728288,39.172304999914346],[-75.749969999948348,39.170876000104556],[-75.749550999648704,39.165633000041289],[-75.748815000054947,39.1563929999664],[-75.748004000118129,39.146347999767279],[-75.747761000443887,39.143337999748326],[-75.747645999917836,39.141885000306992],[-75.746992000339873,39.133744000213902],[-75.746762000186095,39.130862999838676],[-75.74654000042824,39.128086999700116],[-75.746480000153795,39.127332999677336],[-75.746117999755526,39.122794999880433],[-75.745937000005554,39.120536999782615],[-75.745897999647511,39.120047999771145],[-75.745860999837589,39.119588000252371],[-75.745787000217746,39.118654999666589],[-75.745502999637282,39.115100000189436],[-75.745492999591548,39.114968000164907],[-75.74546800037551,39.114650000135882],[-75.745382000161797,39.113616999811434],[-75.745373999765874,39.113522000084636],[-75.745290000100283,39.11251499984629],[-75.745186000343196,39.111081999826091],[-75.745172000099501,39.110930999706369],[-75.745157999855806,39.110775999717781],[-75.745146999985138,39.11065600000962],[-75.744905999960736,39.107648000008595],[-75.744901999762774,39.107599999831841],[-75.744637000347211,39.104295999839046],[-75.74457100022498,39.103494999786619],[-75.744500000079853,39.102578000179541],[-75.744264999903208,39.099665000232974],[-75.744219999697378,39.099081000018408],[-75.744173999666629,39.098506999754086],[-75.743018999773213,39.084008999962492],[-75.742951999826062,39.083242999834752],[-75.74290499997042,39.082586000005328],[-75.742682000387646,39.079769999778058],[-75.742268000110855,39.074561999656083],[-75.742032000109305,39.071635000236597],[-75.741995000299369,39.071171000316568],[-75.741981000055674,39.071006999879714],[-75.741971999834846,39.070893000057438],[-75.741950999918444,39.070628000095503],[-75.7407719997356,39.055831000178316],[-75.740684999696981,39.054743999882461],[-75.740488000053475,39.05226700034428],[-75.740478000007727,39.05214799980596],[-75.739799000315386,39.0436199999845],[-75.739689999637122,39.042248000045731],[-75.739523999955779,39.040179999915786],[-75.739396999734183,39.038588999770134],[-75.739356999551205,39.038090999896639],[-75.739237999725503,39.036609000239459],[-75.739200999915596,39.03615599995684],[-75.739159000082793,39.035640999906548],[-75.739076000242122,39.034618999763097],[-75.738702999973214,39.029989999851381],[-75.738678999683771,39.029688000310067],[-75.738542000314723,39.027964000231755],[-75.738514999652239,39.027623999724113],[-75.738513999827319,39.027611000183363],[-75.738513000002428,39.027596999923674],[-75.73850200013176,39.027462000068752],[-75.738416999742952,39.026403999710922],[-75.738365999689336,39.025779999912011],[-75.738188000312405,39.023496999966824],[-75.73721099979592,39.011253999692542],[-75.736455999935586,39.001781000283451],[-75.735941000274792,38.995360999884838],[-75.735773000045299,38.993192999763735],[-75.734901999834022,38.982266999991054],[-75.734675000053301,38.979353000286999],[-75.734403000066735,38.975971999794304],[-75.733743999567579,38.967657000323875],[-75.733580000434358,38.96559599984689],[-75.73292599995807,38.957391999706132],[-75.732883000300347,38.956850999675133],[-75.732834999721462,38.956252000225149],[-75.732586000199433,38.953136999773427],[-75.732534000320911,38.952484999709782],[-75.731432999955842,38.938653000243299],[-75.730993999564717,38.933088999873597],[-75.730278999887346,38.924165999669682],[-75.729841000219437,38.91865500008258],[-75.729123000169039,38.909634999859229],[-75.72879500010599,38.905469999779747],[-75.728482000111541,38.901489000152175],[-75.728438999555522,38.900943000085235],[-75.72840299957052,38.900476999816092],[-75.728009000283507,38.895485999979797],[-75.727995000039826,38.895307000022711],[-75.727983000344267,38.89515200022656],[-75.727902999978326,38.894142000082276],[-75.727463999587172,38.888640999906684],[-75.72737599972362,38.887542000090406],[-75.72729700008091,38.886546000301429],[-75.72715899998866,38.88480199982201],[-75.726821999704754,38.880586999889296],[-75.726605999794685,38.877843999825721],[-75.725881999896501,38.868862000105715],[-75.725829000193045,38.868185999795017],[-75.725655999940699,38.86604400031414],[-75.725286999869766,38.861385999677218],[-75.72518800013556,38.860129000018027],[-75.724910000301193,38.856631000091369],[-75.724833000308308,38.855641000074804],[-75.724817000414788,38.85543999974297],[-75.724672999576427,38.853624000037975],[-75.724507999719975,38.851543999807973],[-75.724455000016533,38.850879000317491],[-75.724429000077279,38.850540000058452],[-75.724212000342291,38.847908000219675],[-75.724126000128578,38.846702999689015],[-75.723941000180631,38.844350999713171],[-75.723926999936936,38.844171999681024],[-75.723823000179877,38.842854000127147],[-75.723592000201194,38.839925000174972],[-75.723463000329744,38.838295000260779],[-75.723454999933836,38.838191000170234],[-75.723378999765842,38.83723699978362],[-75.723361000222496,38.837008000338479],[-75.723174999551347,38.834647000177853],[-75.723162000030882,38.834480000279655],[-75.723053000250943,38.833097999785323],[-75.722999999649176,38.832427000173311],[-75.722943999572649,38.831733000190006],[-75.722874000150782,38.830827999900244],[-75.722797000157897,38.829850999936319],[-75.722755000325108,38.829852999958511],[-75.718106000439164,38.830042999713633],[-75.716610999888829,38.830095000132779],[-75.713726000166744,38.830203000182166],[-75.71290900038214,38.830232999661391],[-75.711578999688228,38.830281999926648],[-75.710867000383942,38.830308000053648],[-75.710811000307444,38.830310000063044],[-75.709988999601663,38.830340000196983],[-75.70420900011176,38.830551000081989],[-75.70235000041167,38.830619000137162],[-75.70075799977694,38.830677000132965],[-75.692541000278638,38.830977000056414],[-75.689752999742623,38.831079000204198],[-75.689586000236375,38.831085000167171],[-75.686476000383394,38.831293999961574],[-75.68609999974143,38.831282000070338],[-75.683174000011476,38.831315999756896],[-75.681167999998294,38.831385999760244],[-75.679572000063928,38.83143499993156],[-75.67937100022246,38.831440999864533],[-75.673299999581133,38.831642000125989],[-75.658753999698618,38.832121000187847],[-75.648148999697383,38.832468999807965],[-75.640434000339411,38.832725999748234],[-75.639004999911307,38.83277099981661],[-75.63712299974668,38.832833000035237],[-75.627957000219297,38.833090000060793],[-75.62686099987711,38.833141999653598],[-75.624999999628869,38.833231999935613],[-75.624402999952295,38.833293999752634],[-75.623694000122725,38.833322000103784],[-75.623568999550955,38.833325999953146],[-75.622639999613355,38.833359000101055],[-75.615422000372845,38.833616000326707],[-75.613756000118272,38.833674999937138],[-75.611723000340888,38.833741999850531],[-75.60230800039318,38.834055000229341],[-75.586610000091994,38.834500999844202],[-75.584883999562962,38.834552999805688],[-75.582687999578965,38.834627999844635],[-75.582418000140549,38.834637999983805],[-75.58196200003097,38.834652999840074],[-75.580546999846561,38.834703999747539],[-75.579068000088057,38.834758000144838],[-75.573948000023933,38.834962999893527],[-75.571757000062817,38.835037000261948],[-75.5700170001884,38.83510800004192],[-75.565359000081628,38.835288999653365],[-75.557324000158204,38.835562000203041],[-75.555298999878445,38.835638999738144],[-75.555012999648156,38.835648999735263],[-75.554956999571672,38.835681000276423],[-75.554881000302004,38.835755999826461],[-75.554821000027559,38.835815999689522],[-75.5545709997823,38.836062000278467],[-75.553784000134925,38.836902999854509],[-75.553594000164139,38.837075999822865],[-75.553341000444135,38.837284000311939],[-75.553173000214656,38.837401999700177],[-75.551015999690406,38.83871900029493],[-75.550882999621024,38.838813999947909],[-75.550784999711738,38.838896000282944],[-75.550012000308044,38.839687999901059],[-75.548725999995085,38.841077000147564],[-75.548473000275095,38.841240999705803],[-75.548086999587412,38.841417999717955],[-75.545423999623168,38.84281799999745],[-75.544791999786497,38.843132000165355],[-75.544468999746314,38.843272999772132],[-75.544286000346517,38.843333000294123],[-75.544153000277134,38.8433650001787],[-75.544026000055524,38.843369999984418],[-75.543232999662052,38.84320199974205],[-75.542495000418484,38.843029999799292],[-75.541336000327107,38.842863999810056],[-75.540794999828734,38.842879999859633],[-75.540732000079529,38.8428990000887],[-75.540655000086645,38.842944000021802],[-75.540542000108744,38.842984999920581],[-75.540352999962849,38.843098999651353],[-75.539896000028364,38.843393999886736],[-75.539699000384871,38.843533999855076],[-75.539579999660859,38.843633999863698],[-75.539208000115195,38.844040999974013],[-75.538849000089996,38.844453000284439],[-75.538716000020599,38.844575000295542],[-75.537387999874838,38.846283999953975],[-75.537162999743927,38.846546999738727],[-75.536916999696629,38.846782000008751],[-75.535967999667562,38.847615999795138],[-75.535946999751161,38.847652000295604],[-75.535919000162068,38.847746999915806],[-75.535919000162068,38.847787000086157],[-75.536129000224349,38.848565999864192],[-75.536206000217234,38.849286000295237],[-75.536233999806342,38.849889999719451],[-75.536219999562647,38.849938999743216],[-75.536185000300847,38.84997600019566],[-75.535180000195268,38.850367999666247],[-75.528399999724371,38.852832000241257],[-75.522404000324414,38.85501899968849],[-75.521625999999557,38.855304000132492],[-75.521584000166769,38.855326999853432],[-75.521422999609968,38.855368000310754],[-75.520439000319087,38.855742000201118],[-75.520291000181089,38.855819000284143],[-75.520249000348301,38.855877999673595],[-75.519657999621202,38.857124000222889],[-75.519580999628289,38.857263999753499],[-75.518701999919415,38.859124999740231],[-75.518651999690704,38.859192000173003],[-75.518525000367418,38.859471999909928],[-75.517763999760987,38.86101200009022],[-75.517182000153028,38.862200000084144],[-75.516696999731138,38.863215999716296],[-75.516597999996932,38.863478000309748],[-75.516305999918885,38.864001999999282],[-75.51572599996075,38.865040000321365],[-75.515662000386641,38.865121999804678],[-75.515022000154048,38.866187999869453],[-75.514044999637562,38.867746999958996],[-75.513081000438177,38.869319000060209],[-75.512180000089685,38.870868000086276],[-75.511287000137088,38.872431000099105],[-75.509744999731083,38.874997000051394],[-75.509589999920394,38.875141999727724],[-75.509168000145991,38.875765999753234],[-75.509083999582089,38.875847000087759],[-75.509126000313202,38.875906000342418],[-75.509301000215387,38.876027000189836],[-75.509351000444113,38.876102999925052],[-75.509384999880979,38.87619299970887],[-75.509399000124674,38.87626899996598],[-75.509384999880979,38.876390999951049],[-75.509272999727983,38.876639000203738],[-75.509224000222503,38.876697999800825],[-75.508900000357386,38.876927000155518],[-75.508696000142891,38.877069999996692],[-75.508654000310102,38.877106000273237],[-75.508619000150006,38.877165000181975],[-75.508583999989909,38.877263999717286],[-75.50856899992128,38.877516999923415],[-75.508541000332187,38.8775570001334],[-75.5085200004158,38.877615999667704],[-75.508330000445,38.877841999753862],[-75.508281000041194,38.877963999835849],[-75.508245999881112,38.878126000297435],[-75.508203000223389,38.878455000249254],[-75.508168000063293,38.878951000169181],[-75.508147000146906,38.878995999670565],[-75.50809699991818,38.879045999937823],[-75.507928999688701,38.879173000136873],[-75.507794999794399,38.879250000020413],[-75.507162000132809,38.879447000123598],[-75.507077999568907,38.879482999895295],[-75.506810999605207,38.879678000031717],[-75.506747999856017,38.879727999819103],[-75.506620999634407,38.879859000228144],[-75.505987999972817,38.880568999935726],[-75.505931000071413,38.880618999795466],[-75.505748999598225,38.880732000048177],[-75.504575000336573,38.880832000202453],[-75.504419999627544,38.880877999904421],[-75.504273000212763,38.880951000069729],[-75.504187999823955,38.881010000282615],[-75.503646000398973,38.881494000037399],[-75.503336999704175,38.881617000125878],[-75.503302000442375,38.881613000194598],[-75.503140999885588,38.88155499976677],[-75.502971999831189,38.881483000206735],[-75.502832000089086,38.88141199986012],[-75.502150000023718,38.881009000291279],[-75.50186899981631,38.880901999737155],[-75.501770999907023,38.88087999989083],[-75.501672000172817,38.880875999918004],[-75.501426000125534,38.880881999877133],[-75.50113099967443,38.880905999708467],[-75.500884999627132,38.880960999990734],[-75.500715999572748,38.881029000115561],[-75.500569000157967,38.881106000085722],[-75.500000000070472,38.881478000283167],[-75.499740999604384,38.881772000087707],[-75.499677000030289,38.881821999800238],[-75.499437999655683,38.881917999904871],[-75.499368000233801,38.881936000215958],[-75.499262999753498,38.881936000215958],[-75.498784999902611,38.882056000308808],[-75.49821599981513,38.882153000072549],[-75.497829000200852,38.882123000109345],[-75.497779999797046,38.882127000011913],[-75.497639000230038,38.882227000300695],[-75.497429000167756,38.88245800026197],[-75.496966000385484,38.882915000206836],[-75.496887999669354,38.883000999901491],[-75.496397000297989,38.883781999827832],[-75.496376000381602,38.883846000244311],[-75.496333999650489,38.884139000092986],[-75.496060000014111,38.884688999748683],[-75.495997000264921,38.884788999927935],[-75.495962000104825,38.884888000029626],[-75.496019000006243,38.885176000113226],[-75.496018000181323,38.885274999675644],[-75.496004999762533,38.885392999863818],[-75.49599300006696,38.885441999896237],[-75.495885000111912,38.885820999932925],[-75.495295999932949,38.886742999754937],[-75.495233000183759,38.886828999710644],[-75.495162999863567,38.886905999688381],[-75.49507800037307,38.886973999717355],[-75.494832000325772,38.887145999664675],[-75.494811000409371,38.887177000208482],[-75.494811000409371,38.887213000259088],[-75.49484200037152,38.887386000228588],[-75.494741000089192,38.887624000185234],[-75.494685000012666,38.887695999815229],[-75.494601000347089,38.887768999967697],[-75.494382999888884,38.887882000036647],[-75.494291999652305,38.887914000153444],[-75.494059999848702,38.88796500033169],[-75.493771999968601,38.888001999875961],[-75.493356999866918,38.888007999932512],[-75.492928000419838,38.888054999775377],[-75.492697000441154,38.888097000129363],[-75.492191000102849,38.888246999792408],[-75.491894999826854,38.888351999997397],[-75.491761999757458,38.888410999658284],[-75.491565000113951,38.888524999989983],[-75.491185999997285,38.888850999695933],[-75.491073000019384,38.889009000293463],[-75.490452999878258,38.8896639996684],[-75.490258999709511,38.889868999897139],[-75.490153000302598,38.88995899972538],[-75.489780999858624,38.890186000269601],[-75.489569999971422,38.890372000264087],[-75.489492999978523,38.890462000154223],[-75.489057999785345,38.891324000037876],[-75.488995000036155,38.891401000037646],[-75.488896000301978,38.891576999823592],[-75.48834899995579,38.892265000077948],[-75.488123999824879,38.892575999875724],[-75.488046000007088,38.892712000200184],[-75.488025999915592,38.892784000266495],[-75.487654000369929,38.894777000222668],[-75.487697000027623,38.895061000193166],[-75.487732000187719,38.89549299989087],[-75.487760999601718,38.895597000085914],[-75.487914999587517,38.895862000217214],[-75.488408000405329,38.896473000202519],[-75.488485000398214,38.896590000194998],[-75.488499999568518,38.896728999833961],[-75.488457999735729,38.897427999980344],[-75.488507000139535,38.897639000114872],[-75.488507000139535,38.897683999664828],[-75.488471999979438,38.89773900024128],[-75.488422999575633,38.89777900025242],[-75.488332000237335,38.897891999777656],[-75.488297000077239,38.897982999679179],[-75.488303999749945,38.898046000134215],[-75.48836700039746,38.898292999858867],[-75.488303999749945,38.898482999976665],[-75.488234000328049,38.898771000171998],[-75.488155999611934,38.898983000249196],[-75.487286000123888,38.900623000340445],[-75.487173999970892,38.900766999739893],[-75.486934999596286,38.9011559996774],[-75.486856999778482,38.901233000203135],[-75.486296000086924,38.902109000005495],[-75.486035999795931,38.902570000212883],[-75.485958999803032,38.902749999723994],[-75.485902999726548,38.902831999738353],[-75.485833000304638,38.903552999751696],[-75.48581200038825,38.903580000032711],[-75.485656999679236,38.903616999831463],[-75.485017000344953,38.903721000012894],[-75.484818999978259,38.903752999984299],[-75.484434000013778,38.903816000213546],[-75.484419999770083,38.903837999947527],[-75.484419999770083,38.903873999942405],[-75.484483000417583,38.904230000229269],[-75.484475999846566,38.904257000252841],[-75.48437799993728,38.90438800016954],[-75.484342999777198,38.904415000133007],[-75.484294000271689,38.904438000042013],[-75.484237000370271,38.90444699979161],[-75.484125000217276,38.904448000152087],[-75.483548999558792,38.904345999662276],[-75.483366000159009,38.904301999803231],[-75.48281700016301,38.904128999791233],[-75.482746999842817,38.904120000001328],[-75.482458999962731,38.904094000291131],[-75.482275999664623,38.904099000021041],[-75.482022999944633,38.904113999907722],[-75.481770000224643,38.904151000127307],[-75.48163600033034,38.904197000108859],[-75.481432000115831,38.90429199967258],[-75.481319999962835,38.904359999834135],[-75.481201000137162,38.904450999835305],[-75.481067000242859,38.90456399992793],[-75.480616999981052,38.904997999842898],[-75.480504999828071,38.905066000027276],[-75.480196000031569,38.905278999833762],[-75.479914999824189,38.905451999839748],[-75.479626000119183,38.905593000296463],[-75.479021999871605,38.905680999785147],[-75.477945999620914,38.905784000096723],[-75.477855000282645,38.905811999870551],[-75.477713999817311,38.905829999719273],[-75.477221999722744,38.905840999974139],[-75.477179999889941,38.905868000084091],[-75.477096000224364,38.9059679998063],[-75.477046999820544,38.905994999867893],[-75.476996999591833,38.906012999670274],[-75.476927000169937,38.906017999964092],[-75.476785999704632,38.906010000053051],[-75.47670299986396,38.906027999851631],[-75.476681000122653,38.90603300014439],[-75.476476999908158,38.90618200003879],[-75.476112000035172,38.906358999877561],[-75.47591500039168,38.906427999789948],[-75.475711000177185,38.906482999884837],[-75.475633000359366,38.90649700033434],[-75.475500000289983,38.906551000044928],[-75.475035999784467,38.906706000125283],[-75.474776000391799,38.906811000303101],[-75.474177999991994,38.907084000318257],[-75.473883000439216,38.907242999820248],[-75.470642999991583,38.908683999796743],[-75.470593999587791,38.908692999707114],[-75.470311999555477,38.908902000023005],[-75.470157999569679,38.909001000068208],[-75.4699400000098,38.909118999984109],[-75.469531999580809,38.909359999984844],[-75.469441000242512,38.909404999795733],[-75.468667999940536,38.909646999811706],[-75.468323000159032,38.909792999653362],[-75.467760999744243,38.910106000140473],[-75.4660810001443,38.910914999666389],[-75.465974999839077,38.910982999775001],[-75.465343000002392,38.911265000105701],[-75.465292999773681,38.911305000185841],[-75.465153000031606,38.911310000106909],[-75.465096999955122,38.911292999814641],[-75.464948999817111,38.911234999856113],[-75.464921000228031,38.911220000076014],[-75.464820999770581,38.911168000254705],[-75.464639000195717,38.911073999674507],[-75.464464000293518,38.910971000048384],[-75.46431600015552,38.910868000272842],[-75.464168000017509,38.910795999669077],[-75.463767000159535,38.910662999847204],[-75.463682999595633,38.910654000186604],[-75.463613000173737,38.91063199976881],[-75.463563999769931,38.910595999705869],[-75.463415999631934,38.91045199997059],[-75.463246999577521,38.910219000318975],[-75.46319800007204,38.910169000324025],[-75.463141000170637,38.910146999755902],[-75.463043000261351,38.910129000302767],[-75.462655999748733,38.910184999906846],[-75.462592999999544,38.910184999906846],[-75.462509000333952,38.910158000040845],[-75.462002000170756,38.90991699995336],[-75.461770000367153,38.909854999830443],[-75.46160200013766,38.909846999652828],[-75.461335000173989,38.909802999708155],[-75.461228999868766,38.909753000119203],[-75.461045999570658,38.909568999734894],[-75.460982999821468,38.909525000316918],[-75.460786000177976,38.909440000172594],[-75.460658999956379,38.909394999684871],[-75.460575000290788,38.909382000097871],[-75.460503000320756,38.909394999684871],[-75.459920999814486,38.909619000152432],[-75.459695999683589,38.909646999811706],[-75.459351999727019,38.90965300013665],[-75.459092000334323,38.909636000146598],[-75.458844999563794,38.909614000112299],[-75.458410000268927,38.909561999813413],[-75.457262999873137,38.909665000086086],[-75.456841999923654,38.909712000276244],[-75.456749999862154,38.909748999675266],[-75.456384999989169,38.909809000019962],[-75.455399999975086,38.910077999963292],[-75.454563999923906,38.910355999984745],[-75.452504000382348,38.910914000096042],[-75.452327999756932,38.910982000205614],[-75.451420999560639,38.911400000023626],[-75.449937999604202,38.911969000319779],[-75.449627999982795,38.912065000220998],[-75.448328000324423,38.912344999948488],[-75.447020000270157,38.912611000029443],[-75.446528000175547,38.912694000081871],[-75.446063999670059,38.912767999945736],[-75.445170999717476,38.91291600014101],[-75.444671000125282,38.913016999960085],[-75.444187000426624,38.91306800028476],[-75.443988000234981,38.913074000320499],[-75.443891000150614,38.913077999878091],[-75.443717000073335,38.913077000338205],[-75.443603000270514,38.913074999860477],[-75.443553999866722,38.913062000248452],[-75.443349999652213,38.912940999874323],[-75.443159999681413,38.912856000325718],[-75.44297700028163,38.912810999906746],[-75.442856999732726,38.912803000062311],[-75.442287999645231,38.912813999935572],[-75.442034999925255,38.9127970000036],[-75.441978999848729,38.912801999819564],[-75.441310000202151,38.913097000219985],[-75.441204999721847,38.913156000292773],[-75.441191000376449,38.913159000307019],[-75.441049999911144,38.913192999993484],[-75.440889000252668,38.913220000102974],[-75.440789999620151,38.913224999889138],[-75.440670999794463,38.913208000055562],[-75.440389999587083,38.913127999920768],[-75.440366000195937,38.913117000096172],[-75.440298000423894,38.913086999930336],[-75.440177999874976,38.913015999720358],[-75.43984099959107,38.912732999811958],[-75.43965099962027,38.912612000274883],[-75.439566999954693,38.912540000042291],[-75.437781000049512,38.911853000062045],[-75.437605000322421,38.911813000290735],[-75.436746999631623,38.911663000073894],[-75.436613999562226,38.911604999718698],[-75.436324999857234,38.911502999726174],[-75.435643999616758,38.911229999929766],[-75.434708000006466,38.910891999758839],[-75.434468999631875,38.910842999809361],[-75.434314999646077,38.910821000149106],[-75.434188000322791,38.910811999809582],[-75.434047999682377,38.910816999765373],[-75.433738000060984,38.910858999939222],[-75.433302000042886,38.911050000250007],[-75.433106000224313,38.911252000162207],[-75.432994000071332,38.91136699974124],[-75.432911000230632,38.911452999936749],[-75.432855999979068,38.911510999717187],[-75.432444000250413,38.91206200016051],[-75.432388000173916,38.912098999732578],[-75.432364999709392,38.912103000044105],[-75.432311000181016,38.912117000084145],[-75.431952000155817,38.912131999674635],[-75.431696999887691,38.912117000084145],[-75.431522999810426,38.91210600010281],[-75.431017000370446,38.912049999917357],[-75.430834000072338,38.912068000281351],[-75.43079399988936,38.912078000015633],[-75.430757000079439,38.912087000194624],[-75.430671999690617,38.912114000025859],[-75.430504000359463,38.912209000178848],[-75.430391000381547,38.912285999900526],[-75.43033500030505,38.912340999650588],[-75.43024300024355,38.912655999876229],[-75.43023099964968,38.912709999794522],[-75.430213000106306,38.912789999701467],[-75.430172999923343,38.912966999839206],[-75.430152000006956,38.913120999651291],[-75.430095999930458,38.913351000255368],[-75.430011000439961,38.913482000165907],[-75.429905999959672,38.913558999904517],[-75.429792999981743,38.913582000345812],[-75.429553999607151,38.913554999675043],[-75.428403999736616,38.913206000280454],[-75.427788999618386,38.913182000178949],[-75.427125999819566,38.913348999785306],[-75.426714000090925,38.913461999693695],[-75.426562999579872,38.91353900015293],[-75.426334999974245,38.913590000102445],[-75.426165000094926,38.913615000297334],[-75.426031000200624,38.913615999829645],[-75.425758000389152,38.913579000349451],[-75.425645000411251,38.913558999904517],[-75.425491000425453,38.91353099969151],[-75.425176999707773,38.913465999928356],[-75.424953000300107,38.9134269999021],[-75.42486700008638,38.91342099989614],[-75.424797999591107,38.913416999658942],[-75.424692000184208,38.913417999893035],[-75.424569999985465,38.913459999925749],[-75.424494999642405,38.913492999933993],[-75.424386999687357,38.913546999914409],[-75.423887000095164,38.91395000010192],[-75.423457999749772,38.914240000210242],[-75.423345999596776,38.914281000233586],[-75.42324699986257,38.914294999844067],[-75.423142000280578,38.914300000253427],[-75.423035999975383,38.914287000166844],[-75.422923999822373,38.914256000273305],[-75.4226150000259,38.91414399975605],[-75.422431999727792,38.914086000030316],[-75.422256000000701,38.914055000049039],[-75.422072999702593,38.914041999917522],[-75.421826999655295,38.914137999810755],[-75.421792000393509,38.914174000174079],[-75.421713999677394,38.914300000253427],[-75.421650999928204,38.914449000269407],[-75.421615999768107,38.914589000111981],[-75.421609000095401,38.914764999741919],[-75.421650999928204,38.914882000346545],[-75.4216860000883,38.915047999935453],[-75.421679000415608,38.915215000043759],[-75.42162300033911,38.915418000190392],[-75.421580999607997,38.915517000233777],[-75.421523999706594,38.915562999839764],[-75.42143300036831,38.915599000179213],[-75.421116000175914,38.915654000157737],[-75.420751000302928,38.915696000265108],[-75.420701999899123,38.915674000012288],[-75.420090000153934,38.915523000062478],[-75.419956000259631,38.915477999936648],[-75.419829999862941,38.915415999778602],[-75.419695999968638,38.915317000293342],[-75.419583999815643,38.91521799997097],[-75.419358999684732,38.914993999699149],[-75.419182999957641,38.914832000141608],[-75.41900700023055,38.914693000295564],[-75.418803000016055,38.91455400017724],[-75.418317999594166,38.914262999731861],[-75.418248000172269,38.914244999924541],[-75.41795299972118,38.91422400014357],[-75.417833000070573,38.914233000050487],[-75.417720999917577,38.914260999986482],[-75.417559000434181,38.914323999976922],[-75.417313000386898,38.914554999696321],[-75.416981999950778,38.915227999960408],[-75.416940000117989,38.91527300024476],[-75.416925999874294,38.915313000162961],[-75.416925999874294,38.915404000102534],[-75.416946999790682,38.915520999653644],[-75.417065999616369,38.915641999822952],[-75.417298000318283,38.91596100016983],[-75.417411000296184,38.916082000287844],[-75.417643000099773,38.916283999857626],[-75.417691999605267,38.916315000263197],[-75.418078000292951,38.916453999728212],[-75.418204999616265,38.916530000245771],[-75.418304000248753,38.916619999833735],[-75.418423000074469,38.916745000275881],[-75.418423000074469,38.916786000249971],[-75.418303000423862,38.916890000009701],[-75.418177000027157,38.916975999803462],[-75.41810699970695,38.91700800009022],[-75.417874000078456,38.917166000246155],[-75.417845999591052,38.917212000181195],[-75.417691999605267,38.917320000033044],[-75.416699999918478,38.918017999978261],[-75.416679000002091,38.91803100008034],[-75.416643999841995,38.918027000102988],[-75.416482000358599,38.91808100012819],[-75.416369000380698,38.918099999829614],[-75.415982999693,38.918097000024233],[-75.415786000049508,38.918069999673378],[-75.415166999733302,38.917941999656456],[-75.41483000034772,38.917893999852673],[-75.414688999882401,38.91788099972549],[-75.413958000311553,38.917888000224366],[-75.413078999704354,38.917990000126672],[-75.412789999999333,38.917995000275731],[-75.412564999868451,38.917991999766969],[-75.412262999744655,38.917947999979084],[-75.411791999566461,38.917819000269006],[-75.41142599986857,38.917766000217178],[-75.411313999715574,38.917738999740386],[-75.410989999850457,38.917618999826786],[-75.410674000381292,38.917485000032933],[-75.410645999893887,38.917458000148173],[-75.410666999810275,38.917278000187856],[-75.410800999704577,38.91690300031842],[-75.410800999704577,38.916771999733022],[-75.410744999628093,38.916600999736055],[-75.410717000039,38.916560999844918],[-75.410674000381292,38.916524999993484],[-75.410554999657293,38.916457999794225],[-75.410462999595794,38.916417999822485],[-75.410385999602894,38.916409000192651],[-75.410272999624993,38.916417999822485],[-75.409690000192114,38.916546999982536],[-75.409260999846708,38.916674000230714],[-75.408818000155932,38.916824000341123],[-75.408705000178031,38.916879000069216],[-75.408500999963536,38.917005999723237],[-75.40835399965043,38.917109999859505],[-75.408269000159919,38.91719600008561],[-75.408192000167034,38.917313000177039],[-75.408157000006938,38.917404000347773],[-75.408136000090536,38.917557000141386],[-75.408127999694614,38.917718999768908],[-75.408191000342143,38.918435000130067],[-75.408239999847609,38.91868299967178],[-75.408283000403628,38.918776999959185],[-75.408325000236431,38.918840000134196],[-75.408387999985621,38.918908000337957],[-75.408654999949306,38.91911800008306],[-75.408803000087318,38.919257999800784],[-75.408880000080202,38.919378999888465],[-75.408921999912991,38.919541000248884],[-75.408921999912991,38.919703000239451],[-75.408886999752895,38.919834000306487],[-75.408823000178785,38.919951000241923],[-75.408752999858606,38.920024000085974],[-75.408669000193015,38.9200740001273],[-75.408563999712712,38.920086999852764],[-75.408393999833407,38.920079000129519],[-75.407987000127619,38.919976999735432],[-75.407924000378429,38.919950000099931],[-75.407888000393413,38.91990999999976],[-75.407874000149718,38.91982900028701],[-75.407874999974624,38.919747000336976],[-75.407859999906009,38.919698000210737],[-75.407824999745912,38.91967099977014],[-75.407776000240418,38.919649000050711],[-75.407726999836626,38.919640000131764],[-75.407649000018822,38.919657999968514],[-75.407592999942324,38.919698999657371],[-75.407557999782227,38.919757999832889],[-75.407530000193148,38.919757999832889],[-75.406981000197135,38.919632999805685],[-75.406848000127752,38.919565999745203],[-75.406770000309947,38.919543999993223],[-75.406249999727947,38.919483000041588],[-75.405920000015058,38.919475000250237],[-75.405688000211455,38.919416999988997],[-75.405610000393679,38.919408000040576],[-75.405519000157057,38.919413000089712],[-75.405371000019059,38.919341999918224],[-75.405020000389783,38.91905500015487],[-75.404647000120889,38.918780999894317],[-75.404541999640585,38.918687000311145],[-75.404520999724184,38.91863300004816],[-75.404464999647686,38.91836700017199],[-75.404472000218703,38.918339999923866],[-75.404731999611371,38.918010000021816],[-75.404766999771468,38.917920000099869],[-75.404787999687869,38.917658999820567],[-75.404831000243888,38.917451000305775],[-75.404823999672885,38.917428999898071],[-75.404704000022278,38.917348000149005],[-75.404485999564073,38.917267999788344],[-75.404387999654801,38.917254000065434],[-75.404107000345704,38.917242000001195],[-75.403550999778702,38.917225999912382],[-75.403446000196723,38.917231000115279],[-75.403368000378919,38.91724000033976],[-75.40307200010291,38.917322999871267],[-75.402911000444419,38.917368000225089],[-75.402797999568207,38.917408999839175],[-75.402774000177075,38.917422000052824],[-75.40250700021339,38.91755899979389],[-75.402309999671559,38.917670000339086],[-75.402195999868766,38.917730000278134],[-75.402046000080929,38.917807999773586],[-75.401912000186627,38.917906999977461],[-75.401413000419353,38.918355000295961],[-75.401300000441452,38.918509000298243],[-75.401223000448567,38.918670999849198],[-75.401194999961149,38.918823999706746],[-75.401194999961149,38.918982000012868],[-75.40121500005263,38.91905400000023],[-75.401553000161428,38.919823000123429],[-75.40173499973632,38.920268999951887],[-75.401748999980015,38.920296000164932],[-75.401776999569094,38.920313999835329],[-75.401841000041514,38.920385999868977],[-75.402101000332522,38.920862000039541],[-75.402212999587206,38.921033000252066],[-75.402339999808802,38.921189999708282],[-75.402670000420002,38.921532000236944],[-75.403063999706987,38.922044000272734],[-75.403134000027194,38.922146999903148],[-75.403237999784267,38.922359000062812],[-75.403337000416769,38.922638000306456],[-75.403350999762168,38.922773000255944],[-75.403329999845752,38.922953000254942],[-75.40329499968567,38.923102000273587],[-75.40288700015499,38.924031999659768],[-75.402801999766169,38.924117999882945],[-75.402386999664472,38.924714000174227],[-75.402154999860869,38.925006999836],[-75.401958000217377,38.92511200019544],[-75.401810000079379,38.925179999979285],[-75.401726000413802,38.925203000148315],[-75.400382000374506,38.925415000261623],[-75.400185999657609,38.925459999676697],[-75.399946000356408,38.925542000012868],[-75.399882999708908,38.925573999930805],[-75.399778000126915,38.925672999782179],[-75.399623000316225,38.925854000169757],[-75.399425999774422,38.926115999712003],[-75.399285000207414,38.926404999669124],[-75.399108999581998,38.926909999873047],[-75.399101999909334,38.927113000107227],[-75.399116000153015,38.927171999708271],[-75.399207000389623,38.927319999913045],[-75.399305000298909,38.927431999900477],[-75.399706999981817,38.927781999944578],[-75.400401999567677,38.928387999735108],[-75.400563999949384,38.928563000060485],[-75.40077400001168,38.928833000214709],[-75.400893999662259,38.929013000212485],[-75.400949999738771,38.929192999753447],[-75.400957000309774,38.929355000067943],[-75.400949999738771,38.929480999746161],[-75.400893999662259,38.929755999919259],[-75.400901000233276,38.929819000129044],[-75.400866000073179,38.929910000333187],[-75.400654000361072,38.930262000023795],[-75.400633000444685,38.930361000320872],[-75.400563000124464,38.930563999763685],[-75.400400999742757,38.930969999701681],[-75.400274000419472,38.931231999915006],[-75.400175999611875,38.931389999842608],[-75.399845000074066,38.931746999753997],[-75.39971799985247,38.931859999713652],[-75.399534999554362,38.932045000273135],[-75.399366000398288,38.932253000329688],[-75.399154999612762,38.932565000319052],[-75.399014000045753,38.932799999895281],[-75.398767999998483,38.933269000251478],[-75.39861300018778,38.933516999651133],[-75.398528999623878,38.933770000016018],[-75.398394999729575,38.934072000192373],[-75.39837399981316,38.934172000004388],[-75.398212000329792,38.934645000111274],[-75.398120000268293,38.934956000128949],[-75.398020999635762,38.935384999744052],[-75.397886999741459,38.936187000269797],[-75.397915000228849,38.936272999731962],[-75.397957000061652,38.936322000288925],[-75.397986000373962,38.936340000085707],[-75.398119000443359,38.936334999832063],[-75.398330000330546,38.936276000166352],[-75.398668000439358,38.936256999742454],[-75.398779999694042,38.936243000272704],[-75.398879000326559,38.936214999927394],[-75.39905500005365,38.936125000040356],[-75.399322000017349,38.935957000318226],[-75.399518999660842,38.935811999722333],[-75.399645999882438,38.935695000090369],[-75.399737000119032,38.935626999905004],[-75.399877999686041,38.935568000349029],[-75.400019000151332,38.935521999737382],[-75.400096000144245,38.935517000124818],[-75.400321000275142,38.935547999813323],[-75.400476000085845,38.935592999787872],[-75.400601999584225,38.935642000115926],[-75.401045000173312,38.935834000019739],[-75.40119999998403,38.935915000325501],[-75.401333999878318,38.936000000201787],[-75.401579999925602,38.936241999661618],[-75.402289999580091,38.936824999955618],[-75.402668999696772,38.937221000005835],[-75.402872999911281,38.937450000155017],[-75.402872999911281,38.937471999944307],[-75.402845000322202,38.937495000320148],[-75.40239500006038,38.937649999893949],[-75.40221900033329,38.937726999957434],[-75.40193700030099,38.937830999765332],[-75.400445999948616,38.938485000221597],[-75.400262999650494,38.938593999711202],[-75.399968000097729,38.938810999709169],[-75.399834000203427,38.938928999664384],[-75.39960900007253,38.939190999822173],[-75.399489000421923,38.939371999952478],[-75.399221999559913,38.939841000167135],[-75.398771000371511,38.94043800025981],[-75.398559999586013,38.940690999689672],[-75.398525000324241,38.940739999988544],[-75.398502999684609,38.940794000193186],[-75.398490000164131,38.940969999798249],[-75.398492999638862,38.941107000180956],[-75.398496000011903,38.941263000085307],[-75.398545000415709,38.941667999726221],[-75.398629999906206,38.941889000128036],[-75.398650999822607,38.941969999805629],[-75.398656999670408,38.942104999994214],[-75.398769999648309,38.94243799977955],[-75.39888199980129,38.94276700011708],[-75.398945000448791,38.942856999958366],[-75.398994999779191,38.942978000317943],[-75.399113999604879,38.943352000187211],[-75.399394999812273,38.94390900021925],[-75.399718999677361,38.944470999747473],[-75.400112000037765,38.944925000128748],[-75.40034700021441,38.945142000313538],[-75.400554999728556,38.945374000082303],[-75.400758999943051,38.945620999986417],[-75.40090000040837,38.945819000179156],[-75.400955999586543,38.945922999995297],[-75.401032999579428,38.946097999670819],[-75.401096000226943,38.946277999864449],[-75.40111799996825,38.946404000217115],[-75.401109999572327,38.946534999880548],[-75.401040000150445,38.94703100003931],[-75.400814000194643,38.947527000220823],[-75.400716000285342,38.947716999880882],[-75.400616999652826,38.947866000276548],[-75.400505000398155,38.948010000230092],[-75.400223000365841,38.948344999708134],[-75.400102999816937,38.948449000010257],[-75.399681000042548,38.948882999798805],[-75.399441999667928,38.949081999693803],[-75.398343999675944,38.949905999814732],[-75.397669000181565,38.95025899986922],[-75.397253000254963,38.950441000099033],[-75.395423999793792,38.951100000119311],[-75.395099999928675,38.951313000067657],[-75.394536999688967,38.951841999961339],[-75.394016000180386,38.952389000012381],[-75.393615000322384,38.952845999714704],[-75.393360999879178,38.953202999887004],[-75.393241000228571,38.953481999656276],[-75.393199000395782,38.953649000101898],[-75.393134000098442,38.954139999684955],[-75.393114000006975,38.954315999689008],[-75.393120999679653,38.95434799989679],[-75.393170000083458,38.954406000236638],[-75.393283000061373,38.95465799976472],[-75.393297000305068,38.954789000241014],[-75.393408999559739,38.955202999749083],[-75.393380999970645,38.955454999936009],[-75.393345999810563,38.955536999820211],[-75.393281000411534,38.955646000337261],[-75.393211999916261,38.955739999840979],[-75.39270499975305,38.956228000016907],[-75.39251499978225,38.956367999836409],[-75.392247999818551,38.956521999737504],[-75.391713000066261,38.956681999842772],[-75.391410000117574,38.956755000303438],[-75.391164000070262,38.95680099971301],[-75.390953000183075,38.956811000127367],[-75.390755999641257,38.956792999939331],[-75.390663999579758,38.956779999955884],[-75.390495000423684,38.956700000059008],[-75.390276999965479,38.95654300026964],[-75.390052999659474,38.956326999688372],[-75.390016999674472,38.956273000138737],[-75.389856000015982,38.955921999967423],[-75.389728999794386,38.955584999998038],[-75.389645000128795,38.955458999898482],[-75.389461999830687,38.954901000157612],[-75.389413000325206,38.954851000216678],[-75.389223000354406,38.954729999864497],[-75.389132000117797,38.954695000174411],[-75.389055000124912,38.954681000153855],[-75.389004999896201,38.954671999789859],[-75.387591000435023,38.954817000236787],[-75.387465000038318,38.954871000197315],[-75.387337999816722,38.954907999797214],[-75.386993000035218,38.954980999989637],[-75.386851999569913,38.955018000230694],[-75.386577999933522,38.955113000213608],[-75.386500000115731,38.95512700014887],[-75.386381000290029,38.955141000081362],[-75.386043000181232,38.955200000115703],[-75.385332999628432,38.955302000153907],[-75.384925000097752,38.955353000117981],[-75.384355000185352,38.955390999807094],[-75.384058999909342,38.955427999834079],[-75.38351699958605,38.955528999903841],[-75.382890999597151,38.955687999818814],[-75.382645000448164,38.955793000160163],[-75.382595000219453,38.955824999701072],[-75.38252499989926,38.955906000220708],[-75.38239799967765,38.956095999774085],[-75.382257000110641,38.95632999997261],[-75.382173000445064,38.956551000071542],[-75.382129999889059,38.956690999951491],[-75.38182699994033,38.957895000075041],[-75.381720999635149,38.958206000095792],[-75.381686000373335,38.958351000297078],[-75.381517000318951,38.958761000175734],[-75.381523999991643,38.958819999990297],[-75.381431999930129,38.959153999778344],[-75.381333000195937,38.959659000075753],[-75.381297000210921,38.960069000069787],[-75.381318000127322,38.960569000191008],[-75.381366999632803,38.960960999981118],[-75.381361999609936,38.961128000264679],[-75.381339000043724,38.961284999674511],[-75.381261000225905,38.961461000094253],[-75.38118400023302,38.961591999868858],[-75.381106000415215,38.961677999946431],[-75.381036000094994,38.961740999733962],[-75.380950999706201,38.961782000241939],[-75.38080400029142,38.961832000181921],[-75.380648999582405,38.961872999938727],[-75.380255000295421,38.961905999776853],[-75.380169999906613,38.96189300003293],[-75.379128999816018,38.961467999784389],[-75.37883400026324,38.961364999983019],[-75.378194000030646,38.961096999886259],[-75.378087999725437,38.961024999968991],[-75.377725000400574,38.960885999834453],[-75.377588999958149,38.960832999831943],[-75.377482999652941,38.960806999948019],[-75.377173999856453,38.960653999846762],[-75.376850999816256,38.960551999828489],[-75.376589999700343,38.960507999898574],[-75.376280999903884,38.960471999999058],[-75.376019999787957,38.960478000216447],[-75.375879000220948,38.960496000166941],[-75.375535000264378,38.960556000201777],[-75.375105000094067,38.960705999717362],[-75.374999999613777,38.960711000347658],[-75.374818000038886,38.960766000272884],[-75.374022999995589,38.961088000337206],[-75.373432000166801,38.961287999748876],[-75.3729889995777,38.961357000026084],[-75.372370000159833,38.961418000286095],[-75.372130999785213,38.961435999997782],[-75.372038999723699,38.961423000167628],[-75.371658999782113,38.961339000294316],[-75.371313000175704,38.961219999662987],[-75.371243999680416,38.961195999740347],[-75.370969000219105,38.961056999941277],[-75.370378000390332,38.960729999805977],[-75.370251000168722,38.960666999817967],[-75.369934999801217,38.960569000191008],[-75.369470000369134,38.960467000050421],[-75.369041000023728,38.960305999837843],[-75.368696000242238,38.96015400032536],[-75.36838599972252,38.959988999695021],[-75.368034000268324,38.959750999984408],[-75.367936000359052,38.959652000206844],[-75.367886000130326,38.959580000218274],[-75.367857999642922,38.959471999748949],[-75.36785099997023,38.959390999812825],[-75.367857999642922,38.9591430001053],[-75.367876999909484,38.959037999838017],[-75.367908999696539,38.958943999819319],[-75.368188000254122,38.958398999965929],[-75.368230000086911,38.958265999974188],[-75.36825799967599,38.958181999850794],[-75.368300000407118,38.957934000103066],[-75.368313999752502,38.957560000329217],[-75.368286000163394,38.957344000053716],[-75.368229000262005,38.957154999971088],[-75.368187000429202,38.957056000059303],[-75.367938999833783,38.956672999732909],[-75.367841999749388,38.956547999796669],[-75.367715000426102,38.956435999688821],[-75.367548000021529,38.95622000017854],[-75.367179999775487,38.955743000150065],[-75.367101999957683,38.955621999923736],[-75.367052999553891,38.955495999889969],[-75.366974999736087,38.955194000149959],[-75.366826999598089,38.954455999792884],[-75.366736000259806,38.954302999949753],[-75.366615999710888,38.954155000170694],[-75.366475000143879,38.954034000027335],[-75.366327000005882,38.953957000209577],[-75.366270999929398,38.953939999657891],[-75.366208000180194,38.953934999946881],[-75.366066999714889,38.953945000067101],[-75.365884000315091,38.953972000035449],[-75.365567000122695,38.95404499979486],[-75.365208999922402,38.954149999776305],[-75.364977000118799,38.954227000082952],[-75.364779999576996,38.954308999990879],[-75.364428000122814,38.954485999928863],[-75.363472000421041,38.95523199992433],[-75.361735000021369,38.956755999926457],[-75.361714000104968,38.956787999731027],[-75.361205000291932,38.957338000269537],[-75.36102500036688,38.957533000330791],[-75.360877000228882,38.95765999984576],[-75.36075800040318,38.957709999900338],[-75.360575000105072,38.957732999997425],[-75.360512000355882,38.957724000021102],[-75.360153000330698,38.957559000019032],[-75.360067999941876,38.95749099984711],[-75.359984000276285,38.957396999871818],[-75.359646000167487,38.956911000002286],[-75.359420000211671,38.95648000005167],[-75.359103000019275,38.955988999915462],[-75.35897699962257,38.955810000267341],[-75.358892000132087,38.95571099987361],[-75.35882199981188,38.955648000313111],[-75.358497000121872,38.9554390000838],[-75.358145999594271,38.955253000140182],[-75.357990999783567,38.955190999817631],[-75.357800999812781,38.955091999956259],[-75.357548000092791,38.954943999729274],[-75.357364999794669,38.954795999891736],[-75.35719599974027,38.954635000066752],[-75.357013000340487,38.95442299997795],[-75.356956000439069,38.954311000004516],[-75.356907000035278,38.954180000041816],[-75.356892999791569,38.954032000005888],[-75.35686400037757,38.953054000231369],[-75.356898999639341,38.952797000098606],[-75.356885000293957,38.952607999765092],[-75.356841999737966,38.952342000149528],[-75.356799999905164,38.952202999748401],[-75.35672299991225,38.952072000080832],[-75.356589000017962,38.95190599980225],[-75.356469000367355,38.951789000180341],[-75.355990999618157,38.951268000289303],[-75.355808000218389,38.951105999733052],[-75.354357999873884,38.949965999734253],[-75.354280000056079,38.949857999982243],[-75.353562000005667,38.949036000164398],[-75.352773999635076,38.947925000079408],[-75.352668000228164,38.947800000083674],[-75.352583999664262,38.947722999780972],[-75.35248499993007,38.947651000247873],[-75.352380000348077,38.947589000261466],[-75.352167999737659,38.947508000017223],[-75.351858999941172,38.947409999658333],[-75.351191000119499,38.947371999881909],[-75.350212999778094,38.947437999774685],[-75.349930999745794,38.94750100034539],[-75.349749000170902,38.947578999943055],[-75.349594000360213,38.947696000226607],[-75.3494599995676,38.947817999761277],[-75.349382999574701,38.947975999762875],[-75.349340999741912,38.948098000212937],[-75.349298999909124,38.948373000153808],[-75.34933400006922,38.948588999826725],[-75.349503000123619,38.948895000099668],[-75.34952400004002,38.948976000156286],[-75.349509999796311,38.949075000177388],[-75.349363000381516,38.949499000277328],[-75.349313999977724,38.949598000266562],[-75.34923600015992,38.94971099972549],[-75.348667000072439,38.95038899968187],[-75.348391999712831,38.950682999872775],[-75.348168000305151,38.950980999758031],[-75.348026999839846,38.951210999877077],[-75.347400999850947,38.951991999759443],[-75.347296000268969,38.95208700030566],[-75.347175999720051,38.952164000059341],[-75.34689100021302,38.952309999734545],[-75.346795999778465,38.95235899968732],[-75.346613000378667,38.952486000091582],[-75.346459000392869,38.95262999974112],[-75.346403000316386,38.952707000302027],[-75.346290000338485,38.952936999710225],[-75.346078999552972,38.953239999659189],[-75.345967000298302,38.95344299997241],[-75.345902999825867,38.953609999811334],[-75.345854000320401,38.953816999818486],[-75.345833000403985,38.954124000234508],[-75.345713999679987,38.954705000187431],[-75.345679000418201,38.954821999885525],[-75.34563000001441,38.954885999829735],[-75.345285000232906,38.955160999980087],[-75.345240999851967,38.955188000183703],[-75.345173000079896,38.955233999911862],[-75.345087999691103,38.955269999678322],[-75.344947999949014,38.955310999739311],[-75.344749999582291,38.955343000196379],[-75.344405999625707,38.955353000117981],[-75.344208999982229,38.9553220000072],[-75.344060999844203,38.955269000034335],[-75.343632000397122,38.955048999775876],[-75.34339300002253,38.954879000187965],[-75.343300999961031,38.954783999891312],[-75.343238000211841,38.954693999823775],[-75.343152999823019,38.954459999811753],[-75.343090000073829,38.954163000242218],[-75.34312500023394,38.953487000097837],[-75.343117999662923,38.953266000223834],[-75.343089000248924,38.953136000099356],[-75.342991000339609,38.952987000302848],[-75.342947999783604,38.952946999971303],[-75.342546999925602,38.95232600029312],[-75.342363999627494,38.951912000046313],[-75.342173999656708,38.951434999664443],[-75.342146000067615,38.951327000054917],[-75.342117999580196,38.95113799999303],[-75.342103000409907,38.950994000106618],[-75.342116999755291,38.950673999699681],[-75.342130999998986,38.950588000239073],[-75.342362999802603,38.950011000339181],[-75.34246200043512,38.949867000258948],[-75.342652000405906,38.949631999955777],[-75.343017000278891,38.949122000110783],[-75.343249000082466,38.948822999661125],[-75.343389999649474,38.948593000176707],[-75.343453000296989,38.948452999669549],[-75.343530000289888,38.948137999787953],[-75.343557999878968,38.94783099999141],[-75.343547999833234,38.947576999739496],[-75.343543999635273,38.947462000165039],[-75.343516000046179,38.947439000227781],[-75.342531000032082,38.947162999699728],[-75.342411000381489,38.947150000045738],[-75.342228000083381,38.947141000122699],[-75.341975000363405,38.947120000297794],[-75.341785000392591,38.947089000079131],[-75.340905999785392,38.946820999787214],[-75.340736999730993,38.946740000062675],[-75.340068999909306,38.946539000346441],[-75.339935000015004,38.946522000111457],[-75.339406999935406,38.946352000331636],[-75.338985000161031,38.94627700009368],[-75.338703999953623,38.946264000277225],[-75.337979000230519,38.946292999918171],[-75.337359999914327,38.946380999936579],[-75.33703699987413,38.946453999829266],[-75.336796999674647,38.946534999880548],[-75.33573499966765,38.946948000333421],[-75.334997000424082,38.947314999829835],[-75.334491000085791,38.947632000077505],[-75.334250999886279,38.947800000083674],[-75.33394899976247,38.948030000045257],[-75.333808000195475,38.948148000027501],[-75.333660999882383,38.948287999739804],[-75.333456999667888,38.948523000307013],[-75.333337000017295,38.948716999736348],[-75.333260000024381,38.948897000266079],[-75.333176000358804,38.949542000331959],[-75.333063000380903,38.95001999989784],[-75.333007000304406,38.95017799988149],[-75.332788999846201,38.950506999928741],[-75.332719000424319,38.950566000327818],[-75.332444000064712,38.950706999863051],[-75.33239499966092,38.950720000261896],[-75.332247000421205,38.950739000303109],[-75.331888000396006,38.95075299970523],[-75.331649000021415,38.950754000111488],[-75.33108599978172,38.950687999813198],[-75.330727999581427,38.950612000261515],[-75.330614999603526,38.950562999799565],[-75.330269999822036,38.950487000113846],[-75.330165000240044,38.95045199972563],[-75.329961000025534,38.950353000230507],[-75.329629999589443,38.950150999865023],[-75.329468000106047,38.95003499985836],[-75.328729999964153,38.94942399987584],[-75.328103000150335,38.949007000248365],[-75.328053999746544,38.948979999785792],[-75.327919999852242,38.948931000291537],[-75.327688000048653,38.948858999889566],[-75.327406999841259,38.948819000022766],[-75.327097000219851,38.948824999829569],[-75.326943000234067,38.948842999945541],[-75.326287999932859,38.949007000248365],[-75.325830999998374,38.949192999817335],[-75.325599000194785,38.949315999996585],[-75.325106000275284,38.949502000151995],[-75.324635000097089,38.949710000003094],[-75.324472999715383,38.9498009998333],[-75.324326000300616,38.949908999672161],[-75.323994999864482,38.950199000197713],[-75.323686000068022,38.950649999698236],[-75.323635999839283,38.950694999868901],[-75.323376000446601,38.950992999703701],[-75.323164999661103,38.951156000220237],[-75.322855000039709,38.951369000000241],[-75.322665999893829,38.951486000315462],[-75.322398000105224,38.951666999795663],[-75.322202000286637,38.951825999992103],[-75.322095999981414,38.951970000283929],[-75.321983000003513,38.952182000025978],[-75.321933999599722,38.952226999922594],[-75.321920000254323,38.952253999846853],[-75.321751000199924,38.952823000127225],[-75.321399999672323,38.953319000297533],[-75.321265999778021,38.953455000199838],[-75.32115299980012,38.95353199986441],[-75.320787000102229,38.953749000247313],[-75.320703000436637,38.953781000012576],[-75.320401000312842,38.953803999987691],[-75.319831000400455,38.953764999782436],[-75.319381000138648,38.953684999974911],[-75.31905700027356,38.953601000009911],[-75.317930999794157,38.953287999995624],[-75.31724899972879,38.95311900004932],[-75.316939000107368,38.953011999887401],[-75.316686000387392,38.952912999776458],[-75.316530999678378,38.95283699981627],[-75.316306000445778,38.95268899977011],[-75.316137000391393,38.952563000110388],[-75.315981999682364,38.952433000093563],[-75.315082000057089,38.951547999687733],[-75.314877999842594,38.951394999854152],[-75.314666999955392,38.951264999790766],[-75.314504999573685,38.951189000159204],[-75.313948999904994,38.950847999816354],[-75.313773000177903,38.950708999978282],[-75.313610999796197,38.950538000049811],[-75.313533999803298,38.950429999772162],[-75.313372000319916,38.950016000327004],[-75.313351000403529,38.949719000298593],[-75.313358000076207,38.949538000035531],[-75.313378999992608,38.94941699969457],[-75.313541000374315,38.948916000097384],[-75.313568999963408,38.948793999657894],[-75.313717000101406,38.948532999793606],[-75.313878999584801,38.94826599981328],[-75.314159999792196,38.947850999857074],[-75.314209000196016,38.947752000222359],[-75.314280000341114,38.947579999695506],[-75.314307999930193,38.947459000204042],[-75.314307999930193,38.947360000021867],[-75.314293999686498,38.947282999939816],[-75.313865000239417,38.946653000255488],[-75.313779999850595,38.946549999879892],[-75.313688999614001,38.946459999836208],[-75.313568999963408,38.946383999943201],[-75.313139999618016,38.946160000262672],[-75.312970999563618,38.946096999897463],[-75.312648000421731,38.946003000180013],[-75.312402000374448,38.945954000025203],[-75.312385999582588,38.94594899975084],[-75.312112999771131,38.945864999700156],[-75.312077999611006,38.945864999700156],[-75.311730000354785,38.945981000243044],[-75.310531999905365,38.946380000167217],[-75.310317999645122,38.946441999813771],[-75.310192000146742,38.946482000323236],[-75.309885999824985,38.946582999867317],[-75.309426000415755,38.946742000289895],[-75.309305999866851,38.946805000081831],[-75.307858000070496,38.947271000064703],[-75.305754000147999,38.947950000052117],[-75.305385999901972,38.948058999662408],[-75.305291000365727,38.948088999711615],[-75.304537000330328,38.948327000164298],[-75.304360999704912,38.948386000282092],[-75.304299999605533,38.948417999674191],[-75.304268999643398,38.94843099979424],[-75.30413399992419,38.948472000318461],[-75.303798000363528,38.948567999732184],[-75.302678999556818,38.948935999656918],[-75.302628000401498,38.948963000136196],[-75.302567000302133,38.948999000293483],[-75.302389999851812,38.949044999846897],[-75.302214999949626,38.949086000015967],[-75.302018000306134,38.949145000200659],[-75.301849000251735,38.949207999952833],[-75.301785999604235,38.949239999672486],[-75.301743999771446,38.949262999724013],[-75.300716999924546,38.949589999679802],[-75.298281999565972,38.950370999958501],[-75.297078999991982,38.950733999667719],[-75.296981000082681,38.95077500025706],[-75.296515999752273,38.950916000075082],[-75.2937790001682,38.951796999820282],[-75.292358000136019,38.952286999973126],[-75.290346000275051,38.952927999823345],[-75.288305999926678,38.953594999908844],[-75.286237000164292,38.954280000136521],[-75.284125999670792,38.954992999956652],[-75.279848000403945,38.956390999670496],[-75.275561999842864,38.957788999747038],[-75.271157000354378,38.959195999974881],[-75.264648000045128,38.961347000253298],[-75.250044000436304,38.966196000118778],[-75.250000999880285,38.966208999771553],[-75.249791999642909,38.966278000145351],[-75.249629000334608,38.966331000265313],[-75.193316000200227,38.984751999986216],[-75.138460999907963,39.002697000334358],[-75.142826999936673,39.011487000280077],[-75.162052999667267,39.045006000091675],[-75.168462000417406,39.05617899999779],[-75.170725000348554,39.058422000182944],[-75.177514999966888,39.065153999935433],[-75.179778999722942,39.067397999712064],[-75.182157000180126,39.069718000072839],[-75.189291999579964,39.076678999696469],[-75.191670999862055,39.078999999694084],[-75.197150999776284,39.086389000212428],[-75.213593999892055,39.108556999842165],[-75.219074999631204,39.115946999864569],[-75.220059999645287,39.117368000320226],[-75.223014999687564,39.121630999787058],[-75.223999999701661,39.123052999959093],[-75.226593000244009,39.126736000031805],[-75.234372999899293,39.137788000283976],[-75.236967000266546,39.141472000200856],[-75.23920300043352,39.144730000328806],[-75.245914000409144,39.154506999681352],[-75.248151000401009,39.157765999937546],[-75.248323999755058,39.157987000159444],[-75.248844000337058,39.158650999697734],[-75.249018000414324,39.158873000174388],[-75.249016999691108,39.158887000168377],[-75.249016999691108,39.158929999684858],[-75.249016999691108,39.158944999914958],[-75.258575999578881,39.171267000175369],[-75.259311000246015,39.172215000257822],[-75.26815299990831,39.183606999856465],[-75.271728999916604,39.188211999978314],[-75.275315999795552,39.192833000275961],[-75.282795000050285,39.202461999780631],[-75.290214000030559,39.212011999680492],[-75.290287999650417,39.212107000127496],[-75.295400000216929,39.218684999730499],[-75.300521000105988,39.22527400030534],[-75.30366100009617,39.229279999991675],[-75.313081999891693,39.241299999975794],[-75.316222999706795,39.245307000031332]]]},"properties":{"NAME":"Kent County","BASENAME":"Kent","GEOID":"10001","STATE":"10","COUNTY":"001"}},{"type":"Feature","geometry":{"type":"Polygon","coordinates":[[[-75.509491000186188,39.686518999942606],[-75.509539999691668,39.68656599992039],[-75.509550999562336,39.686589000089015],[-75.509557000308419,39.686618000020246],[-75.509554999760297,39.686688000066297],[-75.509558999958259,39.686781000146084],[-75.509564999806031,39.686824999723903],[-75.509582000422782,39.686863999829058],[-75.509599000141222,39.686915000092796],[-75.509608000362064,39.686970999756163],[-75.509609000186956,39.687032999799563],[-75.509613000384917,39.68724400014343],[-75.509596999593086,39.687290000021399],[-75.509584999897527,39.687318999658153],[-75.509558000133339,39.687347999974079],[-75.50951600030055,39.68739399978277],[-75.509506000254802,39.687412999875107],[-75.50949799985888,39.687501999874314],[-75.50948100014044,39.688225999838416],[-75.509470000269786,39.688656999929051],[-75.509445999980358,39.688870000006922],[-75.509363999964577,39.689607000119281],[-75.509332000177523,39.689890999855933],[-75.509286999971692,39.690290999655211],[-75.509198000283234,39.691818000255694],[-75.509195999735098,39.691844000060883],[-75.509163000123138,39.692079999705399],[-75.509236999742967,39.692309999959264],[-75.509286000146773,39.69249100032652],[-75.509314999560772,39.692590999665221],[-75.509302999865213,39.692657999908384],[-75.509297000017426,39.69269100024151],[-75.509329999629401,39.692779999657937],[-75.509369999812364,39.692888000310191],[-75.509333999827348,39.693025000107227],[-75.509377000383367,39.693129999737344],[-75.509518999775281,39.693283999873621],[-75.509789000112008,39.693503000054818],[-75.509868999579652,39.693597999661719],[-75.50992399983123,39.693662999899487],[-75.509931000402247,39.693810999702109],[-75.509873999602533,39.693915000008744],[-75.509774000043407,39.693981000148639],[-75.509411999645152,39.694172999694125],[-75.509291000169654,39.69419499989597],[-75.509247999613621,39.694228000185568],[-75.509190999712217,39.694310999901596],[-75.509124999589986,39.694479000112366],[-75.50907199988653,39.694541999826832],[-75.509004999939378,39.694609999750263],[-75.508956000433884,39.694662000012492],[-75.508918999725651,39.69468400005848],[-75.508896000159439,39.694732999695809],[-75.508785999656268,39.694798999744812],[-75.508674000401584,39.694846999803616],[-75.508629000195739,39.694867000106285],[-75.508578000142123,39.69498299967389],[-75.508538999784065,39.695072000282472],[-75.50848799973042,39.695173999704991],[-75.508409999912629,39.695261999885304],[-75.508266999797499,39.695456999861527],[-75.50825500010194,39.695470000116792],[-75.508030999795949,39.695710999993345],[-75.507942000107491,39.695807000191607],[-75.507250999821267,39.696460999717353],[-75.507024000040545,39.696728000320107],[-75.506855999811037,39.696975000203892],[-75.506680000083946,39.697165000097904],[-75.50653600014391,39.697262999962469],[-75.50491400027029,39.697946000218181],[-75.504613999796319,39.698073999764034],[-75.504613999796319,39.698226999789902],[-75.504623000017148,39.698246999804368],[-75.504443999917001,39.698312999949152],[-75.504362999726155,39.69834799992708],[-75.504104000158364,39.698270999675835],[-75.504002999876036,39.698294000091984],[-75.503806000232544,39.698340000210138],[-75.503525999850055,39.698389000016789],[-75.5034020000015,39.698427999809873],[-75.503360000168712,39.698440000060756],[-75.503130000014934,39.698511000004935],[-75.502643999768125,39.69866100004603],[-75.501127000374794,39.699407999833632],[-75.500507000233668,39.699404000036736],[-75.500056000146969,39.699400999670516],[-75.50001000011622,39.699343000167694],[-75.499976999605934,39.699304000200527],[-75.499965999735281,39.699292000099888],[-75.49994999984176,39.699286000048751],[-75.4999170002298,39.699293999656042],[-75.4998689996509,39.699305999756341],[-75.499508999800796,39.699391999953413],[-75.499287000042955,39.699448999984817],[-75.499189000133669,39.699482999956892],[-75.499059000437313,39.699539999913128],[-75.498922000169969,39.69959599970305],[-75.498598000304867,39.699728000114156],[-75.498019000171638,39.69999900028207],[-75.497513999658253,39.700249999957656],[-75.497454000282119,39.700241999770057],[-75.497425999794714,39.700290000190613],[-75.497312999816813,39.700343999846275],[-75.497296000098373,39.700354000238654],[-75.497224000128341,39.700395999935559],[-75.497125000394135,39.700460999992039],[-75.496768000018776,39.700743999896545],[-75.496708999569222,39.700782999741115],[-75.496656999690686,39.700813000031879],[-75.496624000078725,39.700827000070966],[-75.496588000093709,39.70083500019075],[-75.496536000215173,39.700841000107204],[-75.496508999552688,39.700847000023096],[-75.496486999811367,39.700857999752408],[-75.496455000024326,39.700883000198836],[-75.496427000435233,39.700899999833744],[-75.496383000054308,39.700918999664644],[-75.496342000046425,39.700935999981844],[-75.496311999909196,39.700955999902384],[-75.49629299964262,39.70097800001566],[-75.496244999962045,39.701042000116843],[-75.496106999869781,39.701176000028376],[-75.495751000217609,39.701670000250218],[-75.495726000103275,39.701701000244142],[-75.495709000384821,39.701714000014519],[-75.495676999699455,39.701730000047505],[-75.495656999607974,39.701743999900557],[-75.495637000414817,39.701762000102391],[-75.495620999622957,39.701779000211864],[-75.495531000109594,39.702005000294001],[-75.495524000436902,39.702035000053542],[-75.495505999995245,39.702234999960204],[-75.495494000299672,39.702296000037528],[-75.495480999880883,39.702331000068924],[-75.495464000162457,39.702367000161615],[-75.495444000070975,39.702402000156994],[-75.495419999781518,39.702434999978379],[-75.495399999690036,39.702466000319795],[-75.495388999819383,39.702498000033387],[-75.495306999803603,39.70275199982526],[-75.495304000328872,39.702785000170422],[-75.495290999910083,39.702822000098834],[-75.495288000435352,39.702841000091709],[-75.495285000062296,39.702894999824636],[-75.495285000062296,39.702942999782181],[-75.495280999864349,39.702982999836443],[-75.495270999818601,39.703017000140825],[-75.495218000115145,39.703160999658685],[-75.495208999894331,39.703185999961896],[-75.49520300004653,39.703220000166255],[-75.495196000373852,39.703263000258396],[-75.495181000305237,39.703299999930508],[-75.49515700001578,39.703344000037788],[-75.495136000099393,39.703387000052665],[-75.495126000053645,39.703419000030259],[-75.495115000182992,39.703464000124868],[-75.495088000418804,39.703611000275487],[-75.495071999626973,39.703666000157277],[-75.495052000433787,39.703722000054746],[-75.494915000166444,39.704133999828407],[-75.494905000120696,39.704177000042115],[-75.494899000272923,39.704216000019912],[-75.494900000097843,39.704249999716758],[-75.494902999572574,39.704272000162156],[-75.494911999793402,39.704291999806998],[-75.494912999618322,39.704305999831355],[-75.494914000341538,39.704326000157522],[-75.494910000143577,39.704348999937942],[-75.494843000196425,39.704459999912252],[-75.494823000104958,39.704491000035084],[-75.494797999990567,39.704524000239729],[-75.494474999950384,39.704953000081346],[-75.494325999987467,39.705169999789312],[-75.494299000223293,39.705210999972763],[-75.494283000329773,39.70524799998261],[-75.494223999880234,39.705405000139699],[-75.49419600029114,39.705467000213424],[-75.494156999933082,39.705535999772955],[-75.494126999795853,39.705582999934215],[-75.493941000023014,39.705859000058645],[-75.493844999763553,39.706023999725929],[-75.49383100041814,39.706053999811559],[-75.493812999976498,39.706095000160843],[-75.493808999778537,39.706106999769631],[-75.493797000082978,39.7061460000388],[-75.49378500038739,39.70619999994976],[-75.493775000341657,39.706254999841271],[-75.493768999595559,39.706323999994964],[-75.49377000031879,39.706377999766673],[-75.493775000341657,39.706413999821351],[-75.493782999839269,39.706442999717332],[-75.493796000258058,39.706475999679483],[-75.493852000334542,39.706571000089717],[-75.493916999733557,39.70668299996165],[-75.493932999627106,39.706717999841153],[-75.493937999649958,39.706745000269173],[-75.493937999649958,39.706759999811318],[-75.493936000000147,39.706787000222938],[-75.493930000152346,39.706807999844663],[-75.493913000433921,39.706842000337595],[-75.493891999619208,39.70687900016388],[-75.493447000278593,39.707470000209803],[-75.493417000141378,39.707507999703907],[-75.493390000377204,39.707535999827009],[-75.493364000437921,39.707557999915728],[-75.49333099992765,39.707576999986742],[-75.493303000338557,39.707588000025474],[-75.49324999973679,39.707599000062388],[-75.493231000368525,39.707599000062388],[-75.49318799981252,39.707597000055827],[-75.493149000352773,39.70759000003229],[-75.492928000419838,39.707714000343749],[-75.492903000305475,39.707726999672438],[-75.492873999993137,39.707752999704567],[-75.492846000404072,39.707773999723372],[-75.492822000114614,39.707801999738521],[-75.492774000434039,39.707891999710164],[-75.492552999602779,39.708306000141064],[-75.492510999769991,39.708378000292896],[-75.492458999891454,39.708449999678521],[-75.492412000035813,39.708506999829964],[-75.492366000005049,39.708557000008895],[-75.492309999928537,39.708612000094753],[-75.492136999676191,39.708776000103029],[-75.492057000208561,39.708853999675163],[-75.492033999744024,39.708880999958417],[-75.492018999675409,39.708902000324919],[-75.492008999629675,39.708930999866247],[-75.491997999759008,39.708951000233917],[-75.491979000390742,39.708969999921308],[-75.491954000276394,39.708996000176107],[-75.491938000382873,39.709017999799272],[-75.491744000214112,39.709272999757246],[-75.491702000381324,39.70933299985429],[-75.491636000259078,39.709444000103588],[-75.491592999703059,39.709508999930065],[-75.491556999718043,39.709574999669982],[-75.49151599971016,39.709644999932408],[-75.491488999945986,39.709694999977671],[-75.491474999702277,39.709723999876701],[-75.491463000006718,39.709758000314771],[-75.491449999587914,39.709807000306881],[-75.491387999663658,39.710080000217978],[-75.491335999785122,39.710351999776478],[-75.491333000310377,39.71037299969521],[-75.491329999937321,39.710396000224165],[-75.491329999937321,39.710420000016803],[-75.491330999762241,39.710434000179916],[-75.491336999610013,39.710459999882964],[-75.491364000272512,39.710509000067489],[-75.491402999732273,39.710552999724065],[-75.491478000075332,39.710607000332182],[-75.491520999733027,39.710630000092046],[-75.491560000091098,39.710646000130815],[-75.491812999811074,39.710746000116181],[-75.491832999902584,39.710758000298199],[-75.49184600032136,39.710769999787061],[-75.49184899979609,39.710781000007714],[-75.49184899979609,39.710791000269673],[-75.49184600032136,39.710802999752801],[-75.491827000054784,39.710839000262801],[-75.49181600018413,39.710851999693702],[-75.491803999590246,39.710859000077285],[-75.491790000244862,39.710859000077285],[-75.491769000328475,39.710853000340876],[-75.491658000000385,39.710818999751403],[-75.491569000311927,39.710802999752801],[-75.491548000395539,39.710803999709626],[-75.491524999930988,39.71080700027106],[-75.491508000212562,39.710810000141358],[-75.491476000425507,39.710827000094874],[-75.491458999808756,39.710842000131656],[-75.491381999815857,39.71090799997841],[-75.491273000035918,39.711001999860592],[-75.491144999989416,39.711113000188739],[-75.490987999630562,39.711246999892445],[-75.490589000320711,39.7116809998072],[-75.49057199970396,39.711711000197226],[-75.490568000404323,39.711733000336736],[-75.490570000054134,39.711743999712773],[-75.490577999551732,39.711776999903648],[-75.490591999795441,39.711843000237941],[-75.490591999795441,39.711857000112261],[-75.490591999795441,39.711878000263972],[-75.49058799959748,39.711904000113861],[-75.490575000077001,39.711929000013448],[-75.490205000181163,39.712378000177686],[-75.489919999775779,39.712772999931147],[-75.489634000443857,39.713187000095012],[-75.489600000108652,39.713232000038239],[-75.489581999666996,39.713250999928654],[-75.489296000335045,39.713538000255603],[-75.488764999882392,39.714031999733642],[-75.488615999919475,39.714181999896113],[-75.488595000003087,39.714210999982015],[-75.488563000216033,39.71426299998641],[-75.488506000314615,39.714363000256746],[-75.48842699977358,39.7145489996553],[-75.48842699977358,39.714566000069404],[-75.48842699977358,39.714585000283407],[-75.488435000169503,39.714606000295674],[-75.488456000085904,39.714658999903222],[-75.48843000014665,39.714676000290218],[-75.488395999811445,39.714699999975899],[-75.4883840001159,39.714707999869219],[-75.48817499987851,39.714735999834176],[-75.488050000205035,39.714735999834176],[-75.488004999999191,39.714795000117967],[-75.487983000257884,39.7147860003356],[-75.487969000014175,39.7147860003356],[-75.487936000402215,39.714797999814841],[-75.487363000116787,39.715283000225867],[-75.487286000123888,39.71533699989542],[-75.487236999720082,39.715359000260484],[-75.4870269996578,39.715454000186],[-75.486445999874746,39.715707000076677],[-75.486280000193403,39.715768999875564],[-75.486126000207605,39.715821999971531],[-75.485982000267555,39.715859999702353],[-75.485844000175305,39.715886000124378],[-75.485712999755748,39.715900999752115],[-75.485603999975794,39.71590800031435],[-75.485490999997879,39.715909000197158],[-75.485342000034962,39.715898000103223],[-75.485107999683251,39.715847999716857],[-75.485068000398584,39.71583800018805],[-75.484787000191204,39.715738999868393],[-75.484422000318204,39.715586999861848],[-75.484101999752752,39.715445999688129],[-75.483883000367967,39.715362999823554],[-75.483833000139242,39.715348999969763],[-75.483624999726786,39.715287999685223],[-75.483571000198424,39.715258000159814],[-75.483536999863233,39.715219000204527],[-75.483514000297006,39.715149000070014],[-75.483467000441351,39.715052999829204],[-75.483432000281255,39.715010000174686],[-75.483252000356202,39.71485099996589],[-75.483216000371186,39.714812999679182],[-75.483197999929516,39.714789999931902],[-75.483126999784403,39.714701999776551],[-75.482936999813617,39.714411999741984],[-75.482698000337336,39.714118000235224],[-75.482649999758422,39.714067999940603],[-75.48259700005498,39.714016999699467],[-75.482535999955616,39.713970999666415],[-75.482433999848354,39.713895000175562],[-75.482414999581792,39.713883999760434],[-75.482342999611774,39.713843999806514],[-75.482258999946183,39.713794999917795],[-75.482183999603109,39.71375900025938],[-75.482115000006132,39.713736000160665],[-75.482007999876004,39.713708999704487],[-75.481883000202544,39.713686000280141],[-75.481756999805839,39.713681000013679],[-75.481621000261725,39.713673999916473],[-75.481051000349339,39.7136669998185],[-75.480534000140381,39.713657999888959],[-75.480515999698724,39.713659999719866],[-75.480481000436924,39.713663000157077],[-75.480397999697942,39.713674999831674],[-75.480331999575696,39.713683999758999],[-75.480288999918002,39.713683999758999],[-75.480189000358891,39.713678000268288],[-75.480007999710608,39.713663000157077],[-75.479958000380208,39.713658999804437],[-75.479852000074999,39.713657999888959],[-75.47972800022643,39.713664999987849],[-75.479360999805309,39.713705999960311],[-75.479277000139732,39.713721000062122],[-75.479221999888139,39.713736000160665],[-75.479175000032484,39.713752000170039],[-75.479129000001734,39.713767000261889],[-75.478822999679977,39.713871000209849],[-75.4787979995656,39.713897999911573],[-75.478770999801426,39.713915999706799],[-75.478631999884271,39.713999999841036],[-75.478576999632679,39.714039999704497],[-75.47852999977701,39.714074000088431],[-75.478492000142168,39.714106999855652],[-75.478462000004953,39.714135999973095],[-75.478432999692629,39.714166999894559],[-75.478409000301511,39.71420000030826],[-75.478385999836973,39.714227999788399],[-75.478360999722611,39.714260000266265],[-75.478272999859058,39.714355000323359],[-75.478242999721843,39.714386000146398],[-75.478224000353578,39.714415000146538],[-75.47812200024633,39.714606000295674],[-75.478108000002621,39.71462499980764],[-75.478094999583817,39.714643000104232],[-75.478066999994752,39.714672999897068],[-75.478045000253431,39.714691000181141],[-75.47793200027553,39.714754000101806],[-75.477896000290514,39.714782999947239],[-75.477831999818093,39.714869000203514],[-75.477757000373344,39.714972999871968],[-75.47766699996167,39.715084000029528],[-75.47764699987016,39.715103000100839],[-75.477610000060253,39.715140000333832],[-75.477090000376577,39.715599999780061],[-75.476796999575285,39.715857999935238],[-75.476751000442846,39.715898000103223],[-75.476649000335598,39.715988999759816],[-75.476585999688098,39.716045999901169],[-75.476518999740946,39.716101000235383],[-75.476481000106119,39.716142000141936],[-75.476438000448411,39.716199000156848],[-75.476406999587951,39.716260000326727],[-75.47637200032618,39.71633000002479],[-75.476351000409778,39.716397999900302],[-75.476337999990974,39.716463999959259],[-75.476327000120321,39.716589999959325],[-75.476326000295415,39.716669000242234],[-75.476332999968108,39.716735000041929],[-75.476375999625816,39.717194000042568],[-75.476377000349032,39.71725599988676],[-75.476365999580082,39.717330999958108],[-75.476349999686548,39.71738299968338],[-75.476337999990974,39.717438000333395],[-75.476328999770146,39.717501999677751],[-75.476329999595066,39.717578000031274],[-75.476332999968108,39.717617999892767],[-75.476389000044605,39.717819999944417],[-75.476399000090353,39.717972999719791],[-75.476415999808779,39.718276999937238],[-75.47642099983166,39.718381999841924],[-75.476425000029607,39.718443000154089],[-75.476429000227583,39.718524000077359],[-75.47643400025045,39.718612000193325],[-75.476426999679433,39.718697999821238],[-75.476418000356929,39.718752000271984],[-75.476404999938126,39.718797999880458],[-75.476274000416865,39.719237999662198],[-75.476255999975223,39.71931999986716],[-75.476249000302516,39.719378999684636],[-75.476250000127436,39.719455000042679],[-75.476307999853745,39.720240999869986],[-75.476317000074573,39.720415000118621],[-75.476322000097468,39.720424999674819],[-75.476329999595066,39.720433000286057],[-75.476358000082456,39.720442000022558],[-75.476397000440528,39.720453999899682],[-75.476415999808779,39.720465999774724],[-75.47642000000674,39.720484999745381],[-75.476414000158968,39.720610000185332],[-75.476409000136087,39.720708999731791],[-75.47640199956507,39.720855999759358],[-75.476404000113234,39.72095799976352],[-75.476409000136087,39.720997999737506],[-75.476423000379782,39.721035000262873],[-75.47643400025045,39.721061000115903],[-75.476512999893174,39.721246000302187],[-75.476568999969658,39.721353999935033],[-75.476605999779579,39.721420000087981],[-75.476619000198383,39.721437000190434],[-75.47662300039633,39.7215879999411],[-75.476609000152635,39.721701000105611],[-75.476589000061139,39.721861000211383],[-75.47657700036558,39.721945000342828],[-75.476568999969658,39.72201700007799],[-75.476563999946777,39.722087000151447],[-75.476562000296965,39.722151999810563],[-75.476559999748815,39.72216899973256],[-75.476551000426312,39.722186000341324],[-75.476532999984641,39.722197999914982],[-75.476521000289083,39.722210999969008],[-75.476517000091135,39.722224999811793],[-75.476517000091135,39.72224499977974],[-75.476496000174734,39.722515999947781],[-75.476497999824559,39.722537000309003],[-75.476508999695199,39.722555999709016],[-75.47653100033483,39.72257700005806],[-75.476565999596616,39.722610999688335],[-75.476579999840325,39.722634000282184],[-75.476589999886059,39.722664999838869],[-75.476600999756712,39.72270500020457],[-75.476615000000422,39.722731999902869],[-75.476634000266984,39.722743000288737],[-75.476763000138419,39.722815999664327],[-75.476774999833992,39.722830000075234],[-75.476794000100568,39.722969999882437],[-75.476768000161286,39.723010999851134],[-75.476714999559519,39.723022000192437],[-75.476568999969658,39.723060000101917],[-75.476559999748815,39.723125000225764],[-75.476553999901043,39.723169000125985],[-75.476543000030389,39.723188999820145],[-75.476513999718065,39.723212000221203],[-75.476495000349814,39.723237999944438],[-75.4764800002812,39.723268000144365],[-75.476461999839543,39.723335000313426],[-75.476428000402663,39.72346100019724],[-75.476351000409778,39.723760999948048],[-75.476302000005958,39.723945999800193],[-75.476296000158186,39.723992000089687],[-75.476296999983091,39.72401200023603],[-75.476315000424762,39.724095999820065],[-75.47637200032618,39.724243999989774],[-75.476481000106119,39.724529999725668],[-75.476512999893174,39.724582999998226],[-75.47653100033483,39.724599000254976],[-75.476564999771696,39.724614999817135],[-75.476829000260651,39.724727999857734],[-75.47694100041366,39.724775999825084],[-75.477092999851294,39.724862999810249],[-75.477147000277967,39.724940000094676],[-75.477162000346596,39.724959999966039],[-75.477169000019288,39.724970000245051],[-75.477169000019288,39.724995000245215],[-75.477159999798445,39.725032999758277],[-75.477141000430194,39.725109999852862],[-75.477123999813443,39.725183999925562],[-75.477100000422311,39.725284999999303],[-75.477078999607613,39.725339000128507],[-75.476984999896274,39.725596000036013],[-75.476967000352914,39.725631999734205],[-75.476912999926242,39.725718000280501],[-75.476829000260651,39.725880000214865],[-75.476801999598166,39.725930999974693],[-75.476774999833992,39.72597299999245],[-75.476671000076905,39.726132999858542],[-75.476619000198383,39.726189000173008],[-75.476555999550868,39.726257999733058],[-75.476495000349814,39.726401000063312],[-75.476444000296183,39.726549000121743],[-75.476291999960225,39.726727999665314],[-75.476203000271752,39.72695799981696],[-75.476127999928693,39.727234000091677],[-75.475989000011523,39.727492999965328],[-75.475952000201602,39.727521999981292],[-75.475879000406664,39.727675000340177],[-75.475871999835647,39.72770999993201],[-75.475845999896393,39.727759000297979],[-75.47582099978203,39.727805999826707],[-75.475809999911391,39.727853999723926],[-75.475795999667668,39.727910999731179],[-75.475784999797028,39.727943999786582],[-75.475671999819113,39.728171999926154],[-75.475607000420098,39.728286000058667],[-75.475583000130655,39.728325999927165],[-75.475409000053389,39.728566000032444],[-75.475342000106252,39.728790999717823],[-75.475311999969009,39.728894999809413],[-75.475245000021857,39.729047999884791],[-75.475168000028972,39.729230000299985],[-75.475123999648034,39.729324999771599],[-75.475081999815245,39.729447000326452],[-75.475071999769483,39.729487999898119],[-75.475064000271885,39.729540000128715],[-75.475064000271885,39.72960899978947],[-75.475064000271885,39.729623000202842],[-75.475070000119658,39.729682999869574],[-75.475081999815245,39.729732999897415],[-75.475097999708765,39.729776999726106],[-75.475123999648034,39.729823999951769],[-75.475146000287651,39.729843999788137],[-75.475166000379147,39.729849000264508],[-75.475199999816013,39.729845999840592],[-75.475243000372032,39.729819999845596],[-75.475267999588084,39.729812000323477],[-75.475224999930361,39.729899999851931],[-75.47520700038703,39.72996800016427],[-75.475193999968226,39.730013000212182],[-75.475187000295534,39.730043000227802],[-75.475189999770279,39.730112999752933],[-75.475192000318401,39.730152999943108],[-75.475214000059722,39.730201999954495],[-75.475195999618052,39.730337000242741],[-75.475190999595185,39.730413999940794],[-75.47518899994536,39.730437999676553],[-75.475194999793146,39.730491000243667],[-75.47520400001396,39.730537000311784],[-75.475215999709533,39.730577000255948],[-75.475219999907495,39.730590000111917],[-75.475229000128337,39.730640000172805],[-75.475229999953243,39.730667000218197],[-75.475231999603068,39.730698999976873],[-75.475231999603068,39.730953999919507],[-75.475198999991107,39.730994000312577],[-75.475231999603068,39.731070000304626],[-75.475231999603068,39.73117300006016],[-75.475238000349165,39.731209000300574],[-75.475254000242685,39.731238000135171],[-75.475296999900394,39.731289999736575],[-75.475301000098355,39.73129999978827],[-75.475312999793914,39.731327999925348],[-75.475323999664568,39.731366999751856],[-75.475327000037623,39.731414999933186],[-75.475322000014742,39.731525000222682],[-75.475322999839662,39.731563000281909],[-75.475333999710315,39.731605999978257],[-75.475379999741079,39.731679999987271],[-75.475393000159855,39.731705999971631],[-75.475400999657467,39.73172500029937],[-75.475409999878295,39.731761000251524],[-75.475424000122004,39.731813999801481],[-75.475429999969791,39.731863999665464],[-75.475429000144871,39.731928999779797],[-75.475429999969791,39.732005999772177],[-75.475435999817563,39.732046000245688],[-75.475451999711083,39.732082999678504],[-75.475481999848327,39.732117000148143],[-75.475518999658235,39.732150999910111],[-75.475546000320719,39.732180999686186],[-75.475546000320719,39.732193000283779],[-75.475546000320719,39.732203999851087],[-75.475537999924811,39.732225999671186],[-75.475517999833343,39.732260000070298],[-75.475500000289983,39.732295000097828],[-75.475495000267117,39.732332000087908],[-75.475494000442197,39.732413000276885],[-75.475496000092022,39.732832000246589],[-75.475496000092022,39.73287499984221],[-75.475501000114889,39.73290100006664],[-75.475521000206371,39.732986000200512],[-75.475523999681116,39.733033000310833],[-75.475522999856196,39.733084000306079],[-75.475522999856196,39.733154999830276],[-75.475525000404332,39.733270999965846],[-75.475525000404332,39.733295000088596],[-75.475525000404332,39.733317999881798],[-75.475525000404332,39.733345999890041],[-75.475528999703997,39.733381000057008],[-75.475543999772583,39.733403999821519],[-75.475567000237135,39.733429999846422],[-75.475563000039173,39.733470999812631],[-75.475557000191387,39.73353199990256],[-75.475692999735514,39.733657999804166],[-75.475650000077806,39.733701999890989],[-75.47550600013777,39.733780999913591],[-75.475479000373568,39.733795999793998],[-75.475264000288433,39.733958000090325],[-75.475245000021857,39.733972000311304],[-75.475229000128337,39.734001999985651],[-75.475152999960343,39.734147999688339],[-75.47514100026477,39.734161999870722],[-75.475075999967444,39.734208999869978],[-75.474902999715098,39.734329000149046],[-75.474880000148872,39.734354999825051],[-75.474866999730082,39.734374999728601],[-75.474799999782931,39.73449600002278],[-75.474922999806566,39.734515000272346],[-75.474933999677233,39.734522000326621],[-75.475018000241135,39.734670999832765],[-75.475025999738733,39.734688999732754],[-75.475039000157523,39.734700000283375],[-75.475091000036059,39.734718999785919],[-75.475122999823128,39.734768000005808],[-75.475087999663032,39.734836999960365],[-75.475071999769483,39.734863999743553],[-75.474927999829447,39.735121000067252],[-75.474916000133888,39.735136999950896],[-75.474829999920175,39.735096000284813],[-75.474814999851546,39.735103000280077],[-75.474675999934362,39.735166000205439],[-75.474599999766383,39.735246999827496],[-75.47454299986498,39.735352000142534],[-75.474435999734851,39.735552000168582],[-75.474359999566886,39.735691999703377],[-75.47413399961107,39.736115000206716],[-75.474099000349284,39.73617999976652],[-75.4740869997554,39.736206999714462],[-75.474071999686785,39.736238999664657],[-75.473902999632372,39.736584999947226],[-75.47389799960952,39.736596000195256],[-75.473817000316984,39.736761000251043],[-75.473798000050408,39.736796000065581],[-75.473752000019658,39.736876000265674],[-75.473607000254702,39.737131000154257],[-75.47358100031542,39.737178000201432],[-75.473423999956594,39.73743500018648],[-75.473315000176655,39.737637999779437],[-75.473297999559904,39.737690000079205],[-75.473279000191638,39.737714000044946],[-75.473264999947929,39.737731999841053],[-75.473232000335955,39.737793999870284],[-75.473178999734202,39.737895000121597],[-75.473066999581206,39.738094000115204],[-75.473028000121474,39.738160999692198],[-75.472914000318653,39.738362000104651],[-75.472875999785501,39.73842999966817],[-75.472830999579656,39.738486999910876],[-75.472750000287121,39.738536000215177],[-75.472433000094725,39.738731999702331],[-75.472377999843118,39.738791999729983],[-75.472346999880983,39.738826000344147],[-75.472293000352636,39.738886000289959],[-75.472221000382604,39.738932999831057],[-75.472120999925181,39.739054999960061],[-75.471963999566356,39.739229999937962],[-75.471951999870768,39.739241999999109],[-75.471903000365302,39.739290999766567],[-75.471922999558458,39.739307000063754],[-75.471592000020664,39.73973400001627],[-75.471540000142141,39.739780000133159],[-75.471387999806169,39.739920000059769],[-75.471336999752552,39.739967000277247],[-75.471232000170559,39.740062000148662],[-75.470960000183993,39.740312000275239],[-75.470925999848788,39.740355000039834],[-75.470918000351205,39.740366999905078],[-75.470885999665825,39.740489999785005],[-75.470847000206092,39.740646999851876],[-75.470766000015246,39.740752999751976],[-75.470689999847252,39.740856000235105],[-75.470639999618541,39.74103199999341],[-75.470605000356741,39.741476999818566],[-75.470570000196645,39.741608000015873],[-75.470559000325991,39.741637000310668],[-75.470546999732122,39.741706000295963],[-75.470531999663507,39.741776999918436],[-75.470504000074413,39.741846999961069],[-75.470489999830704,39.741877999858517],[-75.470480999609862,39.74189800034199],[-75.470443999799954,39.741948999994527],[-75.470420000408836,39.741982999741843],[-75.470387999723457,39.742034000022173],[-75.470350000088629,39.742099999719471],[-75.4703199999514,39.742143999943011],[-75.470282000316558,39.742189999832732],[-75.470237000110728,39.742238000075282],[-75.470201999950632,39.74226999998821],[-75.470167999615441,39.742293999740447],[-75.470123000307908,39.742318999674943],[-75.470063999858354,39.742344000291077],[-75.469950000055547,39.742391999735652],[-75.469539000151826,39.742701999775534],[-75.469492000296142,39.742753000214421],[-75.469396000036681,39.742861000003565],[-75.469324000066649,39.743022999715201],[-75.469305999625007,39.743061000342806],[-75.469252999921551,39.743179000049679],[-75.469236000203097,39.743218000078137],[-75.469094999737791,39.743531999857083],[-75.469063999775656,39.743598000191746],[-75.468174000196115,39.745585999940808],[-75.468016999837289,39.745811000017497],[-75.467903999859388,39.746134999693545],[-75.467882000118067,39.746465000010232],[-75.467696000345242,39.747065999797904],[-75.467683999751358,39.747104000267939],[-75.467672000055785,39.747142000026294],[-75.467667999857824,39.747151999850139],[-75.467657999812076,39.747183000123769],[-75.467655000337359,39.747194000061562],[-75.46751300004712,39.747657000119396],[-75.466568000216014,39.749847999708805],[-75.466425000100884,39.750002000318148],[-75.466303999727046,39.750156999969398],[-75.466226999734161,39.750301999906718],[-75.466139999695528,39.750465000152992],[-75.466112000106435,39.750596999908794],[-75.466101000235767,39.750719000107004],[-75.466097999862725,39.750754999807171],[-75.466090000365114,39.750838999955285],[-75.466235000130069,39.750794999758945],[-75.463550000424547,39.757013999716193],[-75.463921000145305,39.760763000342578],[-75.462197999989328,39.763197000181016],[-75.462013000041424,39.763098000198504],[-75.461991000300102,39.763130000089852],[-75.461669999909731,39.763559999819982],[-75.459439999590558,39.765810999691546],[-75.452338999627585,39.769013000022341],[-75.452215999603936,39.769232000040638],[-75.450694000187738,39.771942999968374],[-75.449294999896864,39.774435999842225],[-75.45021200013889,39.774760999911976],[-75.450688000339952,39.775063999884253],[-75.450293000329751,39.775278999755002],[-75.445235000189896,39.779453000276213],[-75.438299999908295,39.784401999799421],[-75.436560000033865,39.784896999737491],[-75.436171999696356,39.785009000068989],[-75.426770000167409,39.788401999878367],[-75.405489000019841,39.796367999663389],[-75.405413999676767,39.796396000271208],[-75.406617000149069,39.797084999779365],[-75.415062000151323,39.801918999925938],[-75.416526999666118,39.802759999922799],[-75.416687000397999,39.802851000127156],[-75.41788999997199,39.803534999879176],[-75.418347999731381,39.803797999937181],[-75.418705000106755,39.803999999938952],[-75.420055999818743,39.804773999747923],[-75.420942000098634,39.805282000341563],[-75.421569999737358,39.805640999702604],[-75.423103999747454,39.806709000141808],[-75.423257999733224,39.80679099976242],[-75.423565999704806,39.806954000148515],[-75.423950999669273,39.807157999727409],[-75.424183000371173,39.807279999761363],[-75.424569000160545,39.807482999818916],[-75.425110999585542,39.807765999942447],[-75.425478999831583,39.807956000200868],[-75.425828999635954,39.808135999997674],[-75.426139999980577,39.808296000188136],[-75.426334999974245,39.808395000024589],[-75.426666000410336,39.808565000177943],[-75.426822000045945,39.808643999903175],[-75.42689999986375,39.808684000035207],[-75.426977999681554,39.808723000227722],[-75.427056000397684,39.808763000313775],[-75.427172999675236,39.808822000139415],[-75.427251000391351,39.808862000167814],[-75.42730999994258,39.808891999656311],[-75.427387999760398,39.808930999730826],[-75.427446000385018,39.808960999879282],[-75.427504999936261,39.808991000014665],[-75.427602999845547,39.809039999839548],[-75.42766099957187,39.809069999940448],[-75.427739000287971,39.809108999913974],[-75.427837000197286,39.809158000344837],[-75.427915000015091,39.809198000177794],[-75.427973999566305,39.809227000300886],[-75.428052000282435,39.809267000093648],[-75.428091999567073,39.80928599972826],[-75.428170000283203,39.809326000176767],[-75.428274999865195,39.80937900007968],[-75.428346000010293,39.809414000253511],[-75.428443999919594,39.809462999776905],[-75.428619999646685,39.80955200027244],[-75.428797000097006,39.809640000059886],[-75.428953999557521,39.809718000028226],[-75.429032000273651,39.809757000324225],[-75.429288000366697,39.809884000073204],[-75.429464000093787,39.809972000125676],[-75.429582000094555,39.810029999706607],[-75.429640999645798,39.810060000065555],[-75.429740000278315,39.810107999922522],[-75.429798999829544,39.81013800024737],[-75.429916999830297,39.810195999688254],[-75.429994999648116,39.810234999713117],[-75.4301140003721,39.810292999762176],[-75.430212000281415,39.810341000146522],[-75.430311000015621,39.810389999699233],[-75.430429000016375,39.810448000307588],[-75.430507999659113,39.810487000189489],[-75.430605999568385,39.810534999748299],[-75.430723999569182,39.810593000234306],[-75.430882999577832,39.81066999992354],[-75.430961000293962,39.810708999679498],[-75.431060000028168,39.810756999773361],[-75.431138999670864,39.810796000169972],[-75.431256999671646,39.810852999860543],[-75.431336000212667,39.810892000202685],[-75.431455000038355,39.810949999697428],[-75.431533999681079,39.810988000101347],[-75.431633000313582,39.811036000000392],[-75.43171199995632,39.811073999666668],[-75.431752000139284,39.811094000063697],[-75.43185000004857,39.811141999888733],[-75.431948999782776,39.811189999680252],[-75.432087999699959,39.811256999908238],[-75.43216700024098,39.811295000142394],[-75.432265999975186,39.811342999827083],[-75.432364999709392,39.811390000290913],[-75.432484000433391,39.811448000055577],[-75.432563999901021,39.811486000184146],[-75.432681999901774,39.811542999992596],[-75.432782000359225,39.811591000194163],[-75.432901000184899,39.811647999915593],[-75.432979999827623,39.811685999933609],[-75.433098999653311,39.811743000266262],[-75.433179000019251,39.811781000231811],[-75.43323799957048,39.811809000084004],[-75.433297999844939,39.811837999795642],[-75.433357000294492,39.811866000314673],[-75.433497000036567,39.81193299988378],[-75.433635999953751,39.811999000209092],[-75.433873999605098,39.81211199975116],[-75.433994000154016,39.812168999730616],[-75.434092000063302,39.812214999764294],[-75.434251000071981,39.812289999978169],[-75.434390999814056,39.812355999960715],[-75.434491000271478,39.812402999731916],[-75.434670000371639,39.81248799973568],[-75.434790000022232,39.812544000232791],[-75.43490999967284,39.812599999994177],[-75.435050000313225,39.812664999820271],[-75.435169999963833,39.812721000173134],[-75.435289999614412,39.81277699979038],[-75.435329999797389,39.812795999834968],[-75.43543000025484,39.812842000139092],[-75.435569999996915,39.81290800028161],[-75.435669999556026,39.812953999820735],[-75.435749999921967,39.81299099995276],[-75.43586999957256,39.813047000040029],[-75.435990000121478,39.813103000081675],[-75.43608999968059,39.813149000180339],[-75.436231000145909,39.813214000177275],[-75.436350999796502,39.813269000232843],[-75.436451000253925,39.813315000220427],[-75.436611999912415,39.813389000075858],[-75.436772999570891,39.813462999851581],[-75.436852999936818,39.813499999709556],[-75.436893000119795,39.813517999707912],[-75.436933000302773,39.813537000237716],[-75.436994000402137,39.813564000218832],[-75.437073999869767,39.813601000022501],[-75.43717400032719,39.813646999787892],[-75.437235000426554,39.813673999725864],[-75.437254999619739,39.813684000236869],[-75.437456000359504,39.813774999783078],[-75.43769800020884,39.813885000332455],[-75.437939000233271,39.813995000015701],[-75.438120999808135,39.81407699991604],[-75.438463000114893,39.814230999683204],[-75.438705999789136,39.814339999668327],[-75.43892800044533,39.814440000293928],[-75.439028999829333,39.81448499966546],[-75.439211000302535,39.8145669996712],[-75.439392999877413,39.81464799974912],[-75.439575000350601,39.814728999731578],[-75.439716999742501,39.814791999958622],[-75.439838000116339,39.814846000304442],[-75.440040999607604,39.814935999866421],[-75.44020299998931,39.815006999882442],[-75.440365000371031,39.815079000338876],[-75.440427000295301,39.815105999714284],[-75.440506999762931,39.815142000245103],[-75.440608999870179,39.815186000024887],[-75.440710000152521,39.815231000287994],[-75.440791000343381,39.815266000242318],[-75.44083200035125,39.815283999778146],[-75.440892999552318,39.815310999763085],[-75.440994999659551,39.815355999944359],[-75.441099000314964,39.815398999768114],[-75.44119800004917,39.815443999891819],[-75.441238000232119,39.815462000071044],[-75.441320000247885,39.815497999725338],[-75.441401000438745,39.815533000233664],[-75.441522999739178,39.81558600018095],[-75.441604999754929,39.815621999770293],[-75.441665999854294,39.815647999807005],[-75.441706000037257,39.815665999932811],[-75.441767000136622,39.815692999767691],[-75.441849000152402,39.815728000176712],[-75.441930000343262,39.81576299987789],[-75.442012000359028,39.815799000064544],[-75.442072999560068,39.815825000034295],[-75.44215700012397,39.81586100018847],[-75.442218000223335,39.815887999946746],[-75.442300000239101,39.815923000256468],[-75.442422000437844,39.815975999903017],[-75.442543999738263,39.816029000198654],[-75.442666999761897,39.816080999954302],[-75.442768999869173,39.816124999822968],[-75.442891000067902,39.81617800000371],[-75.44299400000007,39.816221000003146],[-75.443116000198785,39.816274000109907],[-75.443218000306047,39.816317999854959],[-75.443341000329696,39.81637000008196],[-75.443443000436957,39.816412999961294],[-75.443546000369096,39.816457000307409],[-75.443647999578047,39.816500999935357],[-75.443811999609579,39.816570000110588],[-75.443892999800426,39.816605000073061],[-75.44401599982406,39.816657000082863],[-75.444118999756228,39.816699999782621],[-75.444241999779891,39.816751999720601],[-75.444343999887124,39.816795000050931],[-75.444467999735693,39.816847999714994],[-75.444589999934436,39.816898999743742],[-75.444774999882355,39.81697699975507],[-75.444959999830274,39.817053999882859],[-75.44504199984604,39.817089000288846],[-75.445185999786105,39.817148999661839],[-75.445267999801871,39.817183000226272],[-75.445390999825506,39.817234000006422],[-75.445472999841272,39.817269000320685],[-75.445596999689826,39.817320000037022],[-75.445637999697709,39.817336999934042],[-75.445721000436706,39.817370999715472],[-75.445781999637759,39.817396999780534],[-75.445863999653525,39.817431000222271],[-75.445988000400405,39.817481999818384],[-75.446029000408274,39.817498999675337],[-75.446091000332544,39.817524999691976],[-75.446194000264711,39.817566999751122],[-75.446214000356207,39.817575999908293],[-75.446297000196878,39.817610000261524],[-75.446400000129046,39.817652000268716],[-75.446503000061213,39.81769500003594],[-75.446626999909753,39.817746000126093],[-75.446770999849804,39.81780499983148],[-75.446894999698372,39.817855999840013],[-75.446997999630526,39.817897999696875],[-75.447122000377405,39.817949000326429],[-75.447225000309558,39.817991000126455],[-75.447328000241725,39.818032999900815],[-75.447452000090294,39.818083999740139],[-75.447637999863119,39.818158999759866],[-75.447761999711688,39.818210000195684],[-75.447907000374954,39.818267999725393],[-75.448134999980581,39.818359999878226],[-75.448279999745537,39.818418999746434],[-75.448425000408804,39.818476999789745],[-75.448487000333074,39.818501999662452],[-75.448673000105927,39.81857699991594],[-75.448797999779387,39.818627000269437],[-75.448943000442668,39.818685000137201],[-75.449005000366952,39.818709999934242],[-75.449191999964697,39.818784999960734],[-75.449315999813251,39.818835000162949],[-75.449398999653937,39.818868000124652],[-75.449515999829799,39.818915000272753],[-75.449545000142109,39.818925000021238],[-75.449586000150006,39.818942000211223],[-75.449668999990678,39.818975000121547],[-75.449752999656255,39.819008000016069],[-75.449793999664138,39.819023999729197],[-75.449836000395237,39.819040999894689],[-75.449898000319536,39.819066000252207],[-75.449981000160193,39.81909900010298],[-75.450064000000893,39.819131000173172],[-75.450105999833681,39.819148000312204],[-75.450252000321854,39.819204999976492],[-75.450418000003211,39.819271000218727],[-75.450500999843882,39.819303999971119],[-75.450751000089141,39.819402000062226],[-75.451001000334387,39.819499000254211],[-75.451273000320967,39.819605000200717],[-75.451607000231789,39.819735000341502],[-75.451878000393449,39.819840000169513],[-75.452192000212818,39.819961000022033],[-75.452443000282983,39.82005699967366],[-75.452673000436732,39.820144999811461],[-75.452881999775812,39.820224999776265],[-75.453112999754495,39.82031299969892],[-75.45330100007547,39.820385000116318],[-75.45349000022135,39.820456999768361],[-75.453594999803343,39.82049600018081],[-75.453742000116435,39.820551999672929],[-75.453951000353797,39.820631000110851],[-75.454035999844308,39.820666000074993],[-75.45418200033248,39.820717999771908],[-75.454349999663663,39.820781000028703],[-75.454497999801646,39.820836999978525],[-75.454603000281963,39.820876000175318],[-75.45474999969673,39.820931000309123],[-75.454916000276398,39.82099299994298],[-75.455023000406527,39.821032999788372],[-75.455169999821308,39.821087999796525],[-75.455359999792122,39.821157999931366],[-75.455528000021602,39.821220999784764],[-75.455717999992387,39.821290999784132],[-75.455928999879575,39.821369000330208],[-75.456097000109068,39.82143100025889],[-75.456245000247094,39.821485000217891],[-75.456328999912671,39.821516000136896],[-75.45649799996707,39.821577999932892],[-75.456667000021483,39.821639999672996],[-75.456836000075867,39.821702000047068],[-75.45694200038109,39.821740000026097],[-75.457111000435489,39.821802000309951],[-75.457279999591563,39.821863999847942],[-75.457448999645976,39.821925000295764],[-75.457638999616776,39.821993999854847],[-75.457787999579693,39.822047000339055],[-75.457956999634092,39.822107999934516],[-75.458042000022886,39.822139000262368],[-75.458231999993714,39.822208000296506],[-75.45835900021531,39.822253000101433],[-75.45848600043692,39.822299000285561],[-75.458591999843819,39.822336999934492],[-75.458656000316239,39.822358999939496],[-75.459293000175776,39.822585999673997],[-75.459739000239608,39.822743000209634],[-75.46005800008183,39.822855000315428],[-75.460356000007664,39.822960000205633],[-75.460590000359403,39.82304100005075],[-75.460845999554124,39.823130000213432],[-75.46110099982225,39.823219000260778],[-75.4612930003412,39.823285999801804],[-75.461534000365603,39.823369000048757],[-75.461783999712566,39.82345499999105],[-75.462083000361602,39.8235569998633],[-75.462338999556323,39.823644999658512],[-75.462466999602853,39.823689000203764],[-75.462702999604403,39.823769000182132],[-75.462895000123339,39.823833999794147],[-75.463065999827563,39.823892000096571],[-75.463238000255018,39.823949999660108],[-75.463408999959228,39.824007999864556],[-75.463793999923709,39.824137000262816],[-75.464116000138986,39.824245000024888],[-75.464223000269087,39.824280999907863],[-75.464373000056938,39.824331000250616],[-75.464759999671216,39.824458999665254],[-75.465125000442512,39.824579999663371],[-75.465296999971642,39.824635999966702],[-75.465598000270532,39.824734999726019],[-75.465856000013403,39.824819999656427],[-75.466092999839859,39.824896999965283],[-75.466328999841409,39.824974000187801],[-75.466825000133952,39.825135000186108],[-75.467083999701742,39.825218000269224],[-75.467190999831857,39.825252999966679],[-75.46745000029793,39.825335999907296],[-75.467928000148817,39.825487999937529],[-75.468186999716607,39.825571000284121],[-75.468533000221314,39.825680000221276],[-75.469009000422375,39.825830000155875],[-75.469290999556378,39.825917999799522],[-75.469572999588678,39.826006000020321],[-75.469984000390724,39.826133999764018],[-75.470180000209311,39.826194000208531],[-75.470331999646973,39.826241000175223],[-75.4704179998607,39.826267999994734],[-75.470549000280258,39.826308000218908],[-75.470657000235292,39.826341000041396],[-75.470786999931633,39.826381000223066],[-75.470961000008913,39.826434999741444],[-75.471113000344857,39.826480999885419],[-75.471309000163458,39.82654100002695],[-75.471547999639739,39.826613999783476],[-75.471634999678372,39.826639999800868],[-75.471852000311657,39.826705999800929],[-75.472114000252489,39.826785000062529],[-75.472178999651504,39.826803999683989],[-75.472375000368402,39.826862999891098],[-75.47244499979027,39.826884000174772],[-75.47263700030922,39.826811000015212],[-75.472659999875432,39.826801999687746],[-75.473311999803599,39.827016999982582],[-75.475352999976877,39.827614999905144],[-75.476461999839543,39.827941000180999],[-75.481038999755441,39.829319000251445],[-75.481104999877687,39.829337000245701],[-75.481215000380843,39.829366000149861],[-75.481325999810636,39.82939599965723],[-75.481458999880005,39.82943099998576],[-75.481546999743571,39.829454000093378],[-75.481701999554261,39.829495000146167],[-75.48185600043837,39.829536000174478],[-75.481988999609456,39.829570999741854],[-75.482254999748221,39.829641000202749],[-75.482432000198543,39.829687000269679],[-75.482564000443034,39.829721999760068],[-75.482829999683489,39.829790999767596],[-75.482985000392503,39.829832000309061],[-75.483117999563561,39.829866000117036],[-75.483428000083293,39.829945999801673],[-75.483649999841134,39.830003000166847],[-75.483739000427903,39.83002600008296],[-75.484004999668372,39.830094000179862],[-75.484227000324537,39.830150999732368],[-75.484337999754317,39.830178999688911],[-75.484582000151789,39.830240999946177],[-75.484715000221172,39.830275000241592],[-75.484870000031862,39.830315000202312],[-75.485228000232169,39.83040500020126],[-75.485361000301538,39.830438000125362],[-75.485471999731317,39.830465999964865],[-75.485783999900846,39.830543000154577],[-75.485916999970229,39.830576000012378],[-75.486029000123239,39.830603999795649],[-75.486363000034075,39.830685999883741],[-75.486563000050609,39.830735999704345],[-75.486942000167303,39.83082799972064],[-75.487097999802913,39.830866000171326],[-75.487187000389682,39.830888000204766],[-75.487454000353381,39.830952999980276],[-75.487655000194835,39.831002000014465],[-75.488034000311515,39.831093000083769],[-75.488235000152969,39.831140999738189],[-75.488323999841427,39.831162999683613],[-75.488457999735729,39.831195000344117],[-75.488591999630032,39.831227000299918],[-75.488703999783027,39.831252999951211],[-75.488882999883174,39.831296000175428],[-75.489039000417094,39.831333000090112],[-75.489240000258548,39.831379999990318],[-75.48937400015285,39.831411999859938],[-75.489530999613379,39.831448999712144],[-75.489687000147299,39.831484999959372],[-75.489866000247432,39.831526999764129],[-75.490067000088885,39.831574000221394],[-75.490224000447725,39.831610999986346],[-75.490469999596698,39.831667999659814],[-75.490605000214231,39.831698999813391],[-75.49076099984984,39.831734999929616],[-75.49096300041451,39.831782000244566],[-75.491074999669195,39.831807000105492],[-75.491208999563497,39.831838000196285],[-75.491276000408959,39.831853000101646],[-75.491500999641559,39.831905000300225],[-75.49161299979454,39.831930000116323],[-75.491746999688843,39.831961000151615],[-75.491791999894687,39.831971000071029],[-75.491949000253527,39.832007000044683],[-75.492061000406522,39.832031999823734],[-75.492196000125745,39.832062000236341],[-75.492263000072882,39.832077000092838],[-75.492442000173014,39.832117999959749],[-75.492555000150929,39.832142999698334],[-75.492711999611458,39.832178000006948],[-75.492756999817288,39.832187999894771],[-75.492802000023133,39.832197999781094],[-75.492846000404072,39.832207999666004],[-75.492914000176114,39.832223000180406],[-75.492959000381958,39.832233000061684],[-75.493003999689492,39.832242999941442],[-75.493070999636657,39.832257999758419],[-75.49329599976754,39.832307999814439],[-75.493498000332224,39.832352999902731],[-75.493565000279375,39.832367999695677],[-75.493834999717791,39.832426999953185],[-75.494037000282475,39.832471999963516],[-75.494218999857353,39.832510999764665],[-75.494376000216192,39.832545999885774],[-75.4945109999354,39.832574999814931],[-75.494781000272155,39.832633000326297],[-75.494961000197208,39.832672000036034],[-75.495141999947165,39.832710999723616],[-75.495258000298122,39.832734999679587],[-75.495388999819383,39.832764000218745],[-75.495501999797284,39.832788000156185],[-75.495569999569341,39.832802000288275],[-75.495659999981029,39.832821000315128],[-75.495861999647389,39.832864000247632],[-75.496019999831134,39.832897999934545],[-75.496178000014893,39.832931000040638],[-75.496336000198639,39.832964000130872],[-75.496516000123691,39.833002000089763],[-75.496674000307436,39.833035000145891],[-75.496831999592871,39.833068000186167],[-75.497013000241154,39.833106000087525],[-75.497215999732433,39.833148000280715],[-75.497395999657485,39.833184999887678],[-75.49755399984123,39.833217999855933],[-75.497779999797046,39.833264000286853],[-75.497984000011542,39.833305999693643],[-75.498187000401117,39.833347000206651],[-75.498344999686566,39.833380000097037],[-75.498594000106905,39.833430000026219],[-75.498774999856877,39.833467000171055],[-75.498887999834778,39.833489000061299],[-75.498955999606849,39.833503000050506],[-75.499022999554001,39.833517000036856],[-75.49911399979058,39.833535000310775],[-75.499295000438863,39.833571000154585],[-75.499497999930142,39.833611999819574],[-75.499634000372595,39.83363900019129],[-75.499769999916708,39.833665999862617],[-75.499906000359147,39.833693000213117],[-75.500019000337048,39.833715000030978],[-75.500132000314949,39.83373699984179],[-75.500222999653246,39.833755000058062],[-75.500335999631147,39.833776999856063],[-75.500476000271533,39.833804999714211],[-75.50076699962635,39.833862000326356],[-75.500992999582181,39.833905999846763],[-75.50119699979669,39.833945000213376],[-75.501404000384227,39.833985000106523],[-75.50160500022568,39.834023999738442],[-75.501832000006402,39.834067000297445],[-75.502058999787124,39.834110999686537],[-75.502241000260312,39.834145000135862],[-75.502422000010284,39.834180000114145],[-75.502513000246879,39.834196999978907],[-75.502831000264194,39.834257000279528],[-75.503103000250761,39.834307999804054],[-75.503376999887138,39.834357999747482],[-75.503740999935218,39.834425000152628],[-75.503945000149713,39.834462999993022],[-75.504104999983284,39.834491999802637],[-75.504286999558161,39.83452499983273],[-75.504560000267958,39.834574000078099],[-75.504809999614878,39.834619000061508],[-75.505038000118844,39.834659999790759],[-75.505219999693708,39.834692999740142],[-75.505515999969717,39.834744999858131],[-75.505902999584023,39.834814000338589],[-75.506107999623438,39.834850000201868],[-75.506404999724339,39.834902000200998],[-75.506654999969598,39.834945000210325],[-75.506974999636753,39.835001000342579],[-75.507225999706918,39.835044000289926],[-75.507408000180092,39.835075000299454],[-75.507499000416701,39.835090999720336],[-75.507635999785748,39.835114000002299],[-75.50800200038195,39.835175999944141],[-75.508229999987563,39.835215000279391],[-75.508549999654718,39.835268000222001],[-75.508869000395251,39.835322000342693],[-75.509121000290335,39.835363999870715],[-75.5093720003605,39.835404999845061],[-75.509760999624618,39.835468999957968],[-75.51012700022082,39.83552899983723],[-75.510538000124555,39.835595000264661],[-75.510904999647352,39.835653999819705],[-75.511293999809794,39.835715999963902],[-75.511431000077138,39.8357379998236],[-75.511499999674115,39.835749000095731],[-75.511614000375261,39.83576699978466],[-75.511796999775029,39.835795999733463],[-75.511912000301081,39.835814000099944],[-75.512094999700864,39.835841999817461],[-75.512278999823891,39.835870999734645],[-75.512437000007623,39.835894999966051],[-75.512546999612482,39.835912000096101],[-75.512728000260779,39.835939000253489],[-75.512900999614814,39.83596599971046],[-75.513062000171601,39.835991000117943],[-75.513222999830106,39.836014000098466],[-75.513428999694412,39.836045999878685],[-75.513544000220463,39.836064000179583],[-75.513612999817425,39.836074000191424],[-75.51370400005402,39.836088000343544],[-75.513796000115548,39.836101000285126],[-75.513956999774024,39.836124999746339],[-75.514140000072132,39.836153000026933],[-75.514254999699844,39.836170000093134],[-75.514463000112315,39.836200000078023],[-75.514668999976621,39.836231000255601],[-75.514833999833073,39.836254999671382],[-75.515012999933205,39.836281000178687],[-75.515104999994733,39.83629400008374],[-75.515151000025497,39.836301000137766],[-75.51521999962246,39.836311000115089],[-75.515265999653209,39.836316999962854],[-75.515334000323591,39.836326999937846],[-75.515380000354355,39.836333999988454],[-75.515448999951317,39.836343999961016],[-75.515494999982067,39.836351000009898],[-75.515563999579044,39.836360999979945],[-75.515609999609794,39.836366999823326],[-75.515679000105081,39.836376999791042],[-75.515747999702043,39.836386999757366],[-75.515817000197345,39.836396999722169],[-75.515863000228094,39.836403000252218],[-75.515885999794307,39.836406999685522],[-75.515931999825057,39.836413000214698],[-75.515977999855821,39.836420000256531],[-75.516047000351122,39.836429000013688],[-75.516161999978834,39.83644600001162],[-75.516208000009598,39.836451999847533],[-75.516254000040348,39.836458999885444],[-75.516276999606575,39.836461999802928],[-75.516322999637325,39.836468999839767],[-75.516414999698824,39.836481000196962],[-75.516484000194112,39.836491000148079],[-75.51657600025564,39.836504000013385],[-75.516644999852602,39.836513999961156],[-75.516714000347889,39.836522999705998],[-75.516806000409403,39.836536000255052],[-75.516897999572592,39.836549000111845],[-75.516989999634092,39.836561999966165],[-75.517059000129379,39.836570999704719],[-75.517127999726341,39.836581000332544],[-75.517197000221657,39.836591000269095],[-75.517243000252407,39.836597000092397],[-75.517357999880119,39.836612999848526],[-75.51751900043692,39.836635000110704],[-75.517726000126146,39.836663000183314],[-75.517932999815386,39.836691999753846],[-75.518094000372187,39.836712999791963],[-75.518255000030663,39.836735000022102],[-75.518439999978597,39.836760000149624],[-75.518655999888665,39.836788999679136],[-75.519544999643287,39.836905999940122],[-75.519660999994244,39.836921000118387],[-75.519729999591206,39.83692999980984],[-75.51982199965272,39.836942000086474],[-75.519983000209521,39.836963000048158],[-75.520144999692903,39.836984000003405],[-75.520306000249704,39.837004999952228],[-75.520491000197637,39.837028000283027],[-75.520629000289901,39.837046000326566],[-75.520767000382151,39.837063000171725],[-75.520952000330084,39.837086999986568],[-75.520998000360834,39.83709299976654],[-75.521135999554787,39.837110000289904],[-75.521205999874979,39.837118999956594],[-75.521321000401016,39.837132999895694],[-75.521458999594969,39.837149999719365],[-75.521574999945926,39.837164999844283],[-75.521672000030307,39.837177000079812],[-75.521718000061057,39.837181999660025],[-75.521810000122571,39.837193999892591],[-75.52190200018407,39.837204999931494],[-75.521971999605967,39.837213000084105],[-75.522084999583868,39.837221000235779],[-75.522109999698216,39.837229999887981],[-75.52215599972898,39.837235999655398],[-75.5222489996154,39.837246999687586],[-75.522294999646149,39.83725300014337],[-75.522386999707663,39.837264000172837],[-75.522479999594083,39.837275000200535],[-75.52254900008937,39.837283999845603],[-75.522617999686332,39.837291999989006],[-75.522663999717096,39.837297999751065],[-75.522734000037275,39.837305999892841],[-75.522780000068053,39.837311000153413],[-75.52284899966503,39.837319999793813],[-75.522941999551421,39.837330999812494],[-75.523011000046722,39.837338999950425],[-75.523103000108236,39.837349999966115],[-75.523242000025391,39.837366000236621],[-75.523380999942574,39.837383000002617],[-75.523450000437862,39.837391000134488],[-75.523541999601051,39.83740200014185],[-75.523611999921272,39.837410000271504],[-75.523703999982757,39.837421000275775],[-75.523772999579734,39.837428999713481],[-75.523866000364478,39.837439999714704],[-75.52393499996144,39.837447999839938],[-75.524027999847874,39.83745800034005],[-75.524073999878624,39.837464000087607],[-75.524165999940138,39.837473999895593],[-75.524282000291095,39.837487999762324],[-75.524443999774476,39.837505999685298],[-75.524582999691646,39.837521999919453],[-75.524720999783895,39.837538000149877],[-75.524791000104102,39.837546000263707],[-75.524837999959772,39.837549000133706],[-75.524998999618262,39.837568999723523],[-75.525229999596931,39.837594999733376],[-75.525415000443189,39.837616000185172],[-75.525554000360344,39.837631000208312],[-75.525647000246764,39.837640999991983],[-75.525739000308278,39.837650999774198],[-75.525785000339027,39.837657000194689],[-75.525854999760909,39.83766400010974],[-75.52601700014263,39.837681999986629],[-75.526202000090564,39.837702000227459],[-75.526341000007719,39.837717000231819],[-75.526503000389425,39.837735000094831],[-75.526688000337359,39.83775400013662],[-75.526966000171697,39.837784000119392],[-75.527105000088881,39.837799000105839],[-75.527266999572262,39.837815999764651],[-75.527392000144047,39.837827999886422],[-75.527567999871152,39.837846999902538],[-75.527730000252859,39.837864000239222],[-75.527892999561175,39.837880999881946],[-75.527955000383756,39.837887000282336],[-75.528100999973617,39.837902000246281],[-75.528263000355324,39.837918999879605],[-75.52842499983872,39.837935000017545],[-75.528680000106846,39.837960999888828],[-75.528843000313472,39.837977000016984],[-75.528982000230641,39.837990999781127],[-75.529189999744773,39.838010999932024],[-75.529330000385201,39.838024999689232],[-75.529491999868583,39.83804099980248],[-75.529584999754988,39.838050000037001],[-75.529769999702921,39.838067999812672],[-75.529932999909548,39.838083999915895],[-75.530071999826717,39.838097000169469],[-75.530163999888217,39.838105999706862],[-75.530280000239173,39.838117000289444],[-75.530466000012012,39.838133999869534],[-75.530629000218639,39.83814999995738],[-75.530744999671271,39.838160999843176],[-75.530982000396037,39.83818300029921],[-75.531190999735117,39.838202000217116],[-75.531468999569455,39.838227999987325],[-75.531608000384935,39.838241000213628],[-75.531748000127024,39.838253999747685],[-75.531841000013443,39.838261999778098],[-75.532025999961377,39.838279000012037],[-75.532189000168003,39.838293999890425],[-75.532350999651385,39.838308000279724],[-75.532559999888761,39.838327000163048],[-75.532745999661586,39.838343000205938],[-75.53293200033275,39.838359000245092],[-75.533071000249933,39.838371000271984],[-75.533164000136324,39.83837999977348],[-75.53328299996204,39.838390000137871],[-75.533466000260134,39.838404999991958],[-75.533581999712766,39.838414999662973],[-75.533744999919392,39.838429000027617],[-75.533837999805797,39.838437000037651],[-75.533976999722981,39.838449000050908],[-75.534117000363381,39.838459999888805],[-75.53425600028055,39.838471999898111],[-75.534396000022625,39.838482999732271],[-75.534512000373596,39.838493000081726],[-75.534627999826228,39.838502000256973],[-75.534720999712647,39.838510000258488],[-75.534837000063604,39.838518999741765],[-75.534976999805693,39.838530999740705],[-75.535140000012291,39.838543999909646],[-75.535278999929474,39.838554999732331],[-75.535395000280431,39.838563999899449],[-75.535511999557983,39.838573000065431],[-75.535605000342713,39.838579999887109],[-75.535651000373477,39.838583999883468],[-75.535744000259896,39.838590999704024],[-75.535861000435744,39.838599999866474],[-75.535976999888405,39.838609000027681],[-75.536093000239347,39.838618000187772],[-75.536162999661229,39.838622999663045],[-75.536303000301629,39.838634000162806],[-75.536464999785025,39.838646000141708],[-75.536560000219581,39.83865299995594],[-75.536720999878057,39.83866499993151],[-75.536838000053933,39.838674000084211],[-75.53700100026056,39.838686000056057],[-75.537162999743927,39.838698000025865],[-75.537279999919789,39.838706000004557],[-75.537418999836973,39.838716000321483],[-75.537558999579048,39.838725999947172],[-75.537699000219462,39.838736000261193],[-75.537814999672094,39.838744000235451],[-75.538024999734375,39.83875900001221],[-75.538141000085332,39.838766999983797],[-75.538257000436289,39.838774999954445],[-75.538397000178364,39.838785000261325],[-75.538536999920453,39.838793999708571],[-75.538629999806872,39.838800000029188],[-75.538700000127079,39.83880500018099],[-75.538815999579697,39.838813000147219],[-75.538909000364441,39.838818999776336],[-75.539025999641993,39.838826999740931],[-75.53914199999295,39.838834999704588],[-75.539281999735024,39.838843999835071],[-75.539374999621458,39.838850000151261],[-75.539422000375438,39.838852999964303],[-75.539468000406202,39.838855999777209],[-75.539515000261844,39.838859000279768],[-75.53958499968374,39.838863000259821],[-75.539716000103297,39.838925000266222],[-75.540048000364322,39.838913000336078],[-75.540870000171793,39.8388920002809],[-75.540985999624425,39.838950999762716],[-75.541312000037678,39.838970000157865],[-75.541661000017115,39.838991000189196],[-75.5420109998215,39.839011000048821],[-75.542198000317555,39.839021000321381],[-75.54254700029702,39.839041000172259],[-75.542826999781198,39.839055999884152],[-75.543083999699135,39.839070000118163],[-75.543456999968029,39.83908999995478],[-75.543667000030325,39.839100999690004],[-75.543899999658819,39.839113000277017],[-75.544202999607535,39.839127999973194],[-75.544412999669817,39.839138000228665],[-75.544646000196636,39.839150000119496],[-75.544832999794394,39.839158000045529],[-75.545020000290435,39.839167000133621],[-75.545299999774613,39.839180000182161],[-75.545555999867659,39.839192000065644],[-75.545883000105803,39.839206999744562],[-75.546140000023755,39.83921800015078],[-75.546350000086036,39.839227000231048],[-75.546489999828111,39.839232999824063],[-75.546699999890407,39.83924199990232],[-75.546863000097019,39.839248999655851],[-75.547073000159301,39.839257000260091],[-75.54725999975706,39.839265000173654],[-75.547633999850873,39.83927899967528],[-75.547819999623698,39.839287000276066],[-75.548007000119767,39.839294000024971],[-75.548217000182063,39.839300999773208],[-75.548427000244345,39.839308999681599],[-75.548613999842075,39.839316000118089],[-75.548777999873607,39.839321999703266],[-75.54896399964646,39.839327999977762],[-75.549197999998185,39.839335999883055],[-75.549361000204797,39.839340999995834],[-75.549430999626694,39.839343999787424],[-75.549501999771792,39.839346000108243],[-75.549618999947668,39.83934899989962],[-75.549902999629793,39.839359000122911],[-75.550205999578509,39.839369000344746],[-75.550322999754357,39.839372000135114],[-75.550557000106082,39.839378999875358],[-75.55083699959026,39.83938799993453],[-75.551116999972734,39.839395999832838],[-75.551299000445937,39.839399999781612],[-75.5513739998907,39.839403000260404],[-75.55165500009808,39.839409999997478],[-75.552028000366988,39.839420000211902],[-75.552401999562477,39.839429000265703],[-75.552659000378767,39.83943499984106],[-75.552985999718587,39.83944299973389],[-75.553220000070311,39.839442000264654],[-75.55345400042205,39.839452999943497],[-75.55364100001978,39.839455999730191],[-75.553943999968496,39.83946199999292],[-75.554342000351738,39.839468999723984],[-75.554621999835916,39.839473999827085],[-75.554761999578005,39.839476000144167],[-75.554925999609537,39.83947899992986],[-75.555066000249923,39.839481000246749],[-75.555276000312219,39.839484000032222],[-75.55548700019942,39.839486999817517],[-75.55567399979715,39.8394900002925],[-75.556071000355516,39.839494999704293],[-75.556304999808944,39.839497000020764],[-75.556468000015542,39.839499000337135],[-75.556724999933508,39.839500999963668],[-75.557052999996557,39.839503999748267],[-75.557402999800914,39.839507000222511],[-75.557870999606067,39.839510000006797],[-75.558268000164418,39.839512000322834],[-75.558759000434094,39.839513999948984],[-75.559069000055487,39.839513999948984],[-75.55920899979759,39.839515000106907],[-75.559325999973453,39.839515000106907],[-75.55958299989139,39.839515000106907],[-75.559770000387459,39.839516000264851],[-75.560027000305411,39.839516000264851],[-75.560284000223348,39.839516000264851],[-75.560470999821092,39.839515000106907],[-75.560869000204349,39.839513999948984],[-75.561148999688527,39.839512999791005],[-75.561453000360459,39.839512000322834],[-75.561874000309942,39.839510000006797],[-75.562178000083563,39.839507000222511],[-75.5624350000015,39.839504999906325],[-75.56283199966154,39.839502000121819],[-75.563205999755368,39.839498000178928],[-75.563276000075547,39.839497000020764],[-75.563415999817636,39.839495999862535],[-75.563579999849154,39.839494000235852],[-75.563697000025044,39.839491999919296],[-75.563860000231642,39.8394900002925],[-75.563953999942981,39.839489000134222],[-75.564046999829401,39.83948799997588],[-75.564164000005263,39.839485000190578],[-75.564257999716588,39.839485000190578],[-75.564352000326238,39.839482999873802],[-75.564445000212658,39.839481999715368],[-75.564514999634554,39.839481000246749],[-75.564656000099845,39.83947899992986],[-75.564841999872698,39.839476000144167],[-75.564960999698371,39.839473999827085],[-75.565099999615555,39.839471000041215],[-75.56528799993653,39.839468000255174],[-75.565379999998015,39.839465999937914],[-75.565450000318236,39.839464999779224],[-75.565590000060311,39.83946199999292],[-75.565729999802414,39.839459999675476],[-75.565842999780315,39.839456999888959],[-75.565893999833932,39.839455999730191],[-75.566127000360751,39.839451999784622],[-75.566291000392269,39.839447999838875],[-75.566407999669821,39.839446000210749],[-75.566477999990042,39.839443999892843],[-75.566570999876447,39.839442000264654],[-75.566710999618536,39.839438999787568],[-75.566805000228172,39.839437000159229],[-75.566922000404048,39.839433999681923],[-75.5670389996816,39.839430999894262],[-75.567155000032542,39.839429000265703],[-75.567295999599537,39.839425000318549],[-75.567411999950494,39.839421999840773],[-75.567554000240719,39.839419000052601],[-75.567693000157888,39.839415000104871],[-75.567832999899977,39.839411000156971],[-75.567950000075825,39.839407999678521],[-75.568042000137353,39.839406000049287],[-75.568089999817929,39.83940499988973],[-75.568253000024541,39.839399999781612],[-75.568417000056073,39.839394999673139],[-75.568535999881746,39.839391999883773],[-75.568675999623835,39.83938799993453],[-75.568792999799712,39.839385000144858],[-75.569027000151436,39.83937799971546],[-75.569121999687695,39.839374999925354],[-75.569190000358049,39.839373000295105],[-75.569330000100152,39.839369000344746],[-75.569563999553552,39.839360999753524],[-75.569773999615848,39.83935400001144],[-75.569983999678115,39.839347999739232],[-75.570147999709661,39.839342000156321],[-75.570240999596066,39.839338999674858],[-75.570370000365827,39.839334000251718],[-75.570474999947805,39.839330999769913],[-75.570592000123668,39.839326999817068],[-75.570731999865743,39.839321999703266],[-75.570871999607846,39.839317000278889],[-75.571012000248231,39.839312000164362],[-75.571174999556533,39.839305999888531],[-75.571432000372809,39.839296999818615],[-75.571479000228464,39.839295000186141],[-75.571572000114884,39.839291000231199],[-75.571829000032849,39.839280999997996],[-75.572131999981536,39.839269000130109],[-75.572366000333261,39.839260000055347],[-75.572552999931034,39.839252000141194],[-75.572762999993301,39.839243000064243],[-75.573019000086333,39.839231999661983],[-75.573205999684077,39.839223999744576],[-75.573346000324491,39.83921800015078],[-75.573556000386773,39.839209000069374],[-75.573766000449055,39.839199999986789],[-75.573953000046799,39.839190999902975],[-75.574163000109081,39.839180999655213],[-75.574373000171377,39.839172000258692],[-75.574605999799886,39.839159999681982],[-75.574769000006498,39.839152999919428],[-75.575003000358222,39.83914100002913],[-75.575165999666524,39.839133000101114],[-75.57537599972882,39.839122999844911],[-75.575468999615239,39.839117999716258],[-75.575585999791102,39.839112000113204],[-75.575656000111309,39.839108000147647],[-75.575771999563941,39.839101999853945],[-75.575866000173576,39.839096999723758],[-75.575959000059996,39.839092999757334],[-75.576076000235858,39.839085999987944],[-75.576169000122277,39.839080999856598],[-75.576239000442484,39.839078000053519],[-75.576332000328904,39.839072999921598],[-75.576379000184573,39.839070000118163],[-75.576425000215309,39.839067999789307],[-75.576518999926648,39.839062999656655],[-75.576658999668723,39.839054999719551],[-75.57677500001968,39.839049000110997],[-75.576867999906113,39.839043999976951],[-75.576961999617438,39.839037999677657],[-75.577055000402183,39.839033000232597],[-75.577124999824051,39.839029000262393],[-75.577195000144258,39.839025000292004],[-75.577334999886347,39.839016999660693],[-75.577452000062223,39.839009999883558],[-75.577590999979378,39.839003000105706],[-75.577708000155255,39.838996000327093],[-75.577852000095291,39.838987999692414],[-75.57794499998171,39.838982000078047],[-75.578062000157573,39.838975999773332],[-75.578155000043978,39.838970000157865],[-75.578247999930412,39.838965000018078],[-75.578365000106274,39.838958000235642],[-75.578480999558906,39.838950999762716],[-75.578597999734782,39.838943999978795],[-75.578690999621202,39.838938999837112],[-75.578784000405932,39.838933000218418],[-75.578900999683484,39.838925999742933],[-75.57901700003444,39.838918999956526],[-75.579109999920846,39.838913000336078],[-75.579203999632171,39.838908000192141],[-75.579319999983127,39.838900999714113],[-75.579459999725216,39.8388920002809],[-75.579576000076173,39.838884999801245],[-75.57964600039638,39.838879999655269],[-75.579693000252036,39.838876999843407],[-75.579786000138455,39.838871000219299],[-75.579855999560351,39.838867000239702],[-75.579879000024889,39.838864999904928],[-75.579925999880544,39.838862000092412],[-75.579972999736199,39.838859000279768],[-75.580042000231501,39.838855000299425],[-75.580159000407363,39.838847000338149],[-75.580321999715679,39.838837000040243],[-75.580414999602084,39.838830999722909],[-75.580531999777961,39.838822999758776],[-75.58067099969513,39.838814000315338],[-75.580787999871006,39.838805999659506],[-75.580973999643831,39.838793999708571],[-75.581114000284217,39.838784000092787],[-75.581276999592518,39.838773000306773],[-75.581463000263682,39.838760000181182],[-75.581578999716314,39.838752000208778],[-75.58169599989219,39.838744000235451],[-75.581788999778595,39.838736999740703],[-75.581927999695779,39.83872700011662],[-75.582068000336179,39.838716999801285],[-75.58223099964448,39.838706000004557],[-75.58237100028488,39.838695999686166],[-75.582510000202063,39.83868499988607],[-75.582649999944138,39.838675000254412],[-75.582742999830558,39.83866799975263],[-75.582835999716963,39.838662000110261],[-75.582976000357377,39.838651000304715],[-75.583115000274546,39.838640999978317],[-75.583208000160965,39.838634000162806],[-75.583325000336828,39.838625000004868],[-75.583464000253997,39.838614000193395],[-75.583581000429859,39.838605000032835],[-75.583696999882505,39.838595999871046],[-75.583813000233476,39.838586999708127],[-75.583952999975551,39.838577000062138],[-75.584069000326508,39.838566999724975],[-75.584184999779126,39.838558000248035],[-75.584301000130083,39.838549000080086],[-75.584440999872157,39.838538000256442],[-75.58462699964501,39.83852299974162],[-75.584835999882387,39.838506000257816],[-75.584975999624461,39.838494999737556],[-75.585045000119777,39.838489000080067],[-75.585184999861852,39.838478000246816],[-75.585370999634677,39.838462000235388],[-75.58560300033659,39.838442999699673],[-75.585835999965099,39.838422999674592],[-75.586067999768687,39.838403999817878],[-75.586277000006049,39.838386000130221],[-75.58639300035702,39.838375000280514],[-75.586555999665308,39.838360999904815],[-75.586764999902684,39.838343000205938],[-75.58692700028439,39.838328999823709],[-75.587135999623456,39.838309999940996],[-75.587325999594242,39.838292999714675],[-75.587487999975949,39.838279000012037],[-75.587673999748787,39.838261999778098],[-75.587836000130508,39.838246999892782],[-75.588021999903347,39.838230000340651],[-75.588185000109959,39.838214999758563],[-75.588324000027143,39.8382029997044],[-75.588483999860699,39.838187999806152],[-75.588533000264505,39.83818300029921],[-75.588694999747901,39.838167999706855],[-75.588903999985263,39.838148000291469],[-75.589042999902446,39.838135000047558],[-75.589206000109058,39.838120000134495],[-75.589321999561705,39.838109000242142],[-75.589437999912661,39.838097999658281],[-75.589553000438698,39.838086000273414],[-75.589715999747,39.838070999659877],[-75.589900999694933,39.838052999884994],[-75.590087000366069,39.838035000105329],[-75.590411000231171,39.838001999692388],[-75.590759000385731,39.837967999772893],[-75.590945000158555,39.837948999790243],[-75.591291999589885,39.837913999663293],[-75.591570000322548,39.837884999919019],[-75.591709000239703,39.837871000133212],[-75.59194100004332,39.837846999902538],[-75.592125999991254,39.837826999703935],[-75.592310999939158,39.837807999682283],[-75.592520000176535,39.837785999795862],[-75.592588999773511,39.837777999709999],[-75.592635999629167,39.837773000173215],[-75.592705000124468,39.837766000269283],[-75.592798000010873,39.837755999814014],[-75.5929129996386,39.83774300018564],[-75.593006000423344,39.837733999910931],[-75.593051999555783,39.837728999681147],[-75.593099000309763,39.837722999956753],[-75.593191000371277,39.837713000185019],[-75.593376000319196,39.837692999947329],[-75.593584999658248,39.837669999839292],[-75.593839999926388,39.837642000177233],[-75.594048000338844,39.837619000052058],[-75.594140000400358,39.837609000265182],[-75.594186000431108,39.837604000026303],[-75.59430199988374,39.837590999679414],[-75.594371000379027,39.837583000260636],[-75.594464000265447,39.837572999778722],[-75.594532999862409,39.837564999668047],[-75.59460200035771,39.837557000246235],[-75.59469500024413,39.837546000263707],[-75.594763999841092,39.837539000336633],[-75.594834000161299,39.837531000222],[-75.594856999727526,39.837527999661418],[-75.594880000192049,39.837524999790503],[-75.594926000222813,39.837520000235294],[-75.594972000253563,39.837514999989942],[-75.595041999675445,39.83750699987251],[-75.595133999736959,39.837495999881966],[-75.595180999592614,39.837491000324647],[-75.595226999623378,39.837486000077178],[-75.595296000118665,39.837476999768732],[-75.595342000149415,39.837472000210042],[-75.595389000005085,39.837466999961187],[-75.595457999602047,39.837458999838162],[-75.595503999632797,39.837453000090171],[-75.595573000128098,39.837444999965527],[-75.595666000014504,39.837435000153306],[-75.59568899958073,39.837432000278334],[-75.595712000045253,39.837428999713481],[-75.595780999642244,39.837421000275775],[-75.595965999590177,39.837399000265435],[-75.596059000374908,39.837388000257583],[-75.596174000002634,39.837374999869816],[-75.596312999919803,39.837358000101837],[-75.596428000445854,39.837344000208603],[-75.596594000127212,39.837325000053376],[-75.596662999724174,39.83731699991381],[-75.596778000250211,39.837303000012227],[-75.596893999702857,39.837289000107781],[-75.596985999764371,39.837278000082321],[-75.597102000115328,39.837264000172837],[-75.59717099971229,39.837256000026166],[-75.597309999629474,39.837239000228735],[-75.597379000124747,39.837229999887981],[-75.597401999690973,39.837228000195267],[-75.59747100018626,39.837218999853071],[-75.59756400007268,39.837207999816393],[-75.597656000134194,39.837196999777959],[-75.597748000195693,39.837185000235685],[-75.597863999648339,39.837171000307229],[-75.597955999709839,39.83716000026287],[-75.597979000174377,39.83715699968608],[-75.598025000205126,39.837150999911714],[-75.598093999802103,39.837142000249216],[-75.59816400012231,39.837134000088334],[-75.598278999750022,39.83712000014944],[-75.598375000009497,39.837106999710933],[-75.598463999697955,39.83709599965632],[-75.598487000162493,39.837093999959762],[-75.598601999790219,39.837078999819283],[-75.59881000020269,39.837053000303889],[-75.599016999891916,39.837027000088838],[-75.599201999839849,39.83700300025302],[-75.599385999962863,39.836978999719015],[-75.599524000055126,39.836960999657911],[-75.599709000003045,39.836937999994475],[-75.599869999661536,39.836917000025167],[-75.600100999640205,39.836886999663719],[-75.600216000166256,39.836870999971431],[-75.600446000320019,39.836841000279641],[-75.600653999834165,39.836813999787047],[-75.600861000421716,39.836785999775998],[-75.601068000110956,39.836757999753473],[-75.60125200023397,39.836733000314986],[-75.601458999923196,39.836705000270918],[-75.601689999901879,39.836674000307283],[-75.601896999591105,39.836645000039397],[-75.60210400017867,39.836616999959453],[-75.60228800030167,39.836591000269095],[-75.60249499999091,39.836563000167132],[-75.602771000175451,39.83652399990752],[-75.60304700035995,39.836485000315527],[-75.603322999646167,39.83644600001162],[-75.603530000233718,39.836416000134186],[-75.603712999633515,39.836389999677984],[-75.603966000251816,39.836353999932093],[-75.60415000037483,39.836326999937846],[-75.604357000064056,39.836297000008429],[-75.604586000392914,39.836262999934654],[-75.604828000242264,39.83622800032802],[-75.605070000091587,39.836191999807404],[-75.605311999940938,39.836155999957775],[-75.60555399979026,39.836118999881819],[-75.605707999776058,39.8360970001442],[-75.605778999921156,39.836085999927832],[-75.605926000234248,39.836062999971361],[-75.60607500019718,39.836041000215758],[-75.606194000022853,39.83602299990882],[-75.60631100019873,39.836004000077892],[-75.606416999605614,39.835988000179896],[-75.606522000085917,39.835972000278169],[-75.60662800039114,39.835955999682902],[-75.606758000087467,39.835936999833443],[-75.606864000392676,39.835920999919821],[-75.6069430000354,39.835907999944169],[-75.607093999648129,39.835884999928091],[-75.607168999991217,39.835873000156631],[-75.607229000265662,39.835864000326623],[-75.607312999931253,39.83585100034017],[-75.60739599977191,39.835837999661443],[-75.60748000033584,39.835824999670074],[-75.607545999559761,39.835814000099944],[-75.607663999560543,39.835795999733463],[-75.607861000102346,39.835765000049406],[-75.608190999815221,39.83571300001384],[-75.608374000113315,39.835684000029993],[-75.608557000411423,39.835653999819705],[-75.608763000275758,39.835621000332061],[-75.609037999737041,39.835576999840832],[-75.609267000065913,39.835540000142814],[-75.60949499967154,39.835502999735048],[-75.609677999969648,39.835473000135529],[-75.609883999833983,39.835439000343598],[-75.610158000368671,39.835394000207664],[-75.610364000233005,39.835359999686808],[-75.610546999632788,39.835328999805959],[-75.610729000105977,39.835299000130433],[-75.610934999970297,39.83526400003251],[-75.611094999803854,39.835237000299571],[-75.61127700027707,39.835205999673384],[-75.611391000079863,39.835187000306263],[-75.611574000377985,39.835155999657459],[-75.611710999747018,39.835133000079438],[-75.611825000448164,39.835112999780236],[-75.611939000250956,39.835093000165031],[-75.612075999620004,39.83506999987609],[-75.612212999887362,39.835046000046169],[-75.612304000123942,39.83503100014827],[-75.612417999926762,39.835010999819367],[-75.612531999729597,39.834991000174512],[-75.612714000202772,39.83495899990276],[-75.612850999571805,39.834935000034108],[-75.612987999839149,39.834911000157071],[-75.61310199964197,39.834890999793224],[-75.613238999909328,39.834866999900818],[-75.613375000351766,39.834843000000021],[-75.613489000154573,39.834823000306194],[-75.613626000421917,39.834798999700197],[-75.613785000430582,39.8347700000202],[-75.613875999768879,39.834753999834724],[-75.613967999830379,39.834738000335349],[-75.614081999633186,39.834716999693349],[-75.614104000272818,39.834713000161592],[-75.614172000044888,39.834701000185355],[-75.614218000075638,39.834692999740142],[-75.614309000312232,39.834677000226506],[-75.614468000320898,39.834647999805213],[-75.614719000391048,39.834602000301189],[-75.614900999965926,39.834569000308086],[-75.61504400008107,39.834542999842441],[-75.615336000159118,39.834490000030264],[-75.615517999733981,39.834456999983345],[-75.615634999909858,39.834434999713316],[-75.615767999979255,39.834410999661522],[-75.615949999554118,39.834377000033747],[-75.616132000027321,39.834342999699267],[-75.616199999799377,39.834330000114754],[-75.616358999808043,39.834301000236735],[-75.616563000022538,39.83426300030672],[-75.616744999597429,39.834227999680905],[-75.616881000039854,39.834203000011343],[-75.61710799982059,39.834160000227257],[-75.617290000293764,39.834125000238792],[-75.617471999868656,39.834090999779562],[-75.61760800031108,39.834064999822864],[-75.617743999855207,39.834038999856261],[-75.617948000069717,39.834000000232862],[-75.618128999819689,39.833965000162863],[-75.618265000262113,39.833937999919286],[-75.618492000042835,39.833893999729547],[-75.618718999823571,39.833850000201394],[-75.618922000213146,39.833810000229683],[-75.619171999560095,39.833761000129101],[-75.619420999980434,39.833711999993511],[-75.619601999730406,39.833676000223605],[-75.619805000119996,39.833636000150562],[-75.619985999869968,39.833600000340773],[-75.620144999878619,39.83356800011083],[-75.620281000321057,39.833540999711204],[-75.620462000071029,39.833504999851662],[-75.620641999996081,39.833467999727247],[-75.620846000210577,39.833426999976304],[-75.6210939999077,39.833375999797624],[-75.621343000328039,39.833325999829192],[-75.621500999613488,39.833292999912871],[-75.621658999797219,39.83326100022969],[-75.621795000239658,39.833233000149775],[-75.621908000217559,39.833208999678021],[-75.62197500016471,39.833195000318732],[-75.62202000037054,39.833186000137815],[-75.622110999708838,39.833167000211915],[-75.622155999914682,39.833158000027325],[-75.622223999686739,39.833143999967795],[-75.622314999923347,39.833125000030286],[-75.622381999870498,39.833110999964042],[-75.622472000282173,39.833092000017402],[-75.622585000260074,39.833068999748171],[-75.622720999804201,39.83304000002758],[-75.622810000390984,39.833021000061301],[-75.622923000368885,39.832997999768295],[-75.623036000346772,39.832973999904269],[-75.623103000293924,39.832959999807251],[-75.623171000065994,39.832945000143575],[-75.623192999807301,39.832940999818838],[-75.623284000043896,39.832921999825125],[-75.623418999763118,39.832893000042532],[-75.623485999710269,39.83287799967438],[-75.623576000121957,39.832858999663287],[-75.623711999666071,39.832831000109344],[-75.623847000283618,39.832802000288275],[-75.623914000230769,39.83278699990025],[-75.62402700020867,39.832762999962505],[-75.624144000384533,39.832737999759722],[-75.624233999897896,39.832718999709911],[-75.624301999669967,39.832703999993605],[-75.624346999875797,39.832694999748355],[-75.624370000340335,39.832689999841548],[-75.624504000234637,39.83266099996095],[-75.624593999748001,39.832641000321615],[-75.624729000365534,39.832611999730531],[-75.624864000084756,39.832582999817006],[-75.625022000268501,39.832548999974158],[-75.625111999781879,39.832529000302216],[-75.625202000193553,39.832510000194588],[-75.625247000399384,39.832499999663796],[-75.625291999706931,39.832489999821448],[-75.625358999654082,39.83247500005514],[-75.625471999631984,39.832451000008383],[-75.625562000043658,39.832431000307906],[-75.625651999557022,39.832410999911758],[-75.62574199996871,39.832391999771495],[-75.625830999657182,39.832372000053788],[-75.625921000068857,39.83235200033031],[-75.626010999582235,39.832331999911212],[-75.626123999560136,39.832307999814439],[-75.626235999713131,39.832283000135902],[-75.626393000071957,39.832247999880785],[-75.62663999994416,39.832192999838114],[-75.626730000355849,39.832173000062518],[-75.626841999610534,39.832148000334854],[-75.626908999557685,39.83213299980401],[-75.626932000022222,39.832127000280614],[-75.627066999741444,39.832096999896386],[-75.627312999788728,39.832041999732752],[-75.627424999941724,39.832015999690249],[-75.627559999660932,39.831985999947392],[-75.627738999761078,39.831945000001646],[-75.627963999891961,39.831894000102302],[-75.628231999680594,39.831833000227057],[-75.628478999552797,39.831776000000652],[-75.62861300034541,39.83174499988187],[-75.628860000217614,39.831688000272301],[-75.629082999800374,39.831635999909508],[-75.629218000417907,39.831604999727496],[-75.629352000312196,39.831574000221394],[-75.629507999947805,39.831536999746675],[-75.629665000306659,39.831501000216548],[-75.629799000200961,39.831468999698529],[-75.629978000301094,39.831426999858365],[-75.630200999883854,39.831373999711289],[-75.63035800024268,39.831336999818696],[-75.630535999619596,39.831294999897814],[-75.630737000359375,39.831246999661147],[-75.630893999819889,39.83120900011108],[-75.631072000095131,39.831167000111897],[-75.63127299993657,39.831118000195396],[-75.631428999572194,39.831081000164907],[-75.631473999778024,39.831069999835044],[-75.631518000158948,39.831059000193278],[-75.631585000106099,39.831042999833151],[-75.631697000259109,39.831015999820707],[-75.631740999741723,39.831005000170293],[-75.63180799968886,39.830988999797597],[-75.63191999984187,39.830961999763922],[-75.632009000428624,39.830939999754129],[-75.632098000117097,39.830919000020437],[-75.632186999805555,39.830896999996931],[-75.63225399975272,39.83088000000528],[-75.632320999699857,39.830864000293325],[-75.63241000028664,39.830842000252204],[-75.632498999975098,39.830820000204028],[-75.632587999663542,39.830798999743791],[-75.632744000197476,39.830759999660501],[-75.632856000350486,39.830731999940781],[-75.632944000214025,39.830711000143502],[-75.633032999902468,39.830689000053376],[-75.633166999796771,39.830658000133901],[-75.633268000079113,39.83063499973953],[-75.633401999973415,39.830605000083366],[-75.633503000255757,39.830581000073053],[-75.633603999639789,39.830558000342769],[-75.633738000432402,39.830526000075324],[-75.633831000318821,39.830503999925945],[-75.63386099955774,39.830496999970983],[-75.633961000015162,39.830472999922989],[-75.63401700009166,39.830459000006037],[-75.634139000290389,39.830429000273057],[-75.634238999849501,39.830403999910622],[-75.634350000177591,39.830376000045838],[-75.634417000124742,39.830358999925259],[-75.634438999866049,39.830353999848427],[-75.6345059998132,39.830336999722348],[-75.634561000064792,39.830322999777728],[-75.634606000270637,39.830310999724361],[-75.634683000263522,39.830291000090682],[-75.634739000340019,39.830277000136682],[-75.634793999693301,39.830261999887128],[-75.634843000097106,39.83024999982311],[-75.635950000309919,39.829961000120178],[-75.637034000058208,39.829675999716578],[-75.637233000249822,39.829623000288144],[-75.637475999924092,39.829557999944036],[-75.637651999651183,39.829511000176979],[-75.637807000360198,39.829468999829494],[-75.637983999912208,39.829422000001536],[-75.638182000278917,39.829368000071419],[-75.638424999953159,39.829303000175912],[-75.638711000183434,39.829224999668249],[-75.638975999598998,39.829153000235401],[-75.639173999965706,39.829099000093883],[-75.639373000157335,39.829044999909875],[-75.639570999625732,39.828990999683406],[-75.639702999870224,39.828955000198732],[-75.639922000153334,39.828893999783268],[-75.640055000222716,39.82885800024777],[-75.640252999691128,39.828803000250254],[-75.640472999799158,39.828741999699822],[-75.640626999784942,39.828698999946496],[-75.640759000029419,39.828663000308801],[-75.640934999756524,39.828613999985969],[-75.641088999742308,39.828571000152522],[-75.641175999780927,39.828545999803843],[-75.641308000025418,39.828508999767749],[-75.641506000392141,39.828454000180763],[-75.641682000119232,39.828404999708795],[-75.641835000280111,39.828361000114086],[-75.641979000220147,39.828320999705433],[-75.642081000327408,39.828292000050027],[-75.64225600022958,39.828241999830347],[-75.642344000093118,39.828217000051779],[-75.642474999614393,39.828179000205346],[-75.642628999600177,39.828134999775997],[-75.642804000400673,39.828085000131942],[-75.643001000044151,39.828028000244942],[-75.643197999687658,39.827971000310662],[-75.643372999589843,39.827920999857298],[-75.643459999628462,39.827895000324688],[-75.643612999789354,39.827850999713448],[-75.64378799969154,39.827800000224038],[-75.643875999555092,39.827773999955703],[-75.643962999593725,39.827749000006868],[-75.644094000013283,39.827710000261611],[-75.644268999915468,39.827658999977629],[-75.644422000076347,39.827614000263772],[-75.644575000237225,39.82756899983054],[-75.644792999797119,39.827504000302568],[-75.644988999615691,39.827446000289719],[-75.64514199977657,39.827400999746445],[-75.645294000112528,39.827355000218461],[-75.645489999931115,39.82729700007981],[-75.645685999749702,39.827238000245373],[-75.645991000246525,39.827146000250416],[-75.646187000065126,39.827087000286348],[-75.646426000439718,39.827014999992592],[-75.646643999999611,39.826949000289375],[-75.646883000374217,39.826876000198887],[-75.64707800036787,39.826815999660063],[-75.647143999591819,39.826795999698746],[-75.647208999889131,39.826775999731659],[-75.647316999844165,39.826743000118164],[-75.647448000263736,39.826703000147262],[-75.647556000218771,39.826669000153665],[-75.647643000257403,39.826641999801836],[-75.647772999953759,39.82660199977213],[-75.647859999992377,39.826575000083821],[-75.647967999947411,39.826541999683869],[-75.648076999727351,39.826508000300514],[-75.648207000322017,39.82646800019279],[-75.648315000277051,39.826434000082912],[-75.648423000232071,39.826399999956202],[-75.648510000270733,39.826373000188568],[-75.64863999996706,39.826332000342219],[-75.648747999922094,39.826298999825546],[-75.648855999877128,39.826265000321939],[-75.648985999573469,39.826223999721293],[-75.649094000426814,39.826190000180567],[-75.649245999864462,39.826141999826298],[-75.649311000161802,39.826121000005749],[-75.649440000033223,39.826080000009014],[-75.649501999957508,39.826055999797674],[-75.64952700007187,39.826053000115621],[-75.64963500002689,39.826018999800368],[-75.649721000240618,39.825991000218018],[-75.649850999936959,39.825950000143713],[-75.649937000150672,39.825921999843338],[-75.650088999588348,39.825873999991792],[-75.650282999757081,39.825811999932661],[-75.65039099971213,39.825776999830055],[-75.650542000223183,39.825728999877199],[-75.650716000300449,39.825672999774824],[-75.650824000255483,39.825638000291313],[-75.650995999784627,39.825582999785688],[-75.651169000036973,39.825527000254155],[-75.651297999908422,39.825485000230671],[-75.651449000419476,39.825435999710862],[-75.651620999948605,39.825380000059575],[-75.651728999903639,39.825344999736892],[-75.651878999691462,39.825295999807096],[-75.652030000202529,39.825246000166587],[-75.652159000073937,39.825203999971329],[-75.652308999861788,39.825154000263858],[-75.652503000030521,39.825090999876934],[-75.652696000374377,39.82502699975322],[-75.65280299960618,39.824991000261164],[-75.652932000375927,39.824948999909971],[-75.653082000163749,39.824899000016941],[-75.653168000377477,39.824870000296869],[-75.653339999906606,39.824812999812224],[-75.653467999953136,39.824769999669527],[-75.653554000166864,39.824740999895006],[-75.653703999954686,39.824690999850603],[-75.653960999872623,39.824603999700436],[-75.654367999578412,39.824466999922571],[-75.654581999838641,39.824393999954566],[-75.654859999673008,39.824300000221733],[-75.655287000368588,39.824153999853351],[-75.655478999989199,39.824088000161453],[-75.655714000165844,39.824007000170766],[-75.656098000305406,39.823874000055511],[-75.656224999628691,39.823828999932289],[-75.656438000064028,39.823755000278865],[-75.656799999563958,39.823629000331344],[-75.657226000434619,39.823478999731137],[-75.657501999720836,39.823382000327726],[-75.657777999905349,39.823283999703136],[-75.658137999755468,39.823156000169419],[-75.658351000190805,39.823079999686591],[-75.658604999735701,39.8229890000419],[-75.658776000338236,39.822927000139188],[-75.658817000346119,39.82291199966464],[-75.659603000168573,39.822628000089743],[-75.659624000084975,39.822620000308206],[-75.659686999834165,39.822596999982458],[-75.659793000139373,39.822558999787404],[-75.659899000444582,39.822519999855864],[-75.660067999600685,39.822458000219861],[-75.660173000080988,39.82241999994789],[-75.660321000218985,39.822365000315969],[-75.660363000051774,39.822349999718774],[-75.660467999633752,39.822310999668602],[-75.660594999855377,39.822265000182462],[-75.660700000335666,39.822226000084058],[-75.660890000306466,39.822155999657269],[-75.661015999804846,39.822108999655953],[-75.661122000110055,39.822070000158945],[-75.661226999692033,39.822030999949853],[-75.661394999921527,39.821968000149113],[-75.661501000226735,39.82192899988214],[-75.661647999641531,39.82187399985721],[-75.661774000038221,39.82182699966301],[-75.661900000434912,39.821778999710453],[-75.662005000016904,39.821740000026097],[-75.662173000246383,39.821676999958576],[-75.662298999744763,39.821628999901229],[-75.662404000225052,39.821590000131799],[-75.662718999869327,39.821470999849318],[-75.6631590000854,39.8213039997663],[-75.663200999918175,39.82128700016063],[-75.663472999904755,39.821183999943564],[-75.66378699972411,39.821063000174611],[-75.663933000212282,39.821006999719039],[-75.664122000358176,39.820934000214798],[-75.664371999705111,39.820837999718499],[-75.6644770001854,39.820797000019049],[-75.664684999699546,39.82071600028852],[-75.665040000425122,39.82057799991442],[-75.665227999847758,39.820504999954437],[-75.665540000017316,39.820382000186676],[-75.665790000262561,39.820284000113176],[-75.666038999784604,39.82018500015046],[-75.66624700019706,39.820102999947956],[-75.666475999627608,39.820011999810525],[-75.666600000374473,39.81996300021742],[-75.66676699988075,39.819896000196152],[-75.666995000384688,39.819804999784665],[-75.667140000149644,39.819747000172228],[-75.667166999913817,39.81973600009745],[-75.667305999830987,39.819680999697219],[-75.667408999763154,39.819639000240052],[-75.667637000267092,39.819546999729504],[-75.667804999598275,39.819479000232946],[-75.668115000117993,39.819353999795673],[-75.668300999890832,39.81927799993754],[-75.668591000319054,39.8191610000098],[-75.668777000091893,39.819084999938219],[-75.669044999880484,39.818975000121547],[-75.669230999653323,39.818898999844258],[-75.669478000423865,39.818796999957407],[-75.669643000280303,39.81872899971868],[-75.669931000160389,39.818610000001527],[-75.670075000100425,39.818549999834119],[-75.67019899994898,39.818499000340552],[-75.670465999912679,39.818387000034747],[-75.670568000019927,39.818344000010505],[-75.670711999959977,39.8182840003008],[-75.670917999824283,39.818198000096572],[-75.670978999923662,39.818172000334535],[-75.671101999947325,39.818120000091028],[-75.671245999887361,39.818060000185746],[-75.671389000002492,39.817998999756853],[-75.671512000026127,39.817947000072429],[-75.671696000149154,39.817868999782007],[-75.67184000008919,39.817807999873615],[-75.671901000188569,39.817781999964041],[-75.672024000212204,39.817730000115425],[-75.672167000327349,39.817669000083605],[-75.672350999552052,39.817589999690519],[-75.672513999758678,39.817520000061059],[-75.672677999790182,39.817449999670359],[-75.672902000096187,39.817353999826857],[-75.673086000219186,39.817273999969871],[-75.673268999618998,39.817194999812664],[-75.673370999726245,39.817150999939017],[-75.673513999841362,39.817089000288846],[-75.673778000330316,39.816973999676662],[-75.674062999837361,39.816850000000983],[-75.674307000234833,39.816743000145479],[-75.674448999626733,39.816681000127247],[-75.674611000008454,39.816608999969063],[-75.674894999690579,39.816483999831497],[-75.675340999754411,39.816285999854962],[-75.675523000227614,39.816205000327464],[-75.675867000184212,39.816051999962745],[-75.676233999707009,39.815887000134765],[-75.676375999997219,39.815824000221397],[-75.67661799984657,39.81571499982973],[-75.676879999787388,39.815597000229992],[-75.677202999827571,39.815451000000415],[-75.677364000384358,39.815378000114279],[-75.677585000317308,39.815277000342562],[-75.677806000250229,39.815175999732361],[-75.67820799993315,39.814991999749104],[-75.678387999858202,39.814908999734222],[-75.678549000415003,39.814835000135218],[-75.678828999899167,39.814704999695635],[-75.679170000381021,39.814547000284684],[-75.679389999590711,39.814445000148851],[-75.679609999698755,39.814342000027253],[-75.679909000347806,39.814202000291068],[-75.68014899964902,39.814089000044667],[-75.680307999657671,39.814013999723613],[-75.680468000389553,39.813939000010748],[-75.68066699968287,39.813843999934996],[-75.680786000406869,39.813787999806969],[-75.680925000324052,39.813721999819386],[-75.68096200013396,39.813703999874498],[-75.681205999633121,39.813587999963197],[-75.681244000166274,39.81356999998323],[-75.68132500035712,39.813532000316698],[-75.681383000083457,39.813503999786271],[-75.681481999817649,39.813456000230559],[-75.681639000176489,39.81338099990883],[-75.68195800001871,39.813228000157991],[-75.682056999752916,39.813179999719445],[-75.682255000119639,39.81308400012194],[-75.682452999588037,39.812989000244507],[-75.682887999781215,39.81277699979038],[-75.683045999964975,39.812699999701152],[-75.683322000149474,39.812565000062392],[-75.683558999975943,39.81244900029904],[-75.683893999711714,39.812284000102096],[-75.684092000078422,39.812187000077479],[-75.684328000079987,39.81206999980872],[-75.684504999631969,39.811981999681805],[-75.684877999900891,39.811797000247331],[-75.685035000259717,39.811718000005143],[-75.685211999811727,39.811630000117603],[-75.685446999988358,39.811511999715229],[-75.685799000340879,39.811335000111981],[-75.685954999976474,39.811256000028898],[-75.686150999795061,39.811158000052977],[-75.686423999606546,39.811018999924961],[-75.68681399959388,39.810820000190716],[-75.686989000394391,39.810730999956675],[-75.687242999939272,39.81060100003576],[-75.687747999554347,39.810341000146522],[-75.68796099998967,39.810231000136199],[-75.688290999702559,39.810060000065555],[-75.688619999590529,39.809889000259567],[-75.688793999667794,39.809797999709161],[-75.689026000369722,39.809676000003172],[-75.689355000257677,39.809504000027253],[-75.689392999892519,39.809483999857704],[-75.689527999611713,39.809412999657283],[-75.689740000222145,39.809300999726702],[-75.690163999646359,39.809076000097043],[-75.690356000165309,39.808974000123577],[-75.690624999778819,39.808830000146955],[-75.690817000297741,39.808727999808454],[-75.691372999966447,39.808429000088907],[-75.691640999755037,39.808283999738222],[-75.691932999833085,39.808126000059644],[-75.692525000385103,39.807804000036143],[-75.692790999625572,39.807657999815753],[-75.693153000023827,39.807459999947866],[-75.693552000231989,39.807239000254924],[-75.693779999837631,39.80711299969979],[-75.69412100031947,39.806923999814344],[-75.694431999765783,39.806750999909198],[-75.694537000246086,39.806690999740702],[-75.694631999782331,39.806637999835836],[-75.694688999683734,39.806606000159988],[-75.694764000026808,39.806564000303986],[-75.694840000194802,39.806521999732254],[-75.694953000172688,39.806458000257642],[-75.695046999884028,39.806405000173164],[-75.695160999686848,39.806340999899483],[-75.695292999931326,39.80626700004796],[-75.695368000274399,39.806224000032365],[-75.695461999985724,39.806170999767509],[-75.695612999598453,39.806085000279474],[-75.695687999941526,39.806043000105191],[-75.695800999919442,39.805979000184699],[-75.69596999997384,39.805882000234725],[-75.696082999951741,39.805818000164315],[-75.696176999663066,39.805764000317417],[-75.696271000272731,39.805710999697951],[-75.696383000425712,39.805646000197541],[-75.696496000403613,39.805581999907503],[-75.696626999924874,39.805506999966212],[-75.696720999636199,39.805452999875008],[-75.696908000132268,39.805345000255478],[-75.69715099980651,39.805205000138344],[-75.697637000053305,39.804922999796162],[-75.697767999574566,39.804847999826158],[-75.697991000055652,39.804716999847891],[-75.698437999944389,39.804455999810983],[-75.698605000348977,39.804357999803017],[-75.698847000198313,39.804214999801353],[-75.699273000170663,39.803962999798529],[-75.699442000225062,39.803862999804359],[-75.699644999716327,39.803741999906777],[-75.700089000130347,39.803478000332248],[-75.700218000001769,39.803400000185562],[-75.700495000011202,39.80323399966732],[-75.700936999877086,39.802968000212971],[-75.70112000017518,39.80285700013642],[-75.701321999841554,39.802733999842253],[-75.701634000011083,39.802545000341766],[-75.701762000057599,39.802465999819674],[-75.701963999723972,39.802343000206399],[-75.702219999817018,39.802185999998819],[-75.70249400035172,39.802017999973103],[-75.702584999689989,39.801960999858807],[-75.702748999721521,39.801859999697633],[-75.702968000004645,39.801725000166151],[-75.703168000021179,39.801600999897801],[-75.703276999801119,39.801532999900601],[-75.703313999611055,39.801510000109623],[-75.703459000274322,39.801420000223381],[-75.703585999597607,39.801339999765553],[-75.703732000085779,39.801249999656811],[-75.703948999820767,39.801113000254418],[-75.704057999600707,39.801044999774639],[-75.704203000263988,39.800953999940837],[-75.704547000220558,39.800737000169626],[-75.704691000160608,39.800645999928243],[-75.704854000367234,39.800542999835841],[-75.705034000292287,39.800428999875315],[-75.705142000247321,39.800360000061637],[-75.705267999745701,39.80027999975092],[-75.705411999685765,39.800188000244809],[-75.705538000082456,39.80010699969251],[-75.705627999595819,39.80005000006463],[-75.705735999550853,39.799980999870719],[-75.705825999962528,39.799923000094225],[-75.705916000374231,39.799866000313891],[-75.705988000344234,39.799819000253585],[-75.706060000314267,39.799773000207523],[-75.706134999759016,39.799723999989595],[-75.706184999987727,39.799691999856577],[-75.706239000414413,39.799658000302863],[-75.706309999661201,39.799612000149111],[-75.706453999601237,39.799518999699238],[-75.706596999716382,39.799425999813792],[-75.706760999747914,39.799319999805846],[-75.70692099958147,39.799215999743467],[-75.707063999696601,39.79912300013838],[-75.707206999811746,39.799028999660287],[-75.707296000398529,39.798970999771079],[-75.707544999920543,39.798807999784863],[-75.707811999884242,39.798633000038571],[-75.70816699971148,39.798399000100076],[-75.708503999995372,39.798176000131512],[-75.708715999707479,39.798034999840169],[-75.709017000006355,39.797834000334809],[-75.709351999742111,39.797609999836787],[-75.709545999910858,39.797479999952706],[-75.709740000079634,39.797349999822856],[-75.709969000408492,39.797195000116673],[-75.710178999572463,39.797052999798787],[-75.710494999939939,39.796838999718439],[-75.710634999682028,39.79674300007887],[-75.710828000025884,39.796611999844025],[-75.710967999767973,39.79651699998125],[-75.711125000126813,39.796409000130488],[-75.711387000067631,39.796229000002285],[-75.711700999886986,39.796014000017877],[-75.711962000002899,39.795833000132689],[-75.712136000080164,39.795713000014914],[-75.712464999968134,39.795483999657684],[-75.712899000336392,39.795180999869892],[-75.713070999865536,39.795059999880067],[-75.713295999996433,39.794903000300422],[-75.713624000059497,39.794671999766237],[-75.713814999855217,39.794536999928475],[-75.713917999787384,39.794463999921142],[-75.714004000001097,39.794402999950186],[-75.714142000093361,39.794305000109858],[-75.714347999957681,39.794159000215537],[-75.714621999594058,39.793962999699929],[-75.715067999657904,39.793644000018944],[-75.715323999750936,39.793459999694612],[-75.715749999723286,39.793151999940804],[-75.716225999924347,39.792806000109849],[-75.716531000421185,39.792582999952813],[-75.716937000302053,39.79228399974054],[-75.717308999847731,39.792010000143129],[-75.717560999742815,39.791822999793787],[-75.717930999638668,39.791548000264918],[-75.718366999656752,39.791221999923849],[-75.718751999621219,39.790932999686895],[-75.719169000271066,39.790617000297587],[-75.719502000356997,39.790365000163668],[-75.719534999968943,39.790339000228798],[-75.719601999916094,39.790289000007803],[-75.719767999597451,39.790161999959665],[-75.719899999841928,39.790060000229474],[-75.720131999645531,39.789882999932757],[-75.720314000118734,39.78974300008916],[-75.720463000081637,39.789627999979828],[-75.720530999853707,39.789576000233438],[-75.720894000076868,39.789295999702027],[-75.721024999598114,39.789192999868192],[-75.721206000246397,39.789053000000962],[-75.721289000087069,39.788989000144241],[-75.721403999714795,39.788898999748866],[-75.721583999639861,39.788757999767107],[-75.721715000059419,39.788654999818071],[-75.721911999702911,39.788501000055618],[-75.722075999734429,39.788372999945885],[-75.722238999941069,39.78824400007435],[-75.722402000147682,39.788114999960882],[-75.722515999950502,39.788024999802708],[-75.722548999562463,39.787998999673697],[-75.722582000072734,39.7879730002252],[-75.7226640000885,39.787907999835198],[-75.722746999929171,39.787843000074076],[-75.722812000226497,39.787790000138472],[-75.722894000242277,39.787725999797097],[-75.723023999938604,39.787620999927761],[-75.723171000251696,39.787505000188226],[-75.723285999879423,39.787413000160548],[-75.723415999575778,39.787307999813549],[-75.723515000208295,39.787229999964801],[-75.723578999782404,39.787177999786458],[-75.723710000201947,39.78707299977107],[-75.723871999685358,39.78694199975731],[-75.723921000089163,39.786903000326816],[-75.724018000173544,39.786825000018943],[-75.724131000151445,39.78673400000816],[-75.724275999916401,39.786615999678432],[-75.724354999559111,39.786551000077267],[-75.724516999940818,39.78641999975985],[-75.724645999812239,39.786316000210292],[-75.724742000071714,39.786236999684078],[-75.72493399969234,39.78607999998551],[-75.725009999860319,39.786017999926784],[-75.725127000036181,39.785922999928744],[-75.725541000312973,39.785582000206951],[-75.725875000223823,39.785305000067446],[-75.726144999662239,39.785081999755469],[-75.726573000182725,39.784724999908924],[-75.726999000155089,39.784368000281013],[-75.72717499988218,39.784220000151308],[-75.727441000020946,39.783994999913205],[-75.727723000053274,39.783755000274994],[-75.728036999872614,39.783489000037314],[-75.728255000330819,39.783300999711095],[-75.728583000393883,39.783020999873976],[-75.729063999719514,39.782603999905447],[-75.729405000201353,39.782309000323544],[-75.729482000194238,39.782242000193136],[-75.729621999936342,39.782119999922053],[-75.72983799984641,39.781930999691753],[-75.730007999725714,39.781782999843053],[-75.730238999704397,39.781579999859289],[-75.730407999758796,39.78143000001031],[-75.730561999744594,39.78129499972853],[-75.730822999860479,39.781063999752099],[-75.730899000028472,39.780996000161167],[-75.730991000089986,39.780914000159022],[-75.731221000243764,39.780710000049616],[-75.731648000041019,39.780327999673574],[-75.732195000387179,39.779834999986505],[-75.73248200044236,39.779574000103054],[-75.732522999551932,39.779536000288765],[-75.732996000278277,39.779106999894132],[-75.733208999815275,39.778912000336959],[-75.733674000145683,39.7784839998602],[-75.733957999827808,39.778220999656703],[-75.734093000445355,39.778096000147407],[-75.734434999853789,39.777777000072398],[-75.734717999711009,39.777513000249087],[-75.735295000194427,39.776968999804836],[-75.73583999999245,39.776451999948605],[-75.736235999827571,39.776072999893231],[-75.736615999769171,39.775707999847235],[-75.736951000403224,39.775383999817137],[-75.737035999893735,39.775301000320454],[-75.737192000427669,39.775148999784989],[-75.737348999888198,39.774995999888063],[-75.737547000254892,39.774802000138934],[-75.737673999578206,39.77467699994331],[-75.737801999624708,39.77455200021106],[-75.737970999679106,39.774385000076506],[-75.738168000220909,39.774190000258272],[-75.738379999933017,39.773981999935302],[-75.738605000063927,39.773757999787371],[-75.738800999882514,39.773563000264112],[-75.739067000021294,39.773296000243896],[-75.739276000258656,39.77308599980293],[-75.73943299971917,39.772928000041709],[-75.739461000206589,39.772900000238479],[-75.739556999567739,39.772802999895028],[-75.73962100004016,39.772739000113148],[-75.739668999720735,39.772689999970225],[-75.73974900008669,39.772609000178889],[-75.739811999835879,39.772545000216638],[-75.739876000308286,39.772479999751816],[-75.739945999730168,39.77240800025929],[-75.740072999951778,39.772279000145986],[-75.740227999762482,39.772120999913284],[-75.74039699981688,39.771948999911906],[-75.740565999871265,39.771775999717917],[-75.740621999947777,39.771718000325791],[-75.740650000435167,39.7716890002662],[-75.740707000336585,39.771631000110361],[-75.740791999827096,39.771543000018625],[-75.740975999950109,39.77135299997051],[-75.741174000316832,39.771147000285211],[-75.741268000028157,39.771050000233267],[-75.741326999579385,39.770987999751235],[-75.741464999671649,39.770844000331707],[-75.741658000015491,39.770643999870977],[-75.741849999636102,39.770442999737348],[-75.742028999736263,39.77025600015098],[-75.742097000406631,39.770183999713247],[-75.742138000414513,39.770140999924145],[-75.742359000347449,39.769908000214585],[-75.742592999800863,39.769660000051431],[-75.74283999967308,39.769397999760564],[-75.743113000382877,39.769106000285461],[-75.743412999958508,39.768783999863494],[-75.74359000040883,39.768593999795698],[-75.743874999915874,39.768285999894623],[-75.744009999635097,39.768139000209374],[-75.744064000061769,39.76808000000787],[-75.744172999841709,39.767962999961931],[-75.744266999553034,39.767859999957622],[-75.744387999926857,39.767727000320711],[-75.744442000353544,39.76766799976614],[-75.744483000361441,39.76762399996327],[-75.744550000308593,39.767550999710544],[-75.744685000027786,39.76740200018402],[-75.744792000157901,39.767283999848232],[-75.744940000295912,39.767121999877062],[-75.745152999832939,39.766885000280972],[-75.74539300003245,39.766618999745205],[-75.745512999683058,39.766484999942676],[-75.745659000171216,39.766322000320855],[-75.74583099970036,39.766129000138385],[-75.745923999586779,39.766026000152273],[-75.745977000188532,39.765965999673746],[-75.746028000242163,39.765909000068298],[-75.746091999816272,39.76583600006866],[-75.746246999626976,39.765661999851943],[-75.746387000267362,39.76550299976946],[-75.746527999834356,39.765343000153948],[-75.746706999934489,39.765140999875285],[-75.746846999676592,39.764980000247476],[-75.74701200043134,39.764790999903816],[-75.74713899975464,39.764646000084973],[-75.747228000341408,39.764543999819892],[-75.747379999779071,39.764369999790731],[-75.747493999581863,39.764238000189593],[-75.747619000153662,39.764092000022188],[-75.747746000375273,39.763946000235748],[-75.747871999873638,39.763800000139739],[-75.747984999851553,39.763669000017082],[-75.748047999600743,39.763594999832385],[-75.748097999829454,39.7635369997627],[-75.748198000286891,39.763420000282935],[-75.748285000325524,39.76331800027333],[-75.748385999709555,39.763199999843458],[-75.748447999633825,39.763126999733807],[-75.748500000410672,39.763066000292255],[-75.748538999870419,39.763019999839941],[-75.748670000289991,39.762865000131264],[-75.748932000230809,39.762557000151276],[-75.749126000399585,39.762325000225218],[-75.749347000332506,39.762061999738812],[-75.749451000089593,39.761937999793808],[-75.749619000319086,39.761736999792895],[-75.749799000244138,39.761519999926946],[-75.749892999955463,39.761408999953879],[-75.750007999583175,39.761269000186893],[-75.750123999934132,39.761129000135284],[-75.750214000345835,39.761020000060782],[-75.750303000034293,39.760910999813802],[-75.750431000080823,39.76075500026878],[-75.750584000241687,39.760567999919118],[-75.750660000409653,39.760474999862666],[-75.750774000212473,39.760334000339441],[-75.750901000434084,39.760179000109289],[-75.750990000122542,39.760069999912254],[-75.751067000115427,39.759975999939527],[-75.751217999728169,39.759788000299821],[-75.751395000178491,39.759569999876589],[-75.751420000292853,39.759537999712023],[-75.751457000102789,39.759491999665215],[-75.751568000430865,39.759354000031074],[-75.751837999869295,39.759016999667161],[-75.751985000182373,39.758832999975382],[-75.752180000176054,39.758586999882134],[-75.752338000359799,39.758386999725786],[-75.752472000254102,39.75821799982117],[-75.752493999995409,39.758190000250515],[-75.752514999911796,39.758161999977879],[-75.752591999904695,39.758064000315137],[-75.752726999623903,39.757892999688913],[-75.752834999578951,39.757756000270128],[-75.752944000257216,39.757616999951146],[-75.753088000197252,39.757432000000676],[-75.753207999847845,39.757277000144853],[-75.753328000396763,39.757122999915964],[-75.753436000351783,39.756982999722929],[-75.75356799969795,39.756812999845835],[-75.753674999828064,39.756673999695494],[-75.75379399965378,39.756519000205607],[-75.753913000377764,39.756363999676246],[-75.754055999594598,39.756177999823691],[-75.754162999724713,39.75603799978159],[-75.754305000014924,39.755850999745121],[-75.754315999885591,39.755835999830957],[-75.754327999581136,39.755819999918955],[-75.75434000017502,39.755804999998091],[-75.754351999870607,39.755789000078884],[-75.754363999566152,39.75577400015127],[-75.754375000335131,39.755758000224823],[-75.754387000030704,39.755743000290451],[-75.754398999726249,39.755726999666237],[-75.754411000320147,39.755710999728919],[-75.75442300001572,39.755695999784315],[-75.754433999886373,39.755679999839742],[-75.754445999581932,39.755664999888381],[-75.754458000175802,39.755648999936668],[-75.754469999871361,39.755633999978556],[-75.754681999583468,39.755354000160665],[-75.755033999935989,39.75488399997927],[-75.755382999915426,39.754416000073938],[-75.755673000343663,39.754025000005171],[-75.756029999820726,39.753538999982169],[-75.756316999875907,39.753146999736117],[-75.756659000182665,39.752675000299391],[-75.757089000352977,39.752075999813712],[-75.75741599969281,39.751618000034284],[-75.757690000227512,39.751231000213103],[-75.757807000403389,39.751065000207078],[-75.757939999574461,39.750874000216989],[-75.758074000367074,39.750683999766508],[-75.758183999971919,39.750525999705346],[-75.758317999866222,39.750335000292786],[-75.75843900024006,39.750161000276599],[-75.758493999593313,39.750081000304277],[-75.758747000211628,39.749715999899152],[-75.759338000040415,39.748848000230105],[-75.760353000191728,39.747406000277302],[-75.760673999683775,39.746850000108815],[-75.761563000336736,39.745481000021925],[-75.762649999559756,39.743764000230826],[-75.76356299960382,39.742282999711129],[-75.764387999784333,39.740909999910443],[-75.765350000232218,39.739267999894146],[-75.765961999977392,39.738196999736971],[-75.766008999833076,39.73811400031537],[-75.766055999688732,39.738031000103021],[-75.766093000396978,39.737964999962706],[-75.766186000283383,39.737800000026112],[-75.766298000436379,39.737602000133471],[-75.766362999835394,39.737485999687863],[-75.766445999676066,39.737337000049862],[-75.766583999768343,39.737089000026216],[-75.766658000286483,39.736955999682102],[-75.766786000333013,39.736723999875146],[-75.766849999907123,39.736608000024219],[-75.766914000379529,39.73649199997805],[-75.766987000174467,39.736358999863533],[-75.767049999923657,39.736243000089118],[-75.767105000175249,39.736142999769541],[-75.767167999924439,39.736027000322402],[-75.767239999894457,39.735894000001416],[-75.767295000146049,39.735795000151604],[-75.767331000131065,39.735727000060763],[-75.767420999644429,39.735559999715434],[-75.76748400029193,39.735443999977939],[-75.767528999599463,39.735361000004254],[-75.767599999744562,39.735227000177005],[-75.767670999889674,39.735093999693909],[-75.767716000095533,39.735010999989576],[-75.767752000080534,39.734944000113693],[-75.767823000225633,39.734810999775341],[-75.767901999868357,39.734661000270094],[-75.767963999792642,39.734544000097806],[-75.768025999716912,39.734426999726928],[-75.768113999580464,39.734260999993531],[-75.768183999900671,39.734127000100315],[-75.768263000441678,39.733976999797349],[-75.768342000084417,39.73382600023583],[-75.76838599956703,39.733742999695416],[-75.768455000062318,39.733609000176834],[-75.768551000321779,39.733425000320644],[-75.768603000200315,39.733325000057633],[-75.768670000147466,39.733195000327832],[-75.768775999554364,39.732990000122982],[-75.768802000391958,39.732937999731391],[-75.768835999828823,39.732872999877642],[-75.768990999639513,39.732570999731919],[-75.769238000410041,39.732084999665993],[-75.7695170000693,39.731531000233439],[-75.769801999576345,39.730959000315366],[-75.770067999715124,39.730420000048198],[-75.77032399980817,39.729897000121099],[-75.770666000114929,39.729188000193673],[-75.77079699963619,39.728914000221032],[-75.771052999729221,39.728372000058101],[-75.771275000385373,39.727896999661027],[-75.771496000318308,39.727422000136748],[-75.771753000236274,39.726862000123326],[-75.771961999575325,39.726403000215591],[-75.772191999729102,39.725891999836605],[-75.772350999737753,39.725534999832803],[-75.772509999746404,39.725177000304903],[-75.772660000432552,39.724834999811094],[-75.772786999755837,39.724545000237114],[-75.772913999977462,39.724255000134377],[-75.773068999788151,39.723895999720995],[-75.773303000139876,39.723348000153052],[-75.773621999982097,39.722594999661183],[-75.773779000340937,39.722217000099405],[-75.773786000013644,39.72220000018924],[-75.774252999993877,39.722198999706663],[-75.778904000427943,39.722198999706663],[-75.784699999811352,39.722198999706663],[-75.788596000385098,39.722198999706663],[-75.788596000385098,39.719726999946886],[-75.788596000385098,39.716714999858034],[-75.788598000034924,39.715902000326054],[-75.788594999661896,39.715744999870864],[-75.788596000385098,39.7073849997197],[-75.788592000187137,39.701703999819202],[-75.788591000362246,39.700542000295712],[-75.788592000187137,39.700299999899649],[-75.788592000187137,39.699824999679329],[-75.788586000339365,39.695142000051511],[-75.788586000339365,39.694232999788163],[-75.788584999616134,39.693412999979223],[-75.788583999791229,39.692865000166258],[-75.788586000339365,39.691247999780579],[-75.788586000339365,39.690560999989522],[-75.788588999814081,39.687890999969049],[-75.788588999814081,39.687856000219071],[-75.788588999814081,39.687258999776361],[-75.788591000362246,39.685655000152884],[-75.788593999836976,39.683624999780015],[-75.788593999836976,39.681949999769152],[-75.788593999836976,39.681605000218759],[-75.788594999661896,39.681256000170372],[-75.788594999661896,39.68100499987122],[-75.788594999661896,39.68081800022874],[-75.788594999661896,39.680726000115278],[-75.788594999661896,39.680654999853751],[-75.788591000362246,39.679541000292666],[-75.788591000362246,39.67939100018684],[-75.788597000210018,39.678427999781462],[-75.788598999859843,39.678156999968081],[-75.788598999859843,39.67622199974371],[-75.788598999859843,39.671512999838868],[-75.788599999684749,39.671411999869399],[-75.788601000407979,39.67039599986326],[-75.788603000057805,39.670373999684202],[-75.78860399988271,39.670356000286873],[-75.78860499970763,39.670338000193347],[-75.788607000255766,39.670320000095167],[-75.788608000080671,39.67030199999224],[-75.788608999905591,39.670283999884695],[-75.788609999730483,39.670265999772404],[-75.788612000278647,39.670249000199874],[-75.788613000103538,39.670230000225267],[-75.788613999928458,39.6702120000989],[-75.788615999578283,39.6701939999679],[-75.7886170003015,39.670175999832153],[-75.788618000126419,39.670157999691767],[-75.788619999776245,39.670140000238113],[-75.788620999601136,39.670122000088313],[-75.788622000324381,39.670106000335416],[-75.788623000149272,39.670085999774663],[-75.788624999799097,39.670068000302301],[-75.788625999624031,39.670050000133728],[-75.788627000347233,39.670031999960464],[-75.788628999997059,39.670013999782562],[-75.788629999821978,39.669996000291398],[-75.788630999646884,39.669978000104116],[-75.788632000370114,39.669959999912088],[-75.78863400001994,39.669943000264269],[-75.788634999844859,39.669924000205505],[-75.788635999669765,39.669905999999415],[-75.788637000392995,39.669887999788685],[-75.788639000042821,39.669871000123102],[-75.788639999867726,39.669852000044528],[-75.788640999692646,39.669833999819723],[-75.788642000415848,39.669816000281671],[-75.788644000065688,39.669798000047486],[-75.788644999890593,39.669779999808561],[-75.788645999715499,39.669762000256434],[-75.788647000438743,39.669744000008187],[-75.788649000088554,39.669725999755194],[-75.78864999991346,39.669708000189047],[-75.78865099973838,39.669689999926675],[-75.788651999563271,39.66967199965967],[-75.788654000111435,39.669654000079397],[-75.788654999936341,39.669635999802956],[-75.788655999761247,39.669618000213312],[-75.788656999586152,39.669599999927541],[-75.788659000134288,39.669583000191146],[-75.788659999959208,39.669564000033368],[-75.788660999784113,39.669545999733479],[-75.788661999609033,39.669528000120387],[-75.788664000157169,39.669509999811176],[-75.788664999982075,39.669492000188697],[-75.788665999806994,39.6694739998701],[-75.7886669996319,39.669456000238249],[-75.788668000355131,39.669437999910222],[-75.788670000004956,39.669420000269035],[-75.788670999829861,39.669402999796816],[-75.788671999654781,39.669384000281013],[-75.788673000378012,39.669365999934286],[-75.788674000202903,39.66934800027429],[-75.788675999852742,39.669329999918126],[-75.788676999677648,39.669312000248802],[-75.788678000400864,39.669293999883259],[-75.788679000225798,39.669276000204512],[-75.78868000005069,39.669257999829632],[-75.788681999700515,39.669240000141507],[-75.788683000423745,39.669221999757255],[-75.788684000248651,39.66920400005975],[-75.788685000073571,39.66918599966607],[-75.788685999898476,39.669167999959178],[-75.788688000446612,39.669151000116479],[-75.788689000271532,39.669131999839898],[-75.788690000096423,39.669114999988338],[-75.788690999921343,39.669097000262958],[-75.788691999746248,39.669078999841453],[-75.788694000294385,39.669060000236506],[-75.788695000119304,39.669041999805351],[-75.78869599994421,39.669024000060951],[-75.78869699976913,39.669007000182823],[-75.788697999594049,39.66898799986663],[-75.788699000317266,39.668970999979649],[-75.788700999967077,39.668952000345001],[-75.788701999792011,39.668933999885709],[-75.788702999616916,39.668916000113171],[-75.788704000340147,39.668898000335943],[-75.788705000165038,39.668879999862583],[-75.788705999989958,39.668862000075968],[-75.788707999639797,39.668844000284672],[-75.788709000362999,39.66882699967077],[-75.788710000187919,39.668807999996574],[-75.788711000012839,39.668790000191201],[-75.788711999837744,39.668773000255499],[-75.78871299966265,39.668753999874966],[-75.78871400038588,39.668736000055524],[-75.788716000035706,39.668718000231401],[-75.788716999860611,39.668699999711144],[-75.788717999685531,39.668681999877634],[-75.788719000408761,39.66866499991535],[-75.788720000233667,39.668647000072731],[-75.788721000058587,39.668627999657545],[-75.788721999883492,39.668609999805277],[-75.788722999708398,39.668591999948376],[-75.788725000256548,39.668574000086736],[-75.788726000081439,39.668556000220406],[-75.788726999906359,39.66853799965795],[-75.788727999731265,39.668520999660181],[-75.788728999556184,39.668502999780046],[-75.788730000279401,39.668484999895263],[-75.78873100010432,39.668466000126962],[-75.788731999929226,39.668448000232544],[-75.788733999579051,39.668430000333395],[-75.788735000302282,39.668411999738055],[-75.788736000127173,39.668393999829561],[-75.788736999952093,39.668376999796372],[-75.788737999777013,39.66835799999842],[-75.788738999601932,39.668341999836954],[-75.788740000325163,39.668322000148578],[-75.788741000150054,39.668304000216587],[-75.788741999974974,39.668286000279913],[-75.788742999799894,39.66826800033855],[-75.788745000348015,39.668249999701054],[-75.788746000172935,39.668231999750311],[-75.788746999997841,39.668213999794879],[-75.78874799982276,39.668195999834808],[-75.788748999647666,39.668178999752897],[-75.788750000370896,39.668159999900503],[-75.788751000195802,39.668141999926306],[-75.788752000020722,39.668123999947483],[-75.788752999845627,39.66810599996392],[-75.788753999670547,39.668087999975654],[-75.788755000393763,39.668069999982706],[-75.788756000218683,39.668051999985124],[-75.788757999868494,39.668033999982796],[-75.7887589996934,39.668015999975779],[-75.788760000416644,39.667997999964079],[-75.788761000241564,39.667979999947732],[-75.788762000066455,39.667961999926654],[-75.788762999891375,39.667943999900878],[-75.788763999716281,39.667925999870413],[-75.788765000439511,39.667907999835258],[-75.788766000264417,39.66788999979547],[-75.788767000089337,39.667871999750936],[-75.788767999914228,39.667853999701713],[-75.788768999739148,39.6678360003393],[-75.788769999564067,39.667818000280704],[-75.788771000287298,39.667800000217461],[-75.788772000112189,39.667782000149487],[-75.788772999937109,39.667764000076822],[-75.788773999762029,39.667745999999468],[-75.788774999586948,39.667727999917474],[-75.78877600031015,39.667709999830734],[-75.788777999959976,39.667691999739304],[-75.788778999784896,39.667675000224932],[-75.788778999784896,39.667658000014825],[-75.788781000333032,39.667638000128441],[-75.788782000157951,39.66762000001826],[-75.788782999982857,39.66760199990339],[-75.788783999807777,39.667583999783822],[-75.788784999632682,39.667567000242883],[-75.788786000355898,39.667548000222183],[-75.788787000180818,39.667530000088554],[-75.788788000005738,39.667511999950243],[-75.788788999830643,39.667494999700075],[-75.788789999655549,39.667475999659587],[-75.788791000378779,39.667458000198693],[-75.788792000203699,39.667440000041616],[-75.788793000028591,39.667421999879856],[-75.78879399985351,39.667403999713393],[-75.788794999678416,39.667387000128166],[-75.788796000401661,39.667368000057976],[-75.788797000226552,39.667349999877452],[-75.788798000051472,39.667331999692237],[-75.788798999876377,39.667314000193841],[-75.788799999701297,39.667295999999247],[-75.788801000424527,39.667277999800014],[-75.788802000249433,39.667260000287548],[-75.788803000074353,39.667242000078879],[-75.788803999899244,39.667223999865534],[-75.788804999724164,39.667206000339],[-75.788806000447394,39.667188000116276],[-75.788807000272314,39.667169999888905],[-75.788808000097205,39.667151999656802],[-75.788808999922125,39.667134000111517],[-75.788809999747031,39.667115999870028],[-75.788810999571965,39.667098000315356],[-75.788812000295167,39.667080000064487],[-75.788813000120086,39.667061999808986],[-75.788813999944992,39.667044000240253],[-75.788813999944992,39.667026999874885],[-75.788814999769912,39.667009000297028],[-75.788815999594817,39.666991999923106],[-75.788817000318048,39.666971999843888],[-75.788818000142953,39.666954000251707],[-75.788818999967873,39.666935999963378],[-75.788819999792779,39.666917999670318],[-75.788820999617698,39.666900000064061],[-75.7888220003409,39.666881999761614],[-75.788823000165834,39.666864000145985],[-75.788823999990726,39.666846999736393],[-75.788824999815645,39.666828000209151],[-75.788825999640565,39.666809999887995],[-75.788827000363796,39.666792000253608],[-75.788828000188715,39.666773999923031],[-75.788829000013607,39.666756000279271],[-75.788829999838526,39.666738999843098],[-75.788830999663432,39.666720000286162],[-75.788830999663432,39.666703999745373],[-75.788832000386662,39.666684000274302],[-75.788833000211568,39.666665999915637],[-75.788834000036488,39.66664800024374],[-75.788834999861379,39.666629999875639],[-75.788835999686299,39.666612000194363],[-75.788837000409529,39.666593999816889],[-75.788838000234449,39.666576000126234],[-75.78883900005934,39.666557999739382],[-75.78883999988426,39.666540000039404],[-75.788840999709166,39.666522000334673],[-75.788842000432396,39.666503999933752],[-75.788843000257302,39.666486000219649],[-75.788843000257302,39.666467999809356],[-75.788844000082221,39.666450999993828],[-75.788844999907127,39.666431999666194],[-75.788845999732047,39.666414999841813],[-75.788846999556952,39.666396000195796],[-75.788848000280183,39.666377999762098],[-75.788849000105103,39.666360000015175],[-75.788849999930008,39.666342000263555],[-75.788850999754928,39.666323999815745],[-75.788851999579833,39.666306000054746],[-75.788851999579833,39.666288000289065],[-75.78885300030305,39.66627200033976],[-75.788854000127955,39.666252000052125],[-75.788854999952889,39.666234000272375],[-75.788855999777795,39.666216999707764],[-75.7888569996027,39.666198000007299],[-75.788858000325916,39.666180000213487],[-75.78885900015085,39.66616300032711],[-75.78885900015085,39.666143999920322],[-75.788859999975742,39.666127999937672],[-75.788861999625567,39.666089999791097],[-75.788863000348798,39.666071999969148],[-75.788864000173703,39.666054000142509],[-75.788864999998623,39.66603600031118],[-75.788865999823528,39.666017999783648],[-75.788865999823528,39.665999999942947],[-75.788866999648448,39.66598200009755],[-75.788868000371679,39.66596400024747],[-75.788869000196584,39.665945999701222],[-75.788870000021504,39.665927999841763],[-75.788870999846395,39.665909999977622],[-75.788870999846395,39.665892000108776],[-75.788871999671315,39.665874000235249],[-75.788873000394545,39.665855999665517],[-75.788874000219465,39.665837999782603],[-75.788875000044357,39.665819999895007],[-75.788875999869276,39.665802000002721],[-75.788876999694182,39.665784000105752],[-75.788876999694182,39.665766000204087],[-75.788878000417412,39.665748000297732],[-75.788879000242318,39.665729999695174],[-75.788880000067238,39.66571199977944],[-75.788880999892129,39.665693999859016],[-75.788880999892129,39.66567599993391],[-75.788881999717063,39.665658000004115],[-75.788883000440279,39.665640000069637],[-75.788884000265199,39.665622000130455],[-75.78888500009009,39.66560400018659],[-75.78888599991501,39.665586000238036],[-75.78888599991501,39.665566999672592],[-75.78888699973993,39.665548999714396],[-75.788887999564849,39.665530999751518],[-75.788889000288066,39.665512999783942],[-75.788890000112971,39.665494999811685],[-75.788890000112971,39.665476999834745],[-75.788890999937905,39.665458999853101],[-75.788891999762797,39.665440999866782],[-75.788892999587716,39.665422999875751],[-75.788894000310933,39.665405999803134],[-75.788894000310933,39.665386999879665],[-75.788895000135852,39.66536899987458],[-75.788895999960758,39.665350999864806],[-75.788896999785678,39.665333999774468],[-75.788897999610583,39.665314999831203],[-75.788897999610583,39.66529699980736],[-75.788899000333814,39.665278999778835],[-75.788900000158719,39.665246000175408],[-75.788900999983639,39.665209000161177],[-75.78890199980853,39.665192999962002],[-75.78890199980853,39.66518200008224],[-75.78890299963345,39.665145999960586],[-75.788904000356681,39.665128999819807],[-75.788904000356681,39.665118999857036],[-75.7889050001816,39.665092999670541],[-75.7889050001816,39.665082999702555],[-75.788906000006492,39.665049000077289],[-75.788906999831411,39.665020000078606],[-75.788907999656317,39.664992999925815],[-75.788909000379547,39.664958000326727],[-75.788910000204467,39.664930000219812],[-75.788911000029373,39.664893999966857],[-75.788911999854292,39.664866999764847],[-75.788912999679184,39.664831000170601],[-75.788914000402428,39.664804999875685],[-75.788915000227334,39.664786999718991],[-75.788915000227334,39.664769000249144],[-75.788916000052254,39.664731999979544],[-75.788916999877145,39.664704999714218],[-75.788919000425295,39.664660999873909],[-75.788919000425295,39.664641999745591],[-75.788920000250201,39.664624000237971],[-75.788920000250201,39.66460500009952],[-75.788921000075106,39.66458699989073],[-75.788921999900026,39.664568999677257],[-75.789023000182368,39.659789999798647],[-75.78901399996154,39.65967899992296],[-75.78901300013662,39.659650999751705],[-75.78901300013662,39.659633000327176],[-75.78901300013662,39.659615000206372],[-75.78901300013662,39.659597000080943],[-75.78901300013662,39.659578999950817],[-75.78901300013662,39.659560999815952],[-75.78901300013662,39.659542999676454],[-75.78901300013662,39.659525000223788],[-75.78901300013662,39.659507000074917],[-75.789012000311715,39.659488999921301],[-75.789012000311715,39.659470999763052],[-75.789012000311715,39.659453000291641],[-75.789012000311715,39.659435000124013],[-75.789012000311715,39.659416999951638],[-75.789012000311715,39.659398999774645],[-75.789012000311715,39.659381000284483],[-75.789012000311715,39.659363000098097],[-75.789010999588484,39.659344999906978],[-75.789010999588484,39.659326999711219],[-75.789010999588484,39.659309000202306],[-75.789010999588484,39.659290999997168],[-75.789010999588484,39.659272999787298],[-75.789010999588484,39.65925500026438],[-75.789010999588484,39.659237000045131],[-75.789009999763579,39.659218999821242],[-75.789009999763579,39.659201000284206],[-75.789009999763579,39.659183000050945],[-75.789009999763579,39.659164999812944],[-75.789009999763579,39.659147000261839],[-75.789009999763579,39.659129000014516],[-75.789009999763579,39.659110999762497],[-75.789008999938659,39.659093000197338],[-75.789008999938659,39.659074999935896],[-75.789008999938659,39.659056999669822],[-75.789008999938659,39.659039000090587],[-75.789008999938659,39.659020999815134],[-75.789008999938659,39.659003000226519],[-75.789008000113768,39.658984999941694],[-75.789008000113768,39.658967000343708],[-75.789008000113768,39.65894900004951],[-75.789008000113768,39.658930999750559],[-75.789008000113768,39.658913000138568],[-75.789007000288848,39.658894999830245],[-75.789007000288848,39.658877000208882],[-75.789007000288848,39.65885899989118],[-75.789007000288848,39.658842000278447],[-75.789007000288848,39.658822999933363],[-75.789005999565617,39.658805000293192],[-75.789005999565617,39.658786999956796],[-75.789005999565617,39.658769000307245],[-75.789005999565617,39.658749999942096],[-75.789005999565617,39.658732000282967],[-75.789004999740698,39.658713999927507],[-75.789004999740698,39.658696000258999],[-75.789004999740698,39.658677999894159],[-75.789004999740698,39.65866000021623],[-75.789004999740698,39.658641999842068],[-75.789003999915806,39.658624000154759],[-75.789003999915806,39.658605999771211],[-75.789003999915806,39.658588000074531],[-75.789003999915806,39.658569999681617],[-75.789003999915806,39.658551999975558],[-75.789003000090887,39.658534000264801],[-75.789003000090887,39.658515999857826],[-75.789003000090887,39.658498000137705],[-75.789003000090887,39.658479999721344],[-75.789002000265967,39.658461999991843],[-75.789002000265967,39.658444000257717],[-75.789002000265967,39.658425999827244],[-75.789002000265967,39.658408000083668],[-75.789001000441047,39.658390999668413],[-75.789001000441047,39.658371999890946],[-75.789001000441047,39.658354000133365],[-75.789001000441047,39.658335999679458],[-75.788999999717845,39.658317999912505],[-75.788999999717845,39.658300000140819],[-75.788999999717845,39.65828299969899],[-75.788999999717845,39.65826399989183],[-75.788998999892925,39.658246000106075],[-75.788998999892925,39.658228000315631],[-75.788998999892925,39.658209999828962],[-75.788988000022258,39.657524999954525],[-75.788986000372446,39.65743500001664],[-75.788982000174485,39.657218999687665],[-75.788976000326713,39.656948999710409],[-75.78896700010587,39.656570000132518],[-75.788958999709948,39.656263999787313],[-75.78894799983928,39.655868000258835],[-75.788936999968655,39.655507000098552],[-75.788928999572718,39.655255000227577],[-75.788915000227334,39.654881000037413],[-75.788894000310933,39.654282000038428],[-75.788880999892129,39.653938000026081],[-75.788870999846395,39.653638999748615],[-75.788809999747031,39.652285999977799],[-75.788793000028591,39.651961999994889],[-75.788769999564067,39.651564999905318],[-75.788745000348015,39.65115100018145],[-75.788720000233667,39.650754999719567],[-75.788701999792011,39.650486000223637],[-75.788678000400864,39.650144000284087],[-75.788654999936341,39.649837999850575],[-75.788634999844859,39.649568000092842],[-75.788563999699733,39.64868400030727],[-75.788546000156387,39.648458000001682],[-75.788521000042039,39.648132999889313],[-75.788274000169835,39.645122000104244],[-75.788111999788114,39.643142000286083],[-75.787775000402547,39.639005000255764],[-75.787752999762915,39.638730999850964],[-75.787686999640684,39.637915000274447],[-75.787638000135203,39.637323000171641],[-75.78762399989148,39.637143999794972],[-75.787571000188052,39.63649800028351],[-75.787556999944329,39.636320999843029],[-75.787473000278737,39.635284999789206],[-75.787454000012175,39.635056000264917],[-75.787408999806345,39.63445999980685],[-75.787404999608384,39.634401999727217],[-75.787392000087891,39.634240000225262],[-75.787383999691983,39.634129999826165],[-75.787275999736934,39.632877000187534],[-75.787120999926245,39.630904000061015],[-75.786369000438981,39.621665000185182],[-75.786275999654251,39.620529000293914],[-75.785571999847534,39.611839999763312],[-75.785509999923264,39.611084000308686],[-75.785131999631488,39.606471999723809],[-75.785126999608622,39.606411000155262],[-75.785110999715101,39.606208000080763],[-75.78499400043755,39.604781000244827],[-75.784339999961247,39.596733999978682],[-75.784289999732522,39.596114999834924],[-75.784281000410019,39.596007000217121],[-75.783830000323306,39.590478000280285],[-75.783696000429003,39.588820999767471],[-75.783163000326539,39.582252999918296],[-75.783142000410137,39.581997000073819],[-75.782800999928284,39.577801000170716],[-75.782742000377056,39.577072999945173],[-75.782355999689358,39.572296000135267],[-75.781555999623208,39.562433999988663],[-75.78095899994662,39.5550610002458],[-75.780923999786523,39.554636000001395],[-75.780241999721142,39.546194999877393],[-75.779812000449141,39.54087599971777],[-75.779456999723578,39.536516000224331],[-75.779382000278844,39.535554000097825],[-75.779312999783542,39.534731000241891],[-75.779270000125834,39.53416500009893],[-75.779212000399525,39.533458999812794],[-75.779127000010703,39.532412000093942],[-75.778173999783675,39.520669000204613],[-75.778025999645664,39.518836000031278],[-75.777717999674081,39.515041000165901],[-75.777632000358665,39.513980000191331],[-75.777568999711164,39.5131820000476],[-75.777427000319264,39.511454000123486],[-75.777204999663084,39.508714999985784],[-75.777054999875276,39.506866999800877],[-75.776987000103205,39.506033000036176],[-75.776037000249218,39.494347999757039],[-75.775530000086022,39.488127000274069],[-75.775525000063141,39.488062000339291],[-75.775488000253219,39.487603000222094],[-75.775397000016611,39.486492999935905],[-75.7753950003668,39.486406999876195],[-75.775227000137306,39.484336999838689],[-75.774945999929912,39.480951000261207],[-75.774724999996977,39.478258999663232],[-75.77449999986608,39.475455999793546],[-75.774202999765151,39.471767000346482],[-75.773868999854301,39.46758599973478],[-75.773812999777817,39.466868000182103],[-75.773765999922134,39.466255000079435],[-75.773704999822797,39.465528999687585],[-75.773688999929249,39.465336000222401],[-75.773330999728969,39.460932000127777],[-75.773279999675339,39.460303000069999],[-75.772611000028746,39.452013000023562],[-75.772161999591859,39.446441000346724],[-75.772130999629724,39.446050999902504],[-75.772092999994896,39.445582999954873],[-75.772072999903401,39.445333000185258],[-75.772046000139227,39.444995999966267],[-75.771903000024082,39.443237000161517],[-75.770976999561242,39.431891999706544],[-75.770394000128363,39.424725999814271],[-75.770185999715906,39.422133999922302],[-75.769796999553463,39.417376999773168],[-75.769687999773524,39.416000999791876],[-75.769389000022798,39.412259999899007],[-75.76936200025861,39.411919000264234],[-75.768751000338327,39.404232000272479],[-75.768664000299694,39.403145000182001],[-75.767868000431491,39.393333999809002],[-75.767748999707479,39.39182900020311],[-75.767321000085303,39.386554000303455],[-75.767301999818727,39.386322999890183],[-75.76712000024385,39.384071000006493],[-75.766593999814091,39.3775629999543],[-75.766298000436379,39.37389300015284],[-75.765757999762897,39.367182000144297],[-75.76571900030315,39.366757999877386],[-75.765337999638334,39.36203700012539],[-75.765125999926227,39.359410000184305],[-75.764310999791448,39.349305000227076],[-75.763949000291532,39.344810999964892],[-75.763938000420865,39.344682000345749],[-75.762843999728517,39.331115999870313],[-75.762841000253786,39.331066000311942],[-75.761660000421116,39.316395000199456],[-75.761619000413219,39.315922999862146],[-75.760911000408584,39.307185000051518],[-75.760431000009532,39.301279999900466],[-75.760101000296672,39.297153000227858],[-75.760073999634159,39.296818999835402],[-75.760017999557661,39.296822999924473],[-75.75626400017245,39.297073000170762],[-75.754140999983392,39.297208999796332],[-75.753908000354883,39.297223999697984],[-75.753212000045806,39.297267000046993],[-75.752981000067123,39.29728300029948],[-75.751791000013611,39.297359000058435],[-75.750381999677003,39.297448999922374],[-75.750000000085592,39.29747399990265],[-75.749318000020196,39.297490000107821],[-75.74852700017486,39.297508999999089],[-75.7480719998902,39.297519999787447],[-75.747447999551113,39.297535000317644],[-75.746916000171879,39.297533000293456],[-75.746048000333658,39.297531000269252],[-75.744756000172885,39.297608999781012],[-75.744152999750227,39.297645999830991],[-75.742103000254417,39.297754000184291],[-75.739642999781466,39.297869999734573],[-75.739615000192387,39.297883000175588],[-75.739389000236557,39.297907000341738],[-75.736933999786487,39.29805600014641],[-75.734412000287577,39.298203999979052],[-75.729668999791983,39.298440999824969],[-75.727789000175491,39.298551999987296],[-75.726897999872733,39.298621000131014],[-75.722394999576665,39.298883000127844],[-75.719652000144819,39.299025999996346],[-75.71596900000641,39.299274000047987],[-75.714901000151642,39.299366000202539],[-75.714557000195057,39.299339000230148],[-75.712035999622728,39.299123000076335],[-75.71092799958501,39.299039000222685],[-75.705759999840296,39.298619999786879],[-75.701496999743753,39.298262999754634],[-75.692218000238441,39.297560999931363],[-75.688078999990452,39.29724800009005],[-75.688037000157664,39.297262000314937],[-75.687309000061518,39.297218000293874],[-75.685298000025469,39.297096000248686],[-75.685188000420595,39.297088999772392],[-75.685053999627982,39.297041000261352],[-75.684959000091737,39.296973999990904],[-75.684862999832276,39.296897999813993],[-75.684452999753447,39.29647600003851],[-75.684121000390746,39.296082000034261],[-75.684113999819729,39.296018999676249],[-75.684042999674617,39.295924999919393],[-75.683605000006693,39.295223999986376],[-75.683357000309599,39.294960000102272],[-75.683117000110087,39.294577999866519],[-75.683052999637653,39.294515999948331],[-75.682820000009158,39.29433699992132],[-75.682190999647204,39.293917000131451],[-75.681886999873598,39.2936939998133],[-75.681384999733268,39.293204999790532],[-75.681335000402854,39.293170000323308],[-75.681285999999062,39.293143000047003],[-75.681137999861051,39.293102999824484],[-75.680599999735719,39.292759999898344],[-75.680260999802002,39.292495999761485],[-75.680198000052798,39.292473999994854],[-75.680055999762601,39.292447000145351],[-75.679844999875414,39.292452999958293],[-75.679653000254774,39.292558000077918],[-75.679363999651471,39.292595999751356],[-75.678996000303741,39.29268800033892],[-75.678847000340824,39.292692999702389],[-75.678762999776922,39.292689000072642],[-75.678303000367706,39.292511999713831],[-75.678105000000997,39.292495000025063],[-75.678042000251793,39.292476999900209],[-75.677780000310975,39.292293999874737],[-75.677715999838554,39.292226999928111],[-75.677475999639057,39.291913000133498],[-75.67726399992695,39.291774000018364],[-75.677171999865436,39.291661999789859],[-75.677150999949035,39.291572000134444],[-75.677065999560213,39.291522999871709],[-75.676839999604411,39.291421000236404],[-75.676705999710109,39.291368000162748],[-75.676472000256695,39.291148000031619],[-75.675955999872656,39.290866999990243],[-75.675828999651046,39.290786999702938],[-75.675560999862441,39.290653000337961],[-75.675200000187417,39.290498000093748],[-75.674987999576985,39.290436000039023],[-75.674819000420911,39.290409999865155],[-75.674727000359397,39.290415000086519],[-75.674612999658279,39.290469999716983],[-75.674422999687479,39.290840000216342],[-75.674231999891774,39.290909000313007],[-75.673750999667831,39.290898000181251],[-75.673482000054307,39.290930999876132],[-75.673327000243617,39.29102700029059],[-75.672902999921092,39.290984000280552],[-75.672753999958161,39.290985000038539],[-75.672153000083654,39.290861999801145],[-75.671842999563921,39.290841999736422],[-75.671424999987508,39.290852999877025],[-75.670937999915779,39.290814999952943],[-75.670301999881147,39.290890999780494],[-75.670251999652436,39.290922999719768],[-75.670188000078326,39.291036000192342],[-75.670159999590922,39.291113000231462],[-75.669912999718704,39.291253999776593],[-75.669629999861499,39.291371999868005],[-75.669275999859181,39.291396999932537],[-75.668957999841865,39.291290999708792],[-75.668612000235441,39.291238999986412],[-75.668372000035944,39.291185999775003],[-75.667840999583277,39.290976999888343],[-75.667771000161395,39.290915000257726],[-75.667524000289191,39.290622999801649],[-75.667269000021065,39.290417000313994],[-75.666965000247444,39.290302000002335],[-75.666769000428872,39.290290000007325],[-75.666618999742724,39.290281000009692],[-75.666181000074801,39.290319999991048],[-75.665943000423454,39.290531999741596],[-75.665811000178962,39.290566999832144],[-75.665466000397458,39.290657000084053],[-75.664900999609614,39.290566000068189],[-75.664399000367609,39.290727000122715],[-75.664025000273796,39.290828000313475],[-75.663311000421359,39.291151999749438],[-75.662949999848024,39.291306999936538],[-75.661911000305565,39.29151100008589],[-75.661034000246516,39.291624000304836],[-75.660553000022574,39.291658999849588],[-75.660476000029675,39.291672000053424],[-75.659727000017142,39.291680999872277],[-75.659444000159922,39.291650999776394],[-75.659266999709587,39.291625000053692],[-75.657627000292621,39.291539999796512],[-75.656368999568741,39.291569999939959],[-75.656142999612911,39.291602000264184],[-75.65574699977779,39.291578000022362],[-75.655344000269992,39.291385999877448],[-75.655217000048381,39.291315000048989],[-75.654806999969551,39.291164000291992],[-75.65475699974084,39.291154999711431],[-75.654461000363156,39.291184000264693],[-75.654375000149415,39.291219999784055],[-75.653971999743291,39.291366999714981],[-75.653745999787475,39.291652000220104],[-75.653236999974467,39.291757999897378],[-75.652947000444556,39.291948999973314],[-75.652693000001335,39.291951000156978],[-75.652573000350742,39.291919999736884],[-75.652402999573098,39.291853000127652],[-75.652276000249813,39.29179500025851],[-75.652014000308995,39.291765000211463],[-75.651801999698563,39.291752999771909],[-75.651349999786945,39.291589000047296],[-75.651158999991239,39.291594000184475],[-75.65111700015845,39.291613000285352],[-75.650763000156132,39.291826000038753],[-75.650713999752313,39.291848999754677],[-75.650635999934508,39.291940000188909],[-75.650493999644297,39.292084999818989],[-75.650430999895107,39.292125999669572],[-75.650035000059987,39.292335000298124],[-75.649928999754763,39.292447999882455],[-75.649503999607333,39.29299100033127],[-75.649178999917311,39.293150999949688],[-75.649107999772212,39.293421000127822],[-75.649094000426814,39.293705000201044],[-75.648952000136603,39.294093999719372],[-75.648740000424496,39.294418999741943],[-75.6487050002644,39.294487000079862],[-75.648604999806963,39.294885999924539],[-75.648569999646867,39.295025999819046],[-75.648536000209987,39.295161000246665],[-75.648527999814078,39.295193000320161],[-75.648449999996259,39.295434999794203],[-75.648236999560936,39.29572899972468],[-75.648194999728133,39.295773999676065],[-75.648060999833845,39.295851000066449],[-75.64794700003101,39.295837999943252],[-75.647792000220321,39.29584400016082],[-75.647685999915097,39.295880000065097],[-75.647557999868582,39.295944000235437],[-75.647507999639885,39.295982999843432],[-75.647423999974279,39.296048000300523],[-75.647353999654086,39.296121000260598],[-75.646293000370335,39.296869999910975],[-75.646080999759903,39.296997999773474],[-75.644290999656775,39.298155999842173],[-75.644269999740374,39.298155999842173],[-75.644120999777456,39.298234000047884],[-75.643492000313842,39.298607000177903],[-75.642990000173526,39.298906999951164],[-75.64269999974529,39.299107000244391],[-75.642615000254779,39.299183999749594],[-75.642565999850987,39.299247000040161],[-75.64248100036049,39.299441000148363],[-75.642381999727959,39.299689999753824],[-75.642240000336059,39.300096000014015],[-75.641928000166544,39.30089099999087],[-75.641497000171299,39.301159000290689],[-75.640875000380376,39.301224000112803],[-75.640959000045967,39.301317999706036],[-75.640841000045185,39.301454000121723],[-75.640174000048404,39.301441999952544],[-75.640081999986919,39.301440000039975],[-75.640061000070503,39.301440000039975],[-75.639423000386046,39.301427999868459],[-75.639031999675481,39.301475000239009],[-75.638983000170001,39.301466000288833],[-75.638840999879775,39.301441000343871],[-75.63869600011482,39.301413999781516],[-75.638162000187435,39.301429000172476],[-75.637836999599116,39.301424000042502],[-75.637291999801064,39.301390000122602],[-75.637120000271921,39.30138499998985],[-75.636957000065323,39.301374999723286],[-75.636762999896561,39.30135699979602],[-75.636512999651316,39.30135699979602],[-75.636296999741248,39.301358000101054],[-75.635834999783881,39.301347000220659],[-75.635432000276069,39.301393000341079],[-75.635214999642756,39.30142700025953],[-75.635116999733469,39.30148099997345],[-75.634998999732687,39.301539000160403],[-75.634710999852601,39.301652000182905],[-75.634431000368437,39.301703999818216],[-75.634284999880265,39.301707000023285],[-75.634169000427633,39.301687999881096],[-75.634027000137408,39.301647000068876],[-75.63391900018236,39.301590999879664],[-75.633706999571956,39.301404000214291],[-75.633412000019163,39.301329999896467],[-75.633228999721055,39.301229999868752],[-75.632916999551526,39.30123699993095],[-75.632702000364688,39.301249000135265],[-75.63266300000663,39.301251000053234],[-75.632591000036612,39.301272999842567],[-75.632570999945102,39.301286000346771],[-75.632514999868619,39.301336000338488],[-75.632441000248761,39.301395000254942],[-75.63226999964624,39.301528999915895],[-75.632245000430203,39.301548000101242],[-75.632189000353705,39.301585999761329],[-75.632103000139978,39.301659000202896],[-75.63206200013208,39.301705999723254],[-75.632043999690438,39.301768000225394],[-75.632040000390788,39.301871999980236],[-75.631917000367125,39.302091000181804],[-75.63184000037424,39.30210599973249],[-75.631688000038267,39.302098999757192],[-75.631532000402672,39.302027999670273],[-75.631491000394774,39.302021999982721],[-75.631411999853754,39.302025999774493],[-75.631350999754389,39.302063000270387],[-75.631277000134531,39.302117000188794],[-75.63124000032461,39.302171000065506],[-75.631201999791472,39.302252000150084],[-75.631191999745724,39.30228600034642],[-75.631195000118765,39.302331999849763],[-75.63122699990582,39.302393000202343],[-75.631269999563543,39.302448999749927],[-75.631327000363257,39.302520999698217],[-75.631325999640026,39.302540000309435],[-75.631327000363257,39.302581999886073],[-75.631279999609276,39.302654999984107],[-75.63122799973074,39.302707000264526],[-75.631150999737841,39.302734999918343],[-75.631046999980768,39.302760000096285],[-75.630943000223681,39.302768000290349],[-75.630827999697644,39.302770999754621],[-75.630712000245026,39.302760999686122],[-75.630667999864073,39.302748999741013],[-75.630629000404326,39.302736999793858],[-75.630570999779707,39.302702999816582],[-75.630523999924037,39.302692000147502],[-75.630425000189831,39.30267099970019],[-75.630398000425657,39.302671999986444],[-75.630359999892505,39.302673000272684],[-75.630085000431194,39.302680999781607],[-75.6298870000645,39.302758999811289],[-75.629562000374492,39.302962999959142],[-75.628291000130119,39.303885999825049],[-75.627531000246933,39.304438000105499],[-75.62727000013102,39.304521000171597],[-75.626845999808495,39.304500999838041],[-75.626619000027759,39.304398000080354],[-75.626217000344866,39.304171000113008],[-75.626131999956044,39.304129999669883],[-75.625968999749446,39.304090999734697],[-75.625763999710031,39.304145999743923],[-75.625524000408831,39.304345000098728],[-75.625396000362301,39.304489999756406],[-75.625233000155689,39.304802000326255],[-75.625168999683268,39.305073000309612],[-75.625141000094189,39.305540999872392],[-75.625126999850465,39.305582000184074],[-75.6250010003521,39.305727000059399],[-75.624583999702267,39.305994999915512],[-75.624047000300138,39.306376000177515],[-75.623848999933429,39.306562000230642],[-75.623622999977613,39.306842999836782],[-75.623545000159822,39.306959999842213],[-75.623263999952414,39.308029000006741],[-75.623244999685838,39.308057999825934],[-75.623150999974513,39.30820499985127],[-75.623100999745802,39.308233000085835],[-75.623068999958747,39.308280000057273],[-75.622987999767901,39.308396000236186],[-75.622960000178793,39.308404999990351],[-75.622577999689057,39.308595999829414],[-75.622027000043246,39.308667000204395],[-75.621997999730937,39.308630999925391],[-75.62144000041242,39.308737999812251],[-75.621379000313055,39.308754999727249],[-75.621206999885601,39.308810999745127],[-75.620980000104879,39.308892999988338],[-75.620620000254775,39.309237999798007],[-75.620549999934568,39.309372999925351],[-75.620386999727955,39.309526999896811],[-75.619976999649126,39.309767999677447],[-75.619758000264326,39.30998099979913],[-75.619631000042716,39.31005799985325],[-75.619580999814005,39.31006800026929],[-75.619256000123997,39.310095999758502],[-75.619135999575093,39.310079000169274],[-75.618839000372489,39.310003999806142],[-75.618548999944252,39.309968999701852],[-75.618492999867755,39.309987999681191],[-75.618189000094134,39.309998000107228],[-75.617792000434108,39.30986100012359],[-75.617234000217266,39.309877000277574],[-75.617183999988555,39.309863999978958],[-75.616392000318314,39.309764999817915],[-75.616060000057303,39.309734999825743],[-75.615804999789177,39.309514999721628],[-75.61559300007707,39.309287000172922],[-75.61538800003764,39.309080999996773],[-75.615161000256947,39.308897000082531],[-75.614709000345314,39.308547999867955],[-75.614255999710466,39.308307000056196],[-75.613832000286251,39.308241999861025],[-75.613541999858015,39.308261000309265],[-75.613152999695615,39.308349000342666],[-75.612813999761869,39.308498999670618],[-75.612269999788751,39.308813000142109],[-75.612138000442584,39.308905999772264],[-75.612007999847933,39.308954000183256],[-75.611492000362219,39.309295000315998],[-75.611365000140609,39.309323000114496],[-75.61119500026129,39.309327999680171],[-75.610863000000279,39.309276000148493],[-75.61053699958704,39.309155999959067],[-75.610232999813419,39.308976999832723],[-75.609759000160494,39.30876299993114],[-75.609385000066695,39.308800999844529],[-75.609250000347473,39.308834000136677],[-75.608968000315159,39.308902999875784],[-75.60879800043584,39.308908000166539],[-75.608719999719725,39.308898999781981],[-75.608508000007646,39.308792000141288],[-75.608034000354692,39.308461000288311],[-75.607913999805788,39.308393999827281],[-75.607758000170179,39.308332000329052],[-75.607723000010083,39.30832800020255],[-75.607553000130764,39.308224999821412],[-75.607157000295629,39.308087999841995],[-75.606908999700224,39.308053000169579],[-75.606598000253896,39.308090000259647],[-75.606450000115885,39.308180999740557],[-75.606209999916388,39.308447999726688],[-75.605927000059182,39.30896800015207],[-75.605864000309978,39.309049000016209],[-75.605707999776058,39.309180999928621],[-75.605320000336846,39.30938999968609],[-75.605071999741412,39.309634999990543],[-75.605008999992222,39.309760999773388],[-75.604910000258016,39.310059000033931],[-75.604776000363728,39.310344000206157],[-75.604684000302214,39.310532999965567],[-75.604598999913406,39.310642000069087],[-75.604331000124802,39.310941000221177],[-75.604069000183969,39.31113099992352],[-75.60383599965715,39.311181999997267],[-75.603602000203736,39.31114699978712],[-75.603516999814914,39.311116000221887],[-75.603403999837013,39.311053999660047],[-75.603320000171436,39.3109589997688],[-75.603219999714014,39.310797999673198],[-75.60315699996481,39.31062700026262],[-75.603148999568901,39.310559000311763],[-75.603474000157235,39.309706000006393],[-75.603510000142236,39.309588999726422],[-75.603524000385931,39.309299999883663],[-75.603445999669816,39.309093999745784],[-75.603239999805496,39.308859999724007],[-75.602915000115487,39.308577999673972],[-75.60276699997749,39.308479999982069],[-75.602540000196754,39.308345999727273],[-75.602151000034326,39.30817700030051],[-75.602031000383732,39.308110000262666],[-75.602002999896328,39.308110000262666],[-75.601847000260705,39.308066000109505],[-75.601726999711786,39.308020999718934],[-75.601607000061222,39.307998999965378],[-75.601090999677183,39.307947999657024],[-75.600736999674837,39.307958999890246],[-75.600617000024243,39.307986000012953],[-75.600397999741134,39.308018999994346],[-75.600186000029026,39.308064999900338],[-75.600072000226191,39.30810600012348],[-75.599570999910782,39.308441999894377],[-75.599450000435283,39.308650000268031],[-75.599351999627658,39.308965999759515],[-75.599246000220774,39.309629000260003],[-75.599217999733355,39.309737000196314],[-75.599104999755454,39.309805000250897],[-75.598758000324153,39.309906000026025],[-75.598631000102529,39.309907000208874],[-75.598241999940115,39.309863999978958],[-75.597739999799771,39.309645999958548],[-75.597412999561627,39.309572000014029],[-75.597350999637342,39.309556999978156],[-75.597106000313289,39.309554000109628],[-75.596998000358241,39.309611999862256],[-75.596690000386658,39.309751000008539],[-75.596553999944234,39.309809000292908],[-75.596481999974202,39.309840999925939],[-75.5963480000799,39.309866000345842],[-75.596270000262095,39.309915000281066],[-75.596236999751824,39.309935999944933],[-75.596178000200581,39.309968999701852],[-75.596092999811788,39.310010000199547],[-75.596040000108331,39.310026000319461],[-75.595960999567311,39.310046999950018],[-75.595912999886735,39.310059000033931],[-75.595821999650127,39.310076000323079],[-75.59576499974871,39.31007999965459],[-75.595675000235346,39.310083000195625],[-75.595561000432525,39.310083000195625],[-75.595471000020851,39.310080999834952],[-75.595409999921472,39.310071000115833],[-75.595389999830005,39.31006800026929],[-75.595267999631247,39.310036000045002],[-75.595256999760593,39.310033000197009],[-75.595127999889172,39.309996999925673],[-75.595065000139982,39.30997399991638],[-75.594963000032735,39.309926999692593],[-75.594898999560314,39.309873000239399],[-75.594840999834005,39.309801000208601],[-75.594804999848989,39.309744000102782],[-75.594752999970439,39.309636000177264],[-75.594721000183398,39.309543000127171],[-75.594700000266997,39.309430000333421],[-75.594685000198382,39.309302000266676],[-75.594684000373476,39.309157000152638],[-75.594667999581631,39.309015999825441],[-75.594662999558764,39.308915000155928],[-75.594662999558764,39.308817999744221],[-75.594651999688111,39.308779999840056],[-75.594630999771724,39.308705999674849],[-75.594608000205497,39.308674999723266],[-75.594573999870306,39.308629000218239],[-75.594475999961006,39.308536999727366],[-75.594371000379027,39.308479999982069],[-75.594326000173183,39.308464999712129],[-75.594222000416124,39.308431999941043],[-75.59409600001942,39.308412000030053],[-75.594046999615614,39.308407999908191],[-75.593889000330179,39.308416999660807],[-75.593645999757626,39.308404999990351],[-75.593440999718212,39.308546000158479],[-75.593391000387811,39.308608999668522],[-75.593285000082602,39.308775999739225],[-75.593193000021088,39.309019999912614],[-75.593051999555783,39.309233000225916],[-75.592571000230151,39.30965800011122],[-75.592337999703332,39.309948000047882],[-75.592235999596085,39.310168999664825],[-75.592189999565335,39.310412999846498],[-75.592211000380047,39.310800000013437],[-75.592147999732546,39.311116000221887],[-75.592105000074838,39.311184000326477],[-75.592055999671032,39.311251999669963],[-75.591850999631632,39.311436999808329],[-75.591679000102488,39.311539000167585],[-75.591335000145918,39.311637999903915],[-75.590408999683049,39.311746000214761],[-75.590012000023009,39.31174399990163],[-75.589510999707585,39.311679000118801],[-75.5883149998063,39.31141000032207],[-75.588032999773986,39.311285000196385],[-75.587749999916767,39.311151999917534],[-75.587699999688056,39.311098000019591],[-75.587494999648655,39.311008999800819],[-75.58741699983085,39.310909999869565],[-75.58731800009663,39.310757000332273],[-75.587282999936548,39.310608999934544],[-75.587276000263842,39.310514000134198],[-75.587366999602139,39.31014000002537],[-75.587380999845834,39.310009000018169],[-75.587324999769351,39.309699000096117],[-75.587183000377436,39.309559999846606],[-75.58702099999573,39.309466000201382],[-75.586730999567493,39.309376999992061],[-75.586030999958766,39.309240999680085],[-75.585748000101532,39.309125000206826],[-75.58533100035001,39.308838999737283],[-75.585295000364994,39.308830000038888],[-75.585090000325607,39.308691999653561],[-75.585047999594494,39.308674000217891],[-75.584764999737274,39.308643999757948],[-75.58434100031306,39.308717999988723],[-75.584092999717626,39.308894999687951],[-75.583747000111217,39.309207000082097],[-75.583378999865204,39.3095610000344],[-75.583357999948802,39.309592000288511],[-75.583181000396777,39.309696999724473],[-75.583039999931472,39.309863999978958],[-75.582629999852657,39.31016400015929],[-75.581145000246352,39.31113099992352],[-75.580601000273248,39.311350000345193],[-75.580494999968025,39.311404000048661],[-75.580346999830027,39.3114319996983],[-75.578975000201638,39.311962000336372],[-75.578295999610972,39.312135999717725],[-75.577920999692267,39.3123139999553],[-75.577780000125273,39.312336999890519],[-75.577596000002259,39.312401000304938],[-75.576804000332004,39.312719999966468],[-75.576133000137261,39.312822999986693],[-75.575963000257957,39.312833000007572],[-75.575850000280042,39.312855999772189],[-75.575630999996932,39.312933000137789],[-75.575283999667306,39.313096999902903],[-75.575086000198894,39.313175000139424],[-75.574620000043581,39.313434000167433],[-75.574429000247861,39.313610999753152],[-75.574280000284944,39.313819000052682],[-75.573870000206128,39.3144560001641],[-75.572732000031166,39.315956999671918],[-75.57269699987107,39.316065999665938],[-75.572485999983854,39.316384999992671],[-75.571587000183499,39.317746999843571],[-75.571536999954787,39.317845999830794],[-75.571283000409892,39.318252999773264],[-75.571239999853859,39.318384000330234],[-75.570957999821559,39.318845000137934],[-75.570576000230147,39.319855999871656],[-75.569791000232598,39.321351000157563],[-75.569607000109585,39.321617999924463],[-75.569330999925043,39.322115000271879],[-75.569161999870659,39.32240399999813],[-75.569069999809145,39.322539999742254],[-75.568879000013439,39.322991000000783],[-75.568715999806798,39.323522999917159],[-75.568821000287116,39.323921000343603],[-75.569473000215282,39.325384999723973],[-75.569523000443994,39.325456999700293],[-75.56976299974518,39.326163000251313],[-75.569819999646597,39.326577000056687],[-75.569756000072502,39.327617999891778],[-75.569551000033073,39.328015999945983],[-75.569318000404579,39.328363999719031],[-75.569007000059955,39.328743999865402],[-75.568349000284002,39.329318999909255],[-75.568263999895208,39.32943699975656],[-75.568179000404683,39.32949600030036],[-75.568052000183101,39.329609000343204],[-75.568010000350299,39.329668000047057],[-75.567734000165771,39.329862999797591],[-75.567704999853461,39.329875999854252],[-75.567592999700466,39.330039000306392],[-75.567422999821162,39.330166000062803],[-75.567309999843246,39.330265999736078],[-75.566842999863013,39.330565000094843],[-75.566178000414368,39.33110900001769],[-75.565816999841047,39.331344999725566],[-75.565662000030343,39.331494999779501],[-75.56515999989,39.331786000092087],[-75.564805999887682,39.331935999894782],[-75.564629000335671,39.331982000057025],[-75.564290000401954,39.332060000081661],[-75.564119999624339,39.33208799980207],[-75.563604000138611,39.33213100026898],[-75.563482999764773,39.332122999957882],[-75.56273399975224,39.332103999736503],[-75.56243599982642,39.332158999960953],[-75.561778999875386,39.33237399972834],[-75.560660999791921,39.33283899985657],[-75.560384999607379,39.332966999939295],[-75.559919000350376,39.333076999682035],[-75.559494000202932,39.333164999768528],[-75.559197000102003,39.333251999895197],[-75.558843000099671,39.333333999979374],[-75.558644999732962,39.3334659999298],[-75.558617000143883,39.3334659999298],[-75.558539000326078,39.333488999858801],[-75.557597999794581,39.334048000308378],[-75.556523000267134,39.335011999799512],[-75.556381999801829,39.335152999843324],[-75.556360999885428,39.335211999732969],[-75.556205000249818,39.335325000265698],[-75.556103000142571,39.335482000229312],[-75.555879999661485,39.335827000234005],[-75.555751999614969,39.336142999948741],[-75.555681000368168,39.336530000208541],[-75.555688999865779,39.336618000117703],[-75.555717000353184,39.337065999832618],[-75.556113000188304,39.337655000011736],[-75.556318000227733,39.337878999684484],[-75.556649999590419,39.338084999823117],[-75.556714000062854,39.338097999740683],[-75.55681299979706,39.338169000049447],[-75.556954000262351,39.338250000147291],[-75.557725000016205,39.3386790000012],[-75.558093000262247,39.338956000070908],[-75.558334000286663,39.33922999975232],[-75.55836900044676,39.339328999900474],[-75.558397999860759,39.339473000244659],[-75.55836900044676,39.33958999987167],[-75.558198999669131,39.339937999706876],[-75.557618999710982,39.340589000148995],[-75.557583999550886,39.340652999725364],[-75.557478000144002,39.340901000222416],[-75.557357999595084,39.341500999869581],[-75.557379000409796,39.341892999664239],[-75.557421000242584,39.34205000016172],[-75.557526999649482,39.342337999763679],[-75.557591000121903,39.342463999694026],[-75.557788999590301,39.342714999854238],[-75.557846000390029,39.34276399970561],[-75.558135999919941,39.342921000330875],[-75.558673000220381,39.343103000260278],[-75.559274999919808,39.343222000171671],[-75.55953600003572,39.343296999655593],[-75.559791000303846,39.343376999664841],[-75.559982000099566,39.343465999689109],[-75.560214999728061,39.343686000004304],[-75.560350000345608,39.34388800022073],[-75.560442000407093,39.344234000115449],[-75.560484000239896,39.344499999665011],[-75.560520000224898,39.344778999656114],[-75.560519000399992,39.345066999823274],[-75.560357000018271,39.345518999661039],[-75.560271999629478,39.345622999683407],[-75.559953999612148,39.345885999804239],[-75.559274000094916,39.346249000062222],[-75.558800000441991,39.346548999805464],[-75.558581000158867,39.346789000201134],[-75.558411000279548,39.347082000067608],[-75.558263000141551,39.347312999717481],[-75.557951999796927,39.348012999888077],[-75.557909000139219,39.348075999976295],[-75.55789499989551,39.348144000272441],[-75.557810000405013,39.34836900000424],[-75.557689999856109,39.348626999981363],[-75.557377999686565,39.349100999750789],[-75.557308000264683,39.349120000215272],[-75.557165999974458,39.349098000188825],[-75.556954000262351,39.349013000274027],[-75.556636000245035,39.348860999653816],[-75.556536999612518,39.348808000013342],[-75.556360000060522,39.348615000261994],[-75.556190000181203,39.348287000188989],[-75.556139999952478,39.348093000056537],[-75.556125999708783,39.347837000167608],[-75.556190000181203,39.347661000003932],[-75.556175999937494,39.347637999874777],[-75.556041000218286,39.347044000109193],[-75.555886000407583,39.346743000055966],[-75.555658999728564,39.346456000203382],[-75.555462000085072,39.346222000119404],[-75.555132000372183,39.345870999913785],[-75.55498000003621,39.345765000225533],[-75.55469800000391,39.345600000272938],[-75.554222999627754,39.345404000277732],[-75.552610999799853,39.345150000316913],[-75.551896000122511,39.345103999787653],[-75.551599000021596,39.345105000161944],[-75.551421999571261,39.345155999779628],[-75.551203000186462,39.345310000170116],[-75.551039999979849,39.345568000325471],[-75.550954999591042,39.345891999898484],[-75.550954999591042,39.346127000057642],[-75.551010999667525,39.34710000004069],[-75.551054000223559,39.347418999836535],[-75.551060999896237,39.347756999706085],[-75.550932999849721,39.348487999980073],[-75.550932999849721,39.348802999796185],[-75.550989999751124,39.349181000063048],[-75.551096000056333,39.349483000346879],[-75.55115299995775,39.349567999689924],[-75.551429000142278,39.349894999696524],[-75.551669000341789,39.350038000197806],[-75.551902999795203,39.35011400031113],[-75.552241999728921,39.35015700011013],[-75.552630999891349,39.350114999919036],[-75.552729999625555,39.350088000080589],[-75.552913999748554,39.350054999800733],[-75.553189999933082,39.349940999850844],[-75.553353000139708,39.349922000304211],[-75.553522000194107,39.349913000334375],[-75.553841000036343,39.349938000324933],[-75.553926000425164,39.349969000050763],[-75.554188000365968,39.350098999938837],[-75.554244000442466,39.350160999928548],[-75.554385000009475,39.350349999770543],[-75.554471000223188,39.35048000033914],[-75.554519999728669,39.350611000266625],[-75.554611999790183,39.350921000172136],[-75.554661000193974,39.351110000042432],[-75.554682999935295,39.351505999866163],[-75.554619000361185,39.35171799972651],[-75.55447700007096,39.351922000203743],[-75.554017999588353,39.352415000113737],[-75.553663999586007,39.352664999695584],[-75.553369000033229,39.353010000330841],[-75.552758000112945,39.353426000049438],[-75.552148999842501,39.353740000277206],[-75.55162599978577,39.353940000111358],[-75.551385999586245,39.353977999792853],[-75.550890000192027,39.354038000015557],[-75.550337999822972,39.353991000227495],[-75.549644999886922,39.353854999835008],[-75.54956000039644,39.353837000212707],[-75.549392999991852,39.353790999844747],[-75.549064999928788,39.353673000121397],[-75.548604999621261,39.353432000190871],[-75.548321999764042,39.35320400001023],[-75.548294000174948,39.353194999768434],[-75.548130999968336,39.352920999957512],[-75.548103000379243,39.352618999945278],[-75.548145000212031,39.351960999869625],[-75.548110000051935,39.351712999717535],[-75.548068000219146,39.351618999760348],[-75.547954000416311,39.351426000131802],[-75.547884000096118,39.351326999751912],[-75.547798999707311,39.351268999857119],[-75.547536999766493,39.351116999976377],[-75.547388999628467,39.351077000245283],[-75.547027999953457,39.350943000319305],[-75.54637699985021,39.350816000100494],[-75.545216000109022,39.350762999858865],[-75.545088999887426,39.350771999719221],[-75.54467200013589,39.350836999988495],[-75.544460000423783,39.350914999815075],[-75.544395999951377,39.350969000231714],[-75.544056000192754,39.351363000285161],[-75.543815000168337,39.35183700025091],[-75.543815999993242,39.351872999826789],[-75.5435249997401,39.352630999671639],[-75.543262999799282,39.353235999934221],[-75.542881000207871,39.353773999761472],[-75.54248500037275,39.354059999875929],[-75.542004000148808,39.354260000183316],[-75.541585999674055,39.354366000183518],[-75.541162000249841,39.354354000060496],[-75.54082900016391,39.354311000065863],[-75.540299000434501,39.35417400005182],[-75.54008599999915,39.354058000078396],[-75.539866999716025,39.35388700015546],[-75.539634000087545,39.353623000025443],[-75.539548999698724,39.353443000217332],[-75.539470999880919,39.353267000280752],[-75.539315000245324,39.352719000149051],[-75.539209999765021,39.35239500027528],[-75.539046999558394,39.352053000206396],[-75.538989999656977,39.351954000020228],[-75.53868599988337,39.351672000047351],[-75.538156000153947,39.351336000234276],[-75.537986000274628,39.35125600030527],[-75.537638999945003,39.351094999883948],[-75.537433999905588,39.351019999737943],[-75.537398999745491,39.351014999679016],[-75.537201000277079,39.350904000085222],[-75.537157999721074,39.350899000018053],[-75.536782999802327,39.350766000043969],[-75.53625999974561,39.350641999693885],[-75.536097000437294,39.350629000025378],[-75.535848999841875,39.350616999955193],[-75.535446000334062,39.350691000239493],[-75.535007999767814,39.350890999770812],[-75.534780999987106,39.351050000083887],[-75.53465200011567,39.351154000210876],[-75.534539999962675,39.351321000124308],[-75.534483999886177,39.351389000041287],[-75.534483999886177,39.351424999847985],[-75.534370999908276,39.351827000249671],[-75.534307000334195,39.35222399975541],[-75.534327000425662,39.353060999736613],[-75.534278000021857,39.353332000312939],[-75.53406600030975,39.353612000027326],[-75.534001999837344,39.353676000181601],[-75.533549000100805,39.354047000148711],[-75.533237999756182,39.354220000167622],[-75.532925999586652,39.354355999849616],[-75.532564999911628,39.354510999654735],[-75.531913999808381,39.354595000283766],[-75.53139099975165,39.354508000325012],[-75.531023000403934,39.354352000271376],[-75.530202000421369,39.353859999690705],[-75.530159999690255,39.353845999677119],[-75.530025999795953,39.353775000011659],[-75.529933999734467,39.353717000065075],[-75.529537999899347,39.353533999738389],[-75.529070999919099,39.353422999978505],[-75.52869600000038,39.353429999680735],[-75.528369999587142,39.353557000010753],[-75.528270999852936,39.353616000342605],[-75.528086999729922,39.353703000022847],[-75.527627000320692,39.354096999941234],[-75.527408000037582,39.354367999972283],[-75.527259000074665,39.354674999862816],[-75.527229999762355,39.3549499999746],[-75.52727300031836,39.355224999698514],[-75.527315000151148,39.355342000045944],[-75.527365000379874,39.355462999712344],[-75.527577000091981,39.35581799985485],[-75.527738999575362,39.355943000268049],[-75.528255999784321,39.356305999683379],[-75.52842499983872,39.356462999753226],[-75.528673000434168,39.356781999870122],[-75.528715000266956,39.35688100016111],[-75.528799999757453,39.357164000149005],[-75.528799999757453,39.357470000058427],[-75.52875799992465,39.357641999741375],[-75.528707999695939,39.357817999770106],[-75.528650999794522,39.357962000221477],[-75.528522999748006,39.358205999672023],[-75.528453000326138,39.358305000028757],[-75.52825400013451,39.358509000026686],[-75.527758999666858,39.358971000107623],[-75.527257000424854,39.359243000157527],[-75.526669000070783,39.359435000249611],[-75.525877000400541,39.359642000224397],[-75.524857000226362,39.359803999867388],[-75.524348000413326,39.359846999953902],[-75.523894999778477,39.359849000280306],[-75.523584000332164,39.359810000155633],[-75.523253999720978,39.359712000013317],[-75.522770000022291,39.359435000249611],[-75.522318000110687,39.359095000261718],[-75.522000000093357,39.358928999658261],[-75.521786999658033,39.358781999970262],[-75.521744999825245,39.35877299975251],[-75.521420000135237,39.358606999772974],[-75.521342000317432,39.358584999955276],[-75.52112899988208,39.358549999852201],[-75.520897000078506,39.358606000286557],[-75.520789999948377,39.358668999853315],[-75.520337000211839,39.359008999830969],[-75.520123999776516,39.359226000011795],[-75.520004000125923,39.359483000016546],[-75.519628000382284,39.360065999935337],[-75.519337999954047,39.360319999853118],[-75.519197000387052,39.360393000123445],[-75.518785999585006,39.360515999683322],[-75.517830999708139,39.36068700004985],[-75.517449000116713,39.360796999926272],[-75.517264999993714,39.360842999848451],[-75.516896999747686,39.360987999767389],[-75.51668400021066,39.361138000109207],[-75.516485999843937,39.361391000154974],[-75.516393999782423,39.361594000031445],[-75.516315999964618,39.36192399971776],[-75.516208999834504,39.362856999960989],[-75.516151999933101,39.363572999655482],[-75.516080999787974,39.36401500028996],[-75.51597500038109,39.364363000037542],[-75.515768999618444,39.364552999754665],[-75.515500000004934,39.364734000199803],[-75.515175000314926,39.364888999897254],[-75.514297000430957,39.365149000163207],[-75.512938000323061,39.365456999984382],[-75.512570000077019,39.365566999988161],[-75.512308000136201,39.365684999761783],[-75.512105999571517,39.36583000004628],[-75.51193999989016,39.365946999994108],[-75.511776999683548,39.366029999992577],[-75.508221999591655,39.36855900003539],[-75.505837000360088,39.370256000265933],[-75.502636000270527,39.372535000239843],[-75.49914399992781,39.374997000260038],[-75.481360000145798,39.387554999969829],[-75.487640000126206,39.392843999707388],[-75.499644000418328,39.403142999707683],[-75.50060900034093,39.403971999800618],[-75.501574000263545,39.404801999970715],[-75.51271400001707,39.414375999966985],[-75.514126999653342,39.415590999870432],[-75.523853999770594,39.423948999731095],[-75.525741999783008,39.425571000088972],[-75.531124999612871,39.430197000026972],[-75.534006999860196,39.432698000175655],[-75.538044000000951,39.436200000251262],[-75.541611999613323,39.439296999847706],[-75.544021999857563,39.441388999672263],[-75.549216000439856,39.445896000124385],[-75.549706999811207,39.446322000167029],[-75.550198000080883,39.446748999989936],[-75.555464999559803,39.451321000034604],[-75.560537999768243,39.45564499965932],[-75.560485000064801,39.456845000344963],[-75.560902999641229,39.460377999991657],[-75.56358599969694,39.483048000257796],[-75.563562000305822,39.483290000153644],[-75.559089999971874,39.495805999785276],[-75.547262000305182,39.496215000022097],[-75.546485999630164,39.496242000153018],[-75.542692999886896,39.496568000084892],[-75.542605999848249,39.496573999699287],[-75.538526000049799,39.496928999879835],[-75.538383999759574,39.496942000016055],[-75.537934000396106,39.496981999993388],[-75.531449000376284,39.497725999950973],[-75.52786099977412,39.498139000327981],[-75.527808999895583,39.498300999938387],[-75.52779499965186,39.498345999724627],[-75.527767999887686,39.498486999744308],[-75.527740000298607,39.49867399999782],[-75.52773199990267,39.498971000059569],[-75.527547999779657,39.498960000105562],[-75.527279000166146,39.499036000193236],[-75.5270230000731,39.499123999680165],[-75.526973999669309,39.499168000075009],[-75.526838999950087,39.499393000067535],[-75.526823000056581,39.499411000257282],[-75.527142999723708,39.499800999758179],[-75.527452000418521,39.500112000324549],[-75.528018999957865,39.50041400022927],[-75.528225999647091,39.500546000266716],[-75.528747000054011,39.50088100001868],[-75.529368000020028,39.50122900026301],[-75.529419000073631,39.501367000032744],[-75.529363999822053,39.501850000188284],[-75.529399999807069,39.502842000280708],[-75.529530000401721,39.503558999844564],[-75.52970299975577,39.504155000270821],[-75.530050999910316,39.50481700018117],[-75.530141000322004,39.505373000238109],[-75.530002000404821,39.505992999722764],[-75.529995999658738,39.506758000339595],[-75.530025999795953,39.508497999869803],[-75.530021999598006,39.510413999787659],[-75.529978000115392,39.510816000154513],[-75.529741000288922,39.512040000158109],[-75.528971000359988,39.513662999789148],[-75.528309000386088,39.514651000256642],[-75.528251999586359,39.514719999669673],[-75.52758899978754,39.515531000289002],[-75.527521999840388,39.515614000331027],[-75.52744700039564,39.515968000273396],[-75.527357999808871,39.516846000273155],[-75.527393999793873,39.517442999672717],[-75.527705000138496,39.517733000063444],[-75.528264000180243,39.518081999738506],[-75.528295000142379,39.518187000260639],[-75.528305000188126,39.518219000025233],[-75.528218999974385,39.519229999830777],[-75.528213999951532,39.51928999994886],[-75.528007000262278,39.520425000272638],[-75.527926000071432,39.521633999846458],[-75.527598000008368,39.522551000195278],[-75.52718000043194,39.52348000034322],[-75.527079000149612,39.523706999699904],[-75.527078000324707,39.523827999661293],[-75.527167000013165,39.524505000194146],[-75.527120999982415,39.525093000051612],[-75.526889000178812,39.525558999718299],[-75.526654000002168,39.526638000274986],[-75.526730000170147,39.527692999824382],[-75.526920999965867,39.528612000183934],[-75.526771000178016,39.52921499986828],[-75.526670999720608,39.530214999800627],[-75.526787000071565,39.5314400000264],[-75.526919000316042,39.531890999983602],[-75.527147999746589,39.532088999968806],[-75.527373999702391,39.532287999850361],[-75.527495999901134,39.532715000014264],[-75.527378999725272,39.53322200014734],[-75.527330000219777,39.534189000117863],[-75.527407000212662,39.534396999934678],[-75.527445999672423,39.534499999873013],[-75.527476999634558,39.534768000052573],[-75.527499000274162,39.534971999909352],[-75.527521000015483,39.53502700025377],[-75.52756100019846,39.535124999928108],[-75.52760600040429,39.53518500016947],[-75.527643000214226,39.535233999912407],[-75.527649000062013,39.535241999796483],[-75.527668000328575,39.535268000279281],[-75.527675000001253,39.535276999884573],[-75.527798999849821,39.53536400016565],[-75.528248000286709,39.535586000173801],[-75.529219000057111,39.536076000144256],[-75.529820999756566,39.536317999702078],[-75.530614999974915,39.536490000208929],[-75.530683999571906,39.536504999979172],[-75.530748000044326,39.536519000038936],[-75.530794999899967,39.536528999881916],[-75.530953000083741,39.536564000013918],[-75.531574999874678,39.536824999847866],[-75.53196800023504,39.537164999823979],[-75.532616999790164,39.538102000065869],[-75.533284999611851,39.539207999737378],[-75.53397500007317,39.540217999829096],[-75.534014000431213,39.540701999701156],[-75.533411999833447,39.542044000019125],[-75.532342000328867,39.543279999888973],[-75.53129600021542,39.544225999843718],[-75.53034800001123,39.545060000308546],[-75.530193000200541,39.545261999848542],[-75.529900000297573,39.545477000245796],[-75.529291999852035,39.545919999711543],[-75.528439999907334,39.546589999858504],[-75.527028000095981,39.547654999923417],[-75.526002999898907,39.548487999817233],[-75.524735999852524,39.549659000087793],[-75.524107000388895,39.550372999975444],[-75.522494999662683,39.551815000309794],[-75.521364000058725,39.552913999863229],[-75.520199999944495,39.554172999943091],[-75.51906799961732,39.555434000285153],[-75.518143999702588,39.556684000050865],[-75.517813999989698,39.557456999949395],[-75.516770000424387,39.559433999753232],[-75.516033000107413,39.560655000034316],[-75.5156740000822,39.561435000287872],[-75.515031000374876,39.56257600013889],[-75.515007000085433,39.562612000316065],[-75.514756000015268,39.562612000316065],[-75.514662000303943,39.562659000038373],[-75.514578999564947,39.562800999727834],[-75.514263000095767,39.563393000040861],[-75.514131999676195,39.563635999916009],[-75.514047000185698,39.563789999766591],[-75.513969000367894,39.563932999915195],[-75.513913000291396,39.56405599971027],[-75.513951999751143,39.564121999881976],[-75.513873000108433,39.564262000038234],[-75.513825000427858,39.564259000037829],[-75.513762999605262,39.564340000002687],[-75.513723000320596,39.564334000008515],[-75.513564000311945,39.564611999884882],[-75.51351999993102,39.564690000148204],[-75.51350099966443,39.564720999953217],[-75.513473999900256,39.564770000309331],[-75.513170000126649,39.565304999923619],[-75.513027999836424,39.565552999931668],[-75.51301199994289,39.565577000175786],[-75.513023999638449,39.565638999671485],[-75.512944000170847,39.565784000118654],[-75.512889999744161,39.565870000264454],[-75.512806000078569,39.565890999776599],[-75.512612999734714,39.566214999753186],[-75.512620000305731,39.566302999998342],[-75.512611999909822,39.566391000131887],[-75.512594000366462,39.56648899983432],[-75.512519999848308,39.566622000297194],[-75.512445000403559,39.566739999656022],[-75.512426999961889,39.566749000027286],[-75.512327000402792,39.566858000199062],[-75.512170999868857,39.567008999937848],[-75.512026999928821,39.567189000210419],[-75.51195999998167,39.567290000039442],[-75.512072999959571,39.569453000193498],[-75.512246000211917,39.571700000089521],[-75.512500999581732,39.575005999768919],[-75.512770000093568,39.578289999947721],[-75.512869999652679,39.5783600002976],[-75.512908000185831,39.578450999746643],[-75.512963000437409,39.578497999810985],[-75.512986999828541,39.578516000269104],[-75.513119999897938,39.578583000317721],[-75.513288000127417,39.578687000233906],[-75.513321999564297,39.578712999669321],[-75.513442999938121,39.57884799980306],[-75.513576999832409,39.578998999738566],[-75.51372099977246,39.579115999710012],[-75.513775000199146,39.579159999967708],[-75.513949000276412,39.579255000271516],[-75.514032000117083,39.579262000142982],[-75.514042999987737,39.579268000230073],[-75.514188999577598,39.579348000187693],[-75.514201999996402,39.579371999810817],[-75.514201999996402,39.579392000298149],[-75.514186999927787,39.579431000089428],[-75.514183999554746,39.57944499979611],[-75.514207000019283,39.579465000262388],[-75.514229999585496,39.579485999811048],[-75.514248000027152,39.579535000117964],[-75.514261000445956,39.579570000019189],[-75.514264999745592,39.579600000316155],[-75.514262000270847,39.579648999850093],[-75.514292000408091,39.579911999865111],[-75.514315999799223,39.580087000319878],[-75.51441799990647,39.580368999802587],[-75.514480999655646,39.580540999807546],[-75.514550999975867,39.580648999995084],[-75.514658000105982,39.58078800025153],[-75.51474699979444,39.580884000161298],[-75.514891999559396,39.580999000202688],[-75.515033000024701,39.581088000133846],[-75.515074999857504,39.581114999810318],[-75.515187000010499,39.581154999773254],[-75.515319000254976,39.581185999832485],[-75.51534600001915,39.581185000076466],[-75.515397999897687,39.581163999657896],[-75.515413999791207,39.581139999962929],[-75.515423000012035,39.581125999906263],[-75.515472000415855,39.581053000306824],[-75.515490999784106,39.581040999748822],[-75.515540000187897,39.581025999913834],[-75.515576999997833,39.580973000240121],[-75.515669999884238,39.580907999944856],[-75.515684999952853,39.58090499997239],[-75.515853000182361,39.580973000240121],[-75.516019999688638,39.581030000331708],[-75.51610400025254,39.581099999991331],[-75.516207000184679,39.58118400032042],[-75.516238000146828,39.581218000325784],[-75.51626099971304,39.581275000215861],[-75.516275999781669,39.581312000131554],[-75.516331999858153,39.581485000317372],[-75.516373999690941,39.581597999861394],[-75.516457000429924,39.581719999725969],[-75.516501999737471,39.581754000160686],[-75.516579999555276,39.581771999773174],[-75.516637000354976,39.581781000270048],[-75.516695000081313,39.581828000153223],[-75.516727999693273,39.581872000073908],[-75.516761000203545,39.581924999752481],[-75.516772999899118,39.581934000229431],[-75.516809999709039,39.581945999940451],[-75.516895999922767,39.58195499972237],[-75.516982000136494,39.58201399987918],[-75.517076999672739,39.582132999784392],[-75.517321999895117,39.582306999737654],[-75.517415999606442,39.582385000171719],[-75.517486999751554,39.582478999779347],[-75.5175529998738,39.582562999821704],[-75.517605999577242,39.582569000315317],[-75.517742000019695,39.582573999687824],[-75.517813999989698,39.582617000091858],[-75.517959999579574,39.582755999862904],[-75.518065000059877,39.582840000261811],[-75.518157000121377,39.582879999921481],[-75.5182630004266,39.582885999695343],[-75.518393000122941,39.582902000243678],[-75.518449000199425,39.582920000250361],[-75.518658000436801,39.583003000028334],[-75.518792000331104,39.583033000223928],[-75.518999999845249,39.583054000076203],[-75.519120000394167,39.583074999922054],[-75.519189999816049,39.583118000015226],[-75.519250999915414,39.583151999764127],[-75.519366000441451,39.583201999975351],[-75.519574999780517,39.583307000301602],[-75.519635999879881,39.583328000070793],[-75.519749999682702,39.583343000099894],[-75.519982000384601,39.583330999938433],[-75.520213000363285,39.583303999740593],[-75.520225999883763,39.583310000170094],[-75.520292000005995,39.58342199978398],[-75.520301000226823,39.583428999926923],[-75.520378000219722,39.583446000073309],[-75.520471000106141,39.583466999800436],[-75.520531000380601,39.583479999661286],[-75.520619000244167,39.583498999932829],[-75.520639000335635,39.583488999936286],[-75.520665000274903,39.583476000077127],[-75.52075300013847,39.583378000155093],[-75.520784999925496,39.58330500015839],[-75.520809000214953,39.583290000121067],[-75.520836999804047,39.583285999833656],[-75.520911000322201,39.583300999871845],[-75.521086000224386,39.583308999752369],[-75.521390999822913,39.583335000223251],[-75.521437999678568,39.583338000090521],[-75.521595000037408,39.583348999833674],[-75.521681000251121,39.583360999992024],[-75.521822999643049,39.583381000020509],[-75.521940999643817,39.583423999923809],[-75.52202699985753,39.583423999923809],[-75.522055000344949,39.583423000200071],[-75.522251999988441,39.583518999921488],[-75.522498999860645,39.583588999836422],[-75.522969000213919,39.583729999865895],[-75.523132000420546,39.583791000025379],[-75.523274999637366,39.583820000161836],[-75.523503000141304,39.583867000046837],[-75.524208999597818,39.584042999922353],[-75.524560999950353,39.584103999806317],[-75.524611000179064,39.584137000050298],[-75.526140999991185,39.584159999686619],[-75.527100999890919,39.584079999744858],[-75.527693000442937,39.584112000286524],[-75.52820499973069,39.584656000310126],[-75.528459999998816,39.585057000316773],[-75.528764999597357,39.585535999736564],[-75.529308999570489,39.58607999965816],[-75.530141000322004,39.586464000330082],[-75.530492999776186,39.586799999951218],[-75.53064799958689,39.587075000035775],[-75.530780999656287,39.587311999900159],[-75.530908999702802,39.587826000232333],[-75.531223000420468,39.588156999817897],[-75.531278999598669,39.588344999861377],[-75.531297000040311,39.58838200015601],[-75.531314999583671,39.588416999742925],[-75.531312000108926,39.588434000050206],[-75.531307999910965,39.588467999959903],[-75.531303999713018,39.588491999886166],[-75.531278999598669,39.588696999955665],[-75.531399999972479,39.58881800013755],[-75.531563000179091,39.588888000237816],[-75.53178499993696,39.588941999732818],[-75.531921000379398,39.588947000030068],[-75.532173000274469,39.589009999729299],[-75.532236999848564,39.589092000186028],[-75.532322000237386,39.589146999855451],[-75.532991999708884,39.589032000182137],[-75.533641000162319,39.589269999914805],[-75.533968000400463,39.589614999946093],[-75.534216000097572,39.590342000333102],[-75.534462000144885,39.59040900002487],[-75.535254999640031,39.590927999688674],[-75.536048000033503,39.591446000010095],[-75.536080999645463,39.591467999689456],[-75.536940999986086,39.591871999921942],[-75.537228999866173,39.592431999672257],[-75.537191000231346,39.593186000084295],[-75.537243999934802,39.593285000253225],[-75.537375000354345,39.593532000267736],[-75.537478000286512,39.593609000257572],[-75.537503000400875,39.593627000251828],[-75.537536000012835,39.593645000241416],[-75.537596000287294,39.593676000250959],[-75.537705000067234,39.593732000009766],[-75.537915000129516,39.593805999671055],[-75.538145000283279,39.59387500000431],[-75.538223999926018,39.593855999809037],[-75.53856000038499,39.593976999979802],[-75.539023000167276,39.594057999833012],[-75.539348999682176,39.594179999911681],[-75.539649999981066,39.594285000215891],[-75.540117999786204,39.594344000257649],[-75.540208000197893,39.594336000266672],[-75.540397000343773,39.594320000281904],[-75.540501000100846,39.594311000029286],[-75.540697999744339,39.594283999956616],[-75.540802000399736,39.594255000046296],[-75.541106999998249,39.594226999691756],[-75.541305000364972,39.594235999955302],[-75.541483999566822,39.594279000044551],[-75.541676000085744,39.594352999813758],[-75.541799999934298,39.594394000007306],[-75.54196300014091,39.594451000134754],[-75.542146000439018,39.594519000261904],[-75.542276999960279,39.594600999736066],[-75.542379000067527,39.594674000292073],[-75.542445000189772,39.59472199998995],[-75.542493999695253,39.594762999965099],[-75.542630000137706,39.594874000198118],[-75.542682999841148,39.594921000199555],[-75.542736000442915,39.595010999803989],[-75.542743000115607,39.595024000267884],[-75.542779000100623,39.595047999999714],[-75.542902999949163,39.595130000232039],[-75.543205000072973,39.595450999878622],[-75.543345999639953,39.595533000326157],[-75.543461000166005,39.595639999751128],[-75.543487999930193,39.595689999949784],[-75.543494999602871,39.595737000089734],[-75.543498999800818,39.595796999824458],[-75.544348000270801,39.596350999695687],[-75.544960999840896,39.596661000209146],[-75.545011000069621,39.596695000234668],[-75.545169000253352,39.596810000339659],[-75.545319999866081,39.596922000282476],[-75.545703000180751,39.597111000294468],[-75.545775999975675,39.597174999709239],[-75.545895999626282,39.597235000274878],[-75.545934000159434,39.597251000278547],[-75.54597000014445,39.597264999846075],[-75.546053999810027,39.59731500025611],[-75.54614199967358,39.597370999841878],[-75.5461579995671,39.597386999814077],[-75.546175000183851,39.597418999747447],[-75.546206999970906,39.597500999941744],[-75.546211999993773,39.597515000150949],[-75.546226000237482,39.59753200030228],[-75.54631400010102,39.597600999692844],[-75.54636199978161,39.597623000186317],[-75.546405000337614,39.59767300033792],[-75.546511999569418,39.597732999780021],[-75.54659699995824,39.597797000004419],[-75.546689999844645,39.597865999823206],[-75.54674000007337,39.597902999878272],[-75.546780000256348,39.597942999840768],[-75.546785000279201,39.597952000313633],[-75.546827999936937,39.598026999825201],[-75.546916999625367,39.59810799978785],[-75.546940000089918,39.598127000201245],[-75.547031000326513,39.598145999917158],[-75.547075999634032,39.598195000180674],[-75.547104999946356,39.598225000028229],[-75.547125999862757,39.598258999978178],[-75.547154000350147,39.598387000087939],[-75.547156999824892,39.598402000317826],[-75.547159000373028,39.598416000344905],[-75.547244999688431,39.59849999975571],[-75.547253999909273,39.59853000016335],[-75.547269999802793,39.598593000146458],[-75.54732300040456,39.598704999974913],[-75.54736900043531,39.598777999666758],[-75.547443999880073,39.598862000022862],[-75.547510999827225,39.598916000049691],[-75.547603999713644,39.598946999776913],[-75.547664999813009,39.598968000343397],[-75.547798999707311,39.599047000209026],[-75.547821000346929,39.599069999741147],[-75.547833000042502,39.599108000034846],[-75.547844999738061,39.599120000232539],[-75.547973999609496,39.599176999931927],[-75.548068000219146,39.599248000135489],[-75.548144000387111,39.599325000000995],[-75.548474000100001,39.599479999659486],[-75.548512999559748,39.599506000291619],[-75.548635999583396,39.599586999909043],[-75.548881999630694,39.599695999663339],[-75.549260999747375,39.599737000155216],[-75.549331000067582,39.599762999998752],[-75.549392000166947,39.59981599983589],[-75.549423999953987,39.599839999983871],[-75.549460999763923,39.599880999698321],[-75.549512999642459,39.600018999960085],[-75.549526000061249,39.600048000225904],[-75.549546000152716,39.60009100016805],[-75.549656999582496,39.60023199983938],[-75.549732999750475,39.600274000186744],[-75.54990500017793,39.600366000100458],[-75.549931000117198,39.600383000244186],[-75.549967999927119,39.600436999777315],[-75.55006400018658,39.600576999960182],[-75.550157000073,39.600664000020224],[-75.550218000172379,39.600707999746433],[-75.55031799973149,39.600765999688932],[-75.550436999557178,39.600816000340238],[-75.55055499955796,39.600866000263316],[-75.550609999809538,39.600888999883551],[-75.550876999773223,39.601010999697586],[-75.551056999698275,39.601076999984024],[-75.551143999736937,39.601095000114114],[-75.55132100018723,39.601165999735791],[-75.551343999753456,39.601194000053951],[-75.551643000402521,39.601297999950219],[-75.552539999654741,39.601536999918629],[-75.553398000345538,39.601766000319344],[-75.553472999790316,39.601794999853588],[-75.553512000148373,39.601819000007943],[-75.553540999562372,39.601872999805671],[-75.553521000369201,39.601885999673812],[-75.553463999569487,39.601922999657802],[-75.553491000231972,39.601989999915212],[-75.553424000284821,39.602035999785798],[-75.553333000048212,39.60209799989407],[-75.553326000375534,39.602201999817055],[-75.55335700033767,39.602422999654024],[-75.553391999599455,39.602665000307582],[-75.55353300006476,39.60283500006652],[-75.553578000270605,39.602877000219529],[-75.553778000287139,39.603297999785603],[-75.553911000356536,39.603556000081404],[-75.553953000189338,39.603648999912053],[-75.554010000090742,39.60379100007497],[-75.554031000007143,39.603817999902404],[-75.554087999908546,39.603867000305733],[-75.554099999604105,39.603877000129515],[-75.554492000139589,39.604212999737385],[-75.554622999660836,39.604331000160435],[-75.554882000126923,39.604541000286858],[-75.555058999678934,39.604691000185035],[-75.555175000029877,39.604792000044164],[-75.555282999984911,39.604885000291276],[-75.555310999574004,39.604935000045067],[-75.555354000130023,39.605017000338279],[-75.555379000244386,39.605064999789612],[-75.555404000358749,39.605145999826462],[-75.555431999947842,39.605235999986967],[-75.555431000122908,39.605370000255348],[-75.555430000298003,39.605396000060452],[-75.555422999727,39.605406999762096],[-75.555437999795615,39.605431000048902],[-75.555461000260152,39.605469999718515],[-75.55548700019942,39.605488000091022],[-75.555501000443115,39.605555999764249],[-75.555561999644169,39.605683000135372],[-75.555627999766401,39.60573600028674],[-75.555638999637068,39.605817000230815],[-75.555950999806598,39.606153000114944],[-75.556305999633835,39.606529999683566],[-75.55654099981048,39.606876000343306],[-75.556974000353847,39.60757599978318],[-75.557073000088053,39.60782400011356],[-75.557109000073069,39.608516999974945],[-75.557371000013887,39.60911499975596],[-75.557432000113238,39.609534000074738],[-75.557206000157421,39.60986799984709],[-75.556951999714215,39.610315999879454],[-75.556641000267916,39.610933999726505],[-75.556560000077056,39.611534000105259],[-75.556708000215067,39.612132000125335],[-75.55720299978438,39.613080999889419],[-75.55733099983091,39.614022999973727],[-75.557446000356947,39.614877000340933],[-75.557755000153435,39.615975000259468],[-75.55777299969678,39.616109999756084],[-75.557792999788262,39.616204999910458],[-75.55781899972753,39.616324999846192],[-75.557882000375045,39.616627999969104],[-75.557898000268551,39.617509999977791],[-75.558270999639163,39.617644000018743],[-75.558684999915926,39.617879999862836],[-75.558908000397011,39.618482999970531],[-75.558944000382027,39.618743000237878],[-75.559029999697444,39.619370000045286],[-75.559180000383563,39.620143999678078],[-75.559272000445091,39.620941000221627],[-75.55945499984486,39.622314000075022],[-75.559495000027837,39.62316700002048],[-75.559500000050718,39.623276999860536],[-75.559509000271561,39.623456999976469],[-75.559524000340176,39.623777999782334],[-75.559501999700544,39.624616000280774],[-75.559531000012853,39.624980999769143],[-75.55956600017295,39.625418000263821],[-75.559440999601165,39.62584499996553],[-75.559176000185616,39.626748999679663],[-75.559057000359928,39.627546000262917],[-75.559032000245566,39.627717000282281],[-75.558930999963238,39.628411999790579],[-75.558772999779478,39.629986999852122],[-75.558564000440427,39.630117000291406],[-75.558361000050837,39.63033399993239],[-75.558272000362379,39.630494999851066],[-75.558188999623397,39.630747000024485],[-75.558150000163636,39.630937000146766],[-75.558123000399448,39.631062000161137],[-75.558046000406563,39.631314000344794],[-75.557879000002004,39.631500000023294],[-75.55780200000909,39.631564999889726],[-75.557730999863992,39.631623000272484],[-75.557638999802478,39.631735999661863],[-75.557495999687347,39.632089000318459],[-75.557429999565102,39.632265000116],[-75.557326999632949,39.632590999792498],[-75.557088999981559,39.632728000184912],[-75.557038999752862,39.632765000289801],[-75.556996000095154,39.632810000072844],[-75.55696799960775,39.632852000028407],[-75.556944000216603,39.632914000212736],[-75.556929999972922,39.632995000180159],[-75.556905999683451,39.633071000174333],[-75.556878000094372,39.633126999898188],[-75.556832000063622,39.633188999836037],[-75.556771999789163,39.633259000056128],[-75.556709000039973,39.633324000345382],[-75.556673999879877,39.633352999805439],[-75.556616000153568,39.633386999801104],[-75.556565999924842,39.633411999766878],[-75.556526999566785,39.633440999881891],[-75.556487000282118,39.633463000056459],[-75.556443999726099,39.633478000297274],[-75.556365000083375,39.633494999920522],[-75.556324999900411,39.633503999922851],[-75.556287000265584,39.63351999984728],[-75.556246000257701,39.63354699984103],[-75.556200000226951,39.633591999807216],[-75.556172999564453,39.633629999832692],[-75.55597599992096,39.633975000256221],[-75.555959000202535,39.634004999820704],[-75.555914999821596,39.634043999996081],[-75.555856000270367,39.634085999894289],[-75.555733000246704,39.634144999922341],[-75.555683000017993,39.634188999816701],[-75.555640000360299,39.634242000281198],[-75.555565000017211,39.634334999705878],[-75.55551800016157,39.63439299984168],[-75.555489999674137,39.634420000186516],[-75.555421000077175,39.634489000174341],[-75.555313000122155,39.634571000050279],[-75.555196999771198,39.634652999829058],[-75.555132000372183,39.63468899992057],[-75.555010000173439,39.634756000290821],[-75.554902000218405,39.634816000113027],[-75.554819000377719,39.634871000134886],[-75.554706000399833,39.634949000178992],[-75.554453999606437,39.635169999941589],[-75.554390000032328,39.635234999818778],[-75.55435099967427,39.635282000096396],[-75.554332000306005,39.635332000032811],[-75.554318000062324,39.635416000315068],[-75.554294999597772,39.635493000080636],[-75.554266000183773,39.635565999725344],[-75.554207999559139,39.635632000276026],[-75.554143999985044,39.635690000016154],[-75.554055000296572,39.635745000034909],[-75.554000000044979,39.63576100013276],[-75.553938000120709,39.635779999898261],[-75.553912000181441,39.635783000261299],[-75.55386299977765,39.635789000295162],[-75.553779000112058,39.635804999691018],[-75.553712999989813,39.635824999795453],[-75.553620999928313,39.635860000310146],[-75.553457999721687,39.635949999971118],[-75.55319900015391,39.636036000198771],[-75.553015999855802,39.636098999951813],[-75.552907999900782,39.636126999977343],[-75.552739999671303,39.63616299999353],[-75.55257200034012,39.636210999985984],[-75.552320000445036,39.636282000259619],[-75.552296999980499,39.636288999902632],[-75.551877999680855,39.636417000267137],[-75.551203000186462,39.636622000287112],[-75.551024000086329,39.636689999815303],[-75.550901999887586,39.636736000150073],[-75.550518999572944,39.636925000091466],[-75.550398999922351,39.637041999763468],[-75.550168999768573,39.63715300001433],[-75.549796000397976,39.637390999702525],[-75.549683000420089,39.637456999895392],[-75.549583999787572,39.637504000046739],[-75.5495100001677,39.637530999869],[-75.549420999580946,39.637547999879814],[-75.549316999823859,39.637560000332563],[-75.549224999762359,39.637560999966617],[-75.549105999936671,39.637543000324698],[-75.549050999685093,39.637538999711843],[-75.548972000042383,39.637540000038001],[-75.548883000353911,39.637555999720696],[-75.548798999790009,39.637591999684886],[-75.548730000193032,39.637638000111579],[-75.54853400037446,39.637769999962941],[-75.548346999878405,39.638001000134281],[-75.548036000432091,39.638397000313205],[-75.547905000012506,39.638543000313739],[-75.547880999723077,39.638592999968218],[-75.547838000065354,39.638658999705889],[-75.547778999615815,39.638728999924822],[-75.547581999972323,39.638937999850569],[-75.547325000054386,39.639212000127088],[-75.547244999688431,39.639332000290139],[-75.547202000030723,39.639412999659896],[-75.547187999787027,39.639473999891258],[-75.54718000028943,39.639501999934105],[-75.547169000418776,39.639540000171785],[-75.547140000106452,39.639598000093756],[-75.547077000357262,39.639685999834747],[-75.546909999952689,39.639845000230615],[-75.54670499991326,39.640040000334515],[-75.546591999935359,39.640147000154393],[-75.545894999801362,39.640806000341136],[-75.545047999879543,39.641569000052669],[-75.545016000092488,39.641598000206557],[-75.544923000206069,39.641681999796539],[-75.544683999831477,39.641909999948098],[-75.544524999822798,39.64207299973215],[-75.544417999692683,39.642192000206116],[-75.544324999806278,39.642312000040768],[-75.544199000307884,39.642478000333348],[-75.543693999794499,39.643049999806394],[-75.543077000026443,39.643812000118274],[-75.542508999763868,39.644457000261113],[-75.542369999846684,39.644614999839881],[-75.542331000386952,39.644658999991044],[-75.542292000028908,39.644720999967873],[-75.542277999785185,39.644766999803181],[-75.542260000241839,39.644932000208783],[-75.542256000043892,39.644966000046388],[-75.542226999731568,39.64505099991316],[-75.54221300038617,39.645075999813429],[-75.542159999784417,39.64517100032031],[-75.542030999912981,39.645351999716162],[-75.541978000209525,39.645425000022485],[-75.541922999957961,39.645449000267448],[-75.541864000406733,39.645461000040918],[-75.541764999774202,39.645458000097769],[-75.541662999666954,39.645455000154442],[-75.541199999884682,39.645442000168025],[-75.541122999891797,39.645442000168025],[-75.541070000188341,39.645445000111913],[-75.540942999966745,39.64547299981237],[-75.540459000268058,39.645571999922218],[-75.539753999738124,39.645716000269175],[-75.539423000200344,39.64578399984844],[-75.539374999621458,39.645793999841935],[-75.539111000030815,39.645853999772719],[-75.538972000113631,39.645897000313539],[-75.538726000066347,39.645980000011129],[-75.537275999721828,39.646460999671973],[-75.53688800028263,39.646580000203535],[-75.53671500003027,39.646623000292877],[-75.536633000014518,39.64663499986267],[-75.535828999750379,39.64673899996631],[-75.535237000096686,39.646790000112944],[-75.535083000110902,39.646813999884124],[-75.534464999619615,39.647111999749853],[-75.534304999786031,39.647189999822913],[-75.533881000361831,39.64737400001912],[-75.533586999735647,39.647515000217808],[-75.533523999986457,39.647557000236112],[-75.533347000434432,39.647719999851439],[-75.533020000196288,39.648036999819197],[-75.532358000222388,39.648607000010685],[-75.53201799956544,39.64890000033126],[-75.531907999960595,39.648994000265454],[-75.531821999746882,39.649068999812272],[-75.531343999895981,39.649460000171182],[-75.531300000413381,39.649533999751412],[-75.531271000101057,39.649602999877544],[-75.531214000199654,39.649888000330442],[-75.531189000085291,39.650005000205304],[-75.531200999780864,39.650016999879817],[-75.530963999954395,39.650273000047463],[-75.530686999944948,39.65052899995878],[-75.530343999813269,39.650835000100464],[-75.530117999857467,39.65103599974136],[-75.529821999581458,39.651299999919893],[-75.52972200002236,39.651389000111827],[-75.529301000072863,39.651796000337576],[-75.529176000399389,39.651919999885941],[-75.529126000170677,39.65195499986325],[-75.529096999858382,39.651970000243296],[-75.529055999850485,39.651984999928487],[-75.52902499988835,39.652001999844423],[-75.528989999728253,39.652026999997943],[-75.528937000024797,39.652064000153288],[-75.528876999750352,39.652119000291528],[-75.528855000009031,39.65214900028559],[-75.528829999894668,39.652195000020654],[-75.528812000351323,39.652245000179157],[-75.528797000282722,39.652313999674483],[-75.528793999909652,39.652343000163505],[-75.528798999932533,39.652408999919444],[-75.52882099967384,39.652460000033464],[-75.528827000419938,39.652485000021407],[-75.52882099967384,39.65251700007574],[-75.528802000305575,39.652539999824697],[-75.5287119998939,39.652644000037292],[-75.528596000441269,39.652774000083078],[-75.528517999725153,39.652863999865119],[-75.528478000440487,39.652895999744018],[-75.528437000432589,39.652914000231348],[-75.528101999798537,39.653013000061343],[-75.52806699963844,39.653020000085888],[-75.527891999736255,39.653031999928686],[-75.527864000147162,39.653042000257173],[-75.527828999987065,39.65306399972981],[-75.52760700022921,39.653282000098969],[-75.52749699972604,39.653402000053219],[-75.527095000043133,39.653815000038414],[-75.52697799986727,39.653990999880165],[-75.526848000170929,39.654193000112954],[-75.526766999980069,39.654311999785449],[-75.526699000208012,39.654402999722237],[-75.526648999979287,39.654489999907014],[-75.526618999842071,39.654555000299538],[-75.526566999963535,39.654665000026561],[-75.526365000297176,39.65513600010366],[-75.526216000334259,39.655497000126672],[-75.526202000090564,39.655533999807972],[-75.526166999930453,39.655620999952454],[-75.526166999930453,39.655663999951635],[-75.526182999823973,39.655698000044659],[-75.526555000267962,39.656033999820401],[-75.526572999811322,39.656049000006995],[-75.526761999957202,39.655972000305788],[-75.526873000285292,39.65605599972406],[-75.527290000036814,39.656078000312327],[-75.526736000017934,39.656819999955964],[-75.526303000372877,39.656577999847642],[-75.526238000075551,39.656542000084947],[-75.526231000402873,39.65655099985446],[-75.526209999588161,39.656545000238772],[-75.526089000112648,39.656499999992242],[-75.52599899970096,39.656466999654526],[-75.525978999609478,39.656466000293761],[-75.52593599995177,39.65647099986397],[-75.525827999996736,39.656506000303459],[-75.525714000193915,39.656544000187473],[-75.525628999805107,39.656572000234284],[-75.525614999561398,39.656576999796883],[-75.52559100017028,39.656586000253448],[-75.52557299972861,39.656599000219266],[-75.525080999634014,39.657023000265063],[-75.524844999632464,39.65725699987135],[-75.524734000202699,39.657373999723198],[-75.524649999638783,39.657479999654427],[-75.524606000156183,39.657534000287647],[-75.524591999912488,39.657551000222099],[-75.524577999668779,39.657559999860283],[-75.524561999775244,39.657559999860283],[-75.524513000269764,39.657534000287647],[-75.524479999759492,39.657537999743738],[-75.524463999865958,39.657549000148656],[-75.523924000090787,39.658201000275461],[-75.523575999936256,39.658635999716282],[-75.523524999882611,39.658703999728054],[-75.523211000063256,39.65916699983962],[-75.522891000396129,39.659632000320556],[-75.522826999923709,39.659726000184911],[-75.522732000387464,39.659860000064739],[-75.522645000348831,39.659976999659612],[-75.522361999593301,39.660325000032437],[-75.522176999645367,39.660561000202264],[-75.52215499990406,39.660592999975705],[-75.521973000329183,39.660820000017878],[-75.521837999711664,39.660988000108205],[-75.521809000297651,39.661015999737764],[-75.5217769996123,39.661034000185182],[-75.521549000006658,39.661136000096356],[-75.52150600034895,39.661163999666009],[-75.521468999640717,39.661198999803609],[-75.521175999737764,39.661447000211581],[-75.52105100006429,39.661552000141278],[-75.520947000307203,39.661640000295378],[-75.520933999888413,39.661651000047414],[-75.52061199967315,39.661903000111501],[-75.520507000091158,39.662034000004077],[-75.520477999778848,39.662065999787025],[-75.520459000410582,39.662084999932091],[-75.520399000136123,39.662127000088581],[-75.520192000446883,39.662253999682022],[-75.52010600023317,39.662296999703862],[-75.520033000438232,39.66233399989423],[-75.519910000414583,39.662408000215514],[-75.51947699987123,39.662669999912339],[-75.519415999771851,39.662707999865106],[-75.519102999777417,39.662908000291047],[-75.519007000416252,39.662969999807629],[-75.518839000186773,39.663079000016403],[-75.518711000140257,39.663173999988324],[-75.518624999926516,39.663238999821047],[-75.518474000313788,39.663357999824534],[-75.518368999833484,39.663441999947679],[-75.517972000173444,39.663756999845873],[-75.517745000392722,39.663969000020465],[-75.517412000306805,39.664258999721369],[-75.517281999712139,39.664382999732325],[-75.517244000077312,39.664434000001229],[-75.517228000183792,39.664455000060386],[-75.517198999871468,39.664503999712515],[-75.517169999559144,39.664561000195533],[-75.51714299979497,39.66462099974332],[-75.517117999680607,39.664672999770254],[-75.517074000197994,39.664724999758107],[-75.516746000134944,39.665043999744562],[-75.516628999959067,39.665154000066103],[-75.516607000217775,39.66517399998002],[-75.51635500032269,39.665410000186668],[-75.51600799999305,39.665758000169426],[-75.515747999702043,39.666054000142509],[-75.515532999616894,39.666326000326748],[-75.515407000118529,39.666502000119422],[-75.515318000430057,39.666627000159608],[-75.515223999820421,39.666758000086254],[-75.515118000413509,39.66690999976904],[-75.515022000154048,39.6670479998375],[-75.514996000214794,39.667091000333613],[-75.514960000229777,39.667153000246053],[-75.514900999780224,39.667251999734368],[-75.514868999993169,39.667306000338456],[-75.514646000410409,39.667645999945385],[-75.51444700021878,39.667949000023739],[-75.51433699971561,39.668128000173652],[-75.514247000202261,39.668275000201049],[-75.514224999562614,39.668321000267696],[-75.514203999646227,39.668370999824376],[-75.514196000148615,39.668394999709328],[-75.514196000148615,39.668409000099388],[-75.514201000171497,39.668445999782982],[-75.514222000087898,39.66853799965795],[-75.514234999608362,39.668595000270592],[-75.514237000156484,39.668641000124133],[-75.514226000285859,39.668724000173306],[-75.514205000369458,39.668807000122726],[-75.51417900043019,39.668888000227199],[-75.514156999790544,39.668922999910016],[-75.514124000178583,39.668959000138202],[-75.51406700027718,39.668992000042778],[-75.514042999987737,39.668998999831985],[-75.514017999873388,39.669006000311853],[-75.513988999561079,39.669024000060951],[-75.513955000124199,39.669055000194035],[-75.513828999727494,39.669220000021582],[-75.513803999613145,39.669272000044806],[-75.513795000290628,39.669324999895203],[-75.513787999719611,39.669386000011933],[-75.513789000442841,39.669488000041447],[-75.513798999590279,39.669592000336806],[-75.51380199996332,39.669618000213312],[-75.513754000282745,39.669670999798321],[-75.513520999755926,39.669930000042633],[-75.513463000029603,39.670093999999679],[-75.51337599999097,39.670323000342343],[-75.513353000424758,39.670391999768356],[-75.513308000218913,39.670554000314517],[-75.513297000348246,39.670580999677114],[-75.513236000248881,39.670605000177318],[-75.513166999753594,39.670637000139855],[-75.513099999806442,39.670665999855359],[-75.513017999790677,39.670713000250636],[-75.512991999851408,39.670732000092414],[-75.5129490001937,39.670764999841595],[-75.512878000048588,39.670829000295015],[-75.512799000405892,39.670901000129206],[-75.512769000268648,39.670932999954573],[-75.512717000390111,39.670986999755975],[-75.512628999628248,39.671081999918719],[-75.512533000267098,39.671192000307919],[-75.512337000448525,39.671495000046782],[-75.51230300011332,39.67155300012822],[-75.512190000135419,39.671767000245879],[-75.512141999556533,39.671882999903332],[-75.512093999875958,39.672000999712644],[-75.512043999647247,39.672143999803296],[-75.51202199990594,39.672193000225619],[-75.512020000256101,39.672210999835826],[-75.511966999654348,39.672359999809316],[-75.511843999630699,39.672776000043491],[-75.51183100011022,39.672821000063294],[-75.511477999932808,39.673860999728312],[-75.511277999916274,39.67448600023863],[-75.511125999580301,39.674969000238441],[-75.511077999899726,39.675107000111936],[-75.510993000409243,39.675350999884955],[-75.510897999974674,39.675693000241303],[-75.510875000408461,39.675776000114901],[-75.510860000339832,39.675828000043225],[-75.510803000438429,39.676069999806131],[-75.510762000430546,39.676241000144486],[-75.510724999722299,39.676421999770525],[-75.510622999615052,39.676916000148267],[-75.510601999698665,39.677018000122111],[-75.510514999660018,39.677345999870994],[-75.510476000200285,39.677491000146702],[-75.510468999629268,39.677518000255041],[-75.510432999644252,39.677677999809639],[-75.510374000093037,39.677935000280272],[-75.510266999962909,39.678517000299514],[-75.51022299958197,39.678852000017024],[-75.510194000167971,39.679077999806367],[-75.510168000228703,39.679302000103689],[-75.510157000358049,39.679366999973738],[-75.510139999741298,39.679408000275103],[-75.510112999977125,39.679443000159054],[-75.510059000448763,39.679515000002709],[-75.510045000205054,39.679542000011146],[-75.510040000182201,39.679569000009025],[-75.510046000029973,39.679681999860094],[-75.510056000075707,39.679725000097456],[-75.510071999969227,39.679742999819076],[-75.510103999756282,39.679773999981578],[-75.510348000153755,39.679942000308067],[-75.5103990002074,39.679991000038214],[-75.510406999704998,39.68001599974609],[-75.510406999704998,39.680032999680506],[-75.510410000078039,39.680217000248568],[-75.510409000253134,39.6802799998419],[-75.510415000100906,39.680291000083251],[-75.510430000169535,39.680296999711388],[-75.510446000063041,39.680300000216604],[-75.510512000185301,39.680310000056096],[-75.510519999682899,39.680321000292672],[-75.510519999682899,39.680333000234477],[-75.51050799998734,39.68038099998094],[-75.510345999605633,39.680942999946033],[-75.510331000435329,39.680999000304645],[-75.51030399977283,39.681104999945475],[-75.510294999551988,39.681150999765087],[-75.510195999817782,39.681489999985615],[-75.510153000160088,39.681638000304403],[-75.510173000251569,39.681674000128446],[-75.510087999862762,39.682001999888584],[-75.510066999946375,39.682066999982816],[-75.510040000182201,39.682110000117902],[-75.510030000136453,39.682132000015862],[-75.509991999603301,39.68226500031821],[-75.509824000272133,39.68289600023224],[-75.50978599973898,39.683011000198022],[-75.509718999791829,39.683285999670225],[-75.509472999744517,39.684132000111575],[-75.50932700015467,39.684633000235031],[-75.509276999925945,39.684792999897752],[-75.509255000184638,39.684835999717976],[-75.509251999811582,39.684864000052769],[-75.509179999841564,39.685265999904097],[-75.509086000130239,39.685806999734616],[-75.509086000130239,39.6859309997823],[-75.50908899960497,39.686208000004299],[-75.509368000162539,39.686424000272353],[-75.5094219996909,39.686464999840453],[-75.509491000186188,39.686518999942606]]]},"properties":{"NAME":"New Castle County","BASENAME":"New Castle","GEOID":"10003","STATE":"10","COUNTY":"003"}}]}