{"type":"FeatureCollection","features":[{"type":"Feature","geometry":{"type":"MultiPolygon","coordinates":[[[[-158.34464999964851,21.58317699995056],[-158.34464999964851,21.577678999995573],[-158.34405100032214,21.569783000138329],[-158.34215099971584,21.564285999925954],[-158.34008799980123,21.561115000340411],[-158.33955100039913,21.56028900036133],[-158.335052000301,21.553994000256161],[-158.32865199977169,21.545999999625248],[-158.31763900023975,21.539147999978269],[-158.31725299955207,21.538908000238241],[-158.29865299981037,21.524717999883276],[-158.30010300015488,21.509727000192257],[-158.30104499961297,21.499998000095751],[-158.30119899959874,21.498407999780646],[-158.30135299958451,21.496817999638292],[-158.2932530002621,21.496821000255792],[-158.29016400032552,21.496821999904395],[-158.29154799964945,21.489357999942957],[-158.29059000029784,21.47935299997528],[-158.29049900006129,21.478407000152714],[-158.29026499970956,21.475962000412885],[-158.29011800029477,21.47559600005911],[-158.28976500011734,21.474713999853925],[-158.28793599965616,21.470153000207123],[-158.28593499966581,21.465164000181481],[-158.28144899998654,21.457197999871013],[-158.28132699978781,21.457013000224237],[-158.2786179997928,21.452915000166268],[-158.27644799974809,21.449632000255548],[-158.27624100005886,21.449319000160152],[-158.27500199960156,21.44817800035641],[-158.2683319996338,21.442038000377604],[-158.26802500038545,21.441433000136797],[-158.2662479998028,21.437924000105109],[-158.26376399993873,21.433018999933545],[-158.26374899987013,21.432988999847222],[-158.2576439997919,21.425530000356197],[-158.25292700013389,21.422308999621499],[-158.25201099971679,21.421688000275154],[-158.2490270002605,21.419667000189811],[-158.24725200022598,21.419010999956832],[-158.2464930001677,21.416503999642668],[-158.24578400033815,21.41447599992922],[-158.24138200032442,21.41221399981384],[-158.24005199963054,21.411530999951264],[-158.24002499986631,21.411379000332431],[-158.23973000031356,21.40974900023571],[-158.23884599968349,21.404859999862317],[-158.2385519999556,21.40323100010999],[-158.23705200028073,21.397730999948145],[-158.23555199970752,21.389431000335783],[-158.23521000029905,21.388664000140899],[-158.23185199985065,21.381130999861021],[-158.22885199960251,21.375631000187774],[-158.22828300041337,21.375002999937781],[-158.22215200039588,21.368231999939418],[-158.21775200003196,21.364532000298972],[-158.21255199960189,21.361831999612214],[-158.206552000004,21.359033000130452],[-158.20447200037097,21.358313000095762],[-158.20135199957392,21.357233000102624],[-158.1932530000764,21.35443399977186],[-158.19021000017057,21.353825000045752],[-158.18875300015338,21.353534000210399],[-158.18872200019121,21.353491999677541],[-158.18863099995465,21.353365999680083],[-158.1886009998174,21.353323999935736],[-158.18696300005027,21.351061999749405],[-158.18325300014766,21.345935000078715],[-158.18274299961141,21.343950999992156],[-158.18204899985045,21.341246999636198],[-158.17680300028795,21.320818000223607],[-158.16435399975691,21.272334999886056],[-158.16115400039055,21.267436000353616],[-158.15955400025823,21.263436000333282],[-158.1576310000857,21.261057999825308],[-158.15405400025253,21.256636000135423],[-158.15000299986806,21.252501000181283],[-158.14925399985555,21.251736999833746],[-158.14676800034161,21.249996999851444],[-158.14451100025826,21.248416999705661],[-158.14225400017489,21.246837000199829],[-158.14205499998326,21.246837000199829],[-158.13475999985152,21.242391000008361],[-158.12225400031741,21.238649999921194],[-158.11007699977293,21.23707100012367],[-158.09158599981123,21.237862999819765],[-158.0849190002165,21.239280000052545],[-158.07692299975284,21.240978000100711],[-158.07247899990634,21.241922999853948],[-158.05981000016556,21.24127399959233],[-158.05256799973731,21.242148000178044],[-158.04924799982203,21.242548999710664],[-158.04442900005679,21.24287400017678],[-158.03904799987677,21.243235999965634],[-158.03258600032149,21.244502999760247],[-158.02813400007901,21.246839000401764],[-158.02721900038514,21.247849999777511],[-158.0256550002378,21.248339000181659],[-158.02405400028056,21.248512000293829],[-158.02195500038098,21.248738999944202],[-158.01913599988285,21.248738999944202],[-158.01825499962581,21.248738999944202],[-158.01335499966973,21.249238999585518],[-158.00935500023718,21.249238999585518],[-158.0044550002811,21.249238999585518],[-158.00437400009022,21.249245999759367],[-158.00005499991718,21.249639000253783],[-157.99946300026352,21.249639000253783],[-157.99702299988201,21.249639000253783],[-157.99555499999417,21.249639000253783],[-157.99286799974053,21.250001999830296],[-157.99185500013732,21.250139000189922],[-157.99073100020607,21.250001999830296],[-157.98975299986466,21.249882000290683],[-157.9877550002474,21.249639000253783],[-157.98733599994773,21.24971999975244],[-157.98660399965362,21.249860000197025],[-157.98587200025787,21.250001000169441],[-157.98515500003236,21.250139000189922],[-157.98439199977611,21.250139000189922],[-157.98335499988346,21.250139000189922],[-157.97995499960228,21.250739000050274],[-157.97675500023593,21.251439000287565],[-157.9756039996422,21.251726000344433],[-157.97435500003743,21.252038999877012],[-157.97274599968429,21.252574999765585],[-157.97225500031291,21.252738999797938],[-157.97074800006703,21.253303000414753],[-157.97065500018059,21.253338999953282],[-157.96825499998209,21.254338999804709],[-157.96665499984979,21.255339000402344],[-157.96525399990909,21.256459000211589],[-157.96515500017489,21.256538999692701],[-157.96355500004253,21.25773799964421],[-157.96135499986059,21.257038999650987],[-157.95875499964555,21.256038999711397],[-157.95655500036193,21.255638999676368],[-157.95335500009725,21.254639000278232],[-157.95272300026056,21.254558000135244],[-157.94705500002539,21.253838999890363],[-157.94195500005273,21.253039000181097],[-157.93945500029514,21.251338999978898],[-157.93677700026228,21.249999999671335],[-157.93665500006358,21.249939000251608],[-157.93365499981545,21.248839000343082],[-157.9314549996335,21.248339000181659],[-157.92785500023405,21.24803900027506],[-157.92505500000252,21.24783899999802],[-157.92245599961237,21.24783899999802],[-157.92006100033507,21.247286000054498],[-157.91985600029568,21.247239000049895],[-157.91735599963974,21.247538999910731],[-157.91555600038919,21.247538999910731],[-157.91345599976634,21.247538999910731],[-157.91175600007489,21.24783899999802],[-157.90995599992604,21.24783899999802],[-157.9087919998118,21.24783899999802],[-157.90785600020152,21.24783899999802],[-157.90525599998648,21.24803900027506],[-157.90355600029503,21.248339000181659],[-157.90185599970528,21.248839000343082],[-157.90015600001382,21.249639000253783],[-157.89865600033895,21.249939000251608],[-157.89795599983188,21.248839000343082],[-157.89595599966648,21.246839000401764],[-157.89480900016898,21.246839000401764],[-157.88955500021055,21.244634000350821],[-157.8860510001723,21.243227999799501],[-157.88132899959308,21.239349999807921],[-157.87488899977913,21.230481000103872],[-157.87365299969488,21.228778999693567],[-157.87225699977702,21.228278000347164],[-157.86974600014878,21.224941999619595],[-157.86896000032633,21.223898000074598],[-157.86660500033369,21.220769000236725],[-157.86582100016102,21.219726000339659],[-157.86557199974067,21.219394999892753],[-157.8641359996399,21.218013000294999],[-157.85906699962936,21.213135000179111],[-157.85890299959786,21.213052999934188],[-157.85675299964464,21.211975000281722],[-157.85451599965276,21.210854000122421],[-157.85095999973595,21.209072000207115],[-157.84765400006441,21.207841999773972],[-157.8453099999424,21.206971000130377],[-157.83867299958663,21.204503000324578],[-157.82909299978243,21.200940999891845],[-157.8280890004001,21.200849999629664],[-157.82133499986844,21.200240000363738],[-157.81201500035527,21.19939900039218],[-157.81022899955178,21.199237999691249],[-157.80787600010731,21.199533000004266],[-157.79548299965276,21.201091999651013],[-157.79135199980067,21.201612999770258],[-157.79085200020847,21.201675999890007],[-157.78826000038936,21.202495999821828],[-157.77904499955986,21.205413999654198],[-157.77597400006493,21.206386999892057],[-157.77458999984268,21.206825000287299],[-157.77140700019478,21.20783300025392],[-157.77052699976269,21.208340999942326],[-157.76927099958692,21.20906799961632],[-157.76830400001452,21.209627000101413],[-157.76540400022381,21.211304999667973],[-157.76443799957798,21.211864999977113],[-157.76356600044011,21.212369000365211],[-157.76095299980628,21.21388100041704],[-157.76008199959503,21.214385999686478],[-157.75798400041862,21.21560000005147],[-157.75551600044807,21.217616999605045],[-157.75333700018254,21.219400000071978],[-157.75082700037916,21.219989000071813],[-157.74725700021864,21.220916000382569],[-157.74531099958162,21.221671000162761],[-157.74110000026189,21.217882000340865],[-157.73995799988896,21.216854999982605],[-157.7362940000171,21.21507299965155],[-157.73378099984075,21.213850999891989],[-157.73090899963913,21.212454999814284],[-157.72589200040548,21.211124999984847],[-157.72319199973302,21.210410000378978],[-157.7203510003919,21.209656999809951],[-157.71970100011353,21.209485000114313],[-157.71160900028869,21.208572000055106],[-157.70868900040654,21.208242999607648],[-157.70832399963521,21.208202000226002],[-157.69259000024738,21.209017000239772],[-157.68937800028712,21.209183999955442],[-157.67577700023577,21.213801000399116],[-157.66507000012726,21.219940000010794],[-157.65347599991398,21.229114000068748],[-157.65125999983849,21.232026999771115],[-157.64809700028209,21.236189999624351],[-157.64586299976494,21.240572999906838],[-157.64053900038462,21.243284000116049],[-157.63893099985637,21.244103000221155],[-157.63407100008325,21.246832999795934],[-157.63198499970414,21.248456000289433],[-157.62423299963788,21.254035999819795],[-157.62225199973906,21.255331000056117],[-157.61613099976734,21.260429000308683],[-157.61469800003957,21.261906000291166],[-157.6076930003361,21.26913399984354],[-157.600922000086,21.282919000354482],[-157.6000209997375,21.286571000401349],[-157.5979090003174,21.295133999779416],[-157.5972880003514,21.310661999897619],[-157.59758000042945,21.313817000138293],[-157.59801300007447,21.318491000402794],[-157.59872199990409,21.326123999982254],[-157.60017300007348,21.33237399983075],[-157.60123599990538,21.336947000164127],[-157.60138599969318,21.337594000186403],[-157.60183799960478,21.339538000366655],[-157.60198900011588,21.34018599972093],[-157.60220900022389,21.341134999957056],[-157.60229899973726,21.341521000044509],[-157.60345299980577,21.343768999642723],[-157.60389899986959,21.344637000244099],[-157.6046949997378,21.346188000034196],[-157.60708499989053,21.350843000136976],[-157.60788199958364,21.352395000162538],[-157.60821999969247,21.353053999857597],[-157.61531999983052,21.361645000188286],[-157.62005199955712,21.367675999688601],[-157.62225199973906,21.371815999791711],[-157.62225199973906,21.372715000301941],[-157.62535200044462,21.374615999727492],[-157.62595199959594,21.375002999937781],[-157.62845200025185,21.376616000354641],[-157.62845200025185,21.381415000341519],[-157.62925200031799,21.385213999889721],[-157.63121300012537,21.388250999914455],[-157.63235200012525,21.390014000166733],[-157.63235200012525,21.391533000242383],[-157.63235200012525,21.392912999676724],[-157.63315200019142,21.397612000178178],[-157.63416499979462,21.402210000332115],[-157.63465100004137,21.40441100009177],[-157.63509100025746,21.405703000308421],[-157.63579300041434,21.407766999821817],[-157.6362510001737,21.409109999863677],[-157.63775099984861,21.413910000147929],[-157.63777000011521,21.414003999634016],[-157.63820899960803,21.416141000360952],[-157.6385509999148,21.417808999949152],[-157.64085099965587,21.422608000254289],[-157.64093299967161,21.422804000093567],[-157.64245099978817,21.426407999872584],[-157.6455509995954,21.430208000100581],[-157.64641099993602,21.431325000118711],[-157.64855099984354,21.434107000403074],[-157.65000000036309,21.436118999863591],[-157.65215100014126,21.439107000054815],[-157.64999899963991,21.441752999782054],[-157.64955099992619,21.442305000007934],[-157.64948700035214,21.442400999652243],[-157.64745000037678,21.445504000092743],[-157.64545000021138,21.448702000272633],[-157.64334999958854,21.453799000111825],[-157.64184900008871,21.458196999926017],[-157.64074900044693,21.462695000007134],[-157.64124900003912,21.467193999889787],[-157.64284900017145,21.472292999766452],[-157.64544900038646,21.476792000008789],[-157.64772599966301,21.480538000124845],[-157.6485490001937,21.481890999911894],[-157.64999799981499,21.484208999808633],[-157.65054900035912,21.485089999611095],[-157.65364900016633,21.488890000059897],[-157.65565099998156,21.491940000363687],[-157.65574899989085,21.492088999733422],[-157.65671399981346,21.4928989999657],[-157.65884899969811,21.494688999965042],[-157.65993099979656,21.495771000181374],[-157.66094900032093,21.496788999795527],[-157.67298600022499,21.49995500025808],[-157.67777700040116,21.50185299966974],[-157.68349300031696,21.507807000115928],[-157.69269599965423,21.513469000045507],[-157.70261299974231,21.518709000191503],[-157.70647800035394,21.519560000152261],[-157.71217400017821,21.5208139998613],[-157.7126360001356,21.520782999986949],[-157.7277240003414,21.519783999902593],[-157.74112799985096,21.517376000369442],[-157.74725100037088,21.515306999699302],[-157.75092399956526,21.51645800016572],[-157.76193100014768,21.526389000123931],[-157.76500900021361,21.529320000130497],[-157.76825100031107,21.532408000399236],[-157.77365099985937,21.537307999908858],[-157.7743599996889,21.537988999709814],[-157.77499900009659,21.538601999660038],[-157.77615099961696,21.539708000056741],[-157.77740199976981,21.540958999900699],[-157.77744000030299,21.540997000073236],[-157.77755499993069,21.54111199987506],[-157.77759400028876,21.541151000186794],[-157.77855099981545,21.542107999796187],[-157.77996599999983,21.543581000162497],[-157.78095100001394,21.544607000339816],[-157.78295100017934,21.548807000007351],[-157.78445000002932,21.551805999949899],[-157.78479800018388,21.552482999827198],[-157.78634999973733,21.55550499998418],[-157.78679599980117,21.556174999613013],[-157.78813700036574,21.558184999980199],[-157.78834999990275,21.558505000198974],[-157.78857599985855,21.558861000103452],[-157.79024999961069,21.561505000178013],[-157.79124999969341,21.564604000012423],[-157.79169599975728,21.56540600018527],[-157.79324999985883,21.568204000167061],[-157.79375000034935,21.571902999593295],[-157.79514999956683,21.576101999892394],[-157.7971499997322,21.581001000406904],[-157.79864899958224,21.585200000143107],[-157.79910700023993,21.585859999955762],[-157.80204899986342,21.590099000327026],[-157.80354000021578,21.591641000126796],[-157.80426800031194,21.592394000346495],[-157.8049489996541,21.593099000243331],[-157.80659300016737,21.594507999948888],[-157.80738900003558,21.595190999657135],[-157.80817800023107,21.595867000036204],[-157.80984899961021,21.597298999752436],[-157.81064799985145,21.597752999770197],[-157.81155199967469,21.598266999686675],[-157.81424899997407,21.599799999699542],[-157.81701700041862,21.602064000382111],[-157.81864900033801,21.603399999586273],[-157.82454900037681,21.607100999839375],[-157.8319490000905,21.611302000204649],[-157.83414300042466,21.612398999828173],[-157.834349000289,21.612502999865416],[-157.83724900007971,21.613702999895857],[-157.83939499983498,21.616222999616607],[-157.84034499968897,21.617338999587332],[-157.84319799962398,21.620686999591474],[-157.84414900020121,21.621803999800886],[-157.8474440000021,21.631401000066901],[-157.85149399966332,21.642718999992535],[-157.85380299962523,21.649169999990271],[-157.85420400038151,21.650290000341926],[-157.86021099965214,21.665543999984571],[-157.86165599997378,21.668139999756495],[-157.86499000013276,21.674127000317515],[-157.8654670001587,21.674983999933744],[-157.86640799979187,21.67649800001989],[-157.87078600041445,21.683541000129505],[-157.87224599990637,21.685888999921048],[-157.87634599979631,21.69618599994352],[-157.87678400036256,21.696958999750198],[-157.88144599976897,21.705182999667667],[-157.88474599959275,21.707881999621687],[-157.88814599987396,21.709982999651061],[-157.89144599969771,21.712083000054555],[-157.89424500010435,21.714782999771245],[-157.89644500028635,21.71828199983559],[-157.89814499997777,21.720981000273969],[-157.89999799983008,21.72267300039703],[-157.90041899977956,21.723057000399653],[-157.90044499971884,21.723081000365781],[-157.90534499967492,21.725481000116488],[-157.90924500044665,21.72798100037658],[-157.91051699961761,21.729323000270288],[-157.91390199983019,21.732894000389138],[-157.92194500014955,21.741375999709135],[-157.92421300010352,21.743451000233861],[-157.92789000039417,21.745981999973193],[-157.93024899968648,21.746773999749969],[-157.93159699992373,21.748182000066137],[-157.94178500017344,21.75457900011456],[-157.95506900003244,21.758624000162015],[-157.97831799966002,21.762996999675025],[-157.99174800000722,21.762964999709961],[-157.99724399981497,21.761591000111537],[-158.00823499960561,21.755303999775808],[-158.02404400023485,21.746783000234341],[-158.02513100035617,21.746200000140831],[-158.03094400035636,21.743083999788418],[-158.03534399982195,21.743083000172422],[-158.04054400025197,21.741981999878615],[-158.04494399971762,21.740881999957328],[-158.05014400014764,21.739881000061381],[-158.0571439998283,21.735483000003942],[-158.06234400025835,21.73008600024772],[-158.06764400024753,21.724688000076192],[-158.07194400015402,21.719190999959611],[-158.07894399983462,21.715990999713213],[-158.08175900013484,21.713879999918067],[-158.08334400019854,21.712691999663441],[-158.0885429999054,21.709492000082758],[-158.0885529999511,21.709481999917774],[-158.095542999586,21.702994999686965],[-158.09984300039076,21.697496999691154],[-158.10334300023109,21.692098999682699],[-158.10398199974048,21.690910999967649],[-158.10684300007142,21.685601999948897],[-158.10782399988753,21.683780000362415],[-158.1088619996051,21.681851000052163],[-158.11034299991172,21.679105000245421],[-158.11162500002678,21.67590100026807],[-158.11244000016151,21.673867999672609],[-158.11274099956208,21.673112999698361],[-158.11294399995168,21.672607999847468],[-158.11354300017641,21.670809999955978],[-158.11380099991925,21.670039000361019],[-158.11425500037899,21.66867600017682],[-158.11474400010056,21.667209999963397],[-158.11645399983772,21.665039000341899],[-158.11734400031557,21.663910999598457],[-158.11819200006232,21.662314999800763],[-158.11904400000702,21.660712000230838],[-158.12022900003765,21.657304999585413],[-158.12059399991065,21.663775000345819],[-158.12131399961086,21.664595999753374],[-158.12224300044676,21.665698000333844],[-158.12613499992423,21.663544000019954],[-158.12806399994452,21.66247699999542],[-158.12830499996895,21.662345000097922],[-158.13338900004808,21.658557999770441],[-158.13415300012923,21.657989000009671],[-158.13506299980023,21.657128999786671],[-158.1392000003984,21.653216999586704],[-158.1445089997101,21.646938999983355],[-158.14884600032482,21.641999000103194],[-158.155497000026,21.639732000032808],[-158.1664939996644,21.636036000247323],[-158.17500499978888,21.632009000304311],[-158.18699200036255,21.63257399988905],[-158.19960400020193,21.634474000402971],[-158.21495900037138,21.633105000235108],[-158.23022199958106,21.630815999682554],[-158.24723700015738,21.631086000090018],[-158.26768399990362,21.62806500018382],[-158.27815599983546,21.627842000321294],[-158.28959199986497,21.625364000032878],[-158.30190999997646,21.621787000371508],[-158.30974499988335,21.621781000130323],[-158.31194500006529,21.621779999672537],[-158.31974599963698,21.617277000186114],[-158.32424700028321,21.615674999731411],[-158.32772100018428,21.611833999884997],[-158.32994700030548,21.609373999742335],[-158.33504800010303,21.604573000265127],[-158.33954800002604,21.596674999648688],[-158.342149000066,21.591174999635211],[-158.34464999964851,21.58317699995056]]],[[[-178.44359300016029,28.418985999756671],[-178.44048599978208,28.405172000329806],[-178.43322699963534,28.397770999964699],[-178.41588200024447,28.380085999739613],[-178.41373399994106,28.375000000272703],[-178.4141309996011,28.375000000272703],[-178.41532200037781,28.375000000272703],[-178.41571900003788,28.375000000272703],[-178.4122500001597,28.363272000104605],[-178.4114779996826,28.360660999811657],[-178.39561000040044,28.341900999827644],[-178.38665599968687,28.3390580002558],[-178.37500000044759,28.335357000307425],[-178.37500000044759,28.335793000372455],[-178.37500000044759,28.337102999716727],[-178.37500000044759,28.337539999926769],[-178.34893200032181,28.334652000223443],[-178.3417440003202,28.333856000008677],[-178.30140200029851,28.328336000338645],[-178.28889500004115,28.328810000169085],[-178.27186799976931,28.335277999946374],[-178.27026299961409,28.335887999748447],[-178.25752600010128,28.342831999616369],[-178.24999999999091,28.349421000097074],[-178.24999999999091,28.34896699986567],[-178.24999999999091,28.347605000175097],[-178.24999999999091,28.347151000085926],[-178.24605699956149,28.352397999964715],[-178.23885900041245,28.36198100034672],[-178.23570400035365,28.369010999654108],[-178.23301799992487,28.375000000272703],[-178.23382800003677,28.375000000272703],[-178.23626000002233,28.375000000272703],[-178.23707099995917,28.375000000272703],[-178.23249300021834,28.383632999762252],[-178.23106600033836,28.393722000110124],[-178.23050399992354,28.397701000026913],[-178.2322229998816,28.427334999965151],[-178.23776999974297,28.452925000313247],[-178.23846900042511,28.456149999845849],[-178.24999999999091,28.468178000000819],[-178.24999999999091,28.467877000269048],[-178.24999999999091,28.466973999877681],[-178.24999999999091,28.466673999640371],[-178.25600899980964,28.475089999889722],[-178.25704099967942,28.47653500010081],[-178.27116599961244,28.488565000132166],[-178.28014500044037,28.4943790003544],[-178.28882700026909,28.499999999854442],[-178.28727399999244,28.499999999854442],[-178.28261699971057,28.499999999854442],[-178.28106500015713,28.499999999854442],[-178.29151600017258,28.507206999616319],[-178.29789700043531,28.510218000154339],[-178.30434800011997,28.513262999914033],[-178.31512100035067,28.516333999998182],[-178.33371100004661,28.517202000243746],[-178.34054000002303,28.517268999801988],[-178.35579599956003,28.514647999681934],[-178.36062699991913,28.513819000010173],[-178.37500000044759,28.510083999930139],[-178.37500000044759,28.509631000173847],[-178.37500000044759,28.508273999816485],[-178.37500000044759,28.507822000346398],[-178.37730000018868,28.506278000103329],[-178.38131499968981,28.503585999656732],[-178.38416299960193,28.50158900023272],[-178.38643300010409,28.499999999854442],[-178.38830000020013,28.499999999854442],[-178.39390099958987,28.499999999854442],[-178.3957690004091,28.499999999854442],[-178.41179499987501,28.483741999962682],[-178.41677199982402,28.478179000009323],[-178.42757799966671,28.466101999670791],[-178.43833599982881,28.444087999845966],[-178.44359300016029,28.418985999756671]]],[[[-161.98755499957423,23.06992400018331],[-161.98724099975487,23.056732999960293],[-161.98544499980397,23.041131000028393],[-161.97606099981837,23.025563999672425],[-161.95517100038137,23.009168999991388],[-161.93189699974107,23.005312999931501],[-161.93114100005585,23.00539499987951],[-161.89421900040679,23.009429999908111],[-161.87500000034893,23.020058000163257],[-161.87500000034893,23.019893999853586],[-161.87500000034893,23.019404999783067],[-161.87500000034893,23.01924199991668],[-161.87144500025701,23.023476000338675],[-161.86857999972813,23.027703999647301],[-161.86645599971413,23.032816000193716],[-161.86547300024819,23.034010000367211],[-161.86334199966322,23.0366020001665],[-161.86076599973759,23.04437799962108],[-161.85892499958086,23.05259400038474],[-161.85805900029078,23.060806000279236],[-161.85888399957301,23.068121999919502],[-161.85995599962573,23.075659000068459],[-161.8629879996609,23.085138999755024],[-161.86300199990461,23.085183000409259],[-161.86770600004209,23.091150000277466],[-161.87043900032654,23.095352000295023],[-161.87362500034749,23.096888999727657],[-161.87500000034893,23.097547000244276],[-161.87500000034893,23.09836400001862],[-161.87500000034893,23.100819000145741],[-161.87500000034893,23.101636999649145],[-161.88757500037832,23.110384000256357],[-161.91943999971244,23.11398800013971],[-161.93111799959129,23.113019000226142],[-161.94466199974127,23.111896999589206],[-161.96544900014447,23.10498699960084],[-161.98252400009687,23.091274999644508],[-161.98755499957423,23.06992400018331]]],[[[-164.76481000044492,23.581721000093935],[-164.76491099982894,23.57495099969892],[-164.764730000079,23.566379999711543],[-164.76261000026298,23.558509000306866],[-164.75907799973731,23.552720999999817],[-164.75755299994808,23.550222000359618],[-164.75305600039809,23.545314000049533],[-164.75000000007347,23.5410690000149],[-164.75000000007347,23.540083999997112],[-164.75000000007347,23.537129999977466],[-164.75000000007347,23.536145999939215],[-164.73936499993502,23.530162999985695],[-164.72304099964495,23.52175700015151],[-164.70130000008814,23.517001999949585],[-164.69631499974324,23.517046999646936],[-164.68521799964739,23.517149000331717],[-164.67332200020863,23.521084999876138],[-164.66388299997146,23.527025000167249],[-164.65402399960973,23.53522100021523],[-164.64534799962877,23.55151399968555],[-164.64001900022564,23.576110999661488],[-164.64460899966198,23.594540000245736],[-164.65408300005927,23.607069000296246],[-164.66876299983608,23.616623999941762],[-164.68263000002625,23.622805999883496],[-164.68889400011312,23.623424999791787],[-164.69738099994817,23.623346999867341],[-164.7023460002016,23.623302000364667],[-164.70979299977097,23.623234000263754],[-164.72462999990663,23.621069999871771],[-164.74006000041922,23.614394000211917],[-164.75000000007347,23.605134999622756],[-164.75379199999185,23.6035170002536],[-164.75546300026926,23.601692000238689],[-164.75809199989828,23.598951999901541],[-164.76025400044543,23.595095999771043],[-164.76115099969766,23.593498999636463],[-164.76344999961384,23.586702000202163],[-164.76481000044492,23.581721000093935]]],[[[-166.3865320000115,23.846362999769742],[-166.38447599976962,23.831991999664051],[-166.38290099975163,23.829656999635162],[-166.37883900039486,23.823634999611734],[-166.37499999972249,23.821640999809262],[-166.37499999972249,23.822236999853118],[-166.37499999972249,23.824027000185083],[-166.37499999972249,23.824624000043034],[-166.36922899955513,23.815535999981147],[-166.3572710001921,23.806636000082516],[-166.3563420002545,23.805944999947908],[-166.33682199989772,23.799639999747818],[-166.32257200029125,23.799052000182538],[-166.313574000095,23.803736000183363],[-166.31915199991855,23.791047000100022],[-166.3229580000806,23.774398999830932],[-166.32374200025325,23.770974000085104],[-166.32016299987191,23.758483999776782],[-166.31669599964354,23.749999999703903],[-166.3172970004164,23.749999999703903],[-166.31910000004001,23.749999999703903],[-166.31970099991452,23.749999999703903],[-166.31582299978248,23.740120000203952],[-166.31108900040604,23.73601699981619],[-166.30260699969551,23.728665999722889],[-166.28599000040083,23.718120000330124],[-166.26682300022145,23.713440999860865],[-166.26558899978704,23.713139999720173],[-166.25000000016411,23.713897999834135],[-166.25000000016411,23.714751999772183],[-166.25000000016411,23.717315999942024],[-166.25000000016411,23.718170999791692],[-166.24122200007591,23.719672000169904],[-166.23149599978356,23.723608999621828],[-166.22678199960029,23.727443999604066],[-166.22617300022819,23.723460000338008],[-166.22490700000668,23.715168999844337],[-166.22282700037366,23.704878000092339],[-166.2148109998185,23.696685999962916],[-166.20541500013732,23.691600999843029],[-166.21200100043947,23.685529999629832],[-166.2239639998254,23.672532999768372],[-166.22987100043522,23.654382000343681],[-166.23019899959993,23.652637999594393],[-166.2322849999791,23.641580000006392],[-166.2287809999408,23.63175700009204],[-166.22484000005954,23.62499999969317],[-166.22564400032365,23.62499999969317],[-166.22805600021772,23.62499999969317],[-166.22886100030675,23.62499999969317],[-166.22423800036009,23.614791000059075],[-166.2148950003824,23.604170999694158],[-166.21105800025816,23.599809999814237],[-166.19440900027811,23.589531000148188],[-166.17221799956118,23.587089999998959],[-166.15115499987181,23.590463999821914],[-166.14521899984803,23.594216999990106],[-166.13131300019811,23.603011000006418],[-166.1249999997074,23.609281000279278],[-166.1249999997074,23.608846999823839],[-166.1249999997074,23.607545999823476],[-166.1249999997074,23.607113000321863],[-166.12143399974482,23.608837999751781],[-166.12058400034826,23.609279000087014],[-166.11678099966093,23.611253999751284],[-166.11262600041775,23.616624999981852],[-166.11179399966622,23.620207999958261],[-166.11068200032884,23.62499999969317],[-166.11197199994143,23.62499999969317],[-166.11584500005065,23.62499999969317],[-166.11713600038649,23.62499999969317],[-166.11394299979455,23.634559999790053],[-166.11313500023078,23.636981999614139],[-166.11384200041053,23.652336000257517],[-166.11752899984859,23.664085000237829],[-166.11769000040539,23.664595999845751],[-166.1249999997074,23.670731999936031],[-166.1249999997074,23.671401999879073],[-166.1249999997074,23.673411999668581],[-166.1249999997074,23.674083000282881],[-166.12792899981042,23.677612999838011],[-166.13074599976042,23.68100799965503],[-166.13295400033829,23.684703000354542],[-166.12878699960291,23.687549999994182],[-166.1249999997074,23.690139000051655],[-166.1249999997074,23.689330000116673],[-166.1249999997074,23.68690400018227],[-166.1249999997074,23.686096000282596],[-166.11445199960758,23.696227000069253],[-166.11349400025597,23.69714799980677],[-166.10588100010693,23.713535999927739],[-166.104626999581,23.728929000082847],[-166.1060400001156,23.737849999703172],[-166.1067799999073,23.742521999713261],[-166.11325999990427,23.749999999703903],[-166.11352299966995,23.749999999703903],[-166.11431299969041,23.749999999703903],[-166.11457700017937,23.749999999703903],[-166.11666199983529,23.754221999899023],[-166.11663400024619,23.75480000023607],[-166.11651200004744,23.75740099959387],[-166.11688399959311,23.761705000073071],[-166.11849899979404,23.766668999806082],[-166.12118400039793,23.769244999808723],[-166.1249999997074,23.772906999793253],[-166.1249999997074,23.771547999662502],[-166.1249999997074,23.767472000115813],[-166.1249999997074,23.766113999653548],[-166.12935800023851,23.770173000211233],[-166.13678700026455,23.778514000254265],[-166.14259199986878,23.784370999692531],[-166.143030000435,23.784457999911456],[-166.14817100041552,23.785478999688607],[-166.1502460000257,23.799724000407782],[-166.1534780000774,23.818941000319331],[-166.16485600038061,23.835406999643968],[-166.16973899971998,23.837421999671847],[-166.16834000032745,23.840143000102298],[-166.16528200035299,23.849640000370819],[-166.16483899976387,23.851018000341995],[-166.16552199965417,23.864816000113255],[-166.16830299961916,23.875000000152582],[-166.16782899996625,23.875000000152582],[-166.16640899975897,23.875000000152582],[-166.16593599993098,23.875000000152582],[-166.17044699972465,23.888452000117528],[-166.17517799962633,23.893968000246115],[-166.18234700025968,23.902325000345403],[-166.20427600013744,23.917214000249842],[-166.22927600040845,23.927006999788286],[-166.23306400012888,23.928491000328755],[-166.25000000016411,23.932430000158202],[-166.25000000016411,23.928859999640249],[-166.26473000016964,23.928521000298812],[-166.27854399975806,23.925940000261839],[-166.2880099997594,23.924172000171797],[-166.28836600030988,23.928976999642352],[-166.30707200035675,23.92488299985407],[-166.32474300016085,23.91795400022998],[-166.33005200037087,23.908292000407087],[-166.35137100015331,23.90285800002026],[-166.35202100043162,23.902462999684687],[-166.36561999993486,23.89420700032024],[-166.37499999972249,23.885381999722501],[-166.37499999972249,23.885958999787199],[-166.37499999972249,23.887690000147593],[-166.37499999972249,23.888266999775333],[-166.37757300017338,23.886246000254719],[-166.38046299991834,23.883977999591764],[-166.38219699994494,23.878195999956063],[-166.3822299995569,23.878096000247286],[-166.38328700043931,23.875000000152582],[-166.38192800033144,23.875000000152582],[-166.38402899988085,23.865622999697159],[-166.38428400014897,23.863656999738136],[-166.3865320000115,23.846362999769742]]],[[[-168.05821499976204,25.000000000388827],[-168.05838700018947,24.98788499982982],[-168.05034499969503,24.974487000398796],[-168.03775100029736,24.959715000266829],[-168.02359000037933,24.954477000150355],[-168.00000000026984,24.950704999939418],[-168.00000000026984,24.950184999599255],[-168.00000000026984,24.948626000259569],[-168.00000000026984,24.948107000298712],[-167.9835370000626,24.949265000385171],[-167.98252199991131,24.949604000390597],[-167.96676699970868,24.954887000062847],[-167.95858700002032,24.961381000040546],[-167.95368500041442,24.964386000387773],[-167.94897000040623,24.973639999750329],[-167.94728700043325,24.981406000326235],[-167.94674400028501,24.98288499999596],[-167.94420400034443,24.989807000076141],[-167.94459299960855,25.000000000388827],[-167.944941999588,25.000000000388827],[-167.9459890004247,25.000000000388827],[-167.94633800040415,25.000000000388827],[-167.94788199956164,25.009486000013968],[-167.9499119998643,25.015733999956208],[-167.95244900033015,25.023537999731143],[-167.96200800021791,25.033215999874802],[-167.97252700000541,25.041223999750759],[-167.98472399974307,25.047039000036413],[-167.98893999998396,25.049049000284061],[-168.00000000026984,25.052240000123962],[-168.00000000026984,25.050253000204016],[-168.0016870004408,25.050249999661247],[-168.00644199973362,25.050033000084955],[-168.00845399959462,25.049928999758066],[-168.0096970002499,25.04981899986408],[-168.01320399976288,25.049189000049545],[-168.01595999961356,25.048560999828432],[-168.02222600024854,25.046680000026559],[-168.02698999976221,25.044801999714437],[-168.030000999881,25.043136000321887],[-168.03552299962803,25.040012000210847],[-168.04205200002878,25.035432000083635],[-168.04657700006612,25.031271999974795],[-168.05060699963587,25.025867999923531],[-168.05263100009074,25.021298999799974],[-168.05466300004321,25.01527700027663],[-168.05618700000753,25.010502000334743],[-168.05721100037968,25.005935000137736],[-168.05797700011064,25.002612999680899],[-168.05821499976204,25.000000000388827]]],[[[-170.68463100037911,25.506313000089975],[-170.68463100037911,25.504339000039348],[-170.6844179999438,25.502269999650046],[-170.68412800041389,25.499938999600833],[-170.6837009997183,25.497739999900077],[-170.68324299995891,25.495635999648396],[-170.68260199990138,25.493307000169398],[-170.68196099984388,25.491235999922097],[-170.68127399975563,25.489456000365756],[-170.68049600032907,25.487644000264126],[-170.67956499984336,25.485540000011746],[-170.67846699985134,25.483468999722078],[-170.67703300029871,25.481075000049049],[-170.67546099975547,25.478809000019048],[-170.67414900040154,25.477029999630474],[-170.67218000019827,25.474698999823847],[-170.67036400015584,25.472693000218293],[-170.66822800044633,25.470653999840675],[-170.66659599962864,25.469198000181333],[-170.66441399988835,25.467449000207111],[-170.66220100018595,25.465832000286976],[-170.65945399965779,25.464116999995269],[-170.65699800028111,25.462724999650067],[-170.65446500001323,25.461462000365227],[-170.65203899987546,25.460394000011551],[-170.64955099981341,25.45935800027766],[-170.64691200013866,25.458484999776669],[-170.64469900043622,25.4578380002845],[-170.64209000000037,25.457189999667392],[-170.63952599977034,25.456704999635043],[-170.6366729998353,25.456218999993542],[-170.6341859995982,25.455992000066065],[-170.63157700006062,25.455797000211739],[-170.6297300000561,25.455731999919735],[-170.62773099971562,25.455764999710471],[-170.62551899983805,25.455829999984701],[-170.62373399975783,25.455926999879363],[-170.62127699965794,25.456218999993542],[-170.61935400038374,25.456511000210416],[-170.6167909999786,25.456962999949067],[-170.6140440003488,25.457546000042743],[-170.61108400028365,25.458354999627648],[-170.60865800014588,25.459164000263026],[-170.60583500034809,25.460232000177953],[-170.60295099955263,25.461494000162727],[-170.60076899981232,25.462595000026219],[-170.59849599983542,25.46389000036671],[-170.59614599986566,25.465312999790498],[-170.59371999972791,25.467062000000258],[-170.59164400029283,25.468614999771344],[-170.58969099998308,25.470361999882524],[-170.58787499994068,25.472013999849388],[-170.58612099982258,25.473826000346737],[-170.58438099994817,25.475799999667657],[-170.58277900016603,25.477839000382605],[-170.58113100035308,25.480136999745735],[-170.5794979997105,25.482758000384713],[-170.57817100028794,25.485118999951037],[-170.5771329996721,25.487319999992806],[-170.57617199994746,25.489649000363361],[-170.57518000026067,25.492561000037522],[-170.57446300003517,25.495181999770132],[-170.57385299993982,25.49803000036804],[-170.57350200031053,25.500552999953705],[-170.57325700008815,25.503498000142216],[-170.57315099978294,25.505115999860404],[-170.5731809999202,25.50757399994713],[-170.57331900001245,25.510357000261585],[-170.57371499984757,25.513236999988592],[-170.57424899977494,25.516309999664241],[-170.57515000012344,25.519577000228843],[-170.57632500010834,25.522974000347222],[-170.57734699993236,25.525432999905981],[-170.57856799994798,25.527987999945598],[-170.58027699986025,25.530996000340686],[-170.58201599990977,25.533682000370032],[-170.58438099994817,25.536721999855914],[-170.5864870004188,25.539148000097775],[-170.58851599999818,25.541217999617501],[-170.59136999975811,25.543709000234035],[-170.59411599956303,25.545939999865375],[-170.59652699963218,25.547622999620678],[-170.59913600006803,25.54923799973098],[-170.60249299979321,25.551018000307209],[-170.60530100042072,25.552343000236956],[-170.60865800014588,25.553636999824885],[-170.6115720001803,25.554606999829126],[-170.61495999986761,25.555480999675208],[-170.61831699959279,25.556192000283165],[-170.62177999962319,25.556709000206368],[-170.62533600043827,25.557033999643156],[-170.62818900037334,25.557098000176431],[-170.63082899987302,25.557130999678261],[-170.63375899980093,25.556936000279858],[-170.63600199964057,25.556741999815344],[-170.63925200013395,25.556256999711088],[-170.64312699989298,25.555480999675208],[-170.64744600006605,25.554284999729155],[-170.65048200029918,25.553217000386638],[-170.6536409996576,25.551923999607304],[-170.65675399988362,25.55043600002606],[-170.65992700038413,25.548656999850714],[-170.66345200033879,25.546359999679346],[-170.66653399970437,25.543947000037591],[-170.66755700025161,25.543095000186952],[-170.66937300029403,25.541444999852246],[-170.67132599970546,25.539438000229069],[-170.67289700042375,25.537661000207095],[-170.6745000000308,25.535653999663847],[-170.67607099985082,25.533585000002589],[-170.67742900013383,25.531546000371115],[-170.67874200021097,25.529248999889045],[-170.67985500027157,25.527147000352958],[-170.68084699995836,25.524980999846523],[-170.68170200027609,25.522877000238775],[-170.6824489997405,25.520645000061318],[-170.68316699979093,25.518446000137441],[-170.6835939995882,25.516244999660014],[-170.68409699955342,25.513721999787691],[-170.68438699998165,25.511425000244166],[-170.68460100024191,25.50883699964599],[-170.68463100037911,25.506313000089975]]],[[[-171.80962900034811,25.781350000316635],[-171.808087999767,25.772864999654253],[-171.80704699967643,25.767133000360825],[-171.80044600020398,25.750000000238543],[-171.80062699995395,25.750000000238543],[-171.80117000010216,25.750000000238543],[-171.80135199967702,25.750000000238543],[-171.79702699965623,25.740539000176732],[-171.79474100015884,25.738569000148296],[-171.78286699956305,25.728337999911016],[-171.77015000014174,25.718199000145816],[-171.76257299997772,25.714761000163403],[-171.75528000039415,25.711453000386054],[-171.74999999959812,25.710269000227903],[-171.74999999959812,25.710052999601064],[-171.74999999959812,25.709405999817776],[-171.74999999959812,25.709190999647785],[-171.73749099969095,25.706532999603471],[-171.73140300022948,25.707478999796646],[-171.71843200036494,25.709495000011632],[-171.69984500014374,25.716858000077423],[-171.68686000003547,25.727878999750072],[-171.68294799956823,25.733314000320501],[-171.68047499957478,25.736751999650387],[-171.67407099974582,25.750000000238543],[-171.67479200016928,25.750000000238543],[-171.67695800001604,25.750000000238543],[-171.67768000026442,25.750000000238543],[-171.66902500019987,25.777687000215298],[-171.667922000185,25.781216999724631],[-171.66936199958545,25.793907999602308],[-171.67662800030317,25.810906999901157],[-171.68827600004482,25.823767999747982],[-171.71062300039733,25.833211000083363],[-171.72105400032129,25.833928999764179],[-171.7315229998801,25.834649999599463],[-171.74999999959812,25.833466999994037],[-171.74999999959812,25.834361999609012],[-171.74999999959812,25.83704800001939],[-171.74999999959812,25.837944000168044],[-171.76811999983912,25.833680999740768],[-171.7719069997346,25.831396000391393],[-171.77289099992379,25.830800999697882],[-171.78697800022198,25.822300999733635],[-171.80014800027814,25.805822000013336],[-171.80646400024355,25.793360000114884],[-171.80962900034811,25.781350000316635]]],[[[-174.06737399997928,26.059614000001012],[-174.06745699981994,26.052483999893994],[-174.06594399972627,26.039428000397582],[-174.05988399985389,26.022658999992572],[-174.05918300042023,26.020718999940168],[-174.0460929998317,26.002305999620109],[-174.04310900037541,26.000000000237051],[-174.04199399976665,26.000000000237051],[-174.03865200011009,26.000000000237051],[-174.03753800022457,26.000000000237051],[-174.03087400010463,25.995665000273114],[-174.02720500020993,25.99327799993916],[-174.00793300044856,25.990507999847814],[-174.00640399956305,25.9902889996158],[-173.99999999973409,25.990212000329528],[-173.99999999973409,25.990744999661239],[-173.99999999973409,25.99234400010883],[-173.99999999973409,25.992877999890172],[-173.99594199967694,25.994002000376295],[-173.99183000009148,25.995143000320081],[-173.98452999993685,25.997622000240639],[-173.98395900019955,25.997940999677922],[-173.98028699993179,26.000000000237051],[-173.97963800037667,26.000000000237051],[-173.97769299956454,26.000000000237051],[-173.97704499983431,26.000000000237051],[-173.96492199971652,26.006639000135774],[-173.94307499985453,26.010655000011532],[-173.94276000021023,26.010714000274579],[-173.92596800011503,26.01962700004632],[-173.91314500038851,26.035997999613674],[-173.90335799999676,26.060055999839431],[-173.90382900017497,26.066760000402269],[-173.90850800019814,26.08188200036092],[-173.91342400004777,26.099398999882059],[-173.91398399991442,26.100526000157956],[-173.91857000005115,26.109741000399108],[-173.92604900030588,26.117236000175314],[-173.92908800001373,26.120139000311408],[-173.93890100034477,26.124999999746283],[-173.93610500031113,26.124999999746283],[-173.95025199998545,26.133151999991512],[-173.95791600018816,26.135689999703974],[-173.9695510004093,26.135382999634558],[-173.98142799958148,26.133224000360322],[-173.99188000032018,26.136607999879963],[-173.99999999973409,26.136879999710981],[-173.99999999973409,26.135496000218939],[-174.00069199984523,26.135692999755818],[-174.0027690000035,26.136284999610492],[-174.00346199993956,26.136483000246187],[-174.00711400011585,26.137053000006212],[-174.01085400015566,26.136599999804197],[-174.0109780000042,26.136585999670253],[-174.01889999994972,26.133996000046768],[-174.03111400030411,26.129069999972867],[-174.03177700010295,26.128691999622248],[-174.0382639997726,26.124999999746283],[-174.03793599970953,26.124999999746283],[-174.03695200041867,26.124999999746283],[-174.0366240003556,26.124999999746283],[-174.04072500007047,26.122601999674767],[-174.04962000033447,26.11657799994029],[-174.05246900007154,26.112987000064127],[-174.05479099955394,26.10773700031373],[-174.05558300012248,26.105252000214072],[-174.05912300014577,26.094150999878625],[-174.06153500003981,26.08200799996624],[-174.06737399997928,26.059614000001012]]],[[[-176.04335399982034,27.795896999977785],[-176.04292000035036,27.778406000317823],[-176.03962700019929,27.758241999759331],[-176.03444500021089,27.749999999823395],[-176.02929199963648,27.742683000216612],[-176.02492700033102,27.738040000274953],[-176.02350100027596,27.736740000367469],[-176.0054720002716,27.7203109996865],[-175.99999999985494,27.716092999944571],[-175.99999999985494,27.714735000381744],[-175.99999999985494,27.710662999792635],[-175.99999999985494,27.709305999908207],[-175.97634699999625,27.696932000073332],[-175.96959800038582,27.693401999772728],[-175.93948800009645,27.688230999793479],[-175.89880799996592,27.698316000146331],[-175.89519199977462,27.699213000387111],[-175.87500000029655,27.710157000191881],[-175.87500000029655,27.709807999960837],[-175.87500000029655,27.708760999726135],[-175.87500000029655,27.708411999800745],[-175.86494500011622,27.714534000237304],[-175.84504999984071,27.728456999637402],[-175.81752499969775,27.722972000021706],[-175.80293899963226,27.723484999875559],[-175.77913799963559,27.725685000325324],[-175.74999999983984,27.733253999783592],[-175.74999999983984,27.732292000358751],[-175.74611500003502,27.73271699976479],[-175.73413400020749,27.738855000120129],[-175.72615899966019,27.749999999823395],[-175.72484499975812,27.752564000113104],[-175.6784269999705,27.843241000391565],[-175.67662400034692,27.846765000016557],[-175.66649200017369,27.874999999931081],[-175.66631200024864,27.874999999931081],[-175.66577300029834,27.874999999931081],[-175.66559400019824,27.874999999931081],[-175.66406199983797,27.894062000187819],[-175.66449299983321,27.906128000363093],[-175.6647899999341,27.9144179999839],[-175.6701279995581,27.941601000261478],[-175.68153299962552,27.958558999907808],[-175.70435399963094,27.982737000068976],[-175.70776099958488,27.984659999730983],[-175.73492800042587,28.000000000388869],[-175.73595000024986,28.000000000388869],[-175.73901599972191,28.000000000388869],[-175.74003800044423,28.000000000388869],[-175.74114200028404,28.000251999819934],[-175.74442600021428,28.00100400023404],[-175.74445399980334,28.001012000024598],[-175.74553900027487,28.001341999988959],[-175.74574099994123,28.001402999970232],[-175.74634699983864,28.001586999873609],[-175.74655000022824,28.001648999882352],[-175.74999999983984,28.003037000282102],[-175.75437400026448,28.004023000168637],[-175.76968400022812,28.007474999805609],[-175.77857799976894,28.008080000084504],[-175.78631399994163,28.008607000175008],[-175.78676300037853,28.008592000236664],[-175.79991400016812,28.008170000110965],[-175.80595800014697,28.007303000219011],[-175.80673300009877,28.007192000233903],[-175.8100520001891,28.005942000293981],[-175.81737800028296,28.002150000268784],[-175.82307199955915,28.000000000388869],[-175.85786800044269,27.982109000252098],[-175.87500000029655,27.973300999925399],[-175.87500000029655,27.97382299975504],[-175.87500000029655,27.975390000365284],[-175.87500000029655,27.97591300001141],[-175.90442699979732,27.960570000305683],[-175.90884399987965,27.958267999895131],[-175.93565000014729,27.94058100000542],[-175.9504629999935,27.936198999792172],[-175.96633500037197,27.929911000361905],[-175.98143899957299,27.913218000087817],[-175.98467099962471,27.906522999766864],[-175.98757299996353,27.90051399962779],[-175.99214400003166,27.889498999819317],[-175.99375400020972,27.874999999931081],[-175.99313400006861,27.874999999931081],[-175.99127500036852,27.874999999931081],[-175.9906560000523,27.874999999931081],[-175.98887400034511,27.861904000380516],[-175.97815700019089,27.847977000151751],[-175.97349200041143,27.844869000376146],[-175.95575899978473,27.833055000107862],[-175.93950599963978,27.827475999675361],[-175.925442999631,27.823431999746099],[-175.92102800009681,27.821439000052788],[-175.92430399963112,27.813710000180301],[-175.93250400030934,27.814450999961469],[-175.93883299979521,27.818622999723278],[-175.9645150001316,27.826977000147544],[-175.97456199991601,27.830245000208389],[-175.98324600029287,27.831420999869387],[-175.99068500036464,27.832581999746782],[-175.99999999985494,27.830529999668812],[-175.99999999985494,27.831492000384703],[-175.99999999985494,27.834381000202455],[-175.99999999985494,27.835344000261603],[-176.00619100014688,27.832607000124796],[-176.0108299999871,27.830285999769902],[-176.02501600001943,27.821579000102219],[-176.02677599998538,27.819530999634519],[-176.02871800042445,27.817272999747139],[-176.036632999799,27.80714200027089],[-176.04259200028733,27.798067999724914],[-176.04335399982034,27.795896999977785]]]]},"properties":{"NAME":"Honolulu County","BASENAME":"Honolulu","GEOID":"15003","STATE":"15","COUNTY":"003"}},{"type":"Feature","geometry":{"type":"Polygon","coordinates":[[[-157.01505799967376,21.261194000363094],[-157.01501900021404,21.256011000305236],[-157.01497999985597,21.250828000372653],[-157.0150049999703,21.24999900001043],[-157.01479999993091,21.236072000071985],[-157.0145329999672,21.218399000333914],[-157.01426500017863,21.20085299961157],[-157.01429299976772,21.19930399999982],[-157.01438099963124,21.194657000030162],[-157.01440999994358,21.193108999992592],[-157.01442500001218,21.192250999583258],[-157.01447400041599,21.18967999966539],[-157.01449100013443,21.188823000363101],[-157.01450799985287,21.187842000211795],[-157.01456399992935,21.184905999937193],[-157.01458300019593,21.18392800008229],[-157.01458200037104,21.183876000294241],[-157.01458400002082,21.183724999694668],[-157.01458800021879,21.183676000165896],[-157.01459300024169,21.183408999815768],[-157.01460699958707,21.182611000412592],[-157.01461199960994,21.182349000410387],[-157.01402400015417,21.182446000212774],[-157.01328400036249,21.182175999793184],[-157.01320900001943,21.182133999758069],[-157.01283699957543,21.181923000119003],[-157.01213899961652,21.181759000112198],[-157.01195399966861,21.181600999831431],[-157.01151199980271,21.181223000128679],[-157.01093600004253,21.180807999694469],[-157.01028900013725,21.180764999978475],[-157.00967700039203,21.180648999942065],[-157.00934699978083,21.180329999791521],[-157.00923899982584,21.180226000179253],[-157.00829900001759,21.180165000396791],[-157.00794699966508,21.180034999677915],[-157.00764399971638,21.179705000045974],[-157.00753099973844,21.179430999929082],[-157.00744500042308,21.179246000079655],[-157.00700699985683,21.179124999822047],[-157.0065690001889,21.179158000282875],[-157.00613099962266,21.179141999704996],[-157.00581299960535,21.178916000362246],[-157.00563100003049,21.178554000302444],[-157.00562199980968,21.178182999705832],[-157.00540699972447,21.177966000237234],[-157.00500300039178,21.177942000013978],[-157.00469399969694,21.177869000008947],[-157.00439300029643,21.17765999961172],[-157.00388500030829,21.177410000207455],[-157.00347299968132,21.177095999706967],[-157.00322199961118,21.176628999594246],[-157.00309299973972,21.176338999598201],[-157.00298099958675,21.1762419999781],[-157.00286000011124,21.176121999936885],[-157.00270600012541,21.176154000069083],[-157.0025350004212,21.176330999994608],[-157.0025350004212,21.176604999991646],[-157.00269100005681,21.176934999840054],[-157.00288900042352,21.177153000138119],[-157.00306099995268,21.177338000092913],[-157.00319099964901,21.177548000259208],[-157.00320800026574,21.177781000230411],[-157.00337999979487,21.177910000268653],[-157.00361199959849,21.177926000142168],[-157.00392999961582,21.178023000333067],[-157.00422300041708,21.178176000349435],[-157.00428299979322,21.178416999659952],[-157.00411999958661,21.178514000366434],[-157.00364000008588,21.178441999951758],[-157.00320999991558,21.17829699970827],[-157.00239399995587,21.178152000160225],[-157.00232500035892,21.178153000307805],[-157.00080600041741,21.177917999786793],[-156.99999799995535,21.177850999830063],[-156.99807399995794,21.177984999713178],[-156.99544600015381,21.178272000229576],[-156.9953819996814,21.178255000246608],[-156.99514099965697,21.178193999651132],[-156.99398499993865,21.177888999646722],[-156.99390700012083,21.177869000008947],[-156.99332799998763,21.17801899973923],[-156.99293299997743,21.177686000182199],[-156.99206000011631,21.177923999843941],[-156.99136100033246,21.178008999929489],[-156.9906220003657,21.178249000202882],[-156.9905300003042,21.178279999728176],[-156.99009900030896,21.17830199960347],[-156.98943599961183,21.178274999832198],[-156.98894400041556,21.178456999622213],[-156.98877000033832,21.178521999851927],[-156.98870300039115,21.178514000366434],[-156.98773500009548,21.178411999768596],[-156.98667300008847,21.178543999691229],[-156.98639899955381,21.178635999593023],[-156.98566299996006,21.178886000275298],[-156.98509899989543,21.179076999747803],[-156.98402000017001,21.17919200003924],[-156.98351300000678,21.178939999589812],[-156.98329899974655,21.178924999968338],[-156.9827280000093,21.17888700041788],[-156.98192799994311,21.178520000399395],[-156.98134499961193,21.178080999717338],[-156.98080200036202,21.177900999763139],[-156.9799040003866,21.17804099965339],[-156.97932600007826,21.178102999622276],[-156.9787670000365,21.177809000241741],[-156.97785700036547,21.177159000226347],[-156.97745300013443,21.176881999949586],[-156.97702999963681,21.176937000151653],[-156.97664100037272,21.176671000355302],[-156.9764720003183,21.176554999620418],[-156.97586100039806,21.176374000162252],[-156.97555900027425,21.176316000108525],[-156.97533800034131,21.175902999631642],[-156.97457300043524,21.175551999877445],[-156.97439000013713,21.175468000220842],[-156.97415999998336,21.175363999702334],[-156.97390100041559,21.175371000029486],[-156.97382100004967,21.175329999903578],[-156.97364299977443,21.175239999955103],[-156.97384899963873,21.174925999873494],[-156.97388700017189,21.17486999959149],[-156.97376199960007,21.174255999626276],[-156.97371899994241,21.17382500026736],[-156.97371300009462,21.173760999825927],[-156.97370600042191,21.173682000041282],[-156.97366000039116,21.173454999714849],[-156.9736229996829,21.173269999929186],[-156.97316699957335,21.173009999658269],[-156.97278400015702,21.172221999628398],[-156.97248700005613,21.171612000328746],[-156.97230899978084,21.171244999849947],[-156.97187000028802,21.169837999598652],[-156.97142000002623,21.168899999815803],[-156.97187100011294,21.168506000269662],[-156.97210100026672,21.167683999824593],[-156.97199300031167,21.167351999840125],[-156.97177200037876,21.166673000123335],[-156.97169899968549,21.166058999646165],[-156.97163299956327,21.165655000267396],[-156.97160900017212,21.165649999944691],[-156.97130200002545,21.165583999690302],[-156.97128799978177,21.16558099983035],[-156.97116099956017,21.165240999950527],[-156.97013899973612,21.164582000361307],[-156.96962599972514,21.164144999849441],[-156.96952299979299,21.164061000417895],[-156.96933100017236,21.163903999906463],[-156.96927500009585,21.163768000182557],[-156.96922499986718,21.16364599958473],[-156.96899399988848,21.163469999808544],[-156.96871699987904,21.163259000353111],[-156.96837899977024,21.162862000113634],[-156.96819100034759,21.16264200003301],[-156.96801399989727,21.162451999700195],[-156.96763999980345,21.162047999689793],[-156.96752099997775,21.161900999617664],[-156.96751900032794,21.161933999732039],[-156.96751199975694,21.162073999653156],[-156.96750599990915,21.162089000145489],[-156.96742800009136,21.162022999978465],[-156.96693000014898,21.161605000192022],[-156.96595199980757,21.160781000258275],[-156.96561799989675,21.160507000276635],[-156.96546999975871,21.160335999783378],[-156.96504899980923,21.159847999714543],[-156.9651109997335,21.159743999945103],[-156.96518400042677,21.159623999927021],[-156.96520799981792,21.159586999880883],[-156.96522399971144,21.159561999753894],[-156.96523299993225,21.159549000389916],[-156.96530499990229,21.159435999619316],[-156.96537199984942,21.159335999821803],[-156.96490800024225,21.159341000357834],[-156.96488599960264,21.159341000357834],[-156.96472699959395,21.159343000069519],[-156.96451700042999,21.159346000055919],[-156.96278599987809,21.159363999972989],[-156.96250800004375,21.159368000233506],[-156.96229999963131,21.159671999610808],[-156.96225799979851,21.15973200003144],[-156.96213499977486,21.159912000309649],[-156.96209399976698,21.159973000065698],[-156.96174800016058,21.160479000341649],[-156.96170600032778,21.160542000397328],[-156.96035399989256,21.161259999921949],[-156.95985199975223,21.161525999781087],[-156.9599639999052,21.161622999834382],[-156.95999700041551,21.161683999723035],[-156.96011700006608,21.161906000067006],[-156.96060999998559,21.161771999861497],[-156.96089500039096,21.161683999723035],[-156.96108399963853,21.161871000268871],[-156.96144400038696,21.16212299963615],[-156.9620820000714,21.162175000369714],[-156.96259900028036,21.162299000176418],[-156.96273499982448,21.16250899990942],[-156.96234499983714,21.162725000018057],[-156.96222299963841,21.162909999585114],[-156.96233300014157,21.163258000104832],[-156.96262400039473,21.163517999920547],[-156.96312300016203,21.163803000369843],[-156.96402899963505,21.164873000185796],[-156.96468999978401,21.165604000151269],[-156.96474800040866,21.16566799993279],[-156.96481500035583,21.166015999831078],[-156.96468300011134,21.166393999862152],[-156.96447300004905,21.166748999625941],[-156.96435300039849,21.166602000034711],[-156.96431700041347,21.166556999925504],[-156.96424200007041,21.166465000050568],[-156.96398500015243,21.166197000234579],[-156.96367299998289,21.166445999932673],[-156.96367899983068,21.166882000127508],[-156.96382299977071,21.167205000010227],[-156.96393300027393,21.167488999840717],[-156.96364000037093,21.167471000074137],[-156.96346700011858,21.167559000122285],[-156.96346299992061,21.168034999818182],[-156.96327799997269,21.168632000221624],[-156.9632300002921,21.169300999764808],[-156.96273399999956,21.169911999582052],[-156.96273099962653,21.170269999884756],[-156.96272899997669,21.170591000350829],[-156.96259599990731,21.171089999812491],[-156.96301199983392,21.172044999811888],[-156.96282600006109,21.17271399983737],[-156.96263000024251,21.173552999666011],[-156.96268499959578,21.174255999626276],[-156.96238800039316,21.174730000050207],[-156.96248799995226,21.175222999623621],[-156.96183900039716,21.175534999581817],[-156.96163699983248,21.176058999813435],[-156.9620600003301,21.176786000004764],[-156.96261699982372,21.177743000385952],[-156.96307399975819,21.178997000147881],[-156.9631649999948,21.179554000212509],[-156.96299699976529,21.180021000302471],[-156.96239300041606,21.18010700015461],[-156.96187799985691,21.179677000393614],[-156.96143799964085,21.179731000256936],[-156.96102599991218,21.179429999790138],[-156.96067299973481,21.179363999820183],[-156.96054600041148,21.179016000329018],[-156.96046600004553,21.178601999708814],[-156.96042099983973,21.178369000193523],[-156.9600979997995,21.177761999890574],[-156.95979099965288,21.17718700035546],[-156.95984599990447,21.176767999694029],[-156.95955200017659,21.17652700020928],[-156.9593999998406,21.176401999602383],[-156.95907500015059,21.175955999872937],[-156.95915499961819,21.17568200034891],[-156.95880399998893,21.175244999953659],[-156.95870600007964,21.174550000205944],[-156.9589279998375,21.173694999839075],[-156.95912000035645,21.172953000143508],[-156.95932700004568,21.172154999604444],[-156.95914799994554,21.17063700026922],[-156.95896499964743,21.169796000248148],[-156.95873600021687,21.169222000111507],[-156.95910600011271,21.16813400022426],[-156.9591739998848,21.167028000055506],[-156.95911199996053,21.166106999756149],[-156.95897200021844,21.16402399980548],[-156.95900800020345,21.16372499970182],[-156.95863099973658,21.163360000261008],[-156.95873399966874,21.162379999845452],[-156.95874100023974,21.162326000350287],[-156.9587939999432,21.161946000304919],[-156.9588090000118,21.161839000398295],[-156.95886099989036,21.161464000404649],[-156.95893399968529,21.160948000019683],[-156.95841499982652,21.159952000248637],[-156.95785300031002,21.158923999977102],[-156.95781899997488,21.158805999850976],[-156.95759999969175,21.158041999683611],[-156.95664099961692,21.15714900016598],[-156.95611799956018,21.156695000381632],[-156.95635699993477,21.155872000223624],[-156.9558649998402,21.15590199995038],[-156.95555500021879,21.15583600037592],[-156.95522100030797,21.155381999916315],[-156.95509499991124,21.155364999816722],[-156.95485100041211,21.155331999913471],[-156.95453199967156,21.155264999782638],[-156.954303000241,21.154812000390855],[-156.9540689998893,21.154811000085491],[-156.95364700011487,21.154809000312586],[-156.95332900009757,21.154596999933734],[-156.95285700009447,21.154263999607071],[-156.95194700042344,21.153733999910067],[-156.95103500020429,21.153463000395824],[-156.95004900036528,21.153748000097192],[-156.94921699961375,21.154332999970272],[-156.94878300014378,21.154274999655001],[-156.94828699985126,21.154204999793144],[-156.94775100027405,21.154440000275581],[-156.94768699980165,21.154694000338402],[-156.94766099986236,21.154801999850463],[-156.94813100021562,21.155313000042007],[-156.94793799987181,21.155796000162514],[-156.94723800026307,21.156010000256856],[-156.9466850000691,21.15611200038084],[-156.94667000000049,21.156976000238895],[-156.94607400014885,21.157109999759403],[-156.94581300003293,21.157091000116097],[-156.94535799974824,21.157057999759818],[-156.94458000032168,21.157295999930653],[-156.94446099959771,21.157402000320079],[-156.94416299967187,21.157673000164465],[-156.94422999961904,21.157956000409136],[-156.94471300039109,21.158023000159908],[-156.94498600020259,21.158477000060508],[-156.9442079998777,21.158585999606107],[-156.94328200031319,21.159089999881655],[-156.9430110001515,21.159484000201829],[-156.94260199989762,21.159989999636149],[-156.94213499991739,21.16017300040798],[-156.94184299983934,21.159953999952105],[-156.94157000002784,21.159629999888331],[-156.94164600019582,21.158652999909517],[-156.94166700011223,21.158127999745883],[-156.9418410001895,21.157887000058928],[-156.94161100003575,21.157554999878943],[-156.94147700014145,21.156948999926954],[-156.94155800033229,21.156569999775829],[-156.94162899957908,21.156214999892676],[-156.94130999973686,21.156245000387717],[-156.94084600012965,21.155976999659593],[-156.94026100014867,21.155723000122226],[-156.94019099982847,21.155707000361073],[-156.93958999995394,21.155565999982514],[-156.93917700040038,21.155450999758514],[-156.93904099995794,21.155062999742388],[-156.93891600028445,21.154554000139967],[-156.93851100022852,21.15442199975984],[-156.93842800038786,21.154508999718967],[-156.93830299981605,21.154639000246306],[-156.93796700025536,21.154565000166347],[-156.9377300004289,21.153990000130207],[-156.93735200013714,21.153746000309884],[-156.93694100023342,21.153348000214027],[-156.93686500006541,21.153025000252875],[-156.93714299989978,21.152791999838279],[-156.93706799955669,21.152461000283775],[-156.93690000022553,21.152370999831486],[-156.93665599982805,21.152240999826343],[-156.93626900021374,21.151988000069114],[-156.93627300041172,21.151930999997923],[-156.93629799962775,21.151569000106626],[-156.9360950001365,21.151116000299119],[-156.93559600036923,21.150926999747817],[-156.93507900016027,21.150779000029843],[-156.93498799992366,21.150301999802075],[-156.93467599975412,21.149355999988721],[-156.93432500012483,21.148901999769325],[-156.93405899998606,21.148714999599086],[-156.93396699992454,21.148351000364798],[-156.93381499958858,21.14787399985752],[-156.93304700020781,21.146795999979819],[-156.93253500002172,21.146035000101691],[-156.93252099977803,21.145999000376147],[-156.9323149999137,21.14545200002523],[-156.93189399996422,21.145271999763686],[-156.93157599994692,21.145052999890602],[-156.93162299980253,21.14460099979841],[-156.93138500015118,21.144099000396647],[-156.93107700017964,21.143687999593283],[-156.93099299961571,21.143499999999559],[-156.93111599963933,21.143129000342011],[-156.9310410001946,21.142772999691033],[-156.93070599956053,21.142642000090504],[-156.9307599999872,21.142254999583557],[-156.9308939998815,21.141658000059998],[-156.93054300025221,21.141285000023665],[-156.93016400013556,21.141332000228193],[-156.92987799990527,21.141523999964075],[-156.92974200036113,21.141241000157379],[-156.92983000022468,21.140886000396449],[-156.92984000027045,21.139617999635114],[-156.92935499984856,21.138917000227497],[-156.9288030003778,21.138212999603006],[-156.92815999977219,21.13773500038613],[-156.92747400040716,21.13761199970368],[-156.92643400014146,21.136872999741712],[-156.92607599994116,21.136619000121545],[-156.92569199980161,21.13623599985139],[-156.92532199990578,21.135864000006553],[-156.92472900042713,21.134796000101947],[-156.92470500013769,21.134752999587619],[-156.92427599979231,21.133978000319608],[-156.92318199999826,21.13276800032299],[-156.92258199994868,21.132103999735424],[-156.92242100029014,21.131970999839385],[-156.92227399997708,21.131850000321741],[-156.92129499981075,21.131041000205695],[-156.92128599958994,21.131034000296236],[-156.92126100037387,21.131014000194074],[-156.92125299997795,21.131007999911489],[-156.92002399956644,21.130274000381245],[-156.91968100033307,21.130069000040152],[-156.9180719999799,21.129479000010797],[-156.91590000028535,21.129611999628768],[-156.91493899966238,21.129671000019584],[-156.91447900025315,21.129738999631392],[-156.9138070002335,21.129834999917488],[-156.91163399981576,21.130147999632946],[-156.91049800018891,21.130311999841094],[-156.90937900028052,21.130496999674211],[-156.90719099979412,21.13077299996537],[-156.90398499968168,21.131178000282112],[-156.90322999982135,21.13126800020224],[-156.90309199972913,21.131284000089206],[-156.90170699968192,21.131449000341668],[-156.90024100034222,21.131624999626471],[-156.90085399991233,21.13251799968112],[-156.90165900000136,21.133281000336609],[-156.9017109998799,21.134298999865841],[-156.90148499992409,21.134910999603893],[-156.90134099998403,21.135296999582152],[-156.9012880002806,21.135442999650511],[-156.90118000032555,21.13606400022837],[-156.90123399985393,21.1363440002531],[-156.9013460000069,21.136929000153597],[-156.90114000014259,21.13799299976932],[-156.90099600020255,21.138446000327555],[-156.90079500036109,21.139080999949798],[-156.9003669998406,21.139757000138406],[-156.89979600010329,21.140059999987979],[-156.89936900030602,21.140599000279504],[-156.89894499998351,21.140831000203999],[-156.8992420000844,21.141453999940822],[-156.89921600014515,21.142034999886047],[-156.89921100012228,21.142100000192453],[-156.89957199979733,21.142442000368227],[-156.89967300007964,21.142537999966965],[-156.90048999986425,21.142970999871558],[-156.90051599980353,21.1440120001872],[-156.90028099962689,21.145423999756858],[-156.89978000020974,21.146229999859507],[-156.89926800002368,21.147056999738925],[-156.89912999993143,21.14724999995196],[-156.89887600038654,21.147604000027709],[-156.89833599971305,21.147903000014768],[-156.89806999957426,21.14805100009329],[-156.89636200038524,21.148123000213864],[-156.8960229995532,21.148418999783356],[-156.89602799957606,21.148993000161045],[-156.89608500037579,21.149396999770239],[-156.89640300039309,21.149487000354327],[-156.8973490000491,21.14879799985162],[-156.89828700020755,21.148372999662644],[-156.8983180001697,21.148358999805204],[-156.89887600038654,21.148497999647681],[-156.89914500000003,21.148565999836531],[-156.89968800014827,21.148569000041281],[-156.90031800033512,21.148451000041018],[-156.90054000009295,21.148816000213206],[-156.90097600011106,21.149327000115981],[-156.9014720004036,21.148789000088932],[-156.90234899956434,21.14911599977302],[-156.90275500034355,21.149945999633815],[-156.90280800004697,21.150054999595021],[-156.90348000006662,21.15009900019459],[-156.90408900033708,21.150531000284069],[-156.9045429998985,21.150984999698835],[-156.90495999965003,21.151299999801768],[-156.90509199989452,21.151400000000198],[-156.90552000041501,21.151837999922861],[-156.90617499981789,21.151826000206189],[-156.90664299962305,21.151593999907725],[-156.90695300014278,21.151620000031475],[-156.90693200022633,21.152177000104096],[-156.9070410000063,21.152597000342148],[-156.90724699987064,21.152780999680225],[-156.90758900017738,21.153085000016237],[-156.90818099983107,21.15358899974941],[-156.90864199996355,21.154147999737564],[-156.90872200032948,21.154503999857528],[-156.90880099997219,21.15484799964975],[-156.90880900036811,21.15488399973766],[-156.90883100010942,21.155417000410928],[-156.90918099991379,21.155863000053049],[-156.90999600004858,21.156489000278633],[-156.91001500031516,21.156497000117181],[-156.91062399968729,21.156741999885092],[-156.91095900032136,21.156873000418695],[-156.9113009997298,21.157326999657236],[-156.91151300034019,21.157723999662391],[-156.91183800003023,21.157950000379955],[-156.91259600026359,21.158148000376627],[-156.91241600033857,21.159155999680955],[-156.91260100028646,21.159730000324998],[-156.91332600000956,21.15973399973787],[-156.91358899977533,21.16028400007923],[-156.91379600036285,21.160420999920962],[-156.91424999992429,21.160724000221311],[-156.91531899960398,21.161693000377426],[-156.91544099980271,21.161803999746564],[-156.9158769998208,21.162379999845452],[-156.91629000027268,21.162534999791845],[-156.91634600034917,21.16266300030615],[-156.9165520002135,21.163134000263852],[-156.91710000038458,21.16371000021303],[-156.9176350001369,21.163713000110892],[-156.91836099968486,21.163482999665877],[-156.91902900040489,21.163058999992078],[-156.91940099995057,21.16294799988869],[-156.91958699972341,21.163327999874621],[-156.91982699992292,21.163451000143827],[-156.9203819997667,21.163050000258483],[-156.92080699991413,21.162826000290369],[-156.92103000039518,21.162933000321161],[-156.9204520000869,21.164075999871116],[-156.91926799988116,21.1663309997844],[-156.91723099990585,21.170222000287566],[-156.91705500017878,21.17055799965393],[-156.91678999986485,21.170918999820593],[-156.91532699999991,21.172917999607588],[-156.91500099958665,21.173364000120859],[-156.91481999983671,21.1735690000109],[-156.91467199969867,21.173798999855784],[-156.91422900000791,21.174487999585271],[-156.91408199969482,21.174718999847272],[-156.91368900023272,21.175331000070219],[-156.91251199969972,21.177165999630887],[-156.91212000006254,21.177778999930222],[-156.89920199990146,21.197928000028693],[-156.87119499970964,21.231886999972492],[-156.87436200036234,21.233092999644676],[-156.87873599988862,21.233546000262336],[-156.88173600013675,21.233642999930897],[-156.88610999966309,21.234343999911825],[-156.89394799994304,21.234006000386021],[-156.90242999975519,21.232336000148166],[-156.91027899990578,21.229571000383459],[-156.91162899979287,21.233595999762816],[-156.91407099982416,21.237727000352134],[-156.9171510004382,21.24378399984624],[-156.921108000213,21.249999999671335],[-156.92357000033579,21.252722000017481],[-156.92739999988899,21.256577999800701],[-156.93699200028703,21.26244899981646],[-156.95216699963314,21.26932799997606],[-156.97128899960666,21.274365000070528],[-156.97879799999865,21.274618999776845],[-156.99034299980812,21.273534000113205],[-156.99999999960519,21.26981399997074],[-157.00908599966493,21.265947999656763],[-157.01505799967376,21.261194000363094]]]},"properties":{"NAME":"Kalawao County","BASENAME":"Kalawao","GEOID":"15005","STATE":"15","COUNTY":"005"}},{"type":"Feature","geometry":{"type":"MultiPolygon","coordinates":[[[[-159.2728540002569,22.036567000224437],[-159.27134100016318,22.039335000399511],[-159.27036799984467,22.041118000153972],[-159.26757799965878,22.048006999879021],[-159.2663940003514,22.050932000303703],[-159.26506700003057,22.054208999942816],[-159.26468100024115,22.055162999714994],[-159.2617689998566,22.064287999823947],[-159.26069500015407,22.067656999833428],[-159.25901200018103,22.072932999716571],[-159.24999999974111,22.084145999795613],[-159.24999999974111,22.087342000349629],[-159.24879499961904,22.09024000032338],[-159.24704399987397,22.094453000289544],[-159.24502000031742,22.101652000348963],[-159.24261300044623,22.111865999842852],[-159.24192600035798,22.118901000354775],[-159.24182699972545,22.124999999799915],[-159.24215399996359,22.127029999850027],[-159.24273399992174,22.1363250002121],[-159.24391700030253,22.147211999761243],[-159.24577900037571,22.166807999989079],[-159.24999999974111,22.175775000063069],[-159.25362199978017,22.180513999842592],[-159.25952900038999,22.19176099985069],[-159.26551700029233,22.203914999845683],[-159.27939500035319,22.22021499961761],[-159.29132500012713,22.233619999887541],[-159.2935550004463,22.235679999945212],[-159.29650899976536,22.238690000092582],[-159.29812800016424,22.24018000003738],[-159.29974599983993,22.241668999669553],[-159.29994199965853,22.241850000374381],[-159.30013900020032,22.242031000013924],[-159.30186999985389,22.243623999614051],[-159.307066000086,22.248406000132704],[-159.30879799956452,22.249999999777604],[-159.3208910004434,22.25888200015261],[-159.33294000004304,22.265724999779884],[-159.33425200029527,22.266470000071575],[-159.35568700042865,22.269654000223255],[-159.37500000019784,22.280337999832629],[-159.37978899982588,22.283294999944367],[-159.38967300030197,22.287507000192502],[-159.40292000035103,22.290473000042695],[-159.41241300011657,22.28884599996227],[-159.41403199961715,22.288168999681687],[-159.42214500025671,22.284782999843536],[-159.43275500028082,22.27803500036671],[-159.43933400001194,22.281627000236501],[-159.43977000003002,22.281864999637744],[-159.44463499982604,22.282444999653332],[-159.45682099969304,22.283897999866298],[-159.46072899996236,22.284187000151753],[-159.46611199979219,22.284587000398215],[-159.47658399972403,22.285363000222713],[-159.48404299988729,22.285916000374158],[-159.49999999975626,22.28371500040058],[-159.50682600025792,22.2824779996564],[-159.50768700042343,22.282007999910906],[-159.5154069998043,22.277799000282368],[-159.51706499966295,22.277385999592145],[-159.5197860002518,22.276707000315149],[-159.52465400042087,22.275493999689001],[-159.52799000022966,22.276132999897754],[-159.53074500025537,22.276661000400384],[-159.5326280002449,22.277022000029714],[-159.53356200020536,22.2772009998918],[-159.53798400031059,22.279071999997882],[-159.53975000012426,22.279819999850261],[-159.547441999916,22.283075999924456],[-159.55584000006263,22.283013000105715],[-159.56134099989325,22.282971999627883],[-159.57488300039341,22.282950000258566],[-159.58299000028686,22.279988000369304],[-159.59638899977355,22.277999000125977],[-159.60492199963937,22.275028999887461],[-159.61295200043824,22.272235000013634],[-159.61919100041075,22.266836999916492],[-159.62500000021296,22.261810999767935],[-159.62500000021296,22.263298000310474],[-159.64000200020504,22.249999999777604],[-159.64178599956207,22.249999999777604],[-159.64560400031803,22.247765000091263],[-159.65345400029352,22.244565999761488],[-159.66317100036505,22.238561000343207],[-159.67209199967002,22.231264999924473],[-159.67240700021262,22.231083000173989],[-159.67725199991716,22.227107999866881],[-159.69115799956708,22.220985999920075],[-159.70799200039338,22.213181000286479],[-159.72754399963887,22.207156999997071],[-159.74999999977135,22.199448999845174],[-159.74999999977135,22.197717999854294],[-159.76341400022497,22.18975200038167],[-159.76563000030049,22.187699000093819],[-159.77279999986041,22.181059999656487],[-159.77727600039231,22.174651999905212],[-159.7833570001811,22.167508999981241],[-159.78882600022467,22.160105000250301],[-159.79166599974087,22.15260200005574],[-159.79202300011627,22.151660000085499],[-159.79315700009326,22.144613999768083],[-159.79331500027703,22.141590000399859],[-159.7933849996989,22.141098999618478],[-159.79405099987076,22.136471999823165],[-159.7940059996649,22.134621999935973],[-159.79779699975836,22.130977000271855],[-159.80055699980696,22.12614000029204],[-159.80111199965074,22.124999999799915],[-159.80186800023429,22.124999999799915],[-159.80413700001321,22.124999999799915],[-159.80489400042165,22.124999999799915],[-159.82112499992701,22.110055000185604],[-159.82598300005031,22.105421000303345],[-159.83772299985347,22.094225999787149],[-159.84812399964019,22.076072999973686],[-159.84809100002823,22.059760000245596],[-159.84712299973259,22.052870000132796],[-159.85067799982448,22.04059000004872],[-159.8509520003592,22.027459000369664],[-159.85095900003188,22.027146999890316],[-159.85004500016291,22.01648599958887],[-159.84775899976722,22.00852499966847],[-159.84360899964855,21.999999999619256],[-159.84260400044133,21.999999999619256],[-159.83958900012459,21.999999999619256],[-159.83858400001901,21.999999999619256],[-159.83373699976636,21.989295000031987],[-159.82538700019865,21.977852999666464],[-159.81983500031438,21.970246000177578],[-159.80860500014919,21.952901999733132],[-159.79360099960897,21.939780000183053],[-159.79166699956576,21.938795999826716],[-159.77527000037909,21.930455000133367],[-159.76826599960219,21.928936999724886],[-159.76207500020857,21.927595999604868],[-159.74999999977135,21.91940200026017],[-159.74555900029787,21.917132000172977],[-159.74370800009538,21.916186000209095],[-159.73815799986093,21.913348000117519],[-159.73630800038168,21.91240300012181],[-159.73584399987618,21.912166000316887],[-159.73154899999258,21.911164999720121],[-159.71843800038599,21.908109999790813],[-159.71711299971491,21.908000999697091],[-159.71220000023834,21.907597000281555],[-159.71171399999153,21.907556999914032],[-159.7114550004238,21.907337000192122],[-159.7095620003885,21.905731999746006],[-159.7089320002016,21.905198000175648],[-159.70445200037008,21.901399999854281],[-159.69767699992204,21.895655000022181],[-159.68980400038035,21.891873000217259],[-159.6878879998805,21.890952999950652],[-159.68554999960628,21.888026000000959],[-159.68435600025316,21.886530999880854],[-159.68077400039709,21.882047000008207],[-159.67958000014562,21.880553000065262],[-159.67950599962745,21.880459999931528],[-159.67826600024355,21.879427999810531],[-159.67427199976049,21.87610700001435],[-159.67294100013999,21.875000000412545],[-159.67270799961318,21.875000000412545],[-159.67200999965428,21.875000000412545],[-159.67177799985069,21.875000000412545],[-159.67026800013002,21.873804999608353],[-159.66683500023692,21.871086999616665],[-159.66572999967386,21.870232999833867],[-159.66420700043275,21.869057000148416],[-159.66265900017896,21.867861999607285],[-159.66111099992517,21.866666000313423],[-159.65768700025285,21.864022000323285],[-159.6457380002123,21.855863999710515],[-159.64199800017252,21.853277999695173],[-159.63653400015178,21.849816000188746],[-159.63125900027697,21.846688000363546],[-159.62500000021296,21.844014999817094],[-159.62476900023429,21.84387399971224],[-159.62430899992674,21.843847999618603],[-159.61925199961181,21.843545000038407],[-159.61240500009205,21.842873000196612],[-159.60527200034204,21.843130000102196],[-159.59966900040416,21.843658000009224],[-159.59621399987137,21.844409000076443],[-159.59523100040542,21.844622999994961],[-159.59199699980559,21.84519099974429],[-159.59161100001617,21.845259000238258],[-159.58790699996138,21.84546999967672],[-159.5792979999276,21.843829999999969],[-159.57747299966439,21.843482999728696],[-159.57509199973248,21.842994000391396],[-159.57268800023431,21.842499999764691],[-159.56547599994329,21.841018000148654],[-159.56307300027004,21.840524999968096],[-159.56083600027819,21.840064999791959],[-159.55860199976101,21.839608999744357],[-159.55597999980469,21.83907500037413],[-159.55059600014991,21.837314999769546],[-159.54547299971273,21.835771000286364],[-159.54503000002194,21.835637999659522],[-159.54099799990408,21.834895000358266],[-159.53765399969939,21.834277999673329],[-159.53622000014673,21.834123999873771],[-159.5296380000425,21.833418000229351],[-159.52295600037922,21.83367600027205],[-159.52178499969398,21.834019000066974],[-159.51823999964782,21.835059999724027],[-159.51709999982305,21.834931999984978],[-159.51440699972159,21.834628000041292],[-159.51148600001449,21.834299999750257],[-159.50637400034628,21.833406999706536],[-159.50626800004108,21.833388999607209],[-159.50366700000114,21.833461999810606],[-159.5029330000572,21.833482000373859],[-159.50073299987525,21.833544000017465],[-159.49999999975626,21.833565000388298],[-159.49999999975626,21.833316000200448],[-159.49999999975626,21.832570000197169],[-159.49999999975626,21.832321999772397],[-159.49348899979719,21.82918000035507],[-159.4797399996078,21.824758000405968],[-159.47666200044017,21.823768000100142],[-159.47018900011594,21.821834000245694],[-159.4624720002098,21.819528999633839],[-159.46014999982913,21.819069000313871],[-159.45373900032746,21.817799999847214],[-159.44952499973641,21.817436000127429],[-159.44399899979143,21.817788999791368],[-159.43285300019011,21.820770999752284],[-159.41057199995981,21.831785000378179],[-159.40390000034225,21.834953000151962],[-159.40294999958996,21.83559499971879],[-159.39814900026633,21.838847999986172],[-159.39057299992723,21.844151000224066],[-159.38609200027079,21.847096000235929],[-159.38193799995418,21.84982500003828],[-159.37500000019784,21.854433999966911],[-159.37500000019784,21.855328000046054],[-159.37346899966249,21.856983999809419],[-159.37118200034021,21.858990999928661],[-159.36816899967332,21.860677999929006],[-159.36274499983557,21.863021999852375],[-159.35777899975722,21.865692000310553],[-159.35651099988593,21.866668999909429],[-159.35569099972827,21.867301000378234],[-159.35487099957064,21.867932999716633],[-159.35322799978059,21.869198000407071],[-159.35266299989107,21.869633999716719],[-159.34941199957279,21.872680000338804],[-159.34870799976611,21.873460000374955],[-159.34732100006912,21.875000000412545],[-159.34233099970129,21.880190999929486],[-159.33975499977572,21.886444000338063],[-159.33373400026142,21.889835999602582],[-159.33082600007484,21.891474999911726],[-159.32011399994343,21.89829999997291],[-159.30797800030516,21.90867299962003],[-159.30307900017399,21.916476999707832],[-159.2928230001522,21.928574000000008],[-159.29166400006085,21.930225000203183],[-159.28963799995617,21.93311000007612],[-159.28435399986049,21.940637000406788],[-159.28127699961951,21.95190199969581],[-159.28009599978682,21.956225999866056],[-159.27970199960149,21.960305999685236],[-159.27922200010082,21.965295999797089],[-159.28158600031432,21.981767999595942],[-159.28101899987664,21.985820999971828],[-159.28052900033018,21.989332999948896],[-159.28037199997132,21.994367000187129],[-159.28033599998633,21.995493000103401],[-159.2802299996811,21.998873000176282],[-159.28019600024425,21.999999999619256],[-159.27988700044776,22.001181000122024],[-159.27989300029557,22.001225000371043],[-159.28040600030656,22.004986000041423],[-159.28057799983566,22.006239999784736],[-159.2809169997694,22.008719000230492],[-159.28208400025667,22.012806000282744],[-159.28371100015318,22.018500999889728],[-159.2825939998946,22.020234000130824],[-159.28008300026636,22.024111999779553],[-159.27663699995441,22.029642000192219],[-159.27609100033143,22.030640000161917],[-159.2728540002569,22.036567000224437]]],[[[-160.30435999962617,21.853794999839174],[-160.30500700042981,21.845921999606727],[-160.3043029997248,21.841175999924591],[-160.30450399956624,21.832623000138017],[-160.30382099967596,21.819577999735316],[-160.30153400035368,21.804151999980686],[-160.29852599970963,21.79050000017526],[-160.29345300039947,21.779969999680826],[-160.28649800002637,21.770700000257104],[-160.27821100020788,21.757780999611285],[-160.27106900023702,21.752066000330938],[-160.26722799991489,21.750000000219579],[-160.26768300019953,21.750000000219579],[-160.26904999980505,21.750000000219579],[-160.26950599991463,21.750000000219579],[-160.26577799957039,21.746179999909589],[-160.25893199987553,21.74283399961886],[-160.24999999980156,21.740545000319241],[-160.24823800018586,21.739723000387553],[-160.23886699972073,21.735354000106074],[-160.22884900024863,21.732488999798253],[-160.21830100014884,21.7287969999106],[-160.20828100012858,21.728241000211341],[-160.19799199959652,21.729827000119869],[-160.18619499989197,21.73214599984971],[-160.17876400021615,21.734999000080371],[-160.17732200026757,21.735553999840132],[-160.17030999999304,21.73955099973179],[-160.16024999978984,21.750000000219579],[-160.155275000389,21.757154999820635],[-160.15205599985777,21.762954999928006],[-160.15180999981047,21.763798999597626],[-160.14853799957581,21.775062999882042],[-160.14736299959091,21.782294999836136],[-160.1439609996599,21.787421000147756],[-160.14193899975317,21.799026000101836],[-160.13836100009505,21.804236000350127],[-160.13501100004257,21.808436000206193],[-160.13005400018505,21.814653000337131],[-160.12500000024318,21.821207000042982],[-160.12201500006367,21.824960000329401],[-160.10843699957852,21.827307000258813],[-160.10409999986209,21.828031999847404],[-160.09298199984985,21.829891999974894],[-160.08241799985655,21.834852000194104],[-160.0695249998098,21.840968000119883],[-160.0594079997052,21.845594000213019],[-160.04640400022868,21.854305000394504],[-160.04270799967148,21.85755700036945],[-160.03724200000093,21.862369000148028],[-160.03103200034076,21.869363999746707],[-160.02813599984972,21.874997999687089],[-160.02830099970615,21.874997999687089],[-160.0287960001738,21.874999000049815],[-160.02896199985514,21.875000000412545],[-160.02488999955432,21.884977000171393],[-160.02290799983055,21.896459000387878],[-160.02242300030696,21.911574999655297],[-160.02585600020012,21.92384700000451],[-160.0275020003632,21.931213999682061],[-160.02151699993561,21.940107999622395],[-160.01413899996319,21.946385999702905],[-160.00619100007839,21.956575000281784],[-159.99999899996158,21.968102000101467],[-160.00007299958139,21.968324999964072],[-159.99999999978647,21.971329000037716],[-159.99750500005172,21.975835999787112],[-159.99621700008893,21.979023999941887],[-159.99588499982789,21.980209000282731],[-159.99562500043521,21.9821410003679],[-159.99589099967568,21.983977999978283],[-159.99587499978216,21.985368000267776],[-159.99627399999034,21.98812499993323],[-159.99720499957775,21.992510000233587],[-159.99999999978647,21.995087999857176],[-160.00037600042842,21.99544699987656],[-160.00122599982498,21.996409999647309],[-160.00226299971763,21.998363999604173],[-160.00279800036822,21.999999999619256],[-160.00355499987839,22.001977999866281],[-160.00452099962587,22.006891999710344],[-160.00835699992516,22.013792999860172],[-160.01168799971106,22.019784000128368],[-160.01828800025692,22.030010000243738],[-160.0271690002773,22.038857999992079],[-160.03718599992447,22.045313000104645],[-160.04221700030013,22.049537999593685],[-160.0447930002257,22.054889000180843],[-160.05672200017474,22.068344999833336],[-160.06346099973945,22.072675999652159],[-160.07514899966407,22.076994000367364],[-160.08589199975756,22.079388000239838],[-160.10030700011882,22.082497000115914],[-160.11262400040539,22.082918999635499],[-160.11920499978635,22.082346999971087],[-160.12193800007077,22.081719999838473],[-160.12382199988525,22.081556000001676],[-160.12500199989299,22.081135000315239],[-160.12905400010237,22.079234000261835],[-160.14041599961374,22.073322000314413],[-160.15143300024192,22.060514999664136],[-160.15954400033334,22.041324999704997],[-160.16197700014379,22.024446000132262],[-160.16583099998644,22.020064000390423],[-160.16970999994345,22.008012000221502],[-160.17218399976176,21.999999999619256],[-160.17274799982638,21.997940999923433],[-160.17401099967481,21.991479000002595],[-160.18915900015509,21.986992999893577],[-160.19949999966735,21.981278000334971],[-160.21128300002655,21.972914999780077],[-160.22272200042912,21.964552999616547],[-160.23423299990341,21.953877000015769],[-160.24266100018724,21.943869000131574],[-160.2487079996408,21.943007999843434],[-160.25000099962645,21.942505999878929],[-160.26472499978425,21.935891999818327],[-160.2725610004143,21.928749000072504],[-160.27994699988432,21.920637999811369],[-160.28589700015186,21.908671000200425],[-160.28861000034479,21.897186000294841],[-160.29036100008986,21.889178999837139],[-160.29337399985846,21.883892999611501],[-160.29664799974293,21.876442000159958],[-160.29728200012775,21.875000000412545],[-160.2975239999771,21.873574999934227],[-160.2971139998983,21.872217000015471],[-160.29688999959228,21.871010999956354],[-160.29805600025463,21.867987999870969],[-160.30084300006743,21.86368399971543],[-160.30237100022975,21.861490999768677],[-160.30435999962617,21.853794999839174]]],[[[-160.60087500041163,21.658163000017687],[-160.60036499987535,21.649268999779537],[-160.59760200035203,21.640398000156239],[-160.59293599984935,21.629650000101922],[-160.58948100021487,21.624999999803688],[-160.59074800026124,21.624999999803688],[-160.58101299974808,21.615135000129452],[-160.5707280003123,21.606664000293318],[-160.55870200027886,21.602727000248706],[-160.54621599993791,21.600383999688606],[-160.5308289999814,21.601063999932585],[-160.52036600027034,21.60493000029081],[-160.51043099974063,21.610139000174872],[-160.49999999981668,21.617192000357655],[-160.49624300005843,21.618852999693594],[-160.4943750001375,21.620859999821704],[-160.49152399985229,21.624999999803688],[-160.48492400020473,21.632429999770178],[-160.48290700032089,21.640310999908309],[-160.48247499960246,21.649184000403135],[-160.48292400003933,21.657973000036769],[-160.48319600002591,21.665186000130998],[-160.48496400038772,21.672230999614001],[-160.48778899983532,21.678526999996823],[-160.49017399996521,21.684492000236531],[-160.49414499998372,21.690536999977187],[-160.49999999981668,21.697024999723904],[-160.50879100032364,21.703237999762518],[-160.52225299955958,21.70846499987303],[-160.53174000037561,21.711998000160424],[-160.5394980002896,21.712911999894253],[-160.55030900015518,21.712063999915667],[-160.56272799965066,21.708891999802823],[-160.57826500029333,21.700249999713794],[-160.58355100003882,21.695500999672742],[-160.5918689998195,21.685858000335518],[-160.59596100021179,21.677823999659765],[-160.59976700037387,21.667649999616561],[-160.60087500041163,21.658163000017687]]]]},"properties":{"NAME":"Kauai County","BASENAME":"Kauai","GEOID":"15007","STATE":"15","COUNTY":"007"}},{"type":"Feature","geometry":{"type":"MultiPolygon","coordinates":[[[[-156.45957499971257,20.976234000153237],[-156.46030199998381,20.976875000123485],[-156.46343399957809,20.979553999863743],[-156.46354400008127,20.979803000286392],[-156.46610199956518,20.985567999849227],[-156.4675460000619,20.987950000163838],[-156.46910500018635,20.994771000124185],[-156.47030000026271,20.999999999628375],[-156.46986900026752,20.999999999628375],[-156.4685749995586,20.999999999628375],[-156.4681450002866,20.999999999628375],[-156.47101499994008,21.008869999980789],[-156.47538299961857,21.019207999688433],[-156.48313399985992,21.028650000212647],[-156.49072799974238,21.035435000222975],[-156.49999999957498,21.04104200011016],[-156.50432200012105,21.04459599968845],[-156.51296399976681,21.051012999747119],[-156.51612700022156,21.052795000063583],[-156.52916800040626,21.0601409997053],[-156.54303300004833,21.068823999606483],[-156.55951299997398,21.082337999677943],[-156.56190200030187,21.08333400027265],[-156.56628099985102,21.085158999595297],[-156.57437199985097,21.088531000342893],[-156.58530499991522,21.09107700006162],[-156.59103099987681,21.092411000218302],[-156.60588899992885,21.092579999665301],[-156.61813400024536,21.090497999802139],[-156.62500000003169,21.087871000117072],[-156.62500000003169,21.087566000279462],[-156.62500000003169,21.086652000289753],[-156.62500000003169,21.086348000393393],[-156.62994199982057,21.08447200021925],[-156.63358300012621,21.083340999917425],[-156.63448899959926,21.083335000221943],[-156.64281099957788,21.083275999850464],[-156.65594700019716,21.081826000379891],[-156.66245300013338,21.079517999833875],[-156.67042399958439,21.076693000165314],[-156.68154499996965,21.06622600015077],[-156.68706199969381,21.060560999725357],[-156.69089600034329,21.053479000294601],[-156.69835899980617,21.04949300033881],[-156.70832799977279,21.04332999963248],[-156.70848900032956,21.043230999796243],[-156.71712199975448,21.032193000416356],[-156.72300199970181,21.02256500028254],[-156.7284249997146,21.017326999828981],[-156.73216599957937,21.010932999725572],[-156.73501699986457,21.005729000059741],[-156.73659600008051,20.999999999628375],[-156.73732199962851,20.996923000395469],[-156.73992400039168,20.98590399999344],[-156.74312600030615,20.976095000320342],[-156.74640199984049,20.968022999697503],[-156.74999999959007,20.960773000144648],[-156.74999999959007,20.960015999628315],[-156.74999999959007,20.959553000012907],[-156.74999999959007,20.958332999996902],[-156.74999999959007,20.957748000117778],[-156.74999999959007,20.957661999941234],[-156.74999999959007,20.956992000189341],[-156.75077399971698,20.953350999580753],[-156.7517960004393,20.948548000405854],[-156.7516690002177,20.942292999788535],[-156.75159499969953,20.938572000066433],[-156.75157100030845,20.937360000039085],[-156.7517739997997,20.933931999804187],[-156.75235499958274,20.924132000225601],[-156.7521909995512,20.920016000039066],[-156.75200800015139,20.915374000253628],[-156.75194100020425,20.9136809998455],[-156.75190199984618,20.913537999661582],[-156.75047499996626,20.908200000295935],[-156.74999999959007,20.906421000061719],[-156.74999999959007,20.906161000160271],[-156.74999999959007,20.905384000338017],[-156.74999999959007,20.905124999782586],[-156.74632599967248,20.899542000191563],[-156.74583399957791,20.898794999984787],[-156.74311600026041,20.893806000027972],[-156.7394189998783,20.888808000048083],[-156.73848400009291,20.883587999626869],[-156.73827900005352,20.881646000221206],[-156.73757799972154,20.87500000009371],[-156.73795400036349,20.87500000009371],[-156.73908499996745,20.87500000009371],[-156.73946200043432,20.87500000009371],[-156.7375309998659,20.867917999665963],[-156.73605299993227,20.865229999584866],[-156.72861499968545,20.851698999761268],[-156.72173700020355,20.842435999589661],[-156.71869199974958,20.839478999700685],[-156.71131600032533,20.832317999627563],[-156.71122699973856,20.832227999951421],[-156.71006199979939,20.831045999771831],[-156.70977800011727,20.830757999865142],[-156.7083300003209,20.829286999732791],[-156.70686800028085,20.827803999752867],[-156.70657000035501,20.827500999802645],[-156.70540600024077,20.826320000294334],[-156.70270200026869,20.823575999664573],[-156.69999900012149,20.820833000296517],[-156.69891399964996,20.819730999842111],[-156.69241899958439,20.812804999887753],[-156.6908439995664,20.811003999704237],[-156.68472900034081,20.80401499990634],[-156.67748299971453,20.798477999657738],[-156.67268099966776,20.794843000197112],[-156.66937199962314,20.788844000048307],[-156.65985899976613,20.7784189996922],[-156.65192099992706,20.772195999739054],[-156.64511700006503,20.768119999683332],[-156.64008499986443,20.765105999699074],[-156.62953099991685,20.763121999893983],[-156.62500000003169,20.763082000358235],[-156.62500000003169,20.760464999748862],[-156.62500000003169,20.752616000030578],[-156.62500000003169,20.750000000183856],[-156.61738600005773,20.750000000183856],[-156.59454499996079,20.750000000183856],[-156.58693199981175,20.750000000183856],[-156.58513300038612,20.748701999668167],[-156.58500000031674,20.748606000008234],[-156.58333400006217,20.747403999773262],[-156.57920599968483,20.744425000210715],[-156.57758800000914,20.743257999925323],[-156.57722399996106,20.743129999678743],[-156.56518899970683,20.738914000024391],[-156.56269700034514,20.73804100030916],[-156.54681999994381,20.732486000344611],[-156.52190300041178,20.732557000014875],[-156.51265499997035,20.735165000180245],[-156.51186999997279,20.735386000055261],[-156.50628399975332,20.718762999639086],[-156.49999999957498,20.699086999657506],[-156.49999999957498,20.70254700028077],[-156.49887599964373,20.699663000210883],[-156.49572800015591,20.691580000174891],[-156.4962699995809,20.691305999704191],[-156.49903399982747,20.6899129996653],[-156.49922700017129,20.689814999611723],[-156.49980600030452,20.689523000020081],[-156.49999999957498,20.689425999769455],[-156.49999999957498,20.6897869998249],[-156.49999999957498,20.690869999879357],[-156.49999999957498,20.691231999903181],[-156.50218999971116,20.69071000009966],[-156.50876000011982,20.689147000167075],[-156.50883000043999,20.689131000099014],[-156.51088300030887,20.688398999593019],[-156.52011199958542,20.685109999832232],[-156.52036100000578,20.68498200003695],[-156.53165899994309,20.679219999799873],[-156.54024500041064,20.671384999586138],[-156.5436580002123,20.666538999730879],[-156.54497999961197,20.664665000304836],[-156.54944400044826,20.658288000085122],[-156.54962500019826,20.658030000032706],[-156.55196000009943,20.657913999892479],[-156.55508900021897,20.657759000320478],[-156.55990100031153,20.65813100037256],[-156.56254699965899,20.658337000208494],[-156.57507099963479,20.65931000010649],[-156.59227000033408,20.658405999617766],[-156.59773400035479,20.657878999948714],[-156.61008000005535,20.650791999665216],[-156.62500000003169,20.645095999708634],[-156.64537599963279,20.633399999647249],[-156.65505599989439,20.625000000138979],[-156.6618780001981,20.622552000198318],[-156.67202299989179,20.616656999697863],[-156.67422899992155,20.61537500031557],[-156.69111499972809,20.611567000183815],[-156.69999900012149,20.606917000057134],[-156.7044420001431,20.604591000399481],[-156.72127900044413,20.592070999705697],[-156.72169100017277,20.591729000392146],[-156.72677500025188,20.587530000220269],[-156.72911600000086,20.58559199990086],[-156.73184699973712,20.583332000418917],[-156.73364500023621,20.581844000319968],[-156.7398830003838,20.573710999834404],[-156.74265900032592,20.570091000131747],[-156.7460360001426,20.562610000334857],[-156.74999999959007,20.55383099989988],[-156.75000100031332,20.55435600016412],[-156.75000600033616,20.555931000227407],[-156.750007999986,20.556456000005113],[-156.75098999962702,20.554382000272909],[-156.75198300003703,20.550963999861366],[-156.75334700016782,20.547134999603042],[-156.75414399986093,20.544299999600931],[-156.75507299979853,20.539957000286467],[-156.75574200034342,20.535276000091208],[-156.75597300032211,20.530161999751638],[-156.75597800034498,20.526720999945045],[-156.75555300019758,20.522598999875989],[-156.75517200043106,20.52015800009119],[-156.75437800021268,20.51778799987353],[-156.75400999996663,20.516689999869076],[-156.75276300001175,20.513052999768234],[-156.74999999959007,20.508978000411563],[-156.74999799994023,20.508546999903466],[-156.74999200009245,20.507254999925912],[-156.74999000044266,20.50682500003019],[-156.74889900012334,20.505410999807161],[-156.74623799980893,20.501965000189006],[-156.74552800015448,20.501258000317389],[-156.74426399958281,20.499999000222122],[-156.74999899976518,20.499988000247232],[-156.74999999959007,20.454335000053831],[-156.7328939996755,20.452930000042755],[-156.70511499998761,20.454141999935437],[-156.67278600014802,20.457774999800304],[-156.65685900041635,20.457266000049835],[-156.64019199999458,20.45833600039866],[-156.62500000003169,20.459310999637211],[-156.61974500024834,20.460303999675372],[-156.61490399984348,20.45916799984445],[-156.60488200017343,20.460133999976026],[-156.60130600016512,20.460982000218429],[-156.59601600022171,20.459350000016652],[-156.58560000036636,20.458331000123344],[-156.58392400006602,20.458167000092036],[-156.58216400010014,20.458331000123344],[-156.57354400019571,20.459131999905068],[-156.5638930002464,20.462832000127172],[-156.55753000042534,20.461369999589653],[-156.54606900028145,20.460845000362387],[-156.53345599971891,20.462979999998627],[-156.52094900035985,20.468931000147904],[-156.51219999968566,20.474779999969613],[-156.49999999957498,20.48918899969993],[-156.49729899997592,20.491800000030779],[-156.49574999989721,20.494155000258846],[-156.49383500012061,20.495592999879317],[-156.49300300026741,20.496304999680003],[-156.49221300024698,20.496979999588859],[-156.49146300040951,20.497622000300417],[-156.49005400007292,20.499220000123969],[-156.48936699998467,20.499999999837357],[-156.48335599961777,20.513166999996933],[-156.48283400028427,20.5147210001861],[-156.48273899984969,20.515150000272108],[-156.47955100017893,20.529572999673153],[-156.48058800007155,20.541110000152457],[-156.48231899972515,20.54812699993273],[-156.48837699994766,20.558545999682551],[-156.48763200013312,20.56250100018789],[-156.48456900013579,20.578769000261833],[-156.48450999968625,20.579083000055167],[-156.45986799961554,20.557666000248645],[-156.45349100044911,20.555524999745501],[-156.437383999894,20.543929000236297],[-156.43673299979073,20.543647000110187],[-156.42508199967602,20.538597000023135],[-156.42049499971441,20.536608999622871],[-156.39642599992911,20.53354500010402],[-156.38763600014533,20.532675999905745],[-156.37500000001657,20.531428000104011],[-156.37500000001657,20.530939000097266],[-156.37500000001657,20.529473000217358],[-156.37500000001657,20.528985000118332],[-156.36288000027182,20.530907999775756],[-156.35109899956248,20.534407999863575],[-156.34971199986546,20.534210000102515],[-156.34148899962105,20.533038000007402],[-156.33332800019929,20.53435800004155],[-156.32718799996096,20.535351000209214],[-156.32412699961347,20.536326000079001],[-156.30355400036888,20.536048999655733],[-156.29047200017627,20.536895000131022],[-156.2791480002997,20.540072000017009],[-156.2732340000172,20.542604999660611],[-156.26421699955441,20.546467999987172],[-156.24999999955986,20.554132000014054],[-156.24999999955986,20.553373000019462],[-156.24999999955986,20.551095000004807],[-156.24999999955986,20.550337000194666],[-156.24362099984526,20.553246999848309],[-156.22905099967332,20.55989700018014],[-156.22462799974321,20.562265999660401],[-156.21844900004513,20.565577999987379],[-156.21002099976133,20.570094000126605],[-156.20844200044368,20.570867000203577],[-156.20104100000677,20.57448999991589],[-156.19560799994818,20.577150999800033],[-156.19060699970976,20.575511999787697],[-156.17716499966701,20.572477000135557],[-156.16301100031998,20.571845999674402],[-156.15873700035277,20.572733999670533],[-156.14398100040799,20.569766000338724],[-156.14385099981334,20.569740000325428],[-156.13527000026693,20.569843000352247],[-156.12500000000148,20.573325999881927],[-156.1215880000247,20.574895999601285],[-156.11551899993148,20.577214000130155],[-156.10703100027155,20.580830000226385],[-156.10220300028544,20.583005000400206],[-156.10152700006785,20.583333000330438],[-156.09982599965318,20.584157999965583],[-156.09504500042112,20.586478999911201],[-156.08742800007411,20.590700999804984],[-156.08299400027335,20.595073000194063],[-156.08005900032254,20.595686000146667],[-156.07711900034889,20.596551999787611],[-156.07398500020645,20.598171000297711],[-156.07327100035403,20.598408999631602],[-156.07080199966023,20.59802100033583],[-156.06576600016001,20.5975789997918],[-156.05922500006372,20.597188999583114],[-156.05426599965807,20.597253999687208],[-156.04964100006157,20.598252000367101],[-156.04306700035329,20.599292999670439],[-156.03861000008797,20.600715999942135],[-156.03431900040232,20.602562999976616],[-156.02994800035077,20.604071000276459],[-156.02591500040796,20.606260000288234],[-156.02371799970075,20.607718999726309],[-156.01989399999536,20.610259999904585],[-156.01630499956823,20.61237400004627],[-156.01170799956085,20.615982999994614],[-156.00601699975942,20.621000000031728],[-156.00265099981343,20.625000000138979],[-156.00314499955783,20.625000000138979],[-156.00462699968935,20.625000000138979],[-156.00512100033211,20.625000000138979],[-156.00000000044307,20.631862000143251],[-156.00000000044307,20.625976000360364],[-155.99571700025504,20.629257000328298],[-155.99135200005122,20.634482999862897],[-155.98578400027344,20.638826999750574],[-155.97807400004004,20.644767999930561],[-155.9695939998777,20.652123999840377],[-155.9669459999821,20.654834000042957],[-155.96145799967192,20.660452000096619],[-155.95833500029846,20.664451999947921],[-155.95606499979633,20.667358999746792],[-155.95169999959251,20.67391099976831],[-155.94964599989873,20.676832000297157],[-155.94579700007895,20.683913000412812],[-155.94263699999726,20.692582999850764],[-155.93981800039745,20.700368999748626],[-155.93656600025423,20.705591000323253],[-155.93280100010008,20.712583000153398],[-155.92810100016052,20.724792000032618],[-155.92683699958889,20.738675000083379],[-155.92752500040032,20.750000000183856],[-155.92918099971087,20.758074999652813],[-155.92695200011488,20.767044999937202],[-155.92678499971032,20.781735000137203],[-155.92969399972185,20.801466999728497],[-155.93428700042961,20.819845000204982],[-155.93912600028634,20.83659100009676],[-155.94427599958937,20.848713000159805],[-155.95095599960285,20.861927999608756],[-155.95899100042459,20.87500000009371],[-156.00000000044307,20.87500000009371],[-156.00000000044307,20.85212300037108],[-156.00631800005831,20.852981000324679],[-156.01242899998434,20.855974000212825],[-156.0255870003449,20.859499999589207],[-156.03228900009969,20.859858000349934],[-156.04024500038042,20.865718999743155],[-156.04962299961991,20.870543999950627],[-156.05575700001046,20.872707000357931],[-156.06235900020613,20.87500000009371],[-156.06862900014079,20.878256999987304],[-156.0764759997432,20.880750999738218],[-156.08169399971663,20.880727999911546],[-156.08177499990751,20.880871999936183],[-156.08601399971462,20.888430999938375],[-156.09592499995486,20.898480999940379],[-156.11106099984124,20.908337999960018],[-156.12500000000148,20.915009000108832],[-156.12769200027802,20.916074000171516],[-156.13635800021319,20.917436999605993],[-156.14631999960881,20.927448000115245],[-156.15072300034575,20.931871999691136],[-156.16187499979486,20.942874000310407],[-156.16467900022437,20.944663000281579],[-156.17182600021812,20.949224000277233],[-156.18037900017538,20.957227000212367],[-156.18116900019578,20.958333999946003],[-156.18287499973505,20.960726999874641],[-156.19529599977866,20.971502000411757],[-156.21434099975926,20.983088000411083],[-156.22614699968466,20.987129999990451],[-156.22820799994946,20.987835999993891],[-156.23758299971422,20.989714999740769],[-156.24981600033516,20.995412999926383],[-156.24987800025946,20.995441999639347],[-156.24999999955986,20.995499000186641],[-156.25256499961478,20.99775200015041],[-156.25659500008285,20.999999999628375],[-156.26277700015396,21.002242999680512],[-156.26857799956025,21.003750999695697],[-156.27430199987194,21.004236000405456],[-156.28238100017631,21.002610999835156],[-156.29448800040058,21.001025999981135],[-156.29824599998375,21.001234000271733],[-156.304134000327,21.002997999985091],[-156.3111880004343,21.004517999792583],[-156.32047899963516,21.00623000013897],[-156.33015899989675,21.005471999674324],[-156.33921800019232,21.004194999986275],[-156.34675299962527,20.999999999628375],[-156.35080999985746,20.997495999972827],[-156.35446000038394,20.994103999787157],[-156.35478599989884,20.99380100019766],[-156.36473999979683,20.993789000300932],[-156.36995600012045,20.991853000415105],[-156.37500000001657,20.989245999730276],[-156.37500000001657,20.990835000291579],[-156.37760199988142,20.989823000045995],[-156.39055900040057,20.983654999879043],[-156.39620300034633,20.980967999799919],[-156.40490799974128,20.974181000005544],[-156.42744699971442,20.973380000230449],[-156.43180799972026,20.972527000399896],[-156.43788400038451,20.971339000328101],[-156.45109000042567,20.968758000084009],[-156.45492900019968,20.972140999992888],[-156.45833100013073,20.975138000291139],[-156.45895299992165,20.975686000388098],[-156.45957499971257,20.976234000153237]]],[[[-157.36625899979873,21.116658000323895],[-157.36654900022697,21.10095600003277],[-157.36390100033137,21.09271899982512],[-157.3637849999804,21.092358000267826],[-157.35843099956455,21.083606999585687],[-157.34912399957184,21.072239999793926],[-157.3346189996972,21.058604000174995],[-157.32124399960165,21.050676000233313],[-157.30131200041455,21.047655000217198],[-157.28942799977301,21.046114000064875],[-157.28291199979108,21.046053999820142],[-157.27862899960306,21.046015000402679],[-157.26790700032424,21.044720999857859],[-157.25586600022223,21.045397000337537],[-157.25373100033761,21.046178999604052],[-157.24999999962031,21.046118000024432],[-157.24999999962031,21.045876000181526],[-157.24999999962031,21.04515100017586],[-157.24999999962031,21.044909999807398],[-157.24115200011022,21.044132999971268],[-157.23143800041174,21.043099000191678],[-157.22289100030224,21.044462000034223],[-157.21603600038657,21.045655000009141],[-157.20187399974532,21.046326999648453],[-157.19020500008727,21.046658000286012],[-157.17719800023772,21.046472999989987],[-157.16713600038469,21.048003000240964],[-157.15727899967277,21.048749000239702],[-157.15600400012877,21.048846000236907],[-157.14522300040042,21.048319000251706],[-157.13727399979243,21.048307999896494],[-157.13631399989271,21.048306999711727],[-157.12954400036585,21.04855500005576],[-157.12500000006187,21.050088000389255],[-157.12500000006187,21.052495999642069],[-157.11731199956978,21.05440400037763],[-157.11051500027875,21.056481000371303],[-157.10275700036476,21.057958000394901],[-157.09421199990507,21.058234999822606],[-157.08305000041025,21.058518000270048],[-157.07755600025229,21.058358000041725],[-157.07500000041821,21.057998000156466],[-157.07214900013298,21.057597000257932],[-157.0670850001454,21.054001999870511],[-157.05974999983067,21.048437000200504],[-157.05023699997366,21.042704000060017],[-157.03872099957817,21.038520000071831],[-157.03000199993954,21.038793999706083],[-157.02451000032974,21.038803999677079],[-157.01500300032052,21.036847000025382],[-157.01055500027604,21.035482000385979],[-157.0043589999612,21.031113999839363],[-156.99999999960519,21.029317000379159],[-156.99999999960519,21.029876999802678],[-156.98736900039759,21.025207000112115],[-156.98383299967395,21.024097999753124],[-156.97770099983154,21.022175999863702],[-156.97389399984459,21.021820999860985],[-156.96941400001305,21.017776999787952],[-156.9631309996596,21.012869999922167],[-156.95572099990014,21.010702000385553],[-156.94999800031167,21.009982999631283],[-156.94859800019589,21.009806999724656],[-156.947198999905,21.00963099961039],[-156.94521299998328,21.009380999843948],[-156.93656299994163,21.007094000411207],[-156.93535899964442,21.006776000112467],[-156.92572699996171,21.001427999991261],[-156.92238899960478,21.000412999583624],[-156.92170999991245,21.000206000333694],[-156.92103100022013,20.999999999628375],[-156.92077400030217,20.999999999628375],[-156.92000600002302,20.999999999628375],[-156.91974999993002,20.999999999628375],[-156.9153000002357,20.997938000213725],[-156.91453500032966,20.997584000083375],[-156.90741900029806,20.997594000302339],[-156.90367400023536,20.99702400017182],[-156.90111400020334,20.99553000012202],[-156.89946300001736,20.994566999718771],[-156.8964949995563,20.994195999895137],[-156.89361900005505,20.993836999882138],[-156.89220800006862,20.99379000001279],[-156.88887399990966,20.993679000084153],[-156.88175500040336,20.993360000003648],[-156.87928999990754,20.993362000271802],[-156.87792300030202,20.993363999701266],[-156.87500000004681,20.993696000229676],[-156.87500000004681,20.994956000004144],[-156.87500000004681,20.998738999975615],[-156.87500000004681,20.999999999628375],[-156.83695399956818,20.999999999628375],[-156.82998900004768,21.002259000034279],[-156.82336400028575,21.007164999607394],[-156.81754200006475,21.011728000111145],[-156.80832399976052,21.017752000105371],[-156.80161299978488,21.021968999785365],[-156.79368099979362,21.022307000036172],[-156.78529000021803,21.02454000000041],[-156.77714599961635,21.029702000208879],[-156.76675800024844,21.036928999665669],[-156.76174000029158,21.040886999878616],[-156.75611300006423,21.042777000347918],[-156.74999999959007,21.046990999736597],[-156.74999999959007,21.043829999739213],[-156.74653599973479,21.046597000064263],[-156.74084699958317,21.051053999864759],[-156.73560100002067,21.055777999643993],[-156.72600799979773,21.06067200015535],[-156.70805599978621,21.072208999887909],[-156.69915999969723,21.08073900027771],[-156.69399299977746,21.087791999809745],[-156.69106299984952,21.08842199958573],[-156.68271499993165,21.091095999782901],[-156.6725860001315,21.095717000278803],[-156.66475100022464,21.10426699998467],[-156.65770799998796,21.114903000136465],[-156.65483599978637,21.124999999835893],[-156.6527250001912,21.124999999835893],[-156.65190099983559,21.128383999698691],[-156.65052500000922,21.134277000154039],[-156.65088599968428,21.145018999831539],[-156.65390699984877,21.155957000411053],[-156.65606500019791,21.163888999598122],[-156.65627899955987,21.170716000004642],[-156.65956500003824,21.181906999840336],[-156.66737800020383,21.193150000213471],[-156.67582800022893,21.202401999729741],[-156.68650699985002,21.210513999684146],[-156.6967749995674,21.214291999626642],[-156.70625099961447,21.217228000383891],[-156.71358599992914,21.221638999840128],[-156.72207600013729,21.226062000131499],[-156.73120800022775,21.22774399965169],[-156.74105900019359,21.2280200002055],[-156.74999999959007,21.228196000143349],[-156.75253500040611,21.228790000057899],[-156.75479300031438,21.229505000209258],[-156.76028499992418,21.23124400031481],[-156.77106300017778,21.232860999621291],[-156.77779900026775,21.232119999635675],[-156.78388500007941,21.231450999843851],[-156.78744900039212,21.232633999800932],[-156.79484300025803,21.234160999722242],[-156.8015220004466,21.233917999723431],[-156.81211599967887,21.231407000012755],[-156.82662599957635,21.227217999733032],[-156.8408690004085,21.223195000166637],[-156.84627499980456,21.223082000320396],[-156.84852799968999,21.223035999980251],[-156.85351399985979,21.222705000259214],[-156.85904300017782,21.22708800023138],[-156.86748800018009,21.230561000289285],[-156.87119499970964,21.231886999972492],[-156.89920199990146,21.197928000028693],[-156.91212000006254,21.177778999930222],[-156.91251199969972,21.177165999630887],[-156.91368900023272,21.175331000070219],[-156.91408199969482,21.174718999847272],[-156.91422900000791,21.174487999585271],[-156.91467199969867,21.173798999855784],[-156.91481999983671,21.1735690000109],[-156.91500099958665,21.173364000120859],[-156.91532699999991,21.172917999607588],[-156.91678999986485,21.170918999820593],[-156.91705500017878,21.17055799965393],[-156.91723099990585,21.170222000287566],[-156.91926799988116,21.1663309997844],[-156.9204520000869,21.164075999871116],[-156.92103000039518,21.162933000321161],[-156.92080699991413,21.162826000290369],[-156.9203819997667,21.163050000258483],[-156.91982699992292,21.163451000143827],[-156.91958699972341,21.163327999874621],[-156.91940099995057,21.16294799988869],[-156.91902900040489,21.163058999992078],[-156.91836099968486,21.163482999665877],[-156.9176350001369,21.163713000110892],[-156.91710000038458,21.16371000021303],[-156.9165520002135,21.163134000263852],[-156.91634600034917,21.16266300030615],[-156.91629000027268,21.162534999791845],[-156.9158769998208,21.162379999845452],[-156.91544099980271,21.161803999746564],[-156.91531899960398,21.161693000377426],[-156.91424999992429,21.160724000221311],[-156.91379600036285,21.160420999920962],[-156.91358899977533,21.16028400007923],[-156.91332600000956,21.15973399973787],[-156.91260100028646,21.159730000324998],[-156.91241600033857,21.159155999680955],[-156.91259600026359,21.158148000376627],[-156.91183800003023,21.157950000379955],[-156.91151300034019,21.157723999662391],[-156.9113009997298,21.157326999657236],[-156.91095900032136,21.156873000418695],[-156.91062399968729,21.156741999885092],[-156.91001500031516,21.156497000117181],[-156.90999600004858,21.156489000278633],[-156.90918099991379,21.155863000053049],[-156.90883100010942,21.155417000410928],[-156.90880900036811,21.15488399973766],[-156.90880099997219,21.15484799964975],[-156.90872200032948,21.154503999857528],[-156.90864199996355,21.154147999737564],[-156.90818099983107,21.15358899974941],[-156.90758900017738,21.153085000016237],[-156.90724699987064,21.152780999680225],[-156.9070410000063,21.152597000342148],[-156.90693200022633,21.152177000104096],[-156.90695300014278,21.151620000031475],[-156.90664299962305,21.151593999907725],[-156.90617499981789,21.151826000206189],[-156.90552000041501,21.151837999922861],[-156.90509199989452,21.151400000000198],[-156.90495999965003,21.151299999801768],[-156.9045429998985,21.150984999698835],[-156.90408900033708,21.150531000284069],[-156.90348000006662,21.15009900019459],[-156.90280800004697,21.150054999595021],[-156.90275500034355,21.149945999633815],[-156.90234899956434,21.14911599977302],[-156.9014720004036,21.148789000088932],[-156.90097600011106,21.149327000115981],[-156.90054000009295,21.148816000213206],[-156.90031800033512,21.148451000041018],[-156.89968800014827,21.148569000041281],[-156.89914500000003,21.148565999836531],[-156.89887600038654,21.148497999647681],[-156.8983180001697,21.148358999805204],[-156.89828700020755,21.148372999662644],[-156.8973490000491,21.14879799985162],[-156.89640300039309,21.149487000354327],[-156.89608500037579,21.149396999770239],[-156.89602799957606,21.148993000161045],[-156.8960229995532,21.148418999783356],[-156.89636200038524,21.148123000213864],[-156.89806999957426,21.14805100009329],[-156.89833599971305,21.147903000014768],[-156.89887600038654,21.147604000027709],[-156.89912999993143,21.14724999995196],[-156.89926800002368,21.147056999738925],[-156.89978000020974,21.146229999859507],[-156.90028099962689,21.145423999756858],[-156.90051599980353,21.1440120001872],[-156.90048999986425,21.142970999871558],[-156.89967300007964,21.142537999966965],[-156.89957199979733,21.142442000368227],[-156.89921100012228,21.142100000192453],[-156.89921600014515,21.142034999886047],[-156.8992420000844,21.141453999940822],[-156.89894499998351,21.140831000203999],[-156.89936900030602,21.140599000279504],[-156.89979600010329,21.140059999987979],[-156.9003669998406,21.139757000138406],[-156.90079500036109,21.139080999949798],[-156.90099600020255,21.138446000327555],[-156.90114000014259,21.13799299976932],[-156.9013460000069,21.136929000153597],[-156.90123399985393,21.1363440002531],[-156.90118000032555,21.13606400022837],[-156.9012880002806,21.135442999650511],[-156.90134099998403,21.135296999582152],[-156.90148499992409,21.134910999603893],[-156.9017109998799,21.134298999865841],[-156.90165900000136,21.133281000336609],[-156.90085399991233,21.13251799968112],[-156.90024100034222,21.131624999626471],[-156.90170699968192,21.131449000341668],[-156.90309199972913,21.131284000089206],[-156.90322999982135,21.13126800020224],[-156.90398499968168,21.131178000282112],[-156.90719099979412,21.13077299996537],[-156.90937900028052,21.130496999674211],[-156.91049800018891,21.130311999841094],[-156.91163399981576,21.130147999632946],[-156.9138070002335,21.129834999917488],[-156.91447900025315,21.129738999631392],[-156.91493899966238,21.129671000019584],[-156.91590000028535,21.129611999628768],[-156.9180719999799,21.129479000010797],[-156.91968100033307,21.130069000040152],[-156.92002399956644,21.130274000381245],[-156.92125299997795,21.131007999911489],[-156.92126100037387,21.131014000194074],[-156.92128599958994,21.131034000296236],[-156.92129499981075,21.131041000205695],[-156.92227399997708,21.131850000321741],[-156.92242100029014,21.131970999839385],[-156.92258199994868,21.132103999735424],[-156.92318199999826,21.13276800032299],[-156.92427599979231,21.133978000319608],[-156.92470500013769,21.134752999587619],[-156.92472900042713,21.134796000101947],[-156.92532199990578,21.135864000006553],[-156.92569199980161,21.13623599985139],[-156.92607599994116,21.136619000121545],[-156.92643400014146,21.136872999741712],[-156.92747400040716,21.13761199970368],[-156.92815999977219,21.13773500038613],[-156.9288030003778,21.138212999603006],[-156.92935499984856,21.138917000227497],[-156.92984000027045,21.139617999635114],[-156.92983000022468,21.140886000396449],[-156.92974200036113,21.141241000157379],[-156.92987799990527,21.141523999964075],[-156.93016400013556,21.141332000228193],[-156.93054300025221,21.141285000023665],[-156.9308939998815,21.141658000059998],[-156.9307599999872,21.142254999583557],[-156.93070599956053,21.142642000090504],[-156.9310410001946,21.142772999691033],[-156.93111599963933,21.143129000342011],[-156.93099299961571,21.143499999999559],[-156.93107700017964,21.143687999593283],[-156.93138500015118,21.144099000396647],[-156.93162299980253,21.14460099979841],[-156.93157599994692,21.145052999890602],[-156.93189399996422,21.145271999763686],[-156.9323149999137,21.14545200002523],[-156.93252099977803,21.145999000376147],[-156.93253500002172,21.146035000101691],[-156.93304700020781,21.146795999979819],[-156.93381499958858,21.14787399985752],[-156.93396699992454,21.148351000364798],[-156.93405899998606,21.148714999599086],[-156.93432500012483,21.148901999769325],[-156.93467599975412,21.149355999988721],[-156.93498799992366,21.150301999802075],[-156.93507900016027,21.150779000029843],[-156.93559600036923,21.150926999747817],[-156.9360950001365,21.151116000299119],[-156.93629799962775,21.151569000106626],[-156.93627300041172,21.151930999997923],[-156.93626900021374,21.151988000069114],[-156.93665599982805,21.152240999826343],[-156.93690000022553,21.152370999831486],[-156.93706799955669,21.152461000283775],[-156.93714299989978,21.152791999838279],[-156.93686500006541,21.153025000252875],[-156.93694100023342,21.153348000214027],[-156.93735200013714,21.153746000309884],[-156.9377300004289,21.153990000130207],[-156.93796700025536,21.154565000166347],[-156.93830299981605,21.154639000246306],[-156.93842800038786,21.154508999718967],[-156.93851100022852,21.15442199975984],[-156.93891600028445,21.154554000139967],[-156.93904099995794,21.155062999742388],[-156.93917700040038,21.155450999758514],[-156.93958999995394,21.155565999982514],[-156.94019099982847,21.155707000361073],[-156.94026100014867,21.155723000122226],[-156.94084600012965,21.155976999659593],[-156.94130999973686,21.156245000387717],[-156.94162899957908,21.156214999892676],[-156.94155800033229,21.156569999775829],[-156.94147700014145,21.156948999926954],[-156.94161100003575,21.157554999878943],[-156.9418410001895,21.157887000058928],[-156.94166700011223,21.158127999745883],[-156.94164600019582,21.158652999909517],[-156.94157000002784,21.159629999888331],[-156.94184299983934,21.159953999952105],[-156.94213499991739,21.16017300040798],[-156.94260199989762,21.159989999636149],[-156.9430110001515,21.159484000201829],[-156.94328200031319,21.159089999881655],[-156.9442079998777,21.158585999606107],[-156.94498600020259,21.158477000060508],[-156.94471300039109,21.158023000159908],[-156.94422999961904,21.157956000409136],[-156.94416299967187,21.157673000164465],[-156.94446099959771,21.157402000320079],[-156.94458000032168,21.157295999930653],[-156.94535799974824,21.157057999759818],[-156.94581300003293,21.157091000116097],[-156.94607400014885,21.157109999759403],[-156.94667000000049,21.156976000238895],[-156.9466850000691,21.15611200038084],[-156.94723800026307,21.156010000256856],[-156.94793799987181,21.155796000162514],[-156.94813100021562,21.155313000042007],[-156.94766099986236,21.154801999850463],[-156.94768699980165,21.154694000338402],[-156.94775100027405,21.154440000275581],[-156.94828699985126,21.154204999793144],[-156.94878300014378,21.154274999655001],[-156.94921699961375,21.154332999970272],[-156.95004900036528,21.153748000097192],[-156.95103500020429,21.153463000395824],[-156.95194700042344,21.153733999910067],[-156.95285700009447,21.154263999607071],[-156.95332900009757,21.154596999933734],[-156.95364700011487,21.154809000312586],[-156.9540689998893,21.154811000085491],[-156.954303000241,21.154812000390855],[-156.95453199967156,21.155264999782638],[-156.95485100041211,21.155331999913471],[-156.95509499991124,21.155364999816722],[-156.95522100030797,21.155381999916315],[-156.95555500021879,21.15583600037592],[-156.9558649998402,21.15590199995038],[-156.95635699993477,21.155872000223624],[-156.95611799956018,21.156695000381632],[-156.95664099961692,21.15714900016598],[-156.95759999969175,21.158041999683611],[-156.95781899997488,21.158805999850976],[-156.95785300031002,21.158923999977102],[-156.95841499982652,21.159952000248637],[-156.95893399968529,21.160948000019683],[-156.95886099989036,21.161464000404649],[-156.9588090000118,21.161839000398295],[-156.9587939999432,21.161946000304919],[-156.95874100023974,21.162326000350287],[-156.95873399966874,21.162379999845452],[-156.95863099973658,21.163360000261008],[-156.95900800020345,21.16372499970182],[-156.95897200021844,21.16402399980548],[-156.95911199996053,21.166106999756149],[-156.9591739998848,21.167028000055506],[-156.95910600011271,21.16813400022426],[-156.95873600021687,21.169222000111507],[-156.95896499964743,21.169796000248148],[-156.95914799994554,21.17063700026922],[-156.95932700004568,21.172154999604444],[-156.95912000035645,21.172953000143508],[-156.9589279998375,21.173694999839075],[-156.95870600007964,21.174550000205944],[-156.95880399998893,21.175244999953659],[-156.95915499961819,21.17568200034891],[-156.95907500015059,21.175955999872937],[-156.9593999998406,21.176401999602383],[-156.95955200017659,21.17652700020928],[-156.95984599990447,21.176767999694029],[-156.95979099965288,21.17718700035546],[-156.9600979997995,21.177761999890574],[-156.96042099983973,21.178369000193523],[-156.96046600004553,21.178601999708814],[-156.96054600041148,21.179016000329018],[-156.96067299973481,21.179363999820183],[-156.96102599991218,21.179429999790138],[-156.96143799964085,21.179731000256936],[-156.96187799985691,21.179677000393614],[-156.96239300041606,21.18010700015461],[-156.96299699976529,21.180021000302471],[-156.9631649999948,21.179554000212509],[-156.96307399975819,21.178997000147881],[-156.96261699982372,21.177743000385952],[-156.9620600003301,21.176786000004764],[-156.96163699983248,21.176058999813435],[-156.96183900039716,21.175534999581817],[-156.96248799995226,21.175222999623621],[-156.96238800039316,21.174730000050207],[-156.96268499959578,21.174255999626276],[-156.96263000024251,21.173552999666011],[-156.96282600006109,21.17271399983737],[-156.96301199983392,21.172044999811888],[-156.96259599990731,21.171089999812491],[-156.96272899997669,21.170591000350829],[-156.96273099962653,21.170269999884756],[-156.96273399999956,21.169911999582052],[-156.9632300002921,21.169300999764808],[-156.96327799997269,21.168632000221624],[-156.96346299992061,21.168034999818182],[-156.96346700011858,21.167559000122285],[-156.96364000037093,21.167471000074137],[-156.96393300027393,21.167488999840717],[-156.96382299977071,21.167205000010227],[-156.96367899983068,21.166882000127508],[-156.96367299998289,21.166445999932673],[-156.96398500015243,21.166197000234579],[-156.96424200007041,21.166465000050568],[-156.96431700041347,21.166556999925504],[-156.96435300039849,21.166602000034711],[-156.96447300004905,21.166748999625941],[-156.96468300011134,21.166393999862152],[-156.96481500035583,21.166015999831078],[-156.96474800040866,21.16566799993279],[-156.96468999978401,21.165604000151269],[-156.96402899963505,21.164873000185796],[-156.96312300016203,21.163803000369843],[-156.96262400039473,21.163517999920547],[-156.96233300014157,21.163258000104832],[-156.96222299963841,21.162909999585114],[-156.96234499983714,21.162725000018057],[-156.96273499982448,21.16250899990942],[-156.96259900028036,21.162299000176418],[-156.9620820000714,21.162175000369714],[-156.96144400038696,21.16212299963615],[-156.96108399963853,21.161871000268871],[-156.96089500039096,21.161683999723035],[-156.96060999998559,21.161771999861497],[-156.96011700006608,21.161906000067006],[-156.95999700041551,21.161683999723035],[-156.9599639999052,21.161622999834382],[-156.95985199975223,21.161525999781087],[-156.96035399989256,21.161259999921949],[-156.96170600032778,21.160542000397328],[-156.96174800016058,21.160479000341649],[-156.96209399976698,21.159973000065698],[-156.96213499977486,21.159912000309649],[-156.96225799979851,21.15973200003144],[-156.96229999963131,21.159671999610808],[-156.96250800004375,21.159368000233506],[-156.96278599987809,21.159363999972989],[-156.96451700042999,21.159346000055919],[-156.96472699959395,21.159343000069519],[-156.96488599960264,21.159341000357834],[-156.96490800024225,21.159341000357834],[-156.96537199984942,21.159335999821803],[-156.96530499990229,21.159435999619316],[-156.96523299993225,21.159549000389916],[-156.96522399971144,21.159561999753894],[-156.96520799981792,21.159586999880883],[-156.96518400042677,21.159623999927021],[-156.9651109997335,21.159743999945103],[-156.96504899980923,21.159847999714543],[-156.96546999975871,21.160335999783378],[-156.96561799989675,21.160507000276635],[-156.96595199980757,21.160781000258275],[-156.96693000014898,21.161605000192022],[-156.96742800009136,21.162022999978465],[-156.96750599990915,21.162089000145489],[-156.96751199975694,21.162073999653156],[-156.96751900032794,21.161933999732039],[-156.96752099997775,21.161900999617664],[-156.96763999980345,21.162047999689793],[-156.96801399989727,21.162451999700195],[-156.96819100034759,21.16264200003301],[-156.96837899977024,21.162862000113634],[-156.96871699987904,21.163259000353111],[-156.96899399988848,21.163469999808544],[-156.96922499986718,21.16364599958473],[-156.96927500009585,21.163768000182557],[-156.96933100017236,21.163903999906463],[-156.96952299979299,21.164061000417895],[-156.96962599972514,21.164144999849441],[-156.97013899973612,21.164582000361307],[-156.97116099956017,21.165240999950527],[-156.97128799978177,21.16558099983035],[-156.97130200002545,21.165583999690302],[-156.97160900017212,21.165649999944691],[-156.97163299956327,21.165655000267396],[-156.97169899968549,21.166058999646165],[-156.97177200037876,21.166673000123335],[-156.97199300031167,21.167351999840125],[-156.97210100026672,21.167683999824593],[-156.97187100011294,21.168506000269662],[-156.97142000002623,21.168899999815803],[-156.97187000028802,21.169837999598652],[-156.97230899978084,21.171244999849947],[-156.97248700005613,21.171612000328746],[-156.97278400015702,21.172221999628398],[-156.97316699957335,21.173009999658269],[-156.9736229996829,21.173269999929186],[-156.97366000039116,21.173454999714849],[-156.97370600042191,21.173682000041282],[-156.97371300009462,21.173760999825927],[-156.97371899994241,21.17382500026736],[-156.97376199960007,21.174255999626276],[-156.97388700017189,21.17486999959149],[-156.97384899963873,21.174925999873494],[-156.97364299977443,21.175239999955103],[-156.97382100004967,21.175329999903578],[-156.97390100041559,21.175371000029486],[-156.97415999998336,21.175363999702334],[-156.97439000013713,21.175468000220842],[-156.97457300043524,21.175551999877445],[-156.97533800034131,21.175902999631642],[-156.97555900027425,21.176316000108525],[-156.97586100039806,21.176374000162252],[-156.9764720003183,21.176554999620418],[-156.97664100037272,21.176671000355302],[-156.97702999963681,21.176937000151653],[-156.97745300013443,21.176881999949586],[-156.97785700036547,21.177159000226347],[-156.9787670000365,21.177809000241741],[-156.97932600007826,21.178102999622276],[-156.9799040003866,21.17804099965339],[-156.98080200036202,21.177900999763139],[-156.98134499961193,21.178080999717338],[-156.98192799994311,21.178520000399395],[-156.9827280000093,21.17888700041788],[-156.98329899974655,21.178924999968338],[-156.98351300000678,21.178939999589812],[-156.98402000017001,21.17919200003924],[-156.98509899989543,21.179076999747803],[-156.98566299996006,21.178886000275298],[-156.98639899955381,21.178635999593023],[-156.98667300008847,21.178543999691229],[-156.98773500009548,21.178411999768596],[-156.98870300039115,21.178514000366434],[-156.98877000033832,21.178521999851927],[-156.98894400041556,21.178456999622213],[-156.98943599961183,21.178274999832198],[-156.99009900030896,21.17830199960347],[-156.9905300003042,21.178279999728176],[-156.9906220003657,21.178249000202882],[-156.99136100033246,21.178008999929489],[-156.99206000011631,21.177923999843941],[-156.99293299997743,21.177686000182199],[-156.99332799998763,21.17801899973923],[-156.99390700012083,21.177869000008947],[-156.99398499993865,21.177888999646722],[-156.99514099965697,21.178193999651132],[-156.9953819996814,21.178255000246608],[-156.99544600015381,21.178272000229576],[-156.99807399995794,21.177984999713178],[-156.99999799995535,21.177850999830063],[-157.00080600041741,21.177917999786793],[-157.00232500035892,21.178153000307805],[-157.00239399995587,21.178152000160225],[-157.00320999991558,21.17829699970827],[-157.00364000008588,21.178441999951758],[-157.00411999958661,21.178514000366434],[-157.00428299979322,21.178416999659952],[-157.00422300041708,21.178176000349435],[-157.00392999961582,21.178023000333067],[-157.00361199959849,21.177926000142168],[-157.00337999979487,21.177910000268653],[-157.00320800026574,21.177781000230411],[-157.00319099964901,21.177548000259208],[-157.00306099995268,21.177338000092913],[-157.00288900042352,21.177153000138119],[-157.00269100005681,21.176934999840054],[-157.0025350004212,21.176604999991646],[-157.0025350004212,21.176330999994608],[-157.00270600012541,21.176154000069083],[-157.00286000011124,21.176121999936885],[-157.00298099958675,21.1762419999781],[-157.00309299973972,21.176338999598201],[-157.00322199961118,21.176628999594246],[-157.00347299968132,21.177095999706967],[-157.00388500030829,21.177410000207455],[-157.00439300029643,21.17765999961172],[-157.00469399969694,21.177869000008947],[-157.00500300039178,21.177942000013978],[-157.00540699972447,21.177966000237234],[-157.00562199980968,21.178182999705832],[-157.00563100003049,21.178554000302444],[-157.00581299960535,21.178916000362246],[-157.00613099962266,21.179141999704996],[-157.0065690001889,21.179158000282875],[-157.00700699985683,21.179124999822047],[-157.00744500042308,21.179246000079655],[-157.00753099973844,21.179430999929082],[-157.00764399971638,21.179705000045974],[-157.00794699966508,21.180034999677915],[-157.00829900001759,21.180165000396791],[-157.00923899982584,21.180226000179253],[-157.00934699978083,21.180329999791521],[-157.00967700039203,21.180648999942065],[-157.01028900013725,21.180764999978475],[-157.01093600004253,21.180807999694469],[-157.01151199980271,21.181223000128679],[-157.01195399966861,21.181600999831431],[-157.01213899961652,21.181759000112198],[-157.01283699957543,21.181923000119003],[-157.01320900001943,21.182133999758069],[-157.01328400036249,21.182175999793184],[-157.01402400015417,21.182446000212774],[-157.01461199960994,21.182349000410387],[-157.01460699958707,21.182611000412592],[-157.01459300024169,21.183408999815768],[-157.01458800021879,21.183676000165896],[-157.01458400002082,21.183724999694668],[-157.01458200037104,21.183876000294241],[-157.01458300019593,21.18392800008229],[-157.01456399992935,21.184905999937193],[-157.01450799985287,21.187842000211795],[-157.01449100013443,21.188823000363101],[-157.01447400041599,21.18967999966539],[-157.01442500001218,21.192250999583258],[-157.01440999994358,21.193108999992592],[-157.01438099963124,21.194657000030162],[-157.01429299976772,21.19930399999982],[-157.01426500017863,21.20085299961157],[-157.0145329999672,21.218399000333914],[-157.01479999993091,21.236072000071985],[-157.0150049999703,21.24999900001043],[-157.01497999985597,21.250828000372653],[-157.01501900021404,21.256011000305236],[-157.01505799967376,21.261194000363094],[-157.01759000011674,21.259181999683214],[-157.01878099999519,21.258235999670873],[-157.02644400037289,21.249999999671335],[-157.0252960001522,21.249999999671335],[-157.02537999981777,21.249736999879321],[-157.03016299959802,21.243949999857165],[-157.03113400026672,21.244537000378489],[-157.03414299983737,21.245617999766971],[-157.03439399990754,21.245709000050716],[-157.03623800043729,21.245539999598638],[-157.04343800013447,21.245201000094163],[-157.05151700043885,21.244861999809896],[-157.05739599966296,21.244187000189314],[-157.06101400040231,21.246029999820848],[-157.0653269998293,21.246948999743417],[-157.06987399960798,21.246839000401764],[-157.07244100021103,21.246776999990704],[-157.07543700026119,21.247864000256826],[-157.08143000018643,21.249999999671335],[-157.08254400007198,21.249999999671335],[-157.09073200015624,21.252270000210267],[-157.10215899996496,21.252672999949834],[-157.10949299955644,21.252579999656945],[-157.11663200005253,21.254571000347237],[-157.12500000006187,21.257144000012627],[-157.12500000006187,21.255631999806322],[-157.13520400020511,21.255161000131206],[-157.14732099957683,21.256444000094767],[-157.15468699985368,21.257359999851424],[-157.15899199978301,21.257895999633295],[-157.16193199975666,21.259141000229928],[-157.17164499963022,21.265394999892369],[-157.18394299965021,21.271466000197393],[-157.19953800001923,21.276509000175249],[-157.21424200008548,21.278612999587377],[-157.22021200044449,21.278496000003532],[-157.22831900033796,21.276349000271622],[-157.23125900031161,21.275659999802652],[-157.23393300014649,21.276233000044353],[-157.23794299962475,21.277470999914506],[-157.24391499963355,21.279791000207307],[-157.24999999962031,21.28034700032557],[-157.24999999962031,21.278773000377207],[-157.25997299978488,21.278475000304468],[-157.27218600031432,21.276564000075787],[-157.28128400006963,21.272590000092478],[-157.29229599977666,21.265635000384357],[-157.29555999961542,21.26260200022303],[-157.29804400037784,21.260292000310521],[-157.30135099987427,21.257219999836991],[-157.30513600011994,21.253009000086539],[-157.30525199957259,21.25288100000521],[-157.306301999884,21.250773000066896],[-157.30649400040295,21.250385999709717],[-157.30668699984849,21.249999999671335],[-157.31052099959962,21.244521999885063],[-157.31312300036279,21.237933000247992],[-157.31446800022701,21.230432999971793],[-157.31450699968676,21.225811999737598],[-157.31455400044072,21.2202719999351],[-157.31356400040377,21.212614999590791],[-157.31257400036679,21.207288999770743],[-157.31167499966813,21.204127999653604],[-157.31544400002028,21.199781999679345],[-157.32145700003696,21.195343999649161],[-157.32500000043331,21.191721000287309],[-157.32881499991788,21.187818999998644],[-157.33859300008876,21.17503800037391],[-157.34723399990961,21.161306000227821],[-157.34989199985097,21.15708500005189],[-157.35580500030855,21.14240300027782],[-157.35714900034785,21.139065999640476],[-157.35796799978229,21.137695000311634],[-157.3594900000968,21.135145000092717],[-157.36333399989371,21.12871199964658],[-157.36408499955607,21.127514000251264],[-157.36566399977201,21.124999999835893],[-157.3652279997539,21.124999999835893],[-157.36391999969962,21.124999999835893],[-157.36348399968153,21.124999999835893],[-157.36625899979873,21.116658000323895]]],[[[-157.11618699981361,20.902813000038091],[-157.11723999959975,20.891693000066894],[-157.11120900003968,20.87500000009371],[-157.11150199994267,20.87500000009371],[-157.11238400002458,20.87500000009371],[-157.11267799975246,20.87500000009371],[-157.11013100013918,20.869461000269055],[-157.10291700019832,20.860132999670764],[-157.09538500024016,20.847494999723033],[-157.09518199985055,20.847153999741884],[-157.0856799998642,20.836681999604071],[-157.07520700010744,20.827299000056978],[-157.07500299989292,20.827248000086648],[-157.04806899957876,20.820545000173983],[-157.04394899959732,20.810025999967742],[-157.04687400040069,20.803106000009524],[-157.04760800034464,20.790055999622389],[-157.04645799957575,20.780771999785582],[-157.04518300003178,20.770467000165866],[-157.04026700018215,20.762032999934409],[-157.03861299962315,20.753073000116224],[-157.0372979998962,20.750000000183856],[-157.0374669999506,20.750000000183856],[-157.03797499993868,20.750000000183856],[-157.038144999818,20.750000000183856],[-157.03556100039481,20.744273999616158],[-157.03239299991719,20.738133000178788],[-157.03133500010819,20.736079999986416],[-157.02727799987593,20.728730999617483],[-157.02268400024161,20.723152999623608],[-157.02137799983714,20.722391000233909],[-157.01808800005912,20.717912999977177],[-157.0132359997836,20.7119119996193],[-157.01047400008517,20.708335999903177],[-157.00904300000724,20.706484000253273],[-157.00873199966261,20.706081000242737],[-157.00465199986417,20.702107000114815],[-156.99999999960519,20.696894999767714],[-156.99443400037555,20.693575000155349],[-156.99390700012083,20.693379999703041],[-156.98596199971078,20.690443000075742],[-156.97384100014114,20.686793999716986],[-156.97380699980593,20.686783999834716],[-156.96685099960791,20.685942999729576],[-156.96283899958155,20.685458999940238],[-156.953934999995,20.687260999956152],[-156.94320399959705,20.689693999955633],[-156.9358990003179,20.692221999725906],[-156.9282619998794,20.691158000066036],[-156.92668000018872,20.691283999608128],[-156.91875999989307,20.691918000104412],[-156.91059000025044,20.693312000249115],[-156.89960100010961,20.689934999960176],[-156.88781399955249,20.688839000031273],[-156.87500000004681,20.690964999957618],[-156.86185299955685,20.698599999805232],[-156.84961700035944,20.708334000042822],[-156.84541500036227,20.711677000382696],[-156.8314900004458,20.715150000334319],[-156.81699300006875,20.719793000389853],[-156.81281899966066,20.722775000332803],[-156.79536299994174,20.735250999922862],[-156.78230199966549,20.750000000183856],[-156.77520999992336,20.761156999686907],[-156.76904999959356,20.770849999664929],[-156.756082999927,20.795866999714828],[-156.74999999959007,20.807604999946118],[-156.74999999959007,20.808600999678898],[-156.74999999959007,20.811590999876795],[-156.74999999959007,20.812588000225787],[-156.74999999959007,20.815413000259134],[-156.74999999959007,20.823888000002679],[-156.74999999959007,20.826712999768869],[-156.75710300010118,20.849623999886788],[-156.75745899975334,20.85077099959398],[-156.77125399997348,20.868787000279266],[-156.77542599983343,20.87500000009371],[-156.78203600042505,20.883550999836576],[-156.79095000005734,20.894954000273522],[-156.80232900018547,20.905188999945238],[-156.80424999980988,20.906915999596571],[-156.81149399988794,20.915825999663415],[-156.81764400017201,20.923612000144718],[-156.819467999712,20.925921000047531],[-156.82332900012565,20.930807999596357],[-156.82531699969721,20.932483999955647],[-156.82756700010788,20.934380999965171],[-156.83640000044761,20.941827999749254],[-156.84756100011754,20.951238000076081],[-156.85885200038214,20.958332999996902],[-156.86455099968117,20.961913999615131],[-156.86847400001909,20.964379000297196],[-156.87500000004681,20.966686999841034],[-156.87786499967737,20.967586000132147],[-156.88215999956097,20.968894000393902],[-156.88773200043505,20.970035999841947],[-156.89248500007804,20.971589000038843],[-156.89842299975169,20.97314100018864],[-156.90510000029042,20.975923000052497],[-156.90756200041318,20.976533000001243],[-156.91332299963651,20.977962999608593],[-156.92163100026974,20.978936000336411],[-156.9278319997091,20.978597999991447],[-156.93349400009657,20.979409999884687],[-156.94034200033951,20.980301999689033],[-156.94490699966153,20.980868999665258],[-156.94892200006095,20.98094500025741],[-156.95832299976504,20.98158500035542],[-156.9646160001642,20.981164000279712],[-156.96736000031927,20.982308000329233],[-156.97110500038198,20.982957999981309],[-156.97622100024816,20.984015999599475],[-156.98233800002194,20.984580000418319],[-156.98982200029951,20.985057999593899],[-156.99492899994485,20.984555999980731],[-156.99999999960519,20.98421699999275],[-157.00834199967525,20.983268999698474],[-157.00887499977776,20.983249999639916],[-157.01757900024609,20.982950999813017],[-157.03526799959351,20.983302000059268],[-157.0426310003956,20.981091999825246],[-157.04948999961093,20.97903500007433],[-157.06455699990036,20.970401000061692],[-157.06856300007894,20.968419000327305],[-157.08883499992299,20.958397000080012],[-157.09993000036903,20.948603000353124],[-157.11122699958307,20.93122999973707],[-157.11505899968438,20.915581000287958],[-157.11618000014093,20.902888999983393],[-157.11618699981361,20.902813000038091]]]]},"properties":{"NAME":"Maui County","BASENAME":"Maui","GEOID":"15009","STATE":"15","COUNTY":"009"}},{"type":"Feature","geometry":{"type":"Polygon","coordinates":[[[-155.02999900034396,19.792101000022036],[-155.03331500006124,19.793420999591394],[-155.03328599974893,19.794221000176751],[-155.0331710001212,19.797473000044285],[-155.03360299994131,19.807319000231757],[-155.03373400036094,19.810280999892669],[-155.03383999976779,19.811683000210795],[-155.03384899998866,19.811806000105346],[-155.0338769995777,19.812175999867453],[-155.03388699962346,19.812300000029133],[-155.03432099999173,19.818026999852687],[-155.03474799978898,19.820462999877165],[-155.03470699978115,19.822067000376762],[-155.03294099996742,19.82801300039414],[-155.03027800000322,19.83946299962771],[-155.03029899991964,19.848995000053655],[-155.03064899972398,19.857673999751306],[-155.0315219995851,19.866088999933147],[-155.03461800009265,19.875000000171646],[-155.03299399967088,19.875000000171646],[-155.03162000039268,19.875000000171646],[-155.0374009997075,19.882876000014537],[-155.04183100020862,19.889370999726271],[-155.04681099963236,19.897703999878988],[-155.05555199991059,19.906672000233101],[-155.06264200000291,19.912710999715571],[-155.0627519996078,19.912804000247117],[-155.06359699987976,19.913390000059238],[-155.06648699962471,19.915397999704989],[-155.06745099972238,19.916068000392436],[-155.07084299960772,19.91842499961696],[-155.07132999967945,19.919585999642646],[-155.07266500039617,19.922764999915842],[-155.07610900015999,19.928597999629833],[-155.07992000034494,19.933167000304632],[-155.08179599976347,19.935415000126795],[-155.08316999994,19.937459000329209],[-155.0860489998143,19.941742999927996],[-155.09001800018297,19.945280999690162],[-155.09153299992647,19.946650999771045],[-155.10626399975692,19.957823999586783],[-155.11358499982791,19.96466499976599],[-155.12168300039886,19.97105199982305],[-155.12390500032211,19.974298000095114],[-155.12686700003707,19.97754899993674],[-155.12879600005738,19.978885999918603],[-155.13283700039608,19.981231000154533],[-155.13397700022088,19.981984000403699],[-155.13528100007719,19.983566999789534],[-155.13754300018343,19.986314999819381],[-155.14032999999617,19.989481000332443],[-155.14191099986195,19.990402000130175],[-155.14621999998926,19.992665999628546],[-155.15105800002107,19.995015000385685],[-155.15370099989383,19.996108000350709],[-155.1558049998163,19.99767099994386],[-155.15748600013947,19.997607999968739],[-155.15916599973946,19.999744000016484],[-155.15939300041848,20.000001000410094],[-155.16105799994983,20.000001000410094],[-155.16118400034651,20.000177999635756],[-155.1626899998692,20.001573999768805],[-155.16430599989502,20.003924999863148],[-155.16680300017794,20.006423999961704],[-155.16875300011461,20.007852000168029],[-155.17081799967906,20.008944999626465],[-155.17314300043279,20.010140000145118],[-155.1737359999114,20.010735000204328],[-155.17475899956031,20.011892000314891],[-155.17684599976437,20.013106000410513],[-155.17797999974138,20.014098999983464],[-155.18125000032623,20.015477000330858],[-155.18238699977798,20.017872000363596],[-155.18450300029431,20.019501000085164],[-155.18785800036969,20.021563000197624],[-155.19032799999007,20.02319399998024],[-155.19377099992897,20.025340000161389],[-155.19437799965127,20.025472999987318],[-155.19536400038862,20.025687999620242],[-155.19766199958156,20.026635000387699],[-155.20057800016406,20.027926000402918],[-155.20198199957949,20.030236000326394],[-155.20294800022532,20.031520000406303],[-155.20400600003435,20.032548000254252],[-155.20433099972436,20.032784999955723],[-155.20612300037564,20.034091999832892],[-155.20947500007793,20.036579999953336],[-155.21176800014632,20.038465999893557],[-155.21503899965774,20.039757999816096],[-155.21813199979226,20.041134999672323],[-155.22237099959943,20.043453999764683],[-155.2283700002707,20.048085000171188],[-155.23410899975272,20.05169000031194],[-155.23673200043231,20.053454000183358],[-155.23755199969165,20.054005999899722],[-155.2412590001195,20.056494000123205],[-155.24550100029967,20.058643000008043],[-155.24789700030018,20.059808000349239],[-155.24842200000674,20.060062999733642],[-155.24850499984743,20.060103999986467],[-155.24961000041043,20.061341000312595],[-155.25000000039776,20.061777000135798],[-155.25239899987304,20.063448000360555],[-155.25462099979629,20.064434999648896],[-155.25844299985187,20.066054000291178],[-155.25999799977836,20.066709000056015],[-155.26164300011652,20.067402999894846],[-155.26529399956959,20.068678000134309],[-155.26903600015754,20.069870999703163],[-155.27170800034261,20.070782999794336],[-155.27634499963466,20.072081000264376],[-155.27927600028579,20.073423999617315],[-155.28433600007548,20.07592099993429],[-155.28699800021477,20.077256999755583],[-155.29123199999901,20.078832999623994],[-155.29162600018429,20.078980000317809],[-155.29474100006016,20.080156999857291],[-155.29830100017494,20.081513999605324],[-155.30151599960988,20.083209000131905],[-155.30167100031889,20.083291000335581],[-155.30521600036505,20.085327999627413],[-155.30640899989328,20.086163000194691],[-155.30760200031983,20.08699799968684],[-155.30989399966498,20.088835000284757],[-155.31210999974047,20.090075999816612],[-155.31441799987746,20.091233999694555],[-155.3170830003898,20.092485000171788],[-155.32046900042729,20.093582999640638],[-155.32148299985539,20.094108999858566],[-155.32286500042787,20.094828000015625],[-155.32536199981237,20.095564999864767],[-155.32683800009616,20.096069000152436],[-155.32749900024518,20.096294000389921],[-155.3278759998137,20.096460999629755],[-155.3297210001684,20.097279999860174],[-155.33095800007757,20.097729999906278],[-155.33200300036611,20.098109999894167],[-155.33221500007824,20.098186999799335],[-155.33524399974033,20.099191000049252],[-155.33745700034109,20.100601000259019],[-155.34020999981871,20.101938999840506],[-155.34248600016863,20.103326000271064],[-155.34339800038777,20.103882000118702],[-155.34596400026763,20.10555500032185],[-155.34843499971294,20.107481000111633],[-155.3519899998048,20.109092000305797],[-155.3550999996578,20.110522000379845],[-155.35732400012918,20.111423000247534],[-155.35937100015025,20.11223399970071],[-155.36231299977376,20.113150999945308],[-155.36471100032242,20.11430999996373],[-155.36774300035759,20.115228999837253],[-155.36970199961678,20.115953000358015],[-155.3715600003903,20.117184999772626],[-155.37305000001948,20.118834000160671],[-155.37357899992398,20.119227999916145],[-155.37499999995615,20.120285999751921],[-155.37707799993939,20.121917999911158],[-155.37851300021526,20.122864999935626],[-155.38372699999073,20.125002999926394],[-155.38394700009877,20.125002999926394],[-155.38460800024774,20.125002999926394],[-155.38482900018067,20.125002999926394],[-155.38731499969458,20.126536000418536],[-155.39096299967287,20.12866400005359],[-155.39392399956293,20.130348999675444],[-155.39425599982397,20.130537999920215],[-155.39754700032523,20.132832999958286],[-155.40021899961195,20.134027999682548],[-155.40556499963188,20.135995999782043],[-155.40975499993351,20.137198000015822],[-155.41207300011627,20.137885000133128],[-155.41420700017594,20.139498999956068],[-155.41812700014083,20.141121999691311],[-155.42240500030601,20.142577999846196],[-155.42280399961584,20.142710999723164],[-155.42445499980178,20.143263000291437],[-155.42945100001739,20.144046000166981],[-155.43159299957472,20.144226000329926],[-155.43286200016922,20.145207000144268],[-155.43345999967073,20.14566899988791],[-155.43604200034241,20.147200999845598],[-155.43817700022703,20.148815000395665],[-155.44138400016439,20.150095999850823],[-155.44387899989911,20.150952000207337],[-155.4455810001387,20.151439000199442],[-155.44717799989795,20.151895999998406],[-155.45047699989684,20.152924000304115],[-155.45458000015981,20.153871999807372],[-155.45877200011125,20.154734999995625],[-155.46287700002404,20.155176000240452],[-155.46501600010666,20.156113999710183],[-155.46670499992743,20.157472000219862],[-155.46937899976231,20.158581999594514],[-155.47222800039771,20.160197999957088],[-155.47588399987362,20.161227999799461],[-155.47882399984729,20.162507000046151],[-155.48203699963241,20.16294399981566],[-155.48602600009255,20.164356999579905],[-155.48613700042063,20.164397000239202],[-155.49006400005823,20.164835999970606],[-155.49318700032998,20.16535600024222],[-155.49604199991484,20.165959999672744],[-155.49836199974737,20.166307999634348],[-155.49999700003983,20.167055999899855],[-155.50048499993645,20.167224999607466],[-155.50147099977545,20.167222000203022],[-155.5029949997398,20.167471000326533],[-155.50443000001567,20.167803999951843],[-155.5054169996796,20.168054000066874],[-155.50837599991982,20.168468000293668],[-155.51034799959783,20.169303999691437],[-155.5125009999241,20.170309000250505],[-155.51384599978834,20.170809999698804],[-155.51581900018954,20.171899000053084],[-155.51788100027923,20.172483000156152],[-155.52120000036959,20.173988999822527],[-155.5262219996261,20.175658999819117],[-155.53124399978094,20.177413000263339],[-155.53680400006112,20.179080999831438],[-155.53826199990323,20.179512000361051],[-155.54074999996527,20.180248999703061],[-155.54577200012011,20.181245999765128],[-155.54864199977357,20.181827000305983],[-155.55294599987801,20.182319999960491],[-155.55581600042976,20.182733000271703],[-155.55823699964634,20.183063000246293],[-155.56173400001191,20.183642999939309],[-155.5648720003523,20.183129999800656],[-155.56854899974465,20.182950999806909],[-155.57061099983432,20.182945999898337],[-155.57374900017467,20.182263999905498],[-155.57599000036453,20.181332999943319],[-155.57876799995648,20.180146999768443],[-155.57984400020715,20.180397000332619],[-155.58208700004684,20.181316000077089],[-155.58576500016238,20.183828999814107],[-155.58800800000202,20.184748000402823],[-155.59042999994182,20.186338999624546],[-155.59267299978151,20.187426000369037],[-155.59509499972125,20.189018000015956],[-155.59778699999779,20.190860000059459],[-155.59931199978709,20.191444999878112],[-155.60182300031366,20.192026000335648],[-155.6040660001533,20.193028999593459],[-155.60639900040468,20.193947999881484],[-155.60738699989346,20.195879000094937],[-155.60873400030582,20.197473999866087],[-155.61025900009511,20.198730999637935],[-155.61286199978485,20.200994000078307],[-155.61573399998645,20.203508999943271],[-155.61815799957606,20.205351999588469],[-155.62084999985262,20.206858000258563],[-155.62255499956692,20.208451000055209],[-155.62499999997127,20.209950999712529],[-155.62650600039225,20.210964000398736],[-155.62855500006316,20.212313000393777],[-155.63051500004559,20.213494000357407],[-155.63185099968896,20.214253000164039],[-155.63309699981895,20.21484400011536],[-155.63452000039931,20.215350000222738],[-155.63612399983128,20.216361999715843],[-155.63745899964971,20.216952000322863],[-155.63826000043909,20.217374000213262],[-155.6392379998822,20.217711000120719],[-155.63986300004618,20.218217000176736],[-155.64075199980081,20.218469999587604],[-155.64146400000342,20.218806999649811],[-155.64226400006956,20.218975999703826],[-155.6437739997902,20.219227999817502],[-155.64457700022945,20.219902999887026],[-155.64555899987047,20.220831000185189],[-155.64594100036024,20.221011999946029],[-155.64680500000048,20.221421999594085],[-155.64751899985291,20.222012000398415],[-155.64858599988276,20.222349000373629],[-155.64947600036064,20.22277099995334],[-155.65179000034536,20.223867000076982],[-155.65356700002971,20.224118999853175],[-155.65516700016207,20.224540999687903],[-155.65667900043084,20.224962000351493],[-155.65872300007885,20.2253829998754],[-155.65943600010638,20.22580399994542],[-155.66086299998634,20.22698500032752],[-155.66273599993013,20.228419000254785],[-155.663542999669,20.229852999600475],[-155.66479200017207,20.230781000371231],[-155.66612899964036,20.231792999766117],[-155.66880300037354,20.233648999579557],[-155.67076599983073,20.235250999990356],[-155.67219699990864,20.237106999814355],[-155.67442600040292,20.238708999982592],[-155.67585400010779,20.239890000096342],[-155.67772600022667,20.241239000352699],[-155.67932800000884,20.241829000122394],[-155.67945799970516,20.241888999916352],[-155.67973899991259,20.242018000069109],[-155.6805850000095,20.242404999884844],[-155.68086700004181,20.242533999609208],[-155.68087899973736,20.242537000091531],[-155.68088799995817,20.242543999812025],[-155.68208800005743,20.243093000267475],[-155.68253599977109,20.24312299992328],[-155.68333099981442,20.243176999963378],[-155.68484399990808,20.243682000147988],[-155.68671000017918,20.24401799991379],[-155.6876819997745,20.244324999965055],[-155.68804400017274,20.244439000082192],[-155.68884500006382,20.244776000323721],[-155.6891250004463,20.245215999761307],[-155.68938300018914,20.245619999626243],[-155.6900119996528,20.246886000095799],[-155.690550999603,20.247897999964767],[-155.69256599983706,20.24999999968982],[-155.69315400019113,20.251383999789027],[-155.69500799986835,20.253731000099354],[-155.69659999960476,20.255985000203033],[-155.69820499975995,20.257901999927508],[-155.6999100003726,20.259572000363296],[-155.70221699978634,20.261602000296005],[-155.70514500006445,20.263575000058204],[-155.70799100032676,20.265376000010697],[-155.71032399967979,20.266733000263827],[-155.71266000030417,20.268007999615556],[-155.71474999998298,20.268769000016899],[-155.71796799979097,20.270079999738758],[-155.71957100029633,20.272080999864542],[-155.72129600010217,20.27316099958465],[-155.72254100040723,20.275315999750504],[-155.72473999986596,20.277929999609118],[-155.72686499970482,20.280121999877583],[-155.73142699955216,20.283254999993137],[-155.73479099984831,20.285413000249829],[-155.73833300041977,20.287492999920378],[-155.74039999963398,20.288925000218068],[-155.7431799997741,20.290134000337055],[-155.74683899962307,20.291285999778882],[-155.74814800040059,20.292489000139327],[-155.75000000042797,20.293527000409743],[-155.75146400011786,20.294469999608665],[-155.7534240001003,20.295162000420383],[-155.75547500031934,20.295768999901526],[-155.75886399983156,20.296725000136099],[-155.76161600038253,20.297376999993404],[-155.76407500013227,20.297998000399524],[-155.76631200012417,20.298077000284902],[-155.76899900037785,20.298578000081228],[-155.77168499990827,20.298570000280503],[-155.77481800022579,20.298645000396952],[-155.77606900037864,20.300505999823656],[-155.77803699985867,20.301771999768679],[-155.78018299961397,20.303459999605],[-155.78376199999533,20.30522900010282],[-155.78752100030172,20.306827000281828],[-155.79288999988788,20.309270000062629],[-155.79555100020227,20.309956999583733],[-155.79804400028718,20.310786999711183],[-155.79875800013963,20.310993999890076],[-155.80127999963852,20.311672000222796],[-155.80476000028568,20.312457999993061],[-155.80994099955086,20.313254999826206],[-155.81208800002938,20.313269999609339],[-155.8147440003209,20.315744000387163],[-155.81839999979684,20.316868999903292],[-155.82170200016873,20.317654000281308],[-155.82571300037017,20.318950999943748],[-155.82946099990761,20.319907000257672],[-155.83182400029622,20.320201999893367],[-155.83374999994342,20.320443999674293],[-155.83678299980355,20.321225999803897],[-155.84027199977319,20.321334000228607],[-155.84545999960937,20.321452999837057],[-155.85163500000778,20.321409000268599],[-155.85665299996467,20.320764000084452],[-155.86095299987113,20.320284000063445],[-155.86669100042653,20.319304999941473],[-155.87072799966899,20.318315000040698],[-155.87499999998636,20.316831999611221],[-155.87662199986002,20.31659100004229],[-155.87887800011845,20.316017000246209],[-155.88167400015206,20.31536199976987],[-155.88365599987583,20.315208999769798],[-155.88591200013425,20.314549000199921],[-155.88798900029258,20.313888000361349],[-155.89060700005095,20.312977000213095],[-155.89241300004761,20.312397999694717],[-155.89467299960569,20.311312999623777],[-155.89630000040052,20.31064800027816],[-155.8986510001952,20.309393999733221],[-155.90000600010515,20.308895999584994],[-155.90154099994015,20.308400000396212],[-155.90316799983665,20.307649000166062],[-155.90524699964479,20.30673300023226],[-155.9068729997164,20.306066999716325],[-155.90850100033612,20.305147000381634],[-155.91085299995572,20.303892999934437],[-155.9124790000273,20.303227999891554],[-155.91429099987175,20.301968999620275],[-155.91592000031639,20.301049000372693],[-155.91764199974912,20.299703999715259],[-155.91936599973005,20.29818999958167],[-155.92181699998216,20.296003000028289],[-155.9241779998226,20.293729000352162],[-155.92644599977658,20.291794999779672],[-155.92817300013056,20.289941000303966],[-155.92822199963604,20.289882999980758],[-155.92953800008624,20.288337999607421],[-155.9311780004015,20.286143999746933],[-155.93236500008197,20.284285000059981],[-155.93408999988779,20.282685999741911],[-155.93563700031666,20.280829999618788],[-155.93673000028579,20.279394999766531],[-155.93873399975081,20.276778999723135],[-155.93937499980836,20.275594999761964],[-155.94028500037768,20.274498999735723],[-155.94101299957552,20.273654999862153],[-155.94238099990423,20.2716279999485],[-155.94284100021181,20.27052800034042],[-155.94366399984415,20.269176000078215],[-155.94485300007275,20.267062000410771],[-155.94613299963964,20.264864000033747],[-155.94722800015688,20.263175000108046],[-155.94796200010083,20.261652000220874],[-155.94804699959133,20.261404000233124],[-155.94851699994459,20.260043000103437],[-155.94884400018276,20.259177999688692],[-155.94925500008648,20.258095000221836],[-155.94999400005329,20.255978000245499],[-155.95028500030639,20.253772000078232],[-155.95053899985132,20.252328000239501],[-155.95094999975507,20.24999999968982],[-155.95114300009888,20.24999999968982],[-155.95172499970687,20.24999999968982],[-155.95191899987563,20.24999999968982],[-155.95263600010114,20.248789000336714],[-155.95362100011519,20.247023000244898],[-155.9544300004022,20.244579000303808],[-155.9555080003027,20.241545999995314],[-155.95640799992799,20.238764999960168],[-155.95766699957846,20.234971999960234],[-155.95812500023618,20.231004000112453],[-155.95902900005945,20.226871000051506],[-155.95921499983226,20.224421999886356],[-155.9594919998417,20.221465999714166],[-155.9595069999103,20.217070999938411],[-155.95924699961932,20.215040999881325],[-155.95907699974001,20.21267299971057],[-155.95897100033312,20.211379000231464],[-155.95882099964697,20.209543999618223],[-155.95837700013126,20.209116999657375],[-155.9589160000815,20.207600000022879],[-155.95981700043001,20.204481000077717],[-155.96009500026435,20.201019000095847],[-155.96081800033761,20.197728999887591],[-155.96029500028089,20.194513000072771],[-155.96021699956478,20.191554000335106],[-155.95995999964686,20.188508999648953],[-155.95961999988822,20.184027000008076],[-155.95883800026371,20.178442000255451],[-155.95788199966361,20.17175700011046],[-155.9577190003553,20.167614000034945],[-155.95631199966849,20.162699999771082],[-155.95499600011664,20.157532999780422],[-155.95376800042828,20.152535999697676],[-155.95280199978248,20.14906300017104],[-155.95139800036702,20.143557000265449],[-155.95078999992145,20.139494999758679],[-155.95000099972597,20.136276000223315],[-155.9494819998672,20.132129999704038],[-155.94878200025846,20.12874400024862],[-155.94781599961263,20.124999999710944],[-155.94798800004008,20.123786000030563],[-155.94665700041958,20.121650999706013],[-155.94630800044013,20.119947000244906],[-155.94551699969648,20.117218999973556],[-155.94472400020135,20.114916999800755],[-155.94392900015808,20.112955000138559],[-155.94268999970072,20.110395999861286],[-155.94171200025764,20.108943999579054],[-155.94011100030039,20.106977999912846],[-155.93859900003162,20.105267999725797],[-155.93788799965395,20.104156999952135],[-155.93744999998603,20.102452999767973],[-155.93763900013187,20.100665999585569],[-155.93737999966581,20.09904800014802],[-155.93673699995847,20.096473999840956],[-155.93659200019351,20.095894000400413],[-155.93580200017311,20.093166000140375],[-155.93492400028913,20.090012000045846],[-155.93360000034133,20.086600999689011],[-155.93227499967028,20.083445000334613],[-155.93085399963809,20.08139399978409],[-155.92952100036777,20.079600000361101],[-155.92756600040821,20.076950999734514],[-155.92525099970024,20.07464100036929],[-155.92311199961765,20.072842000387126],[-155.92063000030171,20.068658000220513],[-155.91814800008743,20.064303999703224],[-155.916877999668,20.062572999784301],[-155.91495000037094,20.059946000146969],[-155.91130499986735,20.055415999855846],[-155.91118699986654,20.055281000157034],[-155.90694700023457,20.050455999818958],[-155.90303599959219,20.045668000291297],[-155.90037099997812,20.042163999939028],[-155.8979730003278,20.038915999933437],[-155.89530600016559,20.035752000176124],[-155.89420599962546,20.033428999942366],[-155.8938919998061,20.032764999688503],[-155.89114000015343,20.028920000193814],[-155.88936199974586,20.026782000177143],[-155.88884200006217,20.025919000378099],[-155.8877669996364,20.02413499966303],[-155.88634800015237,20.021914000077324],[-155.88527600009962,20.020026000338667],[-155.88431100017701,20.018327000389913],[-155.88584299963895,20.016632999968952],[-155.88737599982414,20.014853999619486],[-155.88944399976162,20.01333300019661],[-155.89115199984897,20.012064999597939],[-155.8934890002983,20.010460999760028],[-155.8948409998352,20.009020999987634],[-155.89610000038397,20.008005999887846],[-155.89763500021897,20.005885999775522],[-155.89786500037275,20.005631999672893],[-155.89925700009263,20.004107000297402],[-155.90178799981237,20.000000000103931],[-155.90213000011912,20.000000000103931],[-155.903156999966,20.000000000103931],[-155.90350000009769,20.000000000103931],[-155.90460700031048,19.998428999999845],[-155.90553100022521,19.997120000231902],[-155.90712399978653,19.994500000287292],[-155.90748799983461,19.993465000052467],[-155.90801799956407,19.991961000059231],[-155.90827799985502,19.991763999622613],[-155.91345999984344,19.987836000307492],[-155.91748899958824,19.985013000099276],[-155.91898599978845,19.983966000165605],[-155.92426300021143,19.978653000158147],[-155.93888299971374,19.96151800011188],[-155.9401179999731,19.959428999807933],[-155.94593199979818,19.949598000271372],[-155.94633100000635,19.948922000333976],[-155.94753000028069,19.946894999840012],[-155.94793000031376,19.946219999952948],[-155.95038099966757,19.942075000185113],[-155.95355300034313,19.931414000099462],[-155.95405999960803,19.929714000045312],[-155.95993600025568,19.915243999922325],[-155.96242699979248,19.909151999717633],[-155.97176999977017,19.906912000165693],[-155.98541400037763,19.902864999970422],[-155.9860970002679,19.902663000269779],[-155.99834400023425,19.896875999599857],[-155.99999899971985,19.896585999722625],[-156.00241900000984,19.895646000138996],[-156.00408000024152,19.894793000249628],[-156.00808100039725,19.89274099983934],[-156.01239100034948,19.889752999703916],[-156.01500200043517,19.887201000374869],[-156.01570899971659,19.886510999727303],[-156.01806899973209,19.883958999692645],[-156.01965399979582,19.882246999958806],[-156.02305999992484,19.877897999795294],[-156.02484900020303,19.875000000171646],[-156.02734800013573,19.875000000171646],[-156.03005899978049,19.871457000017795],[-156.0339429997604,19.867027999702952],[-156.03936300029849,19.860643000006242],[-156.04505199955179,19.854424999982943],[-156.04920800041654,19.848642999788787],[-156.05354400030802,19.843533999763956],[-156.05877399997701,19.841880999853537],[-156.06562700024284,19.839114999581614],[-156.07247999961035,19.835250999900218],[-156.07951699999924,19.831130999785472],[-156.08610400012631,19.825830999908518],[-156.0906159997449,19.821142999601708],[-156.09567200023488,19.815013000080189],[-156.09946400015329,19.808978000263139],[-156.1030779997964,19.802776999660932],[-156.10551800017785,19.797261999780417],[-156.10723999961061,19.79040199969884],[-156.10806099959316,19.784142000123335],[-156.10843200021222,19.776787999983487],[-156.10916299978311,19.769515000205789],[-156.11052100006614,19.76460100035036],[-156.11259900004933,19.759764999793639],[-156.11485799978252,19.754589999748788],[-156.11585700004031,19.749999999854754],[-156.11472700026127,19.749999999854754],[-156.11791999995492,19.744570999850488],[-156.11929800032939,19.736481999891609],[-156.12000100031116,19.727176000338154],[-156.11907499984829,19.719300999766677],[-156.11517900017287,19.710685000279106],[-156.11121900002502,19.703297000274574],[-156.1095829999077,19.700432000178555],[-156.1047420004011,19.694812000238734],[-156.10442699985856,19.693151000058599],[-156.10168199987856,19.686358000132142],[-156.09782300001305,19.675374000285004],[-156.09331999971698,19.668345999578332],[-156.09090199997516,19.663652999645269],[-156.08881999979397,19.661408000049914],[-156.08828699969149,19.658435000287412],[-156.08795000030591,19.651952000044254],[-156.08762800009066,19.646083000027513],[-156.08542700008377,19.638842000353666],[-156.08288200012029,19.632658999963414],[-156.07859200025959,19.625000999889131],[-156.07529300026076,19.620961999919864],[-156.07108700006557,19.617461000049424],[-156.06321000032591,19.61182300033866],[-156.05885500016785,19.609256000304072],[-156.05712100014125,19.608232999859496],[-156.05505400002863,19.607234000357053],[-156.04932899989205,19.604467000199719],[-156.04327900006538,19.60191399998201],[-156.04323700023261,19.601896000146908],[-156.03907500041839,19.60097900024132],[-156.03893499977801,19.600948000061841],[-156.0378150000447,19.599846999832355],[-156.03589500024523,19.597960999987727],[-156.0347379998037,19.595803000348457],[-156.03392900041499,19.594293000332716],[-156.03027700023873,19.58747800010298],[-156.02992099968824,19.586509999974677],[-156.02583000001914,19.575382000178326],[-156.02299700017562,19.563631999658551],[-156.02269900024979,19.56130599961303],[-156.02158899966392,19.552614999713942],[-156.02124600043055,19.549933999657288],[-156.01985800001034,19.541947000317705],[-156.01939600005298,19.539284999843861],[-156.01690700016601,19.5326409997793],[-156.01680599988367,19.531701000141613],[-156.01577400001392,19.522086000172461],[-156.01437499972306,19.510680000013714],[-156.01366000004572,19.507811999820586],[-156.01180800001831,19.500375999738793],[-156.0118089998432,19.500000000341064],[-156.01201999973037,19.500000000341064],[-156.0126530002903,19.500000000341064],[-156.0128640001775,19.500000000341064],[-156.01027099963514,19.494139999940757],[-156.0079590001985,19.488914000143637],[-156.0029389996935,19.476372999713604],[-156.00055899958647,19.470424999635583],[-156.00044700033186,19.47014499973039],[-156.00011099987285,19.469308000396293],[-156.00000000044307,19.46902899965766],[-155.99913400025468,19.466181000354364],[-155.99499699965651,19.461252999687368],[-155.9903279996791,19.455888999662189],[-155.98910800038666,19.454994999914803],[-155.98331899977762,19.450752000318243],[-155.97810500000216,19.445809000155915],[-155.97459699976594,19.435842000212698],[-155.97275899998223,19.428035000291938],[-155.97157999979939,19.418525999738723],[-155.96808400015701,19.407959999863529],[-155.96795100008765,19.407536999831997],[-155.96578799971564,19.400660000340476],[-155.96501699996176,19.393550999612124],[-155.96429899991136,19.389948000032888],[-155.96361500019617,19.386519000080089],[-155.96137599965613,19.381100999988288],[-155.95798499959577,19.375715000261586],[-155.9575350002323,19.375000000229829],[-155.95606499979633,19.371338000193454],[-155.95437000012774,19.366904000320815],[-155.95071100027877,19.359059999689059],[-155.94722899998183,19.35224000008246],[-155.94321299975746,19.344226999618144],[-155.94232599965264,19.339534999969757],[-155.94375500008076,19.332093000092108],[-155.9442289997337,19.329629000006161],[-155.9443280003662,19.325190000209556],[-155.94424999965005,19.319471000056016],[-155.94425600039617,19.316418000413552],[-155.94427499976445,19.307691999821891],[-155.94464399983539,19.302785000350042],[-155.94510400014292,19.29667999972586],[-155.94646099970271,19.290444999909468],[-155.94889400041149,19.283695999674812],[-155.95285899968385,19.272932000085849],[-155.95529800024045,19.263450999748869],[-155.95620000041384,19.259949999812861],[-155.95720200014634,19.252010000385336],[-155.95693699983249,19.249999999645773],[-155.956556000066,19.246790000008577],[-155.95660200009675,19.242597000198327],[-155.95665200032548,19.238059999663637],[-155.95651099986014,19.234464999790486],[-155.95673000014327,19.230956999607105],[-155.9585260000942,19.223000000369229],[-155.96208700003388,19.20982399970088],[-155.96416199964401,19.201011999873522],[-155.96606700027317,19.19125799968112],[-155.96807900013417,19.179962999738795],[-155.96944999993764,19.169694999943367],[-155.97055399977739,19.159255000218845],[-155.97388200008859,19.142570000190226],[-155.97473800023124,19.130160999922172],[-155.97470399989606,19.124999999579128],[-155.97345199991827,19.124999999579128],[-155.97427700009879,19.118636000368571],[-155.97447399974229,19.1127430002024],[-155.97404100009723,19.107788999865214],[-155.9725380000493,19.101381999804207],[-155.96889199972082,19.093265000361431],[-155.96648900004757,19.088479999898098],[-155.96346500040835,19.082072000165244],[-155.96333099961572,19.081589999896224],[-155.96107400043067,19.073443000330101],[-155.95797899974798,19.063167000107924],[-155.95788400021175,19.062849999881511],[-155.95406399980598,19.05362199984225],[-155.94889600006127,19.046527999694028],[-155.94452599983461,19.041483999967596],[-155.94042599994467,19.036098999706528],[-155.93740399995525,19.029860999960711],[-155.93402999961333,19.021571999765257],[-155.93127299993779,19.016273999982175],[-155.92953200023845,19.013628000211629],[-155.92593100011581,19.008154000159514],[-155.92156099988912,19.003793000314683],[-155.91633399969487,18.999999000406881],[-155.91307400005405,18.997971999973089],[-155.90823099999938,18.9952870003047],[-155.89941199990329,18.990398999853937],[-155.8837250003711,18.981481999797534],[-155.88222800017093,18.980631000313352],[-155.87499999998636,18.97811399990989],[-155.87499999998636,18.977777000199488],[-155.87499999998636,18.976766000376426],[-155.87499999998636,18.976430000342425],[-155.86481699975954,18.973749000258621],[-155.85075999959855,18.969237999828394],[-155.84774500018014,18.968923000347818],[-155.83567899996373,18.967665999592338],[-155.82823300021929,18.966542000034103],[-155.81994300002773,18.960844999650419],[-155.80817899993514,18.952732000295086],[-155.7943710001945,18.942813000162342],[-155.78172699966981,18.93341700041606],[-155.77408400028185,18.930424999599282],[-155.77027999976963,18.92893699975216],[-155.76133500017514,18.925676999615227],[-155.75534200024995,18.923475000338836],[-155.75000000042797,18.922632000383505],[-155.74746100031231,18.921178999671358],[-155.73997100018693,18.916890999647851],[-155.73870300031561,18.913972000094347],[-155.73621500025357,18.908241000370076],[-155.73054799984325,18.894113999722837],[-155.72289500040955,18.8825229999192],[-155.72283500013509,18.882473999896003],[-155.713687999976,18.874999999628862],[-155.71265699993114,18.874372000146362],[-155.70956600034475,18.872488999956481],[-155.70853600012481,18.871862000045756],[-155.70607200035221,18.870361000030254],[-155.70597299971968,18.870301000415637],[-155.69779499968112,18.867846999903826],[-155.69503200015779,18.86701900025983],[-155.69425700020599,18.866785999612517],[-155.67835999971317,18.865459999924425],[-155.66299500039625,18.866158999622634],[-155.64904100016744,18.870502999740861],[-155.64181200015798,18.874999999628862],[-155.63909700031522,18.874999999628862],[-155.63075299969699,18.879686999584116],[-155.62499999997127,18.886096000412419],[-155.62499999997127,18.885658000089183],[-155.62499999997127,18.884345000302307],[-155.62499999997127,18.883908000058234],[-155.6160600003997,18.890249000331146],[-155.60394399995457,18.901280000202377],[-155.59155100039834,18.912736000125403],[-155.59105699975564,18.913329999922375],[-155.58377900024067,18.922094000391784],[-155.57451099970771,18.928174999921126],[-155.56560000044846,18.934516999663412],[-155.55747000009046,18.943442000230782],[-155.55151099960213,18.951788999995589],[-155.54535100017063,18.961850000388971],[-155.54322399978358,18.974100000328047],[-155.54178699985786,18.981293999621823],[-155.53736599957759,18.989056999883772],[-155.53226099958206,18.993549999834745],[-155.5260529995717,19.000000000119819],[-155.52325599971317,19.003813000062163],[-155.51878500010247,19.008071000002996],[-155.51655399995838,19.011482999824153],[-155.51459399997594,19.015579000182615],[-155.51366400021342,19.018922000150681],[-155.51326500000528,19.020360999791624],[-155.50935199971312,19.030178000362916],[-155.50659599986244,19.037604999626062],[-155.50330699990934,19.046482999725171],[-155.50136899966819,19.056819000096016],[-155.5013829999119,19.060836999744144],[-155.50101200019114,19.06177700041636],[-155.50080999962645,19.062289000253404],[-155.50020299990413,19.063824999618149],[-155.50000200006269,19.064338000098317],[-155.49858299968034,19.063905000247683],[-155.49822000035547,19.064477999892429],[-155.49761100008502,19.065440999924249],[-155.4959359996096,19.069366999817284],[-155.49547100017756,19.070340000002243],[-155.49487799980059,19.07158599992384],[-155.49427500027625,19.072085000063176],[-155.48407500033096,19.08052999966144],[-155.4776060002047,19.084273999826532],[-155.47745399986871,19.084407000229806],[-155.47247000024703,19.088789000111323],[-155.46768999994151,19.093561000153471],[-155.46609700038019,19.095352000337112],[-155.46024300037217,19.097045000365625],[-155.45119499994721,19.099414000213738],[-155.43921999996743,19.102885000186294],[-155.42893399980844,19.107214999912166],[-155.42243799991797,19.111699999828286],[-155.4188300001226,19.114192999958597],[-155.41183100026689,19.120069000415569],[-155.40651500038419,19.124582000243382],[-155.40654100032347,19.125002000044478],[-155.40429400028586,19.12772600028692],[-155.40186499977503,19.131053999583372],[-155.39990300014276,19.13304000012501],[-155.39791399984804,19.135055999763441],[-155.39350500016158,19.141199999730979],[-155.39143399985107,19.144360000102431],[-155.38937599995933,19.14494299974676],[-155.38740599993116,19.145611999838955],[-155.38615300012847,19.146030999937569],[-155.38400400000015,19.146956000123474],[-155.38051099983252,19.148385000191766],[-155.37863299986586,19.148798000356003],[-155.37553800008149,19.15059900018565],[-155.37499900013125,19.150912999647442],[-155.37429799979927,19.151293999624283],[-155.37295200011016,19.152233000107177],[-155.37152100003226,19.152480999740181],[-155.37026700040465,19.152816999578942],[-155.36572899994849,19.153736000405463],[-155.36534599963383,19.153813999865942],[-155.35693099976882,19.155992999684806],[-155.34815500022876,19.15877300012917],[-155.34555500001369,19.160047000401804],[-155.34215100043286,19.161315000090084],[-155.33883099961929,19.163532999628973],[-155.33578000021589,19.165580000105752],[-155.33075600041121,19.168647000153044],[-155.325376999881,19.171280000088725],[-155.32026100001482,19.174778000206064],[-155.31270700031533,19.182397999595644],[-155.30740599960293,19.187015999730132],[-155.30156199964063,19.192492999588005],[-155.29885000017092,19.19764900006307],[-155.29785599993599,19.199453000244905],[-155.28646199973923,19.205747000406415],[-155.27318000042843,19.213751999957523],[-155.26840500014578,19.219494999901872],[-155.26509600010118,19.219640000055495],[-155.26133299959679,19.220645000178166],[-155.25801500022968,19.222171000260076],[-155.25000100022268,19.219171999790017],[-155.25000100022268,19.219990999804182],[-155.25000100022268,19.220087999938404],[-155.24580800044632,19.217659000235546],[-155.24244599979994,19.216352000368566],[-155.23686600032661,19.215207000292285],[-155.23005099969558,19.21285100029035],[-155.22503100008888,19.21222599975507],[-155.2134739996855,19.212171000361092],[-155.20444100022752,19.2105610002323],[-155.19655199989396,19.209680000363431],[-155.18786400021747,19.209466000137272],[-155.18209800007295,19.209954000325737],[-155.17561700025112,19.211385999833414],[-155.1702860002998,19.213168000215624],[-155.16995800023673,19.213358000362248],[-155.16130099962407,19.218375000225652],[-155.14985399972389,19.219609000039267],[-155.14087599961914,19.222117000019885],[-155.13227199960824,19.225442999825738],[-155.12959600012351,19.226478999656077],[-155.12499999994105,19.22688699971863],[-155.12332899966361,19.227695999962418],[-155.12000999957326,19.228532000383929],[-155.11630600041678,19.230602000320843],[-155.11257100039981,19.232141999613468],[-155.10550999972151,19.234270000333286],[-155.09038700025391,19.242795999709106],[-155.08535900025129,19.24546599998347],[-155.07903099969201,19.248965999614803],[-155.08009799972183,19.249999999645773],[-155.08318900020657,19.249999999645773],[-155.07933899966358,19.254088000083705],[-155.07639000036738,19.25362800031969],[-155.07281199981097,19.253929999764491],[-155.07065699983485,19.254497999965992],[-155.06753100008834,19.25532300022244],[-155.06143900042895,19.258416000170676],[-155.05614899958718,19.262117000279162],[-155.05229100044488,19.265236000142146],[-155.0491530001045,19.267250999669304],[-155.04691699993757,19.267481999899815],[-155.04038300041225,19.26903200026074],[-155.0323240001994,19.271503999690434],[-155.03172699962448,19.271769000352045],[-155.02614200012829,19.274252999586167],[-155.01850800006284,19.277526999722149],[-155.01799000002896,19.27774899978273],[-155.01082299994377,19.280571999879005],[-155.00544900033475,19.282646999631176],[-155.00000000038264,19.284379999626083],[-155.00000000038264,19.282037000100985],[-154.9974420000004,19.284554000347889],[-154.99134799979288,19.288220000140523],[-154.98007900016788,19.294117999995667],[-154.97145500006548,19.297838999629274],[-154.96228299979202,19.302061999589345],[-154.94993899974128,19.307096000000726],[-154.93966299962798,19.312834000006912],[-154.93171899994115,19.319874999638838],[-154.92729600001107,19.326959000239231],[-154.91890500043547,19.333484000398489],[-154.90823000011406,19.342020000214028],[-154.89590500032986,19.352320000381059],[-154.88902799977458,19.360391999915795],[-154.88266099975559,19.363797000264995],[-154.87500099975085,19.368195999968659],[-154.8728630003915,19.369555999684632],[-154.8664500003417,19.37363700021729],[-154.86431299990895,19.37499800026799],[-154.85967300024384,19.377632999859884],[-154.84791300034917,19.385152000179872],[-154.84281500002638,19.389236000308308],[-154.82827099979372,19.400891000032672],[-154.81031100028463,19.416056999641395],[-154.79357000024302,19.432571999772811],[-154.78613199999614,19.440375999704511],[-154.78553699996939,19.441229000064144],[-154.78108899992492,19.447615999871022],[-154.77575100030091,19.457112999737941],[-154.77304399995577,19.463729999967864],[-154.77012099970057,19.470874999800575],[-154.76790200015031,19.476301000249293],[-154.76249000000814,19.491575000175708],[-154.76216899961778,19.492619000052855],[-154.75990599968662,19.500000000341064],[-154.75949899998085,19.500000000341064],[-154.75827999961504,19.500000000341064],[-154.75787399973416,19.500000000341064],[-154.75716599972952,19.503854999772713],[-154.75660500003795,19.506911000317249],[-154.75611399976827,19.51159600033029],[-154.755791999553,19.515342000053341],[-154.75579300027621,19.515524000036379],[-154.75582699971309,19.519443999628216],[-154.75583799958375,19.520783999729034],[-154.75713700031554,19.527906999887129],[-154.75933300029953,19.536462000296172],[-154.76489199985647,19.544964999981751],[-154.76934499992382,19.549915999939877],[-154.77168200037312,19.552513999612874],[-154.77829399971623,19.55989499997693],[-154.78773499960323,19.566807000068255],[-154.78899099977897,19.568743000214862],[-154.79220399956412,19.571755000227508],[-154.79754799993421,19.575667999844736],[-154.80332800032241,19.578725000064527],[-154.81150499963772,19.582594000161716],[-154.81490800029201,19.587046999822022],[-154.82222099996707,19.593309999895308],[-154.82782700027801,19.596538000344086],[-154.8350239996021,19.59957100028636],[-154.83991199986266,19.601705000362163],[-154.84496099978168,19.602135000049969],[-154.84878299983725,19.603859999613483],[-154.85292399973505,19.605775000150352],[-154.85447199998887,19.606490999878371],[-154.86220999981137,19.610533999583424],[-154.87012199971113,19.61415000035225],[-154.87499999992593,19.61616700041791],[-154.87826499958962,19.617844000219549],[-154.88142800004437,19.619950999731252],[-154.88320800010172,19.621480999670549],[-154.88369400034856,19.621898999695702],[-154.88678400011,19.624999999759869],[-154.88572200010304,19.624999999759869],[-154.88429100002512,19.624999999759869],[-154.89222499966618,19.634473999856066],[-154.89485199964543,19.636248999717047],[-154.89512799982992,19.636763999777489],[-154.89709600020828,19.642793000081472],[-154.90305999982121,19.652305000408706],[-154.90585599985482,19.655547000315408],[-154.90718700037363,19.657091000191187],[-154.91118299960817,19.661725000110938],[-154.91145100029513,19.662036000154227],[-154.91271199959539,19.663069000285684],[-154.91572299971421,19.665535000285285],[-154.92025699997237,19.669249000139452],[-154.92545599967923,19.671858000292705],[-154.92893499960311,19.673604999999661],[-154.9277780000599,19.680812000014555],[-154.92643900004347,19.689643999589709],[-154.92613400044496,19.69166399972983],[-154.9281089995977,19.704533999622274],[-154.93185299983546,19.71546800009029],[-154.93696299985388,19.727677999752437],[-154.94061900022808,19.73572600024082],[-154.94242900042269,19.739707999894097],[-154.94832199989051,19.749998999660459],[-154.94852699992992,19.749998999660459],[-154.94914399969798,19.749998999660459],[-154.94934999956232,19.749998999660459],[-154.9504190001403,19.752354000279787],[-154.95243000017638,19.756784000400597],[-154.9544060000523,19.758902000103419],[-154.956171999866,19.760793999862091],[-154.9587279997001,19.763534000401155],[-154.96123699967853,19.766308000109358],[-154.96384299974136,19.769189000086502],[-154.9713060001026,19.776014999744675],[-154.97783899980297,19.781395999669684],[-154.97784899984873,19.781403999648646],[-154.98450700012089,19.784802000029028],[-154.98588799997009,19.785507000154052],[-154.98748899992736,19.786125999959509],[-154.99471999958666,19.788923999963497],[-154.99675699956197,19.789170000184818],[-155.00000200003248,19.789562999780788],[-155.00607299977548,19.790149000093376],[-155.00704400044421,19.790242999726431],[-155.01369699979517,19.790929999712048],[-155.02431100001724,19.790225999868852],[-155.02552299981207,19.790146000266041],[-155.02669000029937,19.790708999839516],[-155.02991399995514,19.792066999856566],[-155.02999900034396,19.792101000022036]]]},"properties":{"NAME":"Hawaii County","BASENAME":"Hawaii","GEOID":"15001","STATE":"15","COUNTY":"001"}}]}