abs_request_type,party_cd,gender,race,ethnicity,0
CIVILIAN,CST,FEMALE,ASIAN,HISPANIC or LATINO,0
CIVILIAN,CST,FEMALE,ASIAN,NOT HISPANIC or NOT LATINO,0
CIVILIAN,CST,FEMALE,ASIAN,UNDESIGNATED,1
CIVILIAN,CST,FEMALE,BLACK or AFRICAN AMERICAN,HISPANIC or LATINO,0
CIVILIAN,CST,FEMALE,BLACK or AFRICAN AMERICAN,NOT HISPANIC or NOT LATINO,2
CIVILIAN,CST,FEMALE,BLACK or AFRICAN AMERICAN,UNDESIGNATED,0
CIVILIAN,CST,FEMALE,INDIAN AMERICAN or ALASKA NATIVE,HISPANIC or LATINO,0
CIVILIAN,CST,FEMALE,INDIAN AMERICAN or ALASKA NATIVE,NOT HISPANIC or NOT LATINO,0
CIVILIAN,CST,FEMALE,INDIAN AMERICAN or ALASKA NATIVE,UNDESIGNATED,0
CIVILIAN,CST,FEMALE,NATIVE HAWAIIAN or PACIFIC ISLANDER,HISPANIC or LATINO,0
CIVILIAN,CST,FEMALE,NATIVE HAWAIIAN or PACIFIC ISLANDER,NOT HISPANIC or NOT LATINO,0
CIVILIAN,CST,FEMALE,NATIVE HAWAIIAN or PACIFIC ISLANDER,UNDESIGNATED,0
CIVILIAN,CST,FEMALE,OTHER,HISPANIC or LATINO,0
CIVILIAN,CST,FEMALE,OTHER,NOT HISPANIC or NOT LATINO,0
CIVILIAN,CST,FEMALE,OTHER,UNDESIGNATED,0
CIVILIAN,CST,FEMALE,TWO or MORE RACES,HISPANIC or LATINO,0
CIVILIAN,CST,FEMALE,TWO or MORE RACES,NOT HISPANIC or NOT LATINO,0
CIVILIAN,CST,FEMALE,TWO or MORE RACES,UNDESIGNATED,0
CIVILIAN,CST,FEMALE,UNDESIGNATED,HISPANIC or LATINO,0
CIVILIAN,CST,FEMALE,UNDESIGNATED,NOT HISPANIC or NOT LATINO,0
CIVILIAN,CST,FEMALE,UNDESIGNATED,UNDESIGNATED,0
CIVILIAN,CST,FEMALE,WHITE,HISPANIC or LATINO,0
CIVILIAN,CST,FEMALE,WHITE,NOT HISPANIC or NOT LATINO,1
CIVILIAN,CST,FEMALE,WHITE,UNDESIGNATED,1
CIVILIAN,CST,MALE,ASIAN,HISPANIC or LATINO,0
CIVILIAN,CST,MALE,ASIAN,NOT HISPANIC or NOT LATINO,0
CIVILIAN,CST,MALE,ASIAN,UNDESIGNATED,0
CIVILIAN,CST,MALE,BLACK or AFRICAN AMERICAN,HISPANIC or LATINO,0
CIVILIAN,CST,MALE,BLACK or AFRICAN AMERICAN,NOT HISPANIC or NOT LATINO,0
CIVILIAN,CST,MALE,BLACK or AFRICAN AMERICAN,UNDESIGNATED,0
CIVILIAN,CST,MALE,INDIAN AMERICAN or ALASKA NATIVE,HISPANIC or LATINO,0
CIVILIAN,CST,MALE,INDIAN AMERICAN or ALASKA NATIVE,NOT HISPANIC or NOT LATINO,0
CIVILIAN,CST,MALE,INDIAN AMERICAN or ALASKA NATIVE,UNDESIGNATED,0
CIVILIAN,CST,MALE,NATIVE HAWAIIAN or PACIFIC ISLANDER,HISPANIC or LATINO,0
CIVILIAN,CST,MALE,NATIVE HAWAIIAN or PACIFIC ISLANDER,NOT HISPANIC or NOT LATINO,0
CIVILIAN,CST,MALE,NATIVE HAWAIIAN or PACIFIC ISLANDER,UNDESIGNATED,0
CIVILIAN,CST,MALE,OTHER,HISPANIC or LATINO,1
CIVILIAN,CST,MALE,OTHER,NOT HISPANIC or NOT LATINO,0
CIVILIAN,CST,MALE,OTHER,UNDESIGNATED,0
CIVILIAN,CST,MALE,TWO or MORE RACES,HISPANIC or LATINO,0
CIVILIAN,CST,MALE,TWO or MORE RACES,NOT HISPANIC or NOT LATINO,0
CIVILIAN,CST,MALE,TWO or MORE RACES,UNDESIGNATED,0
CIVILIAN,CST,MALE,UNDESIGNATED,HISPANIC or LATINO,0
CIVILIAN,CST,MALE,UNDESIGNATED,NOT HISPANIC or NOT LATINO,0
CIVILIAN,CST,MALE,UNDESIGNATED,UNDESIGNATED,0
CIVILIAN,CST,MALE,WHITE,HISPANIC or LATINO,0
CIVILIAN,CST,MALE,WHITE,NOT HISPANIC or NOT LATINO,2
CIVILIAN,CST,MALE,WHITE,UNDESIGNATED,2
CIVILIAN,CST,UNDESIGNATED,ASIAN,HISPANIC or LATINO,0
CIVILIAN,CST,UNDESIGNATED,ASIAN,NOT HISPANIC or NOT LATINO,0
CIVILIAN,CST,UNDESIGNATED,ASIAN,UNDESIGNATED,0
CIVILIAN,CST,UNDESIGNATED,BLACK or AFRICAN AMERICAN,HISPANIC or LATINO,0
CIVILIAN,CST,UNDESIGNATED,BLACK or AFRICAN AMERICAN,NOT HISPANIC or NOT LATINO,0
CIVILIAN,CST,UNDESIGNATED,BLACK or AFRICAN AMERICAN,UNDESIGNATED,0
CIVILIAN,CST,UNDESIGNATED,INDIAN AMERICAN or ALASKA NATIVE,HISPANIC or LATINO,0
CIVILIAN,CST,UNDESIGNATED,INDIAN AMERICAN or ALASKA NATIVE,NOT HISPANIC or NOT LATINO,0
CIVILIAN,CST,UNDESIGNATED,INDIAN AMERICAN or ALASKA NATIVE,UNDESIGNATED,0
CIVILIAN,CST,UNDESIGNATED,NATIVE HAWAIIAN or PACIFIC ISLANDER,HISPANIC or LATINO,0
CIVILIAN,CST,UNDESIGNATED,NATIVE HAWAIIAN or PACIFIC ISLANDER,NOT HISPANIC or NOT LATINO,0
CIVILIAN,CST,UNDESIGNATED,NATIVE HAWAIIAN or PACIFIC ISLANDER,UNDESIGNATED,0
CIVILIAN,CST,UNDESIGNATED,OTHER,HISPANIC or LATINO,0
CIVILIAN,CST,UNDESIGNATED,OTHER,NOT HISPANIC or NOT LATINO,0
CIVILIAN,CST,UNDESIGNATED,OTHER,UNDESIGNATED,0
CIVILIAN,CST,UNDESIGNATED,TWO or MORE RACES,HISPANIC or LATINO,0
CIVILIAN,CST,UNDESIGNATED,TWO or MORE RACES,NOT HISPANIC or NOT LATINO,0
CIVILIAN,CST,UNDESIGNATED,TWO or MORE RACES,UNDESIGNATED,0
CIVILIAN,CST,UNDESIGNATED,UNDESIGNATED,HISPANIC or LATINO,0
CIVILIAN,CST,UNDESIGNATED,UNDESIGNATED,NOT HISPANIC or NOT LATINO,0
CIVILIAN,CST,UNDESIGNATED,UNDESIGNATED,UNDESIGNATED,2
CIVILIAN,CST,UNDESIGNATED,WHITE,HISPANIC or LATINO,0
CIVILIAN,CST,UNDESIGNATED,WHITE,NOT HISPANIC or NOT LATINO,0
CIVILIAN,CST,UNDESIGNATED,WHITE,UNDESIGNATED,0
CIVILIAN,DEM,FEMALE,ASIAN,HISPANIC or LATINO,9
CIVILIAN,DEM,FEMALE,ASIAN,NOT HISPANIC or NOT LATINO,1123
CIVILIAN,DEM,FEMALE,ASIAN,UNDESIGNATED,567
CIVILIAN,DEM,FEMALE,BLACK or AFRICAN AMERICAN,HISPANIC or LATINO,73
CIVILIAN,DEM,FEMALE,BLACK or AFRICAN AMERICAN,NOT HISPANIC or NOT LATINO,10579
CIVILIAN,DEM,FEMALE,BLACK or AFRICAN AMERICAN,UNDESIGNATED,3825
CIVILIAN,DEM,FEMALE,INDIAN AMERICAN or ALASKA NATIVE,HISPANIC or LATINO,5
CIVILIAN,DEM,FEMALE,INDIAN AMERICAN or ALASKA NATIVE,NOT HISPANIC or NOT LATINO,162
CIVILIAN,DEM,FEMALE,INDIAN AMERICAN or ALASKA NATIVE,UNDESIGNATED,36
CIVILIAN,DEM,FEMALE,NATIVE HAWAIIAN or PACIFIC ISLANDER,HISPANIC or LATINO,0
CIVILIAN,DEM,FEMALE,NATIVE HAWAIIAN or PACIFIC ISLANDER,NOT HISPANIC or NOT LATINO,4
CIVILIAN,DEM,FEMALE,NATIVE HAWAIIAN or PACIFIC ISLANDER,UNDESIGNATED,0
CIVILIAN,DEM,FEMALE,OTHER,HISPANIC or LATINO,843
CIVILIAN,DEM,FEMALE,OTHER,NOT HISPANIC or NOT LATINO,711
CIVILIAN,DEM,FEMALE,OTHER,UNDESIGNATED,378
CIVILIAN,DEM,FEMALE,TWO or MORE RACES,HISPANIC or LATINO,66
CIVILIAN,DEM,FEMALE,TWO or MORE RACES,NOT HISPANIC or NOT LATINO,205
CIVILIAN,DEM,FEMALE,TWO or MORE RACES,UNDESIGNATED,95
CIVILIAN,DEM,FEMALE,UNDESIGNATED,HISPANIC or LATINO,265
CIVILIAN,DEM,FEMALE,UNDESIGNATED,NOT HISPANIC or NOT LATINO,163
CIVILIAN,DEM,FEMALE,UNDESIGNATED,UNDESIGNATED,782
CIVILIAN,DEM,FEMALE,WHITE,HISPANIC or LATINO,465
CIVILIAN,DEM,FEMALE,WHITE,NOT HISPANIC or NOT LATINO,26517
CIVILIAN,DEM,FEMALE,WHITE,UNDESIGNATED,8810
CIVILIAN,DEM,MALE,ASIAN,HISPANIC or LATINO,5
CIVILIAN,DEM,MALE,ASIAN,NOT HISPANIC or NOT LATINO,633
CIVILIAN,DEM,MALE,ASIAN,UNDESIGNATED,310
CIVILIAN,DEM,MALE,BLACK or AFRICAN AMERICAN,HISPANIC or LATINO,29
CIVILIAN,DEM,MALE,BLACK or AFRICAN AMERICAN,NOT HISPANIC or NOT LATINO,5649
CIVILIAN,DEM,MALE,BLACK or AFRICAN AMERICAN,UNDESIGNATED,2361
CIVILIAN,DEM,MALE,INDIAN AMERICAN or ALASKA NATIVE,HISPANIC or LATINO,4
CIVILIAN,DEM,MALE,INDIAN AMERICAN or ALASKA NATIVE,NOT HISPANIC or NOT LATINO,83
CIVILIAN,DEM,MALE,INDIAN AMERICAN or ALASKA NATIVE,UNDESIGNATED,35
CIVILIAN,DEM,MALE,NATIVE HAWAIIAN or PACIFIC ISLANDER,HISPANIC or LATINO,0
CIVILIAN,DEM,MALE,NATIVE HAWAIIAN or PACIFIC ISLANDER,NOT HISPANIC or NOT LATINO,0
CIVILIAN,DEM,MALE,NATIVE HAWAIIAN or PACIFIC ISLANDER,UNDESIGNATED,0
CIVILIAN,DEM,MALE,OTHER,HISPANIC or LATINO,484
CIVILIAN,DEM,MALE,OTHER,NOT HISPANIC or NOT LATINO,420
CIVILIAN,DEM,MALE,OTHER,UNDESIGNATED,199
CIVILIAN,DEM,MALE,TWO or MORE RACES,HISPANIC or LATINO,31
CIVILIAN,DEM,MALE,TWO or MORE RACES,NOT HISPANIC or NOT LATINO,73
CIVILIAN,DEM,MALE,TWO or MORE RACES,UNDESIGNATED,49
CIVILIAN,DEM,MALE,UNDESIGNATED,HISPANIC or LATINO,168
CIVILIAN,DEM,MALE,UNDESIGNATED,NOT HISPANIC or NOT LATINO,92
CIVILIAN,DEM,MALE,UNDESIGNATED,UNDESIGNATED,452
CIVILIAN,DEM,MALE,WHITE,HISPANIC or LATINO,287
CIVILIAN,DEM,MALE,WHITE,NOT HISPANIC or NOT LATINO,13800
CIVILIAN,DEM,MALE,WHITE,UNDESIGNATED,4556
CIVILIAN,DEM,UNDESIGNATED,ASIAN,HISPANIC or LATINO,0
CIVILIAN,DEM,UNDESIGNATED,ASIAN,NOT HISPANIC or NOT LATINO,26
CIVILIAN,DEM,UNDESIGNATED,ASIAN,UNDESIGNATED,62
CIVILIAN,DEM,UNDESIGNATED,BLACK or AFRICAN AMERICAN,HISPANIC or LATINO,2
CIVILIAN,DEM,UNDESIGNATED,BLACK or AFRICAN AMERICAN,NOT HISPANIC or NOT LATINO,210
CIVILIAN,DEM,UNDESIGNATED,BLACK or AFRICAN AMERICAN,UNDESIGNATED,266
CIVILIAN,DEM,UNDESIGNATED,INDIAN AMERICAN or ALASKA NATIVE,HISPANIC or LATINO,0
CIVILIAN,DEM,UNDESIGNATED,INDIAN AMERICAN or ALASKA NATIVE,NOT HISPANIC or NOT LATINO,3
CIVILIAN,DEM,UNDESIGNATED,INDIAN AMERICAN or ALASKA NATIVE,UNDESIGNATED,5
CIVILIAN,DEM,UNDESIGNATED,NATIVE HAWAIIAN or PACIFIC ISLANDER,HISPANIC or LATINO,0
CIVILIAN,DEM,UNDESIGNATED,NATIVE HAWAIIAN or PACIFIC ISLANDER,NOT HISPANIC or NOT LATINO,0
CIVILIAN,DEM,UNDESIGNATED,NATIVE HAWAIIAN or PACIFIC ISLANDER,UNDESIGNATED,0
CIVILIAN,DEM,UNDESIGNATED,OTHER,HISPANIC or LATINO,26
CIVILIAN,DEM,UNDESIGNATED,OTHER,NOT HISPANIC or NOT LATINO,21
CIVILIAN,DEM,UNDESIGNATED,OTHER,UNDESIGNATED,8
CIVILIAN,DEM,UNDESIGNATED,TWO or MORE RACES,HISPANIC or LATINO,2
CIVILIAN,DEM,UNDESIGNATED,TWO or MORE RACES,NOT HISPANIC or NOT LATINO,0
CIVILIAN,DEM,UNDESIGNATED,TWO or MORE RACES,UNDESIGNATED,22
CIVILIAN,DEM,UNDESIGNATED,UNDESIGNATED,HISPANIC or LATINO,30
CIVILIAN,DEM,UNDESIGNATED,UNDESIGNATED,NOT HISPANIC or NOT LATINO,56
CIVILIAN,DEM,UNDESIGNATED,UNDESIGNATED,UNDESIGNATED,4718
CIVILIAN,DEM,UNDESIGNATED,WHITE,HISPANIC or LATINO,10
CIVILIAN,DEM,UNDESIGNATED,WHITE,NOT HISPANIC or NOT LATINO,728
CIVILIAN,DEM,UNDESIGNATED,WHITE,UNDESIGNATED,445
CIVILIAN,GRE,FEMALE,ASIAN,HISPANIC or LATINO,0
CIVILIAN,GRE,FEMALE,ASIAN,NOT HISPANIC or NOT LATINO,2
CIVILIAN,GRE,FEMALE,ASIAN,UNDESIGNATED,2
CIVILIAN,GRE,FEMALE,BLACK or AFRICAN AMERICAN,HISPANIC or LATINO,0
CIVILIAN,GRE,FEMALE,BLACK or AFRICAN AMERICAN,NOT HISPANIC or NOT LATINO,9
CIVILIAN,GRE,FEMALE,BLACK or AFRICAN AMERICAN,UNDESIGNATED,3
CIVILIAN,GRE,FEMALE,INDIAN AMERICAN or ALASKA NATIVE,HISPANIC or LATINO,0
CIVILIAN,GRE,FEMALE,INDIAN AMERICAN or ALASKA NATIVE,NOT HISPANIC or NOT LATINO,0
CIVILIAN,GRE,FEMALE,INDIAN AMERICAN or ALASKA NATIVE,UNDESIGNATED,0
CIVILIAN,GRE,FEMALE,NATIVE HAWAIIAN or PACIFIC ISLANDER,HISPANIC or LATINO,0
CIVILIAN,GRE,FEMALE,NATIVE HAWAIIAN or PACIFIC ISLANDER,NOT HISPANIC or NOT LATINO,0
CIVILIAN,GRE,FEMALE,NATIVE HAWAIIAN or PACIFIC ISLANDER,UNDESIGNATED,0
CIVILIAN,GRE,FEMALE,OTHER,HISPANIC or LATINO,6
CIVILIAN,GRE,FEMALE,OTHER,NOT HISPANIC or NOT LATINO,0
CIVILIAN,GRE,FEMALE,OTHER,UNDESIGNATED,3
CIVILIAN,GRE,FEMALE,TWO or MORE RACES,HISPANIC or LATINO,1
CIVILIAN,GRE,FEMALE,TWO or MORE RACES,NOT HISPANIC or NOT LATINO,0
CIVILIAN,GRE,FEMALE,TWO or MORE RACES,UNDESIGNATED,1
CIVILIAN,GRE,FEMALE,UNDESIGNATED,HISPANIC or LATINO,0
CIVILIAN,GRE,FEMALE,UNDESIGNATED,NOT HISPANIC or NOT LATINO,0
CIVILIAN,GRE,FEMALE,UNDESIGNATED,UNDESIGNATED,2
CIVILIAN,GRE,FEMALE,WHITE,HISPANIC or LATINO,1
CIVILIAN,GRE,FEMALE,WHITE,NOT HISPANIC or NOT LATINO,43
CIVILIAN,GRE,FEMALE,WHITE,UNDESIGNATED,29
CIVILIAN,GRE,MALE,ASIAN,HISPANIC or LATINO,0
CIVILIAN,GRE,MALE,ASIAN,NOT HISPANIC or NOT LATINO,1
CIVILIAN,GRE,MALE,ASIAN,UNDESIGNATED,1
CIVILIAN,GRE,MALE,BLACK or AFRICAN AMERICAN,HISPANIC or LATINO,0
CIVILIAN,GRE,MALE,BLACK or AFRICAN AMERICAN,NOT HISPANIC or NOT LATINO,4
CIVILIAN,GRE,MALE,BLACK or AFRICAN AMERICAN,UNDESIGNATED,4
CIVILIAN,GRE,MALE,INDIAN AMERICAN or ALASKA NATIVE,HISPANIC or LATINO,0
CIVILIAN,GRE,MALE,INDIAN AMERICAN or ALASKA NATIVE,NOT HISPANIC or NOT LATINO,0
CIVILIAN,GRE,MALE,INDIAN AMERICAN or ALASKA NATIVE,UNDESIGNATED,0
CIVILIAN,GRE,MALE,NATIVE HAWAIIAN or PACIFIC ISLANDER,HISPANIC or LATINO,0
CIVILIAN,GRE,MALE,NATIVE HAWAIIAN or PACIFIC ISLANDER,NOT HISPANIC or NOT LATINO,0
CIVILIAN,GRE,MALE,NATIVE HAWAIIAN or PACIFIC ISLANDER,UNDESIGNATED,0
CIVILIAN,GRE,MALE,OTHER,HISPANIC or LATINO,4
CIVILIAN,GRE,MALE,OTHER,NOT HISPANIC or NOT LATINO,2
CIVILIAN,GRE,MALE,OTHER,UNDESIGNATED,1
CIVILIAN,GRE,MALE,TWO or MORE RACES,HISPANIC or LATINO,0
CIVILIAN,GRE,MALE,TWO or MORE RACES,NOT HISPANIC or NOT LATINO,0
CIVILIAN,GRE,MALE,TWO or MORE RACES,UNDESIGNATED,0
CIVILIAN,GRE,MALE,UNDESIGNATED,HISPANIC or LATINO,0
CIVILIAN,GRE,MALE,UNDESIGNATED,NOT HISPANIC or NOT LATINO,0
CIVILIAN,GRE,MALE,UNDESIGNATED,UNDESIGNATED,1
CIVILIAN,GRE,MALE,WHITE,HISPANIC or LATINO,0
CIVILIAN,GRE,MALE,WHITE,NOT HISPANIC or NOT LATINO,22
CIVILIAN,GRE,MALE,WHITE,UNDESIGNATED,28
CIVILIAN,GRE,UNDESIGNATED,ASIAN,HISPANIC or LATINO,0
CIVILIAN,GRE,UNDESIGNATED,ASIAN,NOT HISPANIC or NOT LATINO,1
CIVILIAN,GRE,UNDESIGNATED,ASIAN,UNDESIGNATED,0
CIVILIAN,GRE,UNDESIGNATED,BLACK or AFRICAN AMERICAN,HISPANIC or LATINO,0
CIVILIAN,GRE,UNDESIGNATED,BLACK or AFRICAN AMERICAN,NOT HISPANIC or NOT LATINO,3
CIVILIAN,GRE,UNDESIGNATED,BLACK or AFRICAN AMERICAN,UNDESIGNATED,0
CIVILIAN,GRE,UNDESIGNATED,INDIAN AMERICAN or ALASKA NATIVE,HISPANIC or LATINO,0
CIVILIAN,GRE,UNDESIGNATED,INDIAN AMERICAN or ALASKA NATIVE,NOT HISPANIC or NOT LATINO,0
CIVILIAN,GRE,UNDESIGNATED,INDIAN AMERICAN or ALASKA NATIVE,UNDESIGNATED,0
CIVILIAN,GRE,UNDESIGNATED,NATIVE HAWAIIAN or PACIFIC ISLANDER,HISPANIC or LATINO,0
CIVILIAN,GRE,UNDESIGNATED,NATIVE HAWAIIAN or PACIFIC ISLANDER,NOT HISPANIC or NOT LATINO,0
CIVILIAN,GRE,UNDESIGNATED,NATIVE HAWAIIAN or PACIFIC ISLANDER,UNDESIGNATED,0
CIVILIAN,GRE,UNDESIGNATED,OTHER,HISPANIC or LATINO,0
CIVILIAN,GRE,UNDESIGNATED,OTHER,NOT HISPANIC or NOT LATINO,0
CIVILIAN,GRE,UNDESIGNATED,OTHER,UNDESIGNATED,0
CIVILIAN,GRE,UNDESIGNATED,TWO or MORE RACES,HISPANIC or LATINO,0
CIVILIAN,GRE,UNDESIGNATED,TWO or MORE RACES,NOT HISPANIC or NOT LATINO,0
CIVILIAN,GRE,UNDESIGNATED,TWO or MORE RACES,UNDESIGNATED,0
CIVILIAN,GRE,UNDESIGNATED,UNDESIGNATED,HISPANIC or LATINO,0
CIVILIAN,GRE,UNDESIGNATED,UNDESIGNATED,NOT HISPANIC or NOT LATINO,0
CIVILIAN,GRE,UNDESIGNATED,UNDESIGNATED,UNDESIGNATED,9
CIVILIAN,GRE,UNDESIGNATED,WHITE,HISPANIC or LATINO,0
CIVILIAN,GRE,UNDESIGNATED,WHITE,NOT HISPANIC or NOT LATINO,2
CIVILIAN,GRE,UNDESIGNATED,WHITE,UNDESIGNATED,2
CIVILIAN,JFA,FEMALE,ASIAN,HISPANIC or LATINO,0
CIVILIAN,JFA,FEMALE,ASIAN,NOT HISPANIC or NOT LATINO,0
CIVILIAN,JFA,FEMALE,ASIAN,UNDESIGNATED,0
CIVILIAN,JFA,FEMALE,BLACK or AFRICAN AMERICAN,HISPANIC or LATINO,0
CIVILIAN,JFA,FEMALE,BLACK or AFRICAN AMERICAN,NOT HISPANIC or NOT LATINO,2
CIVILIAN,JFA,FEMALE,BLACK or AFRICAN AMERICAN,UNDESIGNATED,1
CIVILIAN,JFA,FEMALE,INDIAN AMERICAN or ALASKA NATIVE,HISPANIC or LATINO,0
CIVILIAN,JFA,FEMALE,INDIAN AMERICAN or ALASKA NATIVE,NOT HISPANIC or NOT LATINO,1
CIVILIAN,JFA,FEMALE,INDIAN AMERICAN or ALASKA NATIVE,UNDESIGNATED,0
CIVILIAN,JFA,FEMALE,NATIVE HAWAIIAN or PACIFIC ISLANDER,HISPANIC or LATINO,0
CIVILIAN,JFA,FEMALE,NATIVE HAWAIIAN or PACIFIC ISLANDER,NOT HISPANIC or NOT LATINO,0
CIVILIAN,JFA,FEMALE,NATIVE HAWAIIAN or PACIFIC ISLANDER,UNDESIGNATED,0
CIVILIAN,JFA,FEMALE,OTHER,HISPANIC or LATINO,0
CIVILIAN,JFA,FEMALE,OTHER,NOT HISPANIC or NOT LATINO,1
CIVILIAN,JFA,FEMALE,OTHER,UNDESIGNATED,0
CIVILIAN,JFA,FEMALE,TWO or MORE RACES,HISPANIC or LATINO,0
CIVILIAN,JFA,FEMALE,TWO or MORE RACES,NOT HISPANIC or NOT LATINO,0
CIVILIAN,JFA,FEMALE,TWO or MORE RACES,UNDESIGNATED,0
CIVILIAN,JFA,FEMALE,UNDESIGNATED,HISPANIC or LATINO,0
CIVILIAN,JFA,FEMALE,UNDESIGNATED,NOT HISPANIC or NOT LATINO,0
CIVILIAN,JFA,FEMALE,UNDESIGNATED,UNDESIGNATED,0
CIVILIAN,JFA,FEMALE,WHITE,HISPANIC or LATINO,0
CIVILIAN,JFA,FEMALE,WHITE,NOT HISPANIC or NOT LATINO,0
CIVILIAN,JFA,FEMALE,WHITE,UNDESIGNATED,1
CIVILIAN,JFA,MALE,ASIAN,HISPANIC or LATINO,0
CIVILIAN,JFA,MALE,ASIAN,NOT HISPANIC or NOT LATINO,0
CIVILIAN,JFA,MALE,ASIAN,UNDESIGNATED,0
CIVILIAN,JFA,MALE,BLACK or AFRICAN AMERICAN,HISPANIC or LATINO,0
CIVILIAN,JFA,MALE,BLACK or AFRICAN AMERICAN,NOT HISPANIC or NOT LATINO,0
CIVILIAN,JFA,MALE,BLACK or AFRICAN AMERICAN,UNDESIGNATED,1
CIVILIAN,JFA,MALE,INDIAN AMERICAN or ALASKA NATIVE,HISPANIC or LATINO,0
CIVILIAN,JFA,MALE,INDIAN AMERICAN or ALASKA NATIVE,NOT HISPANIC or NOT LATINO,0
CIVILIAN,JFA,MALE,INDIAN AMERICAN or ALASKA NATIVE,UNDESIGNATED,0
CIVILIAN,JFA,MALE,NATIVE HAWAIIAN or PACIFIC ISLANDER,HISPANIC or LATINO,0
CIVILIAN,JFA,MALE,NATIVE HAWAIIAN or PACIFIC ISLANDER,NOT HISPANIC or NOT LATINO,0
CIVILIAN,JFA,MALE,NATIVE HAWAIIAN or PACIFIC ISLANDER,UNDESIGNATED,0
CIVILIAN,JFA,MALE,OTHER,HISPANIC or LATINO,0
CIVILIAN,JFA,MALE,OTHER,NOT HISPANIC or NOT LATINO,0
CIVILIAN,JFA,MALE,OTHER,UNDESIGNATED,1
CIVILIAN,JFA,MALE,TWO or MORE RACES,HISPANIC or LATINO,0
CIVILIAN,JFA,MALE,TWO or MORE RACES,NOT HISPANIC or NOT LATINO,0
CIVILIAN,JFA,MALE,TWO or MORE RACES,UNDESIGNATED,0
CIVILIAN,JFA,MALE,UNDESIGNATED,HISPANIC or LATINO,0
CIVILIAN,JFA,MALE,UNDESIGNATED,NOT HISPANIC or NOT LATINO,0
CIVILIAN,JFA,MALE,UNDESIGNATED,UNDESIGNATED,0
CIVILIAN,JFA,MALE,WHITE,HISPANIC or LATINO,0
CIVILIAN,JFA,MALE,WHITE,NOT HISPANIC or NOT LATINO,0
CIVILIAN,JFA,MALE,WHITE,UNDESIGNATED,1
CIVILIAN,JFA,UNDESIGNATED,ASIAN,HISPANIC or LATINO,0
CIVILIAN,JFA,UNDESIGNATED,ASIAN,NOT HISPANIC or NOT LATINO,0
CIVILIAN,JFA,UNDESIGNATED,ASIAN,UNDESIGNATED,0
CIVILIAN,JFA,UNDESIGNATED,BLACK or AFRICAN AMERICAN,HISPANIC or LATINO,0
CIVILIAN,JFA,UNDESIGNATED,BLACK or AFRICAN AMERICAN,NOT HISPANIC or NOT LATINO,0
CIVILIAN,JFA,UNDESIGNATED,BLACK or AFRICAN AMERICAN,UNDESIGNATED,0
CIVILIAN,JFA,UNDESIGNATED,INDIAN AMERICAN or ALASKA NATIVE,HISPANIC or LATINO,0
CIVILIAN,JFA,UNDESIGNATED,INDIAN AMERICAN or ALASKA NATIVE,NOT HISPANIC or NOT LATINO,0
CIVILIAN,JFA,UNDESIGNATED,INDIAN AMERICAN or ALASKA NATIVE,UNDESIGNATED,0
CIVILIAN,JFA,UNDESIGNATED,NATIVE HAWAIIAN or PACIFIC ISLANDER,HISPANIC or LATINO,0
CIVILIAN,JFA,UNDESIGNATED,NATIVE HAWAIIAN or PACIFIC ISLANDER,NOT HISPANIC or NOT LATINO,0
CIVILIAN,JFA,UNDESIGNATED,NATIVE HAWAIIAN or PACIFIC ISLANDER,UNDESIGNATED,0
CIVILIAN,JFA,UNDESIGNATED,OTHER,HISPANIC or LATINO,0
CIVILIAN,JFA,UNDESIGNATED,OTHER,NOT HISPANIC or NOT LATINO,0
CIVILIAN,JFA,UNDESIGNATED,OTHER,UNDESIGNATED,0
CIVILIAN,JFA,UNDESIGNATED,TWO or MORE RACES,HISPANIC or LATINO,0
CIVILIAN,JFA,UNDESIGNATED,TWO or MORE RACES,NOT HISPANIC or NOT LATINO,0
CIVILIAN,JFA,UNDESIGNATED,TWO or MORE RACES,UNDESIGNATED,0
CIVILIAN,JFA,UNDESIGNATED,UNDESIGNATED,HISPANIC or LATINO,0
CIVILIAN,JFA,UNDESIGNATED,UNDESIGNATED,NOT HISPANIC or NOT LATINO,0
CIVILIAN,JFA,UNDESIGNATED,UNDESIGNATED,UNDESIGNATED,1
CIVILIAN,JFA,UNDESIGNATED,WHITE,HISPANIC or LATINO,0
CIVILIAN,JFA,UNDESIGNATED,WHITE,NOT HISPANIC or NOT LATINO,1
CIVILIAN,JFA,UNDESIGNATED,WHITE,UNDESIGNATED,0
CIVILIAN,LIB,FEMALE,ASIAN,HISPANIC or LATINO,0
CIVILIAN,LIB,FEMALE,ASIAN,NOT HISPANIC or NOT LATINO,4
CIVILIAN,LIB,FEMALE,ASIAN,UNDESIGNATED,3
CIVILIAN,LIB,FEMALE,BLACK or AFRICAN AMERICAN,HISPANIC or LATINO,2
CIVILIAN,LIB,FEMALE,BLACK or AFRICAN AMERICAN,NOT HISPANIC or NOT LATINO,29
CIVILIAN,LIB,FEMALE,BLACK or AFRICAN AMERICAN,UNDESIGNATED,9
CIVILIAN,LIB,FEMALE,INDIAN AMERICAN or ALASKA NATIVE,HISPANIC or LATINO,0
CIVILIAN,LIB,FEMALE,INDIAN AMERICAN or ALASKA NATIVE,NOT HISPANIC or NOT LATINO,1
CIVILIAN,LIB,FEMALE,INDIAN AMERICAN or ALASKA NATIVE,UNDESIGNATED,0
CIVILIAN,LIB,FEMALE,NATIVE HAWAIIAN or PACIFIC ISLANDER,HISPANIC or LATINO,0
CIVILIAN,LIB,FEMALE,NATIVE HAWAIIAN or PACIFIC ISLANDER,NOT HISPANIC or NOT LATINO,0
CIVILIAN,LIB,FEMALE,NATIVE HAWAIIAN or PACIFIC ISLANDER,UNDESIGNATED,0
CIVILIAN,LIB,FEMALE,OTHER,HISPANIC or LATINO,7
CIVILIAN,LIB,FEMALE,OTHER,NOT HISPANIC or NOT LATINO,6
CIVILIAN,LIB,FEMALE,OTHER,UNDESIGNATED,4
CIVILIAN,LIB,FEMALE,TWO or MORE RACES,HISPANIC or LATINO,2
CIVILIAN,LIB,FEMALE,TWO or MORE RACES,NOT HISPANIC or NOT LATINO,2
CIVILIAN,LIB,FEMALE,TWO or MORE RACES,UNDESIGNATED,2
CIVILIAN,LIB,FEMALE,UNDESIGNATED,HISPANIC or LATINO,3
CIVILIAN,LIB,FEMALE,UNDESIGNATED,NOT HISPANIC or NOT LATINO,1
CIVILIAN,LIB,FEMALE,UNDESIGNATED,UNDESIGNATED,6
CIVILIAN,LIB,FEMALE,WHITE,HISPANIC or LATINO,3
CIVILIAN,LIB,FEMALE,WHITE,NOT HISPANIC or NOT LATINO,281
CIVILIAN,LIB,FEMALE,WHITE,UNDESIGNATED,115
CIVILIAN,LIB,MALE,ASIAN,HISPANIC or LATINO,0
CIVILIAN,LIB,MALE,ASIAN,NOT HISPANIC or NOT LATINO,8
CIVILIAN,LIB,MALE,ASIAN,UNDESIGNATED,2
CIVILIAN,LIB,MALE,BLACK or AFRICAN AMERICAN,HISPANIC or LATINO,0
CIVILIAN,LIB,MALE,BLACK or AFRICAN AMERICAN,NOT HISPANIC or NOT LATINO,18
CIVILIAN,LIB,MALE,BLACK or AFRICAN AMERICAN,UNDESIGNATED,11
CIVILIAN,LIB,MALE,INDIAN AMERICAN or ALASKA NATIVE,HISPANIC or LATINO,0
CIVILIAN,LIB,MALE,INDIAN AMERICAN or ALASKA NATIVE,NOT HISPANIC or NOT LATINO,1
CIVILIAN,LIB,MALE,INDIAN AMERICAN or ALASKA NATIVE,UNDESIGNATED,1
CIVILIAN,LIB,MALE,NATIVE HAWAIIAN or PACIFIC ISLANDER,HISPANIC or LATINO,0
CIVILIAN,LIB,MALE,NATIVE HAWAIIAN or PACIFIC ISLANDER,NOT HISPANIC or NOT LATINO,0
CIVILIAN,LIB,MALE,NATIVE HAWAIIAN or PACIFIC ISLANDER,UNDESIGNATED,1
CIVILIAN,LIB,MALE,OTHER,HISPANIC or LATINO,12
CIVILIAN,LIB,MALE,OTHER,NOT HISPANIC or NOT LATINO,11
CIVILIAN,LIB,MALE,OTHER,UNDESIGNATED,2
CIVILIAN,LIB,MALE,TWO or MORE RACES,HISPANIC or LATINO,1
CIVILIAN,LIB,MALE,TWO or MORE RACES,NOT HISPANIC or NOT LATINO,0
CIVILIAN,LIB,MALE,TWO or MORE RACES,UNDESIGNATED,0
CIVILIAN,LIB,MALE,UNDESIGNATED,HISPANIC or LATINO,1
CIVILIAN,LIB,MALE,UNDESIGNATED,NOT HISPANIC or NOT LATINO,1
CIVILIAN,LIB,MALE,UNDESIGNATED,UNDESIGNATED,14
CIVILIAN,LIB,MALE,WHITE,HISPANIC or LATINO,2
CIVILIAN,LIB,MALE,WHITE,NOT HISPANIC or NOT LATINO,335
CIVILIAN,LIB,MALE,WHITE,UNDESIGNATED,132
CIVILIAN,LIB,UNDESIGNATED,ASIAN,HISPANIC or LATINO,0
CIVILIAN,LIB,UNDESIGNATED,ASIAN,NOT HISPANIC or NOT LATINO,0
CIVILIAN,LIB,UNDESIGNATED,ASIAN,UNDESIGNATED,0
CIVILIAN,LIB,UNDESIGNATED,BLACK or AFRICAN AMERICAN,HISPANIC or LATINO,0
CIVILIAN,LIB,UNDESIGNATED,BLACK or AFRICAN AMERICAN,NOT HISPANIC or NOT LATINO,1
CIVILIAN,LIB,UNDESIGNATED,BLACK or AFRICAN AMERICAN,UNDESIGNATED,1
CIVILIAN,LIB,UNDESIGNATED,INDIAN AMERICAN or ALASKA NATIVE,HISPANIC or LATINO,0
CIVILIAN,LIB,UNDESIGNATED,INDIAN AMERICAN or ALASKA NATIVE,NOT HISPANIC or NOT LATINO,1
CIVILIAN,LIB,UNDESIGNATED,INDIAN AMERICAN or ALASKA NATIVE,UNDESIGNATED,0
CIVILIAN,LIB,UNDESIGNATED,NATIVE HAWAIIAN or PACIFIC ISLANDER,HISPANIC or LATINO,0
CIVILIAN,LIB,UNDESIGNATED,NATIVE HAWAIIAN or PACIFIC ISLANDER,NOT HISPANIC or NOT LATINO,0
CIVILIAN,LIB,UNDESIGNATED,NATIVE HAWAIIAN or PACIFIC ISLANDER,UNDESIGNATED,0
CIVILIAN,LIB,UNDESIGNATED,OTHER,HISPANIC or LATINO,0
CIVILIAN,LIB,UNDESIGNATED,OTHER,NOT HISPANIC or NOT LATINO,1
CIVILIAN,LIB,UNDESIGNATED,OTHER,UNDESIGNATED,0
CIVILIAN,LIB,UNDESIGNATED,TWO or MORE RACES,HISPANIC or LATINO,0
CIVILIAN,LIB,UNDESIGNATED,TWO or MORE RACES,NOT HISPANIC or NOT LATINO,0
CIVILIAN,LIB,UNDESIGNATED,TWO or MORE RACES,UNDESIGNATED,0
CIVILIAN,LIB,UNDESIGNATED,UNDESIGNATED,HISPANIC or LATINO,0
CIVILIAN,LIB,UNDESIGNATED,UNDESIGNATED,NOT HISPANIC or NOT LATINO,1
CIVILIAN,LIB,UNDESIGNATED,UNDESIGNATED,UNDESIGNATED,91
CIVILIAN,LIB,UNDESIGNATED,WHITE,HISPANIC or LATINO,0
CIVILIAN,LIB,UNDESIGNATED,WHITE,NOT HISPANIC or NOT LATINO,30
CIVILIAN,LIB,UNDESIGNATED,WHITE,UNDESIGNATED,6
CIVILIAN,NLB,FEMALE,ASIAN,HISPANIC or LATINO,0
CIVILIAN,NLB,FEMALE,ASIAN,NOT HISPANIC or NOT LATINO,11
CIVILIAN,NLB,FEMALE,ASIAN,UNDESIGNATED,9
CIVILIAN,NLB,FEMALE,BLACK or AFRICAN AMERICAN,HISPANIC or LATINO,0
CIVILIAN,NLB,FEMALE,BLACK or AFRICAN AMERICAN,NOT HISPANIC or NOT LATINO,30
CIVILIAN,NLB,FEMALE,BLACK or AFRICAN AMERICAN,UNDESIGNATED,27
CIVILIAN,NLB,FEMALE,INDIAN AMERICAN or ALASKA NATIVE,HISPANIC or LATINO,0
CIVILIAN,NLB,FEMALE,INDIAN AMERICAN or ALASKA NATIVE,NOT HISPANIC or NOT LATINO,1
CIVILIAN,NLB,FEMALE,INDIAN AMERICAN or ALASKA NATIVE,UNDESIGNATED,0
CIVILIAN,NLB,FEMALE,NATIVE HAWAIIAN or PACIFIC ISLANDER,HISPANIC or LATINO,0
CIVILIAN,NLB,FEMALE,NATIVE HAWAIIAN or PACIFIC ISLANDER,NOT HISPANIC or NOT LATINO,0
CIVILIAN,NLB,FEMALE,NATIVE HAWAIIAN or PACIFIC ISLANDER,UNDESIGNATED,0
CIVILIAN,NLB,FEMALE,OTHER,HISPANIC or LATINO,20
CIVILIAN,NLB,FEMALE,OTHER,NOT HISPANIC or NOT LATINO,6
CIVILIAN,NLB,FEMALE,OTHER,UNDESIGNATED,7
CIVILIAN,NLB,FEMALE,TWO or MORE RACES,HISPANIC or LATINO,1
CIVILIAN,NLB,FEMALE,TWO or MORE RACES,NOT HISPANIC or NOT LATINO,0
CIVILIAN,NLB,FEMALE,TWO or MORE RACES,UNDESIGNATED,0
CIVILIAN,NLB,FEMALE,UNDESIGNATED,HISPANIC or LATINO,0
CIVILIAN,NLB,FEMALE,UNDESIGNATED,NOT HISPANIC or NOT LATINO,0
CIVILIAN,NLB,FEMALE,UNDESIGNATED,UNDESIGNATED,4
CIVILIAN,NLB,FEMALE,WHITE,HISPANIC or LATINO,4
CIVILIAN,NLB,FEMALE,WHITE,NOT HISPANIC or NOT LATINO,136
CIVILIAN,NLB,FEMALE,WHITE,UNDESIGNATED,103
CIVILIAN,NLB,MALE,ASIAN,HISPANIC or LATINO,0
CIVILIAN,NLB,MALE,ASIAN,NOT HISPANIC or NOT LATINO,8
CIVILIAN,NLB,MALE,ASIAN,UNDESIGNATED,8
CIVILIAN,NLB,MALE,BLACK or AFRICAN AMERICAN,HISPANIC or LATINO,0
CIVILIAN,NLB,MALE,BLACK or AFRICAN AMERICAN,NOT HISPANIC or NOT LATINO,26
CIVILIAN,NLB,MALE,BLACK or AFRICAN AMERICAN,UNDESIGNATED,16
CIVILIAN,NLB,MALE,INDIAN AMERICAN or ALASKA NATIVE,HISPANIC or LATINO,0
CIVILIAN,NLB,MALE,INDIAN AMERICAN or ALASKA NATIVE,NOT HISPANIC or NOT LATINO,1
CIVILIAN,NLB,MALE,INDIAN AMERICAN or ALASKA NATIVE,UNDESIGNATED,0
CIVILIAN,NLB,MALE,NATIVE HAWAIIAN or PACIFIC ISLANDER,HISPANIC or LATINO,0
CIVILIAN,NLB,MALE,NATIVE HAWAIIAN or PACIFIC ISLANDER,NOT HISPANIC or NOT LATINO,0
CIVILIAN,NLB,MALE,NATIVE HAWAIIAN or PACIFIC ISLANDER,UNDESIGNATED,0
CIVILIAN,NLB,MALE,OTHER,HISPANIC or LATINO,12
CIVILIAN,NLB,MALE,OTHER,NOT HISPANIC or NOT LATINO,6
CIVILIAN,NLB,MALE,OTHER,UNDESIGNATED,9
CIVILIAN,NLB,MALE,TWO or MORE RACES,HISPANIC or LATINO,0
CIVILIAN,NLB,MALE,TWO or MORE RACES,NOT HISPANIC or NOT LATINO,0
CIVILIAN,NLB,MALE,TWO or MORE RACES,UNDESIGNATED,0
CIVILIAN,NLB,MALE,UNDESIGNATED,HISPANIC or LATINO,0
CIVILIAN,NLB,MALE,UNDESIGNATED,NOT HISPANIC or NOT LATINO,0
CIVILIAN,NLB,MALE,UNDESIGNATED,UNDESIGNATED,1
CIVILIAN,NLB,MALE,WHITE,HISPANIC or LATINO,3
CIVILIAN,NLB,MALE,WHITE,NOT HISPANIC or NOT LATINO,75
CIVILIAN,NLB,MALE,WHITE,UNDESIGNATED,52
CIVILIAN,NLB,UNDESIGNATED,ASIAN,HISPANIC or LATINO,0
CIVILIAN,NLB,UNDESIGNATED,ASIAN,NOT HISPANIC or NOT LATINO,0
CIVILIAN,NLB,UNDESIGNATED,ASIAN,UNDESIGNATED,0
CIVILIAN,NLB,UNDESIGNATED,BLACK or AFRICAN AMERICAN,HISPANIC or LATINO,0
CIVILIAN,NLB,UNDESIGNATED,BLACK or AFRICAN AMERICAN,NOT HISPANIC or NOT LATINO,1
CIVILIAN,NLB,UNDESIGNATED,BLACK or AFRICAN AMERICAN,UNDESIGNATED,1
CIVILIAN,NLB,UNDESIGNATED,INDIAN AMERICAN or ALASKA NATIVE,HISPANIC or LATINO,0
CIVILIAN,NLB,UNDESIGNATED,INDIAN AMERICAN or ALASKA NATIVE,NOT HISPANIC or NOT LATINO,0
CIVILIAN,NLB,UNDESIGNATED,INDIAN AMERICAN or ALASKA NATIVE,UNDESIGNATED,1
CIVILIAN,NLB,UNDESIGNATED,NATIVE HAWAIIAN or PACIFIC ISLANDER,HISPANIC or LATINO,0
CIVILIAN,NLB,UNDESIGNATED,NATIVE HAWAIIAN or PACIFIC ISLANDER,NOT HISPANIC or NOT LATINO,0
CIVILIAN,NLB,UNDESIGNATED,NATIVE HAWAIIAN or PACIFIC ISLANDER,UNDESIGNATED,0
CIVILIAN,NLB,UNDESIGNATED,OTHER,HISPANIC or LATINO,1
CIVILIAN,NLB,UNDESIGNATED,OTHER,NOT HISPANIC or NOT LATINO,1
CIVILIAN,NLB,UNDESIGNATED,OTHER,UNDESIGNATED,1
CIVILIAN,NLB,UNDESIGNATED,TWO or MORE RACES,HISPANIC or LATINO,0
CIVILIAN,NLB,UNDESIGNATED,TWO or MORE RACES,NOT HISPANIC or NOT LATINO,0
CIVILIAN,NLB,UNDESIGNATED,TWO or MORE RACES,UNDESIGNATED,0
CIVILIAN,NLB,UNDESIGNATED,UNDESIGNATED,HISPANIC or LATINO,0
CIVILIAN,NLB,UNDESIGNATED,UNDESIGNATED,NOT HISPANIC or NOT LATINO,2
CIVILIAN,NLB,UNDESIGNATED,UNDESIGNATED,UNDESIGNATED,35
CIVILIAN,NLB,UNDESIGNATED,WHITE,HISPANIC or LATINO,0
CIVILIAN,NLB,UNDESIGNATED,WHITE,NOT HISPANIC or NOT LATINO,17
CIVILIAN,NLB,UNDESIGNATED,WHITE,UNDESIGNATED,0
CIVILIAN,REP,FEMALE,ASIAN,HISPANIC or LATINO,5
CIVILIAN,REP,FEMALE,ASIAN,NOT HISPANIC or NOT LATINO,305
CIVILIAN,REP,FEMALE,ASIAN,UNDESIGNATED,136
CIVILIAN,REP,FEMALE,BLACK or AFRICAN AMERICAN,HISPANIC or LATINO,7
CIVILIAN,REP,FEMALE,BLACK or AFRICAN AMERICAN,NOT HISPANIC or NOT LATINO,234
CIVILIAN,REP,FEMALE,BLACK or AFRICAN AMERICAN,UNDESIGNATED,71
CIVILIAN,REP,FEMALE,INDIAN AMERICAN or ALASKA NATIVE,HISPANIC or LATINO,1
CIVILIAN,REP,FEMALE,INDIAN AMERICAN or ALASKA NATIVE,NOT HISPANIC or NOT LATINO,89
CIVILIAN,REP,FEMALE,INDIAN AMERICAN or ALASKA NATIVE,UNDESIGNATED,23
CIVILIAN,REP,FEMALE,NATIVE HAWAIIAN or PACIFIC ISLANDER,HISPANIC or LATINO,0
CIVILIAN,REP,FEMALE,NATIVE HAWAIIAN or PACIFIC ISLANDER,NOT HISPANIC or NOT LATINO,1
CIVILIAN,REP,FEMALE,NATIVE HAWAIIAN or PACIFIC ISLANDER,UNDESIGNATED,2
CIVILIAN,REP,FEMALE,OTHER,HISPANIC or LATINO,218
CIVILIAN,REP,FEMALE,OTHER,NOT HISPANIC or NOT LATINO,242
CIVILIAN,REP,FEMALE,OTHER,UNDESIGNATED,102
CIVILIAN,REP,FEMALE,TWO or MORE RACES,HISPANIC or LATINO,12
CIVILIAN,REP,FEMALE,TWO or MORE RACES,NOT HISPANIC or NOT LATINO,23
CIVILIAN,REP,FEMALE,TWO or MORE RACES,UNDESIGNATED,15
CIVILIAN,REP,FEMALE,UNDESIGNATED,HISPANIC or LATINO,52
CIVILIAN,REP,FEMALE,UNDESIGNATED,NOT HISPANIC or NOT LATINO,72
CIVILIAN,REP,FEMALE,UNDESIGNATED,UNDESIGNATED,378
CIVILIAN,REP,FEMALE,WHITE,HISPANIC or LATINO,173
CIVILIAN,REP,FEMALE,WHITE,NOT HISPANIC or NOT LATINO,25759
CIVILIAN,REP,FEMALE,WHITE,UNDESIGNATED,8035
CIVILIAN,REP,MALE,ASIAN,HISPANIC or LATINO,1
CIVILIAN,REP,MALE,ASIAN,NOT HISPANIC or NOT LATINO,229
CIVILIAN,REP,MALE,ASIAN,UNDESIGNATED,94
CIVILIAN,REP,MALE,BLACK or AFRICAN AMERICAN,HISPANIC or LATINO,4
CIVILIAN,REP,MALE,BLACK or AFRICAN AMERICAN,NOT HISPANIC or NOT LATINO,211
CIVILIAN,REP,MALE,BLACK or AFRICAN AMERICAN,UNDESIGNATED,90
CIVILIAN,REP,MALE,INDIAN AMERICAN or ALASKA NATIVE,HISPANIC or LATINO,1
CIVILIAN,REP,MALE,INDIAN AMERICAN or ALASKA NATIVE,NOT HISPANIC or NOT LATINO,59
CIVILIAN,REP,MALE,INDIAN AMERICAN or ALASKA NATIVE,UNDESIGNATED,34
CIVILIAN,REP,MALE,NATIVE HAWAIIAN or PACIFIC ISLANDER,HISPANIC or LATINO,0
CIVILIAN,REP,MALE,NATIVE HAWAIIAN or PACIFIC ISLANDER,NOT HISPANIC or NOT LATINO,0
CIVILIAN,REP,MALE,NATIVE HAWAIIAN or PACIFIC ISLANDER,UNDESIGNATED,1
CIVILIAN,REP,MALE,OTHER,HISPANIC or LATINO,206
CIVILIAN,REP,MALE,OTHER,NOT HISPANIC or NOT LATINO,209
CIVILIAN,REP,MALE,OTHER,UNDESIGNATED,96
CIVILIAN,REP,MALE,TWO or MORE RACES,HISPANIC or LATINO,7
CIVILIAN,REP,MALE,TWO or MORE RACES,NOT HISPANIC or NOT LATINO,25
CIVILIAN,REP,MALE,TWO or MORE RACES,UNDESIGNATED,17
CIVILIAN,REP,MALE,UNDESIGNATED,HISPANIC or LATINO,50
CIVILIAN,REP,MALE,UNDESIGNATED,NOT HISPANIC or NOT LATINO,93
CIVILIAN,REP,MALE,UNDESIGNATED,UNDESIGNATED,372
CIVILIAN,REP,MALE,WHITE,HISPANIC or LATINO,158
CIVILIAN,REP,MALE,WHITE,NOT HISPANIC or NOT LATINO,20754
CIVILIAN,REP,MALE,WHITE,UNDESIGNATED,6825
CIVILIAN,REP,UNDESIGNATED,ASIAN,HISPANIC or LATINO,0
CIVILIAN,REP,UNDESIGNATED,ASIAN,NOT HISPANIC or NOT LATINO,9
CIVILIAN,REP,UNDESIGNATED,ASIAN,UNDESIGNATED,12
CIVILIAN,REP,UNDESIGNATED,BLACK or AFRICAN AMERICAN,HISPANIC or LATINO,0
CIVILIAN,REP,UNDESIGNATED,BLACK or AFRICAN AMERICAN,NOT HISPANIC or NOT LATINO,15
CIVILIAN,REP,UNDESIGNATED,BLACK or AFRICAN AMERICAN,UNDESIGNATED,8
CIVILIAN,REP,UNDESIGNATED,INDIAN AMERICAN or ALASKA NATIVE,HISPANIC or LATINO,0
CIVILIAN,REP,UNDESIGNATED,INDIAN AMERICAN or ALASKA NATIVE,NOT HISPANIC or NOT LATINO,3
CIVILIAN,REP,UNDESIGNATED,INDIAN AMERICAN or ALASKA NATIVE,UNDESIGNATED,1
CIVILIAN,REP,UNDESIGNATED,NATIVE HAWAIIAN or PACIFIC ISLANDER,HISPANIC or LATINO,0
CIVILIAN,REP,UNDESIGNATED,NATIVE HAWAIIAN or PACIFIC ISLANDER,NOT HISPANIC or NOT LATINO,0
CIVILIAN,REP,UNDESIGNATED,NATIVE HAWAIIAN or PACIFIC ISLANDER,UNDESIGNATED,1
CIVILIAN,REP,UNDESIGNATED,OTHER,HISPANIC or LATINO,9
CIVILIAN,REP,UNDESIGNATED,OTHER,NOT HISPANIC or NOT LATINO,9
CIVILIAN,REP,UNDESIGNATED,OTHER,UNDESIGNATED,2
CIVILIAN,REP,UNDESIGNATED,TWO or MORE RACES,HISPANIC or LATINO,1
CIVILIAN,REP,UNDESIGNATED,TWO or MORE RACES,NOT HISPANIC or NOT LATINO,0
CIVILIAN,REP,UNDESIGNATED,TWO or MORE RACES,UNDESIGNATED,6
CIVILIAN,REP,UNDESIGNATED,UNDESIGNATED,HISPANIC or LATINO,9
CIVILIAN,REP,UNDESIGNATED,UNDESIGNATED,NOT HISPANIC or NOT LATINO,45
CIVILIAN,REP,UNDESIGNATED,UNDESIGNATED,UNDESIGNATED,3307
CIVILIAN,REP,UNDESIGNATED,WHITE,HISPANIC or LATINO,1
CIVILIAN,REP,UNDESIGNATED,WHITE,NOT HISPANIC or NOT LATINO,684
CIVILIAN,REP,UNDESIGNATED,WHITE,UNDESIGNATED,393
CIVILIAN,UNA,FEMALE,ASIAN,HISPANIC or LATINO,6
CIVILIAN,UNA,FEMALE,ASIAN,NOT HISPANIC or NOT LATINO,1472
CIVILIAN,UNA,FEMALE,ASIAN,UNDESIGNATED,772
CIVILIAN,UNA,FEMALE,BLACK or AFRICAN AMERICAN,HISPANIC or LATINO,43
CIVILIAN,UNA,FEMALE,BLACK or AFRICAN AMERICAN,NOT HISPANIC or NOT LATINO,2396
CIVILIAN,UNA,FEMALE,BLACK or AFRICAN AMERICAN,UNDESIGNATED,1066
CIVILIAN,UNA,FEMALE,INDIAN AMERICAN or ALASKA NATIVE,HISPANIC or LATINO,2
CIVILIAN,UNA,FEMALE,INDIAN AMERICAN or ALASKA NATIVE,NOT HISPANIC or NOT LATINO,117
CIVILIAN,UNA,FEMALE,INDIAN AMERICAN or ALASKA NATIVE,UNDESIGNATED,46
CIVILIAN,UNA,FEMALE,NATIVE HAWAIIAN or PACIFIC ISLANDER,HISPANIC or LATINO,0
CIVILIAN,UNA,FEMALE,NATIVE HAWAIIAN or PACIFIC ISLANDER,NOT HISPANIC or NOT LATINO,2
CIVILIAN,UNA,FEMALE,NATIVE HAWAIIAN or PACIFIC ISLANDER,UNDESIGNATED,4
CIVILIAN,UNA,FEMALE,OTHER,HISPANIC or LATINO,820
CIVILIAN,UNA,FEMALE,OTHER,NOT HISPANIC or NOT LATINO,846
CIVILIAN,UNA,FEMALE,OTHER,UNDESIGNATED,433
CIVILIAN,UNA,FEMALE,TWO or MORE RACES,HISPANIC or LATINO,65
CIVILIAN,UNA,FEMALE,TWO or MORE RACES,NOT HISPANIC or NOT LATINO,176
CIVILIAN,UNA,FEMALE,TWO or MORE RACES,UNDESIGNATED,70
CIVILIAN,UNA,FEMALE,UNDESIGNATED,HISPANIC or LATINO,219
CIVILIAN,UNA,FEMALE,UNDESIGNATED,NOT HISPANIC or NOT LATINO,167
CIVILIAN,UNA,FEMALE,UNDESIGNATED,UNDESIGNATED,1006
CIVILIAN,UNA,FEMALE,WHITE,HISPANIC or LATINO,460
CIVILIAN,UNA,FEMALE,WHITE,NOT HISPANIC or NOT LATINO,30031
CIVILIAN,UNA,FEMALE,WHITE,UNDESIGNATED,11165
CIVILIAN,UNA,MALE,ASIAN,HISPANIC or LATINO,7
CIVILIAN,UNA,MALE,ASIAN,NOT HISPANIC or NOT LATINO,1188
CIVILIAN,UNA,MALE,ASIAN,UNDESIGNATED,577
CIVILIAN,UNA,MALE,BLACK or AFRICAN AMERICAN,HISPANIC or LATINO,27
CIVILIAN,UNA,MALE,BLACK or AFRICAN AMERICAN,NOT HISPANIC or NOT LATINO,1943
CIVILIAN,UNA,MALE,BLACK or AFRICAN AMERICAN,UNDESIGNATED,915
CIVILIAN,UNA,MALE,INDIAN AMERICAN or ALASKA NATIVE,HISPANIC or LATINO,3
CIVILIAN,UNA,MALE,INDIAN AMERICAN or ALASKA NATIVE,NOT HISPANIC or NOT LATINO,113
CIVILIAN,UNA,MALE,INDIAN AMERICAN or ALASKA NATIVE,UNDESIGNATED,44
CIVILIAN,UNA,MALE,NATIVE HAWAIIAN or PACIFIC ISLANDER,HISPANIC or LATINO,0
CIVILIAN,UNA,MALE,NATIVE HAWAIIAN or PACIFIC ISLANDER,NOT HISPANIC or NOT LATINO,2
CIVILIAN,UNA,MALE,NATIVE HAWAIIAN or PACIFIC ISLANDER,UNDESIGNATED,2
CIVILIAN,UNA,MALE,OTHER,HISPANIC or LATINO,612
CIVILIAN,UNA,MALE,OTHER,NOT HISPANIC or NOT LATINO,713
CIVILIAN,UNA,MALE,OTHER,UNDESIGNATED,332
CIVILIAN,UNA,MALE,TWO or MORE RACES,HISPANIC or LATINO,50
CIVILIAN,UNA,MALE,TWO or MORE RACES,NOT HISPANIC or NOT LATINO,111
CIVILIAN,UNA,MALE,TWO or MORE RACES,UNDESIGNATED,54
CIVILIAN,UNA,MALE,UNDESIGNATED,HISPANIC or LATINO,174
CIVILIAN,UNA,MALE,UNDESIGNATED,NOT HISPANIC or NOT LATINO,144
CIVILIAN,UNA,MALE,UNDESIGNATED,UNDESIGNATED,769
CIVILIAN,UNA,MALE,WHITE,HISPANIC or LATINO,350
CIVILIAN,UNA,MALE,WHITE,NOT HISPANIC or NOT LATINO,23304
CIVILIAN,UNA,MALE,WHITE,UNDESIGNATED,8563
CIVILIAN,UNA,UNDESIGNATED,ASIAN,HISPANIC or LATINO,0
CIVILIAN,UNA,UNDESIGNATED,ASIAN,NOT HISPANIC or NOT LATINO,36
CIVILIAN,UNA,UNDESIGNATED,ASIAN,UNDESIGNATED,58
CIVILIAN,UNA,UNDESIGNATED,BLACK or AFRICAN AMERICAN,HISPANIC or LATINO,2
CIVILIAN,UNA,UNDESIGNATED,BLACK or AFRICAN AMERICAN,NOT HISPANIC or NOT LATINO,114
CIVILIAN,UNA,UNDESIGNATED,BLACK or AFRICAN AMERICAN,UNDESIGNATED,64
CIVILIAN,UNA,UNDESIGNATED,INDIAN AMERICAN or ALASKA NATIVE,HISPANIC or LATINO,0
CIVILIAN,UNA,UNDESIGNATED,INDIAN AMERICAN or ALASKA NATIVE,NOT HISPANIC or NOT LATINO,1
CIVILIAN,UNA,UNDESIGNATED,INDIAN AMERICAN or ALASKA NATIVE,UNDESIGNATED,3
CIVILIAN,UNA,UNDESIGNATED,NATIVE HAWAIIAN or PACIFIC ISLANDER,HISPANIC or LATINO,0
CIVILIAN,UNA,UNDESIGNATED,NATIVE HAWAIIAN or PACIFIC ISLANDER,NOT HISPANIC or NOT LATINO,0
CIVILIAN,UNA,UNDESIGNATED,NATIVE HAWAIIAN or PACIFIC ISLANDER,UNDESIGNATED,0
CIVILIAN,UNA,UNDESIGNATED,OTHER,HISPANIC or LATINO,17
CIVILIAN,UNA,UNDESIGNATED,OTHER,NOT HISPANIC or NOT LATINO,31
CIVILIAN,UNA,UNDESIGNATED,OTHER,UNDESIGNATED,11
CIVILIAN,UNA,UNDESIGNATED,TWO or MORE RACES,HISPANIC or LATINO,2
CIVILIAN,UNA,UNDESIGNATED,TWO or MORE RACES,NOT HISPANIC or NOT LATINO,1
CIVILIAN,UNA,UNDESIGNATED,TWO or MORE RACES,UNDESIGNATED,17
CIVILIAN,UNA,UNDESIGNATED,UNDESIGNATED,HISPANIC or LATINO,25
CIVILIAN,UNA,UNDESIGNATED,UNDESIGNATED,NOT HISPANIC or NOT LATINO,69
CIVILIAN,UNA,UNDESIGNATED,UNDESIGNATED,UNDESIGNATED,8530
CIVILIAN,UNA,UNDESIGNATED,WHITE,HISPANIC or LATINO,14
CIVILIAN,UNA,UNDESIGNATED,WHITE,NOT HISPANIC or NOT LATINO,1234
CIVILIAN,UNA,UNDESIGNATED,WHITE,UNDESIGNATED,487
CIVILIAN,WTP,FEMALE,ASIAN,HISPANIC or LATINO,0
CIVILIAN,WTP,FEMALE,ASIAN,NOT HISPANIC or NOT LATINO,0
CIVILIAN,WTP,FEMALE,ASIAN,UNDESIGNATED,0
CIVILIAN,WTP,FEMALE,BLACK or AFRICAN AMERICAN,HISPANIC or LATINO,0
CIVILIAN,WTP,FEMALE,BLACK or AFRICAN AMERICAN,NOT HISPANIC or NOT LATINO,1
CIVILIAN,WTP,FEMALE,BLACK or AFRICAN AMERICAN,UNDESIGNATED,1
CIVILIAN,WTP,FEMALE,INDIAN AMERICAN or ALASKA NATIVE,HISPANIC or LATINO,0
CIVILIAN,WTP,FEMALE,INDIAN AMERICAN or ALASKA NATIVE,NOT HISPANIC or NOT LATINO,0
CIVILIAN,WTP,FEMALE,INDIAN AMERICAN or ALASKA NATIVE,UNDESIGNATED,0
CIVILIAN,WTP,FEMALE,NATIVE HAWAIIAN or PACIFIC ISLANDER,HISPANIC or LATINO,0
CIVILIAN,WTP,FEMALE,NATIVE HAWAIIAN or PACIFIC ISLANDER,NOT HISPANIC or NOT LATINO,0
CIVILIAN,WTP,FEMALE,NATIVE HAWAIIAN or PACIFIC ISLANDER,UNDESIGNATED,0
CIVILIAN,WTP,FEMALE,OTHER,HISPANIC or LATINO,0
CIVILIAN,WTP,FEMALE,OTHER,NOT HISPANIC or NOT LATINO,0
CIVILIAN,WTP,FEMALE,OTHER,UNDESIGNATED,1
CIVILIAN,WTP,FEMALE,TWO or MORE RACES,HISPANIC or LATINO,0
CIVILIAN,WTP,FEMALE,TWO or MORE RACES,NOT HISPANIC or NOT LATINO,0
CIVILIAN,WTP,FEMALE,TWO or MORE RACES,UNDESIGNATED,0
CIVILIAN,WTP,FEMALE,UNDESIGNATED,HISPANIC or LATINO,0
CIVILIAN,WTP,FEMALE,UNDESIGNATED,NOT HISPANIC or NOT LATINO,0
CIVILIAN,WTP,FEMALE,UNDESIGNATED,UNDESIGNATED,0
CIVILIAN,WTP,FEMALE,WHITE,HISPANIC or LATINO,0
CIVILIAN,WTP,FEMALE,WHITE,NOT HISPANIC or NOT LATINO,4
CIVILIAN,WTP,FEMALE,WHITE,UNDESIGNATED,4
CIVILIAN,WTP,MALE,ASIAN,HISPANIC or LATINO,0
CIVILIAN,WTP,MALE,ASIAN,NOT HISPANIC or NOT LATINO,0
CIVILIAN,WTP,MALE,ASIAN,UNDESIGNATED,0
CIVILIAN,WTP,MALE,BLACK or AFRICAN AMERICAN,HISPANIC or LATINO,0
CIVILIAN,WTP,MALE,BLACK or AFRICAN AMERICAN,NOT HISPANIC or NOT LATINO,0
CIVILIAN,WTP,MALE,BLACK or AFRICAN AMERICAN,UNDESIGNATED,1
CIVILIAN,WTP,MALE,INDIAN AMERICAN or ALASKA NATIVE,HISPANIC or LATINO,0
CIVILIAN,WTP,MALE,INDIAN AMERICAN or ALASKA NATIVE,NOT HISPANIC or NOT LATINO,0
CIVILIAN,WTP,MALE,INDIAN AMERICAN or ALASKA NATIVE,UNDESIGNATED,0
CIVILIAN,WTP,MALE,NATIVE HAWAIIAN or PACIFIC ISLANDER,HISPANIC or LATINO,0
CIVILIAN,WTP,MALE,NATIVE HAWAIIAN or PACIFIC ISLANDER,NOT HISPANIC or NOT LATINO,0
CIVILIAN,WTP,MALE,NATIVE HAWAIIAN or PACIFIC ISLANDER,UNDESIGNATED,0
CIVILIAN,WTP,MALE,OTHER,HISPANIC or LATINO,1
CIVILIAN,WTP,MALE,OTHER,NOT HISPANIC or NOT LATINO,0
CIVILIAN,WTP,MALE,OTHER,UNDESIGNATED,0
CIVILIAN,WTP,MALE,TWO or MORE RACES,HISPANIC or LATINO,0
CIVILIAN,WTP,MALE,TWO or MORE RACES,NOT HISPANIC or NOT LATINO,0
CIVILIAN,WTP,MALE,TWO or MORE RACES,UNDESIGNATED,0
CIVILIAN,WTP,MALE,UNDESIGNATED,HISPANIC or LATINO,1
CIVILIAN,WTP,MALE,UNDESIGNATED,NOT HISPANIC or NOT LATINO,0
CIVILIAN,WTP,MALE,UNDESIGNATED,UNDESIGNATED,0
CIVILIAN,WTP,MALE,WHITE,HISPANIC or LATINO,0
CIVILIAN,WTP,MALE,WHITE,NOT HISPANIC or NOT LATINO,2
CIVILIAN,WTP,MALE,WHITE,UNDESIGNATED,2
CIVILIAN,WTP,UNDESIGNATED,ASIAN,HISPANIC or LATINO,0
CIVILIAN,WTP,UNDESIGNATED,ASIAN,NOT HISPANIC or NOT LATINO,0
CIVILIAN,WTP,UNDESIGNATED,ASIAN,UNDESIGNATED,0
CIVILIAN,WTP,UNDESIGNATED,BLACK or AFRICAN AMERICAN,HISPANIC or LATINO,0
CIVILIAN,WTP,UNDESIGNATED,BLACK or AFRICAN AMERICAN,NOT HISPANIC or NOT LATINO,0
CIVILIAN,WTP,UNDESIGNATED,BLACK or AFRICAN AMERICAN,UNDESIGNATED,0
CIVILIAN,WTP,UNDESIGNATED,INDIAN AMERICAN or ALASKA NATIVE,HISPANIC or LATINO,0
CIVILIAN,WTP,UNDESIGNATED,INDIAN AMERICAN or ALASKA NATIVE,NOT HISPANIC or NOT LATINO,0
CIVILIAN,WTP,UNDESIGNATED,INDIAN AMERICAN or ALASKA NATIVE,UNDESIGNATED,0
CIVILIAN,WTP,UNDESIGNATED,NATIVE HAWAIIAN or PACIFIC ISLANDER,HISPANIC or LATINO,0
CIVILIAN,WTP,UNDESIGNATED,NATIVE HAWAIIAN or PACIFIC ISLANDER,NOT HISPANIC or NOT LATINO,0
CIVILIAN,WTP,UNDESIGNATED,NATIVE HAWAIIAN or PACIFIC ISLANDER,UNDESIGNATED,0
CIVILIAN,WTP,UNDESIGNATED,OTHER,HISPANIC or LATINO,0
CIVILIAN,WTP,UNDESIGNATED,OTHER,NOT HISPANIC or NOT LATINO,0
CIVILIAN,WTP,UNDESIGNATED,OTHER,UNDESIGNATED,0
CIVILIAN,WTP,UNDESIGNATED,TWO or MORE RACES,HISPANIC or LATINO,0
CIVILIAN,WTP,UNDESIGNATED,TWO or MORE RACES,NOT HISPANIC or NOT LATINO,0
CIVILIAN,WTP,UNDESIGNATED,TWO or MORE RACES,UNDESIGNATED,0
CIVILIAN,WTP,UNDESIGNATED,UNDESIGNATED,HISPANIC or LATINO,0
CIVILIAN,WTP,UNDESIGNATED,UNDESIGNATED,NOT HISPANIC or NOT LATINO,0
CIVILIAN,WTP,UNDESIGNATED,UNDESIGNATED,UNDESIGNATED,0
CIVILIAN,WTP,UNDESIGNATED,WHITE,HISPANIC or LATINO,0
CIVILIAN,WTP,UNDESIGNATED,WHITE,NOT HISPANIC or NOT LATINO,0
CIVILIAN,WTP,UNDESIGNATED,WHITE,UNDESIGNATED,0
EARLY VOTING,CST,FEMALE,ASIAN,HISPANIC or LATINO,0
EARLY VOTING,CST,FEMALE,ASIAN,NOT HISPANIC or NOT LATINO,0
EARLY VOTING,CST,FEMALE,ASIAN,UNDESIGNATED,4
EARLY VOTING,CST,FEMALE,BLACK or AFRICAN AMERICAN,HISPANIC or LATINO,0
EARLY VOTING,CST,FEMALE,BLACK or AFRICAN AMERICAN,NOT HISPANIC or NOT LATINO,17
EARLY VOTING,CST,FEMALE,BLACK or AFRICAN AMERICAN,UNDESIGNATED,10
EARLY VOTING,CST,FEMALE,INDIAN AMERICAN or ALASKA NATIVE,HISPANIC or LATINO,0
EARLY VOTING,CST,FEMALE,INDIAN AMERICAN or ALASKA NATIVE,NOT HISPANIC or NOT LATINO,2
EARLY VOTING,CST,FEMALE,INDIAN AMERICAN or ALASKA NATIVE,UNDESIGNATED,0
EARLY VOTING,CST,FEMALE,NATIVE HAWAIIAN or PACIFIC ISLANDER,HISPANIC or LATINO,0
EARLY VOTING,CST,FEMALE,NATIVE HAWAIIAN or PACIFIC ISLANDER,NOT HISPANIC or NOT LATINO,0
EARLY VOTING,CST,FEMALE,NATIVE HAWAIIAN or PACIFIC ISLANDER,UNDESIGNATED,0
EARLY VOTING,CST,FEMALE,OTHER,HISPANIC or LATINO,4
EARLY VOTING,CST,FEMALE,OTHER,NOT HISPANIC or NOT LATINO,0
EARLY VOTING,CST,FEMALE,OTHER,UNDESIGNATED,1
EARLY VOTING,CST,FEMALE,TWO or MORE RACES,HISPANIC or LATINO,0
EARLY VOTING,CST,FEMALE,TWO or MORE RACES,NOT HISPANIC or NOT LATINO,2
EARLY VOTING,CST,FEMALE,TWO or MORE RACES,UNDESIGNATED,0
EARLY VOTING,CST,FEMALE,UNDESIGNATED,HISPANIC or LATINO,2
EARLY VOTING,CST,FEMALE,UNDESIGNATED,NOT HISPANIC or NOT LATINO,2
EARLY VOTING,CST,FEMALE,UNDESIGNATED,UNDESIGNATED,2
EARLY VOTING,CST,FEMALE,WHITE,HISPANIC or LATINO,1
EARLY VOTING,CST,FEMALE,WHITE,NOT HISPANIC or NOT LATINO,35
EARLY VOTING,CST,FEMALE,WHITE,UNDESIGNATED,16
EARLY VOTING,CST,MALE,ASIAN,HISPANIC or LATINO,0
EARLY VOTING,CST,MALE,ASIAN,NOT HISPANIC or NOT LATINO,5
EARLY VOTING,CST,MALE,ASIAN,UNDESIGNATED,0
EARLY VOTING,CST,MALE,BLACK or AFRICAN AMERICAN,HISPANIC or LATINO,1
EARLY VOTING,CST,MALE,BLACK or AFRICAN AMERICAN,NOT HISPANIC or NOT LATINO,20
EARLY VOTING,CST,MALE,BLACK or AFRICAN AMERICAN,UNDESIGNATED,4
EARLY VOTING,CST,MALE,INDIAN AMERICAN or ALASKA NATIVE,HISPANIC or LATINO,0
EARLY VOTING,CST,MALE,INDIAN AMERICAN or ALASKA NATIVE,NOT HISPANIC or NOT LATINO,1
EARLY VOTING,CST,MALE,INDIAN AMERICAN or ALASKA NATIVE,UNDESIGNATED,1
EARLY VOTING,CST,MALE,NATIVE HAWAIIAN or PACIFIC ISLANDER,HISPANIC or LATINO,1
EARLY VOTING,CST,MALE,NATIVE HAWAIIAN or PACIFIC ISLANDER,NOT HISPANIC or NOT LATINO,0
EARLY VOTING,CST,MALE,NATIVE HAWAIIAN or PACIFIC ISLANDER,UNDESIGNATED,0
EARLY VOTING,CST,MALE,OTHER,HISPANIC or LATINO,2
EARLY VOTING,CST,MALE,OTHER,NOT HISPANIC or NOT LATINO,4
EARLY VOTING,CST,MALE,OTHER,UNDESIGNATED,3
EARLY VOTING,CST,MALE,TWO or MORE RACES,HISPANIC or LATINO,0
EARLY VOTING,CST,MALE,TWO or MORE RACES,NOT HISPANIC or NOT LATINO,1
EARLY VOTING,CST,MALE,TWO or MORE RACES,UNDESIGNATED,1
EARLY VOTING,CST,MALE,UNDESIGNATED,HISPANIC or LATINO,0
EARLY VOTING,CST,MALE,UNDESIGNATED,NOT HISPANIC or NOT LATINO,0
EARLY VOTING,CST,MALE,UNDESIGNATED,UNDESIGNATED,4
EARLY VOTING,CST,MALE,WHITE,HISPANIC or LATINO,2
EARLY VOTING,CST,MALE,WHITE,NOT HISPANIC or NOT LATINO,68
EARLY VOTING,CST,MALE,WHITE,UNDESIGNATED,64
EARLY VOTING,CST,UNDESIGNATED,ASIAN,HISPANIC or LATINO,0
EARLY VOTING,CST,UNDESIGNATED,ASIAN,NOT HISPANIC or NOT LATINO,0
EARLY VOTING,CST,UNDESIGNATED,ASIAN,UNDESIGNATED,0
EARLY VOTING,CST,UNDESIGNATED,BLACK or AFRICAN AMERICAN,HISPANIC or LATINO,0
EARLY VOTING,CST,UNDESIGNATED,BLACK or AFRICAN AMERICAN,NOT HISPANIC or NOT LATINO,1
EARLY VOTING,CST,UNDESIGNATED,BLACK or AFRICAN AMERICAN,UNDESIGNATED,0
EARLY VOTING,CST,UNDESIGNATED,INDIAN AMERICAN or ALASKA NATIVE,HISPANIC or LATINO,0
EARLY VOTING,CST,UNDESIGNATED,INDIAN AMERICAN or ALASKA NATIVE,NOT HISPANIC or NOT LATINO,0
EARLY VOTING,CST,UNDESIGNATED,INDIAN AMERICAN or ALASKA NATIVE,UNDESIGNATED,0
EARLY VOTING,CST,UNDESIGNATED,NATIVE HAWAIIAN or PACIFIC ISLANDER,HISPANIC or LATINO,0
EARLY VOTING,CST,UNDESIGNATED,NATIVE HAWAIIAN or PACIFIC ISLANDER,NOT HISPANIC or NOT LATINO,0
EARLY VOTING,CST,UNDESIGNATED,NATIVE HAWAIIAN or PACIFIC ISLANDER,UNDESIGNATED,0
EARLY VOTING,CST,UNDESIGNATED,OTHER,HISPANIC or LATINO,1
EARLY VOTING,CST,UNDESIGNATED,OTHER,NOT HISPANIC or NOT LATINO,0
EARLY VOTING,CST,UNDESIGNATED,OTHER,UNDESIGNATED,0
EARLY VOTING,CST,UNDESIGNATED,TWO or MORE RACES,HISPANIC or LATINO,0
EARLY VOTING,CST,UNDESIGNATED,TWO or MORE RACES,NOT HISPANIC or NOT LATINO,0
EARLY VOTING,CST,UNDESIGNATED,TWO or MORE RACES,UNDESIGNATED,0
EARLY VOTING,CST,UNDESIGNATED,UNDESIGNATED,HISPANIC or LATINO,0
EARLY VOTING,CST,UNDESIGNATED,UNDESIGNATED,NOT HISPANIC or NOT LATINO,0
EARLY VOTING,CST,UNDESIGNATED,UNDESIGNATED,UNDESIGNATED,32
EARLY VOTING,CST,UNDESIGNATED,WHITE,HISPANIC or LATINO,0
EARLY VOTING,CST,UNDESIGNATED,WHITE,NOT HISPANIC or NOT LATINO,13
EARLY VOTING,CST,UNDESIGNATED,WHITE,UNDESIGNATED,0
EARLY VOTING,DEM,FEMALE,ASIAN,HISPANIC or LATINO,94
EARLY VOTING,DEM,FEMALE,ASIAN,NOT HISPANIC or NOT LATINO,7541
EARLY VOTING,DEM,FEMALE,ASIAN,UNDESIGNATED,3875
EARLY VOTING,DEM,FEMALE,BLACK or AFRICAN AMERICAN,HISPANIC or LATINO,1795
EARLY VOTING,DEM,FEMALE,BLACK or AFRICAN AMERICAN,NOT HISPANIC or NOT LATINO,295978
EARLY VOTING,DEM,FEMALE,BLACK or AFRICAN AMERICAN,UNDESIGNATED,91776
EARLY VOTING,DEM,FEMALE,INDIAN AMERICAN or ALASKA NATIVE,HISPANIC or LATINO,108
EARLY VOTING,DEM,FEMALE,INDIAN AMERICAN or ALASKA NATIVE,NOT HISPANIC or NOT LATINO,4387
EARLY VOTING,DEM,FEMALE,INDIAN AMERICAN or ALASKA NATIVE,UNDESIGNATED,826
EARLY VOTING,DEM,FEMALE,NATIVE HAWAIIAN or PACIFIC ISLANDER,HISPANIC or LATINO,17
EARLY VOTING,DEM,FEMALE,NATIVE HAWAIIAN or PACIFIC ISLANDER,NOT HISPANIC or NOT LATINO,37
EARLY VOTING,DEM,FEMALE,NATIVE HAWAIIAN or PACIFIC ISLANDER,UNDESIGNATED,23
EARLY VOTING,DEM,FEMALE,OTHER,HISPANIC or LATINO,15049
EARLY VOTING,DEM,FEMALE,OTHER,NOT HISPANIC or NOT LATINO,7819
EARLY VOTING,DEM,FEMALE,OTHER,UNDESIGNATED,3558
EARLY VOTING,DEM,FEMALE,TWO or MORE RACES,HISPANIC or LATINO,1098
EARLY VOTING,DEM,FEMALE,TWO or MORE RACES,NOT HISPANIC or NOT LATINO,2488
EARLY VOTING,DEM,FEMALE,TWO or MORE RACES,UNDESIGNATED,1303
EARLY VOTING,DEM,FEMALE,UNDESIGNATED,HISPANIC or LATINO,5354
EARLY VOTING,DEM,FEMALE,UNDESIGNATED,NOT HISPANIC or NOT LATINO,1971
EARLY VOTING,DEM,FEMALE,UNDESIGNATED,UNDESIGNATED,10671
EARLY VOTING,DEM,FEMALE,WHITE,HISPANIC or LATINO,6057
EARLY VOTING,DEM,FEMALE,WHITE,NOT HISPANIC or NOT LATINO,281803
EARLY VOTING,DEM,FEMALE,WHITE,UNDESIGNATED,71917
EARLY VOTING,DEM,MALE,ASIAN,HISPANIC or LATINO,67
EARLY VOTING,DEM,MALE,ASIAN,NOT HISPANIC or NOT LATINO,4584
EARLY VOTING,DEM,MALE,ASIAN,UNDESIGNATED,2416
EARLY VOTING,DEM,MALE,BLACK or AFRICAN AMERICAN,HISPANIC or LATINO,829
EARLY VOTING,DEM,MALE,BLACK or AFRICAN AMERICAN,NOT HISPANIC or NOT LATINO,157465
EARLY VOTING,DEM,MALE,BLACK or AFRICAN AMERICAN,UNDESIGNATED,57344
EARLY VOTING,DEM,MALE,INDIAN AMERICAN or ALASKA NATIVE,HISPANIC or LATINO,69
EARLY VOTING,DEM,MALE,INDIAN AMERICAN or ALASKA NATIVE,NOT HISPANIC or NOT LATINO,2725
EARLY VOTING,DEM,MALE,INDIAN AMERICAN or ALASKA NATIVE,UNDESIGNATED,527
EARLY VOTING,DEM,MALE,NATIVE HAWAIIAN or PACIFIC ISLANDER,HISPANIC or LATINO,7
EARLY VOTING,DEM,MALE,NATIVE HAWAIIAN or PACIFIC ISLANDER,NOT HISPANIC or NOT LATINO,25
EARLY VOTING,DEM,MALE,NATIVE HAWAIIAN or PACIFIC ISLANDER,UNDESIGNATED,13
EARLY VOTING,DEM,MALE,OTHER,HISPANIC or LATINO,8303
EARLY VOTING,DEM,MALE,OTHER,NOT HISPANIC or NOT LATINO,4754
EARLY VOTING,DEM,MALE,OTHER,UNDESIGNATED,2092
EARLY VOTING,DEM,MALE,TWO or MORE RACES,HISPANIC or LATINO,577
EARLY VOTING,DEM,MALE,TWO or MORE RACES,NOT HISPANIC or NOT LATINO,1071
EARLY VOTING,DEM,MALE,TWO or MORE RACES,UNDESIGNATED,765
EARLY VOTING,DEM,MALE,UNDESIGNATED,HISPANIC or LATINO,3185
EARLY VOTING,DEM,MALE,UNDESIGNATED,NOT HISPANIC or NOT LATINO,1038
EARLY VOTING,DEM,MALE,UNDESIGNATED,UNDESIGNATED,7027
EARLY VOTING,DEM,MALE,WHITE,HISPANIC or LATINO,3217
EARLY VOTING,DEM,MALE,WHITE,NOT HISPANIC or NOT LATINO,171693
EARLY VOTING,DEM,MALE,WHITE,UNDESIGNATED,43416
EARLY VOTING,DEM,UNDESIGNATED,ASIAN,HISPANIC or LATINO,3
EARLY VOTING,DEM,UNDESIGNATED,ASIAN,NOT HISPANIC or NOT LATINO,174
EARLY VOTING,DEM,UNDESIGNATED,ASIAN,UNDESIGNATED,308
EARLY VOTING,DEM,UNDESIGNATED,BLACK or AFRICAN AMERICAN,HISPANIC or LATINO,14
EARLY VOTING,DEM,UNDESIGNATED,BLACK or AFRICAN AMERICAN,NOT HISPANIC or NOT LATINO,4746
EARLY VOTING,DEM,UNDESIGNATED,BLACK or AFRICAN AMERICAN,UNDESIGNATED,4519
EARLY VOTING,DEM,UNDESIGNATED,INDIAN AMERICAN or ALASKA NATIVE,HISPANIC or LATINO,1
EARLY VOTING,DEM,UNDESIGNATED,INDIAN AMERICAN or ALASKA NATIVE,NOT HISPANIC or NOT LATINO,43
EARLY VOTING,DEM,UNDESIGNATED,INDIAN AMERICAN or ALASKA NATIVE,UNDESIGNATED,50
EARLY VOTING,DEM,UNDESIGNATED,NATIVE HAWAIIAN or PACIFIC ISLANDER,HISPANIC or LATINO,0
EARLY VOTING,DEM,UNDESIGNATED,NATIVE HAWAIIAN or PACIFIC ISLANDER,NOT HISPANIC or NOT LATINO,0
EARLY VOTING,DEM,UNDESIGNATED,NATIVE HAWAIIAN or PACIFIC ISLANDER,UNDESIGNATED,1
EARLY VOTING,DEM,UNDESIGNATED,OTHER,HISPANIC or LATINO,348
EARLY VOTING,DEM,UNDESIGNATED,OTHER,NOT HISPANIC or NOT LATINO,342
EARLY VOTING,DEM,UNDESIGNATED,OTHER,UNDESIGNATED,155
EARLY VOTING,DEM,UNDESIGNATED,TWO or MORE RACES,HISPANIC or LATINO,22
EARLY VOTING,DEM,UNDESIGNATED,TWO or MORE RACES,NOT HISPANIC or NOT LATINO,21
EARLY VOTING,DEM,UNDESIGNATED,TWO or MORE RACES,UNDESIGNATED,152
EARLY VOTING,DEM,UNDESIGNATED,UNDESIGNATED,HISPANIC or LATINO,441
EARLY VOTING,DEM,UNDESIGNATED,UNDESIGNATED,NOT HISPANIC or NOT LATINO,627
EARLY VOTING,DEM,UNDESIGNATED,UNDESIGNATED,UNDESIGNATED,47451
EARLY VOTING,DEM,UNDESIGNATED,WHITE,HISPANIC or LATINO,109
EARLY VOTING,DEM,UNDESIGNATED,WHITE,NOT HISPANIC or NOT LATINO,8516
EARLY VOTING,DEM,UNDESIGNATED,WHITE,UNDESIGNATED,3634
EARLY VOTING,GRE,FEMALE,ASIAN,HISPANIC or LATINO,0
EARLY VOTING,GRE,FEMALE,ASIAN,NOT HISPANIC or NOT LATINO,25
EARLY VOTING,GRE,FEMALE,ASIAN,UNDESIGNATED,23
EARLY VOTING,GRE,FEMALE,BLACK or AFRICAN AMERICAN,HISPANIC or LATINO,10
EARLY VOTING,GRE,FEMALE,BLACK or AFRICAN AMERICAN,NOT HISPANIC or NOT LATINO,112
EARLY VOTING,GRE,FEMALE,BLACK or AFRICAN AMERICAN,UNDESIGNATED,58
EARLY VOTING,GRE,FEMALE,INDIAN AMERICAN or ALASKA NATIVE,HISPANIC or LATINO,0
EARLY VOTING,GRE,FEMALE,INDIAN AMERICAN or ALASKA NATIVE,NOT HISPANIC or NOT LATINO,0
EARLY VOTING,GRE,FEMALE,INDIAN AMERICAN or ALASKA NATIVE,UNDESIGNATED,1
EARLY VOTING,GRE,FEMALE,NATIVE HAWAIIAN or PACIFIC ISLANDER,HISPANIC or LATINO,0
EARLY VOTING,GRE,FEMALE,NATIVE HAWAIIAN or PACIFIC ISLANDER,NOT HISPANIC or NOT LATINO,0
EARLY VOTING,GRE,FEMALE,NATIVE HAWAIIAN or PACIFIC ISLANDER,UNDESIGNATED,0
EARLY VOTING,GRE,FEMALE,OTHER,HISPANIC or LATINO,53
EARLY VOTING,GRE,FEMALE,OTHER,NOT HISPANIC or NOT LATINO,27
EARLY VOTING,GRE,FEMALE,OTHER,UNDESIGNATED,20
EARLY VOTING,GRE,FEMALE,TWO or MORE RACES,HISPANIC or LATINO,4
EARLY VOTING,GRE,FEMALE,TWO or MORE RACES,NOT HISPANIC or NOT LATINO,3
EARLY VOTING,GRE,FEMALE,TWO or MORE RACES,UNDESIGNATED,3
EARLY VOTING,GRE,FEMALE,UNDESIGNATED,HISPANIC or LATINO,5
EARLY VOTING,GRE,FEMALE,UNDESIGNATED,NOT HISPANIC or NOT LATINO,1
EARLY VOTING,GRE,FEMALE,UNDESIGNATED,UNDESIGNATED,14
EARLY VOTING,GRE,FEMALE,WHITE,HISPANIC or LATINO,13
EARLY VOTING,GRE,FEMALE,WHITE,NOT HISPANIC or NOT LATINO,293
EARLY VOTING,GRE,FEMALE,WHITE,UNDESIGNATED,195
EARLY VOTING,GRE,MALE,ASIAN,HISPANIC or LATINO,0
EARLY VOTING,GRE,MALE,ASIAN,NOT HISPANIC or NOT LATINO,13
EARLY VOTING,GRE,MALE,ASIAN,UNDESIGNATED,4
EARLY VOTING,GRE,MALE,BLACK or AFRICAN AMERICAN,HISPANIC or LATINO,2
EARLY VOTING,GRE,MALE,BLACK or AFRICAN AMERICAN,NOT HISPANIC or NOT LATINO,66
EARLY VOTING,GRE,MALE,BLACK or AFRICAN AMERICAN,UNDESIGNATED,40
EARLY VOTING,GRE,MALE,INDIAN AMERICAN or ALASKA NATIVE,HISPANIC or LATINO,1
EARLY VOTING,GRE,MALE,INDIAN AMERICAN or ALASKA NATIVE,NOT HISPANIC or NOT LATINO,3
EARLY VOTING,GRE,MALE,INDIAN AMERICAN or ALASKA NATIVE,UNDESIGNATED,1
EARLY VOTING,GRE,MALE,NATIVE HAWAIIAN or PACIFIC ISLANDER,HISPANIC or LATINO,0
EARLY VOTING,GRE,MALE,NATIVE HAWAIIAN or PACIFIC ISLANDER,NOT HISPANIC or NOT LATINO,1
EARLY VOTING,GRE,MALE,NATIVE HAWAIIAN or PACIFIC ISLANDER,UNDESIGNATED,0
EARLY VOTING,GRE,MALE,OTHER,HISPANIC or LATINO,26
EARLY VOTING,GRE,MALE,OTHER,NOT HISPANIC or NOT LATINO,9
EARLY VOTING,GRE,MALE,OTHER,UNDESIGNATED,9
EARLY VOTING,GRE,MALE,TWO or MORE RACES,HISPANIC or LATINO,1
EARLY VOTING,GRE,MALE,TWO or MORE RACES,NOT HISPANIC or NOT LATINO,3
EARLY VOTING,GRE,MALE,TWO or MORE RACES,UNDESIGNATED,5
EARLY VOTING,GRE,MALE,UNDESIGNATED,HISPANIC or LATINO,1
EARLY VOTING,GRE,MALE,UNDESIGNATED,NOT HISPANIC or NOT LATINO,3
EARLY VOTING,GRE,MALE,UNDESIGNATED,UNDESIGNATED,16
EARLY VOTING,GRE,MALE,WHITE,HISPANIC or LATINO,2
EARLY VOTING,GRE,MALE,WHITE,NOT HISPANIC or NOT LATINO,239
EARLY VOTING,GRE,MALE,WHITE,UNDESIGNATED,127
EARLY VOTING,GRE,UNDESIGNATED,ASIAN,HISPANIC or LATINO,0
EARLY VOTING,GRE,UNDESIGNATED,ASIAN,NOT HISPANIC or NOT LATINO,1
EARLY VOTING,GRE,UNDESIGNATED,ASIAN,UNDESIGNATED,1
EARLY VOTING,GRE,UNDESIGNATED,BLACK or AFRICAN AMERICAN,HISPANIC or LATINO,0
EARLY VOTING,GRE,UNDESIGNATED,BLACK or AFRICAN AMERICAN,NOT HISPANIC or NOT LATINO,5
EARLY VOTING,GRE,UNDESIGNATED,BLACK or AFRICAN AMERICAN,UNDESIGNATED,2
EARLY VOTING,GRE,UNDESIGNATED,INDIAN AMERICAN or ALASKA NATIVE,HISPANIC or LATINO,0
EARLY VOTING,GRE,UNDESIGNATED,INDIAN AMERICAN or ALASKA NATIVE,NOT HISPANIC or NOT LATINO,0
EARLY VOTING,GRE,UNDESIGNATED,INDIAN AMERICAN or ALASKA NATIVE,UNDESIGNATED,0
EARLY VOTING,GRE,UNDESIGNATED,NATIVE HAWAIIAN or PACIFIC ISLANDER,HISPANIC or LATINO,0
EARLY VOTING,GRE,UNDESIGNATED,NATIVE HAWAIIAN or PACIFIC ISLANDER,NOT HISPANIC or NOT LATINO,0
EARLY VOTING,GRE,UNDESIGNATED,NATIVE HAWAIIAN or PACIFIC ISLANDER,UNDESIGNATED,0
EARLY VOTING,GRE,UNDESIGNATED,OTHER,HISPANIC or LATINO,1
EARLY VOTING,GRE,UNDESIGNATED,OTHER,NOT HISPANIC or NOT LATINO,3
EARLY VOTING,GRE,UNDESIGNATED,OTHER,UNDESIGNATED,0
EARLY VOTING,GRE,UNDESIGNATED,TWO or MORE RACES,HISPANIC or LATINO,0
EARLY VOTING,GRE,UNDESIGNATED,TWO or MORE RACES,NOT HISPANIC or NOT LATINO,0
EARLY VOTING,GRE,UNDESIGNATED,TWO or MORE RACES,UNDESIGNATED,2
EARLY VOTING,GRE,UNDESIGNATED,UNDESIGNATED,HISPANIC or LATINO,1
EARLY VOTING,GRE,UNDESIGNATED,UNDESIGNATED,NOT HISPANIC or NOT LATINO,0
EARLY VOTING,GRE,UNDESIGNATED,UNDESIGNATED,UNDESIGNATED,101
EARLY VOTING,GRE,UNDESIGNATED,WHITE,HISPANIC or LATINO,0
EARLY VOTING,GRE,UNDESIGNATED,WHITE,NOT HISPANIC or NOT LATINO,41
EARLY VOTING,GRE,UNDESIGNATED,WHITE,UNDESIGNATED,8
EARLY VOTING,JFA,FEMALE,ASIAN,HISPANIC or LATINO,0
EARLY VOTING,JFA,FEMALE,ASIAN,NOT HISPANIC or NOT LATINO,0
EARLY VOTING,JFA,FEMALE,ASIAN,UNDESIGNATED,2
EARLY VOTING,JFA,FEMALE,BLACK or AFRICAN AMERICAN,HISPANIC or LATINO,1
EARLY VOTING,JFA,FEMALE,BLACK or AFRICAN AMERICAN,NOT HISPANIC or NOT LATINO,33
EARLY VOTING,JFA,FEMALE,BLACK or AFRICAN AMERICAN,UNDESIGNATED,24
EARLY VOTING,JFA,FEMALE,INDIAN AMERICAN or ALASKA NATIVE,HISPANIC or LATINO,0
EARLY VOTING,JFA,FEMALE,INDIAN AMERICAN or ALASKA NATIVE,NOT HISPANIC or NOT LATINO,0
EARLY VOTING,JFA,FEMALE,INDIAN AMERICAN or ALASKA NATIVE,UNDESIGNATED,2
EARLY VOTING,JFA,FEMALE,NATIVE HAWAIIAN or PACIFIC ISLANDER,HISPANIC or LATINO,0
EARLY VOTING,JFA,FEMALE,NATIVE HAWAIIAN or PACIFIC ISLANDER,NOT HISPANIC or NOT LATINO,0
EARLY VOTING,JFA,FEMALE,NATIVE HAWAIIAN or PACIFIC ISLANDER,UNDESIGNATED,0
EARLY VOTING,JFA,FEMALE,OTHER,HISPANIC or LATINO,9
EARLY VOTING,JFA,FEMALE,OTHER,NOT HISPANIC or NOT LATINO,3
EARLY VOTING,JFA,FEMALE,OTHER,UNDESIGNATED,3
EARLY VOTING,JFA,FEMALE,TWO or MORE RACES,HISPANIC or LATINO,0
EARLY VOTING,JFA,FEMALE,TWO or MORE RACES,NOT HISPANIC or NOT LATINO,0
EARLY VOTING,JFA,FEMALE,TWO or MORE RACES,UNDESIGNATED,0
EARLY VOTING,JFA,FEMALE,UNDESIGNATED,HISPANIC or LATINO,4
EARLY VOTING,JFA,FEMALE,UNDESIGNATED,NOT HISPANIC or NOT LATINO,0
EARLY VOTING,JFA,FEMALE,UNDESIGNATED,UNDESIGNATED,2
EARLY VOTING,JFA,FEMALE,WHITE,HISPANIC or LATINO,0
EARLY VOTING,JFA,FEMALE,WHITE,NOT HISPANIC or NOT LATINO,23
EARLY VOTING,JFA,FEMALE,WHITE,UNDESIGNATED,11
EARLY VOTING,JFA,MALE,ASIAN,HISPANIC or LATINO,0
EARLY VOTING,JFA,MALE,ASIAN,NOT HISPANIC or NOT LATINO,2
EARLY VOTING,JFA,MALE,ASIAN,UNDESIGNATED,2
EARLY VOTING,JFA,MALE,BLACK or AFRICAN AMERICAN,HISPANIC or LATINO,1
EARLY VOTING,JFA,MALE,BLACK or AFRICAN AMERICAN,NOT HISPANIC or NOT LATINO,27
EARLY VOTING,JFA,MALE,BLACK or AFRICAN AMERICAN,UNDESIGNATED,28
EARLY VOTING,JFA,MALE,INDIAN AMERICAN or ALASKA NATIVE,HISPANIC or LATINO,1
EARLY VOTING,JFA,MALE,INDIAN AMERICAN or ALASKA NATIVE,NOT HISPANIC or NOT LATINO,1
EARLY VOTING,JFA,MALE,INDIAN AMERICAN or ALASKA NATIVE,UNDESIGNATED,2
EARLY VOTING,JFA,MALE,NATIVE HAWAIIAN or PACIFIC ISLANDER,HISPANIC or LATINO,0
EARLY VOTING,JFA,MALE,NATIVE HAWAIIAN or PACIFIC ISLANDER,NOT HISPANIC or NOT LATINO,0
EARLY VOTING,JFA,MALE,NATIVE HAWAIIAN or PACIFIC ISLANDER,UNDESIGNATED,0
EARLY VOTING,JFA,MALE,OTHER,HISPANIC or LATINO,10
EARLY VOTING,JFA,MALE,OTHER,NOT HISPANIC or NOT LATINO,1
EARLY VOTING,JFA,MALE,OTHER,UNDESIGNATED,2
EARLY VOTING,JFA,MALE,TWO or MORE RACES,HISPANIC or LATINO,0
EARLY VOTING,JFA,MALE,TWO or MORE RACES,NOT HISPANIC or NOT LATINO,0
EARLY VOTING,JFA,MALE,TWO or MORE RACES,UNDESIGNATED,0
EARLY VOTING,JFA,MALE,UNDESIGNATED,HISPANIC or LATINO,1
EARLY VOTING,JFA,MALE,UNDESIGNATED,NOT HISPANIC or NOT LATINO,0
EARLY VOTING,JFA,MALE,UNDESIGNATED,UNDESIGNATED,6
EARLY VOTING,JFA,MALE,WHITE,HISPANIC or LATINO,0
EARLY VOTING,JFA,MALE,WHITE,NOT HISPANIC or NOT LATINO,8
EARLY VOTING,JFA,MALE,WHITE,UNDESIGNATED,13
EARLY VOTING,JFA,UNDESIGNATED,ASIAN,HISPANIC or LATINO,0
EARLY VOTING,JFA,UNDESIGNATED,ASIAN,NOT HISPANIC or NOT LATINO,0
EARLY VOTING,JFA,UNDESIGNATED,ASIAN,UNDESIGNATED,0
EARLY VOTING,JFA,UNDESIGNATED,BLACK or AFRICAN AMERICAN,HISPANIC or LATINO,0
EARLY VOTING,JFA,UNDESIGNATED,BLACK or AFRICAN AMERICAN,NOT HISPANIC or NOT LATINO,2
EARLY VOTING,JFA,UNDESIGNATED,BLACK or AFRICAN AMERICAN,UNDESIGNATED,0
EARLY VOTING,JFA,UNDESIGNATED,INDIAN AMERICAN or ALASKA NATIVE,HISPANIC or LATINO,0
EARLY VOTING,JFA,UNDESIGNATED,INDIAN AMERICAN or ALASKA NATIVE,NOT HISPANIC or NOT LATINO,0
EARLY VOTING,JFA,UNDESIGNATED,INDIAN AMERICAN or ALASKA NATIVE,UNDESIGNATED,0
EARLY VOTING,JFA,UNDESIGNATED,NATIVE HAWAIIAN or PACIFIC ISLANDER,HISPANIC or LATINO,0
EARLY VOTING,JFA,UNDESIGNATED,NATIVE HAWAIIAN or PACIFIC ISLANDER,NOT HISPANIC or NOT LATINO,0
EARLY VOTING,JFA,UNDESIGNATED,NATIVE HAWAIIAN or PACIFIC ISLANDER,UNDESIGNATED,0
EARLY VOTING,JFA,UNDESIGNATED,OTHER,HISPANIC or LATINO,0
EARLY VOTING,JFA,UNDESIGNATED,OTHER,NOT HISPANIC or NOT LATINO,0
EARLY VOTING,JFA,UNDESIGNATED,OTHER,UNDESIGNATED,0
EARLY VOTING,JFA,UNDESIGNATED,TWO or MORE RACES,HISPANIC or LATINO,0
EARLY VOTING,JFA,UNDESIGNATED,TWO or MORE RACES,NOT HISPANIC or NOT LATINO,0
EARLY VOTING,JFA,UNDESIGNATED,TWO or MORE RACES,UNDESIGNATED,0
EARLY VOTING,JFA,UNDESIGNATED,UNDESIGNATED,HISPANIC or LATINO,0
EARLY VOTING,JFA,UNDESIGNATED,UNDESIGNATED,NOT HISPANIC or NOT LATINO,0
EARLY VOTING,JFA,UNDESIGNATED,UNDESIGNATED,UNDESIGNATED,25
EARLY VOTING,JFA,UNDESIGNATED,WHITE,HISPANIC or LATINO,0
EARLY VOTING,JFA,UNDESIGNATED,WHITE,NOT HISPANIC or NOT LATINO,4
EARLY VOTING,JFA,UNDESIGNATED,WHITE,UNDESIGNATED,0
EARLY VOTING,LIB,FEMALE,ASIAN,HISPANIC or LATINO,0
EARLY VOTING,LIB,FEMALE,ASIAN,NOT HISPANIC or NOT LATINO,54
EARLY VOTING,LIB,FEMALE,ASIAN,UNDESIGNATED,41
EARLY VOTING,LIB,FEMALE,BLACK or AFRICAN AMERICAN,HISPANIC or LATINO,15
EARLY VOTING,LIB,FEMALE,BLACK or AFRICAN AMERICAN,NOT HISPANIC or NOT LATINO,562
EARLY VOTING,LIB,FEMALE,BLACK or AFRICAN AMERICAN,UNDESIGNATED,256
EARLY VOTING,LIB,FEMALE,INDIAN AMERICAN or ALASKA NATIVE,HISPANIC or LATINO,1
EARLY VOTING,LIB,FEMALE,INDIAN AMERICAN or ALASKA NATIVE,NOT HISPANIC or NOT LATINO,28
EARLY VOTING,LIB,FEMALE,INDIAN AMERICAN or ALASKA NATIVE,UNDESIGNATED,8
EARLY VOTING,LIB,FEMALE,NATIVE HAWAIIAN or PACIFIC ISLANDER,HISPANIC or LATINO,0
EARLY VOTING,LIB,FEMALE,NATIVE HAWAIIAN or PACIFIC ISLANDER,NOT HISPANIC or NOT LATINO,1
EARLY VOTING,LIB,FEMALE,NATIVE HAWAIIAN or PACIFIC ISLANDER,UNDESIGNATED,1
EARLY VOTING,LIB,FEMALE,OTHER,HISPANIC or LATINO,254
EARLY VOTING,LIB,FEMALE,OTHER,NOT HISPANIC or NOT LATINO,85
EARLY VOTING,LIB,FEMALE,OTHER,UNDESIGNATED,61
EARLY VOTING,LIB,FEMALE,TWO or MORE RACES,HISPANIC or LATINO,17
EARLY VOTING,LIB,FEMALE,TWO or MORE RACES,NOT HISPANIC or NOT LATINO,34
EARLY VOTING,LIB,FEMALE,TWO or MORE RACES,UNDESIGNATED,18
EARLY VOTING,LIB,FEMALE,UNDESIGNATED,HISPANIC or LATINO,54
EARLY VOTING,LIB,FEMALE,UNDESIGNATED,NOT HISPANIC or NOT LATINO,18
EARLY VOTING,LIB,FEMALE,UNDESIGNATED,UNDESIGNATED,127
EARLY VOTING,LIB,FEMALE,WHITE,HISPANIC or LATINO,93
EARLY VOTING,LIB,FEMALE,WHITE,NOT HISPANIC or NOT LATINO,3397
EARLY VOTING,LIB,FEMALE,WHITE,UNDESIGNATED,1364
EARLY VOTING,LIB,MALE,ASIAN,HISPANIC or LATINO,0
EARLY VOTING,LIB,MALE,ASIAN,NOT HISPANIC or NOT LATINO,68
EARLY VOTING,LIB,MALE,ASIAN,UNDESIGNATED,31
EARLY VOTING,LIB,MALE,BLACK or AFRICAN AMERICAN,HISPANIC or LATINO,8
EARLY VOTING,LIB,MALE,BLACK or AFRICAN AMERICAN,NOT HISPANIC or NOT LATINO,377
EARLY VOTING,LIB,MALE,BLACK or AFRICAN AMERICAN,UNDESIGNATED,177
EARLY VOTING,LIB,MALE,INDIAN AMERICAN or ALASKA NATIVE,HISPANIC or LATINO,2
EARLY VOTING,LIB,MALE,INDIAN AMERICAN or ALASKA NATIVE,NOT HISPANIC or NOT LATINO,34
EARLY VOTING,LIB,MALE,INDIAN AMERICAN or ALASKA NATIVE,UNDESIGNATED,12
EARLY VOTING,LIB,MALE,NATIVE HAWAIIAN or PACIFIC ISLANDER,HISPANIC or LATINO,0
EARLY VOTING,LIB,MALE,NATIVE HAWAIIAN or PACIFIC ISLANDER,NOT HISPANIC or NOT LATINO,1
EARLY VOTING,LIB,MALE,NATIVE HAWAIIAN or PACIFIC ISLANDER,UNDESIGNATED,0
EARLY VOTING,LIB,MALE,OTHER,HISPANIC or LATINO,172
EARLY VOTING,LIB,MALE,OTHER,NOT HISPANIC or NOT LATINO,93
EARLY VOTING,LIB,MALE,OTHER,UNDESIGNATED,55
EARLY VOTING,LIB,MALE,TWO or MORE RACES,HISPANIC or LATINO,20
EARLY VOTING,LIB,MALE,TWO or MORE RACES,NOT HISPANIC or NOT LATINO,37
EARLY VOTING,LIB,MALE,TWO or MORE RACES,UNDESIGNATED,21
EARLY VOTING,LIB,MALE,UNDESIGNATED,HISPANIC or LATINO,46
EARLY VOTING,LIB,MALE,UNDESIGNATED,NOT HISPANIC or NOT LATINO,19
EARLY VOTING,LIB,MALE,UNDESIGNATED,UNDESIGNATED,200
EARLY VOTING,LIB,MALE,WHITE,HISPANIC or LATINO,94
EARLY VOTING,LIB,MALE,WHITE,NOT HISPANIC or NOT LATINO,5558
EARLY VOTING,LIB,MALE,WHITE,UNDESIGNATED,2235
EARLY VOTING,LIB,UNDESIGNATED,ASIAN,HISPANIC or LATINO,0
EARLY VOTING,LIB,UNDESIGNATED,ASIAN,NOT HISPANIC or NOT LATINO,1
EARLY VOTING,LIB,UNDESIGNATED,ASIAN,UNDESIGNATED,2
EARLY VOTING,LIB,UNDESIGNATED,BLACK or AFRICAN AMERICAN,HISPANIC or LATINO,0
EARLY VOTING,LIB,UNDESIGNATED,BLACK or AFRICAN AMERICAN,NOT HISPANIC or NOT LATINO,24
EARLY VOTING,LIB,UNDESIGNATED,BLACK or AFRICAN AMERICAN,UNDESIGNATED,10
EARLY VOTING,LIB,UNDESIGNATED,INDIAN AMERICAN or ALASKA NATIVE,HISPANIC or LATINO,0
EARLY VOTING,LIB,UNDESIGNATED,INDIAN AMERICAN or ALASKA NATIVE,NOT HISPANIC or NOT LATINO,1
EARLY VOTING,LIB,UNDESIGNATED,INDIAN AMERICAN or ALASKA NATIVE,UNDESIGNATED,0
EARLY VOTING,LIB,UNDESIGNATED,NATIVE HAWAIIAN or PACIFIC ISLANDER,HISPANIC or LATINO,0
EARLY VOTING,LIB,UNDESIGNATED,NATIVE HAWAIIAN or PACIFIC ISLANDER,NOT HISPANIC or NOT LATINO,0
EARLY VOTING,LIB,UNDESIGNATED,NATIVE HAWAIIAN or PACIFIC ISLANDER,UNDESIGNATED,0
EARLY VOTING,LIB,UNDESIGNATED,OTHER,HISPANIC or LATINO,8
EARLY VOTING,LIB,UNDESIGNATED,OTHER,NOT HISPANIC or NOT LATINO,4
EARLY VOTING,LIB,UNDESIGNATED,OTHER,UNDESIGNATED,2
EARLY VOTING,LIB,UNDESIGNATED,TWO or MORE RACES,HISPANIC or LATINO,0
EARLY VOTING,LIB,UNDESIGNATED,TWO or MORE RACES,NOT HISPANIC or NOT LATINO,0
EARLY VOTING,LIB,UNDESIGNATED,TWO or MORE RACES,UNDESIGNATED,1
EARLY VOTING,LIB,UNDESIGNATED,UNDESIGNATED,HISPANIC or LATINO,7
EARLY VOTING,LIB,UNDESIGNATED,UNDESIGNATED,NOT HISPANIC or NOT LATINO,10
EARLY VOTING,LIB,UNDESIGNATED,UNDESIGNATED,UNDESIGNATED,1156
EARLY VOTING,LIB,UNDESIGNATED,WHITE,HISPANIC or LATINO,1
EARLY VOTING,LIB,UNDESIGNATED,WHITE,NOT HISPANIC or NOT LATINO,460
EARLY VOTING,LIB,UNDESIGNATED,WHITE,UNDESIGNATED,93
EARLY VOTING,NLB,FEMALE,ASIAN,HISPANIC or LATINO,2
EARLY VOTING,NLB,FEMALE,ASIAN,NOT HISPANIC or NOT LATINO,114
EARLY VOTING,NLB,FEMALE,ASIAN,UNDESIGNATED,97
EARLY VOTING,NLB,FEMALE,BLACK or AFRICAN AMERICAN,HISPANIC or LATINO,30
EARLY VOTING,NLB,FEMALE,BLACK or AFRICAN AMERICAN,NOT HISPANIC or NOT LATINO,994
EARLY VOTING,NLB,FEMALE,BLACK or AFRICAN AMERICAN,UNDESIGNATED,683
EARLY VOTING,NLB,FEMALE,INDIAN AMERICAN or ALASKA NATIVE,HISPANIC or LATINO,2
EARLY VOTING,NLB,FEMALE,INDIAN AMERICAN or ALASKA NATIVE,NOT HISPANIC or NOT LATINO,27
EARLY VOTING,NLB,FEMALE,INDIAN AMERICAN or ALASKA NATIVE,UNDESIGNATED,15
EARLY VOTING,NLB,FEMALE,NATIVE HAWAIIAN or PACIFIC ISLANDER,HISPANIC or LATINO,1
EARLY VOTING,NLB,FEMALE,NATIVE HAWAIIAN or PACIFIC ISLANDER,NOT HISPANIC or NOT LATINO,1
EARLY VOTING,NLB,FEMALE,NATIVE HAWAIIAN or PACIFIC ISLANDER,UNDESIGNATED,3
EARLY VOTING,NLB,FEMALE,OTHER,HISPANIC or LATINO,504
EARLY VOTING,NLB,FEMALE,OTHER,NOT HISPANIC or NOT LATINO,113
EARLY VOTING,NLB,FEMALE,OTHER,UNDESIGNATED,89
EARLY VOTING,NLB,FEMALE,TWO or MORE RACES,HISPANIC or LATINO,12
EARLY VOTING,NLB,FEMALE,TWO or MORE RACES,NOT HISPANIC or NOT LATINO,18
EARLY VOTING,NLB,FEMALE,TWO or MORE RACES,UNDESIGNATED,18
EARLY VOTING,NLB,FEMALE,UNDESIGNATED,HISPANIC or LATINO,42
EARLY VOTING,NLB,FEMALE,UNDESIGNATED,NOT HISPANIC or NOT LATINO,9
EARLY VOTING,NLB,FEMALE,UNDESIGNATED,UNDESIGNATED,100
EARLY VOTING,NLB,FEMALE,WHITE,HISPANIC or LATINO,94
EARLY VOTING,NLB,FEMALE,WHITE,NOT HISPANIC or NOT LATINO,1667
EARLY VOTING,NLB,FEMALE,WHITE,UNDESIGNATED,1014
EARLY VOTING,NLB,MALE,ASIAN,HISPANIC or LATINO,1
EARLY VOTING,NLB,MALE,ASIAN,NOT HISPANIC or NOT LATINO,92
EARLY VOTING,NLB,MALE,ASIAN,UNDESIGNATED,82
EARLY VOTING,NLB,MALE,BLACK or AFRICAN AMERICAN,HISPANIC or LATINO,9
EARLY VOTING,NLB,MALE,BLACK or AFRICAN AMERICAN,NOT HISPANIC or NOT LATINO,609
EARLY VOTING,NLB,MALE,BLACK or AFRICAN AMERICAN,UNDESIGNATED,407
EARLY VOTING,NLB,MALE,INDIAN AMERICAN or ALASKA NATIVE,HISPANIC or LATINO,1
EARLY VOTING,NLB,MALE,INDIAN AMERICAN or ALASKA NATIVE,NOT HISPANIC or NOT LATINO,13
EARLY VOTING,NLB,MALE,INDIAN AMERICAN or ALASKA NATIVE,UNDESIGNATED,4
EARLY VOTING,NLB,MALE,NATIVE HAWAIIAN or PACIFIC ISLANDER,HISPANIC or LATINO,0
EARLY VOTING,NLB,MALE,NATIVE HAWAIIAN or PACIFIC ISLANDER,NOT HISPANIC or NOT LATINO,0
EARLY VOTING,NLB,MALE,NATIVE HAWAIIAN or PACIFIC ISLANDER,UNDESIGNATED,3
EARLY VOTING,NLB,MALE,OTHER,HISPANIC or LATINO,259
EARLY VOTING,NLB,MALE,OTHER,NOT HISPANIC or NOT LATINO,87
EARLY VOTING,NLB,MALE,OTHER,UNDESIGNATED,63
EARLY VOTING,NLB,MALE,TWO or MORE RACES,HISPANIC or LATINO,4
EARLY VOTING,NLB,MALE,TWO or MORE RACES,NOT HISPANIC or NOT LATINO,5
EARLY VOTING,NLB,MALE,TWO or MORE RACES,UNDESIGNATED,3
EARLY VOTING,NLB,MALE,UNDESIGNATED,HISPANIC or LATINO,31
EARLY VOTING,NLB,MALE,UNDESIGNATED,NOT HISPANIC or NOT LATINO,6
EARLY VOTING,NLB,MALE,UNDESIGNATED,UNDESIGNATED,85
EARLY VOTING,NLB,MALE,WHITE,HISPANIC or LATINO,30
EARLY VOTING,NLB,MALE,WHITE,NOT HISPANIC or NOT LATINO,1011
EARLY VOTING,NLB,MALE,WHITE,UNDESIGNATED,681
EARLY VOTING,NLB,UNDESIGNATED,ASIAN,HISPANIC or LATINO,0
EARLY VOTING,NLB,UNDESIGNATED,ASIAN,NOT HISPANIC or NOT LATINO,4
EARLY VOTING,NLB,UNDESIGNATED,ASIAN,UNDESIGNATED,2
EARLY VOTING,NLB,UNDESIGNATED,BLACK or AFRICAN AMERICAN,HISPANIC or LATINO,0
EARLY VOTING,NLB,UNDESIGNATED,BLACK or AFRICAN AMERICAN,NOT HISPANIC or NOT LATINO,65
EARLY VOTING,NLB,UNDESIGNATED,BLACK or AFRICAN AMERICAN,UNDESIGNATED,18
EARLY VOTING,NLB,UNDESIGNATED,INDIAN AMERICAN or ALASKA NATIVE,HISPANIC or LATINO,0
EARLY VOTING,NLB,UNDESIGNATED,INDIAN AMERICAN or ALASKA NATIVE,NOT HISPANIC or NOT LATINO,1
EARLY VOTING,NLB,UNDESIGNATED,INDIAN AMERICAN or ALASKA NATIVE,UNDESIGNATED,0
EARLY VOTING,NLB,UNDESIGNATED,NATIVE HAWAIIAN or PACIFIC ISLANDER,HISPANIC or LATINO,0
EARLY VOTING,NLB,UNDESIGNATED,NATIVE HAWAIIAN or PACIFIC ISLANDER,NOT HISPANIC or NOT LATINO,0
EARLY VOTING,NLB,UNDESIGNATED,NATIVE HAWAIIAN or PACIFIC ISLANDER,UNDESIGNATED,0
EARLY VOTING,NLB,UNDESIGNATED,OTHER,HISPANIC or LATINO,14
EARLY VOTING,NLB,UNDESIGNATED,OTHER,NOT HISPANIC or NOT LATINO,10
EARLY VOTING,NLB,UNDESIGNATED,OTHER,UNDESIGNATED,0
EARLY VOTING,NLB,UNDESIGNATED,TWO or MORE RACES,HISPANIC or LATINO,1
EARLY VOTING,NLB,UNDESIGNATED,TWO or MORE RACES,NOT HISPANIC or NOT LATINO,0
EARLY VOTING,NLB,UNDESIGNATED,TWO or MORE RACES,UNDESIGNATED,1
EARLY VOTING,NLB,UNDESIGNATED,UNDESIGNATED,HISPANIC or LATINO,3
EARLY VOTING,NLB,UNDESIGNATED,UNDESIGNATED,NOT HISPANIC or NOT LATINO,12
EARLY VOTING,NLB,UNDESIGNATED,UNDESIGNATED,UNDESIGNATED,771
EARLY VOTING,NLB,UNDESIGNATED,WHITE,HISPANIC or LATINO,6
EARLY VOTING,NLB,UNDESIGNATED,WHITE,NOT HISPANIC or NOT LATINO,165
EARLY VOTING,NLB,UNDESIGNATED,WHITE,UNDESIGNATED,17
EARLY VOTING,REP,FEMALE,ASIAN,HISPANIC or LATINO,60
EARLY VOTING,REP,FEMALE,ASIAN,NOT HISPANIC or NOT LATINO,4320
EARLY VOTING,REP,FEMALE,ASIAN,UNDESIGNATED,2668
EARLY VOTING,REP,FEMALE,BLACK or AFRICAN AMERICAN,HISPANIC or LATINO,87
EARLY VOTING,REP,FEMALE,BLACK or AFRICAN AMERICAN,NOT HISPANIC or NOT LATINO,5035
EARLY VOTING,REP,FEMALE,BLACK or AFRICAN AMERICAN,UNDESIGNATED,1810
EARLY VOTING,REP,FEMALE,INDIAN AMERICAN or ALASKA NATIVE,HISPANIC or LATINO,47
EARLY VOTING,REP,FEMALE,INDIAN AMERICAN or ALASKA NATIVE,NOT HISPANIC or NOT LATINO,2772
EARLY VOTING,REP,FEMALE,INDIAN AMERICAN or ALASKA NATIVE,UNDESIGNATED,690
EARLY VOTING,REP,FEMALE,NATIVE HAWAIIAN or PACIFIC ISLANDER,HISPANIC or LATINO,8
EARLY VOTING,REP,FEMALE,NATIVE HAWAIIAN or PACIFIC ISLANDER,NOT HISPANIC or NOT LATINO,47
EARLY VOTING,REP,FEMALE,NATIVE HAWAIIAN or PACIFIC ISLANDER,UNDESIGNATED,25
EARLY VOTING,REP,FEMALE,OTHER,HISPANIC or LATINO,5866
EARLY VOTING,REP,FEMALE,OTHER,NOT HISPANIC or NOT LATINO,3954
EARLY VOTING,REP,FEMALE,OTHER,UNDESIGNATED,1689
EARLY VOTING,REP,FEMALE,TWO or MORE RACES,HISPANIC or LATINO,281
EARLY VOTING,REP,FEMALE,TWO or MORE RACES,NOT HISPANIC or NOT LATINO,490
EARLY VOTING,REP,FEMALE,TWO or MORE RACES,UNDESIGNATED,289
EARLY VOTING,REP,FEMALE,UNDESIGNATED,HISPANIC or LATINO,1654
EARLY VOTING,REP,FEMALE,UNDESIGNATED,NOT HISPANIC or NOT LATINO,1289
EARLY VOTING,REP,FEMALE,UNDESIGNATED,UNDESIGNATED,8353
EARLY VOTING,REP,FEMALE,WHITE,HISPANIC or LATINO,3750
EARLY VOTING,REP,FEMALE,WHITE,NOT HISPANIC or NOT LATINO,510008
EARLY VOTING,REP,FEMALE,WHITE,UNDESIGNATED,127978
EARLY VOTING,REP,MALE,ASIAN,HISPANIC or LATINO,40
EARLY VOTING,REP,MALE,ASIAN,NOT HISPANIC or NOT LATINO,3372
EARLY VOTING,REP,MALE,ASIAN,UNDESIGNATED,2135
EARLY VOTING,REP,MALE,BLACK or AFRICAN AMERICAN,HISPANIC or LATINO,127
EARLY VOTING,REP,MALE,BLACK or AFRICAN AMERICAN,NOT HISPANIC or NOT LATINO,5700
EARLY VOTING,REP,MALE,BLACK or AFRICAN AMERICAN,UNDESIGNATED,2542
EARLY VOTING,REP,MALE,INDIAN AMERICAN or ALASKA NATIVE,HISPANIC or LATINO,54
EARLY VOTING,REP,MALE,INDIAN AMERICAN or ALASKA NATIVE,NOT HISPANIC or NOT LATINO,2579
EARLY VOTING,REP,MALE,INDIAN AMERICAN or ALASKA NATIVE,UNDESIGNATED,806
EARLY VOTING,REP,MALE,NATIVE HAWAIIAN or PACIFIC ISLANDER,HISPANIC or LATINO,15
EARLY VOTING,REP,MALE,NATIVE HAWAIIAN or PACIFIC ISLANDER,NOT HISPANIC or NOT LATINO,50
EARLY VOTING,REP,MALE,NATIVE HAWAIIAN or PACIFIC ISLANDER,UNDESIGNATED,31
EARLY VOTING,REP,MALE,OTHER,HISPANIC or LATINO,6388
EARLY VOTING,REP,MALE,OTHER,NOT HISPANIC or NOT LATINO,3903
EARLY VOTING,REP,MALE,OTHER,UNDESIGNATED,1850
EARLY VOTING,REP,MALE,TWO or MORE RACES,HISPANIC or LATINO,304
EARLY VOTING,REP,MALE,TWO or MORE RACES,NOT HISPANIC or NOT LATINO,649
EARLY VOTING,REP,MALE,TWO or MORE RACES,UNDESIGNATED,393
EARLY VOTING,REP,MALE,UNDESIGNATED,HISPANIC or LATINO,1575
EARLY VOTING,REP,MALE,UNDESIGNATED,NOT HISPANIC or NOT LATINO,1365
EARLY VOTING,REP,MALE,UNDESIGNATED,UNDESIGNATED,9717
EARLY VOTING,REP,MALE,WHITE,HISPANIC or LATINO,3347
EARLY VOTING,REP,MALE,WHITE,NOT HISPANIC or NOT LATINO,476647
EARLY VOTING,REP,MALE,WHITE,UNDESIGNATED,132708
EARLY VOTING,REP,UNDESIGNATED,ASIAN,HISPANIC or LATINO,1
EARLY VOTING,REP,UNDESIGNATED,ASIAN,NOT HISPANIC or NOT LATINO,88
EARLY VOTING,REP,UNDESIGNATED,ASIAN,UNDESIGNATED,193
EARLY VOTING,REP,UNDESIGNATED,BLACK or AFRICAN AMERICAN,HISPANIC or LATINO,0
EARLY VOTING,REP,UNDESIGNATED,BLACK or AFRICAN AMERICAN,NOT HISPANIC or NOT LATINO,189
EARLY VOTING,REP,UNDESIGNATED,BLACK or AFRICAN AMERICAN,UNDESIGNATED,91
EARLY VOTING,REP,UNDESIGNATED,INDIAN AMERICAN or ALASKA NATIVE,HISPANIC or LATINO,0
EARLY VOTING,REP,UNDESIGNATED,INDIAN AMERICAN or ALASKA NATIVE,NOT HISPANIC or NOT LATINO,57
EARLY VOTING,REP,UNDESIGNATED,INDIAN AMERICAN or ALASKA NATIVE,UNDESIGNATED,45
EARLY VOTING,REP,UNDESIGNATED,NATIVE HAWAIIAN or PACIFIC ISLANDER,HISPANIC or LATINO,1
EARLY VOTING,REP,UNDESIGNATED,NATIVE HAWAIIAN or PACIFIC ISLANDER,NOT HISPANIC or NOT LATINO,2
EARLY VOTING,REP,UNDESIGNATED,NATIVE HAWAIIAN or PACIFIC ISLANDER,UNDESIGNATED,1
EARLY VOTING,REP,UNDESIGNATED,OTHER,HISPANIC or LATINO,162
EARLY VOTING,REP,UNDESIGNATED,OTHER,NOT HISPANIC or NOT LATINO,175
EARLY VOTING,REP,UNDESIGNATED,OTHER,UNDESIGNATED,55
EARLY VOTING,REP,UNDESIGNATED,TWO or MORE RACES,HISPANIC or LATINO,8
EARLY VOTING,REP,UNDESIGNATED,TWO or MORE RACES,NOT HISPANIC or NOT LATINO,7
EARLY VOTING,REP,UNDESIGNATED,TWO or MORE RACES,UNDESIGNATED,42
EARLY VOTING,REP,UNDESIGNATED,UNDESIGNATED,HISPANIC or LATINO,202
EARLY VOTING,REP,UNDESIGNATED,UNDESIGNATED,NOT HISPANIC or NOT LATINO,827
EARLY VOTING,REP,UNDESIGNATED,UNDESIGNATED,UNDESIGNATED,59204
EARLY VOTING,REP,UNDESIGNATED,WHITE,HISPANIC or LATINO,86
EARLY VOTING,REP,UNDESIGNATED,WHITE,NOT HISPANIC or NOT LATINO,15917
EARLY VOTING,REP,UNDESIGNATED,WHITE,UNDESIGNATED,5864
EARLY VOTING,UNA,FEMALE,ASIAN,HISPANIC or LATINO,124
EARLY VOTING,UNA,FEMALE,ASIAN,NOT HISPANIC or NOT LATINO,11389
EARLY VOTING,UNA,FEMALE,ASIAN,UNDESIGNATED,6135
EARLY VOTING,UNA,FEMALE,BLACK or AFRICAN AMERICAN,HISPANIC or LATINO,736
EARLY VOTING,UNA,FEMALE,BLACK or AFRICAN AMERICAN,NOT HISPANIC or NOT LATINO,51181
EARLY VOTING,UNA,FEMALE,BLACK or AFRICAN AMERICAN,UNDESIGNATED,21642
EARLY VOTING,UNA,FEMALE,INDIAN AMERICAN or ALASKA NATIVE,HISPANIC or LATINO,99
EARLY VOTING,UNA,FEMALE,INDIAN AMERICAN or ALASKA NATIVE,NOT HISPANIC or NOT LATINO,3562
EARLY VOTING,UNA,FEMALE,INDIAN AMERICAN or ALASKA NATIVE,UNDESIGNATED,850
EARLY VOTING,UNA,FEMALE,NATIVE HAWAIIAN or PACIFIC ISLANDER,HISPANIC or LATINO,18
EARLY VOTING,UNA,FEMALE,NATIVE HAWAIIAN or PACIFIC ISLANDER,NOT HISPANIC or NOT LATINO,54
EARLY VOTING,UNA,FEMALE,NATIVE HAWAIIAN or PACIFIC ISLANDER,UNDESIGNATED,33
EARLY VOTING,UNA,FEMALE,OTHER,HISPANIC or LATINO,14177
EARLY VOTING,UNA,FEMALE,OTHER,NOT HISPANIC or NOT LATINO,8585
EARLY VOTING,UNA,FEMALE,OTHER,UNDESIGNATED,4190
EARLY VOTING,UNA,FEMALE,TWO or MORE RACES,HISPANIC or LATINO,923
EARLY VOTING,UNA,FEMALE,TWO or MORE RACES,NOT HISPANIC or NOT LATINO,1977
EARLY VOTING,UNA,FEMALE,TWO or MORE RACES,UNDESIGNATED,946
EARLY VOTING,UNA,FEMALE,UNDESIGNATED,HISPANIC or LATINO,4453
EARLY VOTING,UNA,FEMALE,UNDESIGNATED,NOT HISPANIC or NOT LATINO,2063
EARLY VOTING,UNA,FEMALE,UNDESIGNATED,UNDESIGNATED,12941
EARLY VOTING,UNA,FEMALE,WHITE,HISPANIC or LATINO,6451
EARLY VOTING,UNA,FEMALE,WHITE,NOT HISPANIC or NOT LATINO,398553
EARLY VOTING,UNA,FEMALE,WHITE,UNDESIGNATED,118057
EARLY VOTING,UNA,MALE,ASIAN,HISPANIC or LATINO,98
EARLY VOTING,UNA,MALE,ASIAN,NOT HISPANIC or NOT LATINO,9690
EARLY VOTING,UNA,MALE,ASIAN,UNDESIGNATED,5305
EARLY VOTING,UNA,MALE,BLACK or AFRICAN AMERICAN,HISPANIC or LATINO,537
EARLY VOTING,UNA,MALE,BLACK or AFRICAN AMERICAN,NOT HISPANIC or NOT LATINO,42367
EARLY VOTING,UNA,MALE,BLACK or AFRICAN AMERICAN,UNDESIGNATED,19049
EARLY VOTING,UNA,MALE,INDIAN AMERICAN or ALASKA NATIVE,HISPANIC or LATINO,84
EARLY VOTING,UNA,MALE,INDIAN AMERICAN or ALASKA NATIVE,NOT HISPANIC or NOT LATINO,2707
EARLY VOTING,UNA,MALE,INDIAN AMERICAN or ALASKA NATIVE,UNDESIGNATED,786
EARLY VOTING,UNA,MALE,NATIVE HAWAIIAN or PACIFIC ISLANDER,HISPANIC or LATINO,6
EARLY VOTING,UNA,MALE,NATIVE HAWAIIAN or PACIFIC ISLANDER,NOT HISPANIC or NOT LATINO,32
EARLY VOTING,UNA,MALE,NATIVE HAWAIIAN or PACIFIC ISLANDER,UNDESIGNATED,26
EARLY VOTING,UNA,MALE,OTHER,HISPANIC or LATINO,11019
EARLY VOTING,UNA,MALE,OTHER,NOT HISPANIC or NOT LATINO,8149
EARLY VOTING,UNA,MALE,OTHER,UNDESIGNATED,3909
EARLY VOTING,UNA,MALE,TWO or MORE RACES,HISPANIC or LATINO,794
EARLY VOTING,UNA,MALE,TWO or MORE RACES,NOT HISPANIC or NOT LATINO,1536
EARLY VOTING,UNA,MALE,TWO or MORE RACES,UNDESIGNATED,893
EARLY VOTING,UNA,MALE,UNDESIGNATED,HISPANIC or LATINO,3369
EARLY VOTING,UNA,MALE,UNDESIGNATED,NOT HISPANIC or NOT LATINO,1799
EARLY VOTING,UNA,MALE,UNDESIGNATED,UNDESIGNATED,12663
EARLY VOTING,UNA,MALE,WHITE,HISPANIC or LATINO,5128
EARLY VOTING,UNA,MALE,WHITE,NOT HISPANIC or NOT LATINO,360876
EARLY VOTING,UNA,MALE,WHITE,UNDESIGNATED,112520
EARLY VOTING,UNA,UNDESIGNATED,ASIAN,HISPANIC or LATINO,2
EARLY VOTING,UNA,UNDESIGNATED,ASIAN,NOT HISPANIC or NOT LATINO,266
EARLY VOTING,UNA,UNDESIGNATED,ASIAN,UNDESIGNATED,449
EARLY VOTING,UNA,UNDESIGNATED,BLACK or AFRICAN AMERICAN,HISPANIC or LATINO,8
EARLY VOTING,UNA,UNDESIGNATED,BLACK or AFRICAN AMERICAN,NOT HISPANIC or NOT LATINO,2427
EARLY VOTING,UNA,UNDESIGNATED,BLACK or AFRICAN AMERICAN,UNDESIGNATED,1234
EARLY VOTING,UNA,UNDESIGNATED,INDIAN AMERICAN or ALASKA NATIVE,HISPANIC or LATINO,0
EARLY VOTING,UNA,UNDESIGNATED,INDIAN AMERICAN or ALASKA NATIVE,NOT HISPANIC or NOT LATINO,70
EARLY VOTING,UNA,UNDESIGNATED,INDIAN AMERICAN or ALASKA NATIVE,UNDESIGNATED,63
EARLY VOTING,UNA,UNDESIGNATED,NATIVE HAWAIIAN or PACIFIC ISLANDER,HISPANIC or LATINO,0
EARLY VOTING,UNA,UNDESIGNATED,NATIVE HAWAIIAN or PACIFIC ISLANDER,NOT HISPANIC or NOT LATINO,1
EARLY VOTING,UNA,UNDESIGNATED,NATIVE HAWAIIAN or PACIFIC ISLANDER,UNDESIGNATED,5
EARLY VOTING,UNA,UNDESIGNATED,OTHER,HISPANIC or LATINO,436
EARLY VOTING,UNA,UNDESIGNATED,OTHER,NOT HISPANIC or NOT LATINO,490
EARLY VOTING,UNA,UNDESIGNATED,OTHER,UNDESIGNATED,182
EARLY VOTING,UNA,UNDESIGNATED,TWO or MORE RACES,HISPANIC or LATINO,29
EARLY VOTING,UNA,UNDESIGNATED,TWO or MORE RACES,NOT HISPANIC or NOT LATINO,28
EARLY VOTING,UNA,UNDESIGNATED,TWO or MORE RACES,UNDESIGNATED,157
EARLY VOTING,UNA,UNDESIGNATED,UNDESIGNATED,HISPANIC or LATINO,509
EARLY VOTING,UNA,UNDESIGNATED,UNDESIGNATED,NOT HISPANIC or NOT LATINO,1021
EARLY VOTING,UNA,UNDESIGNATED,UNDESIGNATED,UNDESIGNATED,106622
EARLY VOTING,UNA,UNDESIGNATED,WHITE,HISPANIC or LATINO,159
EARLY VOTING,UNA,UNDESIGNATED,WHITE,NOT HISPANIC or NOT LATINO,18111
EARLY VOTING,UNA,UNDESIGNATED,WHITE,UNDESIGNATED,5174
EARLY VOTING,WTP,FEMALE,ASIAN,HISPANIC or LATINO,0
EARLY VOTING,WTP,FEMALE,ASIAN,NOT HISPANIC or NOT LATINO,8
EARLY VOTING,WTP,FEMALE,ASIAN,UNDESIGNATED,6
EARLY VOTING,WTP,FEMALE,BLACK or AFRICAN AMERICAN,HISPANIC or LATINO,0
EARLY VOTING,WTP,FEMALE,BLACK or AFRICAN AMERICAN,NOT HISPANIC or NOT LATINO,48
EARLY VOTING,WTP,FEMALE,BLACK or AFRICAN AMERICAN,UNDESIGNATED,35
EARLY VOTING,WTP,FEMALE,INDIAN AMERICAN or ALASKA NATIVE,HISPANIC or LATINO,0
EARLY VOTING,WTP,FEMALE,INDIAN AMERICAN or ALASKA NATIVE,NOT HISPANIC or NOT LATINO,1
EARLY VOTING,WTP,FEMALE,INDIAN AMERICAN or ALASKA NATIVE,UNDESIGNATED,4
EARLY VOTING,WTP,FEMALE,NATIVE HAWAIIAN or PACIFIC ISLANDER,HISPANIC or LATINO,0
EARLY VOTING,WTP,FEMALE,NATIVE HAWAIIAN or PACIFIC ISLANDER,NOT HISPANIC or NOT LATINO,0
EARLY VOTING,WTP,FEMALE,NATIVE HAWAIIAN or PACIFIC ISLANDER,UNDESIGNATED,0
EARLY VOTING,WTP,FEMALE,OTHER,HISPANIC or LATINO,16
EARLY VOTING,WTP,FEMALE,OTHER,NOT HISPANIC or NOT LATINO,6
EARLY VOTING,WTP,FEMALE,OTHER,UNDESIGNATED,2
EARLY VOTING,WTP,FEMALE,TWO or MORE RACES,HISPANIC or LATINO,1
EARLY VOTING,WTP,FEMALE,TWO or MORE RACES,NOT HISPANIC or NOT LATINO,3
EARLY VOTING,WTP,FEMALE,TWO or MORE RACES,UNDESIGNATED,3
EARLY VOTING,WTP,FEMALE,UNDESIGNATED,HISPANIC or LATINO,2
EARLY VOTING,WTP,FEMALE,UNDESIGNATED,NOT HISPANIC or NOT LATINO,1
EARLY VOTING,WTP,FEMALE,UNDESIGNATED,UNDESIGNATED,11
EARLY VOTING,WTP,FEMALE,WHITE,HISPANIC or LATINO,2
EARLY VOTING,WTP,FEMALE,WHITE,NOT HISPANIC or NOT LATINO,82
EARLY VOTING,WTP,FEMALE,WHITE,UNDESIGNATED,71
EARLY VOTING,WTP,MALE,ASIAN,HISPANIC or LATINO,0
EARLY VOTING,WTP,MALE,ASIAN,NOT HISPANIC or NOT LATINO,5
EARLY VOTING,WTP,MALE,ASIAN,UNDESIGNATED,12
EARLY VOTING,WTP,MALE,BLACK or AFRICAN AMERICAN,HISPANIC or LATINO,1
EARLY VOTING,WTP,MALE,BLACK or AFRICAN AMERICAN,NOT HISPANIC or NOT LATINO,41
EARLY VOTING,WTP,MALE,BLACK or AFRICAN AMERICAN,UNDESIGNATED,33
EARLY VOTING,WTP,MALE,INDIAN AMERICAN or ALASKA NATIVE,HISPANIC or LATINO,0
EARLY VOTING,WTP,MALE,INDIAN AMERICAN or ALASKA NATIVE,NOT HISPANIC or NOT LATINO,3
EARLY VOTING,WTP,MALE,INDIAN AMERICAN or ALASKA NATIVE,UNDESIGNATED,2
EARLY VOTING,WTP,MALE,NATIVE HAWAIIAN or PACIFIC ISLANDER,HISPANIC or LATINO,0
EARLY VOTING,WTP,MALE,NATIVE HAWAIIAN or PACIFIC ISLANDER,NOT HISPANIC or NOT LATINO,0
EARLY VOTING,WTP,MALE,NATIVE HAWAIIAN or PACIFIC ISLANDER,UNDESIGNATED,0
EARLY VOTING,WTP,MALE,OTHER,HISPANIC or LATINO,22
EARLY VOTING,WTP,MALE,OTHER,NOT HISPANIC or NOT LATINO,6
EARLY VOTING,WTP,MALE,OTHER,UNDESIGNATED,6
EARLY VOTING,WTP,MALE,TWO or MORE RACES,HISPANIC or LATINO,0
EARLY VOTING,WTP,MALE,TWO or MORE RACES,NOT HISPANIC or NOT LATINO,0
EARLY VOTING,WTP,MALE,TWO or MORE RACES,UNDESIGNATED,2
EARLY VOTING,WTP,MALE,UNDESIGNATED,HISPANIC or LATINO,3
EARLY VOTING,WTP,MALE,UNDESIGNATED,NOT HISPANIC or NOT LATINO,2
EARLY VOTING,WTP,MALE,UNDESIGNATED,UNDESIGNATED,9
EARLY VOTING,WTP,MALE,WHITE,HISPANIC or LATINO,3
EARLY VOTING,WTP,MALE,WHITE,NOT HISPANIC or NOT LATINO,105
EARLY VOTING,WTP,MALE,WHITE,UNDESIGNATED,101
EARLY VOTING,WTP,UNDESIGNATED,ASIAN,HISPANIC or LATINO,0
EARLY VOTING,WTP,UNDESIGNATED,ASIAN,NOT HISPANIC or NOT LATINO,0
EARLY VOTING,WTP,UNDESIGNATED,ASIAN,UNDESIGNATED,0
EARLY VOTING,WTP,UNDESIGNATED,BLACK or AFRICAN AMERICAN,HISPANIC or LATINO,0
EARLY VOTING,WTP,UNDESIGNATED,BLACK or AFRICAN AMERICAN,NOT HISPANIC or NOT LATINO,4
EARLY VOTING,WTP,UNDESIGNATED,BLACK or AFRICAN AMERICAN,UNDESIGNATED,1
EARLY VOTING,WTP,UNDESIGNATED,INDIAN AMERICAN or ALASKA NATIVE,HISPANIC or LATINO,0
EARLY VOTING,WTP,UNDESIGNATED,INDIAN AMERICAN or ALASKA NATIVE,NOT HISPANIC or NOT LATINO,0
EARLY VOTING,WTP,UNDESIGNATED,INDIAN AMERICAN or ALASKA NATIVE,UNDESIGNATED,0
EARLY VOTING,WTP,UNDESIGNATED,NATIVE HAWAIIAN or PACIFIC ISLANDER,HISPANIC or LATINO,0
EARLY VOTING,WTP,UNDESIGNATED,NATIVE HAWAIIAN or PACIFIC ISLANDER,NOT HISPANIC or NOT LATINO,0
EARLY VOTING,WTP,UNDESIGNATED,NATIVE HAWAIIAN or PACIFIC ISLANDER,UNDESIGNATED,0
EARLY VOTING,WTP,UNDESIGNATED,OTHER,HISPANIC or LATINO,2
EARLY VOTING,WTP,UNDESIGNATED,OTHER,NOT HISPANIC or NOT LATINO,0
EARLY VOTING,WTP,UNDESIGNATED,OTHER,UNDESIGNATED,0
EARLY VOTING,WTP,UNDESIGNATED,TWO or MORE RACES,HISPANIC or LATINO,0
EARLY VOTING,WTP,UNDESIGNATED,TWO or MORE RACES,NOT HISPANIC or NOT LATINO,0
EARLY VOTING,WTP,UNDESIGNATED,TWO or MORE RACES,UNDESIGNATED,0
EARLY VOTING,WTP,UNDESIGNATED,UNDESIGNATED,HISPANIC or LATINO,0
EARLY VOTING,WTP,UNDESIGNATED,UNDESIGNATED,NOT HISPANIC or NOT LATINO,1
EARLY VOTING,WTP,UNDESIGNATED,UNDESIGNATED,UNDESIGNATED,74
EARLY VOTING,WTP,UNDESIGNATED,WHITE,HISPANIC or LATINO,0
EARLY VOTING,WTP,UNDESIGNATED,WHITE,NOT HISPANIC or NOT LATINO,15
EARLY VOTING,WTP,UNDESIGNATED,WHITE,UNDESIGNATED,3
MILITARY,CST,FEMALE,ASIAN,HISPANIC or LATINO,0
MILITARY,CST,FEMALE,ASIAN,NOT HISPANIC or NOT LATINO,0
MILITARY,CST,FEMALE,ASIAN,UNDESIGNATED,0
MILITARY,CST,FEMALE,BLACK or AFRICAN AMERICAN,HISPANIC or LATINO,0
MILITARY,CST,FEMALE,BLACK or AFRICAN AMERICAN,NOT HISPANIC or NOT LATINO,0
MILITARY,CST,FEMALE,BLACK or AFRICAN AMERICAN,UNDESIGNATED,0
MILITARY,CST,FEMALE,INDIAN AMERICAN or ALASKA NATIVE,HISPANIC or LATINO,0
MILITARY,CST,FEMALE,INDIAN AMERICAN or ALASKA NATIVE,NOT HISPANIC or NOT LATINO,0
MILITARY,CST,FEMALE,INDIAN AMERICAN or ALASKA NATIVE,UNDESIGNATED,0
MILITARY,CST,FEMALE,NATIVE HAWAIIAN or PACIFIC ISLANDER,HISPANIC or LATINO,0
MILITARY,CST,FEMALE,NATIVE HAWAIIAN or PACIFIC ISLANDER,NOT HISPANIC or NOT LATINO,0
MILITARY,CST,FEMALE,NATIVE HAWAIIAN or PACIFIC ISLANDER,UNDESIGNATED,0
MILITARY,CST,FEMALE,OTHER,HISPANIC or LATINO,0
MILITARY,CST,FEMALE,OTHER,NOT HISPANIC or NOT LATINO,0
MILITARY,CST,FEMALE,OTHER,UNDESIGNATED,0
MILITARY,CST,FEMALE,TWO or MORE RACES,HISPANIC or LATINO,0
MILITARY,CST,FEMALE,TWO or MORE RACES,NOT HISPANIC or NOT LATINO,0
MILITARY,CST,FEMALE,TWO or MORE RACES,UNDESIGNATED,0
MILITARY,CST,FEMALE,UNDESIGNATED,HISPANIC or LATINO,0
MILITARY,CST,FEMALE,UNDESIGNATED,NOT HISPANIC or NOT LATINO,0
MILITARY,CST,FEMALE,UNDESIGNATED,UNDESIGNATED,0
MILITARY,CST,FEMALE,WHITE,HISPANIC or LATINO,0
MILITARY,CST,FEMALE,WHITE,NOT HISPANIC or NOT LATINO,0
MILITARY,CST,FEMALE,WHITE,UNDESIGNATED,0
MILITARY,CST,MALE,ASIAN,HISPANIC or LATINO,0
MILITARY,CST,MALE,ASIAN,NOT HISPANIC or NOT LATINO,0
MILITARY,CST,MALE,ASIAN,UNDESIGNATED,0
MILITARY,CST,MALE,BLACK or AFRICAN AMERICAN,HISPANIC or LATINO,0
MILITARY,CST,MALE,BLACK or AFRICAN AMERICAN,NOT HISPANIC or NOT LATINO,0
MILITARY,CST,MALE,BLACK or AFRICAN AMERICAN,UNDESIGNATED,0
MILITARY,CST,MALE,INDIAN AMERICAN or ALASKA NATIVE,HISPANIC or LATINO,0
MILITARY,CST,MALE,INDIAN AMERICAN or ALASKA NATIVE,NOT HISPANIC or NOT LATINO,0
MILITARY,CST,MALE,INDIAN AMERICAN or ALASKA NATIVE,UNDESIGNATED,0
MILITARY,CST,MALE,NATIVE HAWAIIAN or PACIFIC ISLANDER,HISPANIC or LATINO,0
MILITARY,CST,MALE,NATIVE HAWAIIAN or PACIFIC ISLANDER,NOT HISPANIC or NOT LATINO,0
MILITARY,CST,MALE,NATIVE HAWAIIAN or PACIFIC ISLANDER,UNDESIGNATED,0
MILITARY,CST,MALE,OTHER,HISPANIC or LATINO,0
MILITARY,CST,MALE,OTHER,NOT HISPANIC or NOT LATINO,0
MILITARY,CST,MALE,OTHER,UNDESIGNATED,0
MILITARY,CST,MALE,TWO or MORE RACES,HISPANIC or LATINO,0
MILITARY,CST,MALE,TWO or MORE RACES,NOT HISPANIC or NOT LATINO,0
MILITARY,CST,MALE,TWO or MORE RACES,UNDESIGNATED,0
MILITARY,CST,MALE,UNDESIGNATED,HISPANIC or LATINO,0
MILITARY,CST,MALE,UNDESIGNATED,NOT HISPANIC or NOT LATINO,0
MILITARY,CST,MALE,UNDESIGNATED,UNDESIGNATED,1
MILITARY,CST,MALE,WHITE,HISPANIC or LATINO,0
MILITARY,CST,MALE,WHITE,NOT HISPANIC or NOT LATINO,0
MILITARY,CST,MALE,WHITE,UNDESIGNATED,0
MILITARY,CST,UNDESIGNATED,ASIAN,HISPANIC or LATINO,0
MILITARY,CST,UNDESIGNATED,ASIAN,NOT HISPANIC or NOT LATINO,0
MILITARY,CST,UNDESIGNATED,ASIAN,UNDESIGNATED,0
MILITARY,CST,UNDESIGNATED,BLACK or AFRICAN AMERICAN,HISPANIC or LATINO,0
MILITARY,CST,UNDESIGNATED,BLACK or AFRICAN AMERICAN,NOT HISPANIC or NOT LATINO,0
MILITARY,CST,UNDESIGNATED,BLACK or AFRICAN AMERICAN,UNDESIGNATED,0
MILITARY,CST,UNDESIGNATED,INDIAN AMERICAN or ALASKA NATIVE,HISPANIC or LATINO,0
MILITARY,CST,UNDESIGNATED,INDIAN AMERICAN or ALASKA NATIVE,NOT HISPANIC or NOT LATINO,0
MILITARY,CST,UNDESIGNATED,INDIAN AMERICAN or ALASKA NATIVE,UNDESIGNATED,0
MILITARY,CST,UNDESIGNATED,NATIVE HAWAIIAN or PACIFIC ISLANDER,HISPANIC or LATINO,0
MILITARY,CST,UNDESIGNATED,NATIVE HAWAIIAN or PACIFIC ISLANDER,NOT HISPANIC or NOT LATINO,0
MILITARY,CST,UNDESIGNATED,NATIVE HAWAIIAN or PACIFIC ISLANDER,UNDESIGNATED,0
MILITARY,CST,UNDESIGNATED,OTHER,HISPANIC or LATINO,0
MILITARY,CST,UNDESIGNATED,OTHER,NOT HISPANIC or NOT LATINO,0
MILITARY,CST,UNDESIGNATED,OTHER,UNDESIGNATED,0
MILITARY,CST,UNDESIGNATED,TWO or MORE RACES,HISPANIC or LATINO,0
MILITARY,CST,UNDESIGNATED,TWO or MORE RACES,NOT HISPANIC or NOT LATINO,0
MILITARY,CST,UNDESIGNATED,TWO or MORE RACES,UNDESIGNATED,0
MILITARY,CST,UNDESIGNATED,UNDESIGNATED,HISPANIC or LATINO,0
MILITARY,CST,UNDESIGNATED,UNDESIGNATED,NOT HISPANIC or NOT LATINO,0
MILITARY,CST,UNDESIGNATED,UNDESIGNATED,UNDESIGNATED,1
MILITARY,CST,UNDESIGNATED,WHITE,HISPANIC or LATINO,0
MILITARY,CST,UNDESIGNATED,WHITE,NOT HISPANIC or NOT LATINO,0
MILITARY,CST,UNDESIGNATED,WHITE,UNDESIGNATED,0
MILITARY,DEM,FEMALE,ASIAN,HISPANIC or LATINO,1
MILITARY,DEM,FEMALE,ASIAN,NOT HISPANIC or NOT LATINO,10
MILITARY,DEM,FEMALE,ASIAN,UNDESIGNATED,8
MILITARY,DEM,FEMALE,BLACK or AFRICAN AMERICAN,HISPANIC or LATINO,3
MILITARY,DEM,FEMALE,BLACK or AFRICAN AMERICAN,NOT HISPANIC or NOT LATINO,226
MILITARY,DEM,FEMALE,BLACK or AFRICAN AMERICAN,UNDESIGNATED,106
MILITARY,DEM,FEMALE,INDIAN AMERICAN or ALASKA NATIVE,HISPANIC or LATINO,0
MILITARY,DEM,FEMALE,INDIAN AMERICAN or ALASKA NATIVE,NOT HISPANIC or NOT LATINO,3
MILITARY,DEM,FEMALE,INDIAN AMERICAN or ALASKA NATIVE,UNDESIGNATED,1
MILITARY,DEM,FEMALE,NATIVE HAWAIIAN or PACIFIC ISLANDER,HISPANIC or LATINO,0
MILITARY,DEM,FEMALE,NATIVE HAWAIIAN or PACIFIC ISLANDER,NOT HISPANIC or NOT LATINO,0
MILITARY,DEM,FEMALE,NATIVE HAWAIIAN or PACIFIC ISLANDER,UNDESIGNATED,0
MILITARY,DEM,FEMALE,OTHER,HISPANIC or LATINO,36
MILITARY,DEM,FEMALE,OTHER,NOT HISPANIC or NOT LATINO,26
MILITARY,DEM,FEMALE,OTHER,UNDESIGNATED,6
MILITARY,DEM,FEMALE,TWO or MORE RACES,HISPANIC or LATINO,2
MILITARY,DEM,FEMALE,TWO or MORE RACES,NOT HISPANIC or NOT LATINO,9
MILITARY,DEM,FEMALE,TWO or MORE RACES,UNDESIGNATED,4
MILITARY,DEM,FEMALE,UNDESIGNATED,HISPANIC or LATINO,8
MILITARY,DEM,FEMALE,UNDESIGNATED,NOT HISPANIC or NOT LATINO,4
MILITARY,DEM,FEMALE,UNDESIGNATED,UNDESIGNATED,130
MILITARY,DEM,FEMALE,WHITE,HISPANIC or LATINO,15
MILITARY,DEM,FEMALE,WHITE,NOT HISPANIC or NOT LATINO,262
MILITARY,DEM,FEMALE,WHITE,UNDESIGNATED,105
MILITARY,DEM,MALE,ASIAN,HISPANIC or LATINO,1
MILITARY,DEM,MALE,ASIAN,NOT HISPANIC or NOT LATINO,9
MILITARY,DEM,MALE,ASIAN,UNDESIGNATED,4
MILITARY,DEM,MALE,BLACK or AFRICAN AMERICAN,HISPANIC or LATINO,3
MILITARY,DEM,MALE,BLACK or AFRICAN AMERICAN,NOT HISPANIC or NOT LATINO,192
MILITARY,DEM,MALE,BLACK or AFRICAN AMERICAN,UNDESIGNATED,75
MILITARY,DEM,MALE,INDIAN AMERICAN or ALASKA NATIVE,HISPANIC or LATINO,0
MILITARY,DEM,MALE,INDIAN AMERICAN or ALASKA NATIVE,NOT HISPANIC or NOT LATINO,4
MILITARY,DEM,MALE,INDIAN AMERICAN or ALASKA NATIVE,UNDESIGNATED,0
MILITARY,DEM,MALE,NATIVE HAWAIIAN or PACIFIC ISLANDER,HISPANIC or LATINO,0
MILITARY,DEM,MALE,NATIVE HAWAIIAN or PACIFIC ISLANDER,NOT HISPANIC or NOT LATINO,0
MILITARY,DEM,MALE,NATIVE HAWAIIAN or PACIFIC ISLANDER,UNDESIGNATED,0
MILITARY,DEM,MALE,OTHER,HISPANIC or LATINO,26
MILITARY,DEM,MALE,OTHER,NOT HISPANIC or NOT LATINO,16
MILITARY,DEM,MALE,OTHER,UNDESIGNATED,3
MILITARY,DEM,MALE,TWO or MORE RACES,HISPANIC or LATINO,0
MILITARY,DEM,MALE,TWO or MORE RACES,NOT HISPANIC or NOT LATINO,3
MILITARY,DEM,MALE,TWO or MORE RACES,UNDESIGNATED,3
MILITARY,DEM,MALE,UNDESIGNATED,HISPANIC or LATINO,8
MILITARY,DEM,MALE,UNDESIGNATED,NOT HISPANIC or NOT LATINO,6
MILITARY,DEM,MALE,UNDESIGNATED,UNDESIGNATED,106
MILITARY,DEM,MALE,WHITE,HISPANIC or LATINO,9
MILITARY,DEM,MALE,WHITE,NOT HISPANIC or NOT LATINO,168
MILITARY,DEM,MALE,WHITE,UNDESIGNATED,76
MILITARY,DEM,UNDESIGNATED,ASIAN,HISPANIC or LATINO,0
MILITARY,DEM,UNDESIGNATED,ASIAN,NOT HISPANIC or NOT LATINO,0
MILITARY,DEM,UNDESIGNATED,ASIAN,UNDESIGNATED,0
MILITARY,DEM,UNDESIGNATED,BLACK or AFRICAN AMERICAN,HISPANIC or LATINO,0
MILITARY,DEM,UNDESIGNATED,BLACK or AFRICAN AMERICAN,NOT HISPANIC or NOT LATINO,10
MILITARY,DEM,UNDESIGNATED,BLACK or AFRICAN AMERICAN,UNDESIGNATED,7
MILITARY,DEM,UNDESIGNATED,INDIAN AMERICAN or ALASKA NATIVE,HISPANIC or LATINO,0
MILITARY,DEM,UNDESIGNATED,INDIAN AMERICAN or ALASKA NATIVE,NOT HISPANIC or NOT LATINO,1
MILITARY,DEM,UNDESIGNATED,INDIAN AMERICAN or ALASKA NATIVE,UNDESIGNATED,0
MILITARY,DEM,UNDESIGNATED,NATIVE HAWAIIAN or PACIFIC ISLANDER,HISPANIC or LATINO,0
MILITARY,DEM,UNDESIGNATED,NATIVE HAWAIIAN or PACIFIC ISLANDER,NOT HISPANIC or NOT LATINO,0
MILITARY,DEM,UNDESIGNATED,NATIVE HAWAIIAN or PACIFIC ISLANDER,UNDESIGNATED,0
MILITARY,DEM,UNDESIGNATED,OTHER,HISPANIC or LATINO,1
MILITARY,DEM,UNDESIGNATED,OTHER,NOT HISPANIC or NOT LATINO,0
MILITARY,DEM,UNDESIGNATED,OTHER,UNDESIGNATED,0
MILITARY,DEM,UNDESIGNATED,TWO or MORE RACES,HISPANIC or LATINO,0
MILITARY,DEM,UNDESIGNATED,TWO or MORE RACES,NOT HISPANIC or NOT LATINO,1
MILITARY,DEM,UNDESIGNATED,TWO or MORE RACES,UNDESIGNATED,0
MILITARY,DEM,UNDESIGNATED,UNDESIGNATED,HISPANIC or LATINO,1
MILITARY,DEM,UNDESIGNATED,UNDESIGNATED,NOT HISPANIC or NOT LATINO,2
MILITARY,DEM,UNDESIGNATED,UNDESIGNATED,UNDESIGNATED,464
MILITARY,DEM,UNDESIGNATED,WHITE,HISPANIC or LATINO,0
MILITARY,DEM,UNDESIGNATED,WHITE,NOT HISPANIC or NOT LATINO,16
MILITARY,DEM,UNDESIGNATED,WHITE,UNDESIGNATED,13
MILITARY,GRE,FEMALE,ASIAN,HISPANIC or LATINO,0
MILITARY,GRE,FEMALE,ASIAN,NOT HISPANIC or NOT LATINO,0
MILITARY,GRE,FEMALE,ASIAN,UNDESIGNATED,0
MILITARY,GRE,FEMALE,BLACK or AFRICAN AMERICAN,HISPANIC or LATINO,0
MILITARY,GRE,FEMALE,BLACK or AFRICAN AMERICAN,NOT HISPANIC or NOT LATINO,1
MILITARY,GRE,FEMALE,BLACK or AFRICAN AMERICAN,UNDESIGNATED,0
MILITARY,GRE,FEMALE,INDIAN AMERICAN or ALASKA NATIVE,HISPANIC or LATINO,0
MILITARY,GRE,FEMALE,INDIAN AMERICAN or ALASKA NATIVE,NOT HISPANIC or NOT LATINO,0
MILITARY,GRE,FEMALE,INDIAN AMERICAN or ALASKA NATIVE,UNDESIGNATED,0
MILITARY,GRE,FEMALE,NATIVE HAWAIIAN or PACIFIC ISLANDER,HISPANIC or LATINO,0
MILITARY,GRE,FEMALE,NATIVE HAWAIIAN or PACIFIC ISLANDER,NOT HISPANIC or NOT LATINO,0
MILITARY,GRE,FEMALE,NATIVE HAWAIIAN or PACIFIC ISLANDER,UNDESIGNATED,0
MILITARY,GRE,FEMALE,OTHER,HISPANIC or LATINO,0
MILITARY,GRE,FEMALE,OTHER,NOT HISPANIC or NOT LATINO,0
MILITARY,GRE,FEMALE,OTHER,UNDESIGNATED,0
MILITARY,GRE,FEMALE,TWO or MORE RACES,HISPANIC or LATINO,0
MILITARY,GRE,FEMALE,TWO or MORE RACES,NOT HISPANIC or NOT LATINO,0
MILITARY,GRE,FEMALE,TWO or MORE RACES,UNDESIGNATED,0
MILITARY,GRE,FEMALE,UNDESIGNATED,HISPANIC or LATINO,0
MILITARY,GRE,FEMALE,UNDESIGNATED,NOT HISPANIC or NOT LATINO,0
MILITARY,GRE,FEMALE,UNDESIGNATED,UNDESIGNATED,0
MILITARY,GRE,FEMALE,WHITE,HISPANIC or LATINO,0
MILITARY,GRE,FEMALE,WHITE,NOT HISPANIC or NOT LATINO,1
MILITARY,GRE,FEMALE,WHITE,UNDESIGNATED,0
MILITARY,GRE,MALE,ASIAN,HISPANIC or LATINO,0
MILITARY,GRE,MALE,ASIAN,NOT HISPANIC or NOT LATINO,0
MILITARY,GRE,MALE,ASIAN,UNDESIGNATED,0
MILITARY,GRE,MALE,BLACK or AFRICAN AMERICAN,HISPANIC or LATINO,0
MILITARY,GRE,MALE,BLACK or AFRICAN AMERICAN,NOT HISPANIC or NOT LATINO,0
MILITARY,GRE,MALE,BLACK or AFRICAN AMERICAN,UNDESIGNATED,0
MILITARY,GRE,MALE,INDIAN AMERICAN or ALASKA NATIVE,HISPANIC or LATINO,0
MILITARY,GRE,MALE,INDIAN AMERICAN or ALASKA NATIVE,NOT HISPANIC or NOT LATINO,0
MILITARY,GRE,MALE,INDIAN AMERICAN or ALASKA NATIVE,UNDESIGNATED,0
MILITARY,GRE,MALE,NATIVE HAWAIIAN or PACIFIC ISLANDER,HISPANIC or LATINO,0
MILITARY,GRE,MALE,NATIVE HAWAIIAN or PACIFIC ISLANDER,NOT HISPANIC or NOT LATINO,0
MILITARY,GRE,MALE,NATIVE HAWAIIAN or PACIFIC ISLANDER,UNDESIGNATED,0
MILITARY,GRE,MALE,OTHER,HISPANIC or LATINO,0
MILITARY,GRE,MALE,OTHER,NOT HISPANIC or NOT LATINO,0
MILITARY,GRE,MALE,OTHER,UNDESIGNATED,0
MILITARY,GRE,MALE,TWO or MORE RACES,HISPANIC or LATINO,0
MILITARY,GRE,MALE,TWO or MORE RACES,NOT HISPANIC or NOT LATINO,0
MILITARY,GRE,MALE,TWO or MORE RACES,UNDESIGNATED,0
MILITARY,GRE,MALE,UNDESIGNATED,HISPANIC or LATINO,0
MILITARY,GRE,MALE,UNDESIGNATED,NOT HISPANIC or NOT LATINO,0
MILITARY,GRE,MALE,UNDESIGNATED,UNDESIGNATED,0
MILITARY,GRE,MALE,WHITE,HISPANIC or LATINO,0
MILITARY,GRE,MALE,WHITE,NOT HISPANIC or NOT LATINO,0
MILITARY,GRE,MALE,WHITE,UNDESIGNATED,0
MILITARY,GRE,UNDESIGNATED,ASIAN,HISPANIC or LATINO,0
MILITARY,GRE,UNDESIGNATED,ASIAN,NOT HISPANIC or NOT LATINO,0
MILITARY,GRE,UNDESIGNATED,ASIAN,UNDESIGNATED,0
MILITARY,GRE,UNDESIGNATED,BLACK or AFRICAN AMERICAN,HISPANIC or LATINO,0
MILITARY,GRE,UNDESIGNATED,BLACK or AFRICAN AMERICAN,NOT HISPANIC or NOT LATINO,0
MILITARY,GRE,UNDESIGNATED,BLACK or AFRICAN AMERICAN,UNDESIGNATED,0
MILITARY,GRE,UNDESIGNATED,INDIAN AMERICAN or ALASKA NATIVE,HISPANIC or LATINO,0
MILITARY,GRE,UNDESIGNATED,INDIAN AMERICAN or ALASKA NATIVE,NOT HISPANIC or NOT LATINO,0
MILITARY,GRE,UNDESIGNATED,INDIAN AMERICAN or ALASKA NATIVE,UNDESIGNATED,0
MILITARY,GRE,UNDESIGNATED,NATIVE HAWAIIAN or PACIFIC ISLANDER,HISPANIC or LATINO,0
MILITARY,GRE,UNDESIGNATED,NATIVE HAWAIIAN or PACIFIC ISLANDER,NOT HISPANIC or NOT LATINO,0
MILITARY,GRE,UNDESIGNATED,NATIVE HAWAIIAN or PACIFIC ISLANDER,UNDESIGNATED,0
MILITARY,GRE,UNDESIGNATED,OTHER,HISPANIC or LATINO,0
MILITARY,GRE,UNDESIGNATED,OTHER,NOT HISPANIC or NOT LATINO,0
MILITARY,GRE,UNDESIGNATED,OTHER,UNDESIGNATED,0
MILITARY,GRE,UNDESIGNATED,TWO or MORE RACES,HISPANIC or LATINO,0
MILITARY,GRE,UNDESIGNATED,TWO or MORE RACES,NOT HISPANIC or NOT LATINO,0
MILITARY,GRE,UNDESIGNATED,TWO or MORE RACES,UNDESIGNATED,0
MILITARY,GRE,UNDESIGNATED,UNDESIGNATED,HISPANIC or LATINO,0
MILITARY,GRE,UNDESIGNATED,UNDESIGNATED,NOT HISPANIC or NOT LATINO,0
MILITARY,GRE,UNDESIGNATED,UNDESIGNATED,UNDESIGNATED,2
MILITARY,GRE,UNDESIGNATED,WHITE,HISPANIC or LATINO,0
MILITARY,GRE,UNDESIGNATED,WHITE,NOT HISPANIC or NOT LATINO,0
MILITARY,GRE,UNDESIGNATED,WHITE,UNDESIGNATED,0
MILITARY,JFA,FEMALE,ASIAN,HISPANIC or LATINO,0
MILITARY,JFA,FEMALE,ASIAN,NOT HISPANIC or NOT LATINO,0
MILITARY,JFA,FEMALE,ASIAN,UNDESIGNATED,0
MILITARY,JFA,FEMALE,BLACK or AFRICAN AMERICAN,HISPANIC or LATINO,0
MILITARY,JFA,FEMALE,BLACK or AFRICAN AMERICAN,NOT HISPANIC or NOT LATINO,0
MILITARY,JFA,FEMALE,BLACK or AFRICAN AMERICAN,UNDESIGNATED,0
MILITARY,JFA,FEMALE,INDIAN AMERICAN or ALASKA NATIVE,HISPANIC or LATINO,0
MILITARY,JFA,FEMALE,INDIAN AMERICAN or ALASKA NATIVE,NOT HISPANIC or NOT LATINO,0
MILITARY,JFA,FEMALE,INDIAN AMERICAN or ALASKA NATIVE,UNDESIGNATED,0
MILITARY,JFA,FEMALE,NATIVE HAWAIIAN or PACIFIC ISLANDER,HISPANIC or LATINO,0
MILITARY,JFA,FEMALE,NATIVE HAWAIIAN or PACIFIC ISLANDER,NOT HISPANIC or NOT LATINO,0
MILITARY,JFA,FEMALE,NATIVE HAWAIIAN or PACIFIC ISLANDER,UNDESIGNATED,0
MILITARY,JFA,FEMALE,OTHER,HISPANIC or LATINO,0
MILITARY,JFA,FEMALE,OTHER,NOT HISPANIC or NOT LATINO,0
MILITARY,JFA,FEMALE,OTHER,UNDESIGNATED,0
MILITARY,JFA,FEMALE,TWO or MORE RACES,HISPANIC or LATINO,0
MILITARY,JFA,FEMALE,TWO or MORE RACES,NOT HISPANIC or NOT LATINO,0
MILITARY,JFA,FEMALE,TWO or MORE RACES,UNDESIGNATED,0
MILITARY,JFA,FEMALE,UNDESIGNATED,HISPANIC or LATINO,0
MILITARY,JFA,FEMALE,UNDESIGNATED,NOT HISPANIC or NOT LATINO,0
MILITARY,JFA,FEMALE,UNDESIGNATED,UNDESIGNATED,0
MILITARY,JFA,FEMALE,WHITE,HISPANIC or LATINO,0
MILITARY,JFA,FEMALE,WHITE,NOT HISPANIC or NOT LATINO,0
MILITARY,JFA,FEMALE,WHITE,UNDESIGNATED,0
MILITARY,JFA,MALE,ASIAN,HISPANIC or LATINO,0
MILITARY,JFA,MALE,ASIAN,NOT HISPANIC or NOT LATINO,0
MILITARY,JFA,MALE,ASIAN,UNDESIGNATED,0
MILITARY,JFA,MALE,BLACK or AFRICAN AMERICAN,HISPANIC or LATINO,0
MILITARY,JFA,MALE,BLACK or AFRICAN AMERICAN,NOT HISPANIC or NOT LATINO,0
MILITARY,JFA,MALE,BLACK or AFRICAN AMERICAN,UNDESIGNATED,0
MILITARY,JFA,MALE,INDIAN AMERICAN or ALASKA NATIVE,HISPANIC or LATINO,0
MILITARY,JFA,MALE,INDIAN AMERICAN or ALASKA NATIVE,NOT HISPANIC or NOT LATINO,0
MILITARY,JFA,MALE,INDIAN AMERICAN or ALASKA NATIVE,UNDESIGNATED,0
MILITARY,JFA,MALE,NATIVE HAWAIIAN or PACIFIC ISLANDER,HISPANIC or LATINO,0
MILITARY,JFA,MALE,NATIVE HAWAIIAN or PACIFIC ISLANDER,NOT HISPANIC or NOT LATINO,0
MILITARY,JFA,MALE,NATIVE HAWAIIAN or PACIFIC ISLANDER,UNDESIGNATED,0
MILITARY,JFA,MALE,OTHER,HISPANIC or LATINO,0
MILITARY,JFA,MALE,OTHER,NOT HISPANIC or NOT LATINO,0
MILITARY,JFA,MALE,OTHER,UNDESIGNATED,0
MILITARY,JFA,MALE,TWO or MORE RACES,HISPANIC or LATINO,0
MILITARY,JFA,MALE,TWO or MORE RACES,NOT HISPANIC or NOT LATINO,0
MILITARY,JFA,MALE,TWO or MORE RACES,UNDESIGNATED,0
MILITARY,JFA,MALE,UNDESIGNATED,HISPANIC or LATINO,0
MILITARY,JFA,MALE,UNDESIGNATED,NOT HISPANIC or NOT LATINO,0
MILITARY,JFA,MALE,UNDESIGNATED,UNDESIGNATED,0
MILITARY,JFA,MALE,WHITE,HISPANIC or LATINO,0
MILITARY,JFA,MALE,WHITE,NOT HISPANIC or NOT LATINO,0
MILITARY,JFA,MALE,WHITE,UNDESIGNATED,0
MILITARY,JFA,UNDESIGNATED,ASIAN,HISPANIC or LATINO,0
MILITARY,JFA,UNDESIGNATED,ASIAN,NOT HISPANIC or NOT LATINO,0
MILITARY,JFA,UNDESIGNATED,ASIAN,UNDESIGNATED,0
MILITARY,JFA,UNDESIGNATED,BLACK or AFRICAN AMERICAN,HISPANIC or LATINO,0
MILITARY,JFA,UNDESIGNATED,BLACK or AFRICAN AMERICAN,NOT HISPANIC or NOT LATINO,0
MILITARY,JFA,UNDESIGNATED,BLACK or AFRICAN AMERICAN,UNDESIGNATED,0
MILITARY,JFA,UNDESIGNATED,INDIAN AMERICAN or ALASKA NATIVE,HISPANIC or LATINO,0
MILITARY,JFA,UNDESIGNATED,INDIAN AMERICAN or ALASKA NATIVE,NOT HISPANIC or NOT LATINO,0
MILITARY,JFA,UNDESIGNATED,INDIAN AMERICAN or ALASKA NATIVE,UNDESIGNATED,0
MILITARY,JFA,UNDESIGNATED,NATIVE HAWAIIAN or PACIFIC ISLANDER,HISPANIC or LATINO,0
MILITARY,JFA,UNDESIGNATED,NATIVE HAWAIIAN or PACIFIC ISLANDER,NOT HISPANIC or NOT LATINO,0
MILITARY,JFA,UNDESIGNATED,NATIVE HAWAIIAN or PACIFIC ISLANDER,UNDESIGNATED,0
MILITARY,JFA,UNDESIGNATED,OTHER,HISPANIC or LATINO,0
MILITARY,JFA,UNDESIGNATED,OTHER,NOT HISPANIC or NOT LATINO,0
MILITARY,JFA,UNDESIGNATED,OTHER,UNDESIGNATED,0
MILITARY,JFA,UNDESIGNATED,TWO or MORE RACES,HISPANIC or LATINO,0
MILITARY,JFA,UNDESIGNATED,TWO or MORE RACES,NOT HISPANIC or NOT LATINO,0
MILITARY,JFA,UNDESIGNATED,TWO or MORE RACES,UNDESIGNATED,0
MILITARY,JFA,UNDESIGNATED,UNDESIGNATED,HISPANIC or LATINO,0
MILITARY,JFA,UNDESIGNATED,UNDESIGNATED,NOT HISPANIC or NOT LATINO,0
MILITARY,JFA,UNDESIGNATED,UNDESIGNATED,UNDESIGNATED,1
MILITARY,JFA,UNDESIGNATED,WHITE,HISPANIC or LATINO,0
MILITARY,JFA,UNDESIGNATED,WHITE,NOT HISPANIC or NOT LATINO,0
MILITARY,JFA,UNDESIGNATED,WHITE,UNDESIGNATED,0
MILITARY,LIB,FEMALE,ASIAN,HISPANIC or LATINO,0
MILITARY,LIB,FEMALE,ASIAN,NOT HISPANIC or NOT LATINO,0
MILITARY,LIB,FEMALE,ASIAN,UNDESIGNATED,0
MILITARY,LIB,FEMALE,BLACK or AFRICAN AMERICAN,HISPANIC or LATINO,0
MILITARY,LIB,FEMALE,BLACK or AFRICAN AMERICAN,NOT HISPANIC or NOT LATINO,1
MILITARY,LIB,FEMALE,BLACK or AFRICAN AMERICAN,UNDESIGNATED,0
MILITARY,LIB,FEMALE,INDIAN AMERICAN or ALASKA NATIVE,HISPANIC or LATINO,0
MILITARY,LIB,FEMALE,INDIAN AMERICAN or ALASKA NATIVE,NOT HISPANIC or NOT LATINO,0
MILITARY,LIB,FEMALE,INDIAN AMERICAN or ALASKA NATIVE,UNDESIGNATED,0
MILITARY,LIB,FEMALE,NATIVE HAWAIIAN or PACIFIC ISLANDER,HISPANIC or LATINO,0
MILITARY,LIB,FEMALE,NATIVE HAWAIIAN or PACIFIC ISLANDER,NOT HISPANIC or NOT LATINO,0
MILITARY,LIB,FEMALE,NATIVE HAWAIIAN or PACIFIC ISLANDER,UNDESIGNATED,0
MILITARY,LIB,FEMALE,OTHER,HISPANIC or LATINO,2
MILITARY,LIB,FEMALE,OTHER,NOT HISPANIC or NOT LATINO,0
MILITARY,LIB,FEMALE,OTHER,UNDESIGNATED,1
MILITARY,LIB,FEMALE,TWO or MORE RACES,HISPANIC or LATINO,0
MILITARY,LIB,FEMALE,TWO or MORE RACES,NOT HISPANIC or NOT LATINO,0
MILITARY,LIB,FEMALE,TWO or MORE RACES,UNDESIGNATED,0
MILITARY,LIB,FEMALE,UNDESIGNATED,HISPANIC or LATINO,0
MILITARY,LIB,FEMALE,UNDESIGNATED,NOT HISPANIC or NOT LATINO,1
MILITARY,LIB,FEMALE,UNDESIGNATED,UNDESIGNATED,7
MILITARY,LIB,FEMALE,WHITE,HISPANIC or LATINO,0
MILITARY,LIB,FEMALE,WHITE,NOT HISPANIC or NOT LATINO,23
MILITARY,LIB,FEMALE,WHITE,UNDESIGNATED,7
MILITARY,LIB,MALE,ASIAN,HISPANIC or LATINO,0
MILITARY,LIB,MALE,ASIAN,NOT HISPANIC or NOT LATINO,1
MILITARY,LIB,MALE,ASIAN,UNDESIGNATED,1
MILITARY,LIB,MALE,BLACK or AFRICAN AMERICAN,HISPANIC or LATINO,0
MILITARY,LIB,MALE,BLACK or AFRICAN AMERICAN,NOT HISPANIC or NOT LATINO,7
MILITARY,LIB,MALE,BLACK or AFRICAN AMERICAN,UNDESIGNATED,2
MILITARY,LIB,MALE,INDIAN AMERICAN or ALASKA NATIVE,HISPANIC or LATINO,0
MILITARY,LIB,MALE,INDIAN AMERICAN or ALASKA NATIVE,NOT HISPANIC or NOT LATINO,1
MILITARY,LIB,MALE,INDIAN AMERICAN or ALASKA NATIVE,UNDESIGNATED,0
MILITARY,LIB,MALE,NATIVE HAWAIIAN or PACIFIC ISLANDER,HISPANIC or LATINO,0
MILITARY,LIB,MALE,NATIVE HAWAIIAN or PACIFIC ISLANDER,NOT HISPANIC or NOT LATINO,0
MILITARY,LIB,MALE,NATIVE HAWAIIAN or PACIFIC ISLANDER,UNDESIGNATED,0
MILITARY,LIB,MALE,OTHER,HISPANIC or LATINO,2
MILITARY,LIB,MALE,OTHER,NOT HISPANIC or NOT LATINO,0
MILITARY,LIB,MALE,OTHER,UNDESIGNATED,0
MILITARY,LIB,MALE,TWO or MORE RACES,HISPANIC or LATINO,0
MILITARY,LIB,MALE,TWO or MORE RACES,NOT HISPANIC or NOT LATINO,0
MILITARY,LIB,MALE,TWO or MORE RACES,UNDESIGNATED,0
MILITARY,LIB,MALE,UNDESIGNATED,HISPANIC or LATINO,3
MILITARY,LIB,MALE,UNDESIGNATED,NOT HISPANIC or NOT LATINO,0
MILITARY,LIB,MALE,UNDESIGNATED,UNDESIGNATED,12
MILITARY,LIB,MALE,WHITE,HISPANIC or LATINO,1
MILITARY,LIB,MALE,WHITE,NOT HISPANIC or NOT LATINO,49
MILITARY,LIB,MALE,WHITE,UNDESIGNATED,16
MILITARY,LIB,UNDESIGNATED,ASIAN,HISPANIC or LATINO,0
MILITARY,LIB,UNDESIGNATED,ASIAN,NOT HISPANIC or NOT LATINO,0
MILITARY,LIB,UNDESIGNATED,ASIAN,UNDESIGNATED,0
MILITARY,LIB,UNDESIGNATED,BLACK or AFRICAN AMERICAN,HISPANIC or LATINO,0
MILITARY,LIB,UNDESIGNATED,BLACK or AFRICAN AMERICAN,NOT HISPANIC or NOT LATINO,0
MILITARY,LIB,UNDESIGNATED,BLACK or AFRICAN AMERICAN,UNDESIGNATED,0
MILITARY,LIB,UNDESIGNATED,INDIAN AMERICAN or ALASKA NATIVE,HISPANIC or LATINO,0
MILITARY,LIB,UNDESIGNATED,INDIAN AMERICAN or ALASKA NATIVE,NOT HISPANIC or NOT LATINO,0
MILITARY,LIB,UNDESIGNATED,INDIAN AMERICAN or ALASKA NATIVE,UNDESIGNATED,0
MILITARY,LIB,UNDESIGNATED,NATIVE HAWAIIAN or PACIFIC ISLANDER,HISPANIC or LATINO,0
MILITARY,LIB,UNDESIGNATED,NATIVE HAWAIIAN or PACIFIC ISLANDER,NOT HISPANIC or NOT LATINO,0
MILITARY,LIB,UNDESIGNATED,NATIVE HAWAIIAN or PACIFIC ISLANDER,UNDESIGNATED,0
MILITARY,LIB,UNDESIGNATED,OTHER,HISPANIC or LATINO,0
MILITARY,LIB,UNDESIGNATED,OTHER,NOT HISPANIC or NOT LATINO,0
MILITARY,LIB,UNDESIGNATED,OTHER,UNDESIGNATED,0
MILITARY,LIB,UNDESIGNATED,TWO or MORE RACES,HISPANIC or LATINO,0
MILITARY,LIB,UNDESIGNATED,TWO or MORE RACES,NOT HISPANIC or NOT LATINO,0
MILITARY,LIB,UNDESIGNATED,TWO or MORE RACES,UNDESIGNATED,0
MILITARY,LIB,UNDESIGNATED,UNDESIGNATED,HISPANIC or LATINO,0
MILITARY,LIB,UNDESIGNATED,UNDESIGNATED,NOT HISPANIC or NOT LATINO,0
MILITARY,LIB,UNDESIGNATED,UNDESIGNATED,UNDESIGNATED,39
MILITARY,LIB,UNDESIGNATED,WHITE,HISPANIC or LATINO,0
MILITARY,LIB,UNDESIGNATED,WHITE,NOT HISPANIC or NOT LATINO,2
MILITARY,LIB,UNDESIGNATED,WHITE,UNDESIGNATED,0
MILITARY,NLB,FEMALE,ASIAN,HISPANIC or LATINO,0
MILITARY,NLB,FEMALE,ASIAN,NOT HISPANIC or NOT LATINO,0
MILITARY,NLB,FEMALE,ASIAN,UNDESIGNATED,0
MILITARY,NLB,FEMALE,BLACK or AFRICAN AMERICAN,HISPANIC or LATINO,0
MILITARY,NLB,FEMALE,BLACK or AFRICAN AMERICAN,NOT HISPANIC or NOT LATINO,5
MILITARY,NLB,FEMALE,BLACK or AFRICAN AMERICAN,UNDESIGNATED,0
MILITARY,NLB,FEMALE,INDIAN AMERICAN or ALASKA NATIVE,HISPANIC or LATINO,0
MILITARY,NLB,FEMALE,INDIAN AMERICAN or ALASKA NATIVE,NOT HISPANIC or NOT LATINO,0
MILITARY,NLB,FEMALE,INDIAN AMERICAN or ALASKA NATIVE,UNDESIGNATED,1
MILITARY,NLB,FEMALE,NATIVE HAWAIIAN or PACIFIC ISLANDER,HISPANIC or LATINO,0
MILITARY,NLB,FEMALE,NATIVE HAWAIIAN or PACIFIC ISLANDER,NOT HISPANIC or NOT LATINO,0
MILITARY,NLB,FEMALE,NATIVE HAWAIIAN or PACIFIC ISLANDER,UNDESIGNATED,0
MILITARY,NLB,FEMALE,OTHER,HISPANIC or LATINO,1
MILITARY,NLB,FEMALE,OTHER,NOT HISPANIC or NOT LATINO,0
MILITARY,NLB,FEMALE,OTHER,UNDESIGNATED,0
MILITARY,NLB,FEMALE,TWO or MORE RACES,HISPANIC or LATINO,0
MILITARY,NLB,FEMALE,TWO or MORE RACES,NOT HISPANIC or NOT LATINO,0
MILITARY,NLB,FEMALE,TWO or MORE RACES,UNDESIGNATED,0
MILITARY,NLB,FEMALE,UNDESIGNATED,HISPANIC or LATINO,0
MILITARY,NLB,FEMALE,UNDESIGNATED,NOT HISPANIC or NOT LATINO,0
MILITARY,NLB,FEMALE,UNDESIGNATED,UNDESIGNATED,8
MILITARY,NLB,FEMALE,WHITE,HISPANIC or LATINO,0
MILITARY,NLB,FEMALE,WHITE,NOT HISPANIC or NOT LATINO,9
MILITARY,NLB,FEMALE,WHITE,UNDESIGNATED,7
MILITARY,NLB,MALE,ASIAN,HISPANIC or LATINO,0
MILITARY,NLB,MALE,ASIAN,NOT HISPANIC or NOT LATINO,1
MILITARY,NLB,MALE,ASIAN,UNDESIGNATED,0
MILITARY,NLB,MALE,BLACK or AFRICAN AMERICAN,HISPANIC or LATINO,0
MILITARY,NLB,MALE,BLACK or AFRICAN AMERICAN,NOT HISPANIC or NOT LATINO,4
MILITARY,NLB,MALE,BLACK or AFRICAN AMERICAN,UNDESIGNATED,4
MILITARY,NLB,MALE,INDIAN AMERICAN or ALASKA NATIVE,HISPANIC or LATINO,0
MILITARY,NLB,MALE,INDIAN AMERICAN or ALASKA NATIVE,NOT HISPANIC or NOT LATINO,0
MILITARY,NLB,MALE,INDIAN AMERICAN or ALASKA NATIVE,UNDESIGNATED,0
MILITARY,NLB,MALE,NATIVE HAWAIIAN or PACIFIC ISLANDER,HISPANIC or LATINO,0
MILITARY,NLB,MALE,NATIVE HAWAIIAN or PACIFIC ISLANDER,NOT HISPANIC or NOT LATINO,0
MILITARY,NLB,MALE,NATIVE HAWAIIAN or PACIFIC ISLANDER,UNDESIGNATED,0
MILITARY,NLB,MALE,OTHER,HISPANIC or LATINO,2
MILITARY,NLB,MALE,OTHER,NOT HISPANIC or NOT LATINO,1
MILITARY,NLB,MALE,OTHER,UNDESIGNATED,0
MILITARY,NLB,MALE,TWO or MORE RACES,HISPANIC or LATINO,0
MILITARY,NLB,MALE,TWO or MORE RACES,NOT HISPANIC or NOT LATINO,0
MILITARY,NLB,MALE,TWO or MORE RACES,UNDESIGNATED,0
MILITARY,NLB,MALE,UNDESIGNATED,HISPANIC or LATINO,0
MILITARY,NLB,MALE,UNDESIGNATED,NOT HISPANIC or NOT LATINO,1
MILITARY,NLB,MALE,UNDESIGNATED,UNDESIGNATED,9
MILITARY,NLB,MALE,WHITE,HISPANIC or LATINO,0
MILITARY,NLB,MALE,WHITE,NOT HISPANIC or NOT LATINO,14
MILITARY,NLB,MALE,WHITE,UNDESIGNATED,1
MILITARY,NLB,UNDESIGNATED,ASIAN,HISPANIC or LATINO,0
MILITARY,NLB,UNDESIGNATED,ASIAN,NOT HISPANIC or NOT LATINO,0
MILITARY,NLB,UNDESIGNATED,ASIAN,UNDESIGNATED,0
MILITARY,NLB,UNDESIGNATED,BLACK or AFRICAN AMERICAN,HISPANIC or LATINO,0
MILITARY,NLB,UNDESIGNATED,BLACK or AFRICAN AMERICAN,NOT HISPANIC or NOT LATINO,0
MILITARY,NLB,UNDESIGNATED,BLACK or AFRICAN AMERICAN,UNDESIGNATED,0
MILITARY,NLB,UNDESIGNATED,INDIAN AMERICAN or ALASKA NATIVE,HISPANIC or LATINO,0
MILITARY,NLB,UNDESIGNATED,INDIAN AMERICAN or ALASKA NATIVE,NOT HISPANIC or NOT LATINO,0
MILITARY,NLB,UNDESIGNATED,INDIAN AMERICAN or ALASKA NATIVE,UNDESIGNATED,0
MILITARY,NLB,UNDESIGNATED,NATIVE HAWAIIAN or PACIFIC ISLANDER,HISPANIC or LATINO,0
MILITARY,NLB,UNDESIGNATED,NATIVE HAWAIIAN or PACIFIC ISLANDER,NOT HISPANIC or NOT LATINO,0
MILITARY,NLB,UNDESIGNATED,NATIVE HAWAIIAN or PACIFIC ISLANDER,UNDESIGNATED,0
MILITARY,NLB,UNDESIGNATED,OTHER,HISPANIC or LATINO,0
MILITARY,NLB,UNDESIGNATED,OTHER,NOT HISPANIC or NOT LATINO,0
MILITARY,NLB,UNDESIGNATED,OTHER,UNDESIGNATED,0
MILITARY,NLB,UNDESIGNATED,TWO or MORE RACES,HISPANIC or LATINO,0
MILITARY,NLB,UNDESIGNATED,TWO or MORE RACES,NOT HISPANIC or NOT LATINO,0
MILITARY,NLB,UNDESIGNATED,TWO or MORE RACES,UNDESIGNATED,0
MILITARY,NLB,UNDESIGNATED,UNDESIGNATED,HISPANIC or LATINO,0
MILITARY,NLB,UNDESIGNATED,UNDESIGNATED,NOT HISPANIC or NOT LATINO,0
MILITARY,NLB,UNDESIGNATED,UNDESIGNATED,UNDESIGNATED,38
MILITARY,NLB,UNDESIGNATED,WHITE,HISPANIC or LATINO,0
MILITARY,NLB,UNDESIGNATED,WHITE,NOT HISPANIC or NOT LATINO,0
MILITARY,NLB,UNDESIGNATED,WHITE,UNDESIGNATED,0
MILITARY,REP,FEMALE,ASIAN,HISPANIC or LATINO,0
MILITARY,REP,FEMALE,ASIAN,NOT HISPANIC or NOT LATINO,15
MILITARY,REP,FEMALE,ASIAN,UNDESIGNATED,3
MILITARY,REP,FEMALE,BLACK or AFRICAN AMERICAN,HISPANIC or LATINO,0
MILITARY,REP,FEMALE,BLACK or AFRICAN AMERICAN,NOT HISPANIC or NOT LATINO,12
MILITARY,REP,FEMALE,BLACK or AFRICAN AMERICAN,UNDESIGNATED,3
MILITARY,REP,FEMALE,INDIAN AMERICAN or ALASKA NATIVE,HISPANIC or LATINO,0
MILITARY,REP,FEMALE,INDIAN AMERICAN or ALASKA NATIVE,NOT HISPANIC or NOT LATINO,3
MILITARY,REP,FEMALE,INDIAN AMERICAN or ALASKA NATIVE,UNDESIGNATED,3
MILITARY,REP,FEMALE,NATIVE HAWAIIAN or PACIFIC ISLANDER,HISPANIC or LATINO,0
MILITARY,REP,FEMALE,NATIVE HAWAIIAN or PACIFIC ISLANDER,NOT HISPANIC or NOT LATINO,0
MILITARY,REP,FEMALE,NATIVE HAWAIIAN or PACIFIC ISLANDER,UNDESIGNATED,0
MILITARY,REP,FEMALE,OTHER,HISPANIC or LATINO,23
MILITARY,REP,FEMALE,OTHER,NOT HISPANIC or NOT LATINO,6
MILITARY,REP,FEMALE,OTHER,UNDESIGNATED,14
MILITARY,REP,FEMALE,TWO or MORE RACES,HISPANIC or LATINO,0
MILITARY,REP,FEMALE,TWO or MORE RACES,NOT HISPANIC or NOT LATINO,6
MILITARY,REP,FEMALE,TWO or MORE RACES,UNDESIGNATED,1
MILITARY,REP,FEMALE,UNDESIGNATED,HISPANIC or LATINO,8
MILITARY,REP,FEMALE,UNDESIGNATED,NOT HISPANIC or NOT LATINO,6
MILITARY,REP,FEMALE,UNDESIGNATED,UNDESIGNATED,143
MILITARY,REP,FEMALE,WHITE,HISPANIC or LATINO,21
MILITARY,REP,FEMALE,WHITE,NOT HISPANIC or NOT LATINO,583
MILITARY,REP,FEMALE,WHITE,UNDESIGNATED,214
MILITARY,REP,MALE,ASIAN,HISPANIC or LATINO,1
MILITARY,REP,MALE,ASIAN,NOT HISPANIC or NOT LATINO,19
MILITARY,REP,MALE,ASIAN,UNDESIGNATED,11
MILITARY,REP,MALE,BLACK or AFRICAN AMERICAN,HISPANIC or LATINO,0
MILITARY,REP,MALE,BLACK or AFRICAN AMERICAN,NOT HISPANIC or NOT LATINO,22
MILITARY,REP,MALE,BLACK or AFRICAN AMERICAN,UNDESIGNATED,15
MILITARY,REP,MALE,INDIAN AMERICAN or ALASKA NATIVE,HISPANIC or LATINO,0
MILITARY,REP,MALE,INDIAN AMERICAN or ALASKA NATIVE,NOT HISPANIC or NOT LATINO,6
MILITARY,REP,MALE,INDIAN AMERICAN or ALASKA NATIVE,UNDESIGNATED,3
MILITARY,REP,MALE,NATIVE HAWAIIAN or PACIFIC ISLANDER,HISPANIC or LATINO,0
MILITARY,REP,MALE,NATIVE HAWAIIAN or PACIFIC ISLANDER,NOT HISPANIC or NOT LATINO,0
MILITARY,REP,MALE,NATIVE HAWAIIAN or PACIFIC ISLANDER,UNDESIGNATED,0
MILITARY,REP,MALE,OTHER,HISPANIC or LATINO,53
MILITARY,REP,MALE,OTHER,NOT HISPANIC or NOT LATINO,13
MILITARY,REP,MALE,OTHER,UNDESIGNATED,8
MILITARY,REP,MALE,TWO or MORE RACES,HISPANIC or LATINO,1
MILITARY,REP,MALE,TWO or MORE RACES,NOT HISPANIC or NOT LATINO,7
MILITARY,REP,MALE,TWO or MORE RACES,UNDESIGNATED,2
MILITARY,REP,MALE,UNDESIGNATED,HISPANIC or LATINO,11
MILITARY,REP,MALE,UNDESIGNATED,NOT HISPANIC or NOT LATINO,5
MILITARY,REP,MALE,UNDESIGNATED,UNDESIGNATED,239
MILITARY,REP,MALE,WHITE,HISPANIC or LATINO,30
MILITARY,REP,MALE,WHITE,NOT HISPANIC or NOT LATINO,1087
MILITARY,REP,MALE,WHITE,UNDESIGNATED,423
MILITARY,REP,UNDESIGNATED,ASIAN,HISPANIC or LATINO,0
MILITARY,REP,UNDESIGNATED,ASIAN,NOT HISPANIC or NOT LATINO,1
MILITARY,REP,UNDESIGNATED,ASIAN,UNDESIGNATED,1
MILITARY,REP,UNDESIGNATED,BLACK or AFRICAN AMERICAN,HISPANIC or LATINO,0
MILITARY,REP,UNDESIGNATED,BLACK or AFRICAN AMERICAN,NOT HISPANIC or NOT LATINO,4
MILITARY,REP,UNDESIGNATED,BLACK or AFRICAN AMERICAN,UNDESIGNATED,1
MILITARY,REP,UNDESIGNATED,INDIAN AMERICAN or ALASKA NATIVE,HISPANIC or LATINO,0
MILITARY,REP,UNDESIGNATED,INDIAN AMERICAN or ALASKA NATIVE,NOT HISPANIC or NOT LATINO,0
MILITARY,REP,UNDESIGNATED,INDIAN AMERICAN or ALASKA NATIVE,UNDESIGNATED,1
MILITARY,REP,UNDESIGNATED,NATIVE HAWAIIAN or PACIFIC ISLANDER,HISPANIC or LATINO,0
MILITARY,REP,UNDESIGNATED,NATIVE HAWAIIAN or PACIFIC ISLANDER,NOT HISPANIC or NOT LATINO,0
MILITARY,REP,UNDESIGNATED,NATIVE HAWAIIAN or PACIFIC ISLANDER,UNDESIGNATED,0
MILITARY,REP,UNDESIGNATED,OTHER,HISPANIC or LATINO,0
MILITARY,REP,UNDESIGNATED,OTHER,NOT HISPANIC or NOT LATINO,1
MILITARY,REP,UNDESIGNATED,OTHER,UNDESIGNATED,0
MILITARY,REP,UNDESIGNATED,TWO or MORE RACES,HISPANIC or LATINO,0
MILITARY,REP,UNDESIGNATED,TWO or MORE RACES,NOT HISPANIC or NOT LATINO,0
MILITARY,REP,UNDESIGNATED,TWO or MORE RACES,UNDESIGNATED,0
MILITARY,REP,UNDESIGNATED,UNDESIGNATED,HISPANIC or LATINO,0
MILITARY,REP,UNDESIGNATED,UNDESIGNATED,NOT HISPANIC or NOT LATINO,1
MILITARY,REP,UNDESIGNATED,UNDESIGNATED,UNDESIGNATED,919
MILITARY,REP,UNDESIGNATED,WHITE,HISPANIC or LATINO,0
MILITARY,REP,UNDESIGNATED,WHITE,NOT HISPANIC or NOT LATINO,61
MILITARY,REP,UNDESIGNATED,WHITE,UNDESIGNATED,18
MILITARY,UNA,FEMALE,ASIAN,HISPANIC or LATINO,0
MILITARY,UNA,FEMALE,ASIAN,NOT HISPANIC or NOT LATINO,14
MILITARY,UNA,FEMALE,ASIAN,UNDESIGNATED,11
MILITARY,UNA,FEMALE,BLACK or AFRICAN AMERICAN,HISPANIC or LATINO,3
MILITARY,UNA,FEMALE,BLACK or AFRICAN AMERICAN,NOT HISPANIC or NOT LATINO,137
MILITARY,UNA,FEMALE,BLACK or AFRICAN AMERICAN,UNDESIGNATED,50
MILITARY,UNA,FEMALE,INDIAN AMERICAN or ALASKA NATIVE,HISPANIC or LATINO,0
MILITARY,UNA,FEMALE,INDIAN AMERICAN or ALASKA NATIVE,NOT HISPANIC or NOT LATINO,3
MILITARY,UNA,FEMALE,INDIAN AMERICAN or ALASKA NATIVE,UNDESIGNATED,1
MILITARY,UNA,FEMALE,NATIVE HAWAIIAN or PACIFIC ISLANDER,HISPANIC or LATINO,0
MILITARY,UNA,FEMALE,NATIVE HAWAIIAN or PACIFIC ISLANDER,NOT HISPANIC or NOT LATINO,0
MILITARY,UNA,FEMALE,NATIVE HAWAIIAN or PACIFIC ISLANDER,UNDESIGNATED,0
MILITARY,UNA,FEMALE,OTHER,HISPANIC or LATINO,43
MILITARY,UNA,FEMALE,OTHER,NOT HISPANIC or NOT LATINO,22
MILITARY,UNA,FEMALE,OTHER,UNDESIGNATED,17
MILITARY,UNA,FEMALE,TWO or MORE RACES,HISPANIC or LATINO,6
MILITARY,UNA,FEMALE,TWO or MORE RACES,NOT HISPANIC or NOT LATINO,9
MILITARY,UNA,FEMALE,TWO or MORE RACES,UNDESIGNATED,5
MILITARY,UNA,FEMALE,UNDESIGNATED,HISPANIC or LATINO,8
MILITARY,UNA,FEMALE,UNDESIGNATED,NOT HISPANIC or NOT LATINO,6
MILITARY,UNA,FEMALE,UNDESIGNATED,UNDESIGNATED,141
MILITARY,UNA,FEMALE,WHITE,HISPANIC or LATINO,20
MILITARY,UNA,FEMALE,WHITE,NOT HISPANIC or NOT LATINO,599
MILITARY,UNA,FEMALE,WHITE,UNDESIGNATED,221
MILITARY,UNA,MALE,ASIAN,HISPANIC or LATINO,1
MILITARY,UNA,MALE,ASIAN,NOT HISPANIC or NOT LATINO,23
MILITARY,UNA,MALE,ASIAN,UNDESIGNATED,7
MILITARY,UNA,MALE,BLACK or AFRICAN AMERICAN,HISPANIC or LATINO,5
MILITARY,UNA,MALE,BLACK or AFRICAN AMERICAN,NOT HISPANIC or NOT LATINO,137
MILITARY,UNA,MALE,BLACK or AFRICAN AMERICAN,UNDESIGNATED,65
MILITARY,UNA,MALE,INDIAN AMERICAN or ALASKA NATIVE,HISPANIC or LATINO,2
MILITARY,UNA,MALE,INDIAN AMERICAN or ALASKA NATIVE,NOT HISPANIC or NOT LATINO,5
MILITARY,UNA,MALE,INDIAN AMERICAN or ALASKA NATIVE,UNDESIGNATED,0
MILITARY,UNA,MALE,NATIVE HAWAIIAN or PACIFIC ISLANDER,HISPANIC or LATINO,0
MILITARY,UNA,MALE,NATIVE HAWAIIAN or PACIFIC ISLANDER,NOT HISPANIC or NOT LATINO,0
MILITARY,UNA,MALE,NATIVE HAWAIIAN or PACIFIC ISLANDER,UNDESIGNATED,1
MILITARY,UNA,MALE,OTHER,HISPANIC or LATINO,56
MILITARY,UNA,MALE,OTHER,NOT HISPANIC or NOT LATINO,28
MILITARY,UNA,MALE,OTHER,UNDESIGNATED,13
MILITARY,UNA,MALE,TWO or MORE RACES,HISPANIC or LATINO,7
MILITARY,UNA,MALE,TWO or MORE RACES,NOT HISPANIC or NOT LATINO,7
MILITARY,UNA,MALE,TWO or MORE RACES,UNDESIGNATED,3
MILITARY,UNA,MALE,UNDESIGNATED,HISPANIC or LATINO,10
MILITARY,UNA,MALE,UNDESIGNATED,NOT HISPANIC or NOT LATINO,10
MILITARY,UNA,MALE,UNDESIGNATED,UNDESIGNATED,266
MILITARY,UNA,MALE,WHITE,HISPANIC or LATINO,23
MILITARY,UNA,MALE,WHITE,NOT HISPANIC or NOT LATINO,808
MILITARY,UNA,MALE,WHITE,UNDESIGNATED,314
MILITARY,UNA,UNDESIGNATED,ASIAN,HISPANIC or LATINO,0
MILITARY,UNA,UNDESIGNATED,ASIAN,NOT HISPANIC or NOT LATINO,1
MILITARY,UNA,UNDESIGNATED,ASIAN,UNDESIGNATED,0
MILITARY,UNA,UNDESIGNATED,BLACK or AFRICAN AMERICAN,HISPANIC or LATINO,0
MILITARY,UNA,UNDESIGNATED,BLACK or AFRICAN AMERICAN,NOT HISPANIC or NOT LATINO,7
MILITARY,UNA,UNDESIGNATED,BLACK or AFRICAN AMERICAN,UNDESIGNATED,4
MILITARY,UNA,UNDESIGNATED,INDIAN AMERICAN or ALASKA NATIVE,HISPANIC or LATINO,0
MILITARY,UNA,UNDESIGNATED,INDIAN AMERICAN or ALASKA NATIVE,NOT HISPANIC or NOT LATINO,2
MILITARY,UNA,UNDESIGNATED,INDIAN AMERICAN or ALASKA NATIVE,UNDESIGNATED,0
MILITARY,UNA,UNDESIGNATED,NATIVE HAWAIIAN or PACIFIC ISLANDER,HISPANIC or LATINO,0
MILITARY,UNA,UNDESIGNATED,NATIVE HAWAIIAN or PACIFIC ISLANDER,NOT HISPANIC or NOT LATINO,0
MILITARY,UNA,UNDESIGNATED,NATIVE HAWAIIAN or PACIFIC ISLANDER,UNDESIGNATED,0
MILITARY,UNA,UNDESIGNATED,OTHER,HISPANIC or LATINO,0
MILITARY,UNA,UNDESIGNATED,OTHER,NOT HISPANIC or NOT LATINO,3
MILITARY,UNA,UNDESIGNATED,OTHER,UNDESIGNATED,0
MILITARY,UNA,UNDESIGNATED,TWO or MORE RACES,HISPANIC or LATINO,0
MILITARY,UNA,UNDESIGNATED,TWO or MORE RACES,NOT HISPANIC or NOT LATINO,0
MILITARY,UNA,UNDESIGNATED,TWO or MORE RACES,UNDESIGNATED,1
MILITARY,UNA,UNDESIGNATED,UNDESIGNATED,HISPANIC or LATINO,2
MILITARY,UNA,UNDESIGNATED,UNDESIGNATED,NOT HISPANIC or NOT LATINO,6
MILITARY,UNA,UNDESIGNATED,UNDESIGNATED,UNDESIGNATED,798
MILITARY,UNA,UNDESIGNATED,WHITE,HISPANIC or LATINO,0
MILITARY,UNA,UNDESIGNATED,WHITE,NOT HISPANIC or NOT LATINO,47
MILITARY,UNA,UNDESIGNATED,WHITE,UNDESIGNATED,9
MILITARY,WTP,FEMALE,ASIAN,HISPANIC or LATINO,0
MILITARY,WTP,FEMALE,ASIAN,NOT HISPANIC or NOT LATINO,0
MILITARY,WTP,FEMALE,ASIAN,UNDESIGNATED,0
MILITARY,WTP,FEMALE,BLACK or AFRICAN AMERICAN,HISPANIC or LATINO,0
MILITARY,WTP,FEMALE,BLACK or AFRICAN AMERICAN,NOT HISPANIC or NOT LATINO,0
MILITARY,WTP,FEMALE,BLACK or AFRICAN AMERICAN,UNDESIGNATED,0
MILITARY,WTP,FEMALE,INDIAN AMERICAN or ALASKA NATIVE,HISPANIC or LATINO,0
MILITARY,WTP,FEMALE,INDIAN AMERICAN or ALASKA NATIVE,NOT HISPANIC or NOT LATINO,0
MILITARY,WTP,FEMALE,INDIAN AMERICAN or ALASKA NATIVE,UNDESIGNATED,0
MILITARY,WTP,FEMALE,NATIVE HAWAIIAN or PACIFIC ISLANDER,HISPANIC or LATINO,0
MILITARY,WTP,FEMALE,NATIVE HAWAIIAN or PACIFIC ISLANDER,NOT HISPANIC or NOT LATINO,0
MILITARY,WTP,FEMALE,NATIVE HAWAIIAN or PACIFIC ISLANDER,UNDESIGNATED,0
MILITARY,WTP,FEMALE,OTHER,HISPANIC or LATINO,0
MILITARY,WTP,FEMALE,OTHER,NOT HISPANIC or NOT LATINO,0
MILITARY,WTP,FEMALE,OTHER,UNDESIGNATED,0
MILITARY,WTP,FEMALE,TWO or MORE RACES,HISPANIC or LATINO,0
MILITARY,WTP,FEMALE,TWO or MORE RACES,NOT HISPANIC or NOT LATINO,0
MILITARY,WTP,FEMALE,TWO or MORE RACES,UNDESIGNATED,0
MILITARY,WTP,FEMALE,UNDESIGNATED,HISPANIC or LATINO,0
MILITARY,WTP,FEMALE,UNDESIGNATED,NOT HISPANIC or NOT LATINO,0
MILITARY,WTP,FEMALE,UNDESIGNATED,UNDESIGNATED,0
MILITARY,WTP,FEMALE,WHITE,HISPANIC or LATINO,0
MILITARY,WTP,FEMALE,WHITE,NOT HISPANIC or NOT LATINO,0
MILITARY,WTP,FEMALE,WHITE,UNDESIGNATED,0
MILITARY,WTP,MALE,ASIAN,HISPANIC or LATINO,0
MILITARY,WTP,MALE,ASIAN,NOT HISPANIC or NOT LATINO,0
MILITARY,WTP,MALE,ASIAN,UNDESIGNATED,0
MILITARY,WTP,MALE,BLACK or AFRICAN AMERICAN,HISPANIC or LATINO,0
MILITARY,WTP,MALE,BLACK or AFRICAN AMERICAN,NOT HISPANIC or NOT LATINO,0
MILITARY,WTP,MALE,BLACK or AFRICAN AMERICAN,UNDESIGNATED,0
MILITARY,WTP,MALE,INDIAN AMERICAN or ALASKA NATIVE,HISPANIC or LATINO,0
MILITARY,WTP,MALE,INDIAN AMERICAN or ALASKA NATIVE,NOT HISPANIC or NOT LATINO,0
MILITARY,WTP,MALE,INDIAN AMERICAN or ALASKA NATIVE,UNDESIGNATED,0
MILITARY,WTP,MALE,NATIVE HAWAIIAN or PACIFIC ISLANDER,HISPANIC or LATINO,0
MILITARY,WTP,MALE,NATIVE HAWAIIAN or PACIFIC ISLANDER,NOT HISPANIC or NOT LATINO,0
MILITARY,WTP,MALE,NATIVE HAWAIIAN or PACIFIC ISLANDER,UNDESIGNATED,0
MILITARY,WTP,MALE,OTHER,HISPANIC or LATINO,0
MILITARY,WTP,MALE,OTHER,NOT HISPANIC or NOT LATINO,0
MILITARY,WTP,MALE,OTHER,UNDESIGNATED,0
MILITARY,WTP,MALE,TWO or MORE RACES,HISPANIC or LATINO,0
MILITARY,WTP,MALE,TWO or MORE RACES,NOT HISPANIC or NOT LATINO,0
MILITARY,WTP,MALE,TWO or MORE RACES,UNDESIGNATED,0
MILITARY,WTP,MALE,UNDESIGNATED,HISPANIC or LATINO,0
MILITARY,WTP,MALE,UNDESIGNATED,NOT HISPANIC or NOT LATINO,0
MILITARY,WTP,MALE,UNDESIGNATED,UNDESIGNATED,0
MILITARY,WTP,MALE,WHITE,HISPANIC or LATINO,0
MILITARY,WTP,MALE,WHITE,NOT HISPANIC or NOT LATINO,0
MILITARY,WTP,MALE,WHITE,UNDESIGNATED,1
MILITARY,WTP,UNDESIGNATED,ASIAN,HISPANIC or LATINO,0
MILITARY,WTP,UNDESIGNATED,ASIAN,NOT HISPANIC or NOT LATINO,0
MILITARY,WTP,UNDESIGNATED,ASIAN,UNDESIGNATED,0
MILITARY,WTP,UNDESIGNATED,BLACK or AFRICAN AMERICAN,HISPANIC or LATINO,0
MILITARY,WTP,UNDESIGNATED,BLACK or AFRICAN AMERICAN,NOT HISPANIC or NOT LATINO,0
MILITARY,WTP,UNDESIGNATED,BLACK or AFRICAN AMERICAN,UNDESIGNATED,0
MILITARY,WTP,UNDESIGNATED,INDIAN AMERICAN or ALASKA NATIVE,HISPANIC or LATINO,0
MILITARY,WTP,UNDESIGNATED,INDIAN AMERICAN or ALASKA NATIVE,NOT HISPANIC or NOT LATINO,0
MILITARY,WTP,UNDESIGNATED,INDIAN AMERICAN or ALASKA NATIVE,UNDESIGNATED,0
MILITARY,WTP,UNDESIGNATED,NATIVE HAWAIIAN or PACIFIC ISLANDER,HISPANIC or LATINO,0
MILITARY,WTP,UNDESIGNATED,NATIVE HAWAIIAN or PACIFIC ISLANDER,NOT HISPANIC or NOT LATINO,0
MILITARY,WTP,UNDESIGNATED,NATIVE HAWAIIAN or PACIFIC ISLANDER,UNDESIGNATED,0
MILITARY,WTP,UNDESIGNATED,OTHER,HISPANIC or LATINO,0
MILITARY,WTP,UNDESIGNATED,OTHER,NOT HISPANIC or NOT LATINO,0
MILITARY,WTP,UNDESIGNATED,OTHER,UNDESIGNATED,0
MILITARY,WTP,UNDESIGNATED,TWO or MORE RACES,HISPANIC or LATINO,0
MILITARY,WTP,UNDESIGNATED,TWO or MORE RACES,NOT HISPANIC or NOT LATINO,0
MILITARY,WTP,UNDESIGNATED,TWO or MORE RACES,UNDESIGNATED,0
MILITARY,WTP,UNDESIGNATED,UNDESIGNATED,HISPANIC or LATINO,0
MILITARY,WTP,UNDESIGNATED,UNDESIGNATED,NOT HISPANIC or NOT LATINO,0
MILITARY,WTP,UNDESIGNATED,UNDESIGNATED,UNDESIGNATED,0
MILITARY,WTP,UNDESIGNATED,WHITE,HISPANIC or LATINO,0
MILITARY,WTP,UNDESIGNATED,WHITE,NOT HISPANIC or NOT LATINO,0
MILITARY,WTP,UNDESIGNATED,WHITE,UNDESIGNATED,0
ONE-STOP,CST,FEMALE,ASIAN,HISPANIC or LATINO,0
ONE-STOP,CST,FEMALE,ASIAN,NOT HISPANIC or NOT LATINO,0
ONE-STOP,CST,FEMALE,ASIAN,UNDESIGNATED,0
ONE-STOP,CST,FEMALE,BLACK or AFRICAN AMERICAN,HISPANIC or LATINO,0
ONE-STOP,CST,FEMALE,BLACK or AFRICAN AMERICAN,NOT HISPANIC or NOT LATINO,0
ONE-STOP,CST,FEMALE,BLACK or AFRICAN AMERICAN,UNDESIGNATED,0
ONE-STOP,CST,FEMALE,INDIAN AMERICAN or ALASKA NATIVE,HISPANIC or LATINO,0
ONE-STOP,CST,FEMALE,INDIAN AMERICAN or ALASKA NATIVE,NOT HISPANIC or NOT LATINO,0
ONE-STOP,CST,FEMALE,INDIAN AMERICAN or ALASKA NATIVE,UNDESIGNATED,0
ONE-STOP,CST,FEMALE,NATIVE HAWAIIAN or PACIFIC ISLANDER,HISPANIC or LATINO,0
ONE-STOP,CST,FEMALE,NATIVE HAWAIIAN or PACIFIC ISLANDER,NOT HISPANIC or NOT LATINO,0
ONE-STOP,CST,FEMALE,NATIVE HAWAIIAN or PACIFIC ISLANDER,UNDESIGNATED,0
ONE-STOP,CST,FEMALE,OTHER,HISPANIC or LATINO,0
ONE-STOP,CST,FEMALE,OTHER,NOT HISPANIC or NOT LATINO,0
ONE-STOP,CST,FEMALE,OTHER,UNDESIGNATED,0
ONE-STOP,CST,FEMALE,TWO or MORE RACES,HISPANIC or LATINO,0
ONE-STOP,CST,FEMALE,TWO or MORE RACES,NOT HISPANIC or NOT LATINO,0
ONE-STOP,CST,FEMALE,TWO or MORE RACES,UNDESIGNATED,0
ONE-STOP,CST,FEMALE,UNDESIGNATED,HISPANIC or LATINO,0
ONE-STOP,CST,FEMALE,UNDESIGNATED,NOT HISPANIC or NOT LATINO,0
ONE-STOP,CST,FEMALE,UNDESIGNATED,UNDESIGNATED,0
ONE-STOP,CST,FEMALE,WHITE,HISPANIC or LATINO,0
ONE-STOP,CST,FEMALE,WHITE,NOT HISPANIC or NOT LATINO,0
ONE-STOP,CST,FEMALE,WHITE,UNDESIGNATED,0
ONE-STOP,CST,MALE,ASIAN,HISPANIC or LATINO,0
ONE-STOP,CST,MALE,ASIAN,NOT HISPANIC or NOT LATINO,0
ONE-STOP,CST,MALE,ASIAN,UNDESIGNATED,0
ONE-STOP,CST,MALE,BLACK or AFRICAN AMERICAN,HISPANIC or LATINO,0
ONE-STOP,CST,MALE,BLACK or AFRICAN AMERICAN,NOT HISPANIC or NOT LATINO,0
ONE-STOP,CST,MALE,BLACK or AFRICAN AMERICAN,UNDESIGNATED,0
ONE-STOP,CST,MALE,INDIAN AMERICAN or ALASKA NATIVE,HISPANIC or LATINO,0
ONE-STOP,CST,MALE,INDIAN AMERICAN or ALASKA NATIVE,NOT HISPANIC or NOT LATINO,0
ONE-STOP,CST,MALE,INDIAN AMERICAN or ALASKA NATIVE,UNDESIGNATED,0
ONE-STOP,CST,MALE,NATIVE HAWAIIAN or PACIFIC ISLANDER,HISPANIC or LATINO,0
ONE-STOP,CST,MALE,NATIVE HAWAIIAN or PACIFIC ISLANDER,NOT HISPANIC or NOT LATINO,0
ONE-STOP,CST,MALE,NATIVE HAWAIIAN or PACIFIC ISLANDER,UNDESIGNATED,0
ONE-STOP,CST,MALE,OTHER,HISPANIC or LATINO,0
ONE-STOP,CST,MALE,OTHER,NOT HISPANIC or NOT LATINO,0
ONE-STOP,CST,MALE,OTHER,UNDESIGNATED,0
ONE-STOP,CST,MALE,TWO or MORE RACES,HISPANIC or LATINO,0
ONE-STOP,CST,MALE,TWO or MORE RACES,NOT HISPANIC or NOT LATINO,0
ONE-STOP,CST,MALE,TWO or MORE RACES,UNDESIGNATED,0
ONE-STOP,CST,MALE,UNDESIGNATED,HISPANIC or LATINO,0
ONE-STOP,CST,MALE,UNDESIGNATED,NOT HISPANIC or NOT LATINO,0
ONE-STOP,CST,MALE,UNDESIGNATED,UNDESIGNATED,0
ONE-STOP,CST,MALE,WHITE,HISPANIC or LATINO,0
ONE-STOP,CST,MALE,WHITE,NOT HISPANIC or NOT LATINO,0
ONE-STOP,CST,MALE,WHITE,UNDESIGNATED,0
ONE-STOP,CST,UNDESIGNATED,ASIAN,HISPANIC or LATINO,0
ONE-STOP,CST,UNDESIGNATED,ASIAN,NOT HISPANIC or NOT LATINO,0
ONE-STOP,CST,UNDESIGNATED,ASIAN,UNDESIGNATED,0
ONE-STOP,CST,UNDESIGNATED,BLACK or AFRICAN AMERICAN,HISPANIC or LATINO,0
ONE-STOP,CST,UNDESIGNATED,BLACK or AFRICAN AMERICAN,NOT HISPANIC or NOT LATINO,0
ONE-STOP,CST,UNDESIGNATED,BLACK or AFRICAN AMERICAN,UNDESIGNATED,0
ONE-STOP,CST,UNDESIGNATED,INDIAN AMERICAN or ALASKA NATIVE,HISPANIC or LATINO,0
ONE-STOP,CST,UNDESIGNATED,INDIAN AMERICAN or ALASKA NATIVE,NOT HISPANIC or NOT LATINO,0
ONE-STOP,CST,UNDESIGNATED,INDIAN AMERICAN or ALASKA NATIVE,UNDESIGNATED,0
ONE-STOP,CST,UNDESIGNATED,NATIVE HAWAIIAN or PACIFIC ISLANDER,HISPANIC or LATINO,0
ONE-STOP,CST,UNDESIGNATED,NATIVE HAWAIIAN or PACIFIC ISLANDER,NOT HISPANIC or NOT LATINO,0
ONE-STOP,CST,UNDESIGNATED,NATIVE HAWAIIAN or PACIFIC ISLANDER,UNDESIGNATED,0
ONE-STOP,CST,UNDESIGNATED,OTHER,HISPANIC or LATINO,0
ONE-STOP,CST,UNDESIGNATED,OTHER,NOT HISPANIC or NOT LATINO,0
ONE-STOP,CST,UNDESIGNATED,OTHER,UNDESIGNATED,0
ONE-STOP,CST,UNDESIGNATED,TWO or MORE RACES,HISPANIC or LATINO,0
ONE-STOP,CST,UNDESIGNATED,TWO or MORE RACES,NOT HISPANIC or NOT LATINO,0
ONE-STOP,CST,UNDESIGNATED,TWO or MORE RACES,UNDESIGNATED,0
ONE-STOP,CST,UNDESIGNATED,UNDESIGNATED,HISPANIC or LATINO,0
ONE-STOP,CST,UNDESIGNATED,UNDESIGNATED,NOT HISPANIC or NOT LATINO,0
ONE-STOP,CST,UNDESIGNATED,UNDESIGNATED,UNDESIGNATED,0
ONE-STOP,CST,UNDESIGNATED,WHITE,HISPANIC or LATINO,0
ONE-STOP,CST,UNDESIGNATED,WHITE,NOT HISPANIC or NOT LATINO,0
ONE-STOP,CST,UNDESIGNATED,WHITE,UNDESIGNATED,0
ONE-STOP,DEM,FEMALE,ASIAN,HISPANIC or LATINO,0
ONE-STOP,DEM,FEMALE,ASIAN,NOT HISPANIC or NOT LATINO,0
ONE-STOP,DEM,FEMALE,ASIAN,UNDESIGNATED,0
ONE-STOP,DEM,FEMALE,BLACK or AFRICAN AMERICAN,HISPANIC or LATINO,0
ONE-STOP,DEM,FEMALE,BLACK or AFRICAN AMERICAN,NOT HISPANIC or NOT LATINO,0
ONE-STOP,DEM,FEMALE,BLACK or AFRICAN AMERICAN,UNDESIGNATED,0
ONE-STOP,DEM,FEMALE,INDIAN AMERICAN or ALASKA NATIVE,HISPANIC or LATINO,0
ONE-STOP,DEM,FEMALE,INDIAN AMERICAN or ALASKA NATIVE,NOT HISPANIC or NOT LATINO,0
ONE-STOP,DEM,FEMALE,INDIAN AMERICAN or ALASKA NATIVE,UNDESIGNATED,0
ONE-STOP,DEM,FEMALE,NATIVE HAWAIIAN or PACIFIC ISLANDER,HISPANIC or LATINO,0
ONE-STOP,DEM,FEMALE,NATIVE HAWAIIAN or PACIFIC ISLANDER,NOT HISPANIC or NOT LATINO,0
ONE-STOP,DEM,FEMALE,NATIVE HAWAIIAN or PACIFIC ISLANDER,UNDESIGNATED,0
ONE-STOP,DEM,FEMALE,OTHER,HISPANIC or LATINO,0
ONE-STOP,DEM,FEMALE,OTHER,NOT HISPANIC or NOT LATINO,0
ONE-STOP,DEM,FEMALE,OTHER,UNDESIGNATED,0
ONE-STOP,DEM,FEMALE,TWO or MORE RACES,HISPANIC or LATINO,0
ONE-STOP,DEM,FEMALE,TWO or MORE RACES,NOT HISPANIC or NOT LATINO,0
ONE-STOP,DEM,FEMALE,TWO or MORE RACES,UNDESIGNATED,0
ONE-STOP,DEM,FEMALE,UNDESIGNATED,HISPANIC or LATINO,0
ONE-STOP,DEM,FEMALE,UNDESIGNATED,NOT HISPANIC or NOT LATINO,0
ONE-STOP,DEM,FEMALE,UNDESIGNATED,UNDESIGNATED,0
ONE-STOP,DEM,FEMALE,WHITE,HISPANIC or LATINO,0
ONE-STOP,DEM,FEMALE,WHITE,NOT HISPANIC or NOT LATINO,0
ONE-STOP,DEM,FEMALE,WHITE,UNDESIGNATED,0
ONE-STOP,DEM,MALE,ASIAN,HISPANIC or LATINO,0
ONE-STOP,DEM,MALE,ASIAN,NOT HISPANIC or NOT LATINO,0
ONE-STOP,DEM,MALE,ASIAN,UNDESIGNATED,0
ONE-STOP,DEM,MALE,BLACK or AFRICAN AMERICAN,HISPANIC or LATINO,0
ONE-STOP,DEM,MALE,BLACK or AFRICAN AMERICAN,NOT HISPANIC or NOT LATINO,0
ONE-STOP,DEM,MALE,BLACK or AFRICAN AMERICAN,UNDESIGNATED,0
ONE-STOP,DEM,MALE,INDIAN AMERICAN or ALASKA NATIVE,HISPANIC or LATINO,0
ONE-STOP,DEM,MALE,INDIAN AMERICAN or ALASKA NATIVE,NOT HISPANIC or NOT LATINO,0
ONE-STOP,DEM,MALE,INDIAN AMERICAN or ALASKA NATIVE,UNDESIGNATED,0
ONE-STOP,DEM,MALE,NATIVE HAWAIIAN or PACIFIC ISLANDER,HISPANIC or LATINO,0
ONE-STOP,DEM,MALE,NATIVE HAWAIIAN or PACIFIC ISLANDER,NOT HISPANIC or NOT LATINO,0
ONE-STOP,DEM,MALE,NATIVE HAWAIIAN or PACIFIC ISLANDER,UNDESIGNATED,0
ONE-STOP,DEM,MALE,OTHER,HISPANIC or LATINO,0
ONE-STOP,DEM,MALE,OTHER,NOT HISPANIC or NOT LATINO,0
ONE-STOP,DEM,MALE,OTHER,UNDESIGNATED,0
ONE-STOP,DEM,MALE,TWO or MORE RACES,HISPANIC or LATINO,0
ONE-STOP,DEM,MALE,TWO or MORE RACES,NOT HISPANIC or NOT LATINO,0
ONE-STOP,DEM,MALE,TWO or MORE RACES,UNDESIGNATED,0
ONE-STOP,DEM,MALE,UNDESIGNATED,HISPANIC or LATINO,0
ONE-STOP,DEM,MALE,UNDESIGNATED,NOT HISPANIC or NOT LATINO,0
ONE-STOP,DEM,MALE,UNDESIGNATED,UNDESIGNATED,0
ONE-STOP,DEM,MALE,WHITE,HISPANIC or LATINO,0
ONE-STOP,DEM,MALE,WHITE,NOT HISPANIC or NOT LATINO,0
ONE-STOP,DEM,MALE,WHITE,UNDESIGNATED,0
ONE-STOP,DEM,UNDESIGNATED,ASIAN,HISPANIC or LATINO,0
ONE-STOP,DEM,UNDESIGNATED,ASIAN,NOT HISPANIC or NOT LATINO,0
ONE-STOP,DEM,UNDESIGNATED,ASIAN,UNDESIGNATED,0
ONE-STOP,DEM,UNDESIGNATED,BLACK or AFRICAN AMERICAN,HISPANIC or LATINO,0
ONE-STOP,DEM,UNDESIGNATED,BLACK or AFRICAN AMERICAN,NOT HISPANIC or NOT LATINO,0
ONE-STOP,DEM,UNDESIGNATED,BLACK or AFRICAN AMERICAN,UNDESIGNATED,0
ONE-STOP,DEM,UNDESIGNATED,INDIAN AMERICAN or ALASKA NATIVE,HISPANIC or LATINO,0
ONE-STOP,DEM,UNDESIGNATED,INDIAN AMERICAN or ALASKA NATIVE,NOT HISPANIC or NOT LATINO,0
ONE-STOP,DEM,UNDESIGNATED,INDIAN AMERICAN or ALASKA NATIVE,UNDESIGNATED,0
ONE-STOP,DEM,UNDESIGNATED,NATIVE HAWAIIAN or PACIFIC ISLANDER,HISPANIC or LATINO,0
ONE-STOP,DEM,UNDESIGNATED,NATIVE HAWAIIAN or PACIFIC ISLANDER,NOT HISPANIC or NOT LATINO,0
ONE-STOP,DEM,UNDESIGNATED,NATIVE HAWAIIAN or PACIFIC ISLANDER,UNDESIGNATED,0
ONE-STOP,DEM,UNDESIGNATED,OTHER,HISPANIC or LATINO,0
ONE-STOP,DEM,UNDESIGNATED,OTHER,NOT HISPANIC or NOT LATINO,0
ONE-STOP,DEM,UNDESIGNATED,OTHER,UNDESIGNATED,0
ONE-STOP,DEM,UNDESIGNATED,TWO or MORE RACES,HISPANIC or LATINO,0
ONE-STOP,DEM,UNDESIGNATED,TWO or MORE RACES,NOT HISPANIC or NOT LATINO,0
ONE-STOP,DEM,UNDESIGNATED,TWO or MORE RACES,UNDESIGNATED,0
ONE-STOP,DEM,UNDESIGNATED,UNDESIGNATED,HISPANIC or LATINO,0
ONE-STOP,DEM,UNDESIGNATED,UNDESIGNATED,NOT HISPANIC or NOT LATINO,0
ONE-STOP,DEM,UNDESIGNATED,UNDESIGNATED,UNDESIGNATED,0
ONE-STOP,DEM,UNDESIGNATED,WHITE,HISPANIC or LATINO,0
ONE-STOP,DEM,UNDESIGNATED,WHITE,NOT HISPANIC or NOT LATINO,0
ONE-STOP,DEM,UNDESIGNATED,WHITE,UNDESIGNATED,0
ONE-STOP,GRE,FEMALE,ASIAN,HISPANIC or LATINO,0
ONE-STOP,GRE,FEMALE,ASIAN,NOT HISPANIC or NOT LATINO,0
ONE-STOP,GRE,FEMALE,ASIAN,UNDESIGNATED,0
ONE-STOP,GRE,FEMALE,BLACK or AFRICAN AMERICAN,HISPANIC or LATINO,0
ONE-STOP,GRE,FEMALE,BLACK or AFRICAN AMERICAN,NOT HISPANIC or NOT LATINO,0
ONE-STOP,GRE,FEMALE,BLACK or AFRICAN AMERICAN,UNDESIGNATED,0
ONE-STOP,GRE,FEMALE,INDIAN AMERICAN or ALASKA NATIVE,HISPANIC or LATINO,0
ONE-STOP,GRE,FEMALE,INDIAN AMERICAN or ALASKA NATIVE,NOT HISPANIC or NOT LATINO,0
ONE-STOP,GRE,FEMALE,INDIAN AMERICAN or ALASKA NATIVE,UNDESIGNATED,0
ONE-STOP,GRE,FEMALE,NATIVE HAWAIIAN or PACIFIC ISLANDER,HISPANIC or LATINO,0
ONE-STOP,GRE,FEMALE,NATIVE HAWAIIAN or PACIFIC ISLANDER,NOT HISPANIC or NOT LATINO,0
ONE-STOP,GRE,FEMALE,NATIVE HAWAIIAN or PACIFIC ISLANDER,UNDESIGNATED,0
ONE-STOP,GRE,FEMALE,OTHER,HISPANIC or LATINO,0
ONE-STOP,GRE,FEMALE,OTHER,NOT HISPANIC or NOT LATINO,0
ONE-STOP,GRE,FEMALE,OTHER,UNDESIGNATED,0
ONE-STOP,GRE,FEMALE,TWO or MORE RACES,HISPANIC or LATINO,0
ONE-STOP,GRE,FEMALE,TWO or MORE RACES,NOT HISPANIC or NOT LATINO,0
ONE-STOP,GRE,FEMALE,TWO or MORE RACES,UNDESIGNATED,0
ONE-STOP,GRE,FEMALE,UNDESIGNATED,HISPANIC or LATINO,0
ONE-STOP,GRE,FEMALE,UNDESIGNATED,NOT HISPANIC or NOT LATINO,0
ONE-STOP,GRE,FEMALE,UNDESIGNATED,UNDESIGNATED,0
ONE-STOP,GRE,FEMALE,WHITE,HISPANIC or LATINO,0
ONE-STOP,GRE,FEMALE,WHITE,NOT HISPANIC or NOT LATINO,0
ONE-STOP,GRE,FEMALE,WHITE,UNDESIGNATED,0
ONE-STOP,GRE,MALE,ASIAN,HISPANIC or LATINO,0
ONE-STOP,GRE,MALE,ASIAN,NOT HISPANIC or NOT LATINO,0
ONE-STOP,GRE,MALE,ASIAN,UNDESIGNATED,0
ONE-STOP,GRE,MALE,BLACK or AFRICAN AMERICAN,HISPANIC or LATINO,0
ONE-STOP,GRE,MALE,BLACK or AFRICAN AMERICAN,NOT HISPANIC or NOT LATINO,0
ONE-STOP,GRE,MALE,BLACK or AFRICAN AMERICAN,UNDESIGNATED,0
ONE-STOP,GRE,MALE,INDIAN AMERICAN or ALASKA NATIVE,HISPANIC or LATINO,0
ONE-STOP,GRE,MALE,INDIAN AMERICAN or ALASKA NATIVE,NOT HISPANIC or NOT LATINO,0
ONE-STOP,GRE,MALE,INDIAN AMERICAN or ALASKA NATIVE,UNDESIGNATED,0
ONE-STOP,GRE,MALE,NATIVE HAWAIIAN or PACIFIC ISLANDER,HISPANIC or LATINO,0
ONE-STOP,GRE,MALE,NATIVE HAWAIIAN or PACIFIC ISLANDER,NOT HISPANIC or NOT LATINO,0
ONE-STOP,GRE,MALE,NATIVE HAWAIIAN or PACIFIC ISLANDER,UNDESIGNATED,0
ONE-STOP,GRE,MALE,OTHER,HISPANIC or LATINO,0
ONE-STOP,GRE,MALE,OTHER,NOT HISPANIC or NOT LATINO,0
ONE-STOP,GRE,MALE,OTHER,UNDESIGNATED,0
ONE-STOP,GRE,MALE,TWO or MORE RACES,HISPANIC or LATINO,0
ONE-STOP,GRE,MALE,TWO or MORE RACES,NOT HISPANIC or NOT LATINO,0
ONE-STOP,GRE,MALE,TWO or MORE RACES,UNDESIGNATED,0
ONE-STOP,GRE,MALE,UNDESIGNATED,HISPANIC or LATINO,0
ONE-STOP,GRE,MALE,UNDESIGNATED,NOT HISPANIC or NOT LATINO,0
ONE-STOP,GRE,MALE,UNDESIGNATED,UNDESIGNATED,0
ONE-STOP,GRE,MALE,WHITE,HISPANIC or LATINO,0
ONE-STOP,GRE,MALE,WHITE,NOT HISPANIC or NOT LATINO,0
ONE-STOP,GRE,MALE,WHITE,UNDESIGNATED,0
ONE-STOP,GRE,UNDESIGNATED,ASIAN,HISPANIC or LATINO,0
ONE-STOP,GRE,UNDESIGNATED,ASIAN,NOT HISPANIC or NOT LATINO,0
ONE-STOP,GRE,UNDESIGNATED,ASIAN,UNDESIGNATED,0
ONE-STOP,GRE,UNDESIGNATED,BLACK or AFRICAN AMERICAN,HISPANIC or LATINO,0
ONE-STOP,GRE,UNDESIGNATED,BLACK or AFRICAN AMERICAN,NOT HISPANIC or NOT LATINO,0
ONE-STOP,GRE,UNDESIGNATED,BLACK or AFRICAN AMERICAN,UNDESIGNATED,0
ONE-STOP,GRE,UNDESIGNATED,INDIAN AMERICAN or ALASKA NATIVE,HISPANIC or LATINO,0
ONE-STOP,GRE,UNDESIGNATED,INDIAN AMERICAN or ALASKA NATIVE,NOT HISPANIC or NOT LATINO,0
ONE-STOP,GRE,UNDESIGNATED,INDIAN AMERICAN or ALASKA NATIVE,UNDESIGNATED,0
ONE-STOP,GRE,UNDESIGNATED,NATIVE HAWAIIAN or PACIFIC ISLANDER,HISPANIC or LATINO,0
ONE-STOP,GRE,UNDESIGNATED,NATIVE HAWAIIAN or PACIFIC ISLANDER,NOT HISPANIC or NOT LATINO,0
ONE-STOP,GRE,UNDESIGNATED,NATIVE HAWAIIAN or PACIFIC ISLANDER,UNDESIGNATED,0
ONE-STOP,GRE,UNDESIGNATED,OTHER,HISPANIC or LATINO,0
ONE-STOP,GRE,UNDESIGNATED,OTHER,NOT HISPANIC or NOT LATINO,0
ONE-STOP,GRE,UNDESIGNATED,OTHER,UNDESIGNATED,0
ONE-STOP,GRE,UNDESIGNATED,TWO or MORE RACES,HISPANIC or LATINO,0
ONE-STOP,GRE,UNDESIGNATED,TWO or MORE RACES,NOT HISPANIC or NOT LATINO,0
ONE-STOP,GRE,UNDESIGNATED,TWO or MORE RACES,UNDESIGNATED,0
ONE-STOP,GRE,UNDESIGNATED,UNDESIGNATED,HISPANIC or LATINO,0
ONE-STOP,GRE,UNDESIGNATED,UNDESIGNATED,NOT HISPANIC or NOT LATINO,0
ONE-STOP,GRE,UNDESIGNATED,UNDESIGNATED,UNDESIGNATED,0
ONE-STOP,GRE,UNDESIGNATED,WHITE,HISPANIC or LATINO,0
ONE-STOP,GRE,UNDESIGNATED,WHITE,NOT HISPANIC or NOT LATINO,0
ONE-STOP,GRE,UNDESIGNATED,WHITE,UNDESIGNATED,0
ONE-STOP,JFA,FEMALE,ASIAN,HISPANIC or LATINO,0
ONE-STOP,JFA,FEMALE,ASIAN,NOT HISPANIC or NOT LATINO,0
ONE-STOP,JFA,FEMALE,ASIAN,UNDESIGNATED,0
ONE-STOP,JFA,FEMALE,BLACK or AFRICAN AMERICAN,HISPANIC or LATINO,0
ONE-STOP,JFA,FEMALE,BLACK or AFRICAN AMERICAN,NOT HISPANIC or NOT LATINO,0
ONE-STOP,JFA,FEMALE,BLACK or AFRICAN AMERICAN,UNDESIGNATED,0
ONE-STOP,JFA,FEMALE,INDIAN AMERICAN or ALASKA NATIVE,HISPANIC or LATINO,0
ONE-STOP,JFA,FEMALE,INDIAN AMERICAN or ALASKA NATIVE,NOT HISPANIC or NOT LATINO,0
ONE-STOP,JFA,FEMALE,INDIAN AMERICAN or ALASKA NATIVE,UNDESIGNATED,0
ONE-STOP,JFA,FEMALE,NATIVE HAWAIIAN or PACIFIC ISLANDER,HISPANIC or LATINO,0
ONE-STOP,JFA,FEMALE,NATIVE HAWAIIAN or PACIFIC ISLANDER,NOT HISPANIC or NOT LATINO,0
ONE-STOP,JFA,FEMALE,NATIVE HAWAIIAN or PACIFIC ISLANDER,UNDESIGNATED,0
ONE-STOP,JFA,FEMALE,OTHER,HISPANIC or LATINO,0
ONE-STOP,JFA,FEMALE,OTHER,NOT HISPANIC or NOT LATINO,0
ONE-STOP,JFA,FEMALE,OTHER,UNDESIGNATED,0
ONE-STOP,JFA,FEMALE,TWO or MORE RACES,HISPANIC or LATINO,0
ONE-STOP,JFA,FEMALE,TWO or MORE RACES,NOT HISPANIC or NOT LATINO,0
ONE-STOP,JFA,FEMALE,TWO or MORE RACES,UNDESIGNATED,0
ONE-STOP,JFA,FEMALE,UNDESIGNATED,HISPANIC or LATINO,0
ONE-STOP,JFA,FEMALE,UNDESIGNATED,NOT HISPANIC or NOT LATINO,0
ONE-STOP,JFA,FEMALE,UNDESIGNATED,UNDESIGNATED,0
ONE-STOP,JFA,FEMALE,WHITE,HISPANIC or LATINO,0
ONE-STOP,JFA,FEMALE,WHITE,NOT HISPANIC or NOT LATINO,0
ONE-STOP,JFA,FEMALE,WHITE,UNDESIGNATED,0
ONE-STOP,JFA,MALE,ASIAN,HISPANIC or LATINO,0
ONE-STOP,JFA,MALE,ASIAN,NOT HISPANIC or NOT LATINO,0
ONE-STOP,JFA,MALE,ASIAN,UNDESIGNATED,0
ONE-STOP,JFA,MALE,BLACK or AFRICAN AMERICAN,HISPANIC or LATINO,0
ONE-STOP,JFA,MALE,BLACK or AFRICAN AMERICAN,NOT HISPANIC or NOT LATINO,0
ONE-STOP,JFA,MALE,BLACK or AFRICAN AMERICAN,UNDESIGNATED,0
ONE-STOP,JFA,MALE,INDIAN AMERICAN or ALASKA NATIVE,HISPANIC or LATINO,0
ONE-STOP,JFA,MALE,INDIAN AMERICAN or ALASKA NATIVE,NOT HISPANIC or NOT LATINO,0
ONE-STOP,JFA,MALE,INDIAN AMERICAN or ALASKA NATIVE,UNDESIGNATED,0
ONE-STOP,JFA,MALE,NATIVE HAWAIIAN or PACIFIC ISLANDER,HISPANIC or LATINO,0
ONE-STOP,JFA,MALE,NATIVE HAWAIIAN or PACIFIC ISLANDER,NOT HISPANIC or NOT LATINO,0
ONE-STOP,JFA,MALE,NATIVE HAWAIIAN or PACIFIC ISLANDER,UNDESIGNATED,0
ONE-STOP,JFA,MALE,OTHER,HISPANIC or LATINO,0
ONE-STOP,JFA,MALE,OTHER,NOT HISPANIC or NOT LATINO,0
ONE-STOP,JFA,MALE,OTHER,UNDESIGNATED,0
ONE-STOP,JFA,MALE,TWO or MORE RACES,HISPANIC or LATINO,0
ONE-STOP,JFA,MALE,TWO or MORE RACES,NOT HISPANIC or NOT LATINO,0
ONE-STOP,JFA,MALE,TWO or MORE RACES,UNDESIGNATED,0
ONE-STOP,JFA,MALE,UNDESIGNATED,HISPANIC or LATINO,0
ONE-STOP,JFA,MALE,UNDESIGNATED,NOT HISPANIC or NOT LATINO,0
ONE-STOP,JFA,MALE,UNDESIGNATED,UNDESIGNATED,0
ONE-STOP,JFA,MALE,WHITE,HISPANIC or LATINO,0
ONE-STOP,JFA,MALE,WHITE,NOT HISPANIC or NOT LATINO,0
ONE-STOP,JFA,MALE,WHITE,UNDESIGNATED,0
ONE-STOP,JFA,UNDESIGNATED,ASIAN,HISPANIC or LATINO,0
ONE-STOP,JFA,UNDESIGNATED,ASIAN,NOT HISPANIC or NOT LATINO,0
ONE-STOP,JFA,UNDESIGNATED,ASIAN,UNDESIGNATED,0
ONE-STOP,JFA,UNDESIGNATED,BLACK or AFRICAN AMERICAN,HISPANIC or LATINO,0
ONE-STOP,JFA,UNDESIGNATED,BLACK or AFRICAN AMERICAN,NOT HISPANIC or NOT LATINO,0
ONE-STOP,JFA,UNDESIGNATED,BLACK or AFRICAN AMERICAN,UNDESIGNATED,0
ONE-STOP,JFA,UNDESIGNATED,INDIAN AMERICAN or ALASKA NATIVE,HISPANIC or LATINO,0
ONE-STOP,JFA,UNDESIGNATED,INDIAN AMERICAN or ALASKA NATIVE,NOT HISPANIC or NOT LATINO,0
ONE-STOP,JFA,UNDESIGNATED,INDIAN AMERICAN or ALASKA NATIVE,UNDESIGNATED,0
ONE-STOP,JFA,UNDESIGNATED,NATIVE HAWAIIAN or PACIFIC ISLANDER,HISPANIC or LATINO,0
ONE-STOP,JFA,UNDESIGNATED,NATIVE HAWAIIAN or PACIFIC ISLANDER,NOT HISPANIC or NOT LATINO,0
ONE-STOP,JFA,UNDESIGNATED,NATIVE HAWAIIAN or PACIFIC ISLANDER,UNDESIGNATED,0
ONE-STOP,JFA,UNDESIGNATED,OTHER,HISPANIC or LATINO,0
ONE-STOP,JFA,UNDESIGNATED,OTHER,NOT HISPANIC or NOT LATINO,0
ONE-STOP,JFA,UNDESIGNATED,OTHER,UNDESIGNATED,0
ONE-STOP,JFA,UNDESIGNATED,TWO or MORE RACES,HISPANIC or LATINO,0
ONE-STOP,JFA,UNDESIGNATED,TWO or MORE RACES,NOT HISPANIC or NOT LATINO,0
ONE-STOP,JFA,UNDESIGNATED,TWO or MORE RACES,UNDESIGNATED,0
ONE-STOP,JFA,UNDESIGNATED,UNDESIGNATED,HISPANIC or LATINO,0
ONE-STOP,JFA,UNDESIGNATED,UNDESIGNATED,NOT HISPANIC or NOT LATINO,0
ONE-STOP,JFA,UNDESIGNATED,UNDESIGNATED,UNDESIGNATED,0
ONE-STOP,JFA,UNDESIGNATED,WHITE,HISPANIC or LATINO,0
ONE-STOP,JFA,UNDESIGNATED,WHITE,NOT HISPANIC or NOT LATINO,0
ONE-STOP,JFA,UNDESIGNATED,WHITE,UNDESIGNATED,0
ONE-STOP,LIB,FEMALE,ASIAN,HISPANIC or LATINO,0
ONE-STOP,LIB,FEMALE,ASIAN,NOT HISPANIC or NOT LATINO,0
ONE-STOP,LIB,FEMALE,ASIAN,UNDESIGNATED,0
ONE-STOP,LIB,FEMALE,BLACK or AFRICAN AMERICAN,HISPANIC or LATINO,0
ONE-STOP,LIB,FEMALE,BLACK or AFRICAN AMERICAN,NOT HISPANIC or NOT LATINO,0
ONE-STOP,LIB,FEMALE,BLACK or AFRICAN AMERICAN,UNDESIGNATED,0
ONE-STOP,LIB,FEMALE,INDIAN AMERICAN or ALASKA NATIVE,HISPANIC or LATINO,0
ONE-STOP,LIB,FEMALE,INDIAN AMERICAN or ALASKA NATIVE,NOT HISPANIC or NOT LATINO,0
ONE-STOP,LIB,FEMALE,INDIAN AMERICAN or ALASKA NATIVE,UNDESIGNATED,0
ONE-STOP,LIB,FEMALE,NATIVE HAWAIIAN or PACIFIC ISLANDER,HISPANIC or LATINO,0
ONE-STOP,LIB,FEMALE,NATIVE HAWAIIAN or PACIFIC ISLANDER,NOT HISPANIC or NOT LATINO,0
ONE-STOP,LIB,FEMALE,NATIVE HAWAIIAN or PACIFIC ISLANDER,UNDESIGNATED,0
ONE-STOP,LIB,FEMALE,OTHER,HISPANIC or LATINO,0
ONE-STOP,LIB,FEMALE,OTHER,NOT HISPANIC or NOT LATINO,0
ONE-STOP,LIB,FEMALE,OTHER,UNDESIGNATED,0
ONE-STOP,LIB,FEMALE,TWO or MORE RACES,HISPANIC or LATINO,0
ONE-STOP,LIB,FEMALE,TWO or MORE RACES,NOT HISPANIC or NOT LATINO,0
ONE-STOP,LIB,FEMALE,TWO or MORE RACES,UNDESIGNATED,0
ONE-STOP,LIB,FEMALE,UNDESIGNATED,HISPANIC or LATINO,0
ONE-STOP,LIB,FEMALE,UNDESIGNATED,NOT HISPANIC or NOT LATINO,0
ONE-STOP,LIB,FEMALE,UNDESIGNATED,UNDESIGNATED,0
ONE-STOP,LIB,FEMALE,WHITE,HISPANIC or LATINO,0
ONE-STOP,LIB,FEMALE,WHITE,NOT HISPANIC or NOT LATINO,0
ONE-STOP,LIB,FEMALE,WHITE,UNDESIGNATED,0
ONE-STOP,LIB,MALE,ASIAN,HISPANIC or LATINO,0
ONE-STOP,LIB,MALE,ASIAN,NOT HISPANIC or NOT LATINO,0
ONE-STOP,LIB,MALE,ASIAN,UNDESIGNATED,0
ONE-STOP,LIB,MALE,BLACK or AFRICAN AMERICAN,HISPANIC or LATINO,0
ONE-STOP,LIB,MALE,BLACK or AFRICAN AMERICAN,NOT HISPANIC or NOT LATINO,0
ONE-STOP,LIB,MALE,BLACK or AFRICAN AMERICAN,UNDESIGNATED,0
ONE-STOP,LIB,MALE,INDIAN AMERICAN or ALASKA NATIVE,HISPANIC or LATINO,0
ONE-STOP,LIB,MALE,INDIAN AMERICAN or ALASKA NATIVE,NOT HISPANIC or NOT LATINO,0
ONE-STOP,LIB,MALE,INDIAN AMERICAN or ALASKA NATIVE,UNDESIGNATED,0
ONE-STOP,LIB,MALE,NATIVE HAWAIIAN or PACIFIC ISLANDER,HISPANIC or LATINO,0
ONE-STOP,LIB,MALE,NATIVE HAWAIIAN or PACIFIC ISLANDER,NOT HISPANIC or NOT LATINO,0
ONE-STOP,LIB,MALE,NATIVE HAWAIIAN or PACIFIC ISLANDER,UNDESIGNATED,0
ONE-STOP,LIB,MALE,OTHER,HISPANIC or LATINO,0
ONE-STOP,LIB,MALE,OTHER,NOT HISPANIC or NOT LATINO,0
ONE-STOP,LIB,MALE,OTHER,UNDESIGNATED,0
ONE-STOP,LIB,MALE,TWO or MORE RACES,HISPANIC or LATINO,0
ONE-STOP,LIB,MALE,TWO or MORE RACES,NOT HISPANIC or NOT LATINO,0
ONE-STOP,LIB,MALE,TWO or MORE RACES,UNDESIGNATED,0
ONE-STOP,LIB,MALE,UNDESIGNATED,HISPANIC or LATINO,0
ONE-STOP,LIB,MALE,UNDESIGNATED,NOT HISPANIC or NOT LATINO,0
ONE-STOP,LIB,MALE,UNDESIGNATED,UNDESIGNATED,0
ONE-STOP,LIB,MALE,WHITE,HISPANIC or LATINO,0
ONE-STOP,LIB,MALE,WHITE,NOT HISPANIC or NOT LATINO,0
ONE-STOP,LIB,MALE,WHITE,UNDESIGNATED,0
ONE-STOP,LIB,UNDESIGNATED,ASIAN,HISPANIC or LATINO,0
ONE-STOP,LIB,UNDESIGNATED,ASIAN,NOT HISPANIC or NOT LATINO,0
ONE-STOP,LIB,UNDESIGNATED,ASIAN,UNDESIGNATED,0
ONE-STOP,LIB,UNDESIGNATED,BLACK or AFRICAN AMERICAN,HISPANIC or LATINO,0
ONE-STOP,LIB,UNDESIGNATED,BLACK or AFRICAN AMERICAN,NOT HISPANIC or NOT LATINO,0
ONE-STOP,LIB,UNDESIGNATED,BLACK or AFRICAN AMERICAN,UNDESIGNATED,0
ONE-STOP,LIB,UNDESIGNATED,INDIAN AMERICAN or ALASKA NATIVE,HISPANIC or LATINO,0
ONE-STOP,LIB,UNDESIGNATED,INDIAN AMERICAN or ALASKA NATIVE,NOT HISPANIC or NOT LATINO,0
ONE-STOP,LIB,UNDESIGNATED,INDIAN AMERICAN or ALASKA NATIVE,UNDESIGNATED,0
ONE-STOP,LIB,UNDESIGNATED,NATIVE HAWAIIAN or PACIFIC ISLANDER,HISPANIC or LATINO,0
ONE-STOP,LIB,UNDESIGNATED,NATIVE HAWAIIAN or PACIFIC ISLANDER,NOT HISPANIC or NOT LATINO,0
ONE-STOP,LIB,UNDESIGNATED,NATIVE HAWAIIAN or PACIFIC ISLANDER,UNDESIGNATED,0
ONE-STOP,LIB,UNDESIGNATED,OTHER,HISPANIC or LATINO,0
ONE-STOP,LIB,UNDESIGNATED,OTHER,NOT HISPANIC or NOT LATINO,0
ONE-STOP,LIB,UNDESIGNATED,OTHER,UNDESIGNATED,0
ONE-STOP,LIB,UNDESIGNATED,TWO or MORE RACES,HISPANIC or LATINO,0
ONE-STOP,LIB,UNDESIGNATED,TWO or MORE RACES,NOT HISPANIC or NOT LATINO,0
ONE-STOP,LIB,UNDESIGNATED,TWO or MORE RACES,UNDESIGNATED,0
ONE-STOP,LIB,UNDESIGNATED,UNDESIGNATED,HISPANIC or LATINO,0
ONE-STOP,LIB,UNDESIGNATED,UNDESIGNATED,NOT HISPANIC or NOT LATINO,0
ONE-STOP,LIB,UNDESIGNATED,UNDESIGNATED,UNDESIGNATED,0
ONE-STOP,LIB,UNDESIGNATED,WHITE,HISPANIC or LATINO,0
ONE-STOP,LIB,UNDESIGNATED,WHITE,NOT HISPANIC or NOT LATINO,0
ONE-STOP,LIB,UNDESIGNATED,WHITE,UNDESIGNATED,0
ONE-STOP,NLB,FEMALE,ASIAN,HISPANIC or LATINO,0
ONE-STOP,NLB,FEMALE,ASIAN,NOT HISPANIC or NOT LATINO,0
ONE-STOP,NLB,FEMALE,ASIAN,UNDESIGNATED,0
ONE-STOP,NLB,FEMALE,BLACK or AFRICAN AMERICAN,HISPANIC or LATINO,0
ONE-STOP,NLB,FEMALE,BLACK or AFRICAN AMERICAN,NOT HISPANIC or NOT LATINO,0
ONE-STOP,NLB,FEMALE,BLACK or AFRICAN AMERICAN,UNDESIGNATED,0
ONE-STOP,NLB,FEMALE,INDIAN AMERICAN or ALASKA NATIVE,HISPANIC or LATINO,0
ONE-STOP,NLB,FEMALE,INDIAN AMERICAN or ALASKA NATIVE,NOT HISPANIC or NOT LATINO,0
ONE-STOP,NLB,FEMALE,INDIAN AMERICAN or ALASKA NATIVE,UNDESIGNATED,0
ONE-STOP,NLB,FEMALE,NATIVE HAWAIIAN or PACIFIC ISLANDER,HISPANIC or LATINO,0
ONE-STOP,NLB,FEMALE,NATIVE HAWAIIAN or PACIFIC ISLANDER,NOT HISPANIC or NOT LATINO,0
ONE-STOP,NLB,FEMALE,NATIVE HAWAIIAN or PACIFIC ISLANDER,UNDESIGNATED,0
ONE-STOP,NLB,FEMALE,OTHER,HISPANIC or LATINO,0
ONE-STOP,NLB,FEMALE,OTHER,NOT HISPANIC or NOT LATINO,0
ONE-STOP,NLB,FEMALE,OTHER,UNDESIGNATED,0
ONE-STOP,NLB,FEMALE,TWO or MORE RACES,HISPANIC or LATINO,0
ONE-STOP,NLB,FEMALE,TWO or MORE RACES,NOT HISPANIC or NOT LATINO,0
ONE-STOP,NLB,FEMALE,TWO or MORE RACES,UNDESIGNATED,0
ONE-STOP,NLB,FEMALE,UNDESIGNATED,HISPANIC or LATINO,0
ONE-STOP,NLB,FEMALE,UNDESIGNATED,NOT HISPANIC or NOT LATINO,0
ONE-STOP,NLB,FEMALE,UNDESIGNATED,UNDESIGNATED,0
ONE-STOP,NLB,FEMALE,WHITE,HISPANIC or LATINO,0
ONE-STOP,NLB,FEMALE,WHITE,NOT HISPANIC or NOT LATINO,0
ONE-STOP,NLB,FEMALE,WHITE,UNDESIGNATED,0
ONE-STOP,NLB,MALE,ASIAN,HISPANIC or LATINO,0
ONE-STOP,NLB,MALE,ASIAN,NOT HISPANIC or NOT LATINO,0
ONE-STOP,NLB,MALE,ASIAN,UNDESIGNATED,0
ONE-STOP,NLB,MALE,BLACK or AFRICAN AMERICAN,HISPANIC or LATINO,0
ONE-STOP,NLB,MALE,BLACK or AFRICAN AMERICAN,NOT HISPANIC or NOT LATINO,0
ONE-STOP,NLB,MALE,BLACK or AFRICAN AMERICAN,UNDESIGNATED,0
ONE-STOP,NLB,MALE,INDIAN AMERICAN or ALASKA NATIVE,HISPANIC or LATINO,0
ONE-STOP,NLB,MALE,INDIAN AMERICAN or ALASKA NATIVE,NOT HISPANIC or NOT LATINO,0
ONE-STOP,NLB,MALE,INDIAN AMERICAN or ALASKA NATIVE,UNDESIGNATED,0
ONE-STOP,NLB,MALE,NATIVE HAWAIIAN or PACIFIC ISLANDER,HISPANIC or LATINO,0
ONE-STOP,NLB,MALE,NATIVE HAWAIIAN or PACIFIC ISLANDER,NOT HISPANIC or NOT LATINO,0
ONE-STOP,NLB,MALE,NATIVE HAWAIIAN or PACIFIC ISLANDER,UNDESIGNATED,0
ONE-STOP,NLB,MALE,OTHER,HISPANIC or LATINO,0
ONE-STOP,NLB,MALE,OTHER,NOT HISPANIC or NOT LATINO,0
ONE-STOP,NLB,MALE,OTHER,UNDESIGNATED,0
ONE-STOP,NLB,MALE,TWO or MORE RACES,HISPANIC or LATINO,0
ONE-STOP,NLB,MALE,TWO or MORE RACES,NOT HISPANIC or NOT LATINO,0
ONE-STOP,NLB,MALE,TWO or MORE RACES,UNDESIGNATED,0
ONE-STOP,NLB,MALE,UNDESIGNATED,HISPANIC or LATINO,0
ONE-STOP,NLB,MALE,UNDESIGNATED,NOT HISPANIC or NOT LATINO,0
ONE-STOP,NLB,MALE,UNDESIGNATED,UNDESIGNATED,0
ONE-STOP,NLB,MALE,WHITE,HISPANIC or LATINO,0
ONE-STOP,NLB,MALE,WHITE,NOT HISPANIC or NOT LATINO,0
ONE-STOP,NLB,MALE,WHITE,UNDESIGNATED,0
ONE-STOP,NLB,UNDESIGNATED,ASIAN,HISPANIC or LATINO,0
ONE-STOP,NLB,UNDESIGNATED,ASIAN,NOT HISPANIC or NOT LATINO,0
ONE-STOP,NLB,UNDESIGNATED,ASIAN,UNDESIGNATED,0
ONE-STOP,NLB,UNDESIGNATED,BLACK or AFRICAN AMERICAN,HISPANIC or LATINO,0
ONE-STOP,NLB,UNDESIGNATED,BLACK or AFRICAN AMERICAN,NOT HISPANIC or NOT LATINO,0
ONE-STOP,NLB,UNDESIGNATED,BLACK or AFRICAN AMERICAN,UNDESIGNATED,0
ONE-STOP,NLB,UNDESIGNATED,INDIAN AMERICAN or ALASKA NATIVE,HISPANIC or LATINO,0
ONE-STOP,NLB,UNDESIGNATED,INDIAN AMERICAN or ALASKA NATIVE,NOT HISPANIC or NOT LATINO,0
ONE-STOP,NLB,UNDESIGNATED,INDIAN AMERICAN or ALASKA NATIVE,UNDESIGNATED,0
ONE-STOP,NLB,UNDESIGNATED,NATIVE HAWAIIAN or PACIFIC ISLANDER,HISPANIC or LATINO,0
ONE-STOP,NLB,UNDESIGNATED,NATIVE HAWAIIAN or PACIFIC ISLANDER,NOT HISPANIC or NOT LATINO,0
ONE-STOP,NLB,UNDESIGNATED,NATIVE HAWAIIAN or PACIFIC ISLANDER,UNDESIGNATED,0
ONE-STOP,NLB,UNDESIGNATED,OTHER,HISPANIC or LATINO,0
ONE-STOP,NLB,UNDESIGNATED,OTHER,NOT HISPANIC or NOT LATINO,0
ONE-STOP,NLB,UNDESIGNATED,OTHER,UNDESIGNATED,0
ONE-STOP,NLB,UNDESIGNATED,TWO or MORE RACES,HISPANIC or LATINO,0
ONE-STOP,NLB,UNDESIGNATED,TWO or MORE RACES,NOT HISPANIC or NOT LATINO,0
ONE-STOP,NLB,UNDESIGNATED,TWO or MORE RACES,UNDESIGNATED,0
ONE-STOP,NLB,UNDESIGNATED,UNDESIGNATED,HISPANIC or LATINO,0
ONE-STOP,NLB,UNDESIGNATED,UNDESIGNATED,NOT HISPANIC or NOT LATINO,0
ONE-STOP,NLB,UNDESIGNATED,UNDESIGNATED,UNDESIGNATED,0
ONE-STOP,NLB,UNDESIGNATED,WHITE,HISPANIC or LATINO,0
ONE-STOP,NLB,UNDESIGNATED,WHITE,NOT HISPANIC or NOT LATINO,0
ONE-STOP,NLB,UNDESIGNATED,WHITE,UNDESIGNATED,0
ONE-STOP,REP,FEMALE,ASIAN,HISPANIC or LATINO,0
ONE-STOP,REP,FEMALE,ASIAN,NOT HISPANIC or NOT LATINO,0
ONE-STOP,REP,FEMALE,ASIAN,UNDESIGNATED,0
ONE-STOP,REP,FEMALE,BLACK or AFRICAN AMERICAN,HISPANIC or LATINO,0
ONE-STOP,REP,FEMALE,BLACK or AFRICAN AMERICAN,NOT HISPANIC or NOT LATINO,0
ONE-STOP,REP,FEMALE,BLACK or AFRICAN AMERICAN,UNDESIGNATED,0
ONE-STOP,REP,FEMALE,INDIAN AMERICAN or ALASKA NATIVE,HISPANIC or LATINO,0
ONE-STOP,REP,FEMALE,INDIAN AMERICAN or ALASKA NATIVE,NOT HISPANIC or NOT LATINO,0
ONE-STOP,REP,FEMALE,INDIAN AMERICAN or ALASKA NATIVE,UNDESIGNATED,0
ONE-STOP,REP,FEMALE,NATIVE HAWAIIAN or PACIFIC ISLANDER,HISPANIC or LATINO,0
ONE-STOP,REP,FEMALE,NATIVE HAWAIIAN or PACIFIC ISLANDER,NOT HISPANIC or NOT LATINO,0
ONE-STOP,REP,FEMALE,NATIVE HAWAIIAN or PACIFIC ISLANDER,UNDESIGNATED,0
ONE-STOP,REP,FEMALE,OTHER,HISPANIC or LATINO,0
ONE-STOP,REP,FEMALE,OTHER,NOT HISPANIC or NOT LATINO,0
ONE-STOP,REP,FEMALE,OTHER,UNDESIGNATED,0
ONE-STOP,REP,FEMALE,TWO or MORE RACES,HISPANIC or LATINO,0
ONE-STOP,REP,FEMALE,TWO or MORE RACES,NOT HISPANIC or NOT LATINO,0
ONE-STOP,REP,FEMALE,TWO or MORE RACES,UNDESIGNATED,0
ONE-STOP,REP,FEMALE,UNDESIGNATED,HISPANIC or LATINO,0
ONE-STOP,REP,FEMALE,UNDESIGNATED,NOT HISPANIC or NOT LATINO,0
ONE-STOP,REP,FEMALE,UNDESIGNATED,UNDESIGNATED,0
ONE-STOP,REP,FEMALE,WHITE,HISPANIC or LATINO,0
ONE-STOP,REP,FEMALE,WHITE,NOT HISPANIC or NOT LATINO,0
ONE-STOP,REP,FEMALE,WHITE,UNDESIGNATED,0
ONE-STOP,REP,MALE,ASIAN,HISPANIC or LATINO,0
ONE-STOP,REP,MALE,ASIAN,NOT HISPANIC or NOT LATINO,0
ONE-STOP,REP,MALE,ASIAN,UNDESIGNATED,0
ONE-STOP,REP,MALE,BLACK or AFRICAN AMERICAN,HISPANIC or LATINO,0
ONE-STOP,REP,MALE,BLACK or AFRICAN AMERICAN,NOT HISPANIC or NOT LATINO,0
ONE-STOP,REP,MALE,BLACK or AFRICAN AMERICAN,UNDESIGNATED,0
ONE-STOP,REP,MALE,INDIAN AMERICAN or ALASKA NATIVE,HISPANIC or LATINO,0
ONE-STOP,REP,MALE,INDIAN AMERICAN or ALASKA NATIVE,NOT HISPANIC or NOT LATINO,0
ONE-STOP,REP,MALE,INDIAN AMERICAN or ALASKA NATIVE,UNDESIGNATED,0
ONE-STOP,REP,MALE,NATIVE HAWAIIAN or PACIFIC ISLANDER,HISPANIC or LATINO,0
ONE-STOP,REP,MALE,NATIVE HAWAIIAN or PACIFIC ISLANDER,NOT HISPANIC or NOT LATINO,0
ONE-STOP,REP,MALE,NATIVE HAWAIIAN or PACIFIC ISLANDER,UNDESIGNATED,0
ONE-STOP,REP,MALE,OTHER,HISPANIC or LATINO,0
ONE-STOP,REP,MALE,OTHER,NOT HISPANIC or NOT LATINO,0
ONE-STOP,REP,MALE,OTHER,UNDESIGNATED,0
ONE-STOP,REP,MALE,TWO or MORE RACES,HISPANIC or LATINO,0
ONE-STOP,REP,MALE,TWO or MORE RACES,NOT HISPANIC or NOT LATINO,0
ONE-STOP,REP,MALE,TWO or MORE RACES,UNDESIGNATED,0
ONE-STOP,REP,MALE,UNDESIGNATED,HISPANIC or LATINO,0
ONE-STOP,REP,MALE,UNDESIGNATED,NOT HISPANIC or NOT LATINO,0
ONE-STOP,REP,MALE,UNDESIGNATED,UNDESIGNATED,0
ONE-STOP,REP,MALE,WHITE,HISPANIC or LATINO,0
ONE-STOP,REP,MALE,WHITE,NOT HISPANIC or NOT LATINO,0
ONE-STOP,REP,MALE,WHITE,UNDESIGNATED,0
ONE-STOP,REP,UNDESIGNATED,ASIAN,HISPANIC or LATINO,0
ONE-STOP,REP,UNDESIGNATED,ASIAN,NOT HISPANIC or NOT LATINO,0
ONE-STOP,REP,UNDESIGNATED,ASIAN,UNDESIGNATED,0
ONE-STOP,REP,UNDESIGNATED,BLACK or AFRICAN AMERICAN,HISPANIC or LATINO,0
ONE-STOP,REP,UNDESIGNATED,BLACK or AFRICAN AMERICAN,NOT HISPANIC or NOT LATINO,0
ONE-STOP,REP,UNDESIGNATED,BLACK or AFRICAN AMERICAN,UNDESIGNATED,0
ONE-STOP,REP,UNDESIGNATED,INDIAN AMERICAN or ALASKA NATIVE,HISPANIC or LATINO,0
ONE-STOP,REP,UNDESIGNATED,INDIAN AMERICAN or ALASKA NATIVE,NOT HISPANIC or NOT LATINO,0
ONE-STOP,REP,UNDESIGNATED,INDIAN AMERICAN or ALASKA NATIVE,UNDESIGNATED,0
ONE-STOP,REP,UNDESIGNATED,NATIVE HAWAIIAN or PACIFIC ISLANDER,HISPANIC or LATINO,0
ONE-STOP,REP,UNDESIGNATED,NATIVE HAWAIIAN or PACIFIC ISLANDER,NOT HISPANIC or NOT LATINO,0
ONE-STOP,REP,UNDESIGNATED,NATIVE HAWAIIAN or PACIFIC ISLANDER,UNDESIGNATED,0
ONE-STOP,REP,UNDESIGNATED,OTHER,HISPANIC or LATINO,0
ONE-STOP,REP,UNDESIGNATED,OTHER,NOT HISPANIC or NOT LATINO,0
ONE-STOP,REP,UNDESIGNATED,OTHER,UNDESIGNATED,0
ONE-STOP,REP,UNDESIGNATED,TWO or MORE RACES,HISPANIC or LATINO,0
ONE-STOP,REP,UNDESIGNATED,TWO or MORE RACES,NOT HISPANIC or NOT LATINO,0
ONE-STOP,REP,UNDESIGNATED,TWO or MORE RACES,UNDESIGNATED,0
ONE-STOP,REP,UNDESIGNATED,UNDESIGNATED,HISPANIC or LATINO,0
ONE-STOP,REP,UNDESIGNATED,UNDESIGNATED,NOT HISPANIC or NOT LATINO,0
ONE-STOP,REP,UNDESIGNATED,UNDESIGNATED,UNDESIGNATED,0
ONE-STOP,REP,UNDESIGNATED,WHITE,HISPANIC or LATINO,0
ONE-STOP,REP,UNDESIGNATED,WHITE,NOT HISPANIC or NOT LATINO,0
ONE-STOP,REP,UNDESIGNATED,WHITE,UNDESIGNATED,0
ONE-STOP,UNA,FEMALE,ASIAN,HISPANIC or LATINO,0
ONE-STOP,UNA,FEMALE,ASIAN,NOT HISPANIC or NOT LATINO,0
ONE-STOP,UNA,FEMALE,ASIAN,UNDESIGNATED,0
ONE-STOP,UNA,FEMALE,BLACK or AFRICAN AMERICAN,HISPANIC or LATINO,0
ONE-STOP,UNA,FEMALE,BLACK or AFRICAN AMERICAN,NOT HISPANIC or NOT LATINO,0
ONE-STOP,UNA,FEMALE,BLACK or AFRICAN AMERICAN,UNDESIGNATED,0
ONE-STOP,UNA,FEMALE,INDIAN AMERICAN or ALASKA NATIVE,HISPANIC or LATINO,0
ONE-STOP,UNA,FEMALE,INDIAN AMERICAN or ALASKA NATIVE,NOT HISPANIC or NOT LATINO,0
ONE-STOP,UNA,FEMALE,INDIAN AMERICAN or ALASKA NATIVE,UNDESIGNATED,0
ONE-STOP,UNA,FEMALE,NATIVE HAWAIIAN or PACIFIC ISLANDER,HISPANIC or LATINO,0
ONE-STOP,UNA,FEMALE,NATIVE HAWAIIAN or PACIFIC ISLANDER,NOT HISPANIC or NOT LATINO,0
ONE-STOP,UNA,FEMALE,NATIVE HAWAIIAN or PACIFIC ISLANDER,UNDESIGNATED,0
ONE-STOP,UNA,FEMALE,OTHER,HISPANIC or LATINO,0
ONE-STOP,UNA,FEMALE,OTHER,NOT HISPANIC or NOT LATINO,0
ONE-STOP,UNA,FEMALE,OTHER,UNDESIGNATED,0
ONE-STOP,UNA,FEMALE,TWO or MORE RACES,HISPANIC or LATINO,0
ONE-STOP,UNA,FEMALE,TWO or MORE RACES,NOT HISPANIC or NOT LATINO,0
ONE-STOP,UNA,FEMALE,TWO or MORE RACES,UNDESIGNATED,0
ONE-STOP,UNA,FEMALE,UNDESIGNATED,HISPANIC or LATINO,0
ONE-STOP,UNA,FEMALE,UNDESIGNATED,NOT HISPANIC or NOT LATINO,0
ONE-STOP,UNA,FEMALE,UNDESIGNATED,UNDESIGNATED,0
ONE-STOP,UNA,FEMALE,WHITE,HISPANIC or LATINO,0
ONE-STOP,UNA,FEMALE,WHITE,NOT HISPANIC or NOT LATINO,0
ONE-STOP,UNA,FEMALE,WHITE,UNDESIGNATED,0
ONE-STOP,UNA,MALE,ASIAN,HISPANIC or LATINO,0
ONE-STOP,UNA,MALE,ASIAN,NOT HISPANIC or NOT LATINO,0
ONE-STOP,UNA,MALE,ASIAN,UNDESIGNATED,0
ONE-STOP,UNA,MALE,BLACK or AFRICAN AMERICAN,HISPANIC or LATINO,0
ONE-STOP,UNA,MALE,BLACK or AFRICAN AMERICAN,NOT HISPANIC or NOT LATINO,0
ONE-STOP,UNA,MALE,BLACK or AFRICAN AMERICAN,UNDESIGNATED,0
ONE-STOP,UNA,MALE,INDIAN AMERICAN or ALASKA NATIVE,HISPANIC or LATINO,0
ONE-STOP,UNA,MALE,INDIAN AMERICAN or ALASKA NATIVE,NOT HISPANIC or NOT LATINO,0
ONE-STOP,UNA,MALE,INDIAN AMERICAN or ALASKA NATIVE,UNDESIGNATED,0
ONE-STOP,UNA,MALE,NATIVE HAWAIIAN or PACIFIC ISLANDER,HISPANIC or LATINO,0
ONE-STOP,UNA,MALE,NATIVE HAWAIIAN or PACIFIC ISLANDER,NOT HISPANIC or NOT LATINO,0
ONE-STOP,UNA,MALE,NATIVE HAWAIIAN or PACIFIC ISLANDER,UNDESIGNATED,0
ONE-STOP,UNA,MALE,OTHER,HISPANIC or LATINO,0
ONE-STOP,UNA,MALE,OTHER,NOT HISPANIC or NOT LATINO,0
ONE-STOP,UNA,MALE,OTHER,UNDESIGNATED,0
ONE-STOP,UNA,MALE,TWO or MORE RACES,HISPANIC or LATINO,0
ONE-STOP,UNA,MALE,TWO or MORE RACES,NOT HISPANIC or NOT LATINO,0
ONE-STOP,UNA,MALE,TWO or MORE RACES,UNDESIGNATED,0
ONE-STOP,UNA,MALE,UNDESIGNATED,HISPANIC or LATINO,0
ONE-STOP,UNA,MALE,UNDESIGNATED,NOT HISPANIC or NOT LATINO,0
ONE-STOP,UNA,MALE,UNDESIGNATED,UNDESIGNATED,0
ONE-STOP,UNA,MALE,WHITE,HISPANIC or LATINO,0
ONE-STOP,UNA,MALE,WHITE,NOT HISPANIC or NOT LATINO,0
ONE-STOP,UNA,MALE,WHITE,UNDESIGNATED,0
ONE-STOP,UNA,UNDESIGNATED,ASIAN,HISPANIC or LATINO,0
ONE-STOP,UNA,UNDESIGNATED,ASIAN,NOT HISPANIC or NOT LATINO,0
ONE-STOP,UNA,UNDESIGNATED,ASIAN,UNDESIGNATED,0
ONE-STOP,UNA,UNDESIGNATED,BLACK or AFRICAN AMERICAN,HISPANIC or LATINO,0
ONE-STOP,UNA,UNDESIGNATED,BLACK or AFRICAN AMERICAN,NOT HISPANIC or NOT LATINO,0
ONE-STOP,UNA,UNDESIGNATED,BLACK or AFRICAN AMERICAN,UNDESIGNATED,0
ONE-STOP,UNA,UNDESIGNATED,INDIAN AMERICAN or ALASKA NATIVE,HISPANIC or LATINO,0
ONE-STOP,UNA,UNDESIGNATED,INDIAN AMERICAN or ALASKA NATIVE,NOT HISPANIC or NOT LATINO,0
ONE-STOP,UNA,UNDESIGNATED,INDIAN AMERICAN or ALASKA NATIVE,UNDESIGNATED,0
ONE-STOP,UNA,UNDESIGNATED,NATIVE HAWAIIAN or PACIFIC ISLANDER,HISPANIC or LATINO,0
ONE-STOP,UNA,UNDESIGNATED,NATIVE HAWAIIAN or PACIFIC ISLANDER,NOT HISPANIC or NOT LATINO,0
ONE-STOP,UNA,UNDESIGNATED,NATIVE HAWAIIAN or PACIFIC ISLANDER,UNDESIGNATED,0
ONE-STOP,UNA,UNDESIGNATED,OTHER,HISPANIC or LATINO,0
ONE-STOP,UNA,UNDESIGNATED,OTHER,NOT HISPANIC or NOT LATINO,0
ONE-STOP,UNA,UNDESIGNATED,OTHER,UNDESIGNATED,0
ONE-STOP,UNA,UNDESIGNATED,TWO or MORE RACES,HISPANIC or LATINO,0
ONE-STOP,UNA,UNDESIGNATED,TWO or MORE RACES,NOT HISPANIC or NOT LATINO,0
ONE-STOP,UNA,UNDESIGNATED,TWO or MORE RACES,UNDESIGNATED,0
ONE-STOP,UNA,UNDESIGNATED,UNDESIGNATED,HISPANIC or LATINO,0
ONE-STOP,UNA,UNDESIGNATED,UNDESIGNATED,NOT HISPANIC or NOT LATINO,0
ONE-STOP,UNA,UNDESIGNATED,UNDESIGNATED,UNDESIGNATED,0
ONE-STOP,UNA,UNDESIGNATED,WHITE,HISPANIC or LATINO,0
ONE-STOP,UNA,UNDESIGNATED,WHITE,NOT HISPANIC or NOT LATINO,0
ONE-STOP,UNA,UNDESIGNATED,WHITE,UNDESIGNATED,0
ONE-STOP,WTP,FEMALE,ASIAN,HISPANIC or LATINO,0
ONE-STOP,WTP,FEMALE,ASIAN,NOT HISPANIC or NOT LATINO,0
ONE-STOP,WTP,FEMALE,ASIAN,UNDESIGNATED,0
ONE-STOP,WTP,FEMALE,BLACK or AFRICAN AMERICAN,HISPANIC or LATINO,0
ONE-STOP,WTP,FEMALE,BLACK or AFRICAN AMERICAN,NOT HISPANIC or NOT LATINO,0
ONE-STOP,WTP,FEMALE,BLACK or AFRICAN AMERICAN,UNDESIGNATED,0
ONE-STOP,WTP,FEMALE,INDIAN AMERICAN or ALASKA NATIVE,HISPANIC or LATINO,0
ONE-STOP,WTP,FEMALE,INDIAN AMERICAN or ALASKA NATIVE,NOT HISPANIC or NOT LATINO,0
ONE-STOP,WTP,FEMALE,INDIAN AMERICAN or ALASKA NATIVE,UNDESIGNATED,0
ONE-STOP,WTP,FEMALE,NATIVE HAWAIIAN or PACIFIC ISLANDER,HISPANIC or LATINO,0
ONE-STOP,WTP,FEMALE,NATIVE HAWAIIAN or PACIFIC ISLANDER,NOT HISPANIC or NOT LATINO,0
ONE-STOP,WTP,FEMALE,NATIVE HAWAIIAN or PACIFIC ISLANDER,UNDESIGNATED,0
ONE-STOP,WTP,FEMALE,OTHER,HISPANIC or LATINO,0
ONE-STOP,WTP,FEMALE,OTHER,NOT HISPANIC or NOT LATINO,0
ONE-STOP,WTP,FEMALE,OTHER,UNDESIGNATED,0
ONE-STOP,WTP,FEMALE,TWO or MORE RACES,HISPANIC or LATINO,0
ONE-STOP,WTP,FEMALE,TWO or MORE RACES,NOT HISPANIC or NOT LATINO,0
ONE-STOP,WTP,FEMALE,TWO or MORE RACES,UNDESIGNATED,0
ONE-STOP,WTP,FEMALE,UNDESIGNATED,HISPANIC or LATINO,0
ONE-STOP,WTP,FEMALE,UNDESIGNATED,NOT HISPANIC or NOT LATINO,0
ONE-STOP,WTP,FEMALE,UNDESIGNATED,UNDESIGNATED,0
ONE-STOP,WTP,FEMALE,WHITE,HISPANIC or LATINO,0
ONE-STOP,WTP,FEMALE,WHITE,NOT HISPANIC or NOT LATINO,0
ONE-STOP,WTP,FEMALE,WHITE,UNDESIGNATED,0
ONE-STOP,WTP,MALE,ASIAN,HISPANIC or LATINO,0
ONE-STOP,WTP,MALE,ASIAN,NOT HISPANIC or NOT LATINO,0
ONE-STOP,WTP,MALE,ASIAN,UNDESIGNATED,0
ONE-STOP,WTP,MALE,BLACK or AFRICAN AMERICAN,HISPANIC or LATINO,0
ONE-STOP,WTP,MALE,BLACK or AFRICAN AMERICAN,NOT HISPANIC or NOT LATINO,0
ONE-STOP,WTP,MALE,BLACK or AFRICAN AMERICAN,UNDESIGNATED,0
ONE-STOP,WTP,MALE,INDIAN AMERICAN or ALASKA NATIVE,HISPANIC or LATINO,0
ONE-STOP,WTP,MALE,INDIAN AMERICAN or ALASKA NATIVE,NOT HISPANIC or NOT LATINO,0
ONE-STOP,WTP,MALE,INDIAN AMERICAN or ALASKA NATIVE,UNDESIGNATED,0
ONE-STOP,WTP,MALE,NATIVE HAWAIIAN or PACIFIC ISLANDER,HISPANIC or LATINO,0
ONE-STOP,WTP,MALE,NATIVE HAWAIIAN or PACIFIC ISLANDER,NOT HISPANIC or NOT LATINO,0
ONE-STOP,WTP,MALE,NATIVE HAWAIIAN or PACIFIC ISLANDER,UNDESIGNATED,0
ONE-STOP,WTP,MALE,OTHER,HISPANIC or LATINO,0
ONE-STOP,WTP,MALE,OTHER,NOT HISPANIC or NOT LATINO,0
ONE-STOP,WTP,MALE,OTHER,UNDESIGNATED,0
ONE-STOP,WTP,MALE,TWO or MORE RACES,HISPANIC or LATINO,0
ONE-STOP,WTP,MALE,TWO or MORE RACES,NOT HISPANIC or NOT LATINO,0
ONE-STOP,WTP,MALE,TWO or MORE RACES,UNDESIGNATED,0
ONE-STOP,WTP,MALE,UNDESIGNATED,HISPANIC or LATINO,0
ONE-STOP,WTP,MALE,UNDESIGNATED,NOT HISPANIC or NOT LATINO,0
ONE-STOP,WTP,MALE,UNDESIGNATED,UNDESIGNATED,0
ONE-STOP,WTP,MALE,WHITE,HISPANIC or LATINO,0
ONE-STOP,WTP,MALE,WHITE,NOT HISPANIC or NOT LATINO,0
ONE-STOP,WTP,MALE,WHITE,UNDESIGNATED,0
ONE-STOP,WTP,UNDESIGNATED,ASIAN,HISPANIC or LATINO,0
ONE-STOP,WTP,UNDESIGNATED,ASIAN,NOT HISPANIC or NOT LATINO,0
ONE-STOP,WTP,UNDESIGNATED,ASIAN,UNDESIGNATED,0
ONE-STOP,WTP,UNDESIGNATED,BLACK or AFRICAN AMERICAN,HISPANIC or LATINO,0
ONE-STOP,WTP,UNDESIGNATED,BLACK or AFRICAN AMERICAN,NOT HISPANIC or NOT LATINO,0
ONE-STOP,WTP,UNDESIGNATED,BLACK or AFRICAN AMERICAN,UNDESIGNATED,0
ONE-STOP,WTP,UNDESIGNATED,INDIAN AMERICAN or ALASKA NATIVE,HISPANIC or LATINO,0
ONE-STOP,WTP,UNDESIGNATED,INDIAN AMERICAN or ALASKA NATIVE,NOT HISPANIC or NOT LATINO,0
ONE-STOP,WTP,UNDESIGNATED,INDIAN AMERICAN or ALASKA NATIVE,UNDESIGNATED,0
ONE-STOP,WTP,UNDESIGNATED,NATIVE HAWAIIAN or PACIFIC ISLANDER,HISPANIC or LATINO,0
ONE-STOP,WTP,UNDESIGNATED,NATIVE HAWAIIAN or PACIFIC ISLANDER,NOT HISPANIC or NOT LATINO,0
ONE-STOP,WTP,UNDESIGNATED,NATIVE HAWAIIAN or PACIFIC ISLANDER,UNDESIGNATED,0
ONE-STOP,WTP,UNDESIGNATED,OTHER,HISPANIC or LATINO,0
ONE-STOP,WTP,UNDESIGNATED,OTHER,NOT HISPANIC or NOT LATINO,0
ONE-STOP,WTP,UNDESIGNATED,OTHER,UNDESIGNATED,0
ONE-STOP,WTP,UNDESIGNATED,TWO or MORE RACES,HISPANIC or LATINO,0
ONE-STOP,WTP,UNDESIGNATED,TWO or MORE RACES,NOT HISPANIC or NOT LATINO,0
ONE-STOP,WTP,UNDESIGNATED,TWO or MORE RACES,UNDESIGNATED,0
ONE-STOP,WTP,UNDESIGNATED,UNDESIGNATED,HISPANIC or LATINO,0
ONE-STOP,WTP,UNDESIGNATED,UNDESIGNATED,NOT HISPANIC or NOT LATINO,0
ONE-STOP,WTP,UNDESIGNATED,UNDESIGNATED,UNDESIGNATED,0
ONE-STOP,WTP,UNDESIGNATED,WHITE,HISPANIC or LATINO,0
ONE-STOP,WTP,UNDESIGNATED,WHITE,NOT HISPANIC or NOT LATINO,0
ONE-STOP,WTP,UNDESIGNATED,WHITE,UNDESIGNATED,0
OVERSEAS,CST,FEMALE,ASIAN,HISPANIC or LATINO,0
OVERSEAS,CST,FEMALE,ASIAN,NOT HISPANIC or NOT LATINO,0
OVERSEAS,CST,FEMALE,ASIAN,UNDESIGNATED,0
OVERSEAS,CST,FEMALE,BLACK or AFRICAN AMERICAN,HISPANIC or LATINO,0
OVERSEAS,CST,FEMALE,BLACK or AFRICAN AMERICAN,NOT HISPANIC or NOT LATINO,0
OVERSEAS,CST,FEMALE,BLACK or AFRICAN AMERICAN,UNDESIGNATED,0
OVERSEAS,CST,FEMALE,INDIAN AMERICAN or ALASKA NATIVE,HISPANIC or LATINO,0
OVERSEAS,CST,FEMALE,INDIAN AMERICAN or ALASKA NATIVE,NOT HISPANIC or NOT LATINO,0
OVERSEAS,CST,FEMALE,INDIAN AMERICAN or ALASKA NATIVE,UNDESIGNATED,0
OVERSEAS,CST,FEMALE,NATIVE HAWAIIAN or PACIFIC ISLANDER,HISPANIC or LATINO,0
OVERSEAS,CST,FEMALE,NATIVE HAWAIIAN or PACIFIC ISLANDER,NOT HISPANIC or NOT LATINO,0
OVERSEAS,CST,FEMALE,NATIVE HAWAIIAN or PACIFIC ISLANDER,UNDESIGNATED,0
OVERSEAS,CST,FEMALE,OTHER,HISPANIC or LATINO,0
OVERSEAS,CST,FEMALE,OTHER,NOT HISPANIC or NOT LATINO,0
OVERSEAS,CST,FEMALE,OTHER,UNDESIGNATED,0
OVERSEAS,CST,FEMALE,TWO or MORE RACES,HISPANIC or LATINO,0
OVERSEAS,CST,FEMALE,TWO or MORE RACES,NOT HISPANIC or NOT LATINO,0
OVERSEAS,CST,FEMALE,TWO or MORE RACES,UNDESIGNATED,0
OVERSEAS,CST,FEMALE,UNDESIGNATED,HISPANIC or LATINO,0
OVERSEAS,CST,FEMALE,UNDESIGNATED,NOT HISPANIC or NOT LATINO,0
OVERSEAS,CST,FEMALE,UNDESIGNATED,UNDESIGNATED,0
OVERSEAS,CST,FEMALE,WHITE,HISPANIC or LATINO,0
OVERSEAS,CST,FEMALE,WHITE,NOT HISPANIC or NOT LATINO,0
OVERSEAS,CST,FEMALE,WHITE,UNDESIGNATED,0
OVERSEAS,CST,MALE,ASIAN,HISPANIC or LATINO,0
OVERSEAS,CST,MALE,ASIAN,NOT HISPANIC or NOT LATINO,0
OVERSEAS,CST,MALE,ASIAN,UNDESIGNATED,0
OVERSEAS,CST,MALE,BLACK or AFRICAN AMERICAN,HISPANIC or LATINO,0
OVERSEAS,CST,MALE,BLACK or AFRICAN AMERICAN,NOT HISPANIC or NOT LATINO,0
OVERSEAS,CST,MALE,BLACK or AFRICAN AMERICAN,UNDESIGNATED,0
OVERSEAS,CST,MALE,INDIAN AMERICAN or ALASKA NATIVE,HISPANIC or LATINO,0
OVERSEAS,CST,MALE,INDIAN AMERICAN or ALASKA NATIVE,NOT HISPANIC or NOT LATINO,0
OVERSEAS,CST,MALE,INDIAN AMERICAN or ALASKA NATIVE,UNDESIGNATED,0
OVERSEAS,CST,MALE,NATIVE HAWAIIAN or PACIFIC ISLANDER,HISPANIC or LATINO,0
OVERSEAS,CST,MALE,NATIVE HAWAIIAN or PACIFIC ISLANDER,NOT HISPANIC or NOT LATINO,0
OVERSEAS,CST,MALE,NATIVE HAWAIIAN or PACIFIC ISLANDER,UNDESIGNATED,0
OVERSEAS,CST,MALE,OTHER,HISPANIC or LATINO,0
OVERSEAS,CST,MALE,OTHER,NOT HISPANIC or NOT LATINO,0
OVERSEAS,CST,MALE,OTHER,UNDESIGNATED,0
OVERSEAS,CST,MALE,TWO or MORE RACES,HISPANIC or LATINO,0
OVERSEAS,CST,MALE,TWO or MORE RACES,NOT HISPANIC or NOT LATINO,0
OVERSEAS,CST,MALE,TWO or MORE RACES,UNDESIGNATED,0
OVERSEAS,CST,MALE,UNDESIGNATED,HISPANIC or LATINO,0
OVERSEAS,CST,MALE,UNDESIGNATED,NOT HISPANIC or NOT LATINO,0
OVERSEAS,CST,MALE,UNDESIGNATED,UNDESIGNATED,0
OVERSEAS,CST,MALE,WHITE,HISPANIC or LATINO,0
OVERSEAS,CST,MALE,WHITE,NOT HISPANIC or NOT LATINO,0
OVERSEAS,CST,MALE,WHITE,UNDESIGNATED,0
OVERSEAS,CST,UNDESIGNATED,ASIAN,HISPANIC or LATINO,0
OVERSEAS,CST,UNDESIGNATED,ASIAN,NOT HISPANIC or NOT LATINO,0
OVERSEAS,CST,UNDESIGNATED,ASIAN,UNDESIGNATED,0
OVERSEAS,CST,UNDESIGNATED,BLACK or AFRICAN AMERICAN,HISPANIC or LATINO,0
OVERSEAS,CST,UNDESIGNATED,BLACK or AFRICAN AMERICAN,NOT HISPANIC or NOT LATINO,0
OVERSEAS,CST,UNDESIGNATED,BLACK or AFRICAN AMERICAN,UNDESIGNATED,0
OVERSEAS,CST,UNDESIGNATED,INDIAN AMERICAN or ALASKA NATIVE,HISPANIC or LATINO,0
OVERSEAS,CST,UNDESIGNATED,INDIAN AMERICAN or ALASKA NATIVE,NOT HISPANIC or NOT LATINO,0
OVERSEAS,CST,UNDESIGNATED,INDIAN AMERICAN or ALASKA NATIVE,UNDESIGNATED,0
OVERSEAS,CST,UNDESIGNATED,NATIVE HAWAIIAN or PACIFIC ISLANDER,HISPANIC or LATINO,0
OVERSEAS,CST,UNDESIGNATED,NATIVE HAWAIIAN or PACIFIC ISLANDER,NOT HISPANIC or NOT LATINO,0
OVERSEAS,CST,UNDESIGNATED,NATIVE HAWAIIAN or PACIFIC ISLANDER,UNDESIGNATED,0
OVERSEAS,CST,UNDESIGNATED,OTHER,HISPANIC or LATINO,0
OVERSEAS,CST,UNDESIGNATED,OTHER,NOT HISPANIC or NOT LATINO,0
OVERSEAS,CST,UNDESIGNATED,OTHER,UNDESIGNATED,0
OVERSEAS,CST,UNDESIGNATED,TWO or MORE RACES,HISPANIC or LATINO,0
OVERSEAS,CST,UNDESIGNATED,TWO or MORE RACES,NOT HISPANIC or NOT LATINO,0
OVERSEAS,CST,UNDESIGNATED,TWO or MORE RACES,UNDESIGNATED,0
OVERSEAS,CST,UNDESIGNATED,UNDESIGNATED,HISPANIC or LATINO,0
OVERSEAS,CST,UNDESIGNATED,UNDESIGNATED,NOT HISPANIC or NOT LATINO,0
OVERSEAS,CST,UNDESIGNATED,UNDESIGNATED,UNDESIGNATED,0
OVERSEAS,CST,UNDESIGNATED,WHITE,HISPANIC or LATINO,0
OVERSEAS,CST,UNDESIGNATED,WHITE,NOT HISPANIC or NOT LATINO,0
OVERSEAS,CST,UNDESIGNATED,WHITE,UNDESIGNATED,0
OVERSEAS,DEM,FEMALE,ASIAN,HISPANIC or LATINO,1
OVERSEAS,DEM,FEMALE,ASIAN,NOT HISPANIC or NOT LATINO,108
OVERSEAS,DEM,FEMALE,ASIAN,UNDESIGNATED,56
OVERSEAS,DEM,FEMALE,BLACK or AFRICAN AMERICAN,HISPANIC or LATINO,6
OVERSEAS,DEM,FEMALE,BLACK or AFRICAN AMERICAN,NOT HISPANIC or NOT LATINO,230
OVERSEAS,DEM,FEMALE,BLACK or AFRICAN AMERICAN,UNDESIGNATED,77
OVERSEAS,DEM,FEMALE,INDIAN AMERICAN or ALASKA NATIVE,HISPANIC or LATINO,1
OVERSEAS,DEM,FEMALE,INDIAN AMERICAN or ALASKA NATIVE,NOT HISPANIC or NOT LATINO,5
OVERSEAS,DEM,FEMALE,INDIAN AMERICAN or ALASKA NATIVE,UNDESIGNATED,1
OVERSEAS,DEM,FEMALE,NATIVE HAWAIIAN or PACIFIC ISLANDER,HISPANIC or LATINO,0
OVERSEAS,DEM,FEMALE,NATIVE HAWAIIAN or PACIFIC ISLANDER,NOT HISPANIC or NOT LATINO,0
OVERSEAS,DEM,FEMALE,NATIVE HAWAIIAN or PACIFIC ISLANDER,UNDESIGNATED,0
OVERSEAS,DEM,FEMALE,OTHER,HISPANIC or LATINO,78
OVERSEAS,DEM,FEMALE,OTHER,NOT HISPANIC or NOT LATINO,70
OVERSEAS,DEM,FEMALE,OTHER,UNDESIGNATED,26
OVERSEAS,DEM,FEMALE,TWO or MORE RACES,HISPANIC or LATINO,22
OVERSEAS,DEM,FEMALE,TWO or MORE RACES,NOT HISPANIC or NOT LATINO,46
OVERSEAS,DEM,FEMALE,TWO or MORE RACES,UNDESIGNATED,15
OVERSEAS,DEM,FEMALE,UNDESIGNATED,HISPANIC or LATINO,26
OVERSEAS,DEM,FEMALE,UNDESIGNATED,NOT HISPANIC or NOT LATINO,24
OVERSEAS,DEM,FEMALE,UNDESIGNATED,UNDESIGNATED,1132
OVERSEAS,DEM,FEMALE,WHITE,HISPANIC or LATINO,69
OVERSEAS,DEM,FEMALE,WHITE,NOT HISPANIC or NOT LATINO,2184
OVERSEAS,DEM,FEMALE,WHITE,UNDESIGNATED,753
OVERSEAS,DEM,MALE,ASIAN,HISPANIC or LATINO,1
OVERSEAS,DEM,MALE,ASIAN,NOT HISPANIC or NOT LATINO,50
OVERSEAS,DEM,MALE,ASIAN,UNDESIGNATED,31
OVERSEAS,DEM,MALE,BLACK or AFRICAN AMERICAN,HISPANIC or LATINO,2
OVERSEAS,DEM,MALE,BLACK or AFRICAN AMERICAN,NOT HISPANIC or NOT LATINO,163
OVERSEAS,DEM,MALE,BLACK or AFRICAN AMERICAN,UNDESIGNATED,71
OVERSEAS,DEM,MALE,INDIAN AMERICAN or ALASKA NATIVE,HISPANIC or LATINO,0
OVERSEAS,DEM,MALE,INDIAN AMERICAN or ALASKA NATIVE,NOT HISPANIC or NOT LATINO,4
OVERSEAS,DEM,MALE,INDIAN AMERICAN or ALASKA NATIVE,UNDESIGNATED,0
OVERSEAS,DEM,MALE,NATIVE HAWAIIAN or PACIFIC ISLANDER,HISPANIC or LATINO,0
OVERSEAS,DEM,MALE,NATIVE HAWAIIAN or PACIFIC ISLANDER,NOT HISPANIC or NOT LATINO,0
OVERSEAS,DEM,MALE,NATIVE HAWAIIAN or PACIFIC ISLANDER,UNDESIGNATED,0
OVERSEAS,DEM,MALE,OTHER,HISPANIC or LATINO,30
OVERSEAS,DEM,MALE,OTHER,NOT HISPANIC or NOT LATINO,56
OVERSEAS,DEM,MALE,OTHER,UNDESIGNATED,24
OVERSEAS,DEM,MALE,TWO or MORE RACES,HISPANIC or LATINO,7
OVERSEAS,DEM,MALE,TWO or MORE RACES,NOT HISPANIC or NOT LATINO,20
OVERSEAS,DEM,MALE,TWO or MORE RACES,UNDESIGNATED,10
OVERSEAS,DEM,MALE,UNDESIGNATED,HISPANIC or LATINO,17
OVERSEAS,DEM,MALE,UNDESIGNATED,NOT HISPANIC or NOT LATINO,8
OVERSEAS,DEM,MALE,UNDESIGNATED,UNDESIGNATED,766
OVERSEAS,DEM,MALE,WHITE,HISPANIC or LATINO,41
OVERSEAS,DEM,MALE,WHITE,NOT HISPANIC or NOT LATINO,1370
OVERSEAS,DEM,MALE,WHITE,UNDESIGNATED,394
OVERSEAS,DEM,UNDESIGNATED,ASIAN,HISPANIC or LATINO,0
OVERSEAS,DEM,UNDESIGNATED,ASIAN,NOT HISPANIC or NOT LATINO,2
OVERSEAS,DEM,UNDESIGNATED,ASIAN,UNDESIGNATED,4
OVERSEAS,DEM,UNDESIGNATED,BLACK or AFRICAN AMERICAN,HISPANIC or LATINO,0
OVERSEAS,DEM,UNDESIGNATED,BLACK or AFRICAN AMERICAN,NOT HISPANIC or NOT LATINO,12
OVERSEAS,DEM,UNDESIGNATED,BLACK or AFRICAN AMERICAN,UNDESIGNATED,5
OVERSEAS,DEM,UNDESIGNATED,INDIAN AMERICAN or ALASKA NATIVE,HISPANIC or LATINO,0
OVERSEAS,DEM,UNDESIGNATED,INDIAN AMERICAN or ALASKA NATIVE,NOT HISPANIC or NOT LATINO,1
OVERSEAS,DEM,UNDESIGNATED,INDIAN AMERICAN or ALASKA NATIVE,UNDESIGNATED,0
OVERSEAS,DEM,UNDESIGNATED,NATIVE HAWAIIAN or PACIFIC ISLANDER,HISPANIC or LATINO,0
OVERSEAS,DEM,UNDESIGNATED,NATIVE HAWAIIAN or PACIFIC ISLANDER,NOT HISPANIC or NOT LATINO,0
OVERSEAS,DEM,UNDESIGNATED,NATIVE HAWAIIAN or PACIFIC ISLANDER,UNDESIGNATED,0
OVERSEAS,DEM,UNDESIGNATED,OTHER,HISPANIC or LATINO,0
OVERSEAS,DEM,UNDESIGNATED,OTHER,NOT HISPANIC or NOT LATINO,3
OVERSEAS,DEM,UNDESIGNATED,OTHER,UNDESIGNATED,0
OVERSEAS,DEM,UNDESIGNATED,TWO or MORE RACES,HISPANIC or LATINO,0
OVERSEAS,DEM,UNDESIGNATED,TWO or MORE RACES,NOT HISPANIC or NOT LATINO,1
OVERSEAS,DEM,UNDESIGNATED,TWO or MORE RACES,UNDESIGNATED,4
OVERSEAS,DEM,UNDESIGNATED,UNDESIGNATED,HISPANIC or LATINO,0
OVERSEAS,DEM,UNDESIGNATED,UNDESIGNATED,NOT HISPANIC or NOT LATINO,5
OVERSEAS,DEM,UNDESIGNATED,UNDESIGNATED,UNDESIGNATED,1373
OVERSEAS,DEM,UNDESIGNATED,WHITE,HISPANIC or LATINO,0
OVERSEAS,DEM,UNDESIGNATED,WHITE,NOT HISPANIC or NOT LATINO,68
OVERSEAS,DEM,UNDESIGNATED,WHITE,UNDESIGNATED,52
OVERSEAS,GRE,FEMALE,ASIAN,HISPANIC or LATINO,0
OVERSEAS,GRE,FEMALE,ASIAN,NOT HISPANIC or NOT LATINO,0
OVERSEAS,GRE,FEMALE,ASIAN,UNDESIGNATED,0
OVERSEAS,GRE,FEMALE,BLACK or AFRICAN AMERICAN,HISPANIC or LATINO,0
OVERSEAS,GRE,FEMALE,BLACK or AFRICAN AMERICAN,NOT HISPANIC or NOT LATINO,1
OVERSEAS,GRE,FEMALE,BLACK or AFRICAN AMERICAN,UNDESIGNATED,0
OVERSEAS,GRE,FEMALE,INDIAN AMERICAN or ALASKA NATIVE,HISPANIC or LATINO,0
OVERSEAS,GRE,FEMALE,INDIAN AMERICAN or ALASKA NATIVE,NOT HISPANIC or NOT LATINO,0
OVERSEAS,GRE,FEMALE,INDIAN AMERICAN or ALASKA NATIVE,UNDESIGNATED,0
OVERSEAS,GRE,FEMALE,NATIVE HAWAIIAN or PACIFIC ISLANDER,HISPANIC or LATINO,0
OVERSEAS,GRE,FEMALE,NATIVE HAWAIIAN or PACIFIC ISLANDER,NOT HISPANIC or NOT LATINO,0
OVERSEAS,GRE,FEMALE,NATIVE HAWAIIAN or PACIFIC ISLANDER,UNDESIGNATED,0
OVERSEAS,GRE,FEMALE,OTHER,HISPANIC or LATINO,1
OVERSEAS,GRE,FEMALE,OTHER,NOT HISPANIC or NOT LATINO,1
OVERSEAS,GRE,FEMALE,OTHER,UNDESIGNATED,1
OVERSEAS,GRE,FEMALE,TWO or MORE RACES,HISPANIC or LATINO,0
OVERSEAS,GRE,FEMALE,TWO or MORE RACES,NOT HISPANIC or NOT LATINO,0
OVERSEAS,GRE,FEMALE,TWO or MORE RACES,UNDESIGNATED,0
OVERSEAS,GRE,FEMALE,UNDESIGNATED,HISPANIC or LATINO,0
OVERSEAS,GRE,FEMALE,UNDESIGNATED,NOT HISPANIC or NOT LATINO,0
OVERSEAS,GRE,FEMALE,UNDESIGNATED,UNDESIGNATED,4
OVERSEAS,GRE,FEMALE,WHITE,HISPANIC or LATINO,0
OVERSEAS,GRE,FEMALE,WHITE,NOT HISPANIC or NOT LATINO,8
OVERSEAS,GRE,FEMALE,WHITE,UNDESIGNATED,3
OVERSEAS,GRE,MALE,ASIAN,HISPANIC or LATINO,0
OVERSEAS,GRE,MALE,ASIAN,NOT HISPANIC or NOT LATINO,1
OVERSEAS,GRE,MALE,ASIAN,UNDESIGNATED,1
OVERSEAS,GRE,MALE,BLACK or AFRICAN AMERICAN,HISPANIC or LATINO,0
OVERSEAS,GRE,MALE,BLACK or AFRICAN AMERICAN,NOT HISPANIC or NOT LATINO,0
OVERSEAS,GRE,MALE,BLACK or AFRICAN AMERICAN,UNDESIGNATED,0
OVERSEAS,GRE,MALE,INDIAN AMERICAN or ALASKA NATIVE,HISPANIC or LATINO,0
OVERSEAS,GRE,MALE,INDIAN AMERICAN or ALASKA NATIVE,NOT HISPANIC or NOT LATINO,0
OVERSEAS,GRE,MALE,INDIAN AMERICAN or ALASKA NATIVE,UNDESIGNATED,0
OVERSEAS,GRE,MALE,NATIVE HAWAIIAN or PACIFIC ISLANDER,HISPANIC or LATINO,0
OVERSEAS,GRE,MALE,NATIVE HAWAIIAN or PACIFIC ISLANDER,NOT HISPANIC or NOT LATINO,0
OVERSEAS,GRE,MALE,NATIVE HAWAIIAN or PACIFIC ISLANDER,UNDESIGNATED,0
OVERSEAS,GRE,MALE,OTHER,HISPANIC or LATINO,0
OVERSEAS,GRE,MALE,OTHER,NOT HISPANIC or NOT LATINO,0
OVERSEAS,GRE,MALE,OTHER,UNDESIGNATED,0
OVERSEAS,GRE,MALE,TWO or MORE RACES,HISPANIC or LATINO,0
OVERSEAS,GRE,MALE,TWO or MORE RACES,NOT HISPANIC or NOT LATINO,1
OVERSEAS,GRE,MALE,TWO or MORE RACES,UNDESIGNATED,0
OVERSEAS,GRE,MALE,UNDESIGNATED,HISPANIC or LATINO,0
OVERSEAS,GRE,MALE,UNDESIGNATED,NOT HISPANIC or NOT LATINO,0
OVERSEAS,GRE,MALE,UNDESIGNATED,UNDESIGNATED,2
OVERSEAS,GRE,MALE,WHITE,HISPANIC or LATINO,0
OVERSEAS,GRE,MALE,WHITE,NOT HISPANIC or NOT LATINO,7
OVERSEAS,GRE,MALE,WHITE,UNDESIGNATED,0
OVERSEAS,GRE,UNDESIGNATED,ASIAN,HISPANIC or LATINO,0
OVERSEAS,GRE,UNDESIGNATED,ASIAN,NOT HISPANIC or NOT LATINO,0
OVERSEAS,GRE,UNDESIGNATED,ASIAN,UNDESIGNATED,0
OVERSEAS,GRE,UNDESIGNATED,BLACK or AFRICAN AMERICAN,HISPANIC or LATINO,0
OVERSEAS,GRE,UNDESIGNATED,BLACK or AFRICAN AMERICAN,NOT HISPANIC or NOT LATINO,0
OVERSEAS,GRE,UNDESIGNATED,BLACK or AFRICAN AMERICAN,UNDESIGNATED,0
OVERSEAS,GRE,UNDESIGNATED,INDIAN AMERICAN or ALASKA NATIVE,HISPANIC or LATINO,0
OVERSEAS,GRE,UNDESIGNATED,INDIAN AMERICAN or ALASKA NATIVE,NOT HISPANIC or NOT LATINO,0
OVERSEAS,GRE,UNDESIGNATED,INDIAN AMERICAN or ALASKA NATIVE,UNDESIGNATED,0
OVERSEAS,GRE,UNDESIGNATED,NATIVE HAWAIIAN or PACIFIC ISLANDER,HISPANIC or LATINO,0
OVERSEAS,GRE,UNDESIGNATED,NATIVE HAWAIIAN or PACIFIC ISLANDER,NOT HISPANIC or NOT LATINO,0
OVERSEAS,GRE,UNDESIGNATED,NATIVE HAWAIIAN or PACIFIC ISLANDER,UNDESIGNATED,0
OVERSEAS,GRE,UNDESIGNATED,OTHER,HISPANIC or LATINO,0
OVERSEAS,GRE,UNDESIGNATED,OTHER,NOT HISPANIC or NOT LATINO,0
OVERSEAS,GRE,UNDESIGNATED,OTHER,UNDESIGNATED,0
OVERSEAS,GRE,UNDESIGNATED,TWO or MORE RACES,HISPANIC or LATINO,0
OVERSEAS,GRE,UNDESIGNATED,TWO or MORE RACES,NOT HISPANIC or NOT LATINO,0
OVERSEAS,GRE,UNDESIGNATED,TWO or MORE RACES,UNDESIGNATED,0
OVERSEAS,GRE,UNDESIGNATED,UNDESIGNATED,HISPANIC or LATINO,0
OVERSEAS,GRE,UNDESIGNATED,UNDESIGNATED,NOT HISPANIC or NOT LATINO,0
OVERSEAS,GRE,UNDESIGNATED,UNDESIGNATED,UNDESIGNATED,10
OVERSEAS,GRE,UNDESIGNATED,WHITE,HISPANIC or LATINO,0
OVERSEAS,GRE,UNDESIGNATED,WHITE,NOT HISPANIC or NOT LATINO,0
OVERSEAS,GRE,UNDESIGNATED,WHITE,UNDESIGNATED,1
OVERSEAS,JFA,FEMALE,ASIAN,HISPANIC or LATINO,0
OVERSEAS,JFA,FEMALE,ASIAN,NOT HISPANIC or NOT LATINO,0
OVERSEAS,JFA,FEMALE,ASIAN,UNDESIGNATED,0
OVERSEAS,JFA,FEMALE,BLACK or AFRICAN AMERICAN,HISPANIC or LATINO,0
OVERSEAS,JFA,FEMALE,BLACK or AFRICAN AMERICAN,NOT HISPANIC or NOT LATINO,1
OVERSEAS,JFA,FEMALE,BLACK or AFRICAN AMERICAN,UNDESIGNATED,0
OVERSEAS,JFA,FEMALE,INDIAN AMERICAN or ALASKA NATIVE,HISPANIC or LATINO,0
OVERSEAS,JFA,FEMALE,INDIAN AMERICAN or ALASKA NATIVE,NOT HISPANIC or NOT LATINO,0
OVERSEAS,JFA,FEMALE,INDIAN AMERICAN or ALASKA NATIVE,UNDESIGNATED,0
OVERSEAS,JFA,FEMALE,NATIVE HAWAIIAN or PACIFIC ISLANDER,HISPANIC or LATINO,0
OVERSEAS,JFA,FEMALE,NATIVE HAWAIIAN or PACIFIC ISLANDER,NOT HISPANIC or NOT LATINO,0
OVERSEAS,JFA,FEMALE,NATIVE HAWAIIAN or PACIFIC ISLANDER,UNDESIGNATED,0
OVERSEAS,JFA,FEMALE,OTHER,HISPANIC or LATINO,0
OVERSEAS,JFA,FEMALE,OTHER,NOT HISPANIC or NOT LATINO,0
OVERSEAS,JFA,FEMALE,OTHER,UNDESIGNATED,0
OVERSEAS,JFA,FEMALE,TWO or MORE RACES,HISPANIC or LATINO,0
OVERSEAS,JFA,FEMALE,TWO or MORE RACES,NOT HISPANIC or NOT LATINO,0
OVERSEAS,JFA,FEMALE,TWO or MORE RACES,UNDESIGNATED,0
OVERSEAS,JFA,FEMALE,UNDESIGNATED,HISPANIC or LATINO,0
OVERSEAS,JFA,FEMALE,UNDESIGNATED,NOT HISPANIC or NOT LATINO,0
OVERSEAS,JFA,FEMALE,UNDESIGNATED,UNDESIGNATED,0
OVERSEAS,JFA,FEMALE,WHITE,HISPANIC or LATINO,0
OVERSEAS,JFA,FEMALE,WHITE,NOT HISPANIC or NOT LATINO,0
OVERSEAS,JFA,FEMALE,WHITE,UNDESIGNATED,0
OVERSEAS,JFA,MALE,ASIAN,HISPANIC or LATINO,0
OVERSEAS,JFA,MALE,ASIAN,NOT HISPANIC or NOT LATINO,0
OVERSEAS,JFA,MALE,ASIAN,UNDESIGNATED,0
OVERSEAS,JFA,MALE,BLACK or AFRICAN AMERICAN,HISPANIC or LATINO,0
OVERSEAS,JFA,MALE,BLACK or AFRICAN AMERICAN,NOT HISPANIC or NOT LATINO,0
OVERSEAS,JFA,MALE,BLACK or AFRICAN AMERICAN,UNDESIGNATED,0
OVERSEAS,JFA,MALE,INDIAN AMERICAN or ALASKA NATIVE,HISPANIC or LATINO,0
OVERSEAS,JFA,MALE,INDIAN AMERICAN or ALASKA NATIVE,NOT HISPANIC or NOT LATINO,0
OVERSEAS,JFA,MALE,INDIAN AMERICAN or ALASKA NATIVE,UNDESIGNATED,0
OVERSEAS,JFA,MALE,NATIVE HAWAIIAN or PACIFIC ISLANDER,HISPANIC or LATINO,0
OVERSEAS,JFA,MALE,NATIVE HAWAIIAN or PACIFIC ISLANDER,NOT HISPANIC or NOT LATINO,0
OVERSEAS,JFA,MALE,NATIVE HAWAIIAN or PACIFIC ISLANDER,UNDESIGNATED,0
OVERSEAS,JFA,MALE,OTHER,HISPANIC or LATINO,0
OVERSEAS,JFA,MALE,OTHER,NOT HISPANIC or NOT LATINO,0
OVERSEAS,JFA,MALE,OTHER,UNDESIGNATED,0
OVERSEAS,JFA,MALE,TWO or MORE RACES,HISPANIC or LATINO,0
OVERSEAS,JFA,MALE,TWO or MORE RACES,NOT HISPANIC or NOT LATINO,0
OVERSEAS,JFA,MALE,TWO or MORE RACES,UNDESIGNATED,0
OVERSEAS,JFA,MALE,UNDESIGNATED,HISPANIC or LATINO,0
OVERSEAS,JFA,MALE,UNDESIGNATED,NOT HISPANIC or NOT LATINO,0
OVERSEAS,JFA,MALE,UNDESIGNATED,UNDESIGNATED,0
OVERSEAS,JFA,MALE,WHITE,HISPANIC or LATINO,0
OVERSEAS,JFA,MALE,WHITE,NOT HISPANIC or NOT LATINO,0
OVERSEAS,JFA,MALE,WHITE,UNDESIGNATED,0
OVERSEAS,JFA,UNDESIGNATED,ASIAN,HISPANIC or LATINO,0
OVERSEAS,JFA,UNDESIGNATED,ASIAN,NOT HISPANIC or NOT LATINO,0
OVERSEAS,JFA,UNDESIGNATED,ASIAN,UNDESIGNATED,0
OVERSEAS,JFA,UNDESIGNATED,BLACK or AFRICAN AMERICAN,HISPANIC or LATINO,0
OVERSEAS,JFA,UNDESIGNATED,BLACK or AFRICAN AMERICAN,NOT HISPANIC or NOT LATINO,0
OVERSEAS,JFA,UNDESIGNATED,BLACK or AFRICAN AMERICAN,UNDESIGNATED,0
OVERSEAS,JFA,UNDESIGNATED,INDIAN AMERICAN or ALASKA NATIVE,HISPANIC or LATINO,0
OVERSEAS,JFA,UNDESIGNATED,INDIAN AMERICAN or ALASKA NATIVE,NOT HISPANIC or NOT LATINO,0
OVERSEAS,JFA,UNDESIGNATED,INDIAN AMERICAN or ALASKA NATIVE,UNDESIGNATED,0
OVERSEAS,JFA,UNDESIGNATED,NATIVE HAWAIIAN or PACIFIC ISLANDER,HISPANIC or LATINO,0
OVERSEAS,JFA,UNDESIGNATED,NATIVE HAWAIIAN or PACIFIC ISLANDER,NOT HISPANIC or NOT LATINO,0
OVERSEAS,JFA,UNDESIGNATED,NATIVE HAWAIIAN or PACIFIC ISLANDER,UNDESIGNATED,0
OVERSEAS,JFA,UNDESIGNATED,OTHER,HISPANIC or LATINO,0
OVERSEAS,JFA,UNDESIGNATED,OTHER,NOT HISPANIC or NOT LATINO,0
OVERSEAS,JFA,UNDESIGNATED,OTHER,UNDESIGNATED,0
OVERSEAS,JFA,UNDESIGNATED,TWO or MORE RACES,HISPANIC or LATINO,0
OVERSEAS,JFA,UNDESIGNATED,TWO or MORE RACES,NOT HISPANIC or NOT LATINO,0
OVERSEAS,JFA,UNDESIGNATED,TWO or MORE RACES,UNDESIGNATED,0
OVERSEAS,JFA,UNDESIGNATED,UNDESIGNATED,HISPANIC or LATINO,0
OVERSEAS,JFA,UNDESIGNATED,UNDESIGNATED,NOT HISPANIC or NOT LATINO,0
OVERSEAS,JFA,UNDESIGNATED,UNDESIGNATED,UNDESIGNATED,0
OVERSEAS,JFA,UNDESIGNATED,WHITE,HISPANIC or LATINO,0
OVERSEAS,JFA,UNDESIGNATED,WHITE,NOT HISPANIC or NOT LATINO,0
OVERSEAS,JFA,UNDESIGNATED,WHITE,UNDESIGNATED,0
OVERSEAS,LIB,FEMALE,ASIAN,HISPANIC or LATINO,0
OVERSEAS,LIB,FEMALE,ASIAN,NOT HISPANIC or NOT LATINO,0
OVERSEAS,LIB,FEMALE,ASIAN,UNDESIGNATED,0
OVERSEAS,LIB,FEMALE,BLACK or AFRICAN AMERICAN,HISPANIC or LATINO,0
OVERSEAS,LIB,FEMALE,BLACK or AFRICAN AMERICAN,NOT HISPANIC or NOT LATINO,2
OVERSEAS,LIB,FEMALE,BLACK or AFRICAN AMERICAN,UNDESIGNATED,0
OVERSEAS,LIB,FEMALE,INDIAN AMERICAN or ALASKA NATIVE,HISPANIC or LATINO,0
OVERSEAS,LIB,FEMALE,INDIAN AMERICAN or ALASKA NATIVE,NOT HISPANIC or NOT LATINO,0
OVERSEAS,LIB,FEMALE,INDIAN AMERICAN or ALASKA NATIVE,UNDESIGNATED,0
OVERSEAS,LIB,FEMALE,NATIVE HAWAIIAN or PACIFIC ISLANDER,HISPANIC or LATINO,0
OVERSEAS,LIB,FEMALE,NATIVE HAWAIIAN or PACIFIC ISLANDER,NOT HISPANIC or NOT LATINO,0
OVERSEAS,LIB,FEMALE,NATIVE HAWAIIAN or PACIFIC ISLANDER,UNDESIGNATED,0
OVERSEAS,LIB,FEMALE,OTHER,HISPANIC or LATINO,1
OVERSEAS,LIB,FEMALE,OTHER,NOT HISPANIC or NOT LATINO,0
OVERSEAS,LIB,FEMALE,OTHER,UNDESIGNATED,0
OVERSEAS,LIB,FEMALE,TWO or MORE RACES,HISPANIC or LATINO,0
OVERSEAS,LIB,FEMALE,TWO or MORE RACES,NOT HISPANIC or NOT LATINO,0
OVERSEAS,LIB,FEMALE,TWO or MORE RACES,UNDESIGNATED,0
OVERSEAS,LIB,FEMALE,UNDESIGNATED,HISPANIC or LATINO,0
OVERSEAS,LIB,FEMALE,UNDESIGNATED,NOT HISPANIC or NOT LATINO,0
OVERSEAS,LIB,FEMALE,UNDESIGNATED,UNDESIGNATED,1
OVERSEAS,LIB,FEMALE,WHITE,HISPANIC or LATINO,0
OVERSEAS,LIB,FEMALE,WHITE,NOT HISPANIC or NOT LATINO,14
OVERSEAS,LIB,FEMALE,WHITE,UNDESIGNATED,9
OVERSEAS,LIB,MALE,ASIAN,HISPANIC or LATINO,0
OVERSEAS,LIB,MALE,ASIAN,NOT HISPANIC or NOT LATINO,0
OVERSEAS,LIB,MALE,ASIAN,UNDESIGNATED,0
OVERSEAS,LIB,MALE,BLACK or AFRICAN AMERICAN,HISPANIC or LATINO,0
OVERSEAS,LIB,MALE,BLACK or AFRICAN AMERICAN,NOT HISPANIC or NOT LATINO,0
OVERSEAS,LIB,MALE,BLACK or AFRICAN AMERICAN,UNDESIGNATED,0
OVERSEAS,LIB,MALE,INDIAN AMERICAN or ALASKA NATIVE,HISPANIC or LATINO,0
OVERSEAS,LIB,MALE,INDIAN AMERICAN or ALASKA NATIVE,NOT HISPANIC or NOT LATINO,0
OVERSEAS,LIB,MALE,INDIAN AMERICAN or ALASKA NATIVE,UNDESIGNATED,0
OVERSEAS,LIB,MALE,NATIVE HAWAIIAN or PACIFIC ISLANDER,HISPANIC or LATINO,0
OVERSEAS,LIB,MALE,NATIVE HAWAIIAN or PACIFIC ISLANDER,NOT HISPANIC or NOT LATINO,0
OVERSEAS,LIB,MALE,NATIVE HAWAIIAN or PACIFIC ISLANDER,UNDESIGNATED,0
OVERSEAS,LIB,MALE,OTHER,HISPANIC or LATINO,0
OVERSEAS,LIB,MALE,OTHER,NOT HISPANIC or NOT LATINO,1
OVERSEAS,LIB,MALE,OTHER,UNDESIGNATED,0
OVERSEAS,LIB,MALE,TWO or MORE RACES,HISPANIC or LATINO,0
OVERSEAS,LIB,MALE,TWO or MORE RACES,NOT HISPANIC or NOT LATINO,0
OVERSEAS,LIB,MALE,TWO or MORE RACES,UNDESIGNATED,0
OVERSEAS,LIB,MALE,UNDESIGNATED,HISPANIC or LATINO,0
OVERSEAS,LIB,MALE,UNDESIGNATED,NOT HISPANIC or NOT LATINO,0
OVERSEAS,LIB,MALE,UNDESIGNATED,UNDESIGNATED,9
OVERSEAS,LIB,MALE,WHITE,HISPANIC or LATINO,0
OVERSEAS,LIB,MALE,WHITE,NOT HISPANIC or NOT LATINO,22
OVERSEAS,LIB,MALE,WHITE,UNDESIGNATED,4
OVERSEAS,LIB,UNDESIGNATED,ASIAN,HISPANIC or LATINO,0
OVERSEAS,LIB,UNDESIGNATED,ASIAN,NOT HISPANIC or NOT LATINO,0
OVERSEAS,LIB,UNDESIGNATED,ASIAN,UNDESIGNATED,0
OVERSEAS,LIB,UNDESIGNATED,BLACK or AFRICAN AMERICAN,HISPANIC or LATINO,0
OVERSEAS,LIB,UNDESIGNATED,BLACK or AFRICAN AMERICAN,NOT HISPANIC or NOT LATINO,0
OVERSEAS,LIB,UNDESIGNATED,BLACK or AFRICAN AMERICAN,UNDESIGNATED,0
OVERSEAS,LIB,UNDESIGNATED,INDIAN AMERICAN or ALASKA NATIVE,HISPANIC or LATINO,0
OVERSEAS,LIB,UNDESIGNATED,INDIAN AMERICAN or ALASKA NATIVE,NOT HISPANIC or NOT LATINO,0
OVERSEAS,LIB,UNDESIGNATED,INDIAN AMERICAN or ALASKA NATIVE,UNDESIGNATED,0
OVERSEAS,LIB,UNDESIGNATED,NATIVE HAWAIIAN or PACIFIC ISLANDER,HISPANIC or LATINO,0
OVERSEAS,LIB,UNDESIGNATED,NATIVE HAWAIIAN or PACIFIC ISLANDER,NOT HISPANIC or NOT LATINO,0
OVERSEAS,LIB,UNDESIGNATED,NATIVE HAWAIIAN or PACIFIC ISLANDER,UNDESIGNATED,0
OVERSEAS,LIB,UNDESIGNATED,OTHER,HISPANIC or LATINO,0
OVERSEAS,LIB,UNDESIGNATED,OTHER,NOT HISPANIC or NOT LATINO,0
OVERSEAS,LIB,UNDESIGNATED,OTHER,UNDESIGNATED,0
OVERSEAS,LIB,UNDESIGNATED,TWO or MORE RACES,HISPANIC or LATINO,0
OVERSEAS,LIB,UNDESIGNATED,TWO or MORE RACES,NOT HISPANIC or NOT LATINO,0
OVERSEAS,LIB,UNDESIGNATED,TWO or MORE RACES,UNDESIGNATED,0
OVERSEAS,LIB,UNDESIGNATED,UNDESIGNATED,HISPANIC or LATINO,0
OVERSEAS,LIB,UNDESIGNATED,UNDESIGNATED,NOT HISPANIC or NOT LATINO,0
OVERSEAS,LIB,UNDESIGNATED,UNDESIGNATED,UNDESIGNATED,11
OVERSEAS,LIB,UNDESIGNATED,WHITE,HISPANIC or LATINO,0
OVERSEAS,LIB,UNDESIGNATED,WHITE,NOT HISPANIC or NOT LATINO,1
OVERSEAS,LIB,UNDESIGNATED,WHITE,UNDESIGNATED,0
OVERSEAS,NLB,FEMALE,ASIAN,HISPANIC or LATINO,0
OVERSEAS,NLB,FEMALE,ASIAN,NOT HISPANIC or NOT LATINO,2
OVERSEAS,NLB,FEMALE,ASIAN,UNDESIGNATED,0
OVERSEAS,NLB,FEMALE,BLACK or AFRICAN AMERICAN,HISPANIC or LATINO,0
OVERSEAS,NLB,FEMALE,BLACK or AFRICAN AMERICAN,NOT HISPANIC or NOT LATINO,1
OVERSEAS,NLB,FEMALE,BLACK or AFRICAN AMERICAN,UNDESIGNATED,1
OVERSEAS,NLB,FEMALE,INDIAN AMERICAN or ALASKA NATIVE,HISPANIC or LATINO,0
OVERSEAS,NLB,FEMALE,INDIAN AMERICAN or ALASKA NATIVE,NOT HISPANIC or NOT LATINO,0
OVERSEAS,NLB,FEMALE,INDIAN AMERICAN or ALASKA NATIVE,UNDESIGNATED,0
OVERSEAS,NLB,FEMALE,NATIVE HAWAIIAN or PACIFIC ISLANDER,HISPANIC or LATINO,0
OVERSEAS,NLB,FEMALE,NATIVE HAWAIIAN or PACIFIC ISLANDER,NOT HISPANIC or NOT LATINO,0
OVERSEAS,NLB,FEMALE,NATIVE HAWAIIAN or PACIFIC ISLANDER,UNDESIGNATED,0
OVERSEAS,NLB,FEMALE,OTHER,HISPANIC or LATINO,1
OVERSEAS,NLB,FEMALE,OTHER,NOT HISPANIC or NOT LATINO,0
OVERSEAS,NLB,FEMALE,OTHER,UNDESIGNATED,0
OVERSEAS,NLB,FEMALE,TWO or MORE RACES,HISPANIC or LATINO,0
OVERSEAS,NLB,FEMALE,TWO or MORE RACES,NOT HISPANIC or NOT LATINO,1
OVERSEAS,NLB,FEMALE,TWO or MORE RACES,UNDESIGNATED,0
OVERSEAS,NLB,FEMALE,UNDESIGNATED,HISPANIC or LATINO,1
OVERSEAS,NLB,FEMALE,UNDESIGNATED,NOT HISPANIC or NOT LATINO,0
OVERSEAS,NLB,FEMALE,UNDESIGNATED,UNDESIGNATED,27
OVERSEAS,NLB,FEMALE,WHITE,HISPANIC or LATINO,1
OVERSEAS,NLB,FEMALE,WHITE,NOT HISPANIC or NOT LATINO,16
OVERSEAS,NLB,FEMALE,WHITE,UNDESIGNATED,9
OVERSEAS,NLB,MALE,ASIAN,HISPANIC or LATINO,0
OVERSEAS,NLB,MALE,ASIAN,NOT HISPANIC or NOT LATINO,0
OVERSEAS,NLB,MALE,ASIAN,UNDESIGNATED,3
OVERSEAS,NLB,MALE,BLACK or AFRICAN AMERICAN,HISPANIC or LATINO,0
OVERSEAS,NLB,MALE,BLACK or AFRICAN AMERICAN,NOT HISPANIC or NOT LATINO,1
OVERSEAS,NLB,MALE,BLACK or AFRICAN AMERICAN,UNDESIGNATED,3
OVERSEAS,NLB,MALE,INDIAN AMERICAN or ALASKA NATIVE,HISPANIC or LATINO,0
OVERSEAS,NLB,MALE,INDIAN AMERICAN or ALASKA NATIVE,NOT HISPANIC or NOT LATINO,0
OVERSEAS,NLB,MALE,INDIAN AMERICAN or ALASKA NATIVE,UNDESIGNATED,0
OVERSEAS,NLB,MALE,NATIVE HAWAIIAN or PACIFIC ISLANDER,HISPANIC or LATINO,0
OVERSEAS,NLB,MALE,NATIVE HAWAIIAN or PACIFIC ISLANDER,NOT HISPANIC or NOT LATINO,0
OVERSEAS,NLB,MALE,NATIVE HAWAIIAN or PACIFIC ISLANDER,UNDESIGNATED,0
OVERSEAS,NLB,MALE,OTHER,HISPANIC or LATINO,1
OVERSEAS,NLB,MALE,OTHER,NOT HISPANIC or NOT LATINO,1
OVERSEAS,NLB,MALE,OTHER,UNDESIGNATED,0
OVERSEAS,NLB,MALE,TWO or MORE RACES,HISPANIC or LATINO,0
OVERSEAS,NLB,MALE,TWO or MORE RACES,NOT HISPANIC or NOT LATINO,0
OVERSEAS,NLB,MALE,TWO or MORE RACES,UNDESIGNATED,0
OVERSEAS,NLB,MALE,UNDESIGNATED,HISPANIC or LATINO,0
OVERSEAS,NLB,MALE,UNDESIGNATED,NOT HISPANIC or NOT LATINO,0
OVERSEAS,NLB,MALE,UNDESIGNATED,UNDESIGNATED,24
OVERSEAS,NLB,MALE,WHITE,HISPANIC or LATINO,1
OVERSEAS,NLB,MALE,WHITE,NOT HISPANIC or NOT LATINO,8
OVERSEAS,NLB,MALE,WHITE,UNDESIGNATED,1
OVERSEAS,NLB,UNDESIGNATED,ASIAN,HISPANIC or LATINO,0
OVERSEAS,NLB,UNDESIGNATED,ASIAN,NOT HISPANIC or NOT LATINO,0
OVERSEAS,NLB,UNDESIGNATED,ASIAN,UNDESIGNATED,0
OVERSEAS,NLB,UNDESIGNATED,BLACK or AFRICAN AMERICAN,HISPANIC or LATINO,0
OVERSEAS,NLB,UNDESIGNATED,BLACK or AFRICAN AMERICAN,NOT HISPANIC or NOT LATINO,1
OVERSEAS,NLB,UNDESIGNATED,BLACK or AFRICAN AMERICAN,UNDESIGNATED,0
OVERSEAS,NLB,UNDESIGNATED,INDIAN AMERICAN or ALASKA NATIVE,HISPANIC or LATINO,0
OVERSEAS,NLB,UNDESIGNATED,INDIAN AMERICAN or ALASKA NATIVE,NOT HISPANIC or NOT LATINO,0
OVERSEAS,NLB,UNDESIGNATED,INDIAN AMERICAN or ALASKA NATIVE,UNDESIGNATED,0
OVERSEAS,NLB,UNDESIGNATED,NATIVE HAWAIIAN or PACIFIC ISLANDER,HISPANIC or LATINO,0
OVERSEAS,NLB,UNDESIGNATED,NATIVE HAWAIIAN or PACIFIC ISLANDER,NOT HISPANIC or NOT LATINO,0
OVERSEAS,NLB,UNDESIGNATED,NATIVE HAWAIIAN or PACIFIC ISLANDER,UNDESIGNATED,0
OVERSEAS,NLB,UNDESIGNATED,OTHER,HISPANIC or LATINO,0
OVERSEAS,NLB,UNDESIGNATED,OTHER,NOT HISPANIC or NOT LATINO,0
OVERSEAS,NLB,UNDESIGNATED,OTHER,UNDESIGNATED,0
OVERSEAS,NLB,UNDESIGNATED,TWO or MORE RACES,HISPANIC or LATINO,0
OVERSEAS,NLB,UNDESIGNATED,TWO or MORE RACES,NOT HISPANIC or NOT LATINO,0
OVERSEAS,NLB,UNDESIGNATED,TWO or MORE RACES,UNDESIGNATED,1
OVERSEAS,NLB,UNDESIGNATED,UNDESIGNATED,HISPANIC or LATINO,0
OVERSEAS,NLB,UNDESIGNATED,UNDESIGNATED,NOT HISPANIC or NOT LATINO,0
OVERSEAS,NLB,UNDESIGNATED,UNDESIGNATED,UNDESIGNATED,60
OVERSEAS,NLB,UNDESIGNATED,WHITE,HISPANIC or LATINO,0
OVERSEAS,NLB,UNDESIGNATED,WHITE,NOT HISPANIC or NOT LATINO,1
OVERSEAS,NLB,UNDESIGNATED,WHITE,UNDESIGNATED,0
OVERSEAS,REP,FEMALE,ASIAN,HISPANIC or LATINO,1
OVERSEAS,REP,FEMALE,ASIAN,NOT HISPANIC or NOT LATINO,21
OVERSEAS,REP,FEMALE,ASIAN,UNDESIGNATED,11
OVERSEAS,REP,FEMALE,BLACK or AFRICAN AMERICAN,HISPANIC or LATINO,0
OVERSEAS,REP,FEMALE,BLACK or AFRICAN AMERICAN,NOT HISPANIC or NOT LATINO,7
OVERSEAS,REP,FEMALE,BLACK or AFRICAN AMERICAN,UNDESIGNATED,3
OVERSEAS,REP,FEMALE,INDIAN AMERICAN or ALASKA NATIVE,HISPANIC or LATINO,0
OVERSEAS,REP,FEMALE,INDIAN AMERICAN or ALASKA NATIVE,NOT HISPANIC or NOT LATINO,1
OVERSEAS,REP,FEMALE,INDIAN AMERICAN or ALASKA NATIVE,UNDESIGNATED,1
OVERSEAS,REP,FEMALE,NATIVE HAWAIIAN or PACIFIC ISLANDER,HISPANIC or LATINO,0
OVERSEAS,REP,FEMALE,NATIVE HAWAIIAN or PACIFIC ISLANDER,NOT HISPANIC or NOT LATINO,0
OVERSEAS,REP,FEMALE,NATIVE HAWAIIAN or PACIFIC ISLANDER,UNDESIGNATED,0
OVERSEAS,REP,FEMALE,OTHER,HISPANIC or LATINO,14
OVERSEAS,REP,FEMALE,OTHER,NOT HISPANIC or NOT LATINO,8
OVERSEAS,REP,FEMALE,OTHER,UNDESIGNATED,5
OVERSEAS,REP,FEMALE,TWO or MORE RACES,HISPANIC or LATINO,1
OVERSEAS,REP,FEMALE,TWO or MORE RACES,NOT HISPANIC or NOT LATINO,4
OVERSEAS,REP,FEMALE,TWO or MORE RACES,UNDESIGNATED,2
OVERSEAS,REP,FEMALE,UNDESIGNATED,HISPANIC or LATINO,3
OVERSEAS,REP,FEMALE,UNDESIGNATED,NOT HISPANIC or NOT LATINO,3
OVERSEAS,REP,FEMALE,UNDESIGNATED,UNDESIGNATED,132
OVERSEAS,REP,FEMALE,WHITE,HISPANIC or LATINO,9
OVERSEAS,REP,FEMALE,WHITE,NOT HISPANIC or NOT LATINO,413
OVERSEAS,REP,FEMALE,WHITE,UNDESIGNATED,128
OVERSEAS,REP,MALE,ASIAN,HISPANIC or LATINO,0
OVERSEAS,REP,MALE,ASIAN,NOT HISPANIC or NOT LATINO,17
OVERSEAS,REP,MALE,ASIAN,UNDESIGNATED,7
OVERSEAS,REP,MALE,BLACK or AFRICAN AMERICAN,HISPANIC or LATINO,0
OVERSEAS,REP,MALE,BLACK or AFRICAN AMERICAN,NOT HISPANIC or NOT LATINO,14
OVERSEAS,REP,MALE,BLACK or AFRICAN AMERICAN,UNDESIGNATED,4
OVERSEAS,REP,MALE,INDIAN AMERICAN or ALASKA NATIVE,HISPANIC or LATINO,0
OVERSEAS,REP,MALE,INDIAN AMERICAN or ALASKA NATIVE,NOT HISPANIC or NOT LATINO,6
OVERSEAS,REP,MALE,INDIAN AMERICAN or ALASKA NATIVE,UNDESIGNATED,2
OVERSEAS,REP,MALE,NATIVE HAWAIIAN or PACIFIC ISLANDER,HISPANIC or LATINO,0
OVERSEAS,REP,MALE,NATIVE HAWAIIAN or PACIFIC ISLANDER,NOT HISPANIC or NOT LATINO,0
OVERSEAS,REP,MALE,NATIVE HAWAIIAN or PACIFIC ISLANDER,UNDESIGNATED,0
OVERSEAS,REP,MALE,OTHER,HISPANIC or LATINO,15
OVERSEAS,REP,MALE,OTHER,NOT HISPANIC or NOT LATINO,27
OVERSEAS,REP,MALE,OTHER,UNDESIGNATED,7
OVERSEAS,REP,MALE,TWO or MORE RACES,HISPANIC or LATINO,2
OVERSEAS,REP,MALE,TWO or MORE RACES,NOT HISPANIC or NOT LATINO,3
OVERSEAS,REP,MALE,TWO or MORE RACES,UNDESIGNATED,1
OVERSEAS,REP,MALE,UNDESIGNATED,HISPANIC or LATINO,5
OVERSEAS,REP,MALE,UNDESIGNATED,NOT HISPANIC or NOT LATINO,7
OVERSEAS,REP,MALE,UNDESIGNATED,UNDESIGNATED,193
OVERSEAS,REP,MALE,WHITE,HISPANIC or LATINO,7
OVERSEAS,REP,MALE,WHITE,NOT HISPANIC or NOT LATINO,502
OVERSEAS,REP,MALE,WHITE,UNDESIGNATED,169
OVERSEAS,REP,UNDESIGNATED,ASIAN,HISPANIC or LATINO,0
OVERSEAS,REP,UNDESIGNATED,ASIAN,NOT HISPANIC or NOT LATINO,1
OVERSEAS,REP,UNDESIGNATED,ASIAN,UNDESIGNATED,0
OVERSEAS,REP,UNDESIGNATED,BLACK or AFRICAN AMERICAN,HISPANIC or LATINO,0
OVERSEAS,REP,UNDESIGNATED,BLACK or AFRICAN AMERICAN,NOT HISPANIC or NOT LATINO,0
OVERSEAS,REP,UNDESIGNATED,BLACK or AFRICAN AMERICAN,UNDESIGNATED,1
OVERSEAS,REP,UNDESIGNATED,INDIAN AMERICAN or ALASKA NATIVE,HISPANIC or LATINO,0
OVERSEAS,REP,UNDESIGNATED,INDIAN AMERICAN or ALASKA NATIVE,NOT HISPANIC or NOT LATINO,0
OVERSEAS,REP,UNDESIGNATED,INDIAN AMERICAN or ALASKA NATIVE,UNDESIGNATED,0
OVERSEAS,REP,UNDESIGNATED,NATIVE HAWAIIAN or PACIFIC ISLANDER,HISPANIC or LATINO,0
OVERSEAS,REP,UNDESIGNATED,NATIVE HAWAIIAN or PACIFIC ISLANDER,NOT HISPANIC or NOT LATINO,0
OVERSEAS,REP,UNDESIGNATED,NATIVE HAWAIIAN or PACIFIC ISLANDER,UNDESIGNATED,0
OVERSEAS,REP,UNDESIGNATED,OTHER,HISPANIC or LATINO,0
OVERSEAS,REP,UNDESIGNATED,OTHER,NOT HISPANIC or NOT LATINO,1
OVERSEAS,REP,UNDESIGNATED,OTHER,UNDESIGNATED,1
OVERSEAS,REP,UNDESIGNATED,TWO or MORE RACES,HISPANIC or LATINO,0
OVERSEAS,REP,UNDESIGNATED,TWO or MORE RACES,NOT HISPANIC or NOT LATINO,0
OVERSEAS,REP,UNDESIGNATED,TWO or MORE RACES,UNDESIGNATED,0
OVERSEAS,REP,UNDESIGNATED,UNDESIGNATED,HISPANIC or LATINO,3
OVERSEAS,REP,UNDESIGNATED,UNDESIGNATED,NOT HISPANIC or NOT LATINO,1
OVERSEAS,REP,UNDESIGNATED,UNDESIGNATED,UNDESIGNATED,330
OVERSEAS,REP,UNDESIGNATED,WHITE,HISPANIC or LATINO,1
OVERSEAS,REP,UNDESIGNATED,WHITE,NOT HISPANIC or NOT LATINO,20
OVERSEAS,REP,UNDESIGNATED,WHITE,UNDESIGNATED,10
OVERSEAS,UNA,FEMALE,ASIAN,HISPANIC or LATINO,0
OVERSEAS,UNA,FEMALE,ASIAN,NOT HISPANIC or NOT LATINO,145
OVERSEAS,UNA,FEMALE,ASIAN,UNDESIGNATED,62
OVERSEAS,UNA,FEMALE,BLACK or AFRICAN AMERICAN,HISPANIC or LATINO,1
OVERSEAS,UNA,FEMALE,BLACK or AFRICAN AMERICAN,NOT HISPANIC or NOT LATINO,117
OVERSEAS,UNA,FEMALE,BLACK or AFRICAN AMERICAN,UNDESIGNATED,46
OVERSEAS,UNA,FEMALE,INDIAN AMERICAN or ALASKA NATIVE,HISPANIC or LATINO,0
OVERSEAS,UNA,FEMALE,INDIAN AMERICAN or ALASKA NATIVE,NOT HISPANIC or NOT LATINO,4
OVERSEAS,UNA,FEMALE,INDIAN AMERICAN or ALASKA NATIVE,UNDESIGNATED,2
OVERSEAS,UNA,FEMALE,NATIVE HAWAIIAN or PACIFIC ISLANDER,HISPANIC or LATINO,0
OVERSEAS,UNA,FEMALE,NATIVE HAWAIIAN or PACIFIC ISLANDER,NOT HISPANIC or NOT LATINO,1
OVERSEAS,UNA,FEMALE,NATIVE HAWAIIAN or PACIFIC ISLANDER,UNDESIGNATED,1
OVERSEAS,UNA,FEMALE,OTHER,HISPANIC or LATINO,64
OVERSEAS,UNA,FEMALE,OTHER,NOT HISPANIC or NOT LATINO,84
OVERSEAS,UNA,FEMALE,OTHER,UNDESIGNATED,40
OVERSEAS,UNA,FEMALE,TWO or MORE RACES,HISPANIC or LATINO,8
OVERSEAS,UNA,FEMALE,TWO or MORE RACES,NOT HISPANIC or NOT LATINO,28
OVERSEAS,UNA,FEMALE,TWO or MORE RACES,UNDESIGNATED,9
OVERSEAS,UNA,FEMALE,UNDESIGNATED,HISPANIC or LATINO,25
OVERSEAS,UNA,FEMALE,UNDESIGNATED,NOT HISPANIC or NOT LATINO,19
OVERSEAS,UNA,FEMALE,UNDESIGNATED,UNDESIGNATED,1009
OVERSEAS,UNA,FEMALE,WHITE,HISPANIC or LATINO,52
OVERSEAS,UNA,FEMALE,WHITE,NOT HISPANIC or NOT LATINO,1756
OVERSEAS,UNA,FEMALE,WHITE,UNDESIGNATED,558
OVERSEAS,UNA,MALE,ASIAN,HISPANIC or LATINO,0
OVERSEAS,UNA,MALE,ASIAN,NOT HISPANIC or NOT LATINO,106
OVERSEAS,UNA,MALE,ASIAN,UNDESIGNATED,40
OVERSEAS,UNA,MALE,BLACK or AFRICAN AMERICAN,HISPANIC or LATINO,1
OVERSEAS,UNA,MALE,BLACK or AFRICAN AMERICAN,NOT HISPANIC or NOT LATINO,145
OVERSEAS,UNA,MALE,BLACK or AFRICAN AMERICAN,UNDESIGNATED,40
OVERSEAS,UNA,MALE,INDIAN AMERICAN or ALASKA NATIVE,HISPANIC or LATINO,0
OVERSEAS,UNA,MALE,INDIAN AMERICAN or ALASKA NATIVE,NOT HISPANIC or NOT LATINO,8
OVERSEAS,UNA,MALE,INDIAN AMERICAN or ALASKA NATIVE,UNDESIGNATED,5
OVERSEAS,UNA,MALE,NATIVE HAWAIIAN or PACIFIC ISLANDER,HISPANIC or LATINO,0
OVERSEAS,UNA,MALE,NATIVE HAWAIIAN or PACIFIC ISLANDER,NOT HISPANIC or NOT LATINO,0
OVERSEAS,UNA,MALE,NATIVE HAWAIIAN or PACIFIC ISLANDER,UNDESIGNATED,0
OVERSEAS,UNA,MALE,OTHER,HISPANIC or LATINO,42
OVERSEAS,UNA,MALE,OTHER,NOT HISPANIC or NOT LATINO,69
OVERSEAS,UNA,MALE,OTHER,UNDESIGNATED,32
OVERSEAS,UNA,MALE,TWO or MORE RACES,HISPANIC or LATINO,6
OVERSEAS,UNA,MALE,TWO or MORE RACES,NOT HISPANIC or NOT LATINO,20
OVERSEAS,UNA,MALE,TWO or MORE RACES,UNDESIGNATED,12
OVERSEAS,UNA,MALE,UNDESIGNATED,HISPANIC or LATINO,12
OVERSEAS,UNA,MALE,UNDESIGNATED,NOT HISPANIC or NOT LATINO,12
OVERSEAS,UNA,MALE,UNDESIGNATED,UNDESIGNATED,920
OVERSEAS,UNA,MALE,WHITE,HISPANIC or LATINO,47
OVERSEAS,UNA,MALE,WHITE,NOT HISPANIC or NOT LATINO,1639
OVERSEAS,UNA,MALE,WHITE,UNDESIGNATED,554
OVERSEAS,UNA,UNDESIGNATED,ASIAN,HISPANIC or LATINO,0
OVERSEAS,UNA,UNDESIGNATED,ASIAN,NOT HISPANIC or NOT LATINO,2
OVERSEAS,UNA,UNDESIGNATED,ASIAN,UNDESIGNATED,2
OVERSEAS,UNA,UNDESIGNATED,BLACK or AFRICAN AMERICAN,HISPANIC or LATINO,0
OVERSEAS,UNA,UNDESIGNATED,BLACK or AFRICAN AMERICAN,NOT HISPANIC or NOT LATINO,8
OVERSEAS,UNA,UNDESIGNATED,BLACK or AFRICAN AMERICAN,UNDESIGNATED,3
OVERSEAS,UNA,UNDESIGNATED,INDIAN AMERICAN or ALASKA NATIVE,HISPANIC or LATINO,0
OVERSEAS,UNA,UNDESIGNATED,INDIAN AMERICAN or ALASKA NATIVE,NOT HISPANIC or NOT LATINO,0
OVERSEAS,UNA,UNDESIGNATED,INDIAN AMERICAN or ALASKA NATIVE,UNDESIGNATED,0
OVERSEAS,UNA,UNDESIGNATED,NATIVE HAWAIIAN or PACIFIC ISLANDER,HISPANIC or LATINO,0
OVERSEAS,UNA,UNDESIGNATED,NATIVE HAWAIIAN or PACIFIC ISLANDER,NOT HISPANIC or NOT LATINO,0
OVERSEAS,UNA,UNDESIGNATED,NATIVE HAWAIIAN or PACIFIC ISLANDER,UNDESIGNATED,0
OVERSEAS,UNA,UNDESIGNATED,OTHER,HISPANIC or LATINO,6
OVERSEAS,UNA,UNDESIGNATED,OTHER,NOT HISPANIC or NOT LATINO,2
OVERSEAS,UNA,UNDESIGNATED,OTHER,UNDESIGNATED,4
OVERSEAS,UNA,UNDESIGNATED,TWO or MORE RACES,HISPANIC or LATINO,0
OVERSEAS,UNA,UNDESIGNATED,TWO or MORE RACES,NOT HISPANIC or NOT LATINO,0
OVERSEAS,UNA,UNDESIGNATED,TWO or MORE RACES,UNDESIGNATED,2
OVERSEAS,UNA,UNDESIGNATED,UNDESIGNATED,HISPANIC or LATINO,2
OVERSEAS,UNA,UNDESIGNATED,UNDESIGNATED,NOT HISPANIC or NOT LATINO,8
OVERSEAS,UNA,UNDESIGNATED,UNDESIGNATED,UNDESIGNATED,1718
OVERSEAS,UNA,UNDESIGNATED,WHITE,HISPANIC or LATINO,0
OVERSEAS,UNA,UNDESIGNATED,WHITE,NOT HISPANIC or NOT LATINO,77
OVERSEAS,UNA,UNDESIGNATED,WHITE,UNDESIGNATED,25
OVERSEAS,WTP,FEMALE,ASIAN,HISPANIC or LATINO,0
OVERSEAS,WTP,FEMALE,ASIAN,NOT HISPANIC or NOT LATINO,0
OVERSEAS,WTP,FEMALE,ASIAN,UNDESIGNATED,0
OVERSEAS,WTP,FEMALE,BLACK or AFRICAN AMERICAN,HISPANIC or LATINO,0
OVERSEAS,WTP,FEMALE,BLACK or AFRICAN AMERICAN,NOT HISPANIC or NOT LATINO,0
OVERSEAS,WTP,FEMALE,BLACK or AFRICAN AMERICAN,UNDESIGNATED,0
OVERSEAS,WTP,FEMALE,INDIAN AMERICAN or ALASKA NATIVE,HISPANIC or LATINO,0
OVERSEAS,WTP,FEMALE,INDIAN AMERICAN or ALASKA NATIVE,NOT HISPANIC or NOT LATINO,0
OVERSEAS,WTP,FEMALE,INDIAN AMERICAN or ALASKA NATIVE,UNDESIGNATED,0
OVERSEAS,WTP,FEMALE,NATIVE HAWAIIAN or PACIFIC ISLANDER,HISPANIC or LATINO,0
OVERSEAS,WTP,FEMALE,NATIVE HAWAIIAN or PACIFIC ISLANDER,NOT HISPANIC or NOT LATINO,0
OVERSEAS,WTP,FEMALE,NATIVE HAWAIIAN or PACIFIC ISLANDER,UNDESIGNATED,0
OVERSEAS,WTP,FEMALE,OTHER,HISPANIC or LATINO,0
OVERSEAS,WTP,FEMALE,OTHER,NOT HISPANIC or NOT LATINO,0
OVERSEAS,WTP,FEMALE,OTHER,UNDESIGNATED,0
OVERSEAS,WTP,FEMALE,TWO or MORE RACES,HISPANIC or LATINO,0
OVERSEAS,WTP,FEMALE,TWO or MORE RACES,NOT HISPANIC or NOT LATINO,0
OVERSEAS,WTP,FEMALE,TWO or MORE RACES,UNDESIGNATED,0
OVERSEAS,WTP,FEMALE,UNDESIGNATED,HISPANIC or LATINO,0
OVERSEAS,WTP,FEMALE,UNDESIGNATED,NOT HISPANIC or NOT LATINO,0
OVERSEAS,WTP,FEMALE,UNDESIGNATED,UNDESIGNATED,0
OVERSEAS,WTP,FEMALE,WHITE,HISPANIC or LATINO,0
OVERSEAS,WTP,FEMALE,WHITE,NOT HISPANIC or NOT LATINO,0
OVERSEAS,WTP,FEMALE,WHITE,UNDESIGNATED,0
OVERSEAS,WTP,MALE,ASIAN,HISPANIC or LATINO,0
OVERSEAS,WTP,MALE,ASIAN,NOT HISPANIC or NOT LATINO,0
OVERSEAS,WTP,MALE,ASIAN,UNDESIGNATED,0
OVERSEAS,WTP,MALE,BLACK or AFRICAN AMERICAN,HISPANIC or LATINO,0
OVERSEAS,WTP,MALE,BLACK or AFRICAN AMERICAN,NOT HISPANIC or NOT LATINO,0
OVERSEAS,WTP,MALE,BLACK or AFRICAN AMERICAN,UNDESIGNATED,0
OVERSEAS,WTP,MALE,INDIAN AMERICAN or ALASKA NATIVE,HISPANIC or LATINO,0
OVERSEAS,WTP,MALE,INDIAN AMERICAN or ALASKA NATIVE,NOT HISPANIC or NOT LATINO,0
OVERSEAS,WTP,MALE,INDIAN AMERICAN or ALASKA NATIVE,UNDESIGNATED,0
OVERSEAS,WTP,MALE,NATIVE HAWAIIAN or PACIFIC ISLANDER,HISPANIC or LATINO,0
OVERSEAS,WTP,MALE,NATIVE HAWAIIAN or PACIFIC ISLANDER,NOT HISPANIC or NOT LATINO,0
OVERSEAS,WTP,MALE,NATIVE HAWAIIAN or PACIFIC ISLANDER,UNDESIGNATED,0
OVERSEAS,WTP,MALE,OTHER,HISPANIC or LATINO,0
OVERSEAS,WTP,MALE,OTHER,NOT HISPANIC or NOT LATINO,0
OVERSEAS,WTP,MALE,OTHER,UNDESIGNATED,0
OVERSEAS,WTP,MALE,TWO or MORE RACES,HISPANIC or LATINO,0
OVERSEAS,WTP,MALE,TWO or MORE RACES,NOT HISPANIC or NOT LATINO,0
OVERSEAS,WTP,MALE,TWO or MORE RACES,UNDESIGNATED,0
OVERSEAS,WTP,MALE,UNDESIGNATED,HISPANIC or LATINO,0
OVERSEAS,WTP,MALE,UNDESIGNATED,NOT HISPANIC or NOT LATINO,0
OVERSEAS,WTP,MALE,UNDESIGNATED,UNDESIGNATED,1
OVERSEAS,WTP,MALE,WHITE,HISPANIC or LATINO,0
OVERSEAS,WTP,MALE,WHITE,NOT HISPANIC or NOT LATINO,0
OVERSEAS,WTP,MALE,WHITE,UNDESIGNATED,0
OVERSEAS,WTP,UNDESIGNATED,ASIAN,HISPANIC or LATINO,0
OVERSEAS,WTP,UNDESIGNATED,ASIAN,NOT HISPANIC or NOT LATINO,0
OVERSEAS,WTP,UNDESIGNATED,ASIAN,UNDESIGNATED,0
OVERSEAS,WTP,UNDESIGNATED,BLACK or AFRICAN AMERICAN,HISPANIC or LATINO,0
OVERSEAS,WTP,UNDESIGNATED,BLACK or AFRICAN AMERICAN,NOT HISPANIC or NOT LATINO,0
OVERSEAS,WTP,UNDESIGNATED,BLACK or AFRICAN AMERICAN,UNDESIGNATED,0
OVERSEAS,WTP,UNDESIGNATED,INDIAN AMERICAN or ALASKA NATIVE,HISPANIC or LATINO,0
OVERSEAS,WTP,UNDESIGNATED,INDIAN AMERICAN or ALASKA NATIVE,NOT HISPANIC or NOT LATINO,0
OVERSEAS,WTP,UNDESIGNATED,INDIAN AMERICAN or ALASKA NATIVE,UNDESIGNATED,0
OVERSEAS,WTP,UNDESIGNATED,NATIVE HAWAIIAN or PACIFIC ISLANDER,HISPANIC or LATINO,0
OVERSEAS,WTP,UNDESIGNATED,NATIVE HAWAIIAN or PACIFIC ISLANDER,NOT HISPANIC or NOT LATINO,0
OVERSEAS,WTP,UNDESIGNATED,NATIVE HAWAIIAN or PACIFIC ISLANDER,UNDESIGNATED,0
OVERSEAS,WTP,UNDESIGNATED,OTHER,HISPANIC or LATINO,0
OVERSEAS,WTP,UNDESIGNATED,OTHER,NOT HISPANIC or NOT LATINO,0
OVERSEAS,WTP,UNDESIGNATED,OTHER,UNDESIGNATED,0
OVERSEAS,WTP,UNDESIGNATED,TWO or MORE RACES,HISPANIC or LATINO,0
OVERSEAS,WTP,UNDESIGNATED,TWO or MORE RACES,NOT HISPANIC or NOT LATINO,0
OVERSEAS,WTP,UNDESIGNATED,TWO or MORE RACES,UNDESIGNATED,0
OVERSEAS,WTP,UNDESIGNATED,UNDESIGNATED,HISPANIC or LATINO,0
OVERSEAS,WTP,UNDESIGNATED,UNDESIGNATED,NOT HISPANIC or NOT LATINO,0
OVERSEAS,WTP,UNDESIGNATED,UNDESIGNATED,UNDESIGNATED,0
OVERSEAS,WTP,UNDESIGNATED,WHITE,HISPANIC or LATINO,0
OVERSEAS,WTP,UNDESIGNATED,WHITE,NOT HISPANIC or NOT LATINO,0
OVERSEAS,WTP,UNDESIGNATED,WHITE,UNDESIGNATED,0
