ContestName,PartyCode,AreaNum,CandidateName,VoteFor,CandidateVotes,CandidatePercentage,PrecinctsReporting
"President & Vice-President of the United States","REP","","Trump and Vance",1,962,80.10%,1/1,"Adams",
"President & Vice-President of the United States","DEM","","Harris and Walz",1,215,17.90%,1/1,"Adams",
"President & Vice-President of the United States","LIB","","Oliver and Maat",1,14,1.17%,1/1,"Adams",
"President & Vice-President of the United States","NON","","write-in ",1,10,0.83%,1/1,"Adams",
"President & Vice-President of the United States","REP","","Trump and Vance",1,3531,66.14%,15/15,"Barnes",
"President & Vice-President of the United States","DEM","","Harris and Walz",1,1661,31.11%,15/15,"Barnes",
"President & Vice-President of the United States","LIB","","Oliver and Maat",1,102,1.91%,15/15,"Barnes",
"President & Vice-President of the United States","NON","","write-in ",1,45,0.84%,15/15,"Barnes",
"President & Vice-President of the United States","REP","","Trump and Vance",1,1163,58.09%,8/8,"Benson",
"President & Vice-President of the United States","DEM","","Harris and Walz",1,795,39.71%,8/8,"Benson",
"President & Vice-President of the United States","LIB","","Oliver and Maat",1,36,1.80%,8/8,"Benson",
"President & Vice-President of the United States","NON","","write-in ",1,8,0.40%,8/8,"Benson",
"President & Vice-President of the United States","REP","","Trump and Vance",1,543,83.93%,3/3,"Billings",
"President & Vice-President of the United States","DEM","","Harris and Walz",1,93,14.37%,3/3,"Billings",
"President & Vice-President of the United States","LIB","","Oliver and Maat",1,8,1.24%,3/3,"Billings",
"President & Vice-President of the United States","NON","","write-in ",1,3,0.46%,3/3,"Billings",
"President & Vice-President of the United States","REP","","Trump and Vance",1,2628,76.24%,5/5,"Bottineau",
"President & Vice-President of the United States","DEM","","Harris and Walz",1,735,21.32%,5/5,"Bottineau",
"President & Vice-President of the United States","LIB","","Oliver and Maat",1,59,1.71%,5/5,"Bottineau",
"President & Vice-President of the United States","NON","","write-in ",1,25,0.73%,5/5,"Bottineau",
"President & Vice-President of the United States","REP","","Trump and Vance",1,1384,85.54%,4/4,"Bowman",
"President & Vice-President of the United States","DEM","","Harris and Walz",1,207,12.79%,4/4,"Bowman",
"President & Vice-President of the United States","LIB","","Oliver and Maat",1,20,1.24%,4/4,"Bowman",
"President & Vice-President of the United States","NON","","write-in ",1,7,0.43%,4/4,"Bowman",
"President & Vice-President of the United States","REP","","Trump and Vance",1,909,86.08%,6/6,"Burke",
"President & Vice-President of the United States","DEM","","Harris and Walz",1,130,12.31%,6/6,"Burke",
"President & Vice-President of the United States","LIB","","Oliver and Maat",1,12,1.14%,6/6,"Burke",
"President & Vice-President of the United States","NON","","write-in ",1,5,0.47%,6/6,"Burke",
"President & Vice-President of the United States","REP","","Trump and Vance",1,36595,70.02%,30/30,"Burleigh",
"President & Vice-President of the United States","DEM","","Harris and Walz",1,14215,27.20%,30/30,"Burleigh",
"President & Vice-President of the United States","LIB","","Oliver and Maat",1,954,1.83%,30/30,"Burleigh",
"President & Vice-President of the United States","NON","","write-in ",1,499,0.95%,30/30,"Burleigh",
"President & Vice-President of the United States","REP","","Trump and Vance",1,47873,52.69%,34/34,"Cass",
"President & Vice-President of the United States","DEM","","Harris and Walz",1,40304,44.36%,34/34,"Cass",
"President & Vice-President of the United States","LIB","","Oliver and Maat",1,1665,1.83%,34/34,"Cass",
"President & Vice-President of the United States","NON","","write-in ",1,1009,1.11%,34/34,"Cass",
"President & Vice-President of the United States","REP","","Trump and Vance",1,1461,73.53%,3/3,"Cavalier",
"President & Vice-President of the United States","DEM","","Harris and Walz",1,491,24.71%,3/3,"Cavalier",
"President & Vice-President of the United States","LIB","","Oliver and Maat",1,25,1.26%,3/3,"Cavalier",
"President & Vice-President of the United States","NON","","write-in ",1,10,0.50%,3/3,"Cavalier",
"President & Vice-President of the United States","REP","","Trump and Vance",1,1829,74.56%,1/1,"Dickey",
"President & Vice-President of the United States","DEM","","Harris and Walz",1,557,22.71%,1/1,"Dickey",
"President & Vice-President of the United States","LIB","","Oliver and Maat",1,49,2.00%,1/1,"Dickey",
"President & Vice-President of the United States","NON","","write-in ",1,18,0.73%,1/1,"Dickey",
"President & Vice-President of the United States","REP","","Trump and Vance",1,914,76.10%,4/4,"Divide",
"President & Vice-President of the United States","DEM","","Harris and Walz",1,253,21.07%,4/4,"Divide",
"President & Vice-President of the United States","LIB","","Oliver and Maat",1,27,2.25%,4/4,"Divide",
"President & Vice-President of the United States","NON","","write-in ",1,7,0.58%,4/4,"Divide",
"President & Vice-President of the United States","REP","","Trump and Vance",1,1877,83.72%,10/10,"Dunn",
"President & Vice-President of the United States","DEM","","Harris and Walz",1,332,14.81%,10/10,"Dunn",
"President & Vice-President of the United States","LIB","","Oliver and Maat",1,22,0.98%,10/10,"Dunn",
"President & Vice-President of the United States","NON","","write-in ",1,11,0.49%,10/10,"Dunn",
"President & Vice-President of the United States","REP","","Trump and Vance",1,862,71.54%,3/3,"Eddy",
"President & Vice-President of the United States","DEM","","Harris and Walz",1,316,26.22%,3/3,"Eddy",
"President & Vice-President of the United States","LIB","","Oliver and Maat",1,23,1.91%,3/3,"Eddy",
"President & Vice-President of the United States","NON","","write-in ",1,4,0.33%,3/3,"Eddy",
"President & Vice-President of the United States","REP","","Trump and Vance",1,1697,87.93%,5/5,"Emmons",
"President & Vice-President of the United States","DEM","","Harris and Walz",1,205,10.62%,5/5,"Emmons",
"President & Vice-President of the United States","LIB","","Oliver and Maat",1,21,1.09%,5/5,"Emmons",
"President & Vice-President of the United States","NON","","write-in ",1,7,0.36%,5/5,"Emmons",
"President & Vice-President of the United States","REP","","Trump and Vance",1,1326,77.86%,1/1,"Foster",
"President & Vice-President of the United States","DEM","","Harris and Walz",1,335,19.67%,1/1,"Foster",
"President & Vice-President of the United States","LIB","","Oliver and Maat",1,31,1.82%,1/1,"Foster",
"President & Vice-President of the United States","NON","","write-in ",1,11,0.65%,1/1,"Foster",
"President & Vice-President of the United States","REP","","Trump and Vance",1,847,85.47%,1/1,"Golden Valley",
"President & Vice-President of the United States","DEM","","Harris and Walz",1,122,12.31%,1/1,"Golden Valley",
"President & Vice-President of the United States","LIB","","Oliver and Maat",1,15,1.51%,1/1,"Golden Valley",
"President & Vice-President of the United States","NON","","write-in ",1,7,0.71%,1/1,"Golden Valley",
"President & Vice-President of the United States","REP","","Trump and Vance",1,18123,57.70%,20/20,"Grand Forks",
"President & Vice-President of the United States","DEM","","Harris and Walz",1,12469,39.70%,20/20,"Grand Forks",
"President & Vice-President of the United States","LIB","","Oliver and Maat",1,497,1.58%,20/20,"Grand Forks",
"President & Vice-President of the United States","NON","","write-in ",1,322,1.03%,20/20,"Grand Forks",
"President & Vice-President of the United States","REP","","Trump and Vance",1,1076,82.39%,5/5,"Grant",
"President & Vice-President of the United States","DEM","","Harris and Walz",1,205,15.70%,5/5,"Grant",
"President & Vice-President of the United States","LIB","","Oliver and Maat",1,23,1.76%,5/5,"Grant",
"President & Vice-President of the United States","NON","","write-in ",1,2,0.15%,5/5,"Grant",
"President & Vice-President of the United States","REP","","Trump and Vance",1,963,74.71%,5/5,"Griggs",
"President & Vice-President of the United States","DEM","","Harris and Walz",1,301,23.35%,5/5,"Griggs",
"President & Vice-President of the United States","LIB","","Oliver and Maat",1,21,1.63%,5/5,"Griggs",
"President & Vice-President of the United States","NON","","write-in ",1,4,0.31%,5/5,"Griggs",
"President & Vice-President of the United States","REP","","Trump and Vance",1,1089,83.38%,2/2,"Hettinger",
"President & Vice-President of the United States","DEM","","Harris and Walz",1,192,14.70%,2/2,"Hettinger",
"President & Vice-President of the United States","LIB","","Oliver and Maat",1,13,1.00%,2/2,"Hettinger",
"President & Vice-President of the United States","NON","","write-in ",1,12,0.92%,2/2,"Hettinger",
"President & Vice-President of the United States","REP","","Trump and Vance",1,1137,81.33%,6/6,"Kidder",
"President & Vice-President of the United States","DEM","","Harris and Walz",1,238,17.02%,6/6,"Kidder",
"President & Vice-President of the United States","LIB","","Oliver and Maat",1,16,1.14%,6/6,"Kidder",
"President & Vice-President of the United States","NON","","write-in ",1,7,0.50%,6/6,"Kidder",
"President & Vice-President of the United States","REP","","Trump and Vance",1,1614,76.02%,4/4,"LaMoure",
"President & Vice-President of the United States","DEM","","Harris and Walz",1,453,21.34%,4/4,"LaMoure",
"President & Vice-President of the United States","LIB","","Oliver and Maat",1,42,1.98%,4/4,"LaMoure",
"President & Vice-President of the United States","NON","","write-in ",1,14,0.66%,4/4,"LaMoure",
"President & Vice-President of the United States","REP","","Trump and Vance",1,898,86.93%,5/5,"Logan",
"President & Vice-President of the United States","DEM","","Harris and Walz",1,117,11.33%,5/5,"Logan",
"President & Vice-President of the United States","LIB","","Oliver and Maat",1,16,1.55%,5/5,"Logan",
"President & Vice-President of the United States","NON","","write-in ",1,2,0.19%,5/5,"Logan",
"President & Vice-President of the United States","REP","","Trump and Vance",1,2223,80.78%,8/8,"McHenry",
"President & Vice-President of the United States","DEM","","Harris and Walz",1,479,17.41%,8/8,"McHenry",
"President & Vice-President of the United States","LIB","","Oliver and Maat",1,33,1.20%,8/8,"McHenry",
"President & Vice-President of the United States","NON","","write-in ",1,17,0.62%,8/8,"McHenry",
"President & Vice-President of the United States","REP","","Trump and Vance",1,1132,81.44%,6/6,"McIntosh",
"President & Vice-President of the United States","DEM","","Harris and Walz",1,229,16.47%,6/6,"McIntosh",
"President & Vice-President of the United States","LIB","","Oliver and Maat",1,20,1.44%,6/6,"McIntosh",
"President & Vice-President of the United States","NON","","write-in ",1,9,0.65%,6/6,"McIntosh",
"President & Vice-President of the United States","REP","","Trump and Vance",1,4627,83.81%,11/11,"McKenzie",
"President & Vice-President of the United States","DEM","","Harris and Walz",1,809,14.65%,11/11,"McKenzie",
"President & Vice-President of the United States","LIB","","Oliver and Maat",1,47,0.85%,11/11,"McKenzie",
"President & Vice-President of the United States","NON","","write-in ",1,38,0.69%,11/11,"McKenzie",
"President & Vice-President of the United States","REP","","Trump and Vance",1,4231,78.05%,6/6,"McLean",
"President & Vice-President of the United States","DEM","","Harris and Walz",1,1093,20.16%,6/6,"McLean",
"President & Vice-President of the United States","LIB","","Oliver and Maat",1,74,1.37%,6/6,"McLean",
"President & Vice-President of the United States","NON","","write-in ",1,23,0.42%,6/6,"McLean",
"President & Vice-President of the United States","REP","","Trump and Vance",1,3798,83.38%,14/14,"Mercer",
"President & Vice-President of the United States","DEM","","Harris and Walz",1,672,14.75%,14/14,"Mercer",
"President & Vice-President of the United States","LIB","","Oliver and Maat",1,60,1.32%,14/14,"Mercer",
"President & Vice-President of the United States","NON","","write-in ",1,25,0.55%,14/14,"Mercer",
"President & Vice-President of the United States","REP","","Trump and Vance",1,12839,75.36%,17/17,"Morton",
"President & Vice-President of the United States","DEM","","Harris and Walz",1,3748,22.00%,17/17,"Morton",
"President & Vice-President of the United States","LIB","","Oliver and Maat",1,319,1.87%,17/17,"Morton",
"President & Vice-President of the United States","NON","","write-in ",1,130,0.76%,17/17,"Morton",
"President & Vice-President of the United States","REP","","Trump and Vance",1,2877,70.64%,6/6,"Mountrail",
"President & Vice-President of the United States","DEM","","Harris and Walz",1,1125,27.62%,6/6,"Mountrail",
"President & Vice-President of the United States","LIB","","Oliver and Maat",1,58,1.42%,6/6,"Mountrail",
"President & Vice-President of the United States","NON","","write-in ",1,13,0.32%,6/6,"Mountrail",
"President & Vice-President of the United States","REP","","Trump and Vance",1,1141,64.79%,2/2,"Nelson",
"President & Vice-President of the United States","DEM","","Harris and Walz",1,580,32.94%,2/2,"Nelson",
"President & Vice-President of the United States","LIB","","Oliver and Maat",1,34,1.93%,2/2,"Nelson",
"President & Vice-President of the United States","NON","","write-in ",1,6,0.34%,2/2,"Nelson",
"President & Vice-President of the United States","REP","","Trump and Vance",1,909,83.62%,1/1,"Oliver",
"President & Vice-President of the United States","DEM","","Harris and Walz",1,156,14.35%,1/1,"Oliver",
"President & Vice-President of the United States","LIB","","Oliver and Maat",1,19,1.75%,1/1,"Oliver",
"President & Vice-President of the United States","NON","","write-in ",1,3,0.28%,1/1,"Oliver",
"President & Vice-President of the United States","REP","","Trump and Vance",1,2350,75.51%,6/6,"Pembina",
"President & Vice-President of the United States","DEM","","Harris and Walz",1,704,22.62%,6/6,"Pembina",
"President & Vice-President of the United States","LIB","","Oliver and Maat",1,34,1.09%,6/6,"Pembina",
"President & Vice-President of the United States","NON","","write-in ",1,24,0.77%,6/6,"Pembina",
"President & Vice-President of the United States","REP","","Trump and Vance",1,1493,75.79%,9/9,"Pierce",
"President & Vice-President of the United States","DEM","","Harris and Walz",1,439,22.28%,9/9,"Pierce",
"President & Vice-President of the United States","LIB","","Oliver and Maat",1,23,1.17%,9/9,"Pierce",
"President & Vice-President of the United States","NON","","write-in ",1,15,0.76%,9/9,"Pierce",
"President & Vice-President of the United States","REP","","Trump and Vance",1,3609,68.89%,5/5,"Ramsey",
"President & Vice-President of the United States","DEM","","Harris and Walz",1,1513,28.88%,5/5,"Ramsey",
"President & Vice-President of the United States","LIB","","Oliver and Maat",1,82,1.57%,5/5,"Ramsey",
"President & Vice-President of the United States","NON","","write-in ",1,35,0.67%,5/5,"Ramsey",
"President & Vice-President of the United States","REP","","Trump and Vance",1,1661,62.70%,1/1,"Ransom",
"President & Vice-President of the United States","DEM","","Harris and Walz",1,920,34.73%,1/1,"Ransom",
"President & Vice-President of the United States","LIB","","Oliver and Maat",1,51,1.93%,1/1,"Ransom",
"President & Vice-President of the United States","NON","","write-in ",1,17,0.64%,1/1,"Ransom",
"President & Vice-President of the United States","REP","","Trump and Vance",1,993,82.20%,5/5,"Renville",
"President & Vice-President of the United States","DEM","","Harris and Walz",1,179,14.82%,5/5,"Renville",
"President & Vice-President of the United States","LIB","","Oliver and Maat",1,31,2.57%,5/5,"Renville",
"President & Vice-President of the United States","NON","","write-in ",1,5,0.41%,5/5,"Renville",
"President & Vice-President of the United States","REP","","Trump and Vance",1,5576,67.50%,13/13,"Richland",
"President & Vice-President of the United States","DEM","","Harris and Walz",1,2473,29.94%,13/13,"Richland",
"President & Vice-President of the United States","LIB","","Oliver and Maat",1,150,1.82%,13/13,"Richland",
"President & Vice-President of the United States","NON","","write-in ",1,62,0.75%,13/13,"Richland",
"President & Vice-President of the United States","DEM","","Harris and Walz",1,2567,62.99%,5/5,"Rolette",
"President & Vice-President of the United States","REP","","Trump and Vance",1,1427,35.02%,5/5,"Rolette",
"President & Vice-President of the United States","LIB","","Oliver and Maat",1,66,1.62%,5/5,"Rolette",
"President & Vice-President of the United States","NON","","write-in ",1,15,0.37%,5/5,"Rolette",
"President & Vice-President of the United States","REP","","Trump and Vance",1,1325,64.86%,2/2,"Sargent",
"President & Vice-President of the United States","DEM","","Harris and Walz",1,663,32.45%,2/2,"Sargent",
"President & Vice-President of the United States","LIB","","Oliver and Maat",1,36,1.76%,2/2,"Sargent",
"President & Vice-President of the United States","NON","","write-in ",1,19,0.93%,2/2,"Sargent",
"President & Vice-President of the United States","REP","","Trump and Vance",1,644,85.07%,1/1,"Sheridan",
"President & Vice-President of the United States","DEM","","Harris and Walz",1,101,13.34%,1/1,"Sheridan",
"President & Vice-President of the United States","LIB","","Oliver and Maat",1,8,1.06%,1/1,"Sheridan",
"President & Vice-President of the United States","NON","","write-in ",1,4,0.53%,1/1,"Sheridan",
"President & Vice-President of the United States","DEM","","Harris and Walz",1,654,68.63%,3/3,"Sioux",
"President & Vice-President of the United States","REP","","Trump and Vance",1,285,29.91%,3/3,"Sioux",
"President & Vice-President of the United States","LIB","","Oliver and Maat",1,11,1.15%,3/3,"Sioux",
"President & Vice-President of the United States","NON","","write-in ",1,3,0.31%,3/3,"Sioux",
"President & Vice-President of the United States","REP","","Trump and Vance",1,351,90.23%,3/3,"Slope",
"President & Vice-President of the United States","DEM","","Harris and Walz",1,33,8.48%,3/3,"Slope",
"President & Vice-President of the United States","LIB","","Oliver and Maat",1,3,0.77%,3/3,"Slope",
"President & Vice-President of the United States","NON","","write-in ",1,2,0.51%,3/3,"Slope",
"President & Vice-President of the United States","REP","","Trump and Vance",1,12323,81.61%,8/8,"Stark",
"President & Vice-President of the United States","DEM","","Harris and Walz",1,2473,16.38%,8/8,"Stark",
"President & Vice-President of the United States","LIB","","Oliver and Maat",1,221,1.46%,8/8,"Stark",
"President & Vice-President of the United States","NON","","write-in ",1,83,0.55%,8/8,"Stark",
"President & Vice-President of the United States","REP","","Trump and Vance",1,622,61.28%,5/5,"Steele",
"President & Vice-President of the United States","DEM","","Harris and Walz",1,367,36.16%,5/5,"Steele",
"President & Vice-President of the United States","LIB","","Oliver and Maat",1,16,1.58%,5/5,"Steele",
"President & Vice-President of the United States","NON","","write-in ",1,10,0.99%,5/5,"Steele",
"President & Vice-President of the United States","REP","","Trump and Vance",1,7185,70.90%,9/9,"Stutsman",
"President & Vice-President of the United States","DEM","","Harris and Walz",1,2692,26.56%,9/9,"Stutsman",
"President & Vice-President of the United States","LIB","","Oliver and Maat",1,196,1.93%,9/9,"Stutsman",
"President & Vice-President of the United States","NON","","write-in ",1,61,0.60%,9/9,"Stutsman",
"President & Vice-President of the United States","REP","","Trump and Vance",1,796,71.45%,3/3,"Towner",
"President & Vice-President of the United States","DEM","","Harris and Walz",1,289,25.94%,3/3,"Towner",
"President & Vice-President of the United States","LIB","","Oliver and Maat",1,25,2.24%,3/3,"Towner",
"President & Vice-President of the United States","NON","","write-in ",1,4,0.36%,3/3,"Towner",
"President & Vice-President of the United States","REP","","Trump and Vance",1,2650,64.40%,12/12,"Traill",
"President & Vice-President of the United States","DEM","","Harris and Walz",1,1359,33.03%,12/12,"Traill",
"President & Vice-President of the United States","LIB","","Oliver and Maat",1,71,1.73%,12/12,"Traill",
"President & Vice-President of the United States","NON","","write-in ",1,35,0.85%,12/12,"Traill",
"President & Vice-President of the United States","REP","","Trump and Vance",1,3186,70.86%,2/2,"Walsh",
"President & Vice-President of the United States","DEM","","Harris and Walz",1,1173,26.09%,2/2,"Walsh",
"President & Vice-President of the United States","LIB","","Oliver and Maat",1,97,2.16%,2/2,"Walsh",
"President & Vice-President of the United States","NON","","write-in ",1,40,0.89%,2/2,"Walsh",
"President & Vice-President of the United States","REP","","Trump and Vance",1,20635,72.27%,16/16,"Ward",
"President & Vice-President of the United States","DEM","","Harris and Walz",1,7215,25.27%,16/16,"Ward",
"President & Vice-President of the United States","LIB","","Oliver and Maat",1,476,1.67%,16/16,"Ward",
"President & Vice-President of the United States","NON","","write-in ",1,226,0.79%,16/16,"Ward",
"President & Vice-President of the United States","REP","","Trump and Vance",1,1815,80.56%,1/1,"Wells",
"President & Vice-President of the United States","DEM","","Harris and Walz",1,405,17.98%,1/1,"Wells",
"President & Vice-President of the United States","LIB","","Oliver and Maat",1,22,0.98%,1/1,"Wells",
"President & Vice-President of the United States","NON","","write-in ",1,11,0.49%,1/1,"Wells",
"President & Vice-President of the United States","REP","","Trump and Vance",1,12501,82.67%,24/24,"Williams",
"President & Vice-President of the United States","DEM","","Harris and Walz",1,2276,15.05%,24/24,"Williams",
"President & Vice-President of the United States","LIB","","Oliver and Maat",1,233,1.54%,24/24,"Williams",
"President & Vice-President of the United States","NON","","write-in ",1,112,0.74%,24/24,"Williams",
"United States Senator","REP","","Kevin  Cramer ",1,933,77.94%,1/1,"Adams",
"United States Senator","DEM","","Katrina  Christiansen ",1,259,21.64%,1/1,"Adams",
"United States Senator","NON","","write-in ",1,5,0.42%,1/1,"Adams",
"United States Senator","REP","","Kevin  Cramer ",1,3403,63.97%,15/15,"Barnes",
"United States Senator","DEM","","Katrina  Christiansen ",1,1901,35.73%,15/15,"Barnes",
"United States Senator","NON","","write-in ",1,16,0.30%,15/15,"Barnes",
"United States Senator","REP","","Kevin  Cramer ",1,1071,55.01%,8/8,"Benson",
"United States Senator","DEM","","Katrina  Christiansen ",1,873,44.84%,8/8,"Benson",
"United States Senator","NON","","write-in ",1,3,0.15%,8/8,"Benson",
"United States Senator","REP","","Kevin  Cramer ",1,529,81.38%,3/3,"Billings",
"United States Senator","DEM","","Katrina  Christiansen ",1,117,18.00%,3/3,"Billings",
"United States Senator","NON","","write-in ",1,4,0.62%,3/3,"Billings",
"United States Senator","REP","","Kevin  Cramer ",1,2511,73.44%,5/5,"Bottineau",
"United States Senator","DEM","","Katrina  Christiansen ",1,895,26.18%,5/5,"Bottineau",
"United States Senator","NON","","write-in ",1,13,0.38%,5/5,"Bottineau",
"United States Senator","REP","","Kevin  Cramer ",1,1349,83.53%,4/4,"Bowman",
"United States Senator","DEM","","Katrina  Christiansen ",1,263,16.28%,4/4,"Bowman",
"United States Senator","NON","","write-in ",1,3,0.19%,4/4,"Bowman",
"United States Senator","REP","","Kevin  Cramer ",1,868,82.59%,6/6,"Burke",
"United States Senator","DEM","","Katrina  Christiansen ",1,175,16.65%,6/6,"Burke",
"United States Senator","NON","","write-in ",1,8,0.76%,6/6,"Burke",
"United States Senator","REP","","Kevin  Cramer ",1,35755,69.15%,30/30,"Burleigh",
"United States Senator","DEM","","Katrina  Christiansen ",1,15714,30.39%,30/30,"Burleigh",
"United States Senator","NON","","write-in ",1,240,0.46%,30/30,"Burleigh",
"United States Senator","REP","","Kevin  Cramer ",1,48637,53.95%,34/34,"Cass",
"United States Senator","DEM","","Katrina  Christiansen ",1,41321,45.83%,34/34,"Cass",
"United States Senator","NON","","write-in ",1,199,0.22%,34/34,"Cass",
"United States Senator","REP","","Kevin  Cramer ",1,1421,71.44%,3/3,"Cavalier",
"United States Senator","DEM","","Katrina  Christiansen ",1,562,28.26%,3/3,"Cavalier",
"United States Senator","NON","","write-in ",1,6,0.30%,3/3,"Cavalier",
"United States Senator","REP","","Kevin  Cramer ",1,1722,70.86%,1/1,"Dickey",
"United States Senator","DEM","","Katrina  Christiansen ",1,706,29.05%,1/1,"Dickey",
"United States Senator","NON","","write-in ",1,2,0.08%,1/1,"Dickey",
"United States Senator","REP","","Kevin  Cramer ",1,887,73.92%,4/4,"Divide",
"United States Senator","DEM","","Katrina  Christiansen ",1,309,25.75%,4/4,"Divide",
"United States Senator","NON","","write-in ",1,4,0.33%,4/4,"Divide",
"United States Senator","REP","","Kevin  Cramer ",1,1805,81.75%,10/10,"Dunn",
"United States Senator","DEM","","Katrina  Christiansen ",1,395,17.89%,10/10,"Dunn",
"United States Senator","NON","","write-in ",1,8,0.36%,10/10,"Dunn",
"United States Senator","REP","","Kevin  Cramer ",1,832,68.42%,3/3,"Eddy",
"United States Senator","DEM","","Katrina  Christiansen ",1,380,31.25%,3/3,"Eddy",
"United States Senator","NON","","write-in ",1,4,0.33%,3/3,"Eddy",
"United States Senator","REP","","Kevin  Cramer ",1,1534,80.69%,5/5,"Emmons",
"United States Senator","DEM","","Katrina  Christiansen ",1,355,18.67%,5/5,"Emmons",
"United States Senator","NON","","write-in ",1,12,0.63%,5/5,"Emmons",
"United States Senator","REP","","Kevin  Cramer ",1,1279,75.68%,1/1,"Foster",
"United States Senator","DEM","","Katrina  Christiansen ",1,408,24.14%,1/1,"Foster",
"United States Senator","NON","","write-in ",1,3,0.18%,1/1,"Foster",
"United States Senator","REP","","Kevin  Cramer ",1,822,83.88%,1/1,"Golden Valley",
"United States Senator","DEM","","Katrina  Christiansen ",1,156,15.92%,1/1,"Golden Valley",
"United States Senator","NON","","write-in ",1,2,0.20%,1/1,"Golden Valley",
"United States Senator","REP","","Kevin  Cramer ",1,18509,59.71%,20/20,"Grand Forks",
"United States Senator","DEM","","Katrina  Christiansen ",1,12418,40.06%,20/20,"Grand Forks",
"United States Senator","NON","","write-in ",1,71,0.23%,20/20,"Grand Forks",
"United States Senator","REP","","Kevin  Cramer ",1,1035,79.31%,5/5,"Grant",
"United States Senator","DEM","","Katrina  Christiansen ",1,267,20.46%,5/5,"Grant",
"United States Senator","NON","","write-in ",1,3,0.23%,5/5,"Grant",
"United States Senator","REP","","Kevin  Cramer ",1,936,72.73%,5/5,"Griggs",
"United States Senator","DEM","","Katrina  Christiansen ",1,347,26.96%,5/5,"Griggs",
"United States Senator","NON","","write-in ",1,4,0.31%,5/5,"Griggs",
"United States Senator","REP","","Kevin  Cramer ",1,1057,82.32%,2/2,"Hettinger",
"United States Senator","DEM","","Katrina  Christiansen ",1,225,17.52%,2/2,"Hettinger",
"United States Senator","NON","","write-in ",1,2,0.16%,2/2,"Hettinger",
"United States Senator","REP","","Kevin  Cramer ",1,1056,76.86%,6/6,"Kidder",
"United States Senator","DEM","","Katrina  Christiansen ",1,316,23.00%,6/6,"Kidder",
"United States Senator","NON","","write-in ",1,2,0.15%,6/6,"Kidder",
"United States Senator","REP","","Kevin  Cramer ",1,1536,72.35%,4/4,"LaMoure",
"United States Senator","DEM","","Katrina  Christiansen ",1,581,27.37%,4/4,"LaMoure",
"United States Senator","NON","","write-in ",1,6,0.28%,4/4,"LaMoure",
"United States Senator","REP","","Kevin  Cramer ",1,833,81.35%,5/5,"Logan",
"United States Senator","DEM","","Katrina  Christiansen ",1,185,18.07%,5/5,"Logan",
"United States Senator","NON","","write-in ",1,6,0.59%,5/5,"Logan",
"United States Senator","REP","","Kevin  Cramer ",1,2068,75.83%,8/8,"McHenry",
"United States Senator","DEM","","Katrina  Christiansen ",1,649,23.80%,8/8,"McHenry",
"United States Senator","NON","","write-in ",1,10,0.37%,8/8,"McHenry",
"United States Senator","REP","","Kevin  Cramer ",1,1060,76.26%,6/6,"McIntosh",
"United States Senator","DEM","","Katrina  Christiansen ",1,324,23.31%,6/6,"McIntosh",
"United States Senator","NON","","write-in ",1,6,0.43%,6/6,"McIntosh",
"United States Senator","REP","","Kevin  Cramer ",1,4523,83.07%,11/11,"McKenzie",
"United States Senator","DEM","","Katrina  Christiansen ",1,900,16.53%,11/11,"McKenzie",
"United States Senator","NON","","write-in ",1,22,0.40%,11/11,"McKenzie",
"United States Senator","REP","","Kevin  Cramer ",1,3981,74.11%,6/6,"McLean",
"United States Senator","DEM","","Katrina  Christiansen ",1,1370,25.50%,6/6,"McLean",
"United States Senator","NON","","write-in ",1,21,0.39%,6/6,"McLean",
"United States Senator","REP","","Kevin  Cramer ",1,3414,76.63%,14/14,"Mercer",
"United States Senator","DEM","","Katrina  Christiansen ",1,1010,22.67%,14/14,"Mercer",
"United States Senator","NON","","write-in ",1,31,0.70%,14/14,"Mercer",
"United States Senator","REP","","Kevin  Cramer ",1,12263,73.13%,17/17,"Morton",
"United States Senator","DEM","","Katrina  Christiansen ",1,4431,26.42%,17/17,"Morton",
"United States Senator","NON","","write-in ",1,75,0.45%,17/17,"Morton",
"United States Senator","REP","","Kevin  Cramer ",1,2824,69.87%,6/6,"Mountrail",
"United States Senator","DEM","","Katrina  Christiansen ",1,1208,29.89%,6/6,"Mountrail",
"United States Senator","NON","","write-in ",1,10,0.25%,6/6,"Mountrail",
"United States Senator","REP","","Kevin  Cramer ",1,1091,62.31%,2/2,"Nelson",
"United States Senator","DEM","","Katrina  Christiansen ",1,657,37.52%,2/2,"Nelson",
"United States Senator","NON","","write-in ",1,3,0.17%,2/2,"Nelson",
"United States Senator","REP","","Kevin  Cramer ",1,846,79.14%,1/1,"Oliver",
"United States Senator","DEM","","Katrina  Christiansen ",1,217,20.30%,1/1,"Oliver",
"United States Senator","NON","","write-in ",1,6,0.56%,1/1,"Oliver",
"United States Senator","REP","","Kevin  Cramer ",1,2264,72.87%,6/6,"Pembina",
"United States Senator","DEM","","Katrina  Christiansen ",1,840,27.04%,6/6,"Pembina",
"United States Senator","NON","","write-in ",1,3,0.10%,6/6,"Pembina",
"United States Senator","REP","","Kevin  Cramer ",1,1445,73.42%,9/9,"Pierce",
"United States Senator","DEM","","Katrina  Christiansen ",1,515,26.17%,9/9,"Pierce",
"United States Senator","NON","","write-in ",1,8,0.41%,9/9,"Pierce",
"United States Senator","REP","","Kevin  Cramer ",1,3568,68.42%,5/5,"Ramsey",
"United States Senator","DEM","","Katrina  Christiansen ",1,1640,31.45%,5/5,"Ramsey",
"United States Senator","NON","","write-in ",1,7,0.13%,5/5,"Ramsey",
"United States Senator","REP","","Kevin  Cramer ",1,1596,60.62%,1/1,"Ransom",
"United States Senator","DEM","","Katrina  Christiansen ",1,1033,39.23%,1/1,"Ransom",
"United States Senator","NON","","write-in ",1,4,0.15%,1/1,"Ransom",
"United States Senator","REP","","Kevin  Cramer ",1,970,80.50%,5/5,"Renville",
"United States Senator","DEM","","Katrina  Christiansen ",1,234,19.42%,5/5,"Renville",
"United States Senator","NON","","write-in ",1,1,0.08%,5/5,"Renville",
"United States Senator","REP","","Kevin  Cramer ",1,5321,64.83%,13/13,"Richland",
"United States Senator","DEM","","Katrina  Christiansen ",1,2877,35.05%,13/13,"Richland",
"United States Senator","NON","","write-in ",1,10,0.12%,13/13,"Richland",
"United States Senator","DEM","","Katrina  Christiansen ",1,2534,62.97%,5/5,"Rolette",
"United States Senator","REP","","Kevin  Cramer ",1,1486,36.93%,5/5,"Rolette",
"United States Senator","NON","","write-in ",1,4,0.10%,5/5,"Rolette",
"United States Senator","REP","","Kevin  Cramer ",1,1235,60.75%,2/2,"Sargent",
"United States Senator","DEM","","Katrina  Christiansen ",1,797,39.20%,2/2,"Sargent",
"United States Senator","NON","","write-in ",1,1,0.05%,2/2,"Sargent",
"United States Senator","REP","","Kevin  Cramer ",1,581,77.57%,1/1,"Sheridan",
"United States Senator","DEM","","Katrina  Christiansen ",1,162,21.63%,1/1,"Sheridan",
"United States Senator","NON","","write-in ",1,6,0.80%,1/1,"Sheridan",
"United States Senator","DEM","","Katrina  Christiansen ",1,665,70.15%,3/3,"Sioux",
"United States Senator","REP","","Kevin  Cramer ",1,281,29.64%,3/3,"Sioux",
"United States Senator","NON","","write-in ",1,2,0.21%,3/3,"Sioux",
"United States Senator","REP","","Kevin  Cramer ",1,335,86.12%,3/3,"Slope",
"United States Senator","DEM","","Katrina  Christiansen ",1,52,13.37%,3/3,"Slope",
"United States Senator","NON","","write-in ",1,2,0.51%,3/3,"Slope",
"United States Senator","REP","","Kevin  Cramer ",1,12074,81.34%,8/8,"Stark",
"United States Senator","DEM","","Katrina  Christiansen ",1,2716,18.30%,8/8,"Stark",
"United States Senator","NON","","write-in ",1,53,0.36%,8/8,"Stark",
"United States Senator","REP","","Kevin  Cramer ",1,585,57.86%,5/5,"Steele",
"United States Senator","DEM","","Katrina  Christiansen ",1,422,41.74%,5/5,"Steele",
"United States Senator","NON","","write-in ",1,4,0.40%,5/5,"Steele",
"United States Senator","REP","","Kevin  Cramer ",1,6771,68.00%,9/9,"Stutsman",
"United States Senator","DEM","","Katrina  Christiansen ",1,3171,31.84%,9/9,"Stutsman",
"United States Senator","NON","","write-in ",1,16,0.16%,9/9,"Stutsman",
"United States Senator","REP","","Kevin  Cramer ",1,757,67.95%,3/3,"Towner",
"United States Senator","DEM","","Katrina  Christiansen ",1,355,31.87%,3/3,"Towner",
"United States Senator","NON","","write-in ",1,2,0.18%,3/3,"Towner",
"United States Senator","REP","","Kevin  Cramer ",1,2612,63.49%,12/12,"Traill",
"United States Senator","DEM","","Katrina  Christiansen ",1,1489,36.19%,12/12,"Traill",
"United States Senator","NON","","write-in ",1,13,0.32%,12/12,"Traill",
"United States Senator","REP","","Kevin  Cramer ",1,3124,69.53%,2/2,"Walsh",
"United States Senator","DEM","","Katrina  Christiansen ",1,1355,30.16%,2/2,"Walsh",
"United States Senator","NON","","write-in ",1,14,0.31%,2/2,"Walsh",
"United States Senator","REP","","Kevin  Cramer ",1,20328,72.05%,16/16,"Ward",
"United States Senator","DEM","","Katrina  Christiansen ",1,7772,27.55%,16/16,"Ward",
"United States Senator","NON","","write-in ",1,113,0.40%,16/16,"Ward",
"United States Senator","REP","","Kevin  Cramer ",1,1690,75.45%,1/1,"Wells",
"United States Senator","DEM","","Katrina  Christiansen ",1,537,23.97%,1/1,"Wells",
"United States Senator","NON","","write-in ",1,13,0.58%,1/1,"Wells",
"United States Senator","REP","","Kevin  Cramer ",1,12156,82.31%,24/24,"Williams",
"United States Senator","DEM","","Katrina  Christiansen ",1,2542,17.21%,24/24,"Williams",
"United States Senator","NON","","write-in ",1,70,0.47%,24/24,"Williams",
"Representative in Congress","REP","","Julie  Fedorchak ",1,982,82.73%,1/1,"Adams",
"Representative in Congress","DEM","","Trygve  Hammer ",1,201,16.93%,1/1,"Adams",
"Representative in Congress","NON","","write-in ",1,4,0.34%,1/1,"Adams",
"Representative in Congress","REP","","Julie  Fedorchak ",1,3600,68.87%,15/15,"Barnes",
"Representative in Congress","DEM","","Trygve  Hammer ",1,1614,30.88%,15/15,"Barnes",
"Representative in Congress","NON","","write-in ",1,13,0.25%,15/15,"Barnes",
"Representative in Congress","REP","","Julie  Fedorchak ",1,1140,59.22%,8/8,"Benson",
"Representative in Congress","DEM","","Trygve  Hammer ",1,777,40.36%,8/8,"Benson",
"Representative in Congress","NON","","write-in ",1,8,0.42%,8/8,"Benson",
"Representative in Congress","REP","","Julie  Fedorchak ",1,550,85.54%,3/3,"Billings",
"Representative in Congress","DEM","","Trygve  Hammer ",1,90,14.00%,3/3,"Billings",
"Representative in Congress","NON","","write-in ",1,3,0.47%,3/3,"Billings",
"Representative in Congress","REP","","Julie  Fedorchak ",1,2637,77.51%,5/5,"Bottineau",
"Representative in Congress","DEM","","Trygve  Hammer ",1,750,22.05%,5/5,"Bottineau",
"Representative in Congress","NON","","write-in ",1,15,0.44%,5/5,"Bottineau",
"Representative in Congress","REP","","Julie  Fedorchak ",1,1368,85.18%,4/4,"Bowman",
"Representative in Congress","DEM","","Trygve  Hammer ",1,233,14.51%,4/4,"Bowman",
"Representative in Congress","NON","","write-in ",1,5,0.31%,4/4,"Bowman",
"Representative in Congress","REP","","Julie  Fedorchak ",1,880,84.86%,6/6,"Burke",
"Representative in Congress","DEM","","Trygve  Hammer ",1,148,14.27%,6/6,"Burke",
"Representative in Congress","NON","","write-in ",1,9,0.87%,6/6,"Burke",
"Representative in Congress","REP","","Julie  Fedorchak ",1,37214,72.91%,30/30,"Burleigh",
"Representative in Congress","DEM","","Trygve  Hammer ",1,13465,26.38%,30/30,"Burleigh",
"Representative in Congress","NON","","write-in ",1,362,0.71%,30/30,"Burleigh",
"Representative in Congress","REP","","Julie  Fedorchak ",1,50662,56.78%,34/34,"Cass",
"Representative in Congress","DEM","","Trygve  Hammer ",1,38349,42.98%,34/34,"Cass",
"Representative in Congress","NON","","write-in ",1,220,0.25%,34/34,"Cass",
"Representative in Congress","REP","","Julie  Fedorchak ",1,1479,75.57%,3/3,"Cavalier",
"Representative in Congress","DEM","","Trygve  Hammer ",1,472,24.12%,3/3,"Cavalier",
"Representative in Congress","NON","","write-in ",1,6,0.31%,3/3,"Cavalier",
"Representative in Congress","REP","","Julie  Fedorchak ",1,1795,74.82%,1/1,"Dickey",
"Representative in Congress","DEM","","Trygve  Hammer ",1,603,25.14%,1/1,"Dickey",
"Representative in Congress","NON","","write-in ",1,1,0.04%,1/1,"Dickey",
"Representative in Congress","REP","","Julie  Fedorchak ",1,913,77.83%,4/4,"Divide",
"Representative in Congress","DEM","","Trygve  Hammer ",1,258,21.99%,4/4,"Divide",
"Representative in Congress","NON","","write-in ",1,2,0.17%,4/4,"Divide",
"Representative in Congress","REP","","Julie  Fedorchak ",1,1866,84.97%,10/10,"Dunn",
"Representative in Congress","DEM","","Trygve  Hammer ",1,322,14.66%,10/10,"Dunn",
"Representative in Congress","NON","","write-in ",1,8,0.36%,10/10,"Dunn",
"Representative in Congress","REP","","Julie  Fedorchak ",1,867,72.55%,3/3,"Eddy",
"Representative in Congress","DEM","","Trygve  Hammer ",1,323,27.03%,3/3,"Eddy",
"Representative in Congress","NON","","write-in ",1,5,0.42%,3/3,"Eddy",
"Representative in Congress","REP","","Julie  Fedorchak ",1,1567,84.07%,5/5,"Emmons",
"Representative in Congress","DEM","","Trygve  Hammer ",1,277,14.86%,5/5,"Emmons",
"Representative in Congress","NON","","write-in ",1,20,1.07%,5/5,"Emmons",
"Representative in Congress","REP","","Julie  Fedorchak ",1,1344,79.76%,1/1,"Foster",
"Representative in Congress","DEM","","Trygve  Hammer ",1,337,20.00%,1/1,"Foster",
"Representative in Congress","NON","","write-in ",1,4,0.24%,1/1,"Foster",
"Representative in Congress","REP","","Julie  Fedorchak ",1,840,86.69%,1/1,"Golden Valley",
"Representative in Congress","DEM","","Trygve  Hammer ",1,124,12.80%,1/1,"Golden Valley",
"Representative in Congress","NON","","write-in ",1,5,0.52%,1/1,"Golden Valley",
"Representative in Congress","REP","","Julie  Fedorchak ",1,18749,61.39%,20/20,"Grand Forks",
"Representative in Congress","DEM","","Trygve  Hammer ",1,11741,38.44%,20/20,"Grand Forks",
"Representative in Congress","NON","","write-in ",1,51,0.17%,20/20,"Grand Forks",
"Representative in Congress","REP","","Julie  Fedorchak ",1,1072,82.84%,5/5,"Grant",
"Representative in Congress","DEM","","Trygve  Hammer ",1,213,16.46%,5/5,"Grant",
"Representative in Congress","NON","","write-in ",1,9,0.70%,5/5,"Grant",
"Representative in Congress","REP","","Julie  Fedorchak ",1,982,77.75%,5/5,"Griggs",
"Representative in Congress","DEM","","Trygve  Hammer ",1,278,22.01%,5/5,"Griggs",
"Representative in Congress","NON","","write-in ",1,3,0.24%,5/5,"Griggs",
"Representative in Congress","REP","","Julie  Fedorchak ",1,1064,84.24%,2/2,"Hettinger",
"Representative in Congress","DEM","","Trygve  Hammer ",1,194,15.36%,2/2,"Hettinger",
"Representative in Congress","NON","","write-in ",1,5,0.40%,2/2,"Hettinger",
"Representative in Congress","REP","","Julie  Fedorchak ",1,1137,82.81%,6/6,"Kidder",
"Representative in Congress","DEM","","Trygve  Hammer ",1,230,16.75%,6/6,"Kidder",
"Representative in Congress","NON","","write-in ",1,6,0.44%,6/6,"Kidder",
"Representative in Congress","REP","","Julie  Fedorchak ",1,1626,77.35%,4/4,"LaMoure",
"Representative in Congress","DEM","","Trygve  Hammer ",1,476,22.65%,4/4,"LaMoure",
"Representative in Congress","NON","","write-in ",1,0,0.00%,4/4,"LaMoure",
"Representative in Congress","REP","","Julie  Fedorchak ",1,875,86.63%,5/5,"Logan",
"Representative in Congress","DEM","","Trygve  Hammer ",1,130,12.87%,5/5,"Logan",
"Representative in Congress","NON","","write-in ",1,5,0.50%,5/5,"Logan",
"Representative in Congress","REP","","Julie  Fedorchak ",1,2040,75.11%,8/8,"McHenry",
"Representative in Congress","DEM","","Trygve  Hammer ",1,666,24.52%,8/8,"McHenry",
"Representative in Congress","NON","","write-in ",1,10,0.37%,8/8,"McHenry",
"Representative in Congress","REP","","Julie  Fedorchak ",1,1132,82.39%,6/6,"McIntosh",
"Representative in Congress","DEM","","Trygve  Hammer ",1,237,17.25%,6/6,"McIntosh",
"Representative in Congress","NON","","write-in ",1,5,0.36%,6/6,"McIntosh",
"Representative in Congress","REP","","Julie  Fedorchak ",1,4540,84.23%,11/11,"McKenzie",
"Representative in Congress","DEM","","Trygve  Hammer ",1,824,15.29%,11/11,"McKenzie",
"Representative in Congress","NON","","write-in ",1,26,0.48%,11/11,"McKenzie",
"Representative in Congress","REP","","Julie  Fedorchak ",1,4180,78.07%,6/6,"McLean",
"Representative in Congress","DEM","","Trygve  Hammer ",1,1135,21.20%,6/6,"McLean",
"Representative in Congress","NON","","write-in ",1,39,0.73%,6/6,"McLean",
"Representative in Congress","REP","","Julie  Fedorchak ",1,3733,84.04%,14/14,"Mercer",
"Representative in Congress","DEM","","Trygve  Hammer ",1,689,15.51%,14/14,"Mercer",
"Representative in Congress","NON","","write-in ",1,20,0.45%,14/14,"Mercer",
"Representative in Congress","REP","","Julie  Fedorchak ",1,12536,76.21%,17/17,"Morton",
"Representative in Congress","DEM","","Trygve  Hammer ",1,3822,23.24%,17/17,"Morton",
"Representative in Congress","NON","","write-in ",1,91,0.55%,17/17,"Morton",
"Representative in Congress","REP","","Julie  Fedorchak ",1,2833,70.83%,6/6,"Mountrail",
"Representative in Congress","DEM","","Trygve  Hammer ",1,1154,28.85%,6/6,"Mountrail",
"Representative in Congress","NON","","write-in ",1,13,0.33%,6/6,"Mountrail",
"Representative in Congress","REP","","Julie  Fedorchak ",1,1158,66.78%,2/2,"Nelson",
"Representative in Congress","DEM","","Trygve  Hammer ",1,573,33.04%,2/2,"Nelson",
"Representative in Congress","NON","","write-in ",1,3,0.17%,2/2,"Nelson",
"Representative in Congress","REP","","Julie  Fedorchak ",1,860,82.45%,1/1,"Oliver",
"Representative in Congress","DEM","","Trygve  Hammer ",1,178,17.07%,1/1,"Oliver",
"Representative in Congress","NON","","write-in ",1,5,0.48%,1/1,"Oliver",
"Representative in Congress","REP","","Julie  Fedorchak ",1,2374,77.23%,6/6,"Pembina",
"Representative in Congress","DEM","","Trygve  Hammer ",1,693,22.54%,6/6,"Pembina",
"Representative in Congress","NON","","write-in ",1,7,0.23%,6/6,"Pembina",
"Representative in Congress","REP","","Julie  Fedorchak ",1,1508,77.57%,9/9,"Pierce",
"Representative in Congress","DEM","","Trygve  Hammer ",1,421,21.66%,9/9,"Pierce",
"Representative in Congress","NON","","write-in ",1,15,0.77%,9/9,"Pierce",
"Representative in Congress","REP","","Julie  Fedorchak ",1,3648,70.67%,5/5,"Ramsey",
"Representative in Congress","DEM","","Trygve  Hammer ",1,1499,29.04%,5/5,"Ramsey",
"Representative in Congress","NON","","write-in ",1,15,0.29%,5/5,"Ramsey",
"Representative in Congress","REP","","Julie  Fedorchak ",1,1679,64.55%,1/1,"Ransom",
"Representative in Congress","DEM","","Trygve  Hammer ",1,919,35.33%,1/1,"Ransom",
"Representative in Congress","NON","","write-in ",1,3,0.12%,1/1,"Ransom",
"Representative in Congress","REP","","Julie  Fedorchak ",1,988,82.61%,5/5,"Renville",
"Representative in Congress","DEM","","Trygve  Hammer ",1,194,16.22%,5/5,"Renville",
"Representative in Congress","NON","","write-in ",1,14,1.17%,5/5,"Renville",
"Representative in Congress","REP","","Julie  Fedorchak ",1,5571,68.91%,13/13,"Richland",
"Representative in Congress","DEM","","Trygve  Hammer ",1,2496,30.87%,13/13,"Richland",
"Representative in Congress","NON","","write-in ",1,18,0.22%,13/13,"Richland",
"Representative in Congress","DEM","","Trygve  Hammer ",1,2429,61.46%,5/5,"Rolette",
"Representative in Congress","REP","","Julie  Fedorchak ",1,1517,38.39%,5/5,"Rolette",
"Representative in Congress","NON","","write-in ",1,6,0.15%,5/5,"Rolette",
"Representative in Congress","REP","","Julie  Fedorchak ",1,1325,66.12%,2/2,"Sargent",
"Representative in Congress","DEM","","Trygve  Hammer ",1,675,33.68%,2/2,"Sargent",
"Representative in Congress","NON","","write-in ",1,4,0.20%,2/2,"Sargent",
"Representative in Congress","REP","","Julie  Fedorchak ",1,631,84.81%,1/1,"Sheridan",
"Representative in Congress","DEM","","Trygve  Hammer ",1,107,14.38%,1/1,"Sheridan",
"Representative in Congress","NON","","write-in ",1,6,0.81%,1/1,"Sheridan",
"Representative in Congress","DEM","","Trygve  Hammer ",1,630,66.81%,3/3,"Sioux",
"Representative in Congress","REP","","Julie  Fedorchak ",1,311,32.98%,3/3,"Sioux",
"Representative in Congress","NON","","write-in ",1,2,0.21%,3/3,"Sioux",
"Representative in Congress","REP","","Julie  Fedorchak ",1,345,89.15%,3/3,"Slope",
"Representative in Congress","DEM","","Trygve  Hammer ",1,39,10.08%,3/3,"Slope",
"Representative in Congress","NON","","write-in ",1,3,0.78%,3/3,"Slope",
"Representative in Congress","REP","","Julie  Fedorchak ",1,12132,82.83%,8/8,"Stark",
"Representative in Congress","DEM","","Trygve  Hammer ",1,2431,16.60%,8/8,"Stark",
"Representative in Congress","NON","","write-in ",1,83,0.57%,8/8,"Stark",
"Representative in Congress","REP","","Julie  Fedorchak ",1,636,63.66%,5/5,"Steele",
"Representative in Congress","DEM","","Trygve  Hammer ",1,361,36.14%,5/5,"Steele",
"Representative in Congress","NON","","write-in ",1,2,0.20%,5/5,"Steele",
"Representative in Congress","REP","","Julie  Fedorchak ",1,7056,72.66%,9/9,"Stutsman",
"Representative in Congress","DEM","","Trygve  Hammer ",1,2633,27.11%,9/9,"Stutsman",
"Representative in Congress","NON","","write-in ",1,22,0.23%,9/9,"Stutsman",
"Representative in Congress","REP","","Julie  Fedorchak ",1,795,72.21%,3/3,"Towner",
"Representative in Congress","DEM","","Trygve  Hammer ",1,303,27.52%,3/3,"Towner",
"Representative in Congress","NON","","write-in ",1,3,0.27%,3/3,"Towner",
"Representative in Congress","REP","","Julie  Fedorchak ",1,2710,67.15%,12/12,"Traill",
"Representative in Congress","DEM","","Trygve  Hammer ",1,1316,32.61%,12/12,"Traill",
"Representative in Congress","NON","","write-in ",1,10,0.25%,12/12,"Traill",
"Representative in Congress","REP","","Julie  Fedorchak ",1,3266,73.34%,2/2,"Walsh",
"Representative in Congress","DEM","","Trygve  Hammer ",1,1176,26.41%,2/2,"Walsh",
"Representative in Congress","NON","","write-in ",1,11,0.25%,2/2,"Walsh",
"Representative in Congress","REP","","Julie  Fedorchak ",1,20457,73.35%,16/16,"Ward",
"Representative in Congress","DEM","","Trygve  Hammer ",1,7282,26.11%,16/16,"Ward",
"Representative in Congress","NON","","write-in ",1,150,0.54%,16/16,"Ward",
"Representative in Congress","REP","","Julie  Fedorchak ",1,1746,79.08%,1/1,"Wells",
"Representative in Congress","DEM","","Trygve  Hammer ",1,439,19.88%,1/1,"Wells",
"Representative in Congress","NON","","write-in ",1,23,1.04%,1/1,"Wells",
"Representative in Congress","REP","","Julie  Fedorchak ",1,12185,83.65%,24/24,"Williams",
"Representative in Congress","DEM","","Trygve  Hammer ",1,2305,15.82%,24/24,"Williams",
"Representative in Congress","NON","","write-in ",1,77,0.53%,24/24,"Williams",
"Governor and Lt. Governor","REP","","Kelly Armstrong and Michelle Strinden",1,978,81.91%,1/1,"Adams",
"Governor and Lt. Governor","DEM","","Merrill Piepkorn and  Patrick Hart ",1,162,13.57%,1/1,"Adams",
"Governor and Lt. Governor","IND","","Michael (Coach) Coachman and Lydia Gessele",1,53,4.44%,1/1,"Adams",
"Governor and Lt. Governor","NON","","write-in ",1,1,0.08%,1/1,"Adams",
"Governor and Lt. Governor","REP","","Kelly Armstrong and Michelle Strinden",1,3655,69.17%,15/15,"Barnes",
"Governor and Lt. Governor","DEM","","Merrill Piepkorn and  Patrick Hart ",1,1417,26.82%,15/15,"Barnes",
"Governor and Lt. Governor","IND","","Michael (Coach) Coachman and Lydia Gessele",1,205,3.88%,15/15,"Barnes",
"Governor and Lt. Governor","NON","","write-in ",1,7,0.13%,15/15,"Barnes",
"Governor and Lt. Governor","REP","","Kelly Armstrong and Michelle Strinden",1,1135,58.57%,8/8,"Benson",
"Governor and Lt. Governor","DEM","","Merrill Piepkorn and  Patrick Hart ",1,697,35.96%,8/8,"Benson",
"Governor and Lt. Governor","IND","","Michael (Coach) Coachman and Lydia Gessele",1,103,5.31%,8/8,"Benson",
"Governor and Lt. Governor","NON","","write-in ",1,3,0.15%,8/8,"Benson",
"Governor and Lt. Governor","REP","","Kelly Armstrong and Michelle Strinden",1,526,80.92%,3/3,"Billings",
"Governor and Lt. Governor","DEM","","Merrill Piepkorn and  Patrick Hart ",1,85,13.08%,3/3,"Billings",
"Governor and Lt. Governor","IND","","Michael (Coach) Coachman and Lydia Gessele",1,39,6.00%,3/3,"Billings",
"Governor and Lt. Governor","NON","","write-in ",1,0,0.00%,3/3,"Billings",
"Governor and Lt. Governor","REP","","Kelly Armstrong and Michelle Strinden",1,2585,75.45%,5/5,"Bottineau",
"Governor and Lt. Governor","DEM","","Merrill Piepkorn and  Patrick Hart ",1,622,18.16%,5/5,"Bottineau",
"Governor and Lt. Governor","IND","","Michael (Coach) Coachman and Lydia Gessele",1,216,6.30%,5/5,"Bottineau",
"Governor and Lt. Governor","NON","","write-in ",1,3,0.09%,5/5,"Bottineau",
"Governor and Lt. Governor","REP","","Kelly Armstrong and Michelle Strinden",1,1387,85.72%,4/4,"Bowman",
"Governor and Lt. Governor","DEM","","Merrill Piepkorn and  Patrick Hart ",1,171,10.57%,4/4,"Bowman",
"Governor and Lt. Governor","IND","","Michael (Coach) Coachman and Lydia Gessele",1,60,3.71%,4/4,"Bowman",
"Governor and Lt. Governor","NON","","write-in ",1,0,0.00%,4/4,"Bowman",
"Governor and Lt. Governor","REP","","Kelly Armstrong and Michelle Strinden",1,874,83.64%,6/6,"Burke",
"Governor and Lt. Governor","DEM","","Merrill Piepkorn and  Patrick Hart ",1,115,11.00%,6/6,"Burke",
"Governor and Lt. Governor","IND","","Michael (Coach) Coachman and Lydia Gessele",1,56,5.36%,6/6,"Burke",
"Governor and Lt. Governor","NON","","write-in ",1,0,0.00%,6/6,"Burke",
"Governor and Lt. Governor","REP","","Kelly Armstrong and Michelle Strinden",1,36496,70.96%,30/30,"Burleigh",
"Governor and Lt. Governor","DEM","","Merrill Piepkorn and  Patrick Hart ",1,11343,22.05%,30/30,"Burleigh",
"Governor and Lt. Governor","IND","","Michael (Coach) Coachman and Lydia Gessele",1,3492,6.79%,30/30,"Burleigh",
"Governor and Lt. Governor","NON","","write-in ",1,100,0.19%,30/30,"Burleigh",
"Governor and Lt. Governor","REP","","Kelly Armstrong and Michelle Strinden",1,50505,56.43%,34/34,"Cass",
"Governor and Lt. Governor","DEM","","Merrill Piepkorn and  Patrick Hart ",1,34903,39.00%,34/34,"Cass",
"Governor and Lt. Governor","IND","","Michael (Coach) Coachman and Lydia Gessele",1,3953,4.42%,34/34,"Cass",
"Governor and Lt. Governor","NON","","write-in ",1,140,0.16%,34/34,"Cass",
"Governor and Lt. Governor","REP","","Kelly Armstrong and Michelle Strinden",1,1491,75.61%,3/3,"Cavalier",
"Governor and Lt. Governor","DEM","","Merrill Piepkorn and  Patrick Hart ",1,401,20.33%,3/3,"Cavalier",
"Governor and Lt. Governor","IND","","Michael (Coach) Coachman and Lydia Gessele",1,78,3.96%,3/3,"Cavalier",
"Governor and Lt. Governor","NON","","write-in ",1,2,0.10%,3/3,"Cavalier",
"Governor and Lt. Governor","REP","","Kelly Armstrong and Michelle Strinden",1,1802,74.56%,1/1,"Dickey",
"Governor and Lt. Governor","DEM","","Merrill Piepkorn and  Patrick Hart ",1,491,20.31%,1/1,"Dickey",
"Governor and Lt. Governor","IND","","Michael (Coach) Coachman and Lydia Gessele",1,123,5.09%,1/1,"Dickey",
"Governor and Lt. Governor","NON","","write-in ",1,1,0.04%,1/1,"Dickey",
"Governor and Lt. Governor","REP","","Kelly Armstrong and Michelle Strinden",1,894,75.32%,4/4,"Divide",
"Governor and Lt. Governor","DEM","","Merrill Piepkorn and  Patrick Hart ",1,226,19.04%,4/4,"Divide",
"Governor and Lt. Governor","IND","","Michael (Coach) Coachman and Lydia Gessele",1,67,5.64%,4/4,"Divide",
"Governor and Lt. Governor","NON","","write-in ",1,0,0.00%,4/4,"Divide",
"Governor and Lt. Governor","REP","","Kelly Armstrong and Michelle Strinden",1,1806,81.46%,10/10,"Dunn",
"Governor and Lt. Governor","DEM","","Merrill Piepkorn and  Patrick Hart ",1,276,12.45%,10/10,"Dunn",
"Governor and Lt. Governor","IND","","Michael (Coach) Coachman and Lydia Gessele",1,131,5.91%,10/10,"Dunn",
"Governor and Lt. Governor","NON","","write-in ",1,4,0.18%,10/10,"Dunn",
"Governor and Lt. Governor","REP","","Kelly Armstrong and Michelle Strinden",1,856,71.04%,3/3,"Eddy",
"Governor and Lt. Governor","DEM","","Merrill Piepkorn and  Patrick Hart ",1,280,23.24%,3/3,"Eddy",
"Governor and Lt. Governor","IND","","Michael (Coach) Coachman and Lydia Gessele",1,68,5.64%,3/3,"Eddy",
"Governor and Lt. Governor","NON","","write-in ",1,1,0.08%,3/3,"Eddy",
"Governor and Lt. Governor","REP","","Kelly Armstrong and Michelle Strinden",1,1582,83.35%,5/5,"Emmons",
"Governor and Lt. Governor","DEM","","Merrill Piepkorn and  Patrick Hart ",1,183,9.64%,5/5,"Emmons",
"Governor and Lt. Governor","IND","","Michael (Coach) Coachman and Lydia Gessele",1,130,6.85%,5/5,"Emmons",
"Governor and Lt. Governor","NON","","write-in ",1,3,0.16%,5/5,"Emmons",
"Governor and Lt. Governor","REP","","Kelly Armstrong and Michelle Strinden",1,1330,78.61%,1/1,"Foster",
"Governor and Lt. Governor","DEM","","Merrill Piepkorn and  Patrick Hart ",1,291,17.20%,1/1,"Foster",
"Governor and Lt. Governor","IND","","Michael (Coach) Coachman and Lydia Gessele",1,71,4.20%,1/1,"Foster",
"Governor and Lt. Governor","NON","","write-in ",1,0,0.00%,1/1,"Foster",
"Governor and Lt. Governor","REP","","Kelly Armstrong and Michelle Strinden",1,825,84.53%,1/1,"Golden Valley",
"Governor and Lt. Governor","DEM","","Merrill Piepkorn and  Patrick Hart ",1,101,10.35%,1/1,"Golden Valley",
"Governor and Lt. Governor","IND","","Michael (Coach) Coachman and Lydia Gessele",1,50,5.12%,1/1,"Golden Valley",
"Governor and Lt. Governor","NON","","write-in ",1,0,0.00%,1/1,"Golden Valley",
"Governor and Lt. Governor","REP","","Kelly Armstrong and Michelle Strinden",1,19016,62.03%,20/20,"Grand Forks",
"Governor and Lt. Governor","DEM","","Merrill Piepkorn and  Patrick Hart ",1,10153,33.12%,20/20,"Grand Forks",
"Governor and Lt. Governor","IND","","Michael (Coach) Coachman and Lydia Gessele",1,1455,4.75%,20/20,"Grand Forks",
"Governor and Lt. Governor","NON","","write-in ",1,32,0.10%,20/20,"Grand Forks",
"Governor and Lt. Governor","REP","","Kelly Armstrong and Michelle Strinden",1,1045,80.14%,5/5,"Grant",
"Governor and Lt. Governor","DEM","","Merrill Piepkorn and  Patrick Hart ",1,165,12.65%,5/5,"Grant",
"Governor and Lt. Governor","IND","","Michael (Coach) Coachman and Lydia Gessele",1,91,6.98%,5/5,"Grant",
"Governor and Lt. Governor","NON","","write-in ",1,3,0.23%,5/5,"Grant",
"Governor and Lt. Governor","REP","","Kelly Armstrong and Michelle Strinden",1,977,76.51%,5/5,"Griggs",
"Governor and Lt. Governor","DEM","","Merrill Piepkorn and  Patrick Hart ",1,259,20.28%,5/5,"Griggs",
"Governor and Lt. Governor","IND","","Michael (Coach) Coachman and Lydia Gessele",1,41,3.21%,5/5,"Griggs",
"Governor and Lt. Governor","NON","","write-in ",1,0,0.00%,5/5,"Griggs",
"Governor and Lt. Governor","REP","","Kelly Armstrong and Michelle Strinden",1,1057,82.64%,2/2,"Hettinger",
"Governor and Lt. Governor","DEM","","Merrill Piepkorn and  Patrick Hart ",1,138,10.79%,2/2,"Hettinger",
"Governor and Lt. Governor","IND","","Michael (Coach) Coachman and Lydia Gessele",1,84,6.57%,2/2,"Hettinger",
"Governor and Lt. Governor","NON","","write-in ",1,0,0.00%,2/2,"Hettinger",
"Governor and Lt. Governor","REP","","Kelly Armstrong and Michelle Strinden",1,1085,78.74%,6/6,"Kidder",
"Governor and Lt. Governor","DEM","","Merrill Piepkorn and  Patrick Hart ",1,188,13.64%,6/6,"Kidder",
"Governor and Lt. Governor","IND","","Michael (Coach) Coachman and Lydia Gessele",1,105,7.62%,6/6,"Kidder",
"Governor and Lt. Governor","NON","","write-in ",1,0,0.00%,6/6,"Kidder",
"Governor and Lt. Governor","REP","","Kelly Armstrong and Michelle Strinden",1,1619,76.51%,4/4,"LaMoure",
"Governor and Lt. Governor","DEM","","Merrill Piepkorn and  Patrick Hart ",1,393,18.57%,4/4,"LaMoure",
"Governor and Lt. Governor","IND","","Michael (Coach) Coachman and Lydia Gessele",1,103,4.87%,4/4,"LaMoure",
"Governor and Lt. Governor","NON","","write-in ",1,1,0.05%,4/4,"LaMoure",
"Governor and Lt. Governor","REP","","Kelly Armstrong and Michelle Strinden",1,855,83.09%,5/5,"Logan",
"Governor and Lt. Governor","DEM","","Merrill Piepkorn and  Patrick Hart ",1,107,10.40%,5/5,"Logan",
"Governor and Lt. Governor","IND","","Michael (Coach) Coachman and Lydia Gessele",1,64,6.22%,5/5,"Logan",
"Governor and Lt. Governor","NON","","write-in ",1,3,0.29%,5/5,"Logan",
"Governor and Lt. Governor","REP","","Kelly Armstrong and Michelle Strinden",1,2102,77.08%,8/8,"McHenry",
"Governor and Lt. Governor","DEM","","Merrill Piepkorn and  Patrick Hart ",1,435,15.95%,8/8,"McHenry",
"Governor and Lt. Governor","IND","","Michael (Coach) Coachman and Lydia Gessele",1,184,6.75%,8/8,"McHenry",
"Governor and Lt. Governor","NON","","write-in ",1,6,0.22%,8/8,"McHenry",
"Governor and Lt. Governor","REP","","Kelly Armstrong and Michelle Strinden",1,1087,78.77%,6/6,"McIntosh",
"Governor and Lt. Governor","DEM","","Merrill Piepkorn and  Patrick Hart ",1,229,16.59%,6/6,"McIntosh",
"Governor and Lt. Governor","IND","","Michael (Coach) Coachman and Lydia Gessele",1,62,4.49%,6/6,"McIntosh",
"Governor and Lt. Governor","NON","","write-in ",1,2,0.14%,6/6,"McIntosh",
"Governor and Lt. Governor","REP","","Kelly Armstrong and Michelle Strinden",1,4473,82.68%,11/11,"McKenzie",
"Governor and Lt. Governor","DEM","","Merrill Piepkorn and  Patrick Hart ",1,634,11.72%,11/11,"McKenzie",
"Governor and Lt. Governor","IND","","Michael (Coach) Coachman and Lydia Gessele",1,290,5.36%,11/11,"McKenzie",
"Governor and Lt. Governor","NON","","write-in ",1,13,0.24%,11/11,"McKenzie",
"Governor and Lt. Governor","REP","","Kelly Armstrong and Michelle Strinden",1,4094,76.17%,6/6,"McLean",
"Governor and Lt. Governor","DEM","","Merrill Piepkorn and  Patrick Hart ",1,943,17.54%,6/6,"McLean",
"Governor and Lt. Governor","IND","","Michael (Coach) Coachman and Lydia Gessele",1,334,6.21%,6/6,"McLean",
"Governor and Lt. Governor","NON","","write-in ",1,4,0.07%,6/6,"McLean",
"Governor and Lt. Governor","REP","","Kelly Armstrong and Michelle Strinden",1,3625,80.34%,14/14,"Mercer",
"Governor and Lt. Governor","DEM","","Merrill Piepkorn and  Patrick Hart ",1,609,13.50%,14/14,"Mercer",
"Governor and Lt. Governor","IND","","Michael (Coach) Coachman and Lydia Gessele",1,272,6.03%,14/14,"Mercer",
"Governor and Lt. Governor","NON","","write-in ",1,6,0.13%,14/14,"Mercer",
"Governor and Lt. Governor","REP","","Kelly Armstrong and Michelle Strinden",1,12297,74.00%,17/17,"Morton",
"Governor and Lt. Governor","DEM","","Merrill Piepkorn and  Patrick Hart ",1,3141,18.90%,17/17,"Morton",
"Governor and Lt. Governor","IND","","Michael (Coach) Coachman and Lydia Gessele",1,1152,6.93%,17/17,"Morton",
"Governor and Lt. Governor","NON","","write-in ",1,27,0.16%,17/17,"Morton",
"Governor and Lt. Governor","REP","","Kelly Armstrong and Michelle Strinden",1,2759,68.58%,6/6,"Mountrail",
"Governor and Lt. Governor","DEM","","Merrill Piepkorn and  Patrick Hart ",1,1014,25.21%,6/6,"Mountrail",
"Governor and Lt. Governor","IND","","Michael (Coach) Coachman and Lydia Gessele",1,248,6.16%,6/6,"Mountrail",
"Governor and Lt. Governor","NON","","write-in ",1,2,0.05%,6/6,"Mountrail",
"Governor and Lt. Governor","REP","","Kelly Armstrong and Michelle Strinden",1,1159,66.57%,2/2,"Nelson",
"Governor and Lt. Governor","DEM","","Merrill Piepkorn and  Patrick Hart ",1,513,29.47%,2/2,"Nelson",
"Governor and Lt. Governor","IND","","Michael (Coach) Coachman and Lydia Gessele",1,67,3.85%,2/2,"Nelson",
"Governor and Lt. Governor","NON","","write-in ",1,2,0.11%,2/2,"Nelson",
"Governor and Lt. Governor","REP","","Kelly Armstrong and Michelle Strinden",1,866,81.09%,1/1,"Oliver",
"Governor and Lt. Governor","DEM","","Merrill Piepkorn and  Patrick Hart ",1,132,12.36%,1/1,"Oliver",
"Governor and Lt. Governor","IND","","Michael (Coach) Coachman and Lydia Gessele",1,70,6.55%,1/1,"Oliver",
"Governor and Lt. Governor","NON","","write-in ",1,0,0.00%,1/1,"Oliver",
"Governor and Lt. Governor","REP","","Kelly Armstrong and Michelle Strinden",1,2387,77.27%,6/6,"Pembina",
"Governor and Lt. Governor","DEM","","Merrill Piepkorn and  Patrick Hart ",1,609,19.72%,6/6,"Pembina",
"Governor and Lt. Governor","IND","","Michael (Coach) Coachman and Lydia Gessele",1,90,2.91%,6/6,"Pembina",
"Governor and Lt. Governor","NON","","write-in ",1,3,0.10%,6/6,"Pembina",
"Governor and Lt. Governor","REP","","Kelly Armstrong and Michelle Strinden",1,1477,75.40%,9/9,"Pierce",
"Governor and Lt. Governor","DEM","","Merrill Piepkorn and  Patrick Hart ",1,362,18.48%,9/9,"Pierce",
"Governor and Lt. Governor","IND","","Michael (Coach) Coachman and Lydia Gessele",1,117,5.97%,9/9,"Pierce",
"Governor and Lt. Governor","NON","","write-in ",1,3,0.15%,9/9,"Pierce",
"Governor and Lt. Governor","REP","","Kelly Armstrong and Michelle Strinden",1,3671,70.88%,5/5,"Ramsey",
"Governor and Lt. Governor","DEM","","Merrill Piepkorn and  Patrick Hart ",1,1198,23.13%,5/5,"Ramsey",
"Governor and Lt. Governor","IND","","Michael (Coach) Coachman and Lydia Gessele",1,303,5.85%,5/5,"Ramsey",
"Governor and Lt. Governor","NON","","write-in ",1,7,0.14%,5/5,"Ramsey",
"Governor and Lt. Governor","REP","","Kelly Armstrong and Michelle Strinden",1,1699,64.82%,1/1,"Ransom",
"Governor and Lt. Governor","DEM","","Merrill Piepkorn and  Patrick Hart ",1,798,30.45%,1/1,"Ransom",
"Governor and Lt. Governor","IND","","Michael (Coach) Coachman and Lydia Gessele",1,123,4.69%,1/1,"Ransom",
"Governor and Lt. Governor","NON","","write-in ",1,1,0.04%,1/1,"Ransom",
"Governor and Lt. Governor","REP","","Kelly Armstrong and Michelle Strinden",1,969,80.62%,5/5,"Renville",
"Governor and Lt. Governor","DEM","","Merrill Piepkorn and  Patrick Hart ",1,153,12.73%,5/5,"Renville",
"Governor and Lt. Governor","IND","","Michael (Coach) Coachman and Lydia Gessele",1,80,6.66%,5/5,"Renville",
"Governor and Lt. Governor","NON","","write-in ",1,0,0.00%,5/5,"Renville",
"Governor and Lt. Governor","REP","","Kelly Armstrong and Michelle Strinden",1,5710,69.95%,13/13,"Richland",
"Governor and Lt. Governor","DEM","","Merrill Piepkorn and  Patrick Hart ",1,2093,25.64%,13/13,"Richland",
"Governor and Lt. Governor","IND","","Michael (Coach) Coachman and Lydia Gessele",1,356,4.36%,13/13,"Richland",
"Governor and Lt. Governor","NON","","write-in ",1,4,0.05%,13/13,"Richland",
"Governor and Lt. Governor","DEM","","Merrill Piepkorn and  Patrick Hart ",1,2244,56.34%,5/5,"Rolette",
"Governor and Lt. Governor","REP","","Kelly Armstrong and Michelle Strinden",1,1548,38.87%,5/5,"Rolette",
"Governor and Lt. Governor","IND","","Michael (Coach) Coachman and Lydia Gessele",1,186,4.67%,5/5,"Rolette",
"Governor and Lt. Governor","NON","","write-in ",1,5,0.13%,5/5,"Rolette",
"Governor and Lt. Governor","REP","","Kelly Armstrong and Michelle Strinden",1,1310,64.92%,2/2,"Sargent",
"Governor and Lt. Governor","DEM","","Merrill Piepkorn and  Patrick Hart ",1,604,29.93%,2/2,"Sargent",
"Governor and Lt. Governor","IND","","Michael (Coach) Coachman and Lydia Gessele",1,104,5.15%,2/2,"Sargent",
"Governor and Lt. Governor","NON","","write-in ",1,0,0.00%,2/2,"Sargent",
"Governor and Lt. Governor","REP","","Kelly Armstrong and Michelle Strinden",1,576,77.21%,1/1,"Sheridan",
"Governor and Lt. Governor","DEM","","Merrill Piepkorn and  Patrick Hart ",1,94,12.60%,1/1,"Sheridan",
"Governor and Lt. Governor","IND","","Michael (Coach) Coachman and Lydia Gessele",1,75,10.05%,1/1,"Sheridan",
"Governor and Lt. Governor","NON","","write-in ",1,1,0.13%,1/1,"Sheridan",
"Governor and Lt. Governor","DEM","","Merrill Piepkorn and  Patrick Hart ",1,545,57.86%,3/3,"Sioux",
"Governor and Lt. Governor","REP","","Kelly Armstrong and Michelle Strinden",1,312,33.12%,3/3,"Sioux",
"Governor and Lt. Governor","IND","","Michael (Coach) Coachman and Lydia Gessele",1,84,8.92%,3/3,"Sioux",
"Governor and Lt. Governor","NON","","write-in ",1,1,0.11%,3/3,"Sioux",
"Governor and Lt. Governor","REP","","Kelly Armstrong and Michelle Strinden",1,340,86.96%,3/3,"Slope",
"Governor and Lt. Governor","DEM","","Merrill Piepkorn and  Patrick Hart ",1,28,7.16%,3/3,"Slope",
"Governor and Lt. Governor","IND","","Michael (Coach) Coachman and Lydia Gessele",1,23,5.88%,3/3,"Slope",
"Governor and Lt. Governor","NON","","write-in ",1,0,0.00%,3/3,"Slope",
"Governor and Lt. Governor","REP","","Kelly Armstrong and Michelle Strinden",1,12056,81.30%,8/8,"Stark",
"Governor and Lt. Governor","DEM","","Merrill Piepkorn and  Patrick Hart ",1,1792,12.08%,8/8,"Stark",
"Governor and Lt. Governor","IND","","Michael (Coach) Coachman and Lydia Gessele",1,960,6.47%,8/8,"Stark",
"Governor and Lt. Governor","NON","","write-in ",1,21,0.14%,8/8,"Stark",
"Governor and Lt. Governor","REP","","Kelly Armstrong and Michelle Strinden",1,627,62.64%,5/5,"Steele",
"Governor and Lt. Governor","DEM","","Merrill Piepkorn and  Patrick Hart ",1,321,32.07%,5/5,"Steele",
"Governor and Lt. Governor","IND","","Michael (Coach) Coachman and Lydia Gessele",1,52,5.19%,5/5,"Steele",
"Governor and Lt. Governor","NON","","write-in ",1,1,0.10%,5/5,"Steele",
"Governor and Lt. Governor","REP","","Kelly Armstrong and Michelle Strinden",1,7009,71.88%,9/9,"Stutsman",
"Governor and Lt. Governor","DEM","","Merrill Piepkorn and  Patrick Hart ",1,2158,22.13%,9/9,"Stutsman",
"Governor and Lt. Governor","IND","","Michael (Coach) Coachman and Lydia Gessele",1,574,5.89%,9/9,"Stutsman",
"Governor and Lt. Governor","NON","","write-in ",1,10,0.10%,9/9,"Stutsman",
"Governor and Lt. Governor","REP","","Kelly Armstrong and Michelle Strinden",1,804,72.63%,3/3,"Towner",
"Governor and Lt. Governor","DEM","","Merrill Piepkorn and  Patrick Hart ",1,244,22.04%,3/3,"Towner",
"Governor and Lt. Governor","IND","","Michael (Coach) Coachman and Lydia Gessele",1,58,5.24%,3/3,"Towner",
"Governor and Lt. Governor","NON","","write-in ",1,1,0.09%,3/3,"Towner",
"Governor and Lt. Governor","REP","","Kelly Armstrong and Michelle Strinden",1,2721,66.94%,12/12,"Traill",
"Governor and Lt. Governor","DEM","","Merrill Piepkorn and  Patrick Hart ",1,1160,28.54%,12/12,"Traill",
"Governor and Lt. Governor","IND","","Michael (Coach) Coachman and Lydia Gessele",1,176,4.33%,12/12,"Traill",
"Governor and Lt. Governor","NON","","write-in ",1,8,0.20%,12/12,"Traill",
"Governor and Lt. Governor","REP","","Kelly Armstrong and Michelle Strinden",1,3305,73.74%,2/2,"Walsh",
"Governor and Lt. Governor","DEM","","Merrill Piepkorn and  Patrick Hart ",1,975,21.75%,2/2,"Walsh",
"Governor and Lt. Governor","IND","","Michael (Coach) Coachman and Lydia Gessele",1,190,4.24%,2/2,"Walsh",
"Governor and Lt. Governor","NON","","write-in ",1,12,0.27%,2/2,"Walsh",
"Governor and Lt. Governor","REP","","Kelly Armstrong and Michelle Strinden",1,20361,72.69%,16/16,"Ward",
"Governor and Lt. Governor","DEM","","Merrill Piepkorn and  Patrick Hart ",1,5716,20.41%,16/16,"Ward",
"Governor and Lt. Governor","IND","","Michael (Coach) Coachman and Lydia Gessele",1,1877,6.70%,16/16,"Ward",
"Governor and Lt. Governor","NON","","write-in ",1,56,0.20%,16/16,"Ward",
"Governor and Lt. Governor","REP","","Kelly Armstrong and Michelle Strinden",1,1662,74.76%,1/1,"Wells",
"Governor and Lt. Governor","DEM","","Merrill Piepkorn and  Patrick Hart ",1,330,14.84%,1/1,"Wells",
"Governor and Lt. Governor","IND","","Michael (Coach) Coachman and Lydia Gessele",1,230,10.35%,1/1,"Wells",
"Governor and Lt. Governor","NON","","write-in ",1,1,0.04%,1/1,"Wells",
"Governor and Lt. Governor","REP","","Kelly Armstrong and Michelle Strinden",1,11669,79.67%,24/24,"Williams",
"Governor and Lt. Governor","DEM","","Merrill Piepkorn and  Patrick Hart ",1,1802,12.30%,24/24,"Williams",
"Governor and Lt. Governor","IND","","Michael (Coach) Coachman and Lydia Gessele",1,1147,7.83%,24/24,"Williams",
"Governor and Lt. Governor","NON","","write-in ",1,29,0.20%,24/24,"Williams",
"State Auditor","REP","","Joshua C Gallion ",1,932,79.45%,1/1,"Adams",
"State Auditor","DEM","","Timothy C Lamb ",1,240,20.46%,1/1,"Adams",
"State Auditor","NON","","write-in ",1,1,0.09%,1/1,"Adams",
"State Auditor","REP","","Joshua C Gallion ",1,3417,66.76%,15/15,"Barnes",
"State Auditor","DEM","","Timothy C Lamb ",1,1696,33.14%,15/15,"Barnes",
"State Auditor","NON","","write-in ",1,5,0.10%,15/15,"Barnes",
"State Auditor","REP","","Joshua C Gallion ",1,1122,58.99%,8/8,"Benson",
"State Auditor","DEM","","Timothy C Lamb ",1,778,40.90%,8/8,"Benson",
"State Auditor","NON","","write-in ",1,2,0.11%,8/8,"Benson",
"State Auditor","REP","","Joshua C Gallion ",1,526,82.70%,3/3,"Billings",
"State Auditor","DEM","","Timothy C Lamb ",1,107,16.82%,3/3,"Billings",
"State Auditor","NON","","write-in ",1,3,0.47%,3/3,"Billings",
"State Auditor","REP","","Joshua C Gallion ",1,2563,76.64%,5/5,"Bottineau",
"State Auditor","DEM","","Timothy C Lamb ",1,776,23.21%,5/5,"Bottineau",
"State Auditor","NON","","write-in ",1,5,0.15%,5/5,"Bottineau",
"State Auditor","REP","","Joshua C Gallion ",1,1342,85.21%,4/4,"Bowman",
"State Auditor","DEM","","Timothy C Lamb ",1,230,14.60%,4/4,"Bowman",
"State Auditor","NON","","write-in ",1,3,0.19%,4/4,"Bowman",
"State Auditor","REP","","Joshua C Gallion ",1,889,86.82%,6/6,"Burke",
"State Auditor","DEM","","Timothy C Lamb ",1,134,13.09%,6/6,"Burke",
"State Auditor","NON","","write-in ",1,1,0.10%,6/6,"Burke",
"State Auditor","REP","","Joshua C Gallion ",1,36362,73.09%,30/30,"Burleigh",
"State Auditor","DEM","","Timothy C Lamb ",1,13220,26.57%,30/30,"Burleigh",
"State Auditor","NON","","write-in ",1,167,0.34%,30/30,"Burleigh",
"State Auditor","REP","","Joshua C Gallion ",1,48704,55.96%,34/34,"Cass",
"State Auditor","DEM","","Timothy C Lamb ",1,38124,43.81%,34/34,"Cass",
"State Auditor","NON","","write-in ",1,203,0.23%,34/34,"Cass",
"State Auditor","REP","","Joshua C Gallion ",1,1418,74.75%,3/3,"Cavalier",
"State Auditor","DEM","","Timothy C Lamb ",1,476,25.09%,3/3,"Cavalier",
"State Auditor","NON","","write-in ",1,3,0.16%,3/3,"Cavalier",
"State Auditor","REP","","Joshua C Gallion ",1,1788,75.67%,1/1,"Dickey",
"State Auditor","DEM","","Timothy C Lamb ",1,575,24.33%,1/1,"Dickey",
"State Auditor","NON","","write-in ",1,0,0.00%,1/1,"Dickey",
"State Auditor","REP","","Joshua C Gallion ",1,902,78.37%,4/4,"Divide",
"State Auditor","DEM","","Timothy C Lamb ",1,249,21.63%,4/4,"Divide",
"State Auditor","NON","","write-in ",1,0,0.00%,4/4,"Divide",
"State Auditor","REP","","Joshua C Gallion ",1,1795,83.64%,10/10,"Dunn",
"State Auditor","DEM","","Timothy C Lamb ",1,348,16.22%,10/10,"Dunn",
"State Auditor","NON","","write-in ",1,3,0.14%,10/10,"Dunn",
"State Auditor","REP","","Joshua C Gallion ",1,846,72.12%,3/3,"Eddy",
"State Auditor","DEM","","Timothy C Lamb ",1,327,27.88%,3/3,"Eddy",
"State Auditor","NON","","write-in ",1,0,0.00%,3/3,"Eddy",
"State Auditor","REP","","Joshua C Gallion ",1,1602,87.78%,5/5,"Emmons",
"State Auditor","DEM","","Timothy C Lamb ",1,220,12.05%,5/5,"Emmons",
"State Auditor","NON","","write-in ",1,3,0.16%,5/5,"Emmons",
"State Auditor","REP","","Joshua C Gallion ",1,1290,78.37%,1/1,"Foster",
"State Auditor","DEM","","Timothy C Lamb ",1,353,21.45%,1/1,"Foster",
"State Auditor","NON","","write-in ",1,3,0.18%,1/1,"Foster",
"State Auditor","REP","","Joshua C Gallion ",1,800,84.30%,1/1,"Golden Valley",
"State Auditor","DEM","","Timothy C Lamb ",1,149,15.70%,1/1,"Golden Valley",
"State Auditor","NON","","write-in ",1,0,0.00%,1/1,"Golden Valley",
"State Auditor","REP","","Joshua C Gallion ",1,17767,60.24%,20/20,"Grand Forks",
"State Auditor","DEM","","Timothy C Lamb ",1,11654,39.51%,20/20,"Grand Forks",
"State Auditor","NON","","write-in ",1,75,0.25%,20/20,"Grand Forks",
"State Auditor","REP","","Joshua C Gallion ",1,1095,84.69%,5/5,"Grant",
"State Auditor","DEM","","Timothy C Lamb ",1,196,15.16%,5/5,"Grant",
"State Auditor","NON","","write-in ",1,2,0.15%,5/5,"Grant",
"State Auditor","REP","","Joshua C Gallion ",1,945,76.64%,5/5,"Griggs",
"State Auditor","DEM","","Timothy C Lamb ",1,286,23.20%,5/5,"Griggs",
"State Auditor","NON","","write-in ",1,2,0.16%,5/5,"Griggs",
"State Auditor","REP","","Joshua C Gallion ",1,1051,84.08%,2/2,"Hettinger",
"State Auditor","DEM","","Timothy C Lamb ",1,199,15.92%,2/2,"Hettinger",
"State Auditor","NON","","write-in ",1,0,0.00%,2/2,"Hettinger",
"State Auditor","REP","","Joshua C Gallion ",1,1118,82.39%,6/6,"Kidder",
"State Auditor","DEM","","Timothy C Lamb ",1,238,17.54%,6/6,"Kidder",
"State Auditor","NON","","write-in ",1,1,0.07%,6/6,"Kidder",
"State Auditor","REP","","Joshua C Gallion ",1,1551,75.33%,4/4,"LaMoure",
"State Auditor","DEM","","Timothy C Lamb ",1,508,24.67%,4/4,"LaMoure",
"State Auditor","NON","","write-in ",1,0,0.00%,4/4,"LaMoure",
"State Auditor","REP","","Joshua C Gallion ",1,846,85.98%,5/5,"Logan",
"State Auditor","DEM","","Timothy C Lamb ",1,137,13.92%,5/5,"Logan",
"State Auditor","NON","","write-in ",1,1,0.10%,5/5,"Logan",
"State Auditor","REP","","Joshua C Gallion ",1,2129,79.83%,8/8,"McHenry",
"State Auditor","DEM","","Timothy C Lamb ",1,535,20.06%,8/8,"McHenry",
"State Auditor","NON","","write-in ",1,3,0.11%,8/8,"McHenry",
"State Auditor","REP","","Joshua C Gallion ",1,1096,81.97%,6/6,"McIntosh",
"State Auditor","DEM","","Timothy C Lamb ",1,240,17.95%,6/6,"McIntosh",
"State Auditor","NON","","write-in ",1,1,0.07%,6/6,"McIntosh",
"State Auditor","REP","","Joshua C Gallion ",1,4448,84.24%,11/11,"McKenzie",
"State Auditor","DEM","","Timothy C Lamb ",1,816,15.45%,11/11,"McKenzie",
"State Auditor","NON","","write-in ",1,16,0.30%,11/11,"McKenzie",
"State Auditor","REP","","Joshua C Gallion ",1,4121,78.42%,6/6,"McLean",
"State Auditor","DEM","","Timothy C Lamb ",1,1126,21.43%,6/6,"McLean",
"State Auditor","NON","","write-in ",1,8,0.15%,6/6,"McLean",
"State Auditor","REP","","Joshua C Gallion ",1,3645,83.35%,14/14,"Mercer",
"State Auditor","DEM","","Timothy C Lamb ",1,724,16.56%,14/14,"Mercer",
"State Auditor","NON","","write-in ",1,4,0.09%,14/14,"Mercer",
"State Auditor","REP","","Joshua C Gallion ",1,12063,75.79%,17/17,"Morton",
"State Auditor","DEM","","Timothy C Lamb ",1,3815,23.97%,17/17,"Morton",
"State Auditor","NON","","write-in ",1,38,0.24%,17/17,"Morton",
"State Auditor","REP","","Joshua C Gallion ",1,2761,70.13%,6/6,"Mountrail",
"State Auditor","DEM","","Timothy C Lamb ",1,1170,29.72%,6/6,"Mountrail",
"State Auditor","NON","","write-in ",1,6,0.15%,6/6,"Mountrail",
"State Auditor","REP","","Joshua C Gallion ",1,1076,63.44%,2/2,"Nelson",
"State Auditor","DEM","","Timothy C Lamb ",1,620,36.56%,2/2,"Nelson",
"State Auditor","NON","","write-in ",1,0,0.00%,2/2,"Nelson",
"State Auditor","REP","","Joshua C Gallion ",1,878,83.86%,1/1,"Oliver",
"State Auditor","DEM","","Timothy C Lamb ",1,167,15.95%,1/1,"Oliver",
"State Auditor","NON","","write-in ",1,2,0.19%,1/1,"Oliver",
"State Auditor","REP","","Joshua C Gallion ",1,2305,76.43%,6/6,"Pembina",
"State Auditor","DEM","","Timothy C Lamb ",1,709,23.51%,6/6,"Pembina",
"State Auditor","NON","","write-in ",1,2,0.07%,6/6,"Pembina",
"State Auditor","REP","","Joshua C Gallion ",1,1477,76.89%,9/9,"Pierce",
"State Auditor","DEM","","Timothy C Lamb ",1,441,22.96%,9/9,"Pierce",
"State Auditor","NON","","write-in ",1,3,0.16%,9/9,"Pierce",
"State Auditor","REP","","Joshua C Gallion ",1,3489,69.10%,5/5,"Ramsey",
"State Auditor","DEM","","Timothy C Lamb ",1,1551,30.72%,5/5,"Ramsey",
"State Auditor","NON","","write-in ",1,9,0.18%,5/5,"Ramsey",
"State Auditor","REP","","Joshua C Gallion ",1,1565,61.88%,1/1,"Ransom",
"State Auditor","DEM","","Timothy C Lamb ",1,961,38.00%,1/1,"Ransom",
"State Auditor","NON","","write-in ",1,3,0.12%,1/1,"Ransom",
"State Auditor","REP","","Joshua C Gallion ",1,972,82.37%,5/5,"Renville",
"State Auditor","DEM","","Timothy C Lamb ",1,207,17.54%,5/5,"Renville",
"State Auditor","NON","","write-in ",1,1,0.08%,5/5,"Renville",
"State Auditor","REP","","Joshua C Gallion ",1,5372,68.35%,13/13,"Richland",
"State Auditor","DEM","","Timothy C Lamb ",1,2477,31.52%,13/13,"Richland",
"State Auditor","NON","","write-in ",1,10,0.13%,13/13,"Richland",
"State Auditor","DEM","","Timothy C Lamb ",1,2606,66.79%,5/5,"Rolette",
"State Auditor","REP","","Joshua C Gallion ",1,1293,33.14%,5/5,"Rolette",
"State Auditor","NON","","write-in ",1,3,0.08%,5/5,"Rolette",
"State Auditor","REP","","Joshua C Gallion ",1,1207,61.24%,2/2,"Sargent",
"State Auditor","DEM","","Timothy C Lamb ",1,753,38.20%,2/2,"Sargent",
"State Auditor","NON","","write-in ",1,11,0.56%,2/2,"Sargent",
"State Auditor","REP","","Joshua C Gallion ",1,621,84.95%,1/1,"Sheridan",
"State Auditor","DEM","","Timothy C Lamb ",1,107,14.64%,1/1,"Sheridan",
"State Auditor","NON","","write-in ",1,3,0.41%,1/1,"Sheridan",
"State Auditor","DEM","","Timothy C Lamb ",1,643,68.62%,3/3,"Sioux",
"State Auditor","REP","","Joshua C Gallion ",1,293,31.27%,3/3,"Sioux",
"State Auditor","NON","","write-in ",1,1,0.11%,3/3,"Sioux",
"State Auditor","REP","","Joshua C Gallion ",1,347,90.36%,3/3,"Slope",
"State Auditor","DEM","","Timothy C Lamb ",1,37,9.64%,3/3,"Slope",
"State Auditor","NON","","write-in ",1,0,0.00%,3/3,"Slope",
"State Auditor","REP","","Joshua C Gallion ",1,11901,82.70%,8/8,"Stark",
"State Auditor","DEM","","Timothy C Lamb ",1,2454,17.05%,8/8,"Stark",
"State Auditor","NON","","write-in ",1,35,0.24%,8/8,"Stark",
"State Auditor","REP","","Joshua C Gallion ",1,619,63.29%,5/5,"Steele",
"State Auditor","DEM","","Timothy C Lamb ",1,358,36.61%,5/5,"Steele",
"State Auditor","NON","","write-in ",1,1,0.10%,5/5,"Steele",
"State Auditor","REP","","Joshua C Gallion ",1,6588,71.59%,9/9,"Stutsman",
"State Auditor","DEM","","Timothy C Lamb ",1,2605,28.31%,9/9,"Stutsman",
"State Auditor","NON","","write-in ",1,9,0.10%,9/9,"Stutsman",
"State Auditor","REP","","Joshua C Gallion ",1,764,71.27%,3/3,"Towner",
"State Auditor","DEM","","Timothy C Lamb ",1,308,28.73%,3/3,"Towner",
"State Auditor","NON","","write-in ",1,0,0.00%,3/3,"Towner",
"State Auditor","REP","","Joshua C Gallion ",1,2583,65.86%,12/12,"Traill",
"State Auditor","DEM","","Timothy C Lamb ",1,1330,33.91%,12/12,"Traill",
"State Auditor","NON","","write-in ",1,9,0.23%,12/12,"Traill",
"State Auditor","REP","","Joshua C Gallion ",1,3109,71.24%,2/2,"Walsh",
"State Auditor","DEM","","Timothy C Lamb ",1,1250,28.64%,2/2,"Walsh",
"State Auditor","NON","","write-in ",1,5,0.11%,2/2,"Walsh",
"State Auditor","REP","","Joshua C Gallion ",1,20133,73.75%,16/16,"Ward",
"State Auditor","DEM","","Timothy C Lamb ",1,7109,26.04%,16/16,"Ward",
"State Auditor","NON","","write-in ",1,58,0.21%,16/16,"Ward",
"State Auditor","REP","","Joshua C Gallion ",1,1761,81.23%,1/1,"Wells",
"State Auditor","DEM","","Timothy C Lamb ",1,405,18.68%,1/1,"Wells",
"State Auditor","NON","","write-in ",1,2,0.09%,1/1,"Wells",
"State Auditor","REP","","Joshua C Gallion ",1,11983,84.17%,24/24,"Williams",
"State Auditor","DEM","","Timothy C Lamb ",1,2218,15.58%,24/24,"Williams",
"State Auditor","NON","","write-in ",1,35,0.25%,24/24,"Williams",
"State Treasurer","REP","","Thomas  Beadle ",1,1068,99.72%,1/1,"Adams",
"State Treasurer","NON","","write-in ",1,3,0.28%,1/1,"Adams",
"State Treasurer","REP","","Thomas  Beadle ",1,4465,98.65%,15/15,"Barnes",
"State Treasurer","NON","","write-in ",1,61,1.35%,15/15,"Barnes",
"State Treasurer","REP","","Thomas  Beadle ",1,1535,97.65%,8/8,"Benson",
"State Treasurer","NON","","write-in ",1,37,2.35%,8/8,"Benson",
"State Treasurer","REP","","Thomas  Beadle ",1,586,99.83%,3/3,"Billings",
"State Treasurer","NON","","write-in ",1,1,0.17%,3/3,"Billings",
"State Treasurer","REP","","Thomas  Beadle ",1,2999,99.17%,5/5,"Bottineau",
"State Treasurer","NON","","write-in ",1,25,0.83%,5/5,"Bottineau",
"State Treasurer","REP","","Thomas  Beadle ",1,1502,99.67%,4/4,"Bowman",
"State Treasurer","NON","","write-in ",1,5,0.33%,4/4,"Bowman",
"State Treasurer","REP","","Thomas  Beadle ",1,963,99.48%,6/6,"Burke",
"State Treasurer","NON","","write-in ",1,5,0.52%,6/6,"Burke",
"State Treasurer","REP","","Thomas  Beadle ",1,43593,98.31%,30/30,"Burleigh",
"State Treasurer","NON","","write-in ",1,748,1.69%,30/30,"Burleigh",
"State Treasurer","REP","","Thomas  Beadle ",1,72821,96.53%,34/34,"Cass",
"State Treasurer","NON","","write-in ",1,2617,3.47%,34/34,"Cass",
"State Treasurer","REP","","Thomas  Beadle ",1,1647,99.46%,3/3,"Cavalier",
"State Treasurer","NON","","write-in ",1,9,0.54%,3/3,"Cavalier",
"State Treasurer","REP","","Thomas  Beadle ",1,2144,99.03%,1/1,"Dickey",
"State Treasurer","NON","","write-in ",1,21,0.97%,1/1,"Dickey",
"State Treasurer","REP","","Thomas  Beadle ",1,1030,99.42%,4/4,"Divide",
"State Treasurer","NON","","write-in ",1,6,0.58%,4/4,"Divide",
"State Treasurer","REP","","Thomas  Beadle ",1,1964,98.89%,10/10,"Dunn",
"State Treasurer","NON","","write-in ",1,22,1.11%,10/10,"Dunn",
"State Treasurer","REP","","Thomas  Beadle ",1,1045,99.52%,3/3,"Eddy",
"State Treasurer","NON","","write-in ",1,5,0.48%,3/3,"Eddy",
"State Treasurer","REP","","Thomas  Beadle ",1,1670,99.46%,5/5,"Emmons",
"State Treasurer","NON","","write-in ",1,9,0.54%,5/5,"Emmons",
"State Treasurer","REP","","Thomas  Beadle ",1,1477,99.06%,1/1,"Foster",
"State Treasurer","NON","","write-in ",1,14,0.94%,1/1,"Foster",
"State Treasurer","REP","","Thomas  Beadle ",1,878,99.32%,1/1,"Golden Valley",
"State Treasurer","NON","","write-in ",1,6,0.68%,1/1,"Golden Valley",
"State Treasurer","REP","","Thomas  Beadle ",1,24173,97.71%,20/20,"Grand Forks",
"State Treasurer","NON","","write-in ",1,566,2.29%,20/20,"Grand Forks",
"State Treasurer","REP","","Thomas  Beadle ",1,1154,99.06%,5/5,"Grant",
"State Treasurer","NON","","write-in ",1,11,0.94%,5/5,"Grant",
"State Treasurer","REP","","Thomas  Beadle ",1,1091,99.27%,5/5,"Griggs",
"State Treasurer","NON","","write-in ",1,8,0.73%,5/5,"Griggs",
"State Treasurer","REP","","Thomas  Beadle ",1,1160,99.32%,2/2,"Hettinger",
"State Treasurer","NON","","write-in ",1,8,0.68%,2/2,"Hettinger",
"State Treasurer","REP","","Thomas  Beadle ",1,1235,99.44%,6/6,"Kidder",
"State Treasurer","NON","","write-in ",1,7,0.56%,6/6,"Kidder",
"State Treasurer","REP","","Thomas  Beadle ",1,1834,99.30%,4/4,"LaMoure",
"State Treasurer","NON","","write-in ",1,13,0.70%,4/4,"LaMoure",
"State Treasurer","REP","","Thomas  Beadle ",1,898,99.45%,5/5,"Logan",
"State Treasurer","NON","","write-in ",1,5,0.55%,5/5,"Logan",
"State Treasurer","REP","","Thomas  Beadle ",1,2417,99.42%,8/8,"McHenry",
"State Treasurer","NON","","write-in ",1,14,0.58%,8/8,"McHenry",
"State Treasurer","REP","","Thomas  Beadle ",1,1219,99.59%,6/6,"McIntosh",
"State Treasurer","NON","","write-in ",1,5,0.41%,6/6,"McIntosh",
"State Treasurer","REP","","Thomas  Beadle ",1,4872,98.80%,11/11,"McKenzie",
"State Treasurer","NON","","write-in ",1,59,1.20%,11/11,"McKenzie",
"State Treasurer","REP","","Thomas  Beadle ",1,4655,98.73%,6/6,"McLean",
"State Treasurer","NON","","write-in ",1,60,1.27%,6/6,"McLean",
"State Treasurer","REP","","Thomas  Beadle ",1,3961,99.40%,14/14,"Mercer",
"State Treasurer","NON","","write-in ",1,24,0.60%,14/14,"Mercer",
"State Treasurer","REP","","Thomas  Beadle ",1,13876,98.95%,17/17,"Morton",
"State Treasurer","NON","","write-in ",1,147,1.05%,17/17,"Morton",
"State Treasurer","REP","","Thomas  Beadle ",1,3416,98.02%,6/6,"Mountrail",
"State Treasurer","NON","","write-in ",1,69,1.98%,6/6,"Mountrail",
"State Treasurer","REP","","Thomas  Beadle ",1,1459,98.65%,2/2,"Nelson",
"State Treasurer","NON","","write-in ",1,20,1.35%,2/2,"Nelson",
"State Treasurer","REP","","Thomas  Beadle ",1,957,99.38%,1/1,"Oliver",
"State Treasurer","NON","","write-in ",1,6,0.62%,1/1,"Oliver",
"State Treasurer","REP","","Thomas  Beadle ",1,2689,99.12%,6/6,"Pembina",
"State Treasurer","NON","","write-in ",1,24,0.88%,6/6,"Pembina",
"State Treasurer","REP","","Thomas  Beadle ",1,1752,99.43%,9/9,"Pierce",
"State Treasurer","NON","","write-in ",1,10,0.57%,9/9,"Pierce",
"State Treasurer","REP","","Thomas  Beadle ",1,4378,98.83%,5/5,"Ramsey",
"State Treasurer","NON","","write-in ",1,52,1.17%,5/5,"Ramsey",
"State Treasurer","REP","","Thomas  Beadle ",1,2207,98.35%,1/1,"Ransom",
"State Treasurer","NON","","write-in ",1,37,1.65%,1/1,"Ransom",
"State Treasurer","REP","","Thomas  Beadle ",1,1109,99.28%,5/5,"Renville",
"State Treasurer","NON","","write-in ",1,8,0.72%,5/5,"Renville",
"State Treasurer","REP","","Thomas  Beadle ",1,6955,98.82%,13/13,"Richland",
"State Treasurer","NON","","write-in ",1,83,1.18%,13/13,"Richland",
"State Treasurer","REP","","Thomas  Beadle ",1,2827,96.09%,5/5,"Rolette",
"State Treasurer","NON","","write-in ",1,115,3.91%,5/5,"Rolette",
"State Treasurer","REP","","Thomas  Beadle ",1,1646,98.74%,2/2,"Sargent",
"State Treasurer","NON","","write-in ",1,21,1.26%,2/2,"Sargent",
"State Treasurer","REP","","Thomas  Beadle ",1,674,98.97%,1/1,"Sheridan",
"State Treasurer","NON","","write-in ",1,7,1.03%,1/1,"Sheridan",
"State Treasurer","REP","","Thomas  Beadle ",1,636,90.60%,3/3,"Sioux",
"State Treasurer","NON","","write-in ",1,66,9.40%,3/3,"Sioux",
"State Treasurer","REP","","Thomas  Beadle ",1,356,99.44%,3/3,"Slope",
"State Treasurer","NON","","write-in ",1,2,0.56%,3/3,"Slope",
"State Treasurer","REP","","Thomas  Beadle ",1,13014,98.82%,8/8,"Stark",
"State Treasurer","NON","","write-in ",1,156,1.18%,8/8,"Stark",
"State Treasurer","REP","","Thomas  Beadle ",1,835,98.35%,5/5,"Steele",
"State Treasurer","NON","","write-in ",1,14,1.65%,5/5,"Steele",
"State Treasurer","REP","","Thomas  Beadle ",1,7725,99.32%,9/9,"Stutsman",
"State Treasurer","NON","","write-in ",1,53,0.68%,9/9,"Stutsman",
"State Treasurer","REP","","Thomas  Beadle ",1,937,99.79%,3/3,"Towner",
"State Treasurer","NON","","write-in ",1,2,0.21%,3/3,"Towner",
"State Treasurer","REP","","Thomas  Beadle ",1,3443,99.02%,12/12,"Traill",
"State Treasurer","NON","","write-in ",1,34,0.98%,12/12,"Traill",
"State Treasurer","REP","","Thomas  Beadle ",1,3822,99.02%,2/2,"Walsh",
"State Treasurer","NON","","write-in ",1,38,0.98%,2/2,"Walsh",
"State Treasurer","REP","","Thomas  Beadle ",1,23984,98.05%,16/16,"Ward",
"State Treasurer","NON","","write-in ",1,478,1.95%,16/16,"Ward",
"State Treasurer","REP","","Thomas  Beadle ",1,1995,99.16%,1/1,"Wells",
"State Treasurer","NON","","write-in ",1,17,0.84%,1/1,"Wells",
"State Treasurer","REP","","Thomas  Beadle ",1,12982,99.09%,24/24,"Williams",
"State Treasurer","NON","","write-in ",1,119,0.91%,24/24,"Williams",
"Insurance Commissioner","REP","","Jon  Godfread ",1,1056,99.62%,1/1,"Adams",
"Insurance Commissioner","NON","","write-in ",1,4,0.38%,1/1,"Adams",
"Insurance Commissioner","REP","","Jon  Godfread ",1,4443,98.76%,15/15,"Barnes",
"Insurance Commissioner","NON","","write-in ",1,56,1.24%,15/15,"Barnes",
"Insurance Commissioner","REP","","Jon  Godfread ",1,1531,97.77%,8/8,"Benson",
"Insurance Commissioner","NON","","write-in ",1,35,2.23%,8/8,"Benson",
"Insurance Commissioner","REP","","Jon  Godfread ",1,583,99.66%,3/3,"Billings",
"Insurance Commissioner","NON","","write-in ",1,2,0.34%,3/3,"Billings",
"Insurance Commissioner","REP","","Jon  Godfread ",1,2989,99.14%,5/5,"Bottineau",
"Insurance Commissioner","NON","","write-in ",1,26,0.86%,5/5,"Bottineau",
"Insurance Commissioner","REP","","Jon  Godfread ",1,1493,99.47%,4/4,"Bowman",
"Insurance Commissioner","NON","","write-in ",1,8,0.53%,4/4,"Bowman",
"Insurance Commissioner","REP","","Jon  Godfread ",1,959,99.69%,6/6,"Burke",
"Insurance Commissioner","NON","","write-in ",1,3,0.31%,6/6,"Burke",
"Insurance Commissioner","REP","","Jon  Godfread ",1,43661,98.49%,30/30,"Burleigh",
"Insurance Commissioner","NON","","write-in ",1,671,1.51%,30/30,"Burleigh",
"Insurance Commissioner","REP","","Jon  Godfread ",1,72493,96.85%,34/34,"Cass",
"Insurance Commissioner","NON","","write-in ",1,2359,3.15%,34/34,"Cass",
"Insurance Commissioner","REP","","Jon  Godfread ",1,1617,99.51%,3/3,"Cavalier",
"Insurance Commissioner","NON","","write-in ",1,8,0.49%,3/3,"Cavalier",
"Insurance Commissioner","REP","","Jon  Godfread ",1,2133,99.16%,1/1,"Dickey",
"Insurance Commissioner","NON","","write-in ",1,18,0.84%,1/1,"Dickey",
"Insurance Commissioner","REP","","Jon  Godfread ",1,1019,99.41%,4/4,"Divide",
"Insurance Commissioner","NON","","write-in ",1,6,0.59%,4/4,"Divide",
"Insurance Commissioner","REP","","Jon  Godfread ",1,1960,99.04%,10/10,"Dunn",
"Insurance Commissioner","NON","","write-in ",1,19,0.96%,10/10,"Dunn",
"Insurance Commissioner","REP","","Jon  Godfread ",1,1041,99.33%,3/3,"Eddy",
"Insurance Commissioner","NON","","write-in ",1,7,0.67%,3/3,"Eddy",
"Insurance Commissioner","REP","","Jon  Godfread ",1,1670,99.35%,5/5,"Emmons",
"Insurance Commissioner","NON","","write-in ",1,11,0.65%,5/5,"Emmons",
"Insurance Commissioner","REP","","Jon  Godfread ",1,1472,98.99%,1/1,"Foster",
"Insurance Commissioner","NON","","write-in ",1,15,1.01%,1/1,"Foster",
"Insurance Commissioner","REP","","Jon  Godfread ",1,880,99.55%,1/1,"Golden Valley",
"Insurance Commissioner","NON","","write-in ",1,4,0.45%,1/1,"Golden Valley",
"Insurance Commissioner","REP","","Jon  Godfread ",1,24142,97.96%,20/20,"Grand Forks",
"Insurance Commissioner","NON","","write-in ",1,504,2.04%,20/20,"Grand Forks",
"Insurance Commissioner","REP","","Jon  Godfread ",1,1164,99.40%,5/5,"Grant",
"Insurance Commissioner","NON","","write-in ",1,7,0.60%,5/5,"Grant",
"Insurance Commissioner","REP","","Jon  Godfread ",1,1084,99.54%,5/5,"Griggs",
"Insurance Commissioner","NON","","write-in ",1,5,0.46%,5/5,"Griggs",
"Insurance Commissioner","REP","","Jon  Godfread ",1,1158,99.31%,2/2,"Hettinger",
"Insurance Commissioner","NON","","write-in ",1,8,0.69%,2/2,"Hettinger",
"Insurance Commissioner","REP","","Jon  Godfread ",1,1226,99.27%,6/6,"Kidder",
"Insurance Commissioner","NON","","write-in ",1,9,0.73%,6/6,"Kidder",
"Insurance Commissioner","REP","","Jon  Godfread ",1,1823,99.40%,4/4,"LaMoure",
"Insurance Commissioner","NON","","write-in ",1,11,0.60%,4/4,"LaMoure",
"Insurance Commissioner","REP","","Jon  Godfread ",1,895,99.33%,5/5,"Logan",
"Insurance Commissioner","NON","","write-in ",1,6,0.67%,5/5,"Logan",
"Insurance Commissioner","REP","","Jon  Godfread ",1,2395,99.34%,8/8,"McHenry",
"Insurance Commissioner","NON","","write-in ",1,16,0.66%,8/8,"McHenry",
"Insurance Commissioner","REP","","Jon  Godfread ",1,1200,99.59%,6/6,"McIntosh",
"Insurance Commissioner","NON","","write-in ",1,5,0.41%,6/6,"McIntosh",
"Insurance Commissioner","REP","","Jon  Godfread ",1,4824,98.89%,11/11,"McKenzie",
"Insurance Commissioner","NON","","write-in ",1,54,1.11%,11/11,"McKenzie",
"Insurance Commissioner","REP","","Jon  Godfread ",1,4628,98.87%,6/6,"McLean",
"Insurance Commissioner","NON","","write-in ",1,53,1.13%,6/6,"McLean",
"Insurance Commissioner","REP","","Jon  Godfread ",1,3953,99.47%,14/14,"Mercer",
"Insurance Commissioner","NON","","write-in ",1,21,0.53%,14/14,"Mercer",
"Insurance Commissioner","REP","","Jon  Godfread ",1,13872,99.01%,17/17,"Morton",
"Insurance Commissioner","NON","","write-in ",1,138,0.99%,17/17,"Morton",
"Insurance Commissioner","REP","","Jon  Godfread ",1,3412,98.10%,6/6,"Mountrail",
"Insurance Commissioner","NON","","write-in ",1,66,1.90%,6/6,"Mountrail",
"Insurance Commissioner","REP","","Jon  Godfread ",1,1452,98.64%,2/2,"Nelson",
"Insurance Commissioner","NON","","write-in ",1,20,1.36%,2/2,"Nelson",
"Insurance Commissioner","REP","","Jon  Godfread ",1,965,99.79%,1/1,"Oliver",
"Insurance Commissioner","NON","","write-in ",1,2,0.21%,1/1,"Oliver",
"Insurance Commissioner","REP","","Jon  Godfread ",1,2666,99.14%,6/6,"Pembina",
"Insurance Commissioner","NON","","write-in ",1,23,0.86%,6/6,"Pembina",
"Insurance Commissioner","REP","","Jon  Godfread ",1,1743,99.43%,9/9,"Pierce",
"Insurance Commissioner","NON","","write-in ",1,10,0.57%,9/9,"Pierce",
"Insurance Commissioner","REP","","Jon  Godfread ",1,4359,98.89%,5/5,"Ramsey",
"Insurance Commissioner","NON","","write-in ",1,49,1.11%,5/5,"Ramsey",
"Insurance Commissioner","REP","","Jon  Godfread ",1,2187,98.34%,1/1,"Ransom",
"Insurance Commissioner","NON","","write-in ",1,37,1.66%,1/1,"Ransom",
"Insurance Commissioner","REP","","Jon  Godfread ",1,1104,99.37%,5/5,"Renville",
"Insurance Commissioner","NON","","write-in ",1,7,0.63%,5/5,"Renville",
"Insurance Commissioner","REP","","Jon  Godfread ",1,6902,99.00%,13/13,"Richland",
"Insurance Commissioner","NON","","write-in ",1,70,1.00%,13/13,"Richland",
"Insurance Commissioner","REP","","Jon  Godfread ",1,2795,96.35%,5/5,"Rolette",
"Insurance Commissioner","NON","","write-in ",1,106,3.65%,5/5,"Rolette",
"Insurance Commissioner","REP","","Jon  Godfread ",1,1629,98.61%,2/2,"Sargent",
"Insurance Commissioner","NON","","write-in ",1,23,1.39%,2/2,"Sargent",
"Insurance Commissioner","REP","","Jon  Godfread ",1,668,98.82%,1/1,"Sheridan",
"Insurance Commissioner","NON","","write-in ",1,8,1.18%,1/1,"Sheridan",
"Insurance Commissioner","REP","","Jon  Godfread ",1,631,90.92%,3/3,"Sioux",
"Insurance Commissioner","NON","","write-in ",1,63,9.08%,3/3,"Sioux",
"Insurance Commissioner","REP","","Jon  Godfread ",1,357,99.44%,3/3,"Slope",
"Insurance Commissioner","NON","","write-in ",1,2,0.56%,3/3,"Slope",
"Insurance Commissioner","REP","","Jon  Godfread ",1,12955,98.97%,8/8,"Stark",
"Insurance Commissioner","NON","","write-in ",1,135,1.03%,8/8,"Stark",
"Insurance Commissioner","REP","","Jon  Godfread ",1,831,98.93%,5/5,"Steele",
"Insurance Commissioner","NON","","write-in ",1,9,1.07%,5/5,"Steele",
"Insurance Commissioner","REP","","Jon  Godfread ",1,7623,99.40%,9/9,"Stutsman",
"Insurance Commissioner","NON","","write-in ",1,46,0.60%,9/9,"Stutsman",
"Insurance Commissioner","REP","","Jon  Godfread ",1,932,99.79%,3/3,"Towner",
"Insurance Commissioner","NON","","write-in ",1,2,0.21%,3/3,"Towner",
"Insurance Commissioner","REP","","Jon  Godfread ",1,3392,99.07%,12/12,"Traill",
"Insurance Commissioner","NON","","write-in ",1,32,0.93%,12/12,"Traill",
"Insurance Commissioner","REP","","Jon  Godfread ",1,3825,98.97%,2/2,"Walsh",
"Insurance Commissioner","NON","","write-in ",1,40,1.03%,2/2,"Walsh",
"Insurance Commissioner","REP","","Jon  Godfread ",1,23846,98.15%,16/16,"Ward",
"Insurance Commissioner","NON","","write-in ",1,449,1.85%,16/16,"Ward",
"Insurance Commissioner","REP","","Jon  Godfread ",1,2001,99.26%,1/1,"Wells",
"Insurance Commissioner","NON","","write-in ",1,15,0.74%,1/1,"Wells",
"Insurance Commissioner","REP","","Jon  Godfread ",1,12893,99.15%,24/24,"Williams",
"Insurance Commissioner","NON","","write-in ",1,111,0.85%,24/24,"Williams",
"Public Service Commissioner","REP","","Randy  Christmann ",1,981,84.79%,1/1,"Adams",
"Public Service Commissioner","DEM","","Tracey L Wilkie",1,174,15.04%,1/1,"Adams",
"Public Service Commissioner","NON","","write-in ",1,2,0.17%,1/1,"Adams",
"Public Service Commissioner","REP","","Randy  Christmann ",1,3481,68.73%,15/15,"Barnes",
"Public Service Commissioner","DEM","","Tracey L Wilkie",1,1577,31.14%,15/15,"Barnes",
"Public Service Commissioner","NON","","write-in ",1,7,0.14%,15/15,"Barnes",
"Public Service Commissioner","REP","","Randy  Christmann ",1,1120,59.48%,8/8,"Benson",
"Public Service Commissioner","DEM","","Tracey L Wilkie",1,761,40.41%,8/8,"Benson",
"Public Service Commissioner","NON","","write-in ",1,2,0.11%,8/8,"Benson",
"Public Service Commissioner","REP","","Randy  Christmann ",1,549,86.87%,3/3,"Billings",
"Public Service Commissioner","DEM","","Tracey L Wilkie",1,83,13.13%,3/3,"Billings",
"Public Service Commissioner","NON","","write-in ",1,0,0.00%,3/3,"Billings",
"Public Service Commissioner","REP","","Randy  Christmann ",1,2615,78.27%,5/5,"Bottineau",
"Public Service Commissioner","DEM","","Tracey L Wilkie",1,721,21.58%,5/5,"Bottineau",
"Public Service Commissioner","NON","","write-in ",1,5,0.15%,5/5,"Bottineau",
"Public Service Commissioner","REP","","Randy  Christmann ",1,1371,86.94%,4/4,"Bowman",
"Public Service Commissioner","DEM","","Tracey L Wilkie",1,204,12.94%,4/4,"Bowman",
"Public Service Commissioner","NON","","write-in ",1,2,0.13%,4/4,"Bowman",
"Public Service Commissioner","REP","","Randy  Christmann ",1,892,87.71%,6/6,"Burke",
"Public Service Commissioner","DEM","","Tracey L Wilkie",1,124,12.19%,6/6,"Burke",
"Public Service Commissioner","NON","","write-in ",1,1,0.10%,6/6,"Burke",
"Public Service Commissioner","REP","","Randy  Christmann ",1,36360,73.63%,30/30,"Burleigh",
"Public Service Commissioner","DEM","","Tracey L Wilkie",1,12856,26.04%,30/30,"Burleigh",
"Public Service Commissioner","NON","","write-in ",1,163,0.33%,30/30,"Burleigh",
"Public Service Commissioner","REP","","Randy  Christmann ",1,49272,57.00%,34/34,"Cass",
"Public Service Commissioner","DEM","","Tracey L Wilkie",1,37008,42.81%,34/34,"Cass",
"Public Service Commissioner","NON","","write-in ",1,164,0.19%,34/34,"Cass",
"Public Service Commissioner","REP","","Randy  Christmann ",1,1428,76.53%,3/3,"Cavalier",
"Public Service Commissioner","DEM","","Tracey L Wilkie",1,435,23.31%,3/3,"Cavalier",
"Public Service Commissioner","NON","","write-in ",1,3,0.16%,3/3,"Cavalier",
"Public Service Commissioner","REP","","Randy  Christmann ",1,1771,75.49%,1/1,"Dickey",
"Public Service Commissioner","DEM","","Tracey L Wilkie",1,574,24.47%,1/1,"Dickey",
"Public Service Commissioner","NON","","write-in ",1,1,0.04%,1/1,"Dickey",
"Public Service Commissioner","REP","","Randy  Christmann ",1,896,79.01%,4/4,"Divide",
"Public Service Commissioner","DEM","","Tracey L Wilkie",1,237,20.90%,4/4,"Divide",
"Public Service Commissioner","NON","","write-in ",1,1,0.09%,4/4,"Divide",
"Public Service Commissioner","REP","","Randy  Christmann ",1,1819,84.96%,10/10,"Dunn",
"Public Service Commissioner","DEM","","Tracey L Wilkie",1,318,14.85%,10/10,"Dunn",
"Public Service Commissioner","NON","","write-in ",1,4,0.19%,10/10,"Dunn",
"Public Service Commissioner","REP","","Randy  Christmann ",1,873,74.55%,3/3,"Eddy",
"Public Service Commissioner","DEM","","Tracey L Wilkie",1,298,25.45%,3/3,"Eddy",
"Public Service Commissioner","NON","","write-in ",1,0,0.00%,3/3,"Eddy",
"Public Service Commissioner","REP","","Randy  Christmann ",1,1566,87.44%,5/5,"Emmons",
"Public Service Commissioner","DEM","","Tracey L Wilkie",1,219,12.23%,5/5,"Emmons",
"Public Service Commissioner","NON","","write-in ",1,6,0.34%,5/5,"Emmons",
"Public Service Commissioner","REP","","Randy  Christmann ",1,1319,81.47%,1/1,"Foster",
"Public Service Commissioner","DEM","","Tracey L Wilkie",1,299,18.47%,1/1,"Foster",
"Public Service Commissioner","NON","","write-in ",1,1,0.06%,1/1,"Foster",
"Public Service Commissioner","REP","","Randy  Christmann ",1,822,87.26%,1/1,"Golden Valley",
"Public Service Commissioner","DEM","","Tracey L Wilkie",1,119,12.63%,1/1,"Golden Valley",
"Public Service Commissioner","NON","","write-in ",1,1,0.11%,1/1,"Golden Valley",
"Public Service Commissioner","REP","","Randy  Christmann ",1,17843,61.48%,20/20,"Grand Forks",
"Public Service Commissioner","DEM","","Tracey L Wilkie",1,11131,38.35%,20/20,"Grand Forks",
"Public Service Commissioner","NON","","write-in ",1,47,0.16%,20/20,"Grand Forks",
"Public Service Commissioner","REP","","Randy  Christmann ",1,1080,85.44%,5/5,"Grant",
"Public Service Commissioner","DEM","","Tracey L Wilkie",1,182,14.40%,5/5,"Grant",
"Public Service Commissioner","NON","","write-in ",1,2,0.16%,5/5,"Grant",
"Public Service Commissioner","REP","","Randy  Christmann ",1,950,78.45%,5/5,"Griggs",
"Public Service Commissioner","DEM","","Tracey L Wilkie",1,260,21.47%,5/5,"Griggs",
"Public Service Commissioner","NON","","write-in ",1,1,0.08%,5/5,"Griggs",
"Public Service Commissioner","REP","","Randy  Christmann ",1,1077,87.00%,2/2,"Hettinger",
"Public Service Commissioner","DEM","","Tracey L Wilkie",1,161,13.00%,2/2,"Hettinger",
"Public Service Commissioner","NON","","write-in ",1,0,0.00%,2/2,"Hettinger",
"Public Service Commissioner","REP","","Randy  Christmann ",1,1137,84.85%,6/6,"Kidder",
"Public Service Commissioner","DEM","","Tracey L Wilkie",1,202,15.07%,6/6,"Kidder",
"Public Service Commissioner","NON","","write-in ",1,1,0.07%,6/6,"Kidder",
"Public Service Commissioner","REP","","Randy  Christmann ",1,1593,78.32%,4/4,"LaMoure",
"Public Service Commissioner","DEM","","Tracey L Wilkie",1,440,21.63%,4/4,"LaMoure",
"Public Service Commissioner","NON","","write-in ",1,1,0.05%,4/4,"LaMoure",
"Public Service Commissioner","REP","","Randy  Christmann ",1,866,87.83%,5/5,"Logan",
"Public Service Commissioner","DEM","","Tracey L Wilkie",1,119,12.07%,5/5,"Logan",
"Public Service Commissioner","NON","","write-in ",1,1,0.10%,5/5,"Logan",
"Public Service Commissioner","REP","","Randy  Christmann ",1,2144,81.21%,8/8,"McHenry",
"Public Service Commissioner","DEM","","Tracey L Wilkie",1,490,18.56%,8/8,"McHenry",
"Public Service Commissioner","NON","","write-in ",1,6,0.23%,8/8,"McHenry",
"Public Service Commissioner","REP","","Randy  Christmann ",1,1116,84.67%,6/6,"McIntosh",
"Public Service Commissioner","DEM","","Tracey L Wilkie",1,201,15.25%,6/6,"McIntosh",
"Public Service Commissioner","NON","","write-in ",1,1,0.08%,6/6,"McIntosh",
"Public Service Commissioner","REP","","Randy  Christmann ",1,4402,84.14%,11/11,"McKenzie",
"Public Service Commissioner","DEM","","Tracey L Wilkie",1,815,15.58%,11/11,"McKenzie",
"Public Service Commissioner","NON","","write-in ",1,15,0.29%,11/11,"McKenzie",
"Public Service Commissioner","REP","","Randy  Christmann ",1,4148,79.39%,6/6,"McLean",
"Public Service Commissioner","DEM","","Tracey L Wilkie",1,1071,20.50%,6/6,"McLean",
"Public Service Commissioner","NON","","write-in ",1,6,0.11%,6/6,"McLean",
"Public Service Commissioner","REP","","Randy  Christmann ",1,3786,85.93%,14/14,"Mercer",
"Public Service Commissioner","DEM","","Tracey L Wilkie",1,615,13.96%,14/14,"Mercer",
"Public Service Commissioner","NON","","write-in ",1,5,0.11%,14/14,"Mercer",
"Public Service Commissioner","REP","","Randy  Christmann ",1,12238,77.18%,17/17,"Morton",
"Public Service Commissioner","DEM","","Tracey L Wilkie",1,3575,22.55%,17/17,"Morton",
"Public Service Commissioner","NON","","write-in ",1,44,0.28%,17/17,"Morton",
"Public Service Commissioner","REP","","Randy  Christmann ",1,2766,70.60%,6/6,"Mountrail",
"Public Service Commissioner","DEM","","Tracey L Wilkie",1,1145,29.22%,6/6,"Mountrail",
"Public Service Commissioner","NON","","write-in ",1,7,0.18%,6/6,"Mountrail",
"Public Service Commissioner","REP","","Randy  Christmann ",1,1126,67.87%,2/2,"Nelson",
"Public Service Commissioner","DEM","","Tracey L Wilkie",1,532,32.07%,2/2,"Nelson",
"Public Service Commissioner","NON","","write-in ",1,1,0.06%,2/2,"Nelson",
"Public Service Commissioner","REP","","Randy  Christmann ",1,887,85.12%,1/1,"Oliver",
"Public Service Commissioner","DEM","","Tracey L Wilkie",1,151,14.49%,1/1,"Oliver",
"Public Service Commissioner","NON","","write-in ",1,4,0.38%,1/1,"Oliver",
"Public Service Commissioner","REP","","Randy  Christmann ",1,2302,77.64%,6/6,"Pembina",
"Public Service Commissioner","DEM","","Tracey L Wilkie",1,660,22.26%,6/6,"Pembina",
"Public Service Commissioner","NON","","write-in ",1,3,0.10%,6/6,"Pembina",
"Public Service Commissioner","REP","","Randy  Christmann ",1,1525,79.93%,9/9,"Pierce",
"Public Service Commissioner","DEM","","Tracey L Wilkie",1,379,19.86%,9/9,"Pierce",
"Public Service Commissioner","NON","","write-in ",1,4,0.21%,9/9,"Pierce",
"Public Service Commissioner","REP","","Randy  Christmann ",1,3528,70.93%,5/5,"Ramsey",
"Public Service Commissioner","DEM","","Tracey L Wilkie",1,1440,28.95%,5/5,"Ramsey",
"Public Service Commissioner","NON","","write-in ",1,6,0.12%,5/5,"Ramsey",
"Public Service Commissioner","REP","","Randy  Christmann ",1,1618,64.33%,1/1,"Ransom",
"Public Service Commissioner","DEM","","Tracey L Wilkie",1,896,35.63%,1/1,"Ransom",
"Public Service Commissioner","NON","","write-in ",1,1,0.04%,1/1,"Ransom",
"Public Service Commissioner","REP","","Randy  Christmann ",1,977,83.86%,5/5,"Renville",
"Public Service Commissioner","DEM","","Tracey L Wilkie",1,181,15.54%,5/5,"Renville",
"Public Service Commissioner","NON","","write-in ",1,7,0.60%,5/5,"Renville",
"Public Service Commissioner","REP","","Randy  Christmann ",1,5416,69.79%,13/13,"Richland",
"Public Service Commissioner","DEM","","Tracey L Wilkie",1,2329,30.01%,13/13,"Richland",
"Public Service Commissioner","NON","","write-in ",1,15,0.19%,13/13,"Richland",
"Public Service Commissioner","DEM","","Tracey L Wilkie",1,2673,68.19%,5/5,"Rolette",
"Public Service Commissioner","REP","","Randy  Christmann ",1,1245,31.76%,5/5,"Rolette",
"Public Service Commissioner","NON","","write-in ",1,2,0.05%,5/5,"Rolette",
"Public Service Commissioner","REP","","Randy  Christmann ",1,1293,66.51%,2/2,"Sargent",
"Public Service Commissioner","DEM","","Tracey L Wilkie",1,649,33.38%,2/2,"Sargent",
"Public Service Commissioner","NON","","write-in ",1,2,0.10%,2/2,"Sargent",
"Public Service Commissioner","REP","","Randy  Christmann ",1,617,84.75%,1/1,"Sheridan",
"Public Service Commissioner","DEM","","Tracey L Wilkie",1,109,14.97%,1/1,"Sheridan",
"Public Service Commissioner","NON","","write-in ",1,2,0.27%,1/1,"Sheridan",
"Public Service Commissioner","DEM","","Tracey L Wilkie",1,637,69.31%,3/3,"Sioux",
"Public Service Commissioner","REP","","Randy  Christmann ",1,281,30.58%,3/3,"Sioux",
"Public Service Commissioner","NON","","write-in ",1,1,0.11%,3/3,"Sioux",
"Public Service Commissioner","REP","","Randy  Christmann ",1,349,91.60%,3/3,"Slope",
"Public Service Commissioner","DEM","","Tracey L Wilkie",1,32,8.40%,3/3,"Slope",
"Public Service Commissioner","NON","","write-in ",1,0,0.00%,3/3,"Slope",
"Public Service Commissioner","REP","","Randy  Christmann ",1,11789,82.99%,8/8,"Stark",
"Public Service Commissioner","DEM","","Tracey L Wilkie",1,2383,16.77%,8/8,"Stark",
"Public Service Commissioner","NON","","write-in ",1,34,0.24%,8/8,"Stark",
"Public Service Commissioner","REP","","Randy  Christmann ",1,634,65.56%,5/5,"Steele",
"Public Service Commissioner","DEM","","Tracey L Wilkie",1,331,34.23%,5/5,"Steele",
"Public Service Commissioner","NON","","write-in ",1,2,0.21%,5/5,"Steele",
"Public Service Commissioner","REP","","Randy  Christmann ",1,6676,73.46%,9/9,"Stutsman",
"Public Service Commissioner","DEM","","Tracey L Wilkie",1,2404,26.45%,9/9,"Stutsman",
"Public Service Commissioner","NON","","write-in ",1,8,0.09%,9/9,"Stutsman",
"Public Service Commissioner","REP","","Randy  Christmann ",1,795,74.37%,3/3,"Towner",
"Public Service Commissioner","DEM","","Tracey L Wilkie",1,274,25.63%,3/3,"Towner",
"Public Service Commissioner","NON","","write-in ",1,0,0.00%,3/3,"Towner",
"Public Service Commissioner","REP","","Randy  Christmann ",1,2639,68.00%,12/12,"Traill",
"Public Service Commissioner","DEM","","Tracey L Wilkie",1,1236,31.85%,12/12,"Traill",
"Public Service Commissioner","NON","","write-in ",1,6,0.15%,12/12,"Traill",
"Public Service Commissioner","REP","","Randy  Christmann ",1,3153,73.67%,2/2,"Walsh",
"Public Service Commissioner","DEM","","Tracey L Wilkie",1,1121,26.19%,2/2,"Walsh",
"Public Service Commissioner","NON","","write-in ",1,6,0.14%,2/2,"Walsh",
"Public Service Commissioner","REP","","Randy  Christmann ",1,20220,74.69%,16/16,"Ward",
"Public Service Commissioner","DEM","","Tracey L Wilkie",1,6791,25.08%,16/16,"Ward",
"Public Service Commissioner","NON","","write-in ",1,61,0.23%,16/16,"Ward",
"Public Service Commissioner","REP","","Randy  Christmann ",1,1783,82.47%,1/1,"Wells",
"Public Service Commissioner","DEM","","Tracey L Wilkie",1,378,17.48%,1/1,"Wells",
"Public Service Commissioner","NON","","write-in ",1,1,0.05%,1/1,"Wells",
"Public Service Commissioner","REP","","Randy  Christmann ",1,11828,84.49%,24/24,"Williams",
"Public Service Commissioner","DEM","","Tracey L Wilkie",1,2133,15.24%,24/24,"Williams",
"Public Service Commissioner","NON","","write-in ",1,39,0.28%,24/24,"Williams",
"Superintendent of Public Instruction","NON","","Kirsten  Baesler ",1,733,66.94%,1/1,"Adams",
"Superintendent of Public Instruction","NON","","Jason  Heitkamp ",1,358,32.69%,1/1,"Adams",
"Superintendent of Public Instruction","NON","","write-in ",1,4,0.37%,1/1,"Adams",
"Superintendent of Public Instruction","NON","","Kirsten  Baesler ",1,2872,59.83%,15/15,"Barnes",
"Superintendent of Public Instruction","NON","","Jason  Heitkamp ",1,1902,39.63%,15/15,"Barnes",
"Superintendent of Public Instruction","NON","","write-in ",1,26,0.54%,15/15,"Barnes",
"Superintendent of Public Instruction","NON","","Kirsten  Baesler ",1,938,52.46%,8/8,"Benson",
"Superintendent of Public Instruction","NON","","Jason  Heitkamp ",1,836,46.76%,8/8,"Benson",
"Superintendent of Public Instruction","NON","","write-in ",1,14,0.78%,8/8,"Benson",
"Superintendent of Public Instruction","NON","","Kirsten  Baesler ",1,378,63.42%,3/3,"Billings",
"Superintendent of Public Instruction","NON","","Jason  Heitkamp ",1,214,35.91%,3/3,"Billings",
"Superintendent of Public Instruction","NON","","write-in ",1,4,0.67%,3/3,"Billings",
"Superintendent of Public Instruction","NON","","Kirsten  Baesler ",1,1935,60.96%,5/5,"Bottineau",
"Superintendent of Public Instruction","NON","","Jason  Heitkamp ",1,1222,38.50%,5/5,"Bottineau",
"Superintendent of Public Instruction","NON","","write-in ",1,17,0.54%,5/5,"Bottineau",
"Superintendent of Public Instruction","NON","","Kirsten  Baesler ",1,1015,67.44%,4/4,"Bowman",
"Superintendent of Public Instruction","NON","","Jason  Heitkamp ",1,484,32.16%,4/4,"Bowman",
"Superintendent of Public Instruction","NON","","write-in ",1,6,0.40%,4/4,"Bowman",
"Superintendent of Public Instruction","NON","","Kirsten  Baesler ",1,646,66.74%,6/6,"Burke",
"Superintendent of Public Instruction","NON","","Jason  Heitkamp ",1,318,32.85%,6/6,"Burke",
"Superintendent of Public Instruction","NON","","write-in ",1,4,0.41%,6/6,"Burke",
"Superintendent of Public Instruction","NON","","Kirsten  Baesler ",1,25055,52.79%,30/30,"Burleigh",
"Superintendent of Public Instruction","NON","","Jason  Heitkamp ",1,22064,46.49%,30/30,"Burleigh",
"Superintendent of Public Instruction","NON","","write-in ",1,339,0.71%,30/30,"Burleigh",
"Superintendent of Public Instruction","NON","","Kirsten  Baesler ",1,46932,58.24%,34/34,"Cass",
"Superintendent of Public Instruction","NON","","Jason  Heitkamp ",1,33002,40.95%,34/34,"Cass",
"Superintendent of Public Instruction","NON","","write-in ",1,649,0.81%,34/34,"Cass",
"Superintendent of Public Instruction","NON","","Kirsten  Baesler ",1,1032,57.75%,3/3,"Cavalier",
"Superintendent of Public Instruction","NON","","Jason  Heitkamp ",1,745,41.69%,3/3,"Cavalier",
"Superintendent of Public Instruction","NON","","write-in ",1,10,0.56%,3/3,"Cavalier",
"Superintendent of Public Instruction","NON","","Kirsten  Baesler ",1,1194,52.86%,1/1,"Dickey",
"Superintendent of Public Instruction","NON","","Jason  Heitkamp ",1,1057,46.79%,1/1,"Dickey",
"Superintendent of Public Instruction","NON","","write-in ",1,8,0.35%,1/1,"Dickey",
"Superintendent of Public Instruction","NON","","Kirsten  Baesler ",1,661,61.26%,4/4,"Divide",
"Superintendent of Public Instruction","NON","","Jason  Heitkamp ",1,406,37.63%,4/4,"Divide",
"Superintendent of Public Instruction","NON","","write-in ",1,12,1.11%,4/4,"Divide",
"Superintendent of Public Instruction","NON","","Kirsten  Baesler ",1,1209,60.60%,10/10,"Dunn",
"Superintendent of Public Instruction","NON","","Jason  Heitkamp ",1,773,38.75%,10/10,"Dunn",
"Superintendent of Public Instruction","NON","","write-in ",1,13,0.65%,10/10,"Dunn",
"Superintendent of Public Instruction","NON","","Kirsten  Baesler ",1,678,59.53%,3/3,"Eddy",
"Superintendent of Public Instruction","NON","","Jason  Heitkamp ",1,458,40.21%,3/3,"Eddy",
"Superintendent of Public Instruction","NON","","write-in ",1,3,0.26%,3/3,"Eddy",
"Superintendent of Public Instruction","NON","","Kirsten  Baesler ",1,1050,59.56%,5/5,"Emmons",
"Superintendent of Public Instruction","NON","","Jason  Heitkamp ",1,702,39.82%,5/5,"Emmons",
"Superintendent of Public Instruction","NON","","write-in ",1,11,0.62%,5/5,"Emmons",
"Superintendent of Public Instruction","NON","","Kirsten  Baesler ",1,1035,65.67%,1/1,"Foster",
"Superintendent of Public Instruction","NON","","Jason  Heitkamp ",1,538,34.14%,1/1,"Foster",
"Superintendent of Public Instruction","NON","","write-in ",1,3,0.19%,1/1,"Foster",
"Superintendent of Public Instruction","NON","","Kirsten  Baesler ",1,505,57.00%,1/1,"Golden Valley",
"Superintendent of Public Instruction","NON","","Jason  Heitkamp ",1,376,42.44%,1/1,"Golden Valley",
"Superintendent of Public Instruction","NON","","write-in ",1,5,0.56%,1/1,"Golden Valley",
"Superintendent of Public Instruction","NON","","Kirsten  Baesler ",1,14143,54.86%,20/20,"Grand Forks",
"Superintendent of Public Instruction","NON","","Jason  Heitkamp ",1,11443,44.39%,20/20,"Grand Forks",
"Superintendent of Public Instruction","NON","","write-in ",1,193,0.75%,20/20,"Grand Forks",
"Superintendent of Public Instruction","NON","","Kirsten  Baesler ",1,767,61.16%,5/5,"Grant",
"Superintendent of Public Instruction","NON","","Jason  Heitkamp ",1,478,38.12%,5/5,"Grant",
"Superintendent of Public Instruction","NON","","write-in ",1,9,0.72%,5/5,"Grant",
"Superintendent of Public Instruction","NON","","Kirsten  Baesler ",1,758,64.57%,5/5,"Griggs",
"Superintendent of Public Instruction","NON","","Jason  Heitkamp ",1,408,34.75%,5/5,"Griggs",
"Superintendent of Public Instruction","NON","","write-in ",1,8,0.68%,5/5,"Griggs",
"Superintendent of Public Instruction","NON","","Kirsten  Baesler ",1,731,61.84%,2/2,"Hettinger",
"Superintendent of Public Instruction","NON","","Jason  Heitkamp ",1,448,37.90%,2/2,"Hettinger",
"Superintendent of Public Instruction","NON","","write-in ",1,3,0.25%,2/2,"Hettinger",
"Superintendent of Public Instruction","NON","","Kirsten  Baesler ",1,758,58.94%,6/6,"Kidder",
"Superintendent of Public Instruction","NON","","Jason  Heitkamp ",1,525,40.82%,6/6,"Kidder",
"Superintendent of Public Instruction","NON","","write-in ",1,3,0.23%,6/6,"Kidder",
"Superintendent of Public Instruction","NON","","Kirsten  Baesler ",1,1209,62.81%,4/4,"LaMoure",
"Superintendent of Public Instruction","NON","","Jason  Heitkamp ",1,708,36.78%,4/4,"LaMoure",
"Superintendent of Public Instruction","NON","","write-in ",1,8,0.42%,4/4,"LaMoure",
"Superintendent of Public Instruction","NON","","Kirsten  Baesler ",1,630,65.76%,5/5,"Logan",
"Superintendent of Public Instruction","NON","","Jason  Heitkamp ",1,323,33.72%,5/5,"Logan",
"Superintendent of Public Instruction","NON","","write-in ",1,5,0.52%,5/5,"Logan",
"Superintendent of Public Instruction","NON","","Kirsten  Baesler ",1,1559,60.80%,8/8,"McHenry",
"Superintendent of Public Instruction","NON","","Jason  Heitkamp ",1,989,38.57%,8/8,"McHenry",
"Superintendent of Public Instruction","NON","","write-in ",1,16,0.62%,8/8,"McHenry",
"Superintendent of Public Instruction","NON","","Kirsten  Baesler ",1,773,59.55%,6/6,"McIntosh",
"Superintendent of Public Instruction","NON","","Jason  Heitkamp ",1,520,40.06%,6/6,"McIntosh",
"Superintendent of Public Instruction","NON","","write-in ",1,5,0.39%,6/6,"McIntosh",
"Superintendent of Public Instruction","NON","","Kirsten  Baesler ",1,2699,58.27%,11/11,"McKenzie",
"Superintendent of Public Instruction","NON","","Jason  Heitkamp ",1,1886,40.72%,11/11,"McKenzie",
"Superintendent of Public Instruction","NON","","write-in ",1,47,1.01%,11/11,"McKenzie",
"Superintendent of Public Instruction","NON","","Kirsten  Baesler ",1,2764,55.32%,6/6,"McLean",
"Superintendent of Public Instruction","NON","","Jason  Heitkamp ",1,2193,43.90%,6/6,"McLean",
"Superintendent of Public Instruction","NON","","write-in ",1,39,0.78%,6/6,"McLean",
"Superintendent of Public Instruction","NON","","Kirsten  Baesler ",1,2573,63.19%,14/14,"Mercer",
"Superintendent of Public Instruction","NON","","Jason  Heitkamp ",1,1472,36.15%,14/14,"Mercer",
"Superintendent of Public Instruction","NON","","write-in ",1,27,0.66%,14/14,"Mercer",
"Superintendent of Public Instruction","NON","","Kirsten  Baesler ",1,7970,53.40%,17/17,"Morton",
"Superintendent of Public Instruction","NON","","Jason  Heitkamp ",1,6863,45.99%,17/17,"Morton",
"Superintendent of Public Instruction","NON","","write-in ",1,91,0.61%,17/17,"Morton",
"Superintendent of Public Instruction","NON","","Kirsten  Baesler ",1,1975,54.18%,6/6,"Mountrail",
"Superintendent of Public Instruction","NON","","Jason  Heitkamp ",1,1633,44.80%,6/6,"Mountrail",
"Superintendent of Public Instruction","NON","","write-in ",1,37,1.02%,6/6,"Mountrail",
"Superintendent of Public Instruction","NON","","Kirsten  Baesler ",1,947,58.35%,2/2,"Nelson",
"Superintendent of Public Instruction","NON","","Jason  Heitkamp ",1,673,41.47%,2/2,"Nelson",
"Superintendent of Public Instruction","NON","","write-in ",1,3,0.18%,2/2,"Nelson",
"Superintendent of Public Instruction","NON","","Kirsten  Baesler ",1,574,56.55%,1/1,"Oliver",
"Superintendent of Public Instruction","NON","","Jason  Heitkamp ",1,437,43.05%,1/1,"Oliver",
"Superintendent of Public Instruction","NON","","write-in ",1,4,0.39%,1/1,"Oliver",
"Superintendent of Public Instruction","NON","","Kirsten  Baesler ",1,1617,57.02%,6/6,"Pembina",
"Superintendent of Public Instruction","NON","","Jason  Heitkamp ",1,1202,42.38%,6/6,"Pembina",
"Superintendent of Public Instruction","NON","","write-in ",1,17,0.60%,6/6,"Pembina",
"Superintendent of Public Instruction","NON","","Kirsten  Baesler ",1,1093,59.02%,9/9,"Pierce",
"Superintendent of Public Instruction","NON","","Jason  Heitkamp ",1,745,40.23%,9/9,"Pierce",
"Superintendent of Public Instruction","NON","","write-in ",1,14,0.76%,9/9,"Pierce",
"Superintendent of Public Instruction","NON","","Kirsten  Baesler ",1,2741,56.61%,5/5,"Ramsey",
"Superintendent of Public Instruction","NON","","Jason  Heitkamp ",1,2079,42.94%,5/5,"Ramsey",
"Superintendent of Public Instruction","NON","","write-in ",1,22,0.45%,5/5,"Ramsey",
"Superintendent of Public Instruction","NON","","Kirsten  Baesler ",1,1435,58.86%,1/1,"Ransom",
"Superintendent of Public Instruction","NON","","Jason  Heitkamp ",1,991,40.65%,1/1,"Ransom",
"Superintendent of Public Instruction","NON","","write-in ",1,12,0.49%,1/1,"Ransom",
"Superintendent of Public Instruction","NON","","Kirsten  Baesler ",1,650,58.04%,5/5,"Renville",
"Superintendent of Public Instruction","NON","","Jason  Heitkamp ",1,462,41.25%,5/5,"Renville",
"Superintendent of Public Instruction","NON","","write-in ",1,8,0.71%,5/5,"Renville",
"Superintendent of Public Instruction","NON","","Kirsten  Baesler ",1,4720,62.47%,13/13,"Richland",
"Superintendent of Public Instruction","NON","","Jason  Heitkamp ",1,2805,37.12%,13/13,"Richland",
"Superintendent of Public Instruction","NON","","write-in ",1,31,0.41%,13/13,"Richland",
"Superintendent of Public Instruction","NON","","Kirsten  Baesler ",1,1831,50.04%,5/5,"Rolette",
"Superintendent of Public Instruction","NON","","Jason  Heitkamp ",1,1809,49.44%,5/5,"Rolette",
"Superintendent of Public Instruction","NON","","write-in ",1,19,0.52%,5/5,"Rolette",
"Superintendent of Public Instruction","NON","","Kirsten  Baesler ",1,1093,59.24%,2/2,"Sargent",
"Superintendent of Public Instruction","NON","","Jason  Heitkamp ",1,749,40.60%,2/2,"Sargent",
"Superintendent of Public Instruction","NON","","write-in ",1,3,0.16%,2/2,"Sargent",
"Superintendent of Public Instruction","NON","","Kirsten  Baesler ",1,363,50.70%,1/1,"Sheridan",
"Superintendent of Public Instruction","NON","","Jason  Heitkamp ",1,351,49.02%,1/1,"Sheridan",
"Superintendent of Public Instruction","NON","","write-in ",1,2,0.28%,1/1,"Sheridan",
"Superintendent of Public Instruction","NON","","Kirsten  Baesler ",1,477,53.66%,3/3,"Sioux",
"Superintendent of Public Instruction","NON","","Jason  Heitkamp ",1,401,45.11%,3/3,"Sioux",
"Superintendent of Public Instruction","NON","","write-in ",1,11,1.24%,3/3,"Sioux",
"Superintendent of Public Instruction","NON","","Kirsten  Baesler ",1,248,67.95%,3/3,"Slope",
"Superintendent of Public Instruction","NON","","Jason  Heitkamp ",1,114,31.23%,3/3,"Slope",
"Superintendent of Public Instruction","NON","","write-in ",1,3,0.82%,3/3,"Slope",
"Superintendent of Public Instruction","NON","","Kirsten  Baesler ",1,7307,55.85%,8/8,"Stark",
"Superintendent of Public Instruction","NON","","Jason  Heitkamp ",1,5648,43.17%,8/8,"Stark",
"Superintendent of Public Instruction","NON","","write-in ",1,128,0.98%,8/8,"Stark",
"Superintendent of Public Instruction","NON","","Kirsten  Baesler ",1,571,60.87%,5/5,"Steele",
"Superintendent of Public Instruction","NON","","Jason  Heitkamp ",1,359,38.27%,5/5,"Steele",
"Superintendent of Public Instruction","NON","","write-in ",1,8,0.85%,5/5,"Steele",
"Superintendent of Public Instruction","NON","","Kirsten  Baesler ",1,4739,58.09%,9/9,"Stutsman",
"Superintendent of Public Instruction","NON","","Jason  Heitkamp ",1,3396,41.63%,9/9,"Stutsman",
"Superintendent of Public Instruction","NON","","write-in ",1,23,0.28%,9/9,"Stutsman",
"Superintendent of Public Instruction","NON","","Kirsten  Baesler ",1,569,55.40%,3/3,"Towner",
"Superintendent of Public Instruction","NON","","Jason  Heitkamp ",1,450,43.82%,3/3,"Towner",
"Superintendent of Public Instruction","NON","","write-in ",1,8,0.78%,3/3,"Towner",
"Superintendent of Public Instruction","NON","","Kirsten  Baesler ",1,2288,62.86%,12/12,"Traill",
"Superintendent of Public Instruction","NON","","Jason  Heitkamp ",1,1338,36.76%,12/12,"Traill",
"Superintendent of Public Instruction","NON","","write-in ",1,14,0.38%,12/12,"Traill",
"Superintendent of Public Instruction","NON","","Kirsten  Baesler ",1,2662,63.91%,2/2,"Walsh",
"Superintendent of Public Instruction","NON","","Jason  Heitkamp ",1,1486,35.68%,2/2,"Walsh",
"Superintendent of Public Instruction","NON","","write-in ",1,17,0.41%,2/2,"Walsh",
"Superintendent of Public Instruction","NON","","Kirsten  Baesler ",1,14101,55.70%,16/16,"Ward",
"Superintendent of Public Instruction","NON","","Jason  Heitkamp ",1,11001,43.45%,16/16,"Ward",
"Superintendent of Public Instruction","NON","","write-in ",1,214,0.85%,16/16,"Ward",
"Superintendent of Public Instruction","NON","","Kirsten  Baesler ",1,1096,52.32%,1/1,"Wells",
"Superintendent of Public Instruction","NON","","Jason  Heitkamp ",1,986,47.06%,1/1,"Wells",
"Superintendent of Public Instruction","NON","","write-in ",1,13,0.62%,1/1,"Wells",
"Superintendent of Public Instruction","NON","","Kirsten  Baesler ",1,7019,56.60%,24/24,"Williams",
"Superintendent of Public Instruction","NON","","Jason  Heitkamp ",1,5259,42.41%,24/24,"Williams",
"Superintendent of Public Instruction","NON","","write-in ",1,123,0.99%,24/24,"Williams",
"Related to terminology describing public institutions ","","","Yes",1,946,80.79%,1/1,"Adams",
"Related to terminology describing public institutions ","","","No",1,225,19.21%,1/1,"Adams",
"Related to terminology describing public institutions ","","","Yes",1,4334,83.38%,15/15,"Barnes",
"Related to terminology describing public institutions ","","","No",1,864,16.62%,15/15,"Barnes",
"Related to terminology describing public institutions ","","","Yes",1,1633,85.14%,8/8,"Benson",
"Related to terminology describing public institutions ","","","No",1,285,14.86%,8/8,"Benson",
"Related to terminology describing public institutions ","","","Yes",1,473,74.37%,3/3,"Billings",
"Related to terminology describing public institutions ","","","No",1,163,25.63%,3/3,"Billings",
"Related to terminology describing public institutions ","","","Yes",1,2713,80.89%,5/5,"Bottineau",
"Related to terminology describing public institutions ","","","No",1,641,19.11%,5/5,"Bottineau",
"Related to terminology describing public institutions ","","","Yes",1,1274,80.33%,4/4,"Bowman",
"Related to terminology describing public institutions ","","","No",1,312,19.67%,4/4,"Bowman",
"Related to terminology describing public institutions ","","","Yes",1,829,80.56%,6/6,"Burke",
"Related to terminology describing public institutions ","","","No",1,200,19.44%,6/6,"Burke",
"Related to terminology describing public institutions ","","","Yes",1,43164,84.54%,30/30,"Burleigh",
"Related to terminology describing public institutions ","","","No",1,7896,15.46%,30/30,"Burleigh",
"Related to terminology describing public institutions ","","","Yes",1,79204,88.91%,34/34,"Cass",
"Related to terminology describing public institutions ","","","No",1,9879,11.09%,34/34,"Cass",
"Related to terminology describing public institutions ","","","Yes",1,1600,82.05%,3/3,"Cavalier",
"Related to terminology describing public institutions ","","","No",1,350,17.95%,3/3,"Cavalier",
"Related to terminology describing public institutions ","","","Yes",1,1917,79.91%,1/1,"Dickey",
"Related to terminology describing public institutions ","","","No",1,482,20.09%,1/1,"Dickey",
"Related to terminology describing public institutions ","","","Yes",1,944,81.10%,4/4,"Divide",
"Related to terminology describing public institutions ","","","No",1,220,18.90%,4/4,"Divide",
"Related to terminology describing public institutions ","","","Yes",1,1685,77.36%,10/10,"Dunn",
"Related to terminology describing public institutions ","","","No",1,493,22.64%,10/10,"Dunn",
"Related to terminology describing public institutions ","","","Yes",1,1014,84.64%,3/3,"Eddy",
"Related to terminology describing public institutions ","","","No",1,184,15.36%,3/3,"Eddy",
"Related to terminology describing public institutions ","","","Yes",1,1339,71.76%,5/5,"Emmons",
"Related to terminology describing public institutions ","","","No",1,527,28.24%,5/5,"Emmons",
"Related to terminology describing public institutions ","","","Yes",1,1373,82.51%,1/1,"Foster",
"Related to terminology describing public institutions ","","","No",1,291,17.49%,1/1,"Foster",
"Related to terminology describing public institutions ","","","Yes",1,700,74.00%,1/1,"Golden Valley",
"Related to terminology describing public institutions ","","","No",1,246,26.00%,1/1,"Golden Valley",
"Related to terminology describing public institutions ","","","Yes",1,26114,86.66%,20/20,"Grand Forks",
"Related to terminology describing public institutions ","","","No",1,4021,13.34%,20/20,"Grand Forks",
"Related to terminology describing public institutions ","","","Yes",1,984,76.40%,5/5,"Grant",
"Related to terminology describing public institutions ","","","No",1,304,23.60%,5/5,"Grant",
"Related to terminology describing public institutions ","","","Yes",1,1008,80.77%,5/5,"Griggs",
"Related to terminology describing public institutions ","","","No",1,240,19.23%,5/5,"Griggs",
"Related to terminology describing public institutions ","","","Yes",1,979,76.72%,2/2,"Hettinger",
"Related to terminology describing public institutions ","","","No",1,297,23.28%,2/2,"Hettinger",
"Related to terminology describing public institutions ","","","Yes",1,1005,73.20%,6/6,"Kidder",
"Related to terminology describing public institutions ","","","No",1,368,26.80%,6/6,"Kidder",
"Related to terminology describing public institutions ","","","Yes",1,1676,81.16%,4/4,"LaMoure",
"Related to terminology describing public institutions ","","","No",1,389,18.84%,4/4,"LaMoure",
"Related to terminology describing public institutions ","","","Yes",1,741,73.80%,5/5,"Logan",
"Related to terminology describing public institutions ","","","No",1,263,26.20%,5/5,"Logan",
"Related to terminology describing public institutions ","","","Yes",1,2111,78.59%,8/8,"McHenry",
"Related to terminology describing public institutions ","","","No",1,575,21.41%,8/8,"McHenry",
"Related to terminology describing public institutions ","","","Yes",1,1069,79.36%,6/6,"McIntosh",
"Related to terminology describing public institutions ","","","No",1,278,20.64%,6/6,"McIntosh",
"Related to terminology describing public institutions ","","","Yes",1,4295,81.05%,11/11,"McKenzie",
"Related to terminology describing public institutions ","","","No",1,1004,18.95%,11/11,"McKenzie",
"Related to terminology describing public institutions ","","","Yes",1,4309,81.12%,6/6,"McLean",
"Related to terminology describing public institutions ","","","No",1,1003,18.88%,6/6,"McLean",
"Related to terminology describing public institutions ","","","Yes",1,3552,80.31%,14/14,"Mercer",
"Related to terminology describing public institutions ","","","No",1,871,19.69%,14/14,"Mercer",
"Related to terminology describing public institutions ","","","Yes",1,13211,80.92%,17/17,"Morton",
"Related to terminology describing public institutions ","","","No",1,3115,19.08%,17/17,"Morton",
"Related to terminology describing public institutions ","","","Yes",1,3192,81.51%,6/6,"Mountrail",
"Related to terminology describing public institutions ","","","No",1,724,18.49%,6/6,"Mountrail",
"Related to terminology describing public institutions ","","","Yes",1,1457,84.91%,2/2,"Nelson",
"Related to terminology describing public institutions ","","","No",1,259,15.09%,2/2,"Nelson",
"Related to terminology describing public institutions ","","","Yes",1,834,77.87%,1/1,"Oliver",
"Related to terminology describing public institutions ","","","No",1,237,22.13%,1/1,"Oliver",
"Related to terminology describing public institutions ","","","Yes",1,2515,83.36%,6/6,"Pembina",
"Related to terminology describing public institutions ","","","No",1,502,16.64%,6/6,"Pembina",
"Related to terminology describing public institutions ","","","Yes",1,1613,82.59%,9/9,"Pierce",
"Related to terminology describing public institutions ","","","No",1,340,17.41%,9/9,"Pierce",
"Related to terminology describing public institutions ","","","Yes",1,4388,85.39%,5/5,"Ramsey",
"Related to terminology describing public institutions ","","","No",1,751,14.61%,5/5,"Ramsey",
"Related to terminology describing public institutions ","","","Yes",1,2165,83.72%,1/1,"Ransom",
"Related to terminology describing public institutions ","","","No",1,421,16.28%,1/1,"Ransom",
"Related to terminology describing public institutions ","","","Yes",1,928,77.98%,5/5,"Renville",
"Related to terminology describing public institutions ","","","No",1,262,22.02%,5/5,"Renville",
"Related to terminology describing public institutions ","","","Yes",1,6665,83.52%,13/13,"Richland",
"Related to terminology describing public institutions ","","","No",1,1315,16.48%,13/13,"Richland",
"Related to terminology describing public institutions ","","","Yes",1,3256,85.41%,5/5,"Rolette",
"Related to terminology describing public institutions ","","","No",1,556,14.59%,5/5,"Rolette",
"Related to terminology describing public institutions ","","","Yes",1,1663,83.78%,2/2,"Sargent",
"Related to terminology describing public institutions ","","","No",1,322,16.22%,2/2,"Sargent",
"Related to terminology describing public institutions ","","","Yes",1,526,71.47%,1/1,"Sheridan",
"Related to terminology describing public institutions ","","","No",1,210,28.53%,1/1,"Sheridan",
"Related to terminology describing public institutions ","","","Yes",1,761,82.36%,3/3,"Sioux",
"Related to terminology describing public institutions ","","","No",1,163,17.64%,3/3,"Sioux",
"Related to terminology describing public institutions ","","","Yes",1,283,74.28%,3/3,"Slope",
"Related to terminology describing public institutions ","","","No",1,98,25.72%,3/3,"Slope",
"Related to terminology describing public institutions ","","","Yes",1,11719,80.37%,8/8,"Stark",
"Related to terminology describing public institutions ","","","No",1,2863,19.63%,8/8,"Stark",
"Related to terminology describing public institutions ","","","Yes",1,837,84.55%,5/5,"Steele",
"Related to terminology describing public institutions ","","","No",1,153,15.45%,5/5,"Steele",
"Related to terminology describing public institutions ","","","Yes",1,8023,83.68%,9/9,"Stutsman",
"Related to terminology describing public institutions ","","","No",1,1565,16.32%,9/9,"Stutsman",
"Related to terminology describing public institutions ","","","Yes",1,869,79.65%,3/3,"Towner",
"Related to terminology describing public institutions ","","","No",1,222,20.35%,3/3,"Towner",
"Related to terminology describing public institutions ","","","Yes",1,3347,84.61%,12/12,"Traill",
"Related to terminology describing public institutions ","","","No",1,609,15.39%,12/12,"Traill",
"Related to terminology describing public institutions ","","","Yes",1,3734,84.81%,2/2,"Walsh",
"Related to terminology describing public institutions ","","","No",1,669,15.19%,2/2,"Walsh",
"Related to terminology describing public institutions ","","","Yes",1,23491,84.74%,16/16,"Ward",
"Related to terminology describing public institutions ","","","No",1,4229,15.26%,16/16,"Ward",
"Related to terminology describing public institutions ","","","Yes",1,1650,75.10%,1/1,"Wells",
"Related to terminology describing public institutions ","","","No",1,547,24.90%,1/1,"Wells",
"Related to terminology describing public institutions ","","","Yes",1,11832,82.78%,24/24,"Williams",
"Related to terminology describing public institutions ","","","No",1,2461,17.22%,24/24,"Williams",
"Related to constitutional amendments ","","","No",1,634,56.01%,1/1,"Adams",
"Related to constitutional amendments ","","","Yes",1,498,43.99%,1/1,"Adams",
"Related to constitutional amendments ","","","No",1,2857,57.00%,15/15,"Barnes",
"Related to constitutional amendments ","","","Yes",1,2155,43.00%,15/15,"Barnes",
"Related to constitutional amendments ","","","No",1,1053,56.92%,8/8,"Benson",
"Related to constitutional amendments ","","","Yes",1,797,43.08%,8/8,"Benson",
"Related to constitutional amendments ","","","No",1,342,54.90%,3/3,"Billings",
"Related to constitutional amendments ","","","Yes",1,281,45.10%,3/3,"Billings",
"Related to constitutional amendments ","","","No",1,1837,56.37%,5/5,"Bottineau",
"Related to constitutional amendments ","","","Yes",1,1422,43.63%,5/5,"Bottineau",
"Related to constitutional amendments ","","","No",1,842,54.04%,4/4,"Bowman",
"Related to constitutional amendments ","","","Yes",1,716,45.96%,4/4,"Bowman",
"Related to constitutional amendments ","","","No",1,510,51.41%,6/6,"Burke",
"Related to constitutional amendments ","","","Yes",1,482,48.59%,6/6,"Burke",
"Related to constitutional amendments ","","","No",1,30141,60.77%,30/30,"Burleigh",
"Related to constitutional amendments ","","","Yes",1,19460,39.23%,30/30,"Burleigh",
"Related to constitutional amendments ","","","No",1,46940,54.61%,34/34,"Cass",
"Related to constitutional amendments ","","","Yes",1,39021,45.39%,34/34,"Cass",
"Related to constitutional amendments ","","","No",1,998,53.40%,3/3,"Cavalier",
"Related to constitutional amendments ","","","Yes",1,871,46.60%,3/3,"Cavalier",
"Related to constitutional amendments ","","","No",1,1365,57.77%,1/1,"Dickey",
"Related to constitutional amendments ","","","Yes",1,998,42.23%,1/1,"Dickey",
"Related to constitutional amendments ","","","No",1,634,55.91%,4/4,"Divide",
"Related to constitutional amendments ","","","Yes",1,500,44.09%,4/4,"Divide",
"Related to constitutional amendments ","","","No",1,1125,53.14%,10/10,"Dunn",
"Related to constitutional amendments ","","","Yes",1,992,46.86%,10/10,"Dunn",
"Related to constitutional amendments ","","","No",1,661,56.88%,3/3,"Eddy",
"Related to constitutional amendments ","","","Yes",1,501,43.12%,3/3,"Eddy",
"Related to constitutional amendments ","","","No",1,1165,63.35%,5/5,"Emmons",
"Related to constitutional amendments ","","","Yes",1,674,36.65%,5/5,"Emmons",
"Related to constitutional amendments ","","","No",1,928,57.14%,1/1,"Foster",
"Related to constitutional amendments ","","","Yes",1,696,42.86%,1/1,"Foster",
"Related to constitutional amendments ","","","No",1,470,51.42%,1/1,"Golden Valley",
"Related to constitutional amendments ","","","Yes",1,444,48.58%,1/1,"Golden Valley",
"Related to constitutional amendments ","","","No",1,16032,56.31%,20/20,"Grand Forks",
"Related to constitutional amendments ","","","Yes",1,12441,43.69%,20/20,"Grand Forks",
"Related to constitutional amendments ","","","No",1,772,60.55%,5/5,"Grant",
"Related to constitutional amendments ","","","Yes",1,503,39.45%,5/5,"Grant",
"Related to constitutional amendments ","","","No",1,705,57.36%,5/5,"Griggs",
"Related to constitutional amendments ","","","Yes",1,524,42.64%,5/5,"Griggs",
"Related to constitutional amendments ","","","No",1,698,55.66%,2/2,"Hettinger",
"Related to constitutional amendments ","","","Yes",1,556,44.34%,2/2,"Hettinger",
"Related to constitutional amendments ","","","No",1,849,63.36%,6/6,"Kidder",
"Related to constitutional amendments ","","","Yes",1,491,36.64%,6/6,"Kidder",
"Related to constitutional amendments ","","","No",1,1155,57.58%,4/4,"LaMoure",
"Related to constitutional amendments ","","","Yes",1,851,42.42%,4/4,"LaMoure",
"Related to constitutional amendments ","","","No",1,660,67.48%,5/5,"Logan",
"Related to constitutional amendments ","","","Yes",1,318,32.52%,5/5,"Logan",
"Related to constitutional amendments ","","","No",1,1478,55.90%,8/8,"McHenry",
"Related to constitutional amendments ","","","Yes",1,1166,44.10%,8/8,"McHenry",
"Related to constitutional amendments ","","","No",1,802,60.90%,6/6,"McIntosh",
"Related to constitutional amendments ","","","Yes",1,515,39.10%,6/6,"McIntosh",
"Related to constitutional amendments ","","","Yes",1,2875,56.28%,11/11,"McKenzie",
"Related to constitutional amendments ","","","No",1,2233,43.72%,11/11,"McKenzie",
"Related to constitutional amendments ","","","No",1,3100,59.63%,6/6,"McLean",
"Related to constitutional amendments ","","","Yes",1,2099,40.37%,6/6,"McLean",
"Related to constitutional amendments ","","","No",1,2437,56.63%,14/14,"Mercer",
"Related to constitutional amendments ","","","Yes",1,1866,43.37%,14/14,"Mercer",
"Related to constitutional amendments ","","","No",1,9817,62.54%,17/17,"Morton",
"Related to constitutional amendments ","","","Yes",1,5880,37.46%,17/17,"Morton",
"Related to constitutional amendments ","","","No",1,2090,54.74%,6/6,"Mountrail",
"Related to constitutional amendments ","","","Yes",1,1728,45.26%,6/6,"Mountrail",
"Related to constitutional amendments ","","","No",1,933,55.94%,2/2,"Nelson",
"Related to constitutional amendments ","","","Yes",1,735,44.06%,2/2,"Nelson",
"Related to constitutional amendments ","","","No",1,668,64.11%,1/1,"Oliver",
"Related to constitutional amendments ","","","Yes",1,374,35.89%,1/1,"Oliver",
"Related to constitutional amendments ","","","No",1,1657,55.77%,6/6,"Pembina",
"Related to constitutional amendments ","","","Yes",1,1314,44.23%,6/6,"Pembina",
"Related to constitutional amendments ","","","No",1,1018,53.41%,9/9,"Pierce",
"Related to constitutional amendments ","","","Yes",1,888,46.59%,9/9,"Pierce",
"Related to constitutional amendments ","","","No",1,2835,57.28%,5/5,"Ramsey",
"Related to constitutional amendments ","","","Yes",1,2114,42.72%,5/5,"Ramsey",
"Related to constitutional amendments ","","","No",1,1555,61.15%,1/1,"Ransom",
"Related to constitutional amendments ","","","Yes",1,988,38.85%,1/1,"Ransom",
"Related to constitutional amendments ","","","No",1,656,55.83%,5/5,"Renville",
"Related to constitutional amendments ","","","Yes",1,519,44.17%,5/5,"Renville",
"Related to constitutional amendments ","","","No",1,4513,58.26%,13/13,"Richland",
"Related to constitutional amendments ","","","Yes",1,3233,41.74%,13/13,"Richland",
"Related to constitutional amendments ","","","No",1,2249,61.00%,5/5,"Rolette",
"Related to constitutional amendments ","","","Yes",1,1438,39.00%,5/5,"Rolette",
"Related to constitutional amendments ","","","No",1,1148,59.21%,2/2,"Sargent",
"Related to constitutional amendments ","","","Yes",1,791,40.79%,2/2,"Sargent",
"Related to constitutional amendments ","","","No",1,442,60.80%,1/1,"Sheridan",
"Related to constitutional amendments ","","","Yes",1,285,39.20%,1/1,"Sheridan",
"Related to constitutional amendments ","","","No",1,494,55.26%,3/3,"Sioux",
"Related to constitutional amendments ","","","Yes",1,400,44.74%,3/3,"Sioux",
"Related to constitutional amendments ","","","No",1,208,55.61%,3/3,"Slope",
"Related to constitutional amendments ","","","Yes",1,166,44.39%,3/3,"Slope",
"Related to constitutional amendments ","","","No",1,7274,51.72%,8/8,"Stark",
"Related to constitutional amendments ","","","Yes",1,6789,48.28%,8/8,"Stark",
"Related to constitutional amendments ","","","No",1,609,62.53%,5/5,"Steele",
"Related to constitutional amendments ","","","Yes",1,365,37.47%,5/5,"Steele",
"Related to constitutional amendments ","","","No",1,4916,55.06%,9/9,"Stutsman",
"Related to constitutional amendments ","","","Yes",1,4012,44.94%,9/9,"Stutsman",
"Related to constitutional amendments ","","","No",1,668,63.20%,3/3,"Towner",
"Related to constitutional amendments ","","","Yes",1,389,36.80%,3/3,"Towner",
"Related to constitutional amendments ","","","No",1,2204,58.06%,12/12,"Traill",
"Related to constitutional amendments ","","","Yes",1,1592,41.94%,12/12,"Traill",
"Related to constitutional amendments ","","","No",1,2436,57.17%,2/2,"Walsh",
"Related to constitutional amendments ","","","Yes",1,1825,42.83%,2/2,"Walsh",
"Related to constitutional amendments ","","","No",1,15379,57.06%,16/16,"Ward",
"Related to constitutional amendments ","","","Yes",1,11573,42.94%,16/16,"Ward",
"Related to constitutional amendments ","","","No",1,1283,59.23%,1/1,"Wells",
"Related to constitutional amendments ","","","Yes",1,883,40.77%,1/1,"Wells",
"Related to constitutional amendments ","","","Yes",1,7368,54.73%,24/24,"Williams",
"Related to constitutional amendments ","","","No",1,6095,45.27%,24/24,"Williams",
"Related to spending and transfers from the legacy fund","","","No",1,610,54.61%,1/1,"Adams",
"Related to spending and transfers from the legacy fund","","","Yes",1,507,45.39%,1/1,"Adams",
"Related to spending and transfers from the legacy fund","","","No",1,2564,52.26%,15/15,"Barnes",
"Related to spending and transfers from the legacy fund","","","Yes",1,2342,47.74%,15/15,"Barnes",
"Related to spending and transfers from the legacy fund","","","No",1,918,50.58%,8/8,"Benson",
"Related to spending and transfers from the legacy fund","","","Yes",1,897,49.42%,8/8,"Benson",
"Related to spending and transfers from the legacy fund","","","No",1,329,54.11%,3/3,"Billings",
"Related to spending and transfers from the legacy fund","","","Yes",1,279,45.89%,3/3,"Billings",
"Related to spending and transfers from the legacy fund","","","No",1,1685,53.36%,5/5,"Bottineau",
"Related to spending and transfers from the legacy fund","","","Yes",1,1473,46.64%,5/5,"Bottineau",
"Related to spending and transfers from the legacy fund","","","No",1,779,50.58%,4/4,"Bowman",
"Related to spending and transfers from the legacy fund","","","Yes",1,761,49.42%,4/4,"Bowman",
"Related to spending and transfers from the legacy fund","","","Yes",1,488,50.31%,6/6,"Burke",
"Related to spending and transfers from the legacy fund","","","No",1,482,49.69%,6/6,"Burke",
"Related to spending and transfers from the legacy fund","","","Yes",1,24983,51.60%,30/30,"Burleigh",
"Related to spending and transfers from the legacy fund","","","No",1,23438,48.40%,30/30,"Burleigh",
"Related to spending and transfers from the legacy fund","","","Yes",1,48063,57.26%,34/34,"Cass",
"Related to spending and transfers from the legacy fund","","","No",1,35873,42.74%,34/34,"Cass",
"Related to spending and transfers from the legacy fund","","","No",1,1003,55.78%,3/3,"Cavalier",
"Related to spending and transfers from the legacy fund","","","Yes",1,795,44.22%,3/3,"Cavalier",
"Related to spending and transfers from the legacy fund","","","No",1,1276,54.98%,1/1,"Dickey",
"Related to spending and transfers from the legacy fund","","","Yes",1,1045,45.02%,1/1,"Dickey",
"Related to spending and transfers from the legacy fund","","","No",1,621,55.85%,4/4,"Divide",
"Related to spending and transfers from the legacy fund","","","Yes",1,491,44.15%,4/4,"Divide",
"Related to spending and transfers from the legacy fund","","","No",1,1090,52.38%,10/10,"Dunn",
"Related to spending and transfers from the legacy fund","","","Yes",1,991,47.62%,10/10,"Dunn",
"Related to spending and transfers from the legacy fund","","","No",1,614,53.81%,3/3,"Eddy",
"Related to spending and transfers from the legacy fund","","","Yes",1,527,46.19%,3/3,"Eddy",
"Related to spending and transfers from the legacy fund","","","No",1,1026,57.90%,5/5,"Emmons",
"Related to spending and transfers from the legacy fund","","","Yes",1,746,42.10%,5/5,"Emmons",
"Related to spending and transfers from the legacy fund","","","No",1,823,51.57%,1/1,"Foster",
"Related to spending and transfers from the legacy fund","","","Yes",1,773,48.43%,1/1,"Foster",
"Related to spending and transfers from the legacy fund","","","No",1,458,51.00%,1/1,"Golden Valley",
"Related to spending and transfers from the legacy fund","","","Yes",1,440,49.00%,1/1,"Golden Valley",
"Related to spending and transfers from the legacy fund","","","No",1,13922,50.26%,20/20,"Grand Forks",
"Related to spending and transfers from the legacy fund","","","Yes",1,13777,49.74%,20/20,"Grand Forks",
"Related to spending and transfers from the legacy fund","","","No",1,728,58.47%,5/5,"Grant",
"Related to spending and transfers from the legacy fund","","","Yes",1,517,41.53%,5/5,"Grant",
"Related to spending and transfers from the legacy fund","","","No",1,672,55.81%,5/5,"Griggs",
"Related to spending and transfers from the legacy fund","","","Yes",1,532,44.19%,5/5,"Griggs",
"Related to spending and transfers from the legacy fund","","","Yes",1,623,50.69%,2/2,"Hettinger",
"Related to spending and transfers from the legacy fund","","","No",1,606,49.31%,2/2,"Hettinger",
"Related to spending and transfers from the legacy fund","","","No",1,828,63.50%,6/6,"Kidder",
"Related to spending and transfers from the legacy fund","","","Yes",1,476,36.50%,6/6,"Kidder",
"Related to spending and transfers from the legacy fund","","","No",1,1087,55.86%,4/4,"LaMoure",
"Related to spending and transfers from the legacy fund","","","Yes",1,859,44.14%,4/4,"LaMoure",
"Related to spending and transfers from the legacy fund","","","No",1,610,63.67%,5/5,"Logan",
"Related to spending and transfers from the legacy fund","","","Yes",1,348,36.33%,5/5,"Logan",
"Related to spending and transfers from the legacy fund","","","No",1,1407,54.01%,8/8,"McHenry",
"Related to spending and transfers from the legacy fund","","","Yes",1,1198,45.99%,8/8,"McHenry",
"Related to spending and transfers from the legacy fund","","","No",1,745,57.89%,6/6,"McIntosh",
"Related to spending and transfers from the legacy fund","","","Yes",1,542,42.11%,6/6,"McIntosh",
"Related to spending and transfers from the legacy fund","","","Yes",1,2777,55.61%,11/11,"McKenzie",
"Related to spending and transfers from the legacy fund","","","No",1,2217,44.39%,11/11,"McKenzie",
"Related to spending and transfers from the legacy fund","","","No",1,2724,53.28%,6/6,"McLean",
"Related to spending and transfers from the legacy fund","","","Yes",1,2389,46.72%,6/6,"McLean",
"Related to spending and transfers from the legacy fund","","","No",1,2170,52.18%,14/14,"Mercer",
"Related to spending and transfers from the legacy fund","","","Yes",1,1989,47.82%,14/14,"Mercer",
"Related to spending and transfers from the legacy fund","","","No",1,7780,51.18%,17/17,"Morton",
"Related to spending and transfers from the legacy fund","","","Yes",1,7420,48.82%,17/17,"Morton",
"Related to spending and transfers from the legacy fund","","","Yes",1,2043,54.39%,6/6,"Mountrail",
"Related to spending and transfers from the legacy fund","","","No",1,1713,45.61%,6/6,"Mountrail",
"Related to spending and transfers from the legacy fund","","","No",1,918,56.49%,2/2,"Nelson",
"Related to spending and transfers from the legacy fund","","","Yes",1,707,43.51%,2/2,"Nelson",
"Related to spending and transfers from the legacy fund","","","No",1,572,56.13%,1/1,"Oliver",
"Related to spending and transfers from the legacy fund","","","Yes",1,447,43.87%,1/1,"Oliver",
"Related to spending and transfers from the legacy fund","","","No",1,1583,54.40%,6/6,"Pembina",
"Related to spending and transfers from the legacy fund","","","Yes",1,1327,45.60%,6/6,"Pembina",
"Related to spending and transfers from the legacy fund","","","No",1,954,51.13%,9/9,"Pierce",
"Related to spending and transfers from the legacy fund","","","Yes",1,912,48.87%,9/9,"Pierce",
"Related to spending and transfers from the legacy fund","","","No",1,2599,53.51%,5/5,"Ramsey",
"Related to spending and transfers from the legacy fund","","","Yes",1,2258,46.49%,5/5,"Ramsey",
"Related to spending and transfers from the legacy fund","","","No",1,1392,56.13%,1/1,"Ransom",
"Related to spending and transfers from the legacy fund","","","Yes",1,1088,43.87%,1/1,"Ransom",
"Related to spending and transfers from the legacy fund","","","No",1,607,52.74%,5/5,"Renville",
"Related to spending and transfers from the legacy fund","","","Yes",1,544,47.26%,5/5,"Renville",
"Related to spending and transfers from the legacy fund","","","Yes",1,3921,51.76%,13/13,"Richland",
"Related to spending and transfers from the legacy fund","","","No",1,3654,48.24%,13/13,"Richland",
"Related to spending and transfers from the legacy fund","","","No",1,1898,52.68%,5/5,"Rolette",
"Related to spending and transfers from the legacy fund","","","Yes",1,1705,47.32%,5/5,"Rolette",
"Related to spending and transfers from the legacy fund","","","No",1,976,52.16%,2/2,"Sargent",
"Related to spending and transfers from the legacy fund","","","Yes",1,895,47.84%,2/2,"Sargent",
"Related to spending and transfers from the legacy fund","","","No",1,417,59.15%,1/1,"Sheridan",
"Related to spending and transfers from the legacy fund","","","Yes",1,288,40.85%,1/1,"Sheridan",
"Related to spending and transfers from the legacy fund","","","Yes",1,448,50.79%,3/3,"Sioux",
"Related to spending and transfers from the legacy fund","","","No",1,434,49.21%,3/3,"Sioux",
"Related to spending and transfers from the legacy fund","","","Yes",1,191,51.48%,3/3,"Slope",
"Related to spending and transfers from the legacy fund","","","No",1,180,48.52%,3/3,"Slope",
"Related to spending and transfers from the legacy fund","","","Yes",1,7624,55.41%,8/8,"Stark",
"Related to spending and transfers from the legacy fund","","","No",1,6136,44.59%,8/8,"Stark",
"Related to spending and transfers from the legacy fund","","","No",1,511,54.65%,5/5,"Steele",
"Related to spending and transfers from the legacy fund","","","Yes",1,424,45.35%,5/5,"Steele",
"Related to spending and transfers from the legacy fund","","","Yes",1,4324,50.19%,9/9,"Stutsman",
"Related to spending and transfers from the legacy fund","","","No",1,4291,49.81%,9/9,"Stutsman",
"Related to spending and transfers from the legacy fund","","","No",1,602,59.19%,3/3,"Towner",
"Related to spending and transfers from the legacy fund","","","Yes",1,415,40.81%,3/3,"Towner",
"Related to spending and transfers from the legacy fund","","","No",1,1947,52.86%,12/12,"Traill",
"Related to spending and transfers from the legacy fund","","","Yes",1,1736,47.14%,12/12,"Traill",
"Related to spending and transfers from the legacy fund","","","No",1,2243,54.01%,2/2,"Walsh",
"Related to spending and transfers from the legacy fund","","","Yes",1,1910,45.99%,2/2,"Walsh",
"Related to spending and transfers from the legacy fund","","","Yes",1,14265,54.31%,16/16,"Ward",
"Related to spending and transfers from the legacy fund","","","No",1,12001,45.69%,16/16,"Ward",
"Related to spending and transfers from the legacy fund","","","No",1,1222,57.21%,1/1,"Wells",
"Related to spending and transfers from the legacy fund","","","Yes",1,914,42.79%,1/1,"Wells",
"Related to spending and transfers from the legacy fund","","","Yes",1,7560,57.62%,24/24,"Williams",
"Related to spending and transfers from the legacy fund","","","No",1,5561,42.38%,24/24,"Williams",
"Related to prohibiting all political subdivisions from levying any tax on real property except for bonded indebtedness until paid","","","No",1,919,78.82%,1/1,"Adams",
"Related to prohibiting all political subdivisions from levying any tax on real property except for bonded indebtedness until paid","","","Yes",1,247,21.18%,1/1,"Adams",
"Related to prohibiting all political subdivisions from levying any tax on real property except for bonded indebtedness until paid","","","No",1,3441,65.96%,15/15,"Barnes",
"Related to prohibiting all political subdivisions from levying any tax on real property except for bonded indebtedness until paid","","","Yes",1,1776,34.04%,15/15,"Barnes",
"Related to prohibiting all political subdivisions from levying any tax on real property except for bonded indebtedness until paid","","","No",1,1285,67.28%,8/8,"Benson",
"Related to prohibiting all political subdivisions from levying any tax on real property except for bonded indebtedness until paid","","","Yes",1,625,32.72%,8/8,"Benson",
"Related to prohibiting all political subdivisions from levying any tax on real property except for bonded indebtedness until paid","","","No",1,489,76.89%,3/3,"Billings",
"Related to prohibiting all political subdivisions from levying any tax on real property except for bonded indebtedness until paid","","","Yes",1,147,23.11%,3/3,"Billings",
"Related to prohibiting all political subdivisions from levying any tax on real property except for bonded indebtedness until paid","","","No",1,2254,66.88%,5/5,"Bottineau",
"Related to prohibiting all political subdivisions from levying any tax on real property except for bonded indebtedness until paid","","","Yes",1,1116,33.12%,5/5,"Bottineau",
"Related to prohibiting all political subdivisions from levying any tax on real property except for bonded indebtedness until paid","","","No",1,1238,77.47%,4/4,"Bowman",
"Related to prohibiting all political subdivisions from levying any tax on real property except for bonded indebtedness until paid","","","Yes",1,360,22.53%,4/4,"Bowman",
"Related to prohibiting all political subdivisions from levying any tax on real property except for bonded indebtedness until paid","","","No",1,781,75.17%,6/6,"Burke",
"Related to prohibiting all political subdivisions from levying any tax on real property except for bonded indebtedness until paid","","","Yes",1,258,24.83%,6/6,"Burke",
"Related to prohibiting all political subdivisions from levying any tax on real property except for bonded indebtedness until paid","","","No",1,30733,59.90%,30/30,"Burleigh",
"Related to prohibiting all political subdivisions from levying any tax on real property except for bonded indebtedness until paid","","","Yes",1,20572,40.10%,30/30,"Burleigh",
"Related to prohibiting all political subdivisions from levying any tax on real property except for bonded indebtedness until paid","","","No",1,55552,63.87%,34/34,"Cass",
"Related to prohibiting all political subdivisions from levying any tax on real property except for bonded indebtedness until paid","","","Yes",1,31418,36.13%,34/34,"Cass",
"Related to prohibiting all political subdivisions from levying any tax on real property except for bonded indebtedness until paid","","","No",1,1442,74.99%,3/3,"Cavalier",
"Related to prohibiting all political subdivisions from levying any tax on real property except for bonded indebtedness until paid","","","Yes",1,481,25.01%,3/3,"Cavalier",
"Related to prohibiting all political subdivisions from levying any tax on real property except for bonded indebtedness until paid","","","No",1,1800,74.47%,1/1,"Dickey",
"Related to prohibiting all political subdivisions from levying any tax on real property except for bonded indebtedness until paid","","","Yes",1,617,25.53%,1/1,"Dickey",
"Related to prohibiting all political subdivisions from levying any tax on real property except for bonded indebtedness until paid","","","No",1,926,79.21%,4/4,"Divide",
"Related to prohibiting all political subdivisions from levying any tax on real property except for bonded indebtedness until paid","","","Yes",1,243,20.79%,4/4,"Divide",
"Related to prohibiting all political subdivisions from levying any tax on real property except for bonded indebtedness until paid","","","No",1,1638,74.83%,10/10,"Dunn",
"Related to prohibiting all political subdivisions from levying any tax on real property except for bonded indebtedness until paid","","","Yes",1,551,25.17%,10/10,"Dunn",
"Related to prohibiting all political subdivisions from levying any tax on real property except for bonded indebtedness until paid","","","No",1,848,71.02%,3/3,"Eddy",
"Related to prohibiting all political subdivisions from levying any tax on real property except for bonded indebtedness until paid","","","Yes",1,346,28.98%,3/3,"Eddy",
"Related to prohibiting all political subdivisions from levying any tax on real property except for bonded indebtedness until paid","","","No",1,1131,59.75%,5/5,"Emmons",
"Related to prohibiting all political subdivisions from levying any tax on real property except for bonded indebtedness until paid","","","Yes",1,762,40.25%,5/5,"Emmons",
"Related to prohibiting all political subdivisions from levying any tax on real property except for bonded indebtedness until paid","","","No",1,1237,73.46%,1/1,"Foster",
"Related to prohibiting all political subdivisions from levying any tax on real property except for bonded indebtedness until paid","","","Yes",1,447,26.54%,1/1,"Foster",
"Related to prohibiting all political subdivisions from levying any tax on real property except for bonded indebtedness until paid","","","No",1,741,76.95%,1/1,"Golden Valley",
"Related to prohibiting all political subdivisions from levying any tax on real property except for bonded indebtedness until paid","","","Yes",1,222,23.05%,1/1,"Golden Valley",
"Related to prohibiting all political subdivisions from levying any tax on real property except for bonded indebtedness until paid","","","No",1,19450,65.32%,20/20,"Grand Forks",
"Related to prohibiting all political subdivisions from levying any tax on real property except for bonded indebtedness until paid","","","Yes",1,10326,34.68%,20/20,"Grand Forks",
"Related to prohibiting all political subdivisions from levying any tax on real property except for bonded indebtedness until paid","","","No",1,922,71.14%,5/5,"Grant",
"Related to prohibiting all political subdivisions from levying any tax on real property except for bonded indebtedness until paid","","","Yes",1,374,28.86%,5/5,"Grant",
"Related to prohibiting all political subdivisions from levying any tax on real property except for bonded indebtedness until paid","","","No",1,950,75.40%,5/5,"Griggs",
"Related to prohibiting all political subdivisions from levying any tax on real property except for bonded indebtedness until paid","","","Yes",1,310,24.60%,5/5,"Griggs",
"Related to prohibiting all political subdivisions from levying any tax on real property except for bonded indebtedness until paid","","","No",1,942,74.00%,2/2,"Hettinger",
"Related to prohibiting all political subdivisions from levying any tax on real property except for bonded indebtedness until paid","","","Yes",1,331,26.00%,2/2,"Hettinger",
"Related to prohibiting all political subdivisions from levying any tax on real property except for bonded indebtedness until paid","","","No",1,1000,72.20%,6/6,"Kidder",
"Related to prohibiting all political subdivisions from levying any tax on real property except for bonded indebtedness until paid","","","Yes",1,385,27.80%,6/6,"Kidder",
"Related to prohibiting all political subdivisions from levying any tax on real property except for bonded indebtedness until paid","","","No",1,1538,73.87%,4/4,"LaMoure",
"Related to prohibiting all political subdivisions from levying any tax on real property except for bonded indebtedness until paid","","","Yes",1,544,26.13%,4/4,"LaMoure",
"Related to prohibiting all political subdivisions from levying any tax on real property except for bonded indebtedness until paid","","","No",1,739,72.81%,5/5,"Logan",
"Related to prohibiting all political subdivisions from levying any tax on real property except for bonded indebtedness until paid","","","Yes",1,276,27.19%,5/5,"Logan",
"Related to prohibiting all political subdivisions from levying any tax on real property except for bonded indebtedness until paid","","","No",1,1869,69.53%,8/8,"McHenry",
"Related to prohibiting all political subdivisions from levying any tax on real property except for bonded indebtedness until paid","","","Yes",1,819,30.47%,8/8,"McHenry",
"Related to prohibiting all political subdivisions from levying any tax on real property except for bonded indebtedness until paid","","","No",1,944,69.11%,6/6,"McIntosh",
"Related to prohibiting all political subdivisions from levying any tax on real property except for bonded indebtedness until paid","","","Yes",1,422,30.89%,6/6,"McIntosh",
"Related to prohibiting all political subdivisions from levying any tax on real property except for bonded indebtedness until paid","","","No",1,3775,70.80%,11/11,"McKenzie",
"Related to prohibiting all political subdivisions from levying any tax on real property except for bonded indebtedness until paid","","","Yes",1,1557,29.20%,11/11,"McKenzie",
"Related to prohibiting all political subdivisions from levying any tax on real property except for bonded indebtedness until paid","","","No",1,3208,60.37%,6/6,"McLean",
"Related to prohibiting all political subdivisions from levying any tax on real property except for bonded indebtedness until paid","","","Yes",1,2106,39.63%,6/6,"McLean",
"Related to prohibiting all political subdivisions from levying any tax on real property except for bonded indebtedness until paid","","","No",1,2960,66.85%,14/14,"Mercer",
"Related to prohibiting all political subdivisions from levying any tax on real property except for bonded indebtedness until paid","","","Yes",1,1468,33.15%,14/14,"Mercer",
"Related to prohibiting all political subdivisions from levying any tax on real property except for bonded indebtedness until paid","","","No",1,9343,56.48%,17/17,"Morton",
"Related to prohibiting all political subdivisions from levying any tax on real property except for bonded indebtedness until paid","","","Yes",1,7198,43.52%,17/17,"Morton",
"Related to prohibiting all political subdivisions from levying any tax on real property except for bonded indebtedness until paid","","","No",1,2447,62.73%,6/6,"Mountrail",
"Related to prohibiting all political subdivisions from levying any tax on real property except for bonded indebtedness until paid","","","Yes",1,1454,37.27%,6/6,"Mountrail",
"Related to prohibiting all political subdivisions from levying any tax on real property except for bonded indebtedness until paid","","","No",1,1347,78.77%,2/2,"Nelson",
"Related to prohibiting all political subdivisions from levying any tax on real property except for bonded indebtedness until paid","","","Yes",1,363,21.23%,2/2,"Nelson",
"Related to prohibiting all political subdivisions from levying any tax on real property except for bonded indebtedness until paid","","","No",1,667,62.87%,1/1,"Oliver",
"Related to prohibiting all political subdivisions from levying any tax on real property except for bonded indebtedness until paid","","","Yes",1,394,37.13%,1/1,"Oliver",
"Related to prohibiting all political subdivisions from levying any tax on real property except for bonded indebtedness until paid","","","No",1,2132,70.41%,6/6,"Pembina",
"Related to prohibiting all political subdivisions from levying any tax on real property except for bonded indebtedness until paid","","","Yes",1,896,29.59%,6/6,"Pembina",
"Related to prohibiting all political subdivisions from levying any tax on real property except for bonded indebtedness until paid","","","No",1,1363,69.36%,9/9,"Pierce",
"Related to prohibiting all political subdivisions from levying any tax on real property except for bonded indebtedness until paid","","","Yes",1,602,30.64%,9/9,"Pierce",
"Related to prohibiting all political subdivisions from levying any tax on real property except for bonded indebtedness until paid","","","No",1,3367,65.47%,5/5,"Ramsey",
"Related to prohibiting all political subdivisions from levying any tax on real property except for bonded indebtedness until paid","","","Yes",1,1776,34.53%,5/5,"Ramsey",
"Related to prohibiting all political subdivisions from levying any tax on real property except for bonded indebtedness until paid","","","No",1,1810,69.86%,1/1,"Ransom",
"Related to prohibiting all political subdivisions from levying any tax on real property except for bonded indebtedness until paid","","","Yes",1,781,30.14%,1/1,"Ransom",
"Related to prohibiting all political subdivisions from levying any tax on real property except for bonded indebtedness until paid","","","No",1,746,61.96%,5/5,"Renville",
"Related to prohibiting all political subdivisions from levying any tax on real property except for bonded indebtedness until paid","","","Yes",1,458,38.04%,5/5,"Renville",
"Related to prohibiting all political subdivisions from levying any tax on real property except for bonded indebtedness until paid","","","No",1,5694,70.99%,13/13,"Richland",
"Related to prohibiting all political subdivisions from levying any tax on real property except for bonded indebtedness until paid","","","Yes",1,2327,29.01%,13/13,"Richland",
"Related to prohibiting all political subdivisions from levying any tax on real property except for bonded indebtedness until paid","","","No",1,2542,67.18%,5/5,"Rolette",
"Related to prohibiting all political subdivisions from levying any tax on real property except for bonded indebtedness until paid","","","Yes",1,1242,32.82%,5/5,"Rolette",
"Related to prohibiting all political subdivisions from levying any tax on real property except for bonded indebtedness until paid","","","No",1,1417,71.46%,2/2,"Sargent",
"Related to prohibiting all political subdivisions from levying any tax on real property except for bonded indebtedness until paid","","","Yes",1,566,28.54%,2/2,"Sargent",
"Related to prohibiting all political subdivisions from levying any tax on real property except for bonded indebtedness until paid","","","No",1,480,64.95%,1/1,"Sheridan",
"Related to prohibiting all political subdivisions from levying any tax on real property except for bonded indebtedness until paid","","","Yes",1,259,35.05%,1/1,"Sheridan",
"Related to prohibiting all political subdivisions from levying any tax on real property except for bonded indebtedness until paid","","","No",1,490,53.79%,3/3,"Sioux",
"Related to prohibiting all political subdivisions from levying any tax on real property except for bonded indebtedness until paid","","","Yes",1,421,46.21%,3/3,"Sioux",
"Related to prohibiting all political subdivisions from levying any tax on real property except for bonded indebtedness until paid","","","No",1,293,76.30%,3/3,"Slope",
"Related to prohibiting all political subdivisions from levying any tax on real property except for bonded indebtedness until paid","","","Yes",1,91,23.70%,3/3,"Slope",
"Related to prohibiting all political subdivisions from levying any tax on real property except for bonded indebtedness until paid","","","No",1,8949,60.62%,8/8,"Stark",
"Related to prohibiting all political subdivisions from levying any tax on real property except for bonded indebtedness until paid","","","Yes",1,5814,39.38%,8/8,"Stark",
"Related to prohibiting all political subdivisions from levying any tax on real property except for bonded indebtedness until paid","","","No",1,782,78.83%,5/5,"Steele",
"Related to prohibiting all political subdivisions from levying any tax on real property except for bonded indebtedness until paid","","","Yes",1,210,21.17%,5/5,"Steele",
"Related to prohibiting all political subdivisions from levying any tax on real property except for bonded indebtedness until paid","","","No",1,6600,68.64%,9/9,"Stutsman",
"Related to prohibiting all political subdivisions from levying any tax on real property except for bonded indebtedness until paid","","","Yes",1,3015,31.36%,9/9,"Stutsman",
"Related to prohibiting all political subdivisions from levying any tax on real property except for bonded indebtedness until paid","","","No",1,888,80.51%,3/3,"Towner",
"Related to prohibiting all political subdivisions from levying any tax on real property except for bonded indebtedness until paid","","","Yes",1,215,19.49%,3/3,"Towner",
"Related to prohibiting all political subdivisions from levying any tax on real property except for bonded indebtedness until paid","","","No",1,2924,73.30%,12/12,"Traill",
"Related to prohibiting all political subdivisions from levying any tax on real property except for bonded indebtedness until paid","","","Yes",1,1065,26.70%,12/12,"Traill",
"Related to prohibiting all political subdivisions from levying any tax on real property except for bonded indebtedness until paid","","","No",1,3055,69.26%,2/2,"Walsh",
"Related to prohibiting all political subdivisions from levying any tax on real property except for bonded indebtedness until paid","","","Yes",1,1356,30.74%,2/2,"Walsh",
"Related to prohibiting all political subdivisions from levying any tax on real property except for bonded indebtedness until paid","","","No",1,14660,52.69%,16/16,"Ward",
"Related to prohibiting all political subdivisions from levying any tax on real property except for bonded indebtedness until paid","","","Yes",1,13161,47.31%,16/16,"Ward",
"Related to prohibiting all political subdivisions from levying any tax on real property except for bonded indebtedness until paid","","","No",1,1435,64.32%,1/1,"Wells",
"Related to prohibiting all political subdivisions from levying any tax on real property except for bonded indebtedness until paid","","","Yes",1,796,35.68%,1/1,"Wells",
"Related to prohibiting all political subdivisions from levying any tax on real property except for bonded indebtedness until paid","","","No",1,7706,54.35%,24/24,"Williams",
"Related to prohibiting all political subdivisions from levying any tax on real property except for bonded indebtedness until paid","","","Yes",1,6472,45.65%,24/24,"Williams",
"Related to the legalization of cannabis and related regulation.","","","No",1,821,69.22%,1/1,"Adams",
"Related to the legalization of cannabis and related regulation.","","","Yes",1,365,30.78%,1/1,"Adams",
"Related to the legalization of cannabis and related regulation.","","","No",1,3003,56.91%,15/15,"Barnes",
"Related to the legalization of cannabis and related regulation.","","","Yes",1,2274,43.09%,15/15,"Barnes",
"Related to the legalization of cannabis and related regulation.","","","Yes",1,1002,50.81%,8/8,"Benson",
"Related to the legalization of cannabis and related regulation.","","","No",1,970,49.19%,8/8,"Benson",
"Related to the legalization of cannabis and related regulation.","","","No",1,461,70.92%,3/3,"Billings",
"Related to the legalization of cannabis and related regulation.","","","Yes",1,189,29.08%,3/3,"Billings",
"Related to the legalization of cannabis and related regulation.","","","No",1,2165,63.56%,5/5,"Bottineau",
"Related to the legalization of cannabis and related regulation.","","","Yes",1,1241,36.44%,5/5,"Bottineau",
"Related to the legalization of cannabis and related regulation.","","","No",1,1129,69.82%,4/4,"Bowman",
"Related to the legalization of cannabis and related regulation.","","","Yes",1,488,30.18%,4/4,"Bowman",
"Related to the legalization of cannabis and related regulation.","","","No",1,735,70.61%,6/6,"Burke",
"Related to the legalization of cannabis and related regulation.","","","Yes",1,306,29.39%,6/6,"Burke",
"Related to the legalization of cannabis and related regulation.","","","No",1,29101,56.05%,30/30,"Burleigh",
"Related to the legalization of cannabis and related regulation.","","","Yes",1,22815,43.95%,30/30,"Burleigh",
"Related to the legalization of cannabis and related regulation.","","","Yes",1,50651,56.85%,34/34,"Cass",
"Related to the legalization of cannabis and related regulation.","","","No",1,38451,43.15%,34/34,"Cass",
"Related to the legalization of cannabis and related regulation.","","","No",1,1343,68.35%,3/3,"Cavalier",
"Related to the legalization of cannabis and related regulation.","","","Yes",1,622,31.65%,3/3,"Cavalier",
"Related to the legalization of cannabis and related regulation.","","","No",1,1658,68.03%,1/1,"Dickey",
"Related to the legalization of cannabis and related regulation.","","","Yes",1,779,31.97%,1/1,"Dickey",
"Related to the legalization of cannabis and related regulation.","","","No",1,703,59.08%,4/4,"Divide",
"Related to the legalization of cannabis and related regulation.","","","Yes",1,487,40.92%,4/4,"Divide",
"Related to the legalization of cannabis and related regulation.","","","No",1,1419,64.35%,10/10,"Dunn",
"Related to the legalization of cannabis and related regulation.","","","Yes",1,786,35.65%,10/10,"Dunn",
"Related to the legalization of cannabis and related regulation.","","","No",1,769,63.61%,3/3,"Eddy",
"Related to the legalization of cannabis and related regulation.","","","Yes",1,440,36.39%,3/3,"Eddy",
"Related to the legalization of cannabis and related regulation.","","","No",1,1419,73.94%,5/5,"Emmons",
"Related to the legalization of cannabis and related regulation.","","","Yes",1,500,26.06%,5/5,"Emmons",
"Related to the legalization of cannabis and related regulation.","","","No",1,1127,66.14%,1/1,"Foster",
"Related to the legalization of cannabis and related regulation.","","","Yes",1,577,33.86%,1/1,"Foster",
"Related to the legalization of cannabis and related regulation.","","","No",1,672,68.57%,1/1,"Golden Valley",
"Related to the legalization of cannabis and related regulation.","","","Yes",1,308,31.43%,1/1,"Golden Valley",
"Related to the legalization of cannabis and related regulation.","","","Yes",1,16132,52.71%,20/20,"Grand Forks",
"Related to the legalization of cannabis and related regulation.","","","No",1,14475,47.29%,20/20,"Grand Forks",
"Related to the legalization of cannabis and related regulation.","","","No",1,933,71.17%,5/5,"Grant",
"Related to the legalization of cannabis and related regulation.","","","Yes",1,378,28.83%,5/5,"Grant",
"Related to the legalization of cannabis and related regulation.","","","No",1,809,63.45%,5/5,"Griggs",
"Related to the legalization of cannabis and related regulation.","","","Yes",1,466,36.55%,5/5,"Griggs",
"Related to the legalization of cannabis and related regulation.","","","No",1,874,67.65%,2/2,"Hettinger",
"Related to the legalization of cannabis and related regulation.","","","Yes",1,418,32.35%,2/2,"Hettinger",
"Related to the legalization of cannabis and related regulation.","","","No",1,946,68.40%,6/6,"Kidder",
"Related to the legalization of cannabis and related regulation.","","","Yes",1,437,31.60%,6/6,"Kidder",
"Related to the legalization of cannabis and related regulation.","","","No",1,1398,66.51%,4/4,"LaMoure",
"Related to the legalization of cannabis and related regulation.","","","Yes",1,704,33.49%,4/4,"LaMoure",
"Related to the legalization of cannabis and related regulation.","","","No",1,782,76.14%,5/5,"Logan",
"Related to the legalization of cannabis and related regulation.","","","Yes",1,245,23.86%,5/5,"Logan",
"Related to the legalization of cannabis and related regulation.","","","No",1,1786,65.35%,8/8,"McHenry",
"Related to the legalization of cannabis and related regulation.","","","Yes",1,947,34.65%,8/8,"McHenry",
"Related to the legalization of cannabis and related regulation.","","","No",1,941,69.04%,6/6,"McIntosh",
"Related to the legalization of cannabis and related regulation.","","","Yes",1,422,30.96%,6/6,"McIntosh",
"Related to the legalization of cannabis and related regulation.","","","No",1,2803,51.96%,11/11,"McKenzie",
"Related to the legalization of cannabis and related regulation.","","","Yes",1,2592,48.04%,11/11,"McKenzie",
"Related to the legalization of cannabis and related regulation.","","","No",1,3330,61.64%,6/6,"McLean",
"Related to the legalization of cannabis and related regulation.","","","Yes",1,2072,38.36%,6/6,"McLean",
"Related to the legalization of cannabis and related regulation.","","","No",1,2853,63.23%,14/14,"Mercer",
"Related to the legalization of cannabis and related regulation.","","","Yes",1,1659,36.77%,14/14,"Mercer",
"Related to the legalization of cannabis and related regulation.","","","No",1,9163,54.55%,17/17,"Morton",
"Related to the legalization of cannabis and related regulation.","","","Yes",1,7633,45.45%,17/17,"Morton",
"Related to the legalization of cannabis and related regulation.","","","No",1,2008,50.15%,6/6,"Mountrail",
"Related to the legalization of cannabis and related regulation.","","","Yes",1,1996,49.85%,6/6,"Mountrail",
"Related to the legalization of cannabis and related regulation.","","","No",1,977,56.25%,2/2,"Nelson",
"Related to the legalization of cannabis and related regulation.","","","Yes",1,760,43.75%,2/2,"Nelson",
"Related to the legalization of cannabis and related regulation.","","","No",1,758,69.80%,1/1,"Oliver",
"Related to the legalization of cannabis and related regulation.","","","Yes",1,328,30.20%,1/1,"Oliver",
"Related to the legalization of cannabis and related regulation.","","","No",1,1911,62.21%,6/6,"Pembina",
"Related to the legalization of cannabis and related regulation.","","","Yes",1,1161,37.79%,6/6,"Pembina",
"Related to the legalization of cannabis and related regulation.","","","No",1,1357,68.78%,9/9,"Pierce",
"Related to the legalization of cannabis and related regulation.","","","Yes",1,616,31.22%,9/9,"Pierce",
"Related to the legalization of cannabis and related regulation.","","","No",1,2916,55.90%,5/5,"Ramsey",
"Related to the legalization of cannabis and related regulation.","","","Yes",1,2300,44.10%,5/5,"Ramsey",
"Related to the legalization of cannabis and related regulation.","","","No",1,1404,53.51%,1/1,"Ransom",
"Related to the legalization of cannabis and related regulation.","","","Yes",1,1220,46.49%,1/1,"Ransom",
"Related to the legalization of cannabis and related regulation.","","","No",1,781,65.25%,5/5,"Renville",
"Related to the legalization of cannabis and related regulation.","","","Yes",1,416,34.75%,5/5,"Renville",
"Related to the legalization of cannabis and related regulation.","","","No",1,4395,54.05%,13/13,"Richland",
"Related to the legalization of cannabis and related regulation.","","","Yes",1,3736,45.95%,13/13,"Richland",
"Related to the legalization of cannabis and related regulation.","","","Yes",1,2418,61.22%,5/5,"Rolette",
"Related to the legalization of cannabis and related regulation.","","","No",1,1532,38.78%,5/5,"Rolette",
"Related to the legalization of cannabis and related regulation.","","","No",1,1077,53.32%,2/2,"Sargent",
"Related to the legalization of cannabis and related regulation.","","","Yes",1,943,46.68%,2/2,"Sargent",
"Related to the legalization of cannabis and related regulation.","","","No",1,506,67.56%,1/1,"Sheridan",
"Related to the legalization of cannabis and related regulation.","","","Yes",1,243,32.44%,1/1,"Sheridan",
"Related to the legalization of cannabis and related regulation.","","","Yes",1,614,66.09%,3/3,"Sioux",
"Related to the legalization of cannabis and related regulation.","","","No",1,315,33.91%,3/3,"Sioux",
"Related to the legalization of cannabis and related regulation.","","","No",1,295,75.64%,3/3,"Slope",
"Related to the legalization of cannabis and related regulation.","","","Yes",1,95,24.36%,3/3,"Slope",
"Related to the legalization of cannabis and related regulation.","","","No",1,8468,56.62%,8/8,"Stark",
"Related to the legalization of cannabis and related regulation.","","","Yes",1,6489,43.38%,8/8,"Stark",
"Related to the legalization of cannabis and related regulation.","","","No",1,534,53.56%,5/5,"Steele",
"Related to the legalization of cannabis and related regulation.","","","Yes",1,463,46.44%,5/5,"Steele",
"Related to the legalization of cannabis and related regulation.","","","No",1,5503,55.61%,9/9,"Stutsman",
"Related to the legalization of cannabis and related regulation.","","","Yes",1,4393,44.39%,9/9,"Stutsman",
"Related to the legalization of cannabis and related regulation.","","","No",1,709,63.82%,3/3,"Towner",
"Related to the legalization of cannabis and related regulation.","","","Yes",1,402,36.18%,3/3,"Towner",
"Related to the legalization of cannabis and related regulation.","","","No",1,2214,54.65%,12/12,"Traill",
"Related to the legalization of cannabis and related regulation.","","","Yes",1,1837,45.35%,12/12,"Traill",
"Related to the legalization of cannabis and related regulation.","","","No",1,2731,61.40%,2/2,"Walsh",
"Related to the legalization of cannabis and related regulation.","","","Yes",1,1717,38.60%,2/2,"Walsh",
"Related to the legalization of cannabis and related regulation.","","","No",1,14609,51.61%,16/16,"Ward",
"Related to the legalization of cannabis and related regulation.","","","Yes",1,13695,48.39%,16/16,"Ward",
"Related to the legalization of cannabis and related regulation.","","","No",1,1503,66.83%,1/1,"Wells",
"Related to the legalization of cannabis and related regulation.","","","Yes",1,746,33.17%,1/1,"Wells",
"Related to the legalization of cannabis and related regulation.","","","Yes",1,7651,52.20%,24/24,"Williams",
"Related to the legalization of cannabis and related regulation.","","","No",1,7006,47.80%,24/24,"Williams",
