{"type":"FeatureCollection","features":[{"type":"Feature","geometry":{"type":"Polygon","coordinates":[[[-71.210429000444108,41.688009000313848],[-71.208370999654065,41.690598000096372],[-71.222471000371058,41.707679000087083],[-71.225997999975561,41.712241999733109],[-71.226081999641139,41.712345000077434],[-71.226254000068593,41.712552999957147],[-71.226408000054363,41.7127250002262],[-71.22640300003151,41.712633000092787],[-71.226767000079576,41.713047000326874],[-71.226825999630805,41.713113999990988],[-71.22717499961027,41.713511999878932],[-71.22799300011809,41.714443000104453],[-71.229467999678647,41.716122999699628],[-71.231071000184002,41.717947999742037],[-71.235982000010765,41.723537999974219],[-71.243262000073869,41.731832000011892],[-71.245150000086284,41.73397299976488],[-71.247960000363605,41.737171999700848],[-71.249343999687554,41.738743999686797],[-71.252040999986974,41.74181800017972],[-71.253380999828295,41.74333799996014],[-71.25464000037708,41.744771000307843],[-71.254938000302914,41.74511000013036],[-71.255083999892804,41.745274999686984],[-71.256401999992804,41.74677699974869],[-71.257566000107047,41.748094999732132],[-71.261066999772268,41.752082000183719],[-71.261465999980445,41.752252000064388],[-71.262071000052927,41.752508000273096],[-71.263049000394332,41.752924999911215],[-71.26321300042585,41.752994999864583],[-71.263523000047257,41.75312699981783],[-71.263754999850846,41.753225000226948],[-71.263871000201803,41.753275000254895],[-71.264396999733265,41.753497999811685],[-71.264670000443061,41.753615999822671],[-71.265878000039919,41.754127999731637],[-71.265912000375096,41.754141999868082],[-71.266136999607667,41.754237999668618],[-71.270834999897403,41.756236000158772],[-71.277314000069453,41.758987000261612],[-71.27735199970428,41.759003000259085],[-71.277625000414076,41.759118999953564],[-71.278715999835057,41.759582000204091],[-71.280057000399623,41.760150999882029],[-71.280158999608545,41.760194000133119],[-71.281747999870234,41.76086899998699],[-71.281988999894637,41.760970999674939],[-71.282018000206961,41.760983000139987],[-71.282053000367071,41.76099799988058],[-71.282780999564878,41.761306999786562],[-71.283207000435553,41.761487999975088],[-71.283420999797485,41.761579000088041],[-71.283526000277774,41.761624000221381],[-71.284056999832103,41.761853999814448],[-71.284404000161757,41.762005000130287],[-71.28450799991883,41.76204999996488],[-71.284774999882515,41.762164999771052],[-71.285795999881614,41.762596999689599],[-71.286130999617384,41.762738000266587],[-71.289432000164382,41.76413799993324],[-71.289747999633548,41.764271000128637],[-71.289905999817307,41.764337999976497],[-71.290073000221881,41.764408999918949],[-71.290200000443477,41.764461999730429],[-71.290326999766776,41.764515999872607],[-71.294184999807371,41.766147999923618],[-71.294753000069946,41.766388999829644],[-71.295112000095145,41.766540999866386],[-71.297496000400116,41.767552999852732],[-71.297642999814897,41.767615000002962],[-71.297699999716315,41.767638999785682],[-71.297954999984427,41.767745999712659],[-71.298067000137422,41.76779300018773],[-71.298194000359018,41.767847000206402],[-71.299092000334483,41.768226999697461],[-71.302244999845158,41.769559999838023],[-71.303586000409723,41.770127000239263],[-71.303691999816621,41.7701719997374],[-71.30624000015311,41.77124900019377],[-71.306273999589976,41.771271000088689],[-71.307631999872982,41.771854000248823],[-71.308262000059827,41.772119999861246],[-71.308498999886297,41.772221000168194],[-71.308600000168653,41.772263999700037],[-71.308776999720635,41.77233299974548],[-71.309038999661453,41.772449000130408],[-71.30926399979235,41.772545000013082],[-71.309303000150422,41.772560999979561],[-71.310355000111656,41.77300900010038],[-71.310453000020942,41.773049999961138],[-71.310570000196819,41.773099999951917],[-71.311783999641449,41.773614000304256],[-71.314668000436924,41.774837999981827],[-71.316365999580228,41.775558999802122],[-71.317733999908967,41.77614000012764],[-71.317872999826136,41.776199000110743],[-71.317911000359302,41.776168000171822],[-71.318088999736204,41.776023999718696],[-71.318222999630507,41.775913000083804],[-71.319142000420683,41.775157000303651],[-71.319489999676904,41.774871000319692],[-71.319540999730535,41.774830999826762],[-71.319949999984445,41.774510000126106],[-71.320534000140555,41.774049000185428],[-71.320606999935478,41.773999000264411],[-71.321365000168839,41.773484000082924],[-71.321930000058373,41.773099999951917],[-71.322560000245232,41.772672000055834],[-71.322588999659217,41.772651999796715],[-71.322607000100874,41.772640000174263],[-71.322678000246,41.772592000321978],[-71.324522999702381,41.771339000264277],[-71.324603999893256,41.771281000099336],[-71.324716999871171,41.771200999970567],[-71.325007000299379,41.771005999908745],[-71.328655000277706,41.76847800028149],[-71.329106000364405,41.76816700010378],[-71.331222999807366,41.766701000256617],[-71.331735999818349,41.766345000033901],[-71.331996999934262,41.766164999824312],[-71.332658999908148,41.765715000106162],[-71.333941999848093,41.764823999888947],[-71.33523900003172,41.763926999737826],[-71.336781000437725,41.762855000310509],[-71.338476000106283,41.761683000154804],[-71.339851000107728,41.760733999914123],[-71.340956999597324,41.759970999718078],[-71.342108000191089,41.759166999835173],[-71.342232999864549,41.759077999900676],[-71.342395000246256,41.758965000174911],[-71.343012000014312,41.758539999851834],[-71.34333900025247,41.758315999919063],[-71.343582999751632,41.758149999901249],[-71.343961000043407,41.757880999901303],[-71.344069999823347,41.757807000010004],[-71.344643000108789,41.757360999908528],[-71.344790000421895,41.757293000329938],[-71.344853000171085,41.757265000088367],[-71.345161000142653,41.757050999944397],[-71.345587999939909,41.756756999710383],[-71.345642000366567,41.756717999810618],[-71.346530000296298,41.756106000239022],[-71.346593000045488,41.756058999914572],[-71.347181000399544,41.755653999984233],[-71.347289000354579,41.75557299995954],[-71.347614999869492,41.755351000087643],[-71.348236999660429,41.754920000163239],[-71.348877999717942,41.754478000217055],[-71.349190999712377,41.754260000035465],[-71.351476000283157,41.75264900023209],[-71.351494999651408,41.752634999769931],[-71.353897000398049,41.751300999937385],[-71.35508099970545,41.747495999983812],[-71.355296999615518,41.746800999952626],[-71.355525999944362,41.746190000317497],[-71.355597000089489,41.74600099993738],[-71.355638999922277,41.745870000070852],[-71.355786000235383,41.745409000103592],[-71.35581800002241,41.745307999815559],[-71.356587000126453,41.742889999778164],[-71.356997000205254,41.741600999963758],[-71.360196999571613,41.738901000028498],[-71.365207000030864,41.735649000310154],[-71.364560999950498,41.734927999811738],[-71.35689000007514,41.728471999907455],[-71.35507999988053,41.726961999788521],[-71.348359999684078,41.720723999997723],[-71.342585000217042,41.71557700007137],[-71.335052000433961,41.707105999762881],[-71.333869000053156,41.705776000246637],[-71.331314999868866,41.702902000306771],[-71.331315999693786,41.70280000025307],[-71.331407999755299,41.70228100021567],[-71.331647999954797,41.701450999899791],[-71.332015000375918,41.700380000298921],[-71.329924999798834,41.698044000281044],[-71.325666999725144,41.693213000047862],[-71.330970000087376,41.686962000010276],[-71.328975999769753,41.679936000002996],[-71.325903999551613,41.669594999718448],[-71.323716999788445,41.662228999769752],[-71.32182499957807,41.657147999813517],[-71.319292000208506,41.65250200000996],[-71.318240000247258,41.650648000145345],[-71.317109999569894,41.649320000272276],[-71.31553899974989,41.6474050003049],[-71.313647000437825,41.64568100016043],[-71.311464999799227,41.644048000319003],[-71.307055000287889,41.64254499972769],[-71.303468000408941,41.642156000145313],[-71.301048999943887,41.642549999684611],[-71.300279000014953,41.642674999823925],[-71.296524999731417,41.644354000167759],[-71.294379999801052,41.646217999939239],[-71.291688000422809,41.648556999829466],[-71.290060999628011,41.648824000131619],[-71.281993999917518,41.650151000018973],[-71.277724999973174,41.650853999931293],[-71.275727000355914,41.650678000135585],[-71.274779999976658,41.649832000287766],[-71.273437999587188,41.647519999939526],[-71.270203000060746,41.642088999743784],[-71.268048000084633,41.639868000117993],[-71.267196999964838,41.638991000285486],[-71.265899999781212,41.638544000206082],[-71.265380999922442,41.638365999700348],[-71.257038000027435,41.638145999700953],[-71.257016000286143,41.638145000044062],[-71.256728000406056,41.638137000103029],[-71.255262999992937,41.639112999675469],[-71.254378000436262,41.639601999930917],[-71.252913999848062,41.64063100007499],[-71.251373000165273,41.641814000241482],[-71.250137000081011,41.642965999708338],[-71.249068000401351,41.643997000314826],[-71.248854999965999,41.644202000323617],[-71.24777100021771,41.645269999957428],[-71.246551000026997,41.646094000165242],[-71.24490300021408,41.647467000302669],[-71.242415999976942,41.649741000287356],[-71.239638000385,41.652167000085456],[-71.236982000093462,41.654646999688545],[-71.23535000017408,41.656112000006694],[-71.235150999982466,41.656332999788198],[-71.234739000253811,41.656585000120074],[-71.232099999680713,41.659025999942031],[-71.230147000269284,41.660665999830769],[-71.227614000001395,41.66303899996543],[-71.225966000188507,41.66473299981341],[-71.224898000333724,41.665831000289103],[-71.224607999905501,41.666053000166826],[-71.224073000153211,41.666679999695823],[-71.222561999709342,41.668466000085061],[-71.221355999762309,41.670036999925721],[-71.221143000225297,41.670419000116446],[-71.221005999957939,41.671807000213867],[-71.22083799972846,41.67319599969106],[-71.220716000428027,41.675079999997081],[-71.220716000428027,41.675346999716062],[-71.220303999801075,41.675736000156384],[-71.217831999632551,41.678917999719516],[-71.217634000164153,41.679148999998787],[-71.216884000326715,41.680029999981542],[-71.215757000022393,41.681351999981047],[-71.215047000367903,41.682212000095241],[-71.214109000209476,41.683350000143918],[-71.212627999902836,41.685249999998824],[-71.210857999891203,41.687492999677566],[-71.210429000444108,41.688009000313848]]]},"properties":{"NAME":"Bristol County","BASENAME":"Bristol","GEOID":"44001","STATE":"44","COUNTY":"001"}},{"type":"Feature","geometry":{"type":"Polygon","coordinates":[[[-71.116403999741976,41.484568000207673],[-71.117460999726077,41.486470999779243],[-71.118102999608496,41.487526999876003],[-71.121116000275407,41.49278700008756],[-71.121061000023815,41.492866999963574],[-71.119874000343373,41.494604000320095],[-71.119936000267643,41.495079000161013],[-71.120059000291292,41.495483999788547],[-71.120180999591724,41.495836999704316],[-71.120228000345691,41.496142999948297],[-71.120265999980532,41.496270999933763],[-71.120351000369354,41.49655700015412],[-71.120471999844852,41.497076999949506],[-71.120474000393003,41.497085999706073],[-71.120484000438736,41.497136000274587],[-71.120503999631907,41.497232999814116],[-71.120518999700522,41.497300999723791],[-71.120525000446619,41.49732999988121],[-71.120538999792004,41.497367999743076],[-71.120552000210807,41.497400999817437],[-71.120558999883471,41.497421000221323],[-71.120569999754139,41.497448000016703],[-71.120547000187926,41.497492999874872],[-71.120553000035699,41.497531000313884],[-71.1205739999521,41.497650999712498],[-71.120589000020715,41.497736999862376],[-71.120616999609808,41.497900999988161],[-71.120753000052247,41.499609999897338],[-71.121203000314054,41.505434999881288],[-71.121203000314054,41.505447000250257],[-71.121189999895265,41.50577700010718],[-71.12125299964444,41.506300000261859],[-71.121302999873166,41.506722000208931],[-71.121287999804537,41.50709199984437],[-71.121372000368439,41.507615999801253],[-71.121333000010381,41.507706999814751],[-71.121333999835301,41.507722000085614],[-71.121336000383423,41.50777700015211],[-71.12134600042917,41.507889999787345],[-71.12136300014761,41.508094999693746],[-71.121450000186258,41.508631999702118],[-71.121451999836083,41.508646999758682],[-71.121468999554509,41.508782999753983],[-71.121462999706736,41.508803000006196],[-71.12147299975247,41.508928000265293],[-71.121661000073445,41.511354000323308],[-71.121661000073445,41.511366000267891],[-71.121687000012713,41.512406000019361],[-71.121697999883381,41.512542999774723],[-71.121775999701171,41.513509999955744],[-71.12218199958204,41.518759999751296],[-71.12222799961279,41.519388999960697],[-71.122246999879366,41.519593999773072],[-71.122436999850152,41.522075000301179],[-71.12249899977445,41.522554000142193],[-71.123682999980176,41.53161999991611],[-71.124231999976161,41.535828999888146],[-71.124572999559689,41.538432000060389],[-71.125248999777298,41.543607000292582],[-71.125822000062755,41.547995000069882],[-71.126067000285133,41.549870000102104],[-71.126186000110835,41.550792999694842],[-71.126210000400263,41.550970999850769],[-71.126228999768514,41.551117000285068],[-71.126268000126572,41.551419999747317],[-71.126280999647065,41.551509999686743],[-71.126320000005137,41.551772000201417],[-71.126647000243281,41.553865000174447],[-71.126808999726663,41.554901999698941],[-71.126818999772411,41.554975000223628],[-71.126828999818144,41.555054999884376],[-71.126839999688798,41.555141999999705],[-71.126869999826027,41.555382999676695],[-71.126879000046856,41.555460000050715],[-71.126916999681683,41.555767999957304],[-71.126923000427794,41.555810999755487],[-71.12692799955235,41.55585499978514],[-71.127095999781844,41.557208000022634],[-71.127105999827592,41.557296999732053],[-71.127110999850473,41.557330999739733],[-71.127123000444342,41.557429000057262],[-71.127187999843358,41.557955000223558],[-71.127249999767628,41.558472999730661],[-71.127274999881976,41.558654000226355],[-71.12742999969268,41.559911000301668],[-71.127479999921405,41.560312000195047],[-71.127484000119367,41.560343000061408],[-71.127505000035754,41.56051499967856],[-71.12779399974076,41.562846999953329],[-71.127813999832242,41.563005000225736],[-71.12782399987799,41.563091999721593],[-71.127837000296779,41.563202999928102],[-71.128100000062503,41.56532000012205],[-71.128134000397694,41.565591000083636],[-71.128142999720211,41.565659000091514],[-71.129033000198064,41.572778999871453],[-71.12903900004585,41.572894000222476],[-71.129121999886522,41.573567000286921],[-71.129839000112,41.579351999686644],[-71.131558000070029,41.593170000285596],[-71.131619999994314,41.593715999894521],[-71.131816999637792,41.594008999755339],[-71.135765000090089,41.599855000330734],[-71.136233999720133,41.600548999878455],[-71.136764000347881,41.60133399998103],[-71.136905999739781,41.601543999754369],[-71.137608999721564,41.602589000092181],[-71.138182000007006,41.60343200015739],[-71.138346000038553,41.603676000290079],[-71.138423999856357,41.603722999862775],[-71.138976000225398,41.604053000128971],[-71.139671999636178,41.604470999744969],[-71.139763999697678,41.604523999808158],[-71.14030799967081,41.604849999987174],[-71.140418999998886,41.60536300012933],[-71.14060599959663,41.606236000080379],[-71.140800999590311,41.607136000003621],[-71.14115399976771,41.60878800016804],[-71.141440999822905,41.610125999955486],[-71.141574999717207,41.610749000140707],[-71.141638000364708,41.611046000218856],[-71.141666999778707,41.61117900026283],[-71.141958000031835,41.612532999683964],[-71.14194600033629,41.612607999664881],[-71.14192600024478,41.612737999694005],[-71.141744999596526,41.613897999926721],[-71.141655000083148,41.614469000063799],[-71.141573999892287,41.614986999692093],[-71.141415999708542,41.615995999896064],[-71.141291000035068,41.616796999917661],[-71.141040999789809,41.618392999887355],[-71.140619999840339,41.621087000287943],[-71.140521000106133,41.621704999807491],[-71.140203000088832,41.623753000295522],[-71.140184999647161,41.623868999711881],[-71.13989400029233,41.624146000322099],[-71.138898000407593,41.625095999862985],[-71.138715000109485,41.625268000272413],[-71.138479999932855,41.625491000139654],[-71.135514000019924,41.62829400028761],[-71.13530700033067,41.628488000002271],[-71.135302000307817,41.628564999841416],[-71.135156999644536,41.630926000240585],[-71.135001000008927,41.633486999960773],[-71.134830000304717,41.636284999789858],[-71.134672000120958,41.638887999971388],[-71.134665000448251,41.638969000062779],[-71.134600999975859,41.640014999962318],[-71.134590000105192,41.640183000332883],[-71.134587999557056,41.640246000191098],[-71.134575000036577,41.640435999688904],[-71.134554000120175,41.640769999907405],[-71.134529999830747,41.641184000119075],[-71.134514999762118,41.641328000152981],[-71.134510999564171,41.641485000103039],[-71.134456000210903,41.642372000174049],[-71.134451000188008,41.642452000324177],[-71.134448999639886,41.642482999692696],[-71.134446999990061,41.642513999717629],[-71.134399000309486,41.643303000313061],[-71.134354000103627,41.644047000082402],[-71.134345999707719,41.644116999826089],[-71.134193000445151,41.645502999901097],[-71.133814000328471,41.648948000021392],[-71.13376300027484,41.649416999773493],[-71.133349999822968,41.653175999710541],[-71.133256999936549,41.653979999848787],[-71.133169999897916,41.654773999990226],[-71.132983000300172,41.656502999981804],[-71.132953999987848,41.656772999682829],[-71.132938000094327,41.656917999813317],[-71.132922000200793,41.657062000253909],[-71.132899999561161,41.657262000145323],[-71.132873999621907,41.657497999755272],[-71.13285299970552,41.657682999934067],[-71.132733999879832,41.658769999733224],[-71.132717999986298,41.658923000111443],[-71.132688999673974,41.659172999701646],[-71.132667999757587,41.659371999750178],[-71.1326619999098,41.65942500033055],[-71.132659000435069,41.659449000275082],[-71.132656999886919,41.659471000216364],[-71.132654000412202,41.659492000153342],[-71.132646999841185,41.659554999923166],[-71.132624000274973,41.659784999901852],[-71.132605999833316,41.659927999982209],[-71.132596999612474,41.660023000310559],[-71.132564000000528,41.660314999672487],[-71.132557000327822,41.66036300023152],[-71.133056999920015,41.660456999936343],[-71.133283999700737,41.660500999793889],[-71.133730999589474,41.660579000291079],[-71.135045000389866,41.660807000015339],[-71.135724999907112,41.660927999732444],[-71.136232000070308,41.661005999712422],[-71.137412999902978,41.661223000269644],[-71.137431000344648,41.661226000179468],[-71.137772999753096,41.66128599968831],[-71.137893000302014,41.6613069997045],[-71.138085999747545,41.661340999971927],[-71.138371999977807,41.66139300030671],[-71.138541999857111,41.661422999990322],[-71.138905000080271,41.661490999713557],[-71.139069000111817,41.661522999953263],[-71.139948999645611,41.661671999979063],[-71.140311000043852,41.661745999881774],[-71.140387000211831,41.661760999978661],[-71.140485000121117,41.66177899995612],[-71.140962999972004,41.661863999967899],[-71.141072999576863,41.661883999835979],[-71.14188100003895,41.662034000326067],[-71.142271999851204,41.662106999856569],[-71.143054000374022,41.662238000029234],[-71.143210999834537,41.662267000036543],[-71.14421299956706,41.662453999839485],[-71.144635000239774,41.662528000185766],[-71.144723999928232,41.662544000049913],[-71.144851999974748,41.662568000174275],[-71.145139000029928,41.662623000034024],[-71.145868999775885,41.662752999881839],[-71.146950000049458,41.662938999672306],[-71.14711699955572,41.662968000035022],[-71.148064999759882,41.663140999983582],[-71.148798999703814,41.663282000117619],[-71.149351000072869,41.663376000259198],[-71.149886999650064,41.66347599987359],[-71.150324000391379,41.663563000196987],[-71.15055199999702,41.663604000146627],[-71.150997000235932,41.663695000023466],[-71.151049000114469,41.663705999940866],[-71.151935000394374,41.66387199974745],[-71.153405999756956,41.664116999961529],[-71.15360800032164,41.664151000087394],[-71.153631999712758,41.664155999709671],[-71.155220000149512,41.664475000307242],[-71.159110999802095,41.665186000182906],[-71.15930999999371,41.665222000231118],[-71.161707999644065,41.665659000087253],[-71.16177100029158,41.66567100024114],[-71.161827000368064,41.66568099992022],[-71.162120000271031,41.665734999905382],[-71.162347999876673,41.665775999814144],[-71.165179999895287,41.66629300000784],[-71.169488000197688,41.667079000304241],[-71.170725000106842,41.667304000202812],[-71.171035999553169,41.667360999792784],[-71.173817000416463,41.667867999999956],[-71.176031999768725,41.668232999990863],[-71.176119999632277,41.66824799991862],[-71.176090000393373,41.668532000039121],[-71.176082999822356,41.668601000162745],[-71.175989000111016,41.669509000005583],[-71.175963999996654,41.669747999875547],[-71.175928000011652,41.670100000115028],[-71.175835999950152,41.670987000080487],[-71.175829000277446,41.671052000316784],[-71.175819000231698,41.671149999784994],[-71.175809000185964,41.671239000103981],[-71.175808000361073,41.671254999816554],[-71.175800999790056,41.671287999714444],[-71.175784000071602,41.671493000103972],[-71.175882999805808,41.671511000044838],[-71.175950999577864,41.671522999778929],[-71.176128999853091,41.671556000210394],[-71.177455000349042,41.671797999949945],[-71.177553000258342,41.671815999805531],[-71.1776419999468,41.671832000045661],[-71.177728999985433,41.671848000281877],[-71.177788000434987,41.671857999672568],[-71.177915999583178,41.67188199968016],[-71.178021999888387,41.671900999987329],[-71.178118999972781,41.671918999814118],[-71.178541999572076,41.671996999899839],[-71.17897900031339,41.672077000164883],[-71.179821000212357,41.672229999791],[-71.181268000183806,41.672495000335509],[-71.181664000018912,41.672567000289916],[-71.181809999608802,41.672594000084302],[-71.181857000362768,41.672601999772667],[-71.182209999641884,41.672666999720178],[-71.182444999818514,41.672710000165587],[-71.182778999729365,41.672768999918432],[-71.182838000178918,41.67278000029858],[-71.183183999785314,41.672842000026904],[-71.183271999648866,41.67285700022277],[-71.183651999590452,41.672924999948492],[-71.184122999768647,41.673031000226302],[-71.184327999808076,41.67306300009863],[-71.185072999622648,41.673201999736861],[-71.185373999921524,41.673262000163731],[-71.185907999848908,41.673367999886622],[-71.185927000115498,41.673370999901557],[-71.185988000214834,41.673382000178776],[-71.186076999903307,41.673398000029707],[-71.186091000147002,41.673401000043235],[-71.186159999743978,41.673412000315331],[-71.186173000162768,41.673415000328205],[-71.186221999668263,41.67342500014648],[-71.186252999630398,41.673429999719538],[-71.186852999680013,41.673538000065157],[-71.187477999844006,41.673647999783569],[-71.187509999631061,41.673653999787192],[-71.187548999989104,41.673662000014822],[-71.187610999913403,41.673673000242367],[-71.187625000157098,41.673676000243077],[-71.187703999799837,41.673691000244588],[-71.187723000066384,41.673695999796983],[-71.187749999830572,41.673701000019989],[-71.187769999922054,41.673704999795532],[-71.187798000409472,41.673710000017792],[-71.187816999777738,41.673713999792774],[-71.188256000168863,41.673799000152279],[-71.188388000413354,41.673825000326644],[-71.188528999980335,41.673844999834252],[-71.188575999836004,41.673846000279148],[-71.188636999935369,41.673850999819507],[-71.188760999783938,41.673876000199442],[-71.188786999723192,41.67388099973747],[-71.188810000187729,41.673885999946108],[-71.188996999785473,41.673923000270136],[-71.190108000196275,41.674143999985318],[-71.190381000007747,41.674199000021204],[-71.190570999978547,41.674228999776929],[-71.190868000079476,41.674262000163111],[-71.191134000218256,41.674297000066218],[-71.191716999651121,41.674403000097612],[-71.192633999893147,41.674571000030298],[-71.192771999985411,41.674596000130535],[-71.193696999725049,41.674764999990082],[-71.194079000214771,41.674834000142646],[-71.194136000116188,41.674845000169888],[-71.19421899995686,41.674859999898977],[-71.194275999858263,41.674870000163708],[-71.194495999966293,41.674909999865292],[-71.194507999661866,41.67491200005103],[-71.194618999989942,41.674933000319882],[-71.195479000330565,41.675090000227677],[-71.195476999782429,41.675115999880546],[-71.195506000094738,41.67514299994771],[-71.195593999958291,41.675200999730521],[-71.195631999593118,41.675246999752517],[-71.195666999753215,41.675291000238715],[-71.197599999971487,41.677615000001282],[-71.198256999922521,41.678406000132831],[-71.199528000166879,41.679936999682283],[-71.201161999736073,41.681908999918512],[-71.208292000011355,41.690502999941423],[-71.208370999654065,41.690598000096372],[-71.210429000444108,41.688009000313848],[-71.210857999891203,41.687492999677566],[-71.212627999902836,41.685249999998824],[-71.214109000209476,41.683350000143918],[-71.215047000367903,41.682212000095241],[-71.215757000022393,41.681351999981047],[-71.216884000326715,41.680029999981542],[-71.217634000164153,41.679148999998787],[-71.217831999632551,41.678917999719516],[-71.220303999801075,41.675736000156384],[-71.220716000428027,41.675346999716062],[-71.220716000428027,41.675079999997081],[-71.22083799972846,41.67319599969106],[-71.221005999957939,41.671807000213867],[-71.221143000225297,41.670419000116446],[-71.221355999762309,41.670036999925721],[-71.222561999709342,41.668466000085061],[-71.224073000153211,41.666679999695823],[-71.224607999905501,41.666053000166826],[-71.224898000333724,41.665831000289103],[-71.225966000188507,41.66473299981341],[-71.227614000001395,41.66303899996543],[-71.230147000269284,41.660665999830769],[-71.232099999680713,41.659025999942031],[-71.234739000253811,41.656585000120074],[-71.235150999982466,41.656332999788198],[-71.23535000017408,41.656112000006694],[-71.236982000093462,41.654646999688545],[-71.239638000385,41.652167000085456],[-71.242415999976942,41.649741000287356],[-71.24490300021408,41.647467000302669],[-71.246551000026997,41.646094000165242],[-71.24777100021771,41.645269999957428],[-71.248854999965999,41.644202000323617],[-71.249068000401351,41.643997000314826],[-71.250137000081011,41.642965999708338],[-71.251373000165273,41.641814000241482],[-71.252913999848062,41.64063100007499],[-71.254378000436262,41.639601999930917],[-71.255262999992937,41.639112999675469],[-71.256728000406056,41.638137000103029],[-71.257016000286143,41.638145000044062],[-71.257038000027435,41.638145999700953],[-71.265380999922442,41.638365999700348],[-71.265899999781212,41.638544000206082],[-71.267196999964838,41.638991000285486],[-71.268048000084633,41.639868000117993],[-71.270203000060746,41.642088999743784],[-71.273437999587188,41.647519999939526],[-71.274779999976658,41.649832000287766],[-71.275727000355914,41.650678000135585],[-71.277724999973174,41.650853999931293],[-71.281993999917518,41.650151000018973],[-71.290060999628011,41.648824000131619],[-71.291688000422809,41.648556999829466],[-71.294379999801052,41.646217999939239],[-71.296524999731417,41.644354000167759],[-71.300279000014953,41.642674999823925],[-71.301048999943887,41.642549999684611],[-71.303468000408941,41.642156000145313],[-71.307055000287889,41.64254499972769],[-71.311464999799227,41.644048000319003],[-71.313647000437825,41.64568100016043],[-71.31553899974989,41.6474050003049],[-71.317109999569894,41.649320000272276],[-71.318240000247258,41.650648000145345],[-71.319292000208506,41.65250200000996],[-71.32182499957807,41.657147999813517],[-71.323716999788445,41.662228999769752],[-71.325903999551613,41.669594999718448],[-71.328975999769753,41.679936000002996],[-71.330970000087376,41.686962000010276],[-71.352354000167111,41.67888499970779],[-71.354068999927179,41.678165000119094],[-71.35512599991128,41.67750699978717],[-71.355982000053942,41.67678299995891],[-71.356613000065707,41.676269999753735],[-71.358091999824211,41.6742019999974],[-71.359465000175817,41.671828000153724],[-71.36035899995332,41.670405999678202],[-71.360887999857823,41.66987599975829],[-71.361532000288392,41.669191999884475],[-71.363288999881235,41.667937000164237],[-71.365094000052977,41.667027999743695],[-71.367566000221487,41.665875999727646],[-71.371236999766012,41.664294999789902],[-71.373037999739807,41.663630999673636],[-71.373682999995268,41.663392999848874],[-71.374782999637091,41.662764999906166],[-71.375974000413819,41.661403999946238],[-71.376581000136127,41.660294999988295],[-71.378074000138341,41.658956000290146],[-71.378972000113805,41.657976999879473],[-71.37911100003096,41.657665000154033],[-71.379717999753296,41.656458000033446],[-71.380598000185401,41.650553000084031],[-71.380525000390463,41.650475000197403],[-71.380542000108889,41.650325999772875],[-71.38060900005604,41.649677000165852],[-71.380889000438543,41.648454000038129],[-71.38149100013797,41.646454999936878],[-71.381614000161619,41.644331000201106],[-71.38157300015375,41.641935000059654],[-71.381748999880841,41.640560999900998],[-71.381933000003855,41.639027999849752],[-71.383000999858609,41.637037000100726],[-71.384878000000398,41.635281999701647],[-71.386357999583794,41.633900999960161],[-71.386709000111395,41.631605000188152],[-71.386464999713922,41.630704999916382],[-71.385991999885903,41.629064000214818],[-71.385519000057883,41.628027000192965],[-71.385168000428607,41.626523999972136],[-71.385192999644644,41.62510099983065],[-71.386196000100398,41.621742999804134],[-71.386454999668175,41.620875999732483],[-71.386308000253408,41.613132999776433],[-71.386308000253408,41.610198999867961],[-71.387442000230408,41.60367299971594],[-71.387621000330554,41.602648000258341],[-71.387757999699588,41.602129000077639],[-71.387864999829716,41.601450000087468],[-71.387833999867567,41.600953999677593],[-71.387864999829716,41.600312999946262],[-71.387848999936196,41.599549999762004],[-71.387848999936196,41.599267999698021],[-71.387787999836817,41.598733999888452],[-71.387818999798967,41.598078000135388],[-71.387818999798967,41.597979000067731],[-71.387726999737453,41.597521000010758],[-71.387682000429919,41.597025000305088],[-71.387636000399155,41.596757999734521],[-71.387560000231176,41.596277000101054],[-71.387590000368405,41.59569700003285],[-71.387468000169676,41.595194000173677],[-71.387514000200426,41.594721000259909],[-71.387468000169676,41.594178999757354],[-71.387392000001682,41.593812999766463],[-71.387376000108162,41.593446999715724],[-71.387437000207541,41.593088000078332],[-71.387437000207541,41.592691000166255],[-71.387514000200426,41.59228699994064],[-71.387575000299805,41.592028000213659],[-71.387590000368405,41.591828999803113],[-71.387787999836817,41.591439999899357],[-71.388017000165661,41.590967000022431],[-71.388352999726337,41.59018099973111],[-71.388765000353303,41.589220000050879],[-71.389314000349302,41.587853999994522],[-71.389634999841348,41.586809000261965],[-71.390030999676483,41.585756000020289],[-71.390321000104706,41.585100000061701],[-71.390550000433564,41.584322000134648],[-71.390671999733968,41.584009000139979],[-71.39087099992561,41.583597000019346],[-71.390998000147221,41.583201000035189],[-71.393603000385127,41.575746000010426],[-71.394296000321177,41.573436999973083],[-71.395754000163279,41.568581999875455],[-71.397417999869702,41.562578000221507],[-71.398699000159795,41.55680100023546],[-71.399505999898665,41.548039999750159],[-71.400576000301584,41.53643199981294],[-71.401331000161903,41.528231999753089],[-71.401338999659487,41.52814999982278],[-71.401384999690237,41.527650999908971],[-71.401398999933946,41.527501000185204],[-71.401156000259704,41.518930000047156],[-71.401095000160325,41.517740000032909],[-71.40147699975175,41.51611499994133],[-71.402513999644384,41.514085999817922],[-71.403659000390363,41.5127959998227],[-71.404482999847659,41.512010000308955],[-71.406024000428758,41.510561000120262],[-71.406409000393211,41.510240999996917],[-71.408311999575929,41.508661000167073],[-71.409991000249292,41.506693000220864],[-71.411598999879232,41.504500999995024],[-71.413026999584105,41.498689999965848],[-71.412645999817599,41.497553000309985],[-71.411958999729336,41.495843999948129],[-71.410967999867452,41.493578000214512],[-71.410555000313892,41.492424999968833],[-71.410387999909332,41.491959999877828],[-71.41014400041017,41.491043999955743],[-71.408849999701289,41.486192000054771],[-71.408398999614576,41.484500999735069],[-71.408251000374875,41.483042000004787],[-71.407823999679309,41.48071600018023],[-71.40774800040964,41.478212999787857],[-71.408432999949767,41.472487999819549],[-71.408464999736793,41.472224000211625],[-71.408778999556176,41.470123999826882],[-71.409044999694942,41.468340999993799],[-71.409099000121614,41.468201999756992],[-71.412783999909863,41.462674000287734],[-71.417268999764261,41.455946999790918],[-71.421899000281954,41.449002000133753],[-71.422767000120174,41.447682999952029],[-71.429139000162081,41.437998000109488],[-71.429398999554763,41.43760200012423],[-71.432026000432288,41.432235999932821],[-71.436265000239388,41.423578000287023],[-71.440853999850873,41.414204999790599],[-71.445800999662623,41.404101000169298],[-71.454338999551311,41.386663000085903],[-71.456727000054244,41.381785000109929],[-71.459999000288917,41.375102000195369],[-71.467328999682408,41.3651119998787],[-71.473741999732212,41.356372000022091],[-71.474321999690332,41.355677999824472],[-71.474648000103585,41.355253000043611],[-71.474826000378812,41.355020999976084],[-71.475557999774594,41.354158999805726],[-71.476275000000101,41.353304999818739],[-71.476793999858856,41.35268699998349],[-71.477526000152949,41.351946999914794],[-71.478198000172611,41.351321000296487],[-71.478609999901252,41.350923999868911],[-71.47931200005813,41.350504999754051],[-71.479753999924,41.350177000210969],[-71.480241999820635,41.349802999829905],[-71.480699999580025,41.349414000199531],[-71.481097000138391,41.349071000003164],[-71.481784000226639,41.34871199997567],[-71.48189899985438,41.348601999713814],[-71.482019000403298,41.348536999962185],[-71.506601000199538,41.312600999872757],[-71.509442000438995,41.30773199975954],[-71.50661000042038,41.307355999828459],[-71.49934500042589,41.307354999780898],[-71.4948050003199,41.307354999780898],[-71.489356000367806,41.308801999941323],[-71.482996000021458,41.310974000010113],[-71.479876000122744,41.312598999938523],[-71.37449499975699,41.339010999768362],[-71.258257000393257,41.375077999736469],[-71.249959999630704,41.377713000263107],[-71.124594000374401,41.411474000117394],[-71.119321999974318,41.413321000039872],[-71.103980000223601,41.421956999779582],[-71.088570999627436,41.431314999762186],[-71.115431000321763,41.482705999781643],[-71.116403999741976,41.484568000207673]]]},"properties":{"NAME":"Newport County","BASENAME":"Newport","GEOID":"44005","STATE":"44","COUNTY":"005"}},{"type":"Feature","geometry":{"type":"Polygon","coordinates":[[[-71.544806999613414,41.601993000204644],[-71.543884000421926,41.60201599982792],[-71.543793000185318,41.602018000262056],[-71.533326000276347,41.602275999993381],[-71.533280000245597,41.602277000206456],[-71.531379999639299,41.602322999914122],[-71.529265999671082,41.602375999726462],[-71.528304999946428,41.602406000019187],[-71.527930000027709,41.602417999863668],[-71.522769999780607,41.60255000002104],[-71.52242900019705,41.602566000001381],[-71.522076000019652,41.602583000186094],[-71.520710000239049,41.602616999870335],[-71.520490999955925,41.60261600033428],[-71.520446999575,41.60261600033428],[-71.520295000137367,41.602616999870335],[-71.519386000291249,41.60262299977326],[-71.517761000044558,41.602628999675581],[-71.515750000008509,41.602628000139767],[-71.510711999960137,41.602625000188574],[-71.506514999985811,41.60262299977326],[-71.499588000100132,41.602647000051022],[-71.498517999697214,41.602655999900989],[-71.498404999719327,41.60265499969379],[-71.498095000097919,41.602652999951154],[-71.497850999700447,41.602651000208404],[-71.496459999805509,41.602639999942944],[-71.495838000014558,41.602635999784887],[-71.495697000447578,41.602634000041611],[-71.495540999913644,41.602632999834121],[-71.494662000204769,41.602626999932134],[-71.494466000386169,41.602625000188574],[-71.491614000276073,41.602603000318624],[-71.49124500020514,41.602599999694583],[-71.490892000027713,41.602596999742147],[-71.490538000025381,41.602594999997663],[-71.490141000365355,41.602592000044993],[-71.488450999821325,41.602579000024491],[-71.48780999976384,41.602574000325951],[-71.486070999714343,41.602567999746775],[-71.485453000121353,41.602566000001381],[-71.485361000059854,41.602574000325951],[-71.485272000371381,41.602583000186094],[-71.484427000099373,41.602590999836806],[-71.484453999863561,41.603678000001061],[-71.484458000061508,41.60373900022401],[-71.484581000085171,41.604630999980493],[-71.484649999682148,41.605367000118349],[-71.484786000124586,41.606826000223492],[-71.484863000117471,41.607650000235097],[-71.484965000224733,41.608671999819954],[-71.485031000346964,41.609339999916081],[-71.485092000446329,41.609960000021935],[-71.485137999578768,41.610414000105386],[-71.485283000242049,41.611832999686392],[-71.485390000372163,41.611916999711084],[-71.485450999573217,41.612023000321699],[-71.485419999611082,41.612158999874254],[-71.485378999603199,41.612418000081085],[-71.485386000174216,41.612433000245339],[-71.485371000105587,41.612492000141067],[-71.485402999892642,41.612571999765549],[-71.48544300007562,41.612631000205781],[-71.485460999618951,41.61269200002365],[-71.485436000402913,41.612754999885077],[-71.485398999694681,41.612817000306947],[-71.485383999626066,41.612872000327989],[-71.485402999892642,41.612929999774337],[-71.485450999573217,41.612973999852159],[-71.485537999611864,41.612986999793129],[-71.485652000312982,41.612985999746087],[-71.485765000290883,41.612986999793129],[-71.485873000245931,41.612999999731429],[-71.485985000398927,41.613030999832077],[-71.486069000064504,41.613070000284189],[-71.486147999707228,41.613122999999746],[-71.486214999654379,41.613184000023928],[-71.486273000278999,41.613240999818274],[-71.486331999830242,41.613275999973389],[-71.486413000021102,41.613288999853488],[-71.486510999930388,41.613296000149418],[-71.486623999908289,41.613300000318226],[-71.486746000107019,41.613316000319315],[-71.486850999689011,41.613345000185156],[-71.486925000207179,41.613380000283826],[-71.487004999674795,41.613407000039984],[-71.487094000261578,41.613430999664452],[-71.487174999554099,41.613459000110566],[-71.487279000209497,41.613460000150212],[-71.487357999852208,41.613427000175399],[-71.487443000241029,41.613444000184892],[-71.487502999617163,41.613486999872883],[-71.487515000211033,41.613535999763513],[-71.487479000226031,41.613590999843133],[-71.487418999951586,41.613654000169731],[-71.487356000202396,41.613720999905922],[-71.487285999882175,41.613786000174876],[-71.487223000132985,41.613847000243751],[-71.487177999927155,41.613910999681408],[-71.487161000208715,41.613979999885537],[-71.487194999645595,41.614037000319726],[-71.487264000140883,41.614069999982462],[-71.487355000377491,41.614095000061731],[-71.487455999761494,41.614121000160722],[-71.487546000173197,41.614153999780527],[-71.487609999747292,41.614200999779705],[-71.487630999663693,41.614265000209372],[-71.48763200038691,41.614335000060947],[-71.487608999922372,41.614404999836559],[-71.487567000089598,41.614479000303454],[-71.487558999693661,41.614554000036584],[-71.487567000089598,41.614629999704071],[-71.487558999693661,41.614700999851564],[-71.48755600021893,41.614768999862804],[-71.487568999739409,41.614829000326758],[-71.487613000120348,41.614878999887203],[-71.487685999915271,41.614916999876478],[-71.487764999557982,41.614944000332443],[-71.487830999680227,41.614986999692093],[-71.487887999581631,41.615041999877626],[-71.487943999658128,41.615100000059165],[-71.488004999757507,41.615169000334525],[-71.488030999696761,41.615213000228259],[-71.488035999719642,41.615272000267638],[-71.488020999651027,41.615337000316821],[-71.487998999909735,41.615400000281298],[-71.48796499957453,41.615456000123423],[-71.487911999871073,41.615502999845475],[-71.487844000099017,41.615535000093928],[-71.487777000151851,41.615564000305334],[-71.487724000448424,41.615627000048072],[-71.487771000304079,41.615729999921399],[-71.487825999657346,41.615790000162995],[-71.487889000304861,41.615853999687538],[-71.48794700003117,41.615923999829391],[-71.488039000092698,41.616047999894207],[-71.488065000031952,41.616105999842702],[-71.488076999727511,41.616173999715848],[-71.488070000054833,41.616252000153708],[-71.488039000092698,41.616333999806237],[-71.487988999863973,41.616411000056601],[-71.487926000114783,41.616490000200571],[-71.487854000144765,41.616567000264702],[-71.487788000022519,41.616639000285133],[-71.487726000098249,41.616708000257276],[-71.487663000349059,41.616773000202429],[-71.487591000379027,41.616830000183114],[-71.487515000211033,41.616880000207161],[-71.487440999692893,41.616904999868822],[-71.487361000225263,41.616895000005307],[-71.487279000209497,41.616855999851211],[-71.487196000368812,41.616798999893561],[-71.487116999827791,41.616735999952404],[-71.487048000230814,41.616684999827029],[-71.487004999674795,41.616667000010224],[-71.48697000041301,41.616653000149199],[-71.486873000328615,41.616637000304323],[-71.486762000000553,41.616650000178595],[-71.486650999672463,41.616689999775282],[-71.486534000394911,41.616739999907871],[-71.486413999845993,41.616786000049331],[-71.486290999822359,41.616828000208223],[-71.486172999821576,41.61686899968133],[-71.486069999889423,41.616902999896261],[-71.486001000292433,41.616935000121664],[-71.486008999790045,41.617050999714323],[-71.486065999691462,41.617123999848886],[-71.486139000384696,41.617199999846029],[-71.48621300000454,41.61727899969511],[-71.486273000278999,41.617360000077468],[-71.486310000088935,41.617447000225575],[-71.486304000241162,41.61753400025632],[-71.486267000431226,41.617629999945621],[-71.486234999745847,41.617731000031164],[-71.486212000179634,41.617836999817811],[-71.48619999958575,41.617892000259374],[-71.486192000088153,41.617946000012303],[-71.486188999715097,41.618000999689322],[-71.486190000438327,41.618055000022615],[-71.486190000438327,41.618171000287084],[-71.486191000263233,41.618231000272587],[-71.486196000286114,41.618291000202227],[-71.486207999981673,41.618351000076039],[-71.486224999700113,41.618409999931146],[-71.486244999791609,41.618465999846073],[-71.486264000058185,41.618521999712442],[-71.48628199960153,41.618581000082621],[-71.486299000218281,41.618637999808506],[-71.486316999761627,41.618695000155583],[-71.486326999807375,41.618731999953312],[-71.486334000378378,41.618759000155364],[-71.48629500002032,41.61884399984698],[-71.486288000347614,41.61889800014594],[-71.486303000416243,41.618942000181995],[-71.486299000218281,41.619009999751327],[-71.486279000126785,41.61906399991129],[-71.486244999791609,41.619090999974297],[-71.486172999821576,41.619066999769622],[-71.486158999577881,41.619089000069522],[-71.486142999684347,41.619152999678249],[-71.486208999806593,41.619183000228539],[-71.486233999920955,41.619241000043935],[-71.48621300000454,41.619300999705494],[-71.486198999760859,41.619355000293361],[-71.486197000111034,41.619419000309733],[-71.486196000286114,41.619496000234705],[-71.486194999562869,41.61957499995755],[-71.486182999867324,41.619629000315989],[-71.486146999882308,41.619704000104534],[-71.486110999897292,41.61977400009706],[-71.486073000262465,41.619832999993413],[-71.486017000185967,41.619874000242454],[-71.485950000238816,41.619900999966383],[-71.485873000245931,41.619932000108015],[-71.485814999621297,41.619986000167465],[-71.485710000039319,41.619973000294067],[-71.485627000198619,41.619970999745085],[-71.485571000122135,41.620012999844505],[-71.485510999847662,41.620056999791373],[-71.485429999656816,41.620095000087595],[-71.485345000166319,41.620132999689915],[-71.485260999602431,41.620176000290904],[-71.485185000332763,41.620221000061441],[-71.485115000012541,41.620265999800544],[-71.485047000240499,41.620314999913518],[-71.484992999813812,41.620361000191288],[-71.48495400035408,41.620411000164026],[-71.484919000193983,41.620471000080144],[-71.484884000033873,41.62054299977143],[-71.484856000444793,41.620595000132738],[-71.484822999934494,41.620645999852336],[-71.484771000055972,41.620712999712303],[-71.484724000200302,41.620773999945243],[-71.484684999842244,41.620828999896638],[-71.484646000382497,41.620880000102723],[-71.484601000176653,41.620940000253981],[-71.484556999795728,41.620996999909465],[-71.484508000290248,41.621058999795643],[-71.484457000236617,41.621124000056405],[-71.484417999878545,41.62117400010905],[-71.484379000418812,41.621227999800084],[-71.484338000410929,41.621285999790921],[-71.484302000425927,41.621345000318527],[-71.484269999740548,41.621406999870125],[-71.484227999907759,41.621461000037549],[-71.484175000204303,41.621503999753024],[-71.48412099977763,41.62154600019705],[-71.484067000249269,41.621587000028541],[-71.484007999799729,41.621624000181619],[-71.483939000202767,41.62165299966972],[-71.483868000057655,41.621677000255083],[-71.483751999706698,41.621697999752634],[-71.483698000178336,41.621664999963521],[-71.483702000376297,41.621610000053593],[-71.483725999767415,41.621538000210535],[-71.483721999569454,41.62147999977482],[-71.483682000284801,41.621406999870125],[-71.483600000269035,41.62137300001509],[-71.483497000336868,41.621374999849088],[-71.483402999727218,41.621411000207431],[-71.483339000153137,41.621471999780113],[-71.483305999642852,41.62154700011137],[-71.483297000320349,41.621603999901858],[-71.483293000122387,41.621665999875987],[-71.483293999947279,41.621726999878945],[-71.483302000343201,41.621786000003119],[-71.48331800023675,41.621847999802206],[-71.483334000130256,41.621912999939212],[-71.483355000046657,41.62197600019541],[-71.483355000046657,41.622057999957022],[-71.483320999711466,41.622117999683752],[-71.483241000243837,41.622148000197726],[-71.483170000098724,41.62215999972787],[-71.483093999930745,41.622172999831875],[-71.48301699993786,41.622191000126577],[-71.482915999655503,41.622221999838906],[-71.482851000256503,41.622249999826209],[-71.482789000332218,41.622283999890335],[-71.48273499990556,41.62232699972855],[-71.482693000072757,41.622376000290096],[-71.482662000110608,41.622454999842425],[-71.482648999691833,41.622511000274017],[-71.482635000346434,41.622572000149212],[-71.482612999706816,41.622638000125306],[-71.482592999615321,41.622710000083224],[-71.482575999896881,41.622783999751],[-71.482565999851147,41.622858000005387],[-71.48256300037643,41.622925000253176],[-71.482554000155588,41.622983000060721],[-71.482462000094074,41.623115999665472],[-71.482442999827512,41.623191000099204],[-71.482421999911111,41.623269999996111],[-71.482442999827512,41.623321000286126],[-71.482491000406398,41.623366999762638],[-71.482512000322785,41.623421000303303],[-71.482474999614539,41.62347000003345],[-71.482462000094074,41.623516999958923],[-71.482482000185556,41.623579999991051],[-71.48241699988823,41.623609999824779],[-71.482319999803849,41.623630000153874],[-71.482233999590122,41.623625000072195],[-71.482174000213988,41.623591000043632],[-71.482114999764434,41.623546999822011],[-71.482022999702934,41.6235330001115],[-71.481953000281038,41.623545999938713],[-71.481897000204555,41.623562999967099],[-71.481855000371752,41.623584000193503],[-71.481850000348871,41.623674000318857],[-71.481874999564909,41.623719000334447],[-71.481851999998696,41.62372700005038],[-71.481810999990827,41.623737000197586],[-71.48173800019589,41.62376899971801],[-71.481627999692719,41.623782000169214],[-71.481529999783433,41.623789999877332],[-71.481324999744018,41.623803000324244],[-71.480815999930982,41.623877000080725],[-71.480654000447586,41.62391400026285],[-71.480578000279621,41.623932000071555],[-71.480475000347454,41.623955999808672],[-71.480378000263073,41.623976999907093],[-71.480303999744905,41.623997000122344],[-71.480235999972862,41.624020999835281],[-71.480167000375886,41.6240599996855],[-71.480103999728371,41.62410699985238],[-71.480060000245771,41.624159000025763],[-71.480018000412983,41.624224999720482],[-71.479984999902683,41.624277999670625],[-71.479958000138495,41.6243320001198],[-71.479922999978399,41.624390999874961],[-71.479839000312822,41.624451999986164],[-71.479769999817535,41.624477999938954],[-71.47935800008888,41.624200000210308],[-71.476301999764274,41.626037000235208],[-71.476127999687009,41.626140000269835],[-71.476023000105016,41.626204000267101],[-71.476007000211482,41.626214000030139],[-71.471909999796296,41.628677999918473],[-71.471319999792414,41.629075999800826],[-71.471744000114924,41.629990000312063],[-71.4718899997048,41.630365999678332],[-71.471960999849912,41.630548999665827],[-71.472092000269484,41.630897999992307],[-71.47253499996026,41.632076999873476],[-71.472523000264701,41.632086000317585],[-71.472453999769414,41.63214300019137],[-71.472394000393265,41.632199000265622],[-71.472336999593537,41.63224200020575],[-71.472267000171655,41.632296999774987],[-71.472242000057307,41.632349000057062],[-71.47223799985936,41.632488000295233],[-71.472228999638517,41.632557000094472],[-71.472210000270252,41.632624000334808],[-71.472176999759981,41.632687999938163],[-71.472134999927192,41.632747000103706],[-71.472077000200855,41.632796000131869],[-71.472001999857781,41.632840000084322],[-71.471917000367313,41.6328799997098],[-71.471822999757649,41.632914000211258],[-71.47171800017567,41.632945000139387],[-71.471611999870461,41.632975000315533],[-71.471520999633853,41.633001999925014],[-71.471445000364199,41.63302700005066],[-71.471373000394181,41.633050000023424],[-71.471302000249068,41.633080000150699],[-71.471238999601553,41.633120000298717],[-71.47118199970015,41.633164999764105],[-71.471134000019561,41.633207999731198],[-71.471081000316119,41.633249000204017],[-71.470999000300353,41.633282999839416],[-71.470903000040892,41.633319000263207],[-71.470806999781416,41.633362000127576],[-71.47072200029092,41.633417000084023],[-71.470651999970727,41.633476000253737],[-71.470590000046428,41.63353800022594],[-71.470529999771998,41.633598000012277],[-71.470475000418716,41.633661000265022],[-71.47042699983983,41.633728000029201],[-71.470379999984161,41.633799999688193],[-71.470268999656071,41.633947999667171],[-71.470212999579573,41.634011000249188],[-71.470109999647406,41.634146000042087],[-71.470057999768883,41.634207000323279],[-71.470016999761,41.634255000195765],[-71.469964000057558,41.634305000136827],[-71.469904999608019,41.634355999754767],[-71.469845000231857,41.634407000003776],[-71.469805999873813,41.634437999885243],[-71.469786999607237,41.634453000299033],[-71.469727000231089,41.634498999890091],[-71.469666000131724,41.634536000018983],[-71.469567000397518,41.634563000317435],[-71.469461000092295,41.63456600012605],[-71.469386999574155,41.634573000126679],[-71.469304999558389,41.634587999837642],[-71.469215999869931,41.634596000219204],[-71.469121000333672,41.634596000219204],[-71.469034000295039,41.634596000219204],[-71.468960999601805,41.634592999740519],[-71.468870000263522,41.634585000030008],[-71.468787000422836,41.634568999934572],[-71.468702000034014,41.634545000119743],[-71.468614000170476,41.634517000100637],[-71.468552000246206,41.634491000167912],[-71.468464000382653,41.634442000085478],[-71.468403000283288,41.634397000168782],[-71.468372000321139,41.634374000005245],[-71.468334999612907,41.634345000196028],[-71.46826600001593,41.634291000076693],[-71.46820300026674,41.634241999842168],[-71.468141000342456,41.634207000323279],[-71.468076999870036,41.634165000069842],[-71.468008000273073,41.634143999932839],[-71.467927999907133,41.634148000151278],[-71.467844000241541,41.634165000069842],[-71.467742999959199,41.634196999785836],[-71.467650000072766,41.634222000119415],[-71.467610999714722,41.634231000264016],[-71.467542000117746,41.634248000160653],[-71.467456999728924,41.634277999730351],[-71.467388000131947,41.634308999673905],[-71.467326000207677,41.634376999822713],[-71.467284000374889,41.634426999669124],[-71.467198000161162,41.634470000137163],[-71.467108999574393,41.6344969997918],[-71.467048000373339,41.634540000213143],[-71.466997000319708,41.634596000219204],[-71.466952000113864,41.634659000167808],[-71.466901999885152,41.634724000146242],[-71.466845999808655,41.634782999790957],[-71.466798999952985,41.634842000053077],[-71.46675000044749,41.634895999710835],[-71.46669299964779,41.634942000328515],[-71.466562999951449,41.635018000138686],[-71.466511000072899,41.635063000293229],[-71.466471999714841,41.635118000141063],[-71.466433000255108,41.635179000173714],[-71.466389999699075,41.635245000000999],[-71.466350000414423,41.635310000059832],[-71.466325000300074,41.635375000053116],[-71.466307999683323,41.635437999911694],[-71.466245999759039,41.635488000277867],[-71.466162999918367,41.635524000141523],[-71.466065000009067,41.635546999894643],[-71.465966000274861,41.635577000202538],[-71.465881999710959,41.635608000192732],[-71.465813999938916,41.63564600005202],[-71.465741999968884,41.635683000193879],[-71.465665999800891,41.635712999767129],[-71.465586000333261,41.635731000309981],[-71.465510999990201,41.635760000166954],[-71.465448000241011,41.635795999878688],[-71.465394999639244,41.635863000109218],[-71.465345000308844,41.635911999782763],[-71.465286999684224,41.635961000090447],[-71.465217000262328,41.63601300010221],[-71.465146000117215,41.636063999711453],[-71.465083000368026,41.636104000021824],[-71.465018999895605,41.636132999710973],[-71.464957999796241,41.63616699983924],[-71.464896999696876,41.636202000308018],[-71.464798999787575,41.636235000042021],[-71.464725999992652,41.63624599994958],[-71.464648999999767,41.636267999759085],[-71.464576000204829,41.636295999688919],[-71.464511999732395,41.636327000004641],[-71.464454999830991,41.636358000305499],[-71.464385000409109,41.636399000117343],[-71.464311999715861,41.636448999738001],[-71.464238999920937,41.636481000334186],[-71.464158999554982,41.636522000067842],[-71.464094999980901,41.636551000240296],[-71.464022000185949,41.636570000230442],[-71.463949000391011,41.636576000332205],[-71.463850999583414,41.63657400029831],[-71.463768999567648,41.636570000230442],[-71.463682000427326,41.636560000059632],[-71.463600000411574,41.636545999817919],[-71.463524000243581,41.636537999678403],[-71.463436000380028,41.636543999783143],[-71.463372999732528,41.636581999761972],[-71.463320000029071,41.636640000039897],[-71.463296999564548,41.636690999824388],[-71.463273000173416,41.636753000060928],[-71.463251000432095,41.636817000264244],[-71.463231000340627,41.636880999732611],[-71.463222000119785,41.636909999743537],[-71.463212000074051,41.636942999786385],[-71.463187999784594,41.637010000167322],[-71.463160000195515,41.637074000115376],[-71.463125999860324,41.637138999672452],[-71.463089000050388,41.637205000178156],[-71.463044999669464,41.63726899993258],[-71.463032000148999,41.637287999711063],[-71.463002000011755,41.637331000284519],[-71.462962999653698,41.637400999938777],[-71.462935000064618,41.637467999843544],[-71.462914999973123,41.637528999666223],[-71.462892000406896,41.637582999758251],[-71.462862000269681,41.637632999803081],[-71.462829999584315,41.637684999808556],[-71.462787999751527,41.637756000084011],[-71.462757999614283,41.637819999962652],[-71.462730999850109,41.637875999804358],[-71.462690999667132,41.637944000218091],[-71.462664999727863,41.637997000303208],[-71.462628999742861,41.638066000247363],[-71.462593999582765,41.63811999988939],[-71.462556999772829,41.63817299982977],[-71.462530999833561,41.638227000053568],[-71.462524999985774,41.638254999803657],[-71.462466000434546,41.638326999776567],[-71.462354000281564,41.638380000218085],[-71.46224700015145,41.638363000068551],[-71.462211999991339,41.638357000133148],[-71.462181000029204,41.638349999872162],[-71.462108000234267,41.638332999714756],[-71.462022999845445,41.638310999938746],[-71.461931999608851,41.63828700017455],[-71.461835000422795,41.638264000056417],[-71.461740999813145,41.638242999912244],[-71.461648999751645,41.638215000156947],[-71.461576999781613,41.638186999718116],[-71.461500999613619,41.638156999953708],[-71.461432999841577,41.638129999818148],[-71.461350999825811,41.638084999790884],[-71.461294999749313,41.638023999823076],[-71.46125399974143,41.637978999721796],[-71.461186999794279,41.637918999985452],[-71.461108000151569,41.637879999791174],[-71.46100299967128,41.637887999764096],[-71.460932000424449,41.637918000325037],[-71.460867999952058,41.637952999842909],[-71.460797999631851,41.63798699968244],[-71.46071899998914,41.638021000175407],[-71.460635000323549,41.638062000272093],[-71.460551999584538,41.638100000027265],[-71.460461000246269,41.638117999903464],[-71.460359999963941,41.63811999988939],[-71.460252000008907,41.638117999903464],[-71.460153000274701,41.638115999917467],[-71.460068999710799,41.638113000274032],[-71.459974999999474,41.638113000274032],[-71.459902000204522,41.638109000301675],[-71.45981799964062,41.638098000040713],[-71.459723999929295,41.638080999816786],[-71.459650000309452,41.638062999930213],[-71.459559999897763,41.638041000062039],[-71.459463999638288,41.638019000186354],[-71.459369999926977,41.638001000282507],[-71.459278999690369,41.637984000032993],[-71.459194000199872,41.637966999778996],[-71.459123000054774,41.637946000209418],[-71.459046999886795,41.637887000103206],[-71.459035000191221,41.637867000168775],[-71.459009000251939,41.637823000291107],[-71.458969000068976,41.637754000086787],[-71.458921000388401,41.637686000143958],[-71.45887000033477,41.637622999797209],[-71.458820000106059,41.637562999729433],[-71.458768000227536,41.637503999943981],[-71.458722000196772,41.637437000076638],[-71.458672999792967,41.637368999799335],[-71.45862000008951,41.637303999802903],[-71.458569000035894,41.637242000096357],[-71.458524999654969,41.637176999971842],[-71.458501000263823,41.637138999672452],[-71.458485000370317,41.637113000126021],[-71.458445000187339,41.637047000197526],[-71.458410999852148,41.636981999876291],[-71.45838400008796,41.636921000207266],[-71.458367000369535,41.63685900013234],[-71.458350999577704,41.636794999970739],[-71.458341000430252,41.636726999687454],[-71.458337000232305,41.636656000292554],[-71.458337000232305,41.636589000214997],[-71.458337000232305,41.636534999961512],[-71.458337000232305,41.636462000317799],[-71.458323999813501,41.636365999795906],[-71.458255000216539,41.636324000277938],[-71.458190999744119,41.636309999984952],[-71.457877999749684,41.636069000171233],[-71.457666999862496,41.635902000181254],[-71.457496999983178,41.635850999772437],[-71.457298999616455,41.635791999762539],[-71.456512999794001,41.635606999825079],[-71.455997000308273,41.635404000070267],[-71.455579999658426,41.635109000120359],[-71.455235999701841,41.634629999815459],[-71.454671999637227,41.633708000146974],[-71.454229999771357,41.632953000053448],[-71.454170000395209,41.632726000176149],[-71.454059000067133,41.632307999683213],[-71.454084000181481,41.631921000257435],[-71.454230999596263,41.631552000218235],[-71.454387999955088,41.631234000154805],[-71.454403999848637,41.631202000310694],[-71.454330000228794,41.630668000274134],[-71.454207000205145,41.630487999951498],[-71.4539720000285,41.630145000120073],[-71.453962999807672,41.630132000280454],[-71.45395500031006,41.630118999766772],[-71.45394299971619,41.63009999988931],[-71.453910000104216,41.630047999807374],[-71.453891999662559,41.630049000261252],[-71.453668000254893,41.630018000283314],[-71.453403999765911,41.629951999804106],[-71.453264000023836,41.629888999955057],[-71.453240999559299,41.629881000332198],[-71.453110000038066,41.62985899968556],[-71.45307300022813,41.629851999844504],[-71.453055999611379,41.629848000030876],[-71.453000000433207,41.629833999674169],[-71.452927999564849,41.629803000264253],[-71.452848000097234,41.629757999794769],[-71.452787999822775,41.629707999683909],[-71.452713000378026,41.629662000031111],[-71.452643000057819,41.629617999923767],[-71.452586999981335,41.629579000078245],[-71.45250699961538,41.629528999828501],[-71.452426000322845,41.629477999748723],[-71.452350999979757,41.629438999818504],[-71.452340000109132,41.629432999723832],[-71.452269999788925,41.629412999851873],[-71.45218899959805,41.629399000072155],[-71.452097000434861,41.629396999815569],[-71.452007999848107,41.629396999815569],[-71.451930000030302,41.629396999815569],[-71.45185800006027,41.629396999815569],[-71.451781999892304,41.629396999815569],[-71.451697000401794,41.629409999803443],[-71.451613999662811,41.629425000044392],[-71.451539000218034,41.629425999836528],[-71.451365999965688,41.629454999844398],[-71.451313000262232,41.629496000018513],[-71.451287000322964,41.629575000247677],[-71.451271000429429,41.629639999981194],[-71.451267000231482,41.629703999861356],[-71.451272000254349,41.629766999891203],[-71.451280999576866,41.629807000080667],[-71.451284999774813,41.629828000287709],[-71.451304999866323,41.629888000170098],[-71.4513390002015,41.629951000020128],[-71.45138400040733,41.63001399980854],[-71.45143200008792,41.630077000206889],[-71.451478000118669,41.630135000295333],[-71.451511999555549,41.63018599985535],[-71.451534000195181,41.630261999901585],[-71.451535000020087,41.63033900030765],[-71.451504999882857,41.630385999926091],[-71.451413999646263,41.630412000171702],[-71.451307000414445,41.630427999956098],[-71.451218999652582,41.630460999960512],[-71.451143000382928,41.630500999719374],[-71.451074999712532,41.630535999907629],[-71.450977999628179,41.630565000087621],[-71.450905999658147,41.630570000302555],[-71.45082100016765,41.630568999856756],[-71.450730999755947,41.630568999856756],[-71.450641000242584,41.630571999851298],[-71.450550999830895,41.63058800026743],[-71.450452999921609,41.630612000212736],[-71.450392999647164,41.630630999939285],[-71.450359000210284,41.630642000131765],[-71.450298999935825,41.630666999829856],[-71.450276000369598,41.630677000243516],[-71.450199000376713,41.630716999868348],[-71.450125999683465,41.630754000153878],[-71.450055000436677,41.630784000006877],[-71.44998500011647,41.6308130000753],[-71.449914999796263,41.630845000112508],[-71.449853999696899,41.630885000304495],[-71.449807999666149,41.630932000196303],[-71.449781999726881,41.630987999979716],[-71.449753000312882,41.631051999864511],[-71.449718000152771,41.631117999888971],[-71.44968399981758,41.631177000148689],[-71.449661000251353,41.631231000191072],[-71.449658999703217,41.631305999913835],[-71.449658999703217,41.631362000043794],[-71.449648999657484,41.631435999853196],[-71.449627999741097,41.631494999821797],[-71.44960599999979,41.631556999685166],[-71.44957500003764,41.631620999676443],[-71.449523999984024,41.631678999718602],[-71.44946399970955,41.631738000136245],[-71.449411999831028,41.631801999947868],[-71.44940199978528,41.631818000058708],[-71.449370999823145,41.631869000301528],[-71.449345999708797,41.631935999914099],[-71.44933900003609,41.632005000304211],[-71.44933900003609,41.632087999819255],[-71.449332000363398,41.63217899990898],[-71.449319999769514,41.632194999926242],[-71.449277000111806,41.63225600003949],[-71.449185999875212,41.632312000015645],[-71.449092999988807,41.632362000121034],[-71.449010000148121,41.632417000259359],[-71.448940999652848,41.63247300009558],[-71.448887999949392,41.632525000235688],[-71.44884899959132,41.632588999937326],[-71.448811999781398,41.632659999783804],[-71.44876999994861,41.632732999705176],[-71.448735999613419,41.632817000036624],[-71.448732000313768,41.632906000292358],[-71.448738999986475,41.632988000253249],[-71.448711000397381,41.633057999924453],[-71.448640000252269,41.633118999892453],[-71.448558000236503,41.633176999929553],[-71.44848799991631,41.633236000318938],[-71.448444000433696,41.633299999986079],[-71.448446999908427,41.633377000120355],[-71.448472999847695,41.633464000143938],[-71.448502000160005,41.633561000016364],[-71.448522000251486,41.633657999742809],[-71.448534999771965,41.633742000211676],[-71.448543000167874,41.633815999974523],[-71.448549000015674,41.633886000089333],[-71.448571999581887,41.633956999849985],[-71.448609000290134,41.634033000150161],[-71.448651000122922,41.634112999909931],[-71.448704999651284,41.63418499981028],[-71.448764999925729,41.634250999983976],[-71.448810000131587,41.6342960000026],[-71.448879999553469,41.634352000220659],[-71.448970999790049,41.634392999965748],[-71.449041000110256,41.634416000122499],[-71.449118000103141,41.634440999699727],[-71.449195000096054,41.634470999851011],[-71.449272000088939,41.634500999988333],[-71.449334999838129,41.634531999824631],[-71.44941400037915,41.634575000222618],[-71.449474999580204,41.634626000298347],[-71.449518000136237,41.634687000125219],[-71.44954200042568,41.634742000293897],[-71.449566999641718,41.634809999985897],[-71.44957500003764,41.634879999692615],[-71.449570000014774,41.634950999701168],[-71.449558000319215,41.635023999713518],[-71.449530999656702,41.635102999882029],[-71.449491000372063,41.63517999987662],[-71.449424000424898,41.635245999702867],[-71.449344000058971,41.635307000285799],[-71.449267999890978,41.635361999925408],[-71.449200999943841,41.635406000140414],[-71.449123000126022,41.635450000325378],[-71.449058999653602,41.635480000007028],[-71.448984000208839,41.635484999840713],[-71.448914999713566,41.635513000110706],[-71.448861000185204,41.63555300009164],[-71.448816999804279,41.63560600012886],[-71.448794000238053,41.635661000184683],[-71.448796999712783,41.635718999948622],[-71.448817999629171,41.635773000214385],[-71.448855000337431,41.635824999706422],[-71.44891200023882,41.63588299999418],[-71.448981999660717,41.635941000229693],[-71.449060000376832,41.6359959999997],[-71.44913300017177,41.636048999672589],[-71.449205000141802,41.636101999973334],[-71.449282999959607,41.636151000136572],[-71.449344999883877,41.636203999682003],[-71.449385000066854,41.636267999759085],[-71.449396999762399,41.636341999978804],[-71.449388000439896,41.636418999835982],[-71.449368000348414,41.636498999991204],[-71.44933900003609,41.636581000080874],[-71.449311000446997,41.636661000035012],[-71.449286000332648,41.636730000066784],[-71.449247999799496,41.636794000292888],[-71.449205999966694,41.636851999708647],[-71.449159000111038,41.636902999996764],[-71.449102000209635,41.636940000088401],[-71.448995999904412,41.636942999786385],[-71.448916000436796,41.636925000253406],[-71.448825000200188,41.636907000043969],[-71.448730999590552,41.636900000296862],[-71.448639000427363,41.636919999860041],[-71.448539999794832,41.636956000266579],[-71.448439000410815,41.637000999739442],[-71.448338000128473,41.637045000178254],[-71.448246999891865,41.637086999897768],[-71.448164000051207,41.637125000227826],[-71.448086000233403,41.637162000192014],[-71.448019000286251,41.637199999806519],[-71.447964000034659,41.637250000148491],[-71.447929999699468,41.637311000177512],[-71.447919999653735,41.637380999853484],[-71.447929999699468,41.637455000138004],[-71.44795300016402,41.637530999670432],[-71.447970999707351,41.637594999772553],[-71.447937000270485,41.637656999810829],[-71.447871999973145,41.637724000120841],[-71.447809000223955,41.637802000003227],[-71.447742000276804,41.637871999817293],[-71.447675000329653,41.637924999961626],[-71.447610999857261,41.637962000137854],[-71.44753999971212,41.637991000333734],[-71.447475000313119,41.638017999856167],[-71.447399000145154,41.63804799968527],[-71.447327000175122,41.638086000120076],[-71.447255000205089,41.638127999832527],[-71.447184999884897,41.63817299982977],[-71.447121000310787,41.638215999812701],[-71.447060000211422,41.638250000184854],[-71.44698800024139,41.638297999731876],[-71.44694200021064,41.638349999872162],[-71.446908999700369,41.638409999878618],[-71.446905000400719,41.638467000202262],[-71.446907999875464,41.638529000073092],[-71.446941000385735,41.638590999884208],[-71.447001999586789,41.63865000001725],[-71.447071000082076,41.638680000223466],[-71.447093999648303,41.638714999998896],[-71.447057999663286,41.63878999974127],[-71.447013000355767,41.638842000155947],[-71.446960999578906,41.638887000326001],[-71.446885000309251,41.638923000305162],[-71.446809000141272,41.638935999714583],[-71.446732999973278,41.638954000028662],[-71.446661999828166,41.638967999747287],[-71.446590999683067,41.638999999764152],[-71.446524999560808,41.639023999934196],[-71.446447999567923,41.639046999781037],[-71.44637899997096,41.639065999706716],[-71.446318999696473,41.639095999719288],[-71.446250000099511,41.639112000033585],[-71.446200999695719,41.639140000070576],[-71.446194000023027,41.639074999846223],[-71.4461999998708,41.639012999829362],[-71.446223000335337,41.638952000068606],[-71.446244000251738,41.638906999943941],[-71.44625099992443,41.638893000212057],[-71.446276999863684,41.638836999911319],[-71.446276000038793,41.638762999870906],[-71.446230999832935,41.638743000208322],[-71.446151000365305,41.638770000087028],[-71.446100000311702,41.638810000060687],[-71.446054000280952,41.638855000253081],[-71.44601499992288,41.638901999704359],[-71.445990999633437,41.638957000304316],[-71.445978000112959,41.639012999829362],[-71.445964999694169,41.639074000203742],[-71.445958000021463,41.639136000161912],[-71.445958000021463,41.639158999968842],[-71.445958000021463,41.639200000012849],[-71.445956000371638,41.639261999849815],[-71.445946000325904,41.639319000091255],[-71.445932000082195,41.639378000229151],[-71.445911000165808,41.639441999839761],[-71.445891000074312,41.63950800000103],[-71.445877999655508,41.639572000153898],[-71.445898999571909,41.639634999938067],[-71.445902999769885,41.639689999912449],[-71.445907999792752,41.639744999839834],[-71.445898999571909,41.639806999823819],[-71.445889000424486,41.639861000021142],[-71.445885000226525,41.63991700010336],[-71.445864000310138,41.639980999850046],[-71.44579200034012,41.639989999861761],[-71.445715000347207,41.639991000161338],[-71.445623000285721,41.63998900023347],[-71.445544999569591,41.639987999933865],[-71.445470999949748,41.640022999670229],[-71.445409999850384,41.640072999836036],[-71.445341000253393,41.640108999824029],[-71.445265999910333,41.640153000154982],[-71.44520800018401,41.640201999923647],[-71.445153999757352,41.640251000326394],[-71.445111000099644,41.640301999938806],[-71.445066999718705,41.640346999760688],[-71.445013000190343,41.640390000307114],[-71.444962000136726,41.640429000325092],[-71.444911000083081,41.640470000232469],[-71.44486300040252,41.640520999671566],[-71.444836999564941,41.640580000051663],[-71.444829999892235,41.64064100028547],[-71.444803999952981,41.640694000166576],[-71.444782000211674,41.64075299971698],[-71.444793999907219,41.640808999695416],[-71.444813000173809,41.64087099999837],[-71.444838000288158,41.640923000076562],[-71.444844999960864,41.640935999753857],[-71.444868000425387,41.640980999804405],[-71.444900000212456,41.641037000255992],[-71.444942999870136,41.64109400027013],[-71.444992000273942,41.641141000102465],[-71.445084000335456,41.641372999929786],[-71.445125000343339,41.641418999952585],[-71.445151000282607,41.641468999706582],[-71.445152000107527,41.64152600000989],[-71.445138999688737,41.641590999776035],[-71.445121999970297,41.641644000218477],[-71.445096000031029,41.641705999718056],[-71.445059000221093,41.641762999811725],[-71.445017000388304,41.641807999956093],[-71.444967999984499,41.641851999798263],[-71.444901000037348,41.641898000150455],[-71.444838000288158,41.64193199992269],[-71.444771000341007,41.641965999676934],[-71.444711000066562,41.641995999682145],[-71.444673000431735,41.642010000082557],[-71.444641999571274,41.642020999675815],[-71.444574999624123,41.642046999927437],[-71.444491999783438,41.642081999888177],[-71.44442200036157,41.642109999977343],[-71.444361000262191,41.642141000181724],[-71.444295000139945,41.64217400023135],[-71.444228000192794,41.642210999982019],[-71.444173999766122,41.642250999833806],[-71.44412000023776,41.642290000068151],[-71.444060999788221,41.642328000015567],[-71.444006000434953,41.64236599994058],[-71.443936000114746,41.642411999925841],[-71.443859000121847,41.642452999914212],[-71.443788999801654,41.642488000325748],[-71.44371199980877,41.642521000197625],[-71.443638000188912,41.642542999879083],[-71.443551999975185,41.642544000139033],[-71.443470999784338,41.642541000030377],[-71.443391000316709,41.642537000332865],[-71.443306999752807,41.642529999854609],[-71.443223000087229,41.642524999896175],[-71.443132999675541,41.642521999786631],[-71.443052000382991,41.642524999896175],[-71.442973999666876,41.642542999879083],[-71.442909000267875,41.642576999982275],[-71.442850999643227,41.642612000326423],[-71.442786000244212,41.642643999876405],[-71.442706999703191,41.642669000289992],[-71.442669000068349,41.642671000134683],[-71.442633000083347,41.642671999721365],[-71.442558999565179,41.642671999721365],[-71.442473000249763,41.642676999668431],[-71.442397999906689,41.642690000334532],[-71.44237399961726,41.642729999888928],[-71.442387000036035,41.642784000322095],[-71.442383999662994,41.642846000067479],[-71.442321999738709,41.642892999964616],[-71.442280999730826,41.642920999701388],[-71.442283000278977,41.642946000007498],[-71.442265999662226,41.643021000196327],[-71.442252000316842,41.643051999962431],[-71.442202999913022,41.64309600029781],[-71.442140999988752,41.643139999931876],[-71.442079000064467,41.643186000035925],[-71.442029999660676,41.643229000030509],[-71.441986000178062,41.643275000070965],[-71.441964000436741,41.643327999799645],[-71.441973999584164,41.643389999692864],[-71.442007999919369,41.643441000177489],[-71.4420740000416,41.64349000013128],[-71.442125999920137,41.643548999806889],[-71.442165000278194,41.643595000290269],[-71.442211000308944,41.643638000011912],[-71.442278000256096,41.643702000090855],[-71.442316999715842,41.643752000087353],[-71.442355000249009,41.643809999954101],[-71.442397000081797,41.643873000294221],[-71.442440999564411,41.643935000334352],[-71.442479000097549,41.644000999921758],[-71.442510999884604,41.644064000075076],[-71.442545000219795,41.644124000131889],[-71.442582000029702,41.644178000068131],[-71.442613999816757,41.644230000162878],[-71.442652000349909,41.644280999982641],[-71.442690999809656,41.644334999787304],[-71.442716999748924,41.644398000285364],[-71.442729000342794,41.644474999915438],[-71.442735000190595,41.64454199984997],[-71.44273699984042,41.644609999942695],[-71.44273699984042,41.644674999954411],[-71.442730999992619,41.644738999674651],[-71.442712999550963,41.644801999777684],[-71.442691999634576,41.644858000265131],[-71.442664999870402,41.644923000026665],[-71.442676999565947,41.644991999939251],[-71.442716999748924,41.645060000228362],[-71.442775000373572,41.645123000017584],[-71.442829999726825,41.645189999949586],[-71.442843000145615,41.64524600009976],[-71.442830999551745,41.645308999707112],[-71.442818000031266,41.645371999924116],[-71.442797999939785,41.645432000105465],[-71.442771000175597,41.645485000073762],[-71.442714000274208,41.645549999874056],[-71.442675999741056,41.645596000271439],[-71.442647000327057,41.645646000140736],[-71.442617000189813,41.645711999989381],[-71.442582999854622,41.645749999932612],[-71.442571000159063,41.645764999727348],[-71.442508000409873,41.64581800009298],[-71.442428999868824,41.645851000273304],[-71.442341999830205,41.645860999673687],[-71.442280999730826,41.645890999879299],[-71.44221299995877,41.645928999716958],[-71.442135000140979,41.645954999734265],[-71.442048000102332,41.645964999789754],[-71.44196000023878,41.645967999738993],[-71.441874999849958,41.645967999738993],[-71.441790000359461,41.645967999738993],[-71.441703000320828,41.645970999688089],[-71.441613999734059,41.645987000309177],[-71.441526999695427,41.64600900014981],[-71.441443000029835,41.646039000286507],[-71.441356999816108,41.64606699999873],[-71.441265999579514,41.646090000016976],[-71.44117600006615,41.646110000084541],[-71.441093000225464,41.646128999941567],[-71.44101500040766,41.646147999792987],[-71.440924999995971,41.646180000272032],[-71.440893000208945,41.646197999905205],[-71.44085899987374,41.646216999736325],[-71.440791000101669,41.646256000255327],[-71.440715999758609,41.646302999678944],[-71.440644999613497,41.646358000003602],[-71.440593999559866,41.646406999752834],[-71.440560000123,41.646459000062471],[-71.440587999712093,41.646504000283642],[-71.440630000443193,41.646510000131777],[-71.440719999956571,41.646508999933346],[-71.440797999774375,41.646514000253958],[-71.44084100033038,41.646559999963067],[-71.440748000443975,41.646575999766597],[-71.440672000275995,41.646613999871533],[-71.440584000412443,41.646609000229965],[-71.440515999742061,41.646581000082008],[-71.44043200007647,41.646612999674716],[-71.440385000220829,41.646673000043002],[-71.440401999939255,41.64674799992126],[-71.440425000403792,41.646801000149537],[-71.440437000099351,41.646860999671468],[-71.440443999772043,41.646923999713472],[-71.44044999961983,41.646983999792084],[-71.440452000167966,41.647038000016451],[-71.44043299990139,41.647114999847865],[-71.440391999893492,41.647166000069113],[-71.440339000190065,41.647216000062592],[-71.440221000189283,41.647318999819419],[-71.440165000112785,41.647369999879238],[-71.440076000424327,41.647475999940099],[-71.439984000362827,41.647595999684583],[-71.439926999563099,41.647655999808649],[-71.439862000164084,41.647708999961239],[-71.439792999668796,41.647763000249213],[-71.439719000048953,41.647812000272438],[-71.439469999628614,41.647937000272528],[-71.439300999574201,41.648022999933048],[-71.439215000258784,41.648058000003957],[-71.439127000395246,41.64808500000732],[-71.439040000356613,41.648107999976439],[-71.438958000340847,41.648138999980134],[-71.438790000111354,41.648222000198139],[-71.438692000202067,41.648268000030257],[-71.438590999919725,41.648323000019964],[-71.438493999835345,41.648383000138182],[-71.43840299959875,41.648440999863752],[-71.438308999887425,41.648495000209444],[-71.438215000176086,41.648543000180339],[-71.438134999810146,41.648587000122241],[-71.437013000427029,41.648850000323179],[-71.436639000333201,41.648937999757599],[-71.435993000252836,41.649203000181338],[-71.43594399984903,41.649222999953743],[-71.432796000361236,41.651322999903094],[-71.428940999795358,41.650569000238406],[-71.42388400037872,41.653888000254632],[-71.422316000033462,41.654217000153245],[-71.421479999982267,41.654393999752322],[-71.417580999933804,41.654952000139573],[-71.412818000245053,41.654371000013967],[-71.408734000248629,41.653820999971352],[-71.408155999940334,41.653810999792874],[-71.402645000063941,41.653886000086892],[-71.391084000360948,41.652349999923523],[-71.390102999646487,41.652292999798632],[-71.380542000108889,41.650325999772875],[-71.380525000390463,41.650475000197403],[-71.380598000185401,41.650553000084031],[-71.379717999753296,41.656458000033446],[-71.37911100003096,41.657665000154033],[-71.378972000113805,41.657976999879473],[-71.378074000138341,41.658956000290146],[-71.376581000136127,41.660294999988295],[-71.375974000413819,41.661403999946238],[-71.374782999637091,41.662764999906166],[-71.373682999995268,41.663392999848874],[-71.373037999739807,41.663630999673636],[-71.371236999766012,41.664294999789902],[-71.367566000221487,41.665875999727646],[-71.365094000052977,41.667027999743695],[-71.363288999881235,41.667937000164237],[-71.361532000288392,41.669191999884475],[-71.360887999857823,41.66987599975829],[-71.36035899995332,41.670405999678202],[-71.359465000175817,41.671828000153724],[-71.358091999824211,41.6742019999974],[-71.356613000065707,41.676269999753735],[-71.355982000053942,41.67678299995891],[-71.35512599991128,41.67750699978717],[-71.354068999927179,41.678165000119094],[-71.352354000167111,41.67888499970779],[-71.330970000087376,41.686962000010276],[-71.325666999725144,41.693213000047862],[-71.329924999798834,41.698044000281044],[-71.332015000375918,41.700380000298921],[-71.331647999954797,41.701450999899791],[-71.331407999755299,41.70228100021567],[-71.331315999693786,41.70280000025307],[-71.331314999868866,41.702902000306771],[-71.333869000053156,41.705776000246637],[-71.335052000433961,41.707105999762881],[-71.342585000217042,41.71557700007137],[-71.348359999684078,41.720723999997723],[-71.35507999988053,41.726961999788521],[-71.35689000007514,41.728471999907455],[-71.364560999950498,41.734927999811738],[-71.365207000030864,41.735649000310154],[-71.366103000356517,41.736670000007621],[-71.368055999767932,41.738893999974493],[-71.368511999877512,41.73942100008874],[-71.37250800001037,41.744726999764659],[-71.373801999820969,41.747499999861923],[-71.374965000110279,41.74964100005672],[-71.375242000119712,41.750157999813844],[-71.375354000272708,41.750367999784821],[-71.378273000329983,41.755297000274375],[-71.380970999555984,41.755801999955622],[-71.381116000219265,41.755829000325633],[-71.382250000196251,41.756041000180439],[-71.382970999721394,41.756173999735047],[-71.384733000235443,41.757601999983144],[-71.385658999799958,41.758420999712662],[-71.386524999988382,41.760044999794459],[-71.388516999757869,41.763775000208682],[-71.388920000164006,41.763977999851825],[-71.389030999593757,41.76403399982523],[-71.389197999998359,41.764132000331074],[-71.389450999718335,41.764241000164049],[-71.389897999607086,41.764298999993535],[-71.390415999640936,41.764426999986277],[-71.390533999641733,41.764390999846619],[-71.391054000223718,41.764372999769193],[-71.391076999789945,41.764356000063742],[-71.391313999616386,41.764183999991729],[-71.391549999617965,41.764007999939388],[-71.391799999863196,41.763902999906641],[-71.391968999917609,41.763864000329335],[-71.392962000327628,41.763935000126295],[-71.393724999685546,41.764014999935426],[-71.394121000418977,41.764038000012867],[-71.394456999979639,41.764107000195743],[-71.394730999616016,41.764244999668769],[-71.39520400034236,41.764644999804858],[-71.39541199985652,41.764837000002892],[-71.395523000184596,41.765186000015156],[-71.395565000017385,41.765614000276166],[-71.395602999652212,41.765994000262985],[-71.395597999629345,41.766386999809122],[-71.395627999766575,41.766683999827919],[-71.395734000071783,41.766889999989935],[-71.395886000407756,41.767038000179433],[-71.39606899980754,41.767152999755929],[-71.396120999686076,41.767166999731103],[-71.396435000403741,41.767255999836699],[-71.397090999631558,41.767393999906886],[-71.397113000271162,41.767397999885048],[-71.397639999627543,41.767507999857493],[-71.398052000254523,41.767657000286832],[-71.398617000144029,41.767913999670021],[-71.399134000352987,41.768148999745691],[-71.399377999852149,41.768264000010767],[-71.399577000043777,41.768320999908397],[-71.399804999649405,41.768332999668829],[-71.400018999909648,41.768275999781849],[-71.400203000032661,41.768180999857627],[-71.40026300030712,41.768150000063493],[-71.400476999669053,41.767955999758144],[-71.400568999730567,41.767795999817743],[-71.400584999624073,41.767613999676804],[-71.400584999624073,41.767374000012218],[-71.400601000415918,41.767064999842191],[-71.400615999586208,41.766837000174071],[-71.400678000408817,41.766665999723806],[-71.40084599974,41.766505999916319],[-71.401151000236837,41.766495000157782],[-71.401394999735984,41.766552000287071],[-71.401562999965478,41.766689000190944],[-71.40177600040083,41.766861000247836],[-71.402080000174422,41.76721500029273],[-71.402354999635733,41.767523999740298],[-71.4026900002698,41.767694999913736],[-71.403025999830462,41.767799000117634],[-71.403467999696332,41.767855999758403],[-71.403849000361163,41.767845000231326],[-71.404261000089789,41.767776999702008],[-71.40508600027033,41.767618000311316],[-71.405203000446193,41.767609999712114],[-71.405646000136969,41.76758399993534],[-71.406448999677878,41.767460000185068],[-71.407191000017733,41.767403999851886],[-71.407776999823625,41.767263999810062],[-71.408114000107531,41.767148999762497],[-71.40837500022343,41.767036999844279],[-71.408628999768339,41.766944999765222],[-71.408899999929986,41.76688799998508],[-71.409233999840836,41.766843000193376],[-71.409678000254843,41.766782999975362],[-71.409751000049781,41.766774999942015],[-71.409790000407838,41.766766000238363],[-71.410259000037897,41.766656000333761],[-71.410701999728687,41.766554000302456],[-71.410727999667969,41.766540000193523],[-71.411160000386403,41.76630300023114],[-71.411418999954179,41.766085999695697],[-71.412116000088176,41.765148000242213],[-71.412183000035313,41.765058000196547],[-71.412352000089726,41.764830999795976],[-71.412641999619638,41.764545000004603],[-71.413313999639286,41.764082999761825],[-71.413481999868765,41.763843000289434],[-71.413491999914513,41.763818000041489],[-71.413542999968143,41.7636830001424],[-71.413588999998893,41.76354599985023],[-71.413676999862446,41.763328000317998],[-71.413803000259136,41.763227000080803],[-71.413970999590319,41.763124000232395],[-71.414123999751183,41.763056000059727],[-71.414383000217285,41.762952999936871],[-71.414749999740081,41.762918999768964],[-71.415131000404898,41.762918999768964],[-71.415805999899291,41.762901999678228],[-71.416015999961559,41.762896999690085],[-71.416335999628714,41.762851999779464],[-71.416657000019086,41.76276100013169],[-71.417066000272996,41.762491000292194],[-71.417405000206699,41.762316000025123],[-71.417585999956657,41.762254000114702],[-71.417847999897489,41.762166999923188],[-71.418519000092218,41.762042000011505],[-71.418945999889488,41.76195099988508],[-71.419078000133965,41.761884999970412],[-71.419434999611028,41.761705999728044],[-71.419740000107865,41.761625999720287],[-71.419969000436723,41.761665999736657],[-71.420090999737141,41.76174599969449],[-71.42015199983652,41.761837999857775],[-71.420197000042364,41.761986000309811],[-71.420120999874371,41.762174999860974],[-71.419494000060581,41.763070999985764],[-71.419036000301176,41.763550000068342],[-71.418760999941568,41.763813000124728],[-71.41869999984219,41.763949999846801],[-71.418714999910804,41.764075999773148],[-71.418729999979419,41.764096999736857],[-71.418867000246777,41.764292999736362],[-71.418898000208912,41.764292999736362],[-71.418971000003836,41.764347999727761],[-71.41909599967731,41.76444099988624],[-71.419340000074783,41.764601000153149],[-71.419523000372891,41.764669999730572],[-71.419797000009268,41.764785000201407],[-71.420284999905917,41.764876000328833],[-71.420619999641659,41.76488199986148],[-71.420737999642441,41.764883999928927],[-71.42094100003203,41.764888000063564],[-71.421311999752788,41.764879000095227],[-71.421735000250408,41.76474000027477],[-71.421912999627338,41.764630000246783],[-71.421993999818184,41.764579999684393],[-71.422223000147042,41.764305999957884],[-71.422376000307906,41.764044000293929],[-71.422483000438035,41.763792999783803],[-71.422603000088628,41.763509000166238],[-71.422742999830717,41.763278999804825],[-71.422916000083092,41.763029999777643],[-71.42295700009096,41.762970999742592],[-71.423186000419818,41.762793999982073],[-71.423399999781736,41.762600000232617],[-71.423858000439466,41.762233999957864],[-71.424399999864448,41.761931000303889],[-71.424964999753982,41.761651999901254],[-71.425262999679816,41.761504000019031],[-71.425529999643501,41.761363999834401],[-71.42587299977518,41.761185000148892],[-71.426224000302767,41.76102500007481],[-71.426247999693913,41.761016999993601],[-71.426357000372164,41.760980999950995],[-71.426586999627617,41.760904000331742],[-71.426774000123686,41.760830999667583],[-71.427032999691448,41.760739999834058],[-71.427277000088921,41.760659999962179],[-71.427734999848326,41.76054599990541],[-71.428360999837224,41.760523999683031],[-71.428878999871074,41.760593000294278],[-71.429499999837091,41.760679999939512],[-71.429889999824439,41.760761000219439],[-71.429945000076017,41.76077300005371],[-71.430080999620145,41.760809999975166],[-71.43029800025343,41.760868000225742],[-71.43052199966111,41.760877999847708],[-71.430556999821206,41.760879000278891],[-71.430817000112199,41.760787999843345],[-71.430969000448172,41.760617000023302],[-71.431106999642125,41.760389000224556],[-71.431274999871619,41.760046000238624],[-71.431443000101112,41.75982899998445],[-71.431642000292726,41.759658000289278],[-71.431931999822623,41.759497999758317],[-71.432053000196461,41.759444000083775],[-71.432196000311606,41.759382999863149],[-71.432373999688522,41.759328000306603],[-71.432674999987398,41.759326999851247],[-71.432833000171144,41.759326999851247],[-71.432916000011829,41.75933200011756],[-71.432967999890366,41.759335000143153],[-71.433075999845386,41.75933899995362],[-71.433186000348556,41.759384000317631],[-71.433244000074879,41.759407999828767],[-71.433335000311473,41.759499000210958],[-71.433394999687621,41.759613000117454],[-71.433393999862702,41.759677000129003],[-71.433396000410852,41.759762000119011],[-71.433350000380102,41.759909000222216],[-71.433197000219224,41.760058000206548],[-71.433044999883251,41.760195999676583],[-71.43297999958591,41.760313000335003],[-71.432937999753122,41.760401999896906],[-71.432891999722372,41.760594999825308],[-71.432890999897452,41.760891999851928],[-71.433013000096196,41.761075000057033],[-71.43316700008198,41.761235000006486],[-71.433347999831952,41.76137199987231],[-71.433531000130046,41.761452000196726],[-71.433774999629208,41.76144100024176],[-71.433957999927316,41.761362000327331],[-71.434004999782971,41.761235000006486],[-71.434050999813749,41.760983999899437],[-71.434069000255406,41.760936000036772],[-71.434133999654421,41.760789000275928],[-71.434260000051111,41.76059199985864],[-71.434387000272721,41.760390999761952],[-71.434494000402822,41.760241999880705],[-71.43460099963464,41.760115999796611],[-71.434845000032112,41.759973999713743],[-71.434998000192991,41.759883000005125],[-71.435241999692153,41.759790999719286],[-71.435593000219754,41.759723000035095],[-71.435882999749651,41.759677000129003],[-71.436096000185003,41.759711999783796],[-71.436249000345867,41.759758000334855],[-71.436400999783501,41.759849000220726],[-71.436599000150238,41.759940999753312],[-71.436903999748765,41.759975000159017],[-71.437164000039758,41.759963999950912],[-71.43737699957677,41.759906999999693],[-71.437560999699798,41.759826999759433],[-71.437697999967142,41.759667000319894],[-71.43783600005942,41.75943899982618],[-71.437927000296,41.759175999934591],[-71.437989000220284,41.758969999799334],[-71.438111000419013,41.758285000049284],[-71.438217999650817,41.758101999929124],[-71.43850800007904,41.757943000016226],[-71.438828999571086,41.757828999823609],[-71.439118000174432,41.757828999823609],[-71.439303000122337,41.757877999807796],[-71.439611999918839,41.75803399979543],[-71.440095999617483,41.758077000124857],[-71.440397999741279,41.758053000115964],[-71.440557999574864,41.757932000129934],[-71.440574000366709,41.757911999966275],[-71.440662000230247,41.757795000291225],[-71.440653999834311,41.757641999827364],[-71.440550999902158,41.75741899992579],[-71.440411999985002,41.75730500014258],[-71.44016900031076,41.757184000086468],[-71.439853999768161,41.757020000133657],[-71.439654999576547,41.756934000039948],[-71.439348000328181,41.756755000059755],[-71.439195999992208,41.756607000275608],[-71.439119999824243,41.756389999784879],[-71.439195999992208,41.756195000274388],[-71.439288000053722,41.755943999888082],[-71.439302000297431,41.755902999817117],[-71.439380000115236,41.75568200025856],[-71.439456000283215,41.75541899971342],[-71.439533000276114,41.755304999728359],[-71.439684999713762,41.755269999680557],[-71.440279999740511,41.755294000060026],[-71.440524000137984,41.755281999871386],[-71.440638999765724,41.755254000092705],[-71.440798999599281,41.755214000100452],[-71.440966999828774,41.755088000196565],[-71.441119999989638,41.754916999931268],[-71.441151999776693,41.754771000312253],[-71.441165000195497,41.754712000055278],[-71.441119999989638,41.754517000137604],[-71.440997999790909,41.754255000044132],[-71.440679999773593,41.75378600033175],[-71.440586999887174,41.753648999684735],[-71.440565999970772,41.753619000115457],[-71.44046499968843,41.753475999853819],[-71.440313000250796,41.753215000082626],[-71.440191000052053,41.75291800004571],[-71.440191000052053,41.752769000238381],[-71.440374000350161,41.752427000299136],[-71.440618999674228,41.752153000283258],[-71.441092000400559,41.751809999840297],[-71.441277000348478,41.751677999859417],[-71.441451000425772,41.751554000198773],[-71.441624999604713,41.751428999720062],[-71.441747999628362,41.751342000267286],[-71.442325999936671,41.751043999691973],[-71.442434999716625,41.750988999690961],[-71.443213000041482,41.750702999864217],[-71.443731999900237,41.750624000135033],[-71.443976000297724,41.750668999907852],[-71.444173999766122,41.750750000089596],[-71.444418000163594,41.750874999879933],[-71.444676999731371,41.750932999726757],[-71.444982000228208,41.750897999975699],[-71.445593000148477,41.750750000089596],[-71.445973999914997,41.750556000120639],[-71.446310000373984,41.750258999844164],[-71.446568999941746,41.749905000082194],[-71.446594000056095,41.749680000235458],[-71.446605999751668,41.749663999924408],[-71.446614999972496,41.749526999862432],[-71.446615999797416,41.749071999686571],[-71.446537999979597,41.748887000210054],[-71.446420999803749,41.748606000162802],[-71.445947999975715,41.747246999708281],[-71.445547999942647,41.746218000028648],[-71.445459000254175,41.746036999669656],[-71.445327000009698,41.745607000207166],[-71.445125000343339,41.74542300013097],[-71.444890999991614,41.745212000064754],[-71.444706000043681,41.744914999863902],[-71.444577999997165,41.744673999740613],[-71.444535000339471,41.744598000009148],[-71.444495999981399,41.744528000282763],[-71.444433000232209,41.744412999704771],[-71.444358999714041,41.744208999816323],[-71.44429799961469,41.744054999786613],[-71.444260999804754,41.743955000074429],[-71.444186000360006,41.743824000054886],[-71.444111000016932,41.743563999945955],[-71.444095000123397,41.743512000334078],[-71.444044000069781,41.743348999666431],[-71.443973999749588,41.742946000055646],[-71.443935000289841,41.742630999954194],[-71.443935000289841,41.742600999927781],[-71.443931999916799,41.742293999879514],[-71.443905999977517,41.74192400020705],[-71.443940000312708,41.74164299984659],[-71.443936999939666,41.741292999760326],[-71.443945000335589,41.741195999971424],[-71.44396299987892,41.741180000227104],[-71.443966000251976,41.74115800006944],[-71.444029000001166,41.740895999745341],[-71.444116000039799,41.740635999845601],[-71.444290999941984,41.740395999828841],[-71.444684000302388,41.740155000171789],[-71.445302999720255,41.740045000233529],[-71.446070999999378,41.739975000235603],[-71.446198000220988,41.739978999912005],[-71.446312999848701,41.739985999847733],[-71.446374999772999,41.739986999934253],[-71.446449000291139,41.739985999847733],[-71.447059000386517,41.739993999869121],[-71.447377000403833,41.740004000062079],[-71.447801999652938,41.740017999927389],[-71.449256000195405,41.740015999755258],[-71.449953000329415,41.740030000288264],[-71.450563000424793,41.739925999990596],[-71.45127800010215,41.739704000299888],[-71.451747999557114,41.739456000063974],[-71.452097000434861,41.739116999884132],[-71.452340999934023,41.7388500000962],[-71.452532999554663,41.738562999708847],[-71.452760000233681,41.738262999918106],[-71.452986000189512,41.738092999861543],[-71.453177999810109,41.737963000066621],[-71.453491999629463,41.737688999987725],[-71.453736000026936,41.737427999713525],[-71.453840999608929,41.737192999753383],[-71.453910999929136,41.736932000144776],[-71.453893000385776,41.736671000145783],[-71.453823999890488,41.736475000253137],[-71.453753999570296,41.736240000157579],[-71.453580000391341,41.735927000306695],[-71.453423999857421,41.735627000268664],[-71.45321499962003,41.735287999987285],[-71.452971000120883,41.734765000146766],[-71.452849999747045,41.73433500027933],[-71.452867000363796,41.734087000091392],[-71.452936999785706,41.73386500032732],[-71.453007000105899,41.733707999741036],[-71.453129000304628,41.733526000131143],[-71.453285999765157,41.733330000026058],[-71.453459999842423,41.733187000156882],[-71.453669000079799,41.733004000216212],[-71.453895999860521,41.732887000057836],[-71.454418999917252,41.732625999710095],[-71.454906999813872,41.732443000182258],[-71.455342000007064,41.732365000312946],[-71.455574999635559,41.732385999926102],[-71.455717999750703,41.732413000089018],[-71.455973999843721,41.73246099982925],[-71.456412000409969,41.732388999870267],[-71.457599000090426,41.732355000271276],[-71.460248999635851,41.732277999831332],[-71.460599000338533,41.732267999776127],[-71.461057999922843,41.732254999769076],[-71.461689999759528,41.732237000064352],[-71.462524999985774,41.732212000242669],[-71.463032000148999,41.732198000016439],[-71.463641000419443,41.732180000295799],[-71.464317999563661,41.7321589999449],[-71.464998999804124,41.732138999795865],[-71.466025999650995,41.732106000273788],[-71.466872999572843,41.732089000066473],[-71.467130000389091,41.732083999689188],[-71.467470999972647,41.732078999981844],[-71.467938999777786,41.732078999981844],[-71.469138999877032,41.732061999767389],[-71.469671999979511,41.732045000218775],[-71.472806000121921,41.731955000009805],[-71.474739000340179,41.731899999745522],[-71.475582999888957,41.731862999919123],[-71.47671199984309,41.731814000188635],[-71.476814999775257,41.731789000202319],[-71.476971000309192,41.731752000311978],[-71.477081999738942,41.731724999871183],[-71.477685999986534,41.731711000209266],[-71.478308999602376,41.731696999873897],[-71.479194000057348,41.731676000035485],[-71.479759999771801,41.731662999908629],[-71.479851999833301,41.731661000146673],[-71.480004000169245,41.7316569999523],[-71.480111000299374,41.731653999973958],[-71.481565999768449,41.731639000080008],[-71.481745999693501,41.731634999884257],[-71.48207200010674,41.731625999945663],[-71.482303000085409,41.731619999985931],[-71.483617999812395,41.73161200026216],[-71.483909999890443,41.731603000320341],[-71.484157999587552,41.731594999924056],[-71.486038999927288,41.731535999820025],[-71.486163999600734,41.73153299983602],[-71.486567999831792,41.731519000132209],[-71.486834999795477,41.731510999725515],[-71.487054000078601,41.731504999754982],[-71.488245999781938,41.731471999907207],[-71.490182000373224,41.731418000119731],[-71.490676999942551,41.73140099973034],[-71.49345100023487,41.731304999970646],[-71.493750999810516,41.731294999763961],[-71.49414400017092,41.73128100000833],[-71.494364000278935,41.731273000242346],[-71.494693999991824,41.731261999808304],[-71.494833999733899,41.731257000036983],[-71.495797000006675,41.731224000061808],[-71.496226000352081,41.731209000067494],[-71.497849000050635,41.731150000279285],[-71.497941999937055,41.731150999832998],[-71.50183199976469,41.731060999712248],[-71.503658999677754,41.731018000056977],[-71.504616000102757,41.73099599977008],[-71.507804999598449,41.730885000005536],[-71.50864300019775,41.730856000083804],[-71.509355000400362,41.730830999724603],[-71.509485999921608,41.730825999919773],[-71.509615999617949,41.730821999673353],[-71.511984999854306,41.730740000265783],[-71.512331000359026,41.730726999949489],[-71.513183000303741,41.73069799995644],[-71.513225000136529,41.730696999725275],[-71.513293999733492,41.730693999702048],[-71.516861000419283,41.730607999871374],[-71.518705000050758,41.730508000001429],[-71.519413000055422,41.730469000244589],[-71.519864999967055,41.730443999734817],[-71.519927999716231,41.730443000170105],[-71.519981000317998,41.730438000335042],[-71.520063000333764,41.730432999829226],[-71.520409999765079,41.730429000228739],[-71.521424000091486,41.730403000138061],[-71.521494000411678,41.730403000138061],[-71.522281999883973,41.730383000112703],[-71.522962000299529,41.730366999685707],[-71.523143999874421,41.730363000081113],[-71.524499999609276,41.730346000082875],[-71.525348000254326,41.730327999843276],[-71.527750000102643,41.730273999764471],[-71.529232000234202,41.730256999742728],[-71.53051799964885,41.730243999999054],[-71.530700999946959,41.730240999954717],[-71.531229000026556,41.7302310002528],[-71.531691999808828,41.730222999685651],[-71.532217000413695,41.730212999980928],[-71.533158999871773,41.730197000182002],[-71.534020000037316,41.730180999708644],[-71.534286000176081,41.730170999997384],[-71.534321000336178,41.730169000189044],[-71.53442599991817,41.730172000236742],[-71.534437999613729,41.730174000044997],[-71.534964999868421,41.730169999758012],[-71.53560900029899,41.730164999901753],[-71.535683999743739,41.730164999901753],[-71.538376999845184,41.730144999802292],[-71.538966000024175,41.73014100018387],[-71.540233000070558,41.730130999795975],[-71.540440999584689,41.730130000226396],[-71.540802999982944,41.730127000176736],[-71.544170999578782,41.730102999774289],[-71.544723999772728,41.730075999981203],[-71.545143000072386,41.730071999688121],[-71.545364000005335,41.730066000253601],[-71.545461000089716,41.730074000169907],[-71.545497000074718,41.730077000222039],[-71.545578000265579,41.730083999896252],[-71.545806999696111,41.730096999672256],[-71.545963000230046,41.730091999810263],[-71.546439000431107,41.730537000080304],[-71.546788000410558,41.730863999901679],[-71.546984000229145,41.731007000249669],[-71.547353000300077,41.731203000068767],[-71.54742500027011,41.731242000050379],[-71.54742600009503,41.73106499994374],[-71.54742899956976,41.730305999990428],[-71.547430000292977,41.730024999745183],[-71.547578000430988,41.730021999690621],[-71.548514999866185,41.730000999974997],[-71.548832999883501,41.729996000105579],[-71.548920999747054,41.729996999677248],[-71.549615000406334,41.729988999751356],[-71.549721999638123,41.729988999751356],[-71.550038000005628,41.729985000123278],[-71.550104999952765,41.729983999881],[-71.550921999737369,41.729969999839604],[-71.55221899992101,41.729942999990662],[-71.552952000040008,41.729927999697189],[-71.554397000361647,41.72989100007571],[-71.55459700037818,41.72988600019773],[-71.556174000045971,41.729845000244843],[-71.556750999631078,41.729829999928477],[-71.557477000077384,41.729812000214665],[-71.560138000391774,41.729743000035889],[-71.560294999852317,41.72973999996816],[-71.562363999614689,41.729687000312452],[-71.562594999593372,41.729679999924564],[-71.562937999725051,41.729671999959201],[-71.563127999695837,41.729667000064175],[-71.566630000084288,41.72958199977753],[-71.567786999627529,41.729554000186916],[-71.569277000154997,41.72951699967966],[-71.569442000011449,41.729513000022138],[-71.569775999922285,41.729505000035978],[-71.570380000169862,41.729490000310697],[-71.573167999807552,41.729422000037111],[-71.576525000431047,41.729340000183264],[-71.579878999783176,41.729260000061501],[-71.580411000060749,41.729245000278958],[-71.581093000126131,41.729229999822543],[-71.586186000426068,41.729105000128676],[-71.591194000337197,41.728986999985331],[-71.593783999608192,41.728926000320499],[-71.596199999700204,41.728869999884822],[-71.597249000186707,41.728845000093607],[-71.597407000370453,41.728843000243934],[-71.59822199960692,41.728822000142962],[-71.598609000119524,41.728812999810245],[-71.60044199988036,41.72876999999108],[-71.602863999820158,41.728712999827785],[-71.607275000054713,41.728612999689602],[-71.611738999992724,41.728516000191284],[-71.612292000186685,41.728503000095294],[-71.61295699963533,41.728488999731184],[-71.613885999572915,41.728468999780361],[-71.617552999817804,41.728388000318077],[-71.618141999996766,41.728375000196188],[-71.618397000264906,41.728370000200215],[-71.624204000417279,41.728238000299214],[-71.624595000229547,41.728228999884735],[-71.624780000177452,41.728223999877358],[-71.624994000437724,41.728218999869632],[-71.62635299964731,41.728185999674615],[-71.627997000160562,41.728148999720268],[-71.628331000071398,41.728141000234679],[-71.631726000329721,41.728062999834613],[-71.633306000370581,41.728025999809404],[-71.633641999931243,41.728018999911008],[-71.633827999704067,41.728013999887274],[-71.636032999908892,41.727963000025504],[-71.637345999986039,41.727932999851312],[-71.63848499998592,41.727905999816628],[-71.64034600023416,41.727863999665665],[-71.641267999600743,41.727849999832692],[-71.641327999875202,41.727849999832692],[-71.641451999723756,41.727846999676551],[-71.644091000296854,41.727803000275408],[-71.644255000328386,41.727800000117021],[-71.644503000025509,41.727796999958549],[-71.644913000104339,41.727788999758694],[-71.645143000258102,41.727784999993645],[-71.646079999693299,41.727769000260395],[-71.647335999869043,41.727747999808336],[-71.648880999749778,41.727675000322428],[-71.657194000405866,41.727581999856234],[-71.65768399995234,41.727576999798494],[-71.662207000339876,41.727497999773597],[-71.662583999908421,41.727490999817618],[-71.663048000413923,41.727483999860873],[-71.665990999862316,41.727433000248801],[-71.666048999588654,41.727431999966804],[-71.666093999794484,41.727431999966804],[-71.667794000384234,41.727459999811835],[-71.668433999718516,41.727469999945079],[-71.669494000075687,41.727373999674334],[-71.671700000105417,41.72733100023278],[-71.671956000198449,41.727326000155564],[-71.672552999875023,41.727314999716079],[-71.673903999587012,41.727291000274356],[-71.67820000019384,41.727197999922673],[-71.679700999693651,41.727164000257922],[-71.681380000367014,41.72712999990479],[-71.684064000247631,41.727068000200333],[-71.684516999984169,41.727056999716673],[-71.686673999610093,41.727007999672509],[-71.69652799994897,41.726781000129456],[-71.698209000272143,41.726742000121355],[-71.700584000356287,41.726694000130408],[-71.700933000335738,41.72668700008682],[-71.703593999751831,41.726633999923699],[-71.704842000429977,41.726608000308389],[-71.712749000306871,41.726465999851328],[-71.713104999959043,41.726458999782906],[-71.715886999748946,41.726409000325582],[-71.719006999647661,41.726348000224277],[-71.719498999742243,41.726337999916396],[-71.719589999978851,41.726337000287792],[-71.720034000392857,41.726328000277398],[-71.720111000385742,41.72632599967897],[-71.720256999975632,41.726323000122058],[-71.720368000303694,41.726321000193934],[-71.735022999966148,41.726032999834551],[-71.73950799982056,41.725970000107615],[-71.740759999798343,41.725940999978405],[-71.745964000426369,41.725863000259579],[-71.752389000171718,41.725773000105306],[-71.752846000106217,41.725765999961375],[-71.752988000396428,41.7257640000159],[-71.753098000001302,41.725765000323875],[-71.753127000313597,41.725762000070368],[-71.754401999857606,41.725743999887229],[-71.754571999736925,41.725741000303145],[-71.754648999729824,41.725739999994801],[-71.754698000133615,41.725739999994801],[-71.757763999605658,41.725697000130147],[-71.75786400006308,41.725695999821113],[-71.759306000011676,41.72567399972295],[-71.76090799979383,41.72565200028771],[-71.761192000374251,41.725647999719151],[-71.768377000002815,41.725548999814642],[-71.768439999752005,41.725544999910078],[-71.774470000385477,41.72544900011512],[-71.774906000403561,41.725443000248873],[-71.785969000164201,41.725259999701557],[-71.789561999890921,41.725200000167007],[-71.78966900002105,41.725198999850228],[-71.789704000181146,41.725198000203918],[-71.789704000181146,41.725080000259389],[-71.789703000356226,41.724562999720447],[-71.789674999868822,41.723759999892941],[-71.789592000028151,41.721354000331161],[-71.789565000263963,41.720551999678442],[-71.789562999715841,41.720495999989687],[-71.789556999868054,41.720330000074853],[-71.789534000301842,41.719666999882882],[-71.789526999730825,41.719446000310406],[-71.789475999677194,41.717941999845912],[-71.78932300041464,41.713432000166748],[-71.789274000010849,41.711986999791577],[-71.789272000361024,41.711929000310619],[-71.789243999873605,41.711137000057271],[-71.789162999682745,41.708761999665789],[-71.789135999918571,41.707970999874981],[-71.789128000420959,41.707720000100608],[-71.789063000123647,41.707621000072372],[-71.78906999979634,41.707553000127255],[-71.789078000192248,41.707480999751965],[-71.789116999651995,41.7073999999878],[-71.78906899997142,41.705963999671582],[-71.789032000161498,41.704918999806189],[-71.788923000381558,41.701784000249177],[-71.788887000396542,41.70073900018933],[-71.78880399965756,41.698336000228586],[-71.788718000342143,41.695693999794976],[-71.788714999969088,41.695597999681013],[-71.788714000144196,41.695560999745581],[-71.788692000402875,41.694943000214998],[-71.788684999831872,41.694734999705986],[-71.788663000090565,41.694092999852309],[-71.788597999793225,41.692167000078875],[-71.788579000424974,41.691592000040401],[-71.788576999876838,41.691526000254299],[-71.788575000227013,41.691479000294194],[-71.788540000066902,41.690464000056089],[-71.788432000111868,41.687278999824706],[-71.788396999951786,41.686218000207091],[-71.788381000058251,41.685767999688771],[-71.788345999898155,41.68470500009424],[-71.788335999852421,41.684421000217476],[-71.788320999783807,41.683972000165042],[-71.788225000422642,41.681141000153708],[-71.787938000367461,41.672646999846556],[-71.787842999932906,41.669817000037902],[-71.787842000108,41.669793999768338],[-71.787810000320931,41.669121999875976],[-71.787712000411645,41.667038999762759],[-71.78768200027443,41.666379999880277],[-71.787680999551199,41.666360999956751],[-71.787679999726279,41.666344999698907],[-71.787642999916372,41.665515000079942],[-71.787534000136432,41.663025000108206],[-71.787498000151416,41.66219599992602],[-71.787443999724729,41.660969000017644],[-71.787430000379359,41.660650000171081],[-71.78728800008912,41.657289999677872],[-71.787238999685343,41.656110999957392],[-71.787247000081251,41.656064999685128],[-71.787307000355696,41.653694999891066],[-71.787488000105668,41.646585000199785],[-71.787540999809124,41.644517999721081],[-71.787549000205047,41.644216000244768],[-71.787560999900606,41.643700999848882],[-71.787601000083569,41.642158000005978],[-71.787613999604048,41.641644000218477],[-71.787621000175051,41.64136999976661],[-71.787637999893491,41.640710000084113],[-71.787642000091452,41.640548000148051],[-71.787648999764144,41.640273999735385],[-71.787651000312295,41.640219000259421],[-71.787651000312295,41.640201999923647],[-71.787656000335161,41.63998900023347],[-71.787657999984987,41.639917999732766],[-71.787671000403776,41.639522999906205],[-71.787712000411645,41.638339999977589],[-71.787725999757029,41.637946000209418],[-71.78773099977991,41.637776000052888],[-71.787748000396661,41.637266999920243],[-71.787755000069367,41.637098000331342],[-71.787760000092234,41.636936999718834],[-71.787776999810674,41.636456000205477],[-71.787782999658447,41.636295999688919],[-71.787795000252345,41.635926000162208],[-71.787797999727061,41.63583000018474],[-71.787833999712078,41.634819000048381],[-71.787842999932906,41.634580000126505],[-71.787846000305947,41.634449999813747],[-71.787863999849307,41.633774999862361],[-71.787873000070135,41.633429000202611],[-71.78792199957563,41.631616000214471],[-71.787955999910807,41.630367000127329],[-71.787984000398211,41.629347000096189],[-71.787986000048036,41.629279000012673],[-71.787987999697862,41.629212000324358],[-71.787990000246012,41.629134999915046],[-71.787992999720743,41.629058999883071],[-71.787996999918704,41.628914999965545],[-71.788001999941571,41.628718999915272],[-71.788036000276762,41.627497000003387],[-71.788108000246766,41.624859999741432],[-71.788126999615031,41.62418900026163],[-71.788144000231782,41.623553999676155],[-71.788195000285427,41.621650999844405],[-71.788212999828758,41.621016999705986],[-71.788216000201814,41.620976000183639],[-71.788290999646563,41.619224000219255],[-71.788376000035385,41.617283000288438],[-71.788554000310626,41.6138480002774],[-71.788647000197017,41.612056999733007],[-71.788665999565282,41.611660000314409],[-71.788668999938338,41.611620000284873],[-71.78872300036501,41.610471000332481],[-71.788741999733276,41.61007499997686],[-71.788760999999852,41.609664999842565],[-71.788776000068466,41.609351999814358],[-71.78880299983264,41.608763000046935],[-71.788853000061351,41.607713000318917],[-71.788856000434407,41.607660000188567],[-71.788901999566846,41.607315999690748],[-71.788993999628346,41.604832000226331],[-71.789043999857057,41.603520999998885],[-71.789084000040035,41.602186000235534],[-71.789206000238778,41.598180999813906],[-71.789247000246647,41.59684700004744],[-71.785882000125554,41.596981999721706],[-71.781353999715137,41.597160999899401],[-71.777407999810976,41.597321999740203],[-71.77264699977205,41.597524000199172],[-71.771409000037991,41.597578999822211],[-71.764775999880158,41.597869999722555],[-71.763107999975773,41.597943999674968],[-71.760810999709449,41.598044000075028],[-71.750204999883294,41.598366000323793],[-71.7498259997666,41.598375000099033],[-71.749579999719316,41.598385000146408],[-71.748649999956811,41.59841299973337],[-71.74645599962264,41.598509999936027],[-71.745525000035215,41.598553999772122],[-71.745407999859353,41.598558999782135],[-71.744672000265624,41.598593999841334],[-71.743525999694711,41.598647000029253],[-71.743319999830405,41.598657000034486],[-71.742427999702741,41.598668000307171],[-71.735074999844684,41.598720999762534],[-71.734643000024562,41.598720000166132],[-71.732200999993267,41.598718000301496],[-71.729351000431294,41.598710000170655],[-71.728865000184484,41.598708999902307],[-71.726869000217036,41.598703000307246],[-71.724478000239387,41.598695999771344],[-71.724227999994113,41.598695000174551],[-71.719827999630212,41.598710999767214],[-71.717464000315047,41.598718999897933],[-71.714019999652905,41.598757000001498],[-71.710527000383621,41.598795999677932],[-71.710436000147027,41.598796999944931],[-71.709783000393955,41.598803999798101],[-71.707187000376877,41.59883199987506],[-71.703879999982092,41.598868000052157],[-71.703834999776262,41.598868000052157],[-71.703408999803912,41.598869000317997],[-71.699087999981032,41.598869000317997],[-71.693130000215902,41.59886699978626],[-71.69290799955975,41.598868000052157],[-71.692842000335816,41.598869000317997],[-71.690165999952796,41.59883999999078],[-71.68844399962174,41.598821999896948],[-71.685951000435139,41.598735999752542],[-71.683884000322578,41.598735000156424],[-71.682079000150836,41.598733999888452],[-71.676447999725553,41.598730999756242],[-71.674621999637424,41.598730000160046],[-71.672126999902687,41.598730999756242],[-71.671839000022587,41.598730999756242],[-71.670068000186035,41.598720000166132],[-71.669415000432963,41.598710999767214],[-71.668098999982774,41.598672000039421],[-71.666053999611506,41.598615999734527],[-71.665003000373488,41.598615999734527],[-71.664216999652723,41.598611999998752],[-71.663177000285359,41.598690000175083],[-71.662263000416374,41.598690000175083],[-71.662229000081183,41.598690000175083],[-71.661475000045783,41.598690000175083],[-71.659704000209217,41.598688999906415],[-71.659395000412744,41.598692000040579],[-71.659074000022372,41.598693999905969],[-71.658756999829961,41.598693000309154],[-71.658623999760579,41.598693000309154],[-71.658386999934109,41.598692000040579],[-71.65832800038288,41.598690999771947],[-71.657510999699966,41.598693000309154],[-71.655686000335052,41.598697000039905],[-71.655304999670221,41.598698000308389],[-71.654786999636372,41.598698999905139],[-71.654634000373804,41.598698999905139],[-71.653692999842335,41.598700999770358],[-71.653569999818686,41.598700999770358],[-71.653173000158674,41.598795999677932],[-71.653019000172861,41.598828000152722],[-71.651589999744758,41.599162999888193],[-71.651410999644625,41.59920599969022],[-71.651193999909637,41.599257999787476],[-71.649535000226081,41.59965299977825],[-71.649079000116501,41.599761000218798],[-71.648804999581813,41.599830999686269],[-71.648212000103186,41.599968000334023],[-71.648044999698612,41.600005999702155],[-71.647731999704163,41.600079000317052],[-71.647515999794095,41.600128999890011],[-71.646894000003158,41.60027500008718],[-71.646221999983524,41.600433999737511],[-71.645241999992294,41.600663999814408],[-71.643983000341834,41.600979000137585],[-71.643726000423868,41.600980999932098],[-71.643603000400233,41.600982999726604],[-71.64335399997988,41.600962000202003],[-71.642526000324622,41.600959999735146],[-71.642278999554108,41.600959999735146],[-71.641910000381472,41.600959000173425],[-71.641595999663807,41.600959000173425],[-71.637812999966286,41.600951000320393],[-71.63732099987169,41.600948000291247],[-71.636983999587798,41.600948000291247],[-71.627475999753642,41.600914999961802],[-71.620732000166072,41.600896000212273],[-71.620461000004411,41.600896000212273],[-71.618255999799601,41.600890000148773],[-71.616305999862888,41.600884000084768],[-71.613724999914439,41.600876000222392],[-71.613553000385309,41.600876000222392],[-71.610305000440064,41.600865999889301],[-71.607932000005746,41.60085499999127],[-71.604940999978467,41.60087499998766],[-71.604801000236378,41.600879000254892],[-71.604687000433557,41.600882999850107],[-71.602637999864356,41.600945999823942],[-71.601799000338445,41.600971999848518],[-71.596778999833418,41.601127000216962],[-71.596034000018861,41.601148999918372],[-71.595900000124544,41.601150000148898],[-71.594190000387357,41.601165000246105],[-71.591374000262263,41.601188000164498],[-71.590412999639312,41.601195999988143],[-71.583157999690556,41.601256999870508],[-71.57801599988511,41.60129900006428],[-71.577124999582367,41.601306999874225],[-71.574285000066141,41.601350999818557],[-71.571752999623158,41.6013910001694],[-71.569257000063516,41.601442999849489],[-71.569151999583212,41.601442999849489],[-71.567391999617314,41.601448000307428],[-71.564705000261966,41.601442999849489],[-71.563853000317266,41.60146200010972],[-71.557868999714543,41.601594999759307],[-71.552428999983277,41.601746999982829],[-71.551279000112757,41.601773999905546],[-71.550504000160942,41.60179600005813],[-71.547387999561863,41.601873999744768],[-71.546147000353059,41.601891000111777],[-71.545013000376045,41.601916000208718],[-71.544806999613414,41.601993000204644]]]},"properties":{"NAME":"Kent County","BASENAME":"Kent","GEOID":"44003","STATE":"44","COUNTY":"003"}},{"type":"Feature","geometry":{"type":"MultiPolygon","coordinates":[[[[-71.575198999935111,41.320940999722218],[-71.556933000104252,41.316254000054577],[-71.543850999911626,41.312597999971338],[-71.526594000384321,41.308803999992037],[-71.512060000197394,41.308079999881294],[-71.509442000438995,41.30773199975954],[-71.506601000199538,41.312600999872757],[-71.482019000403298,41.348536999962185],[-71.48189899985438,41.348601999713814],[-71.481784000226639,41.34871199997567],[-71.481097000138391,41.349071000003164],[-71.480699999580025,41.349414000199531],[-71.480241999820635,41.349802999829905],[-71.479753999924,41.350177000210969],[-71.47931200005813,41.350504999754051],[-71.478609999901252,41.350923999868911],[-71.478198000172611,41.351321000296487],[-71.477526000152949,41.351946999914794],[-71.476793999858856,41.35268699998349],[-71.476275000000101,41.353304999818739],[-71.475557999774594,41.354158999805726],[-71.474826000378812,41.355020999976084],[-71.474648000103585,41.355253000043611],[-71.474321999690332,41.355677999824472],[-71.473741999732212,41.356372000022091],[-71.467328999682408,41.3651119998787],[-71.459999000288917,41.375102000195369],[-71.456727000054244,41.381785000109929],[-71.454338999551311,41.386663000085903],[-71.445800999662623,41.404101000169298],[-71.440853999850873,41.414204999790599],[-71.436265000239388,41.423578000287023],[-71.432026000432288,41.432235999932821],[-71.429398999554763,41.43760200012423],[-71.429139000162081,41.437998000109488],[-71.422767000120174,41.447682999952029],[-71.421899000281954,41.449002000133753],[-71.417268999764261,41.455946999790918],[-71.412783999909863,41.462674000287734],[-71.409099000121614,41.468201999756992],[-71.409044999694942,41.468340999993799],[-71.408778999556176,41.470123999826882],[-71.408464999736793,41.472224000211625],[-71.408432999949767,41.472487999819549],[-71.40774800040964,41.478212999787857],[-71.407823999679309,41.48071600018023],[-71.408251000374875,41.483042000004787],[-71.408398999614576,41.484500999735069],[-71.408849999701289,41.486192000054771],[-71.41014400041017,41.491043999955743],[-71.410387999909332,41.491959999877828],[-71.410555000313892,41.492424999968833],[-71.410967999867452,41.493578000214512],[-71.411958999729336,41.495843999948129],[-71.412645999817599,41.497553000309985],[-71.413026999584105,41.498689999965848],[-71.411598999879232,41.504500999995024],[-71.409991000249292,41.506693000220864],[-71.408311999575929,41.508661000167073],[-71.406409000393211,41.510240999996917],[-71.406024000428758,41.510561000120262],[-71.404482999847659,41.512010000308955],[-71.403659000390363,41.5127959998227],[-71.402513999644384,41.514085999817922],[-71.40147699975175,41.51611499994133],[-71.401095000160325,41.517740000032909],[-71.401156000259704,41.518930000047156],[-71.401398999933946,41.527501000185204],[-71.401384999690237,41.527650999908971],[-71.401338999659487,41.52814999982278],[-71.401331000161903,41.528231999753089],[-71.400576000301584,41.53643199981294],[-71.399505999898665,41.548039999750159],[-71.398699000159795,41.55680100023546],[-71.397417999869702,41.562578000221507],[-71.395754000163279,41.568581999875455],[-71.394296000321177,41.573436999973083],[-71.393603000385127,41.575746000010426],[-71.390998000147221,41.583201000035189],[-71.39087099992561,41.583597000019346],[-71.390671999733968,41.584009000139979],[-71.390550000433564,41.584322000134648],[-71.390321000104706,41.585100000061701],[-71.390030999676483,41.585756000020289],[-71.389634999841348,41.586809000261965],[-71.389314000349302,41.587853999994522],[-71.388765000353303,41.589220000050879],[-71.388352999726337,41.59018099973111],[-71.388017000165661,41.590967000022431],[-71.387787999836817,41.591439999899357],[-71.387590000368405,41.591828999803113],[-71.387575000299805,41.592028000213659],[-71.387514000200426,41.59228699994064],[-71.387437000207541,41.592691000166255],[-71.387437000207541,41.593088000078332],[-71.387376000108162,41.593446999715724],[-71.387392000001682,41.593812999766463],[-71.387468000169676,41.594178999757354],[-71.387514000200426,41.594721000259909],[-71.387468000169676,41.595194000173677],[-71.387590000368405,41.59569700003285],[-71.387560000231176,41.596277000101054],[-71.387636000399155,41.596757999734521],[-71.387682000429919,41.597025000305088],[-71.387726999737453,41.597521000010758],[-71.387818999798967,41.597979000067731],[-71.387818999798967,41.598078000135388],[-71.387787999836817,41.598733999888452],[-71.387848999936196,41.599267999698021],[-71.387848999936196,41.599549999762004],[-71.387864999829716,41.600312999946262],[-71.387833999867567,41.600953999677593],[-71.387864999829716,41.601450000087468],[-71.387757999699588,41.602129000077639],[-71.387621000330554,41.602648000258341],[-71.387442000230408,41.60367299971594],[-71.386308000253408,41.610198999867961],[-71.386308000253408,41.613132999776433],[-71.386454999668175,41.620875999732483],[-71.386196000100398,41.621742999804134],[-71.385192999644644,41.62510099983065],[-71.385168000428607,41.626523999972136],[-71.385519000057883,41.628027000192965],[-71.385991999885903,41.629064000214818],[-71.386464999713922,41.630704999916382],[-71.386709000111395,41.631605000188152],[-71.386357999583794,41.633900999960161],[-71.384878000000398,41.635281999701647],[-71.383000999858609,41.637037000100726],[-71.381933000003855,41.639027999849752],[-71.381748999880841,41.640560999900998],[-71.38157300015375,41.641935000059654],[-71.381614000161619,41.644331000201106],[-71.38149100013797,41.646454999936878],[-71.380889000438543,41.648454000038129],[-71.38060900005604,41.649677000165852],[-71.380542000108889,41.650325999772875],[-71.390102999646487,41.652292999798632],[-71.391084000360948,41.652349999923523],[-71.402645000063941,41.653886000086892],[-71.408155999940334,41.653810999792874],[-71.408734000248629,41.653820999971352],[-71.412818000245053,41.654371000013967],[-71.417580999933804,41.654952000139573],[-71.421479999982267,41.654393999752322],[-71.422316000033462,41.654217000153245],[-71.42388400037872,41.653888000254632],[-71.428940999795358,41.650569000238406],[-71.432796000361236,41.651322999903094],[-71.43594399984903,41.649222999953743],[-71.435993000252836,41.649203000181338],[-71.436639000333201,41.648937999757599],[-71.437013000427029,41.648850000323179],[-71.438134999810146,41.648587000122241],[-71.438215000176086,41.648543000180339],[-71.438308999887425,41.648495000209444],[-71.43840299959875,41.648440999863752],[-71.438493999835345,41.648383000138182],[-71.438590999919725,41.648323000019964],[-71.438692000202067,41.648268000030257],[-71.438790000111354,41.648222000198139],[-71.438958000340847,41.648138999980134],[-71.439040000356613,41.648107999976439],[-71.439127000395246,41.64808500000732],[-71.439215000258784,41.648058000003957],[-71.439300999574201,41.648022999933048],[-71.439469999628614,41.647937000272528],[-71.439719000048953,41.647812000272438],[-71.439792999668796,41.647763000249213],[-71.439862000164084,41.647708999961239],[-71.439926999563099,41.647655999808649],[-71.439984000362827,41.647595999684583],[-71.440076000424327,41.647475999940099],[-71.440165000112785,41.647369999879238],[-71.440221000189283,41.647318999819419],[-71.440339000190065,41.647216000062592],[-71.440391999893492,41.647166000069113],[-71.44043299990139,41.647114999847865],[-71.440452000167966,41.647038000016451],[-71.44044999961983,41.646983999792084],[-71.440443999772043,41.646923999713472],[-71.440437000099351,41.646860999671468],[-71.440425000403792,41.646801000149537],[-71.440401999939255,41.64674799992126],[-71.440385000220829,41.646673000043002],[-71.44043200007647,41.646612999674716],[-71.440515999742061,41.646581000082008],[-71.440584000412443,41.646609000229965],[-71.440672000275995,41.646613999871533],[-71.440748000443975,41.646575999766597],[-71.44084100033038,41.646559999963067],[-71.440797999774375,41.646514000253958],[-71.440719999956571,41.646508999933346],[-71.440630000443193,41.646510000131777],[-71.440587999712093,41.646504000283642],[-71.440560000123,41.646459000062471],[-71.440593999559866,41.646406999752834],[-71.440644999613497,41.646358000003602],[-71.440715999758609,41.646302999678944],[-71.440791000101669,41.646256000255327],[-71.44085899987374,41.646216999736325],[-71.440893000208945,41.646197999905205],[-71.440924999995971,41.646180000272032],[-71.44101500040766,41.646147999792987],[-71.441093000225464,41.646128999941567],[-71.44117600006615,41.646110000084541],[-71.441265999579514,41.646090000016976],[-71.441356999816108,41.64606699999873],[-71.441443000029835,41.646039000286507],[-71.441526999695427,41.64600900014981],[-71.441613999734059,41.645987000309177],[-71.441703000320828,41.645970999688089],[-71.441790000359461,41.645967999738993],[-71.441874999849958,41.645967999738993],[-71.44196000023878,41.645967999738993],[-71.442048000102332,41.645964999789754],[-71.442135000140979,41.645954999734265],[-71.44221299995877,41.645928999716958],[-71.442280999730826,41.645890999879299],[-71.442341999830205,41.645860999673687],[-71.442428999868824,41.645851000273304],[-71.442508000409873,41.64581800009298],[-71.442571000159063,41.645764999727348],[-71.442582999854622,41.645749999932612],[-71.442617000189813,41.645711999989381],[-71.442647000327057,41.645646000140736],[-71.442675999741056,41.645596000271439],[-71.442714000274208,41.645549999874056],[-71.442771000175597,41.645485000073762],[-71.442797999939785,41.645432000105465],[-71.442818000031266,41.645371999924116],[-71.442830999551745,41.645308999707112],[-71.442843000145615,41.64524600009976],[-71.442829999726825,41.645189999949586],[-71.442775000373572,41.645123000017584],[-71.442716999748924,41.645060000228362],[-71.442676999565947,41.644991999939251],[-71.442664999870402,41.644923000026665],[-71.442691999634576,41.644858000265131],[-71.442712999550963,41.644801999777684],[-71.442730999992619,41.644738999674651],[-71.44273699984042,41.644674999954411],[-71.44273699984042,41.644609999942695],[-71.442735000190595,41.64454199984997],[-71.442729000342794,41.644474999915438],[-71.442716999748924,41.644398000285364],[-71.442690999809656,41.644334999787304],[-71.442652000349909,41.644280999982641],[-71.442613999816757,41.644230000162878],[-71.442582000029702,41.644178000068131],[-71.442545000219795,41.644124000131889],[-71.442510999884604,41.644064000075076],[-71.442479000097549,41.644000999921758],[-71.442440999564411,41.643935000334352],[-71.442397000081797,41.643873000294221],[-71.442355000249009,41.643809999954101],[-71.442316999715842,41.643752000087353],[-71.442278000256096,41.643702000090855],[-71.442211000308944,41.643638000011912],[-71.442165000278194,41.643595000290269],[-71.442125999920137,41.643548999806889],[-71.4420740000416,41.64349000013128],[-71.442007999919369,41.643441000177489],[-71.441973999584164,41.643389999692864],[-71.441964000436741,41.643327999799645],[-71.441986000178062,41.643275000070965],[-71.442029999660676,41.643229000030509],[-71.442079000064467,41.643186000035925],[-71.442140999988752,41.643139999931876],[-71.442202999913022,41.64309600029781],[-71.442252000316842,41.643051999962431],[-71.442265999662226,41.643021000196327],[-71.442283000278977,41.642946000007498],[-71.442280999730826,41.642920999701388],[-71.442321999738709,41.642892999964616],[-71.442383999662994,41.642846000067479],[-71.442387000036035,41.642784000322095],[-71.44237399961726,41.642729999888928],[-71.442397999906689,41.642690000334532],[-71.442473000249763,41.642676999668431],[-71.442558999565179,41.642671999721365],[-71.442633000083347,41.642671999721365],[-71.442669000068349,41.642671000134683],[-71.442706999703191,41.642669000289992],[-71.442786000244212,41.642643999876405],[-71.442850999643227,41.642612000326423],[-71.442909000267875,41.642576999982275],[-71.442973999666876,41.642542999879083],[-71.443052000382991,41.642524999896175],[-71.443132999675541,41.642521999786631],[-71.443223000087229,41.642524999896175],[-71.443306999752807,41.642529999854609],[-71.443391000316709,41.642537000332865],[-71.443470999784338,41.642541000030377],[-71.443551999975185,41.642544000139033],[-71.443638000188912,41.642542999879083],[-71.44371199980877,41.642521000197625],[-71.443788999801654,41.642488000325748],[-71.443859000121847,41.642452999914212],[-71.443936000114746,41.642411999925841],[-71.444006000434953,41.64236599994058],[-71.444060999788221,41.642328000015567],[-71.44412000023776,41.642290000068151],[-71.444173999766122,41.642250999833806],[-71.444228000192794,41.642210999982019],[-71.444295000139945,41.64217400023135],[-71.444361000262191,41.642141000181724],[-71.44442200036157,41.642109999977343],[-71.444491999783438,41.642081999888177],[-71.444574999624123,41.642046999927437],[-71.444641999571274,41.642020999675815],[-71.444673000431735,41.642010000082557],[-71.444711000066562,41.641995999682145],[-71.444771000341007,41.641965999676934],[-71.444838000288158,41.64193199992269],[-71.444901000037348,41.641898000150455],[-71.444967999984499,41.641851999798263],[-71.445017000388304,41.641807999956093],[-71.445059000221093,41.641762999811725],[-71.445096000031029,41.641705999718056],[-71.445121999970297,41.641644000218477],[-71.445138999688737,41.641590999776035],[-71.445152000107527,41.64152600000989],[-71.445151000282607,41.641468999706582],[-71.445125000343339,41.641418999952585],[-71.445084000335456,41.641372999929786],[-71.444992000273942,41.641141000102465],[-71.444942999870136,41.64109400027013],[-71.444900000212456,41.641037000255992],[-71.444868000425387,41.640980999804405],[-71.444844999960864,41.640935999753857],[-71.444838000288158,41.640923000076562],[-71.444813000173809,41.64087099999837],[-71.444793999907219,41.640808999695416],[-71.444782000211674,41.64075299971698],[-71.444803999952981,41.640694000166576],[-71.444829999892235,41.64064100028547],[-71.444836999564941,41.640580000051663],[-71.44486300040252,41.640520999671566],[-71.444911000083081,41.640470000232469],[-71.444962000136726,41.640429000325092],[-71.445013000190343,41.640390000307114],[-71.445066999718705,41.640346999760688],[-71.445111000099644,41.640301999938806],[-71.445153999757352,41.640251000326394],[-71.44520800018401,41.640201999923647],[-71.445265999910333,41.640153000154982],[-71.445341000253393,41.640108999824029],[-71.445409999850384,41.640072999836036],[-71.445470999949748,41.640022999670229],[-71.445544999569591,41.639987999933865],[-71.445623000285721,41.63998900023347],[-71.445715000347207,41.639991000161338],[-71.44579200034012,41.639989999861761],[-71.445864000310138,41.639980999850046],[-71.445885000226525,41.63991700010336],[-71.445889000424486,41.639861000021142],[-71.445898999571909,41.639806999823819],[-71.445907999792752,41.639744999839834],[-71.445902999769885,41.639689999912449],[-71.445898999571909,41.639634999938067],[-71.445877999655508,41.639572000153898],[-71.445891000074312,41.63950800000103],[-71.445911000165808,41.639441999839761],[-71.445932000082195,41.639378000229151],[-71.445946000325904,41.639319000091255],[-71.445956000371638,41.639261999849815],[-71.445958000021463,41.639200000012849],[-71.445958000021463,41.639158999968842],[-71.445958000021463,41.639136000161912],[-71.445964999694169,41.639074000203742],[-71.445978000112959,41.639012999829362],[-71.445990999633437,41.638957000304316],[-71.44601499992288,41.638901999704359],[-71.446054000280952,41.638855000253081],[-71.446100000311702,41.638810000060687],[-71.446151000365305,41.638770000087028],[-71.446230999832935,41.638743000208322],[-71.446276000038793,41.638762999870906],[-71.446276999863684,41.638836999911319],[-71.44625099992443,41.638893000212057],[-71.446244000251738,41.638906999943941],[-71.446223000335337,41.638952000068606],[-71.4461999998708,41.639012999829362],[-71.446194000023027,41.639074999846223],[-71.446200999695719,41.639140000070576],[-71.446250000099511,41.639112000033585],[-71.446318999696473,41.639095999719288],[-71.44637899997096,41.639065999706716],[-71.446447999567923,41.639046999781037],[-71.446524999560808,41.639023999934196],[-71.446590999683067,41.638999999764152],[-71.446661999828166,41.638967999747287],[-71.446732999973278,41.638954000028662],[-71.446809000141272,41.638935999714583],[-71.446885000309251,41.638923000305162],[-71.446960999578906,41.638887000326001],[-71.447013000355767,41.638842000155947],[-71.447057999663286,41.63878999974127],[-71.447093999648303,41.638714999998896],[-71.447071000082076,41.638680000223466],[-71.447001999586789,41.63865000001725],[-71.446941000385735,41.638590999884208],[-71.446907999875464,41.638529000073092],[-71.446905000400719,41.638467000202262],[-71.446908999700369,41.638409999878618],[-71.44694200021064,41.638349999872162],[-71.44698800024139,41.638297999731876],[-71.447060000211422,41.638250000184854],[-71.447121000310787,41.638215999812701],[-71.447184999884897,41.63817299982977],[-71.447255000205089,41.638127999832527],[-71.447327000175122,41.638086000120076],[-71.447399000145154,41.63804799968527],[-71.447475000313119,41.638017999856167],[-71.44753999971212,41.637991000333734],[-71.447610999857261,41.637962000137854],[-71.447675000329653,41.637924999961626],[-71.447742000276804,41.637871999817293],[-71.447809000223955,41.637802000003227],[-71.447871999973145,41.637724000120841],[-71.447937000270485,41.637656999810829],[-71.447970999707351,41.637594999772553],[-71.44795300016402,41.637530999670432],[-71.447929999699468,41.637455000138004],[-71.447919999653735,41.637380999853484],[-71.447929999699468,41.637311000177512],[-71.447964000034659,41.637250000148491],[-71.448019000286251,41.637199999806519],[-71.448086000233403,41.637162000192014],[-71.448164000051207,41.637125000227826],[-71.448246999891865,41.637086999897768],[-71.448338000128473,41.637045000178254],[-71.448439000410815,41.637000999739442],[-71.448539999794832,41.636956000266579],[-71.448639000427363,41.636919999860041],[-71.448730999590552,41.636900000296862],[-71.448825000200188,41.636907000043969],[-71.448916000436796,41.636925000253406],[-71.448995999904412,41.636942999786385],[-71.449102000209635,41.636940000088401],[-71.449159000111038,41.636902999996764],[-71.449205999966694,41.636851999708647],[-71.449247999799496,41.636794000292888],[-71.449286000332648,41.636730000066784],[-71.449311000446997,41.636661000035012],[-71.44933900003609,41.636581000080874],[-71.449368000348414,41.636498999991204],[-71.449388000439896,41.636418999835982],[-71.449396999762399,41.636341999978804],[-71.449385000066854,41.636267999759085],[-71.449344999883877,41.636203999682003],[-71.449282999959607,41.636151000136572],[-71.449205000141802,41.636101999973334],[-71.44913300017177,41.636048999672589],[-71.449060000376832,41.6359959999997],[-71.448981999660717,41.635941000229693],[-71.44891200023882,41.63588299999418],[-71.448855000337431,41.635824999706422],[-71.448817999629171,41.635773000214385],[-71.448796999712783,41.635718999948622],[-71.448794000238053,41.635661000184683],[-71.448816999804279,41.63560600012886],[-71.448861000185204,41.63555300009164],[-71.448914999713566,41.635513000110706],[-71.448984000208839,41.635484999840713],[-71.449058999653602,41.635480000007028],[-71.449123000126022,41.635450000325378],[-71.449200999943841,41.635406000140414],[-71.449267999890978,41.635361999925408],[-71.449344000058971,41.635307000285799],[-71.449424000424898,41.635245999702867],[-71.449491000372063,41.63517999987662],[-71.449530999656702,41.635102999882029],[-71.449558000319215,41.635023999713518],[-71.449570000014774,41.634950999701168],[-71.44957500003764,41.634879999692615],[-71.449566999641718,41.634809999985897],[-71.44954200042568,41.634742000293897],[-71.449518000136237,41.634687000125219],[-71.449474999580204,41.634626000298347],[-71.44941400037915,41.634575000222618],[-71.449334999838129,41.634531999824631],[-71.449272000088939,41.634500999988333],[-71.449195000096054,41.634470999851011],[-71.449118000103141,41.634440999699727],[-71.449041000110256,41.634416000122499],[-71.448970999790049,41.634392999965748],[-71.448879999553469,41.634352000220659],[-71.448810000131587,41.6342960000026],[-71.448764999925729,41.634250999983976],[-71.448704999651284,41.63418499981028],[-71.448651000122922,41.634112999909931],[-71.448609000290134,41.634033000150161],[-71.448571999581887,41.633956999849985],[-71.448549000015674,41.633886000089333],[-71.448543000167874,41.633815999974523],[-71.448534999771965,41.633742000211676],[-71.448522000251486,41.633657999742809],[-71.448502000160005,41.633561000016364],[-71.448472999847695,41.633464000143938],[-71.448446999908427,41.633377000120355],[-71.448444000433696,41.633299999986079],[-71.44848799991631,41.633236000318938],[-71.448558000236503,41.633176999929553],[-71.448640000252269,41.633118999892453],[-71.448711000397381,41.633057999924453],[-71.448738999986475,41.632988000253249],[-71.448732000313768,41.632906000292358],[-71.448735999613419,41.632817000036624],[-71.44876999994861,41.632732999705176],[-71.448811999781398,41.632659999783804],[-71.44884899959132,41.632588999937326],[-71.448887999949392,41.632525000235688],[-71.448940999652848,41.63247300009558],[-71.449010000148121,41.632417000259359],[-71.449092999988807,41.632362000121034],[-71.449185999875212,41.632312000015645],[-71.449277000111806,41.63225600003949],[-71.449319999769514,41.632194999926242],[-71.449332000363398,41.63217899990898],[-71.44933900003609,41.632087999819255],[-71.44933900003609,41.632005000304211],[-71.449345999708797,41.631935999914099],[-71.449370999823145,41.631869000301528],[-71.44940199978528,41.631818000058708],[-71.449411999831028,41.631801999947868],[-71.44946399970955,41.631738000136245],[-71.449523999984024,41.631678999718602],[-71.44957500003764,41.631620999676443],[-71.44960599999979,41.631556999685166],[-71.449627999741097,41.631494999821797],[-71.449648999657484,41.631435999853196],[-71.449658999703217,41.631362000043794],[-71.449658999703217,41.631305999913835],[-71.449661000251353,41.631231000191072],[-71.44968399981758,41.631177000148689],[-71.449718000152771,41.631117999888971],[-71.449753000312882,41.631051999864511],[-71.449781999726881,41.630987999979716],[-71.449807999666149,41.630932000196303],[-71.449853999696899,41.630885000304495],[-71.449914999796263,41.630845000112508],[-71.44998500011647,41.6308130000753],[-71.450055000436677,41.630784000006877],[-71.450125999683465,41.630754000153878],[-71.450199000376713,41.630716999868348],[-71.450276000369598,41.630677000243516],[-71.450298999935825,41.630666999829856],[-71.450359000210284,41.630642000131765],[-71.450392999647164,41.630630999939285],[-71.450452999921609,41.630612000212736],[-71.450550999830895,41.63058800026743],[-71.450641000242584,41.630571999851298],[-71.450730999755947,41.630568999856756],[-71.45082100016765,41.630568999856756],[-71.450905999658147,41.630570000302555],[-71.450977999628179,41.630565000087621],[-71.451074999712532,41.630535999907629],[-71.451143000382928,41.630500999719374],[-71.451218999652582,41.630460999960512],[-71.451307000414445,41.630427999956098],[-71.451413999646263,41.630412000171702],[-71.451504999882857,41.630385999926091],[-71.451535000020087,41.63033900030765],[-71.451534000195181,41.630261999901585],[-71.451511999555549,41.63018599985535],[-71.451478000118669,41.630135000295333],[-71.45143200008792,41.630077000206889],[-71.45138400040733,41.63001399980854],[-71.4513390002015,41.629951000020128],[-71.451304999866323,41.629888000170098],[-71.451284999774813,41.629828000287709],[-71.451280999576866,41.629807000080667],[-71.451272000254349,41.629766999891203],[-71.451267000231482,41.629703999861356],[-71.451271000429429,41.629639999981194],[-71.451287000322964,41.629575000247677],[-71.451313000262232,41.629496000018513],[-71.451365999965688,41.629454999844398],[-71.451539000218034,41.629425999836528],[-71.451613999662811,41.629425000044392],[-71.451697000401794,41.629409999803443],[-71.451781999892304,41.629396999815569],[-71.45185800006027,41.629396999815569],[-71.451930000030302,41.629396999815569],[-71.452007999848107,41.629396999815569],[-71.452097000434861,41.629396999815569],[-71.45218899959805,41.629399000072155],[-71.452269999788925,41.629412999851873],[-71.452340000109132,41.629432999723832],[-71.452350999979757,41.629438999818504],[-71.452426000322845,41.629477999748723],[-71.45250699961538,41.629528999828501],[-71.452586999981335,41.629579000078245],[-71.452643000057819,41.629617999923767],[-71.452713000378026,41.629662000031111],[-71.452787999822775,41.629707999683909],[-71.452848000097234,41.629757999794769],[-71.452927999564849,41.629803000264253],[-71.453000000433207,41.629833999674169],[-71.453055999611379,41.629848000030876],[-71.45307300022813,41.629851999844504],[-71.453110000038066,41.62985899968556],[-71.453240999559299,41.629881000332198],[-71.453264000023836,41.629888999955057],[-71.453403999765911,41.629951999804106],[-71.453668000254893,41.630018000283314],[-71.453891999662559,41.630049000261252],[-71.453910000104216,41.630047999807374],[-71.45394299971619,41.63009999988931],[-71.45395500031006,41.630118999766772],[-71.453962999807672,41.630132000280454],[-71.4539720000285,41.630145000120073],[-71.454207000205145,41.630487999951498],[-71.454330000228794,41.630668000274134],[-71.454403999848637,41.631202000310694],[-71.454387999955088,41.631234000154805],[-71.454230999596263,41.631552000218235],[-71.454084000181481,41.631921000257435],[-71.454059000067133,41.632307999683213],[-71.454170000395209,41.632726000176149],[-71.454229999771357,41.632953000053448],[-71.454671999637227,41.633708000146974],[-71.455235999701841,41.634629999815459],[-71.455579999658426,41.635109000120359],[-71.455997000308273,41.635404000070267],[-71.456512999794001,41.635606999825079],[-71.457298999616455,41.635791999762539],[-71.457496999983178,41.635850999772437],[-71.457666999862496,41.635902000181254],[-71.457877999749684,41.636069000171233],[-71.458190999744119,41.636309999984952],[-71.458255000216539,41.636324000277938],[-71.458323999813501,41.636365999795906],[-71.458337000232305,41.636462000317799],[-71.458337000232305,41.636534999961512],[-71.458337000232305,41.636589000214997],[-71.458337000232305,41.636656000292554],[-71.458341000430252,41.636726999687454],[-71.458350999577704,41.636794999970739],[-71.458367000369535,41.63685900013234],[-71.45838400008796,41.636921000207266],[-71.458410999852148,41.636981999876291],[-71.458445000187339,41.637047000197526],[-71.458485000370317,41.637113000126021],[-71.458501000263823,41.637138999672452],[-71.458524999654969,41.637176999971842],[-71.458569000035894,41.637242000096357],[-71.45862000008951,41.637303999802903],[-71.458672999792967,41.637368999799335],[-71.458722000196772,41.637437000076638],[-71.458768000227536,41.637503999943981],[-71.458820000106059,41.637562999729433],[-71.45887000033477,41.637622999797209],[-71.458921000388401,41.637686000143958],[-71.458969000068976,41.637754000086787],[-71.459009000251939,41.637823000291107],[-71.459035000191221,41.637867000168775],[-71.459046999886795,41.637887000103206],[-71.459123000054774,41.637946000209418],[-71.459194000199872,41.637966999778996],[-71.459278999690369,41.637984000032993],[-71.459369999926977,41.638001000282507],[-71.459463999638288,41.638019000186354],[-71.459559999897763,41.638041000062039],[-71.459650000309452,41.638062999930213],[-71.459723999929295,41.638080999816786],[-71.45981799964062,41.638098000040713],[-71.459902000204522,41.638109000301675],[-71.459974999999474,41.638113000274032],[-71.460068999710799,41.638113000274032],[-71.460153000274701,41.638115999917467],[-71.460252000008907,41.638117999903464],[-71.460359999963941,41.63811999988939],[-71.460461000246269,41.638117999903464],[-71.460551999584538,41.638100000027265],[-71.460635000323549,41.638062000272093],[-71.46071899998914,41.638021000175407],[-71.460797999631851,41.63798699968244],[-71.460867999952058,41.637952999842909],[-71.460932000424449,41.637918000325037],[-71.46100299967128,41.637887999764096],[-71.461108000151569,41.637879999791174],[-71.461186999794279,41.637918999985452],[-71.46125399974143,41.637978999721796],[-71.461294999749313,41.638023999823076],[-71.461350999825811,41.638084999790884],[-71.461432999841577,41.638129999818148],[-71.461500999613619,41.638156999953708],[-71.461576999781613,41.638186999718116],[-71.461648999751645,41.638215000156947],[-71.461740999813145,41.638242999912244],[-71.461835000422795,41.638264000056417],[-71.461931999608851,41.63828700017455],[-71.462022999845445,41.638310999938746],[-71.462108000234267,41.638332999714756],[-71.462181000029204,41.638349999872162],[-71.462211999991339,41.638357000133148],[-71.46224700015145,41.638363000068551],[-71.462354000281564,41.638380000218085],[-71.462466000434546,41.638326999776567],[-71.462524999985774,41.638254999803657],[-71.462530999833561,41.638227000053568],[-71.462556999772829,41.63817299982977],[-71.462593999582765,41.63811999988939],[-71.462628999742861,41.638066000247363],[-71.462664999727863,41.637997000303208],[-71.462690999667132,41.637944000218091],[-71.462730999850109,41.637875999804358],[-71.462757999614283,41.637819999962652],[-71.462787999751527,41.637756000084011],[-71.462829999584315,41.637684999808556],[-71.462862000269681,41.637632999803081],[-71.462892000406896,41.637582999758251],[-71.462914999973123,41.637528999666223],[-71.462935000064618,41.637467999843544],[-71.462962999653698,41.637400999938777],[-71.463002000011755,41.637331000284519],[-71.463032000148999,41.637287999711063],[-71.463044999669464,41.63726899993258],[-71.463089000050388,41.637205000178156],[-71.463125999860324,41.637138999672452],[-71.463160000195515,41.637074000115376],[-71.463187999784594,41.637010000167322],[-71.463212000074051,41.636942999786385],[-71.463222000119785,41.636909999743537],[-71.463231000340627,41.636880999732611],[-71.463251000432095,41.636817000264244],[-71.463273000173416,41.636753000060928],[-71.463296999564548,41.636690999824388],[-71.463320000029071,41.636640000039897],[-71.463372999732528,41.636581999761972],[-71.463436000380028,41.636543999783143],[-71.463524000243581,41.636537999678403],[-71.463600000411574,41.636545999817919],[-71.463682000427326,41.636560000059632],[-71.463768999567648,41.636570000230442],[-71.463850999583414,41.63657400029831],[-71.463949000391011,41.636576000332205],[-71.464022000185949,41.636570000230442],[-71.464094999980901,41.636551000240296],[-71.464158999554982,41.636522000067842],[-71.464238999920937,41.636481000334186],[-71.464311999715861,41.636448999738001],[-71.464385000409109,41.636399000117343],[-71.464454999830991,41.636358000305499],[-71.464511999732395,41.636327000004641],[-71.464576000204829,41.636295999688919],[-71.464648999999767,41.636267999759085],[-71.464725999992652,41.63624599994958],[-71.464798999787575,41.636235000042021],[-71.464896999696876,41.636202000308018],[-71.464957999796241,41.63616699983924],[-71.465018999895605,41.636132999710973],[-71.465083000368026,41.636104000021824],[-71.465146000117215,41.636063999711453],[-71.465217000262328,41.63601300010221],[-71.465286999684224,41.635961000090447],[-71.465345000308844,41.635911999782763],[-71.465394999639244,41.635863000109218],[-71.465448000241011,41.635795999878688],[-71.465510999990201,41.635760000166954],[-71.465586000333261,41.635731000309981],[-71.465665999800891,41.635712999767129],[-71.465741999968884,41.635683000193879],[-71.465813999938916,41.63564600005202],[-71.465881999710959,41.635608000192732],[-71.465966000274861,41.635577000202538],[-71.466065000009067,41.635546999894643],[-71.466162999918367,41.635524000141523],[-71.466245999759039,41.635488000277867],[-71.466307999683323,41.635437999911694],[-71.466325000300074,41.635375000053116],[-71.466350000414423,41.635310000059832],[-71.466389999699075,41.635245000000999],[-71.466433000255108,41.635179000173714],[-71.466471999714841,41.635118000141063],[-71.466511000072899,41.635063000293229],[-71.466562999951449,41.635018000138686],[-71.46669299964779,41.634942000328515],[-71.46675000044749,41.634895999710835],[-71.466798999952985,41.634842000053077],[-71.466845999808655,41.634782999790957],[-71.466901999885152,41.634724000146242],[-71.466952000113864,41.634659000167808],[-71.466997000319708,41.634596000219204],[-71.467048000373339,41.634540000213143],[-71.467108999574393,41.6344969997918],[-71.467198000161162,41.634470000137163],[-71.467284000374889,41.634426999669124],[-71.467326000207677,41.634376999822713],[-71.467388000131947,41.634308999673905],[-71.467456999728924,41.634277999730351],[-71.467542000117746,41.634248000160653],[-71.467610999714722,41.634231000264016],[-71.467650000072766,41.634222000119415],[-71.467742999959199,41.634196999785836],[-71.467844000241541,41.634165000069842],[-71.467927999907133,41.634148000151278],[-71.468008000273073,41.634143999932839],[-71.468076999870036,41.634165000069842],[-71.468141000342456,41.634207000323279],[-71.46820300026674,41.634241999842168],[-71.46826600001593,41.634291000076693],[-71.468334999612907,41.634345000196028],[-71.468372000321139,41.634374000005245],[-71.468403000283288,41.634397000168782],[-71.468464000382653,41.634442000085478],[-71.468552000246206,41.634491000167912],[-71.468614000170476,41.634517000100637],[-71.468702000034014,41.634545000119743],[-71.468787000422836,41.634568999934572],[-71.468870000263522,41.634585000030008],[-71.468960999601805,41.634592999740519],[-71.469034000295039,41.634596000219204],[-71.469121000333672,41.634596000219204],[-71.469215999869931,41.634596000219204],[-71.469304999558389,41.634587999837642],[-71.469386999574155,41.634573000126679],[-71.469461000092295,41.63456600012605],[-71.469567000397518,41.634563000317435],[-71.469666000131724,41.634536000018983],[-71.469727000231089,41.634498999890091],[-71.469786999607237,41.634453000299033],[-71.469805999873813,41.634437999885243],[-71.469845000231857,41.634407000003776],[-71.469904999608019,41.634355999754767],[-71.469964000057558,41.634305000136827],[-71.470016999761,41.634255000195765],[-71.470057999768883,41.634207000323279],[-71.470109999647406,41.634146000042087],[-71.470212999579573,41.634011000249188],[-71.470268999656071,41.633947999667171],[-71.470379999984161,41.633799999688193],[-71.47042699983983,41.633728000029201],[-71.470475000418716,41.633661000265022],[-71.470529999771998,41.633598000012277],[-71.470590000046428,41.63353800022594],[-71.470651999970727,41.633476000253737],[-71.47072200029092,41.633417000084023],[-71.470806999781416,41.633362000127576],[-71.470903000040892,41.633319000263207],[-71.470999000300353,41.633282999839416],[-71.471081000316119,41.633249000204017],[-71.471134000019561,41.633207999731198],[-71.47118199970015,41.633164999764105],[-71.471238999601553,41.633120000298717],[-71.471302000249068,41.633080000150699],[-71.471373000394181,41.633050000023424],[-71.471445000364199,41.63302700005066],[-71.471520999633853,41.633001999925014],[-71.471611999870461,41.632975000315533],[-71.47171800017567,41.632945000139387],[-71.471822999757649,41.632914000211258],[-71.471917000367313,41.6328799997098],[-71.472001999857781,41.632840000084322],[-71.472077000200855,41.632796000131869],[-71.472134999927192,41.632747000103706],[-71.472176999759981,41.632687999938163],[-71.472210000270252,41.632624000334808],[-71.472228999638517,41.632557000094472],[-71.47223799985936,41.632488000295233],[-71.472242000057307,41.632349000057062],[-71.472267000171655,41.632296999774987],[-71.472336999593537,41.63224200020575],[-71.472394000393265,41.632199000265622],[-71.472453999769414,41.63214300019137],[-71.472523000264701,41.632086000317585],[-71.47253499996026,41.632076999873476],[-71.472092000269484,41.630897999992307],[-71.471960999849912,41.630548999665827],[-71.4718899997048,41.630365999678332],[-71.471744000114924,41.629990000312063],[-71.471319999792414,41.629075999800826],[-71.471909999796296,41.628677999918473],[-71.476007000211482,41.626214000030139],[-71.476023000105016,41.626204000267101],[-71.476127999687009,41.626140000269835],[-71.476301999764274,41.626037000235208],[-71.47935800008888,41.624200000210308],[-71.479769999817535,41.624477999938954],[-71.479839000312822,41.624451999986164],[-71.479922999978399,41.624390999874961],[-71.479958000138495,41.6243320001198],[-71.479984999902683,41.624277999670625],[-71.480018000412983,41.624224999720482],[-71.480060000245771,41.624159000025763],[-71.480103999728371,41.62410699985238],[-71.480167000375886,41.6240599996855],[-71.480235999972862,41.624020999835281],[-71.480303999744905,41.623997000122344],[-71.480378000263073,41.623976999907093],[-71.480475000347454,41.623955999808672],[-71.480578000279621,41.623932000071555],[-71.480654000447586,41.62391400026285],[-71.480815999930982,41.623877000080725],[-71.481324999744018,41.623803000324244],[-71.481529999783433,41.623789999877332],[-71.481627999692719,41.623782000169214],[-71.48173800019589,41.62376899971801],[-71.481810999990827,41.623737000197586],[-71.481851999998696,41.62372700005038],[-71.481874999564909,41.623719000334447],[-71.481850000348871,41.623674000318857],[-71.481855000371752,41.623584000193503],[-71.481897000204555,41.623562999967099],[-71.481953000281038,41.623545999938713],[-71.482022999702934,41.6235330001115],[-71.482114999764434,41.623546999822011],[-71.482174000213988,41.623591000043632],[-71.482233999590122,41.623625000072195],[-71.482319999803849,41.623630000153874],[-71.48241699988823,41.623609999824779],[-71.482482000185556,41.623579999991051],[-71.482462000094074,41.623516999958923],[-71.482474999614539,41.62347000003345],[-71.482512000322785,41.623421000303303],[-71.482491000406398,41.623366999762638],[-71.482442999827512,41.623321000286126],[-71.482421999911111,41.623269999996111],[-71.482442999827512,41.623191000099204],[-71.482462000094074,41.623115999665472],[-71.482554000155588,41.622983000060721],[-71.48256300037643,41.622925000253176],[-71.482565999851147,41.622858000005387],[-71.482575999896881,41.622783999751],[-71.482592999615321,41.622710000083224],[-71.482612999706816,41.622638000125306],[-71.482635000346434,41.622572000149212],[-71.482648999691833,41.622511000274017],[-71.482662000110608,41.622454999842425],[-71.482693000072757,41.622376000290096],[-71.48273499990556,41.62232699972855],[-71.482789000332218,41.622283999890335],[-71.482851000256503,41.622249999826209],[-71.482915999655503,41.622221999838906],[-71.48301699993786,41.622191000126577],[-71.483093999930745,41.622172999831875],[-71.483170000098724,41.62215999972787],[-71.483241000243837,41.622148000197726],[-71.483320999711466,41.622117999683752],[-71.483355000046657,41.622057999957022],[-71.483355000046657,41.62197600019541],[-71.483334000130256,41.621912999939212],[-71.48331800023675,41.621847999802206],[-71.483302000343201,41.621786000003119],[-71.483293999947279,41.621726999878945],[-71.483293000122387,41.621665999875987],[-71.483297000320349,41.621603999901858],[-71.483305999642852,41.62154700011137],[-71.483339000153137,41.621471999780113],[-71.483402999727218,41.621411000207431],[-71.483497000336868,41.621374999849088],[-71.483600000269035,41.62137300001509],[-71.483682000284801,41.621406999870125],[-71.483721999569454,41.62147999977482],[-71.483725999767415,41.621538000210535],[-71.483702000376297,41.621610000053593],[-71.483698000178336,41.621664999963521],[-71.483751999706698,41.621697999752634],[-71.483868000057655,41.621677000255083],[-71.483939000202767,41.62165299966972],[-71.484007999799729,41.621624000181619],[-71.484067000249269,41.621587000028541],[-71.48412099977763,41.62154600019705],[-71.484175000204303,41.621503999753024],[-71.484227999907759,41.621461000037549],[-71.484269999740548,41.621406999870125],[-71.484302000425927,41.621345000318527],[-71.484338000410929,41.621285999790921],[-71.484379000418812,41.621227999800084],[-71.484417999878545,41.62117400010905],[-71.484457000236617,41.621124000056405],[-71.484508000290248,41.621058999795643],[-71.484556999795728,41.620996999909465],[-71.484601000176653,41.620940000253981],[-71.484646000382497,41.620880000102723],[-71.484684999842244,41.620828999896638],[-71.484724000200302,41.620773999945243],[-71.484771000055972,41.620712999712303],[-71.484822999934494,41.620645999852336],[-71.484856000444793,41.620595000132738],[-71.484884000033873,41.62054299977143],[-71.484919000193983,41.620471000080144],[-71.48495400035408,41.620411000164026],[-71.484992999813812,41.620361000191288],[-71.485047000240499,41.620314999913518],[-71.485115000012541,41.620265999800544],[-71.485185000332763,41.620221000061441],[-71.485260999602431,41.620176000290904],[-71.485345000166319,41.620132999689915],[-71.485429999656816,41.620095000087595],[-71.485510999847662,41.620056999791373],[-71.485571000122135,41.620012999844505],[-71.485627000198619,41.619970999745085],[-71.485710000039319,41.619973000294067],[-71.485814999621297,41.619986000167465],[-71.485873000245931,41.619932000108015],[-71.485950000238816,41.619900999966383],[-71.486017000185967,41.619874000242454],[-71.486073000262465,41.619832999993413],[-71.486110999897292,41.61977400009706],[-71.486146999882308,41.619704000104534],[-71.486182999867324,41.619629000315989],[-71.486194999562869,41.61957499995755],[-71.486196000286114,41.619496000234705],[-71.486197000111034,41.619419000309733],[-71.486198999760859,41.619355000293361],[-71.48621300000454,41.619300999705494],[-71.486233999920955,41.619241000043935],[-71.486208999806593,41.619183000228539],[-71.486142999684347,41.619152999678249],[-71.486158999577881,41.619089000069522],[-71.486172999821576,41.619066999769622],[-71.486244999791609,41.619090999974297],[-71.486279000126785,41.61906399991129],[-71.486299000218281,41.619009999751327],[-71.486303000416243,41.618942000181995],[-71.486288000347614,41.61889800014594],[-71.48629500002032,41.61884399984698],[-71.486334000378378,41.618759000155364],[-71.486326999807375,41.618731999953312],[-71.486316999761627,41.618695000155583],[-71.486299000218281,41.618637999808506],[-71.48628199960153,41.618581000082621],[-71.486264000058185,41.618521999712442],[-71.486244999791609,41.618465999846073],[-71.486224999700113,41.618409999931146],[-71.486207999981673,41.618351000076039],[-71.486196000286114,41.618291000202227],[-71.486191000263233,41.618231000272587],[-71.486190000438327,41.618171000287084],[-71.486190000438327,41.618055000022615],[-71.486188999715097,41.618000999689322],[-71.486192000088153,41.617946000012303],[-71.48619999958575,41.617892000259374],[-71.486212000179634,41.617836999817811],[-71.486234999745847,41.617731000031164],[-71.486267000431226,41.617629999945621],[-71.486304000241162,41.61753400025632],[-71.486310000088935,41.617447000225575],[-71.486273000278999,41.617360000077468],[-71.48621300000454,41.61727899969511],[-71.486139000384696,41.617199999846029],[-71.486065999691462,41.617123999848886],[-71.486008999790045,41.617050999714323],[-71.486001000292433,41.616935000121664],[-71.486069999889423,41.616902999896261],[-71.486172999821576,41.61686899968133],[-71.486290999822359,41.616828000208223],[-71.486413999845993,41.616786000049331],[-71.486534000394911,41.616739999907871],[-71.486650999672463,41.616689999775282],[-71.486762000000553,41.616650000178595],[-71.486873000328615,41.616637000304323],[-71.48697000041301,41.616653000149199],[-71.487004999674795,41.616667000010224],[-71.487048000230814,41.616684999827029],[-71.487116999827791,41.616735999952404],[-71.487196000368812,41.616798999893561],[-71.487279000209497,41.616855999851211],[-71.487361000225263,41.616895000005307],[-71.487440999692893,41.616904999868822],[-71.487515000211033,41.616880000207161],[-71.487591000379027,41.616830000183114],[-71.487663000349059,41.616773000202429],[-71.487726000098249,41.616708000257276],[-71.487788000022519,41.616639000285133],[-71.487854000144765,41.616567000264702],[-71.487926000114783,41.616490000200571],[-71.487988999863973,41.616411000056601],[-71.488039000092698,41.616333999806237],[-71.488070000054833,41.616252000153708],[-71.488076999727511,41.616173999715848],[-71.488065000031952,41.616105999842702],[-71.488039000092698,41.616047999894207],[-71.48794700003117,41.615923999829391],[-71.487889000304861,41.615853999687538],[-71.487825999657346,41.615790000162995],[-71.487771000304079,41.615729999921399],[-71.487724000448424,41.615627000048072],[-71.487777000151851,41.615564000305334],[-71.487844000099017,41.615535000093928],[-71.487911999871073,41.615502999845475],[-71.48796499957453,41.615456000123423],[-71.487998999909735,41.615400000281298],[-71.488020999651027,41.615337000316821],[-71.488035999719642,41.615272000267638],[-71.488030999696761,41.615213000228259],[-71.488004999757507,41.615169000334525],[-71.487943999658128,41.615100000059165],[-71.487887999581631,41.615041999877626],[-71.487830999680227,41.614986999692093],[-71.487764999557982,41.614944000332443],[-71.487685999915271,41.614916999876478],[-71.487613000120348,41.614878999887203],[-71.487568999739409,41.614829000326758],[-71.48755600021893,41.614768999862804],[-71.487558999693661,41.614700999851564],[-71.487567000089598,41.614629999704071],[-71.487558999693661,41.614554000036584],[-71.487567000089598,41.614479000303454],[-71.487608999922372,41.614404999836559],[-71.48763200038691,41.614335000060947],[-71.487630999663693,41.614265000209372],[-71.487609999747292,41.614200999779705],[-71.487546000173197,41.614153999780527],[-71.487455999761494,41.614121000160722],[-71.487355000377491,41.614095000061731],[-71.487264000140883,41.614069999982462],[-71.487194999645595,41.614037000319726],[-71.487161000208715,41.613979999885537],[-71.487177999927155,41.613910999681408],[-71.487223000132985,41.613847000243751],[-71.487285999882175,41.613786000174876],[-71.487356000202396,41.613720999905922],[-71.487418999951586,41.613654000169731],[-71.487479000226031,41.613590999843133],[-71.487515000211033,41.613535999763513],[-71.487502999617163,41.613486999872883],[-71.487443000241029,41.613444000184892],[-71.487357999852208,41.613427000175399],[-71.487279000209497,41.613460000150212],[-71.487174999554099,41.613459000110566],[-71.487094000261578,41.613430999664452],[-71.487004999674795,41.613407000039984],[-71.486925000207179,41.613380000283826],[-71.486850999689011,41.613345000185156],[-71.486746000107019,41.613316000319315],[-71.486623999908289,41.613300000318226],[-71.486510999930388,41.613296000149418],[-71.486413000021102,41.613288999853488],[-71.486331999830242,41.613275999973389],[-71.486273000278999,41.613240999818274],[-71.486214999654379,41.613184000023928],[-71.486147999707228,41.613122999999746],[-71.486069000064504,41.613070000284189],[-71.485985000398927,41.613030999832077],[-71.485873000245931,41.612999999731429],[-71.485765000290883,41.612986999793129],[-71.485652000312982,41.612985999746087],[-71.485537999611864,41.612986999793129],[-71.485450999573217,41.612973999852159],[-71.485402999892642,41.612929999774337],[-71.485383999626066,41.612872000327989],[-71.485398999694681,41.612817000306947],[-71.485436000402913,41.612754999885077],[-71.485460999618951,41.61269200002365],[-71.48544300007562,41.612631000205781],[-71.485402999892642,41.612571999765549],[-71.485371000105587,41.612492000141067],[-71.485386000174216,41.612433000245339],[-71.485378999603199,41.612418000081085],[-71.485419999611082,41.612158999874254],[-71.485450999573217,41.612023000321699],[-71.485390000372163,41.611916999711084],[-71.485283000242049,41.611832999686392],[-71.485137999578768,41.610414000105386],[-71.485092000446329,41.609960000021935],[-71.485031000346964,41.609339999916081],[-71.484965000224733,41.608671999819954],[-71.484863000117471,41.607650000235097],[-71.484786000124586,41.606826000223492],[-71.484649999682148,41.605367000118349],[-71.484581000085171,41.604630999980493],[-71.484458000061508,41.60373900022401],[-71.484453999863561,41.603678000001061],[-71.484427000099373,41.602590999836806],[-71.485272000371381,41.602583000186094],[-71.485361000059854,41.602574000325951],[-71.485453000121353,41.602566000001381],[-71.486070999714343,41.602567999746775],[-71.48780999976384,41.602574000325951],[-71.488450999821325,41.602579000024491],[-71.490141000365355,41.602592000044993],[-71.490538000025381,41.602594999997663],[-71.490892000027713,41.602596999742147],[-71.49124500020514,41.602599999694583],[-71.491614000276073,41.602603000318624],[-71.494466000386169,41.602625000188574],[-71.494662000204769,41.602626999932134],[-71.495540999913644,41.602632999834121],[-71.495697000447578,41.602634000041611],[-71.495838000014558,41.602635999784887],[-71.496459999805509,41.602639999942944],[-71.497850999700447,41.602651000208404],[-71.498095000097919,41.602652999951154],[-71.498404999719327,41.60265499969379],[-71.498517999697214,41.602655999900989],[-71.499588000100132,41.602647000051022],[-71.506514999985811,41.60262299977326],[-71.510711999960137,41.602625000188574],[-71.515750000008509,41.602628000139767],[-71.517761000044558,41.602628999675581],[-71.519386000291249,41.60262299977326],[-71.520295000137367,41.602616999870335],[-71.520446999575,41.60261600033428],[-71.520490999955925,41.60261600033428],[-71.520710000239049,41.602616999870335],[-71.522076000019652,41.602583000186094],[-71.52242900019705,41.602566000001381],[-71.522769999780607,41.60255000002104],[-71.527930000027709,41.602417999863668],[-71.528304999946428,41.602406000019187],[-71.529265999671082,41.602375999726462],[-71.531379999639299,41.602322999914122],[-71.533280000245597,41.602277000206456],[-71.533326000276347,41.602275999993381],[-71.543793000185318,41.602018000262056],[-71.543884000421926,41.60201599982792],[-71.544806999613414,41.601993000204644],[-71.545013000376045,41.601916000208718],[-71.546147000353059,41.601891000111777],[-71.547387999561863,41.601873999744768],[-71.550504000160942,41.60179600005813],[-71.551279000112757,41.601773999905546],[-71.552428999983277,41.601746999982829],[-71.557868999714543,41.601594999759307],[-71.563853000317266,41.60146200010972],[-71.564705000261966,41.601442999849489],[-71.567391999617314,41.601448000307428],[-71.569151999583212,41.601442999849489],[-71.569257000063516,41.601442999849489],[-71.571752999623158,41.6013910001694],[-71.574285000066141,41.601350999818557],[-71.577124999582367,41.601306999874225],[-71.57801599988511,41.60129900006428],[-71.583157999690556,41.601256999870508],[-71.590412999639312,41.601195999988143],[-71.591374000262263,41.601188000164498],[-71.594190000387357,41.601165000246105],[-71.595900000124544,41.601150000148898],[-71.596034000018861,41.601148999918372],[-71.596778999833418,41.601127000216962],[-71.601799000338445,41.600971999848518],[-71.602637999864356,41.600945999823942],[-71.604687000433557,41.600882999850107],[-71.604801000236378,41.600879000254892],[-71.604940999978467,41.60087499998766],[-71.607932000005746,41.60085499999127],[-71.610305000440064,41.600865999889301],[-71.613553000385309,41.600876000222392],[-71.613724999914439,41.600876000222392],[-71.616305999862888,41.600884000084768],[-71.618255999799601,41.600890000148773],[-71.620461000004411,41.600896000212273],[-71.620732000166072,41.600896000212273],[-71.627475999753642,41.600914999961802],[-71.636983999587798,41.600948000291247],[-71.63732099987169,41.600948000291247],[-71.637812999966286,41.600951000320393],[-71.641595999663807,41.600959000173425],[-71.641910000381472,41.600959000173425],[-71.642278999554108,41.600959999735146],[-71.642526000324622,41.600959999735146],[-71.64335399997988,41.600962000202003],[-71.643603000400233,41.600982999726604],[-71.643726000423868,41.600980999932098],[-71.643983000341834,41.600979000137585],[-71.645241999992294,41.600663999814408],[-71.646221999983524,41.600433999737511],[-71.646894000003158,41.60027500008718],[-71.647515999794095,41.600128999890011],[-71.647731999704163,41.600079000317052],[-71.648044999698612,41.600005999702155],[-71.648212000103186,41.599968000334023],[-71.648804999581813,41.599830999686269],[-71.649079000116501,41.599761000218798],[-71.649535000226081,41.59965299977825],[-71.651193999909637,41.599257999787476],[-71.651410999644625,41.59920599969022],[-71.651589999744758,41.599162999888193],[-71.653019000172861,41.598828000152722],[-71.653173000158674,41.598795999677932],[-71.653569999818686,41.598700999770358],[-71.653692999842335,41.598700999770358],[-71.654634000373804,41.598698999905139],[-71.654786999636372,41.598698999905139],[-71.655304999670221,41.598698000308389],[-71.655686000335052,41.598697000039905],[-71.657510999699966,41.598693000309154],[-71.65832800038288,41.598690999771947],[-71.658386999934109,41.598692000040579],[-71.658623999760579,41.598693000309154],[-71.658756999829961,41.598693000309154],[-71.659074000022372,41.598693999905969],[-71.659395000412744,41.598692000040579],[-71.659704000209217,41.598688999906415],[-71.661475000045783,41.598690000175083],[-71.662229000081183,41.598690000175083],[-71.662263000416374,41.598690000175083],[-71.663177000285359,41.598690000175083],[-71.664216999652723,41.598611999998752],[-71.665003000373488,41.598615999734527],[-71.666053999611506,41.598615999734527],[-71.668098999982774,41.598672000039421],[-71.669415000432963,41.598710999767214],[-71.670068000186035,41.598720000166132],[-71.671839000022587,41.598730999756242],[-71.672126999902687,41.598730999756242],[-71.674621999637424,41.598730000160046],[-71.676447999725553,41.598730999756242],[-71.682079000150836,41.598733999888452],[-71.683884000322578,41.598735000156424],[-71.685951000435139,41.598735999752542],[-71.68844399962174,41.598821999896948],[-71.690165999952796,41.59883999999078],[-71.692842000335816,41.598869000317997],[-71.69290799955975,41.598868000052157],[-71.693130000215902,41.59886699978626],[-71.699087999981032,41.598869000317997],[-71.703408999803912,41.598869000317997],[-71.703834999776262,41.598868000052157],[-71.703879999982092,41.598868000052157],[-71.707187000376877,41.59883199987506],[-71.709783000393955,41.598803999798101],[-71.710436000147027,41.598796999944931],[-71.710527000383621,41.598795999677932],[-71.714019999652905,41.598757000001498],[-71.717464000315047,41.598718999897933],[-71.719827999630212,41.598710999767214],[-71.724227999994113,41.598695000174551],[-71.724478000239387,41.598695999771344],[-71.726869000217036,41.598703000307246],[-71.728865000184484,41.598708999902307],[-71.729351000431294,41.598710000170655],[-71.732200999993267,41.598718000301496],[-71.734643000024562,41.598720000166132],[-71.735074999844684,41.598720999762534],[-71.742427999702741,41.598668000307171],[-71.743319999830405,41.598657000034486],[-71.743525999694711,41.598647000029253],[-71.744672000265624,41.598593999841334],[-71.745407999859353,41.598558999782135],[-71.745525000035215,41.598553999772122],[-71.74645599962264,41.598509999936027],[-71.748649999956811,41.59841299973337],[-71.749579999719316,41.598385000146408],[-71.7498259997666,41.598375000099033],[-71.750204999883294,41.598366000323793],[-71.760810999709449,41.598044000075028],[-71.763107999975773,41.597943999674968],[-71.764775999880158,41.597869999722555],[-71.771409000037991,41.597578999822211],[-71.77264699977205,41.597524000199172],[-71.777407999810976,41.597321999740203],[-71.781353999715137,41.597160999899401],[-71.785882000125554,41.596981999721706],[-71.789247000246647,41.59684700004744],[-71.789290999729261,41.596343000112107],[-71.789417000125965,41.594925999763255],[-71.789423999798657,41.59483199986208],[-71.789462000331824,41.594328000315656],[-71.789479999875141,41.593883999981969],[-71.789500999791542,41.59340299975711],[-71.789535999951667,41.592554000195165],[-71.789555000218229,41.592111000122614],[-71.789575000309725,41.591634000291201],[-71.789602000073899,41.590995999856098],[-71.789634999685873,41.590202999804468],[-71.789655999602246,41.589726999719218],[-71.789688000287612,41.588982000182341],[-71.789705999830986,41.58859399967298],[-71.789708000379107,41.588557000058451],[-71.789787999846737,41.586748000162089],[-71.789821000357009,41.586004000308812],[-71.789844999748141,41.585444999861913],[-71.789867000387773,41.584964999725734],[-71.789879000083317,41.584685000070124],[-71.7899050000226,41.58409300010284],[-71.789919000266295,41.58377099987559],[-71.789936999809655,41.583365999763785],[-71.789944000380657,41.583213000090772],[-71.789951999878255,41.583035999885013],[-71.789975000342807,41.582507000083226],[-71.78998399966531,41.582330999808271],[-71.789986000213446,41.582279000185039],[-71.789992000061218,41.582121999866651],[-71.789995000434288,41.582070999929364],[-71.789999999558844,41.581951999694944],[-71.790043000114864,41.580978000154992],[-71.790120999932668,41.579226999756237],[-71.7901870000549,41.577699999961098],[-71.790218999841954,41.57696899981844],[-71.790227000237877,41.576788000226145],[-71.790234999735489,41.576608000065384],[-71.790274000093547,41.575700000178415],[-71.790300000032815,41.575111999673659],[-71.79036399960691,41.573616000249423],[-71.790391000269395,41.572975999868504],[-71.790396000292276,41.572861000335536],[-71.790428000079331,41.572105000325088],[-71.79042999972917,41.5720690000079],[-71.79042999972917,41.572051999851134],[-71.790430999554061,41.572002000036164],[-71.790432000277292,41.571985999872183],[-71.790432000277292,41.571960000269236],[-71.790433999927117,41.571883000065576],[-71.790435999576943,41.571857999761527],[-71.790437000300159,41.571832000107051],[-71.79044200032304,41.571659999699733],[-71.790452000368774,41.571352000264213],[-71.790459999866371,41.571068999979275],[-71.790467000437388,41.57087200021499],[-71.790471999561959,41.570669999696442],[-71.790490000003601,41.570066999847882],[-71.790495000026482,41.569917999752491],[-71.790498000399523,41.569867000258867],[-71.79053699985927,41.569151000323821],[-71.790655999684958,41.567004000040576],[-71.790695999867935,41.566289000063094],[-71.790690999845054,41.566242000118315],[-71.790681999624226,41.566149000226915],[-71.790676999601359,41.566103999711004],[-71.790671999578478,41.5660579997338],[-71.79069300039319,41.565686000321918],[-71.790760000340342,41.564571000114746],[-71.790782999906554,41.564199999665938],[-71.790777000058782,41.564072999720402],[-71.790797999975183,41.563648999798474],[-71.790813000043798,41.563371000095998],[-71.79088400018891,41.562416000287563],[-71.790936000067433,41.562000000223065],[-71.790956000158928,41.56184299967714],[-71.790977999900235,41.561550999882122],[-71.790972000052449,41.561451000091026],[-71.790982999923116,41.560396000058688],[-71.791019999733024,41.557231000140547],[-71.791033000151813,41.556177000037515],[-71.791044999847387,41.555784999693365],[-71.791083000380524,41.55461000013679],[-71.791095999901017,41.554218999985615],[-71.791104000296926,41.553979000291065],[-71.791117999642339,41.553574000256404],[-71.791129000411289,41.553260000194506],[-71.791137999733806,41.55302099993213],[-71.791146000129714,41.552780999823],[-71.791172999893902,41.552061000199423],[-71.79118200011473,41.551822000209725],[-71.791186000312692,41.551699000092881],[-71.791192000160464,41.551536999778591],[-71.791198999833185,41.551331000012624],[-71.791203999856052,41.551208999965766],[-71.791220999574492,41.550737000216735],[-71.79127599982607,41.549322000149594],[-71.79129400026774,41.548850999764966],[-71.791317999658858,41.548232000006351],[-71.791389999628876,41.546392000320523],[-71.791391000352121,41.546375999865589],[-71.79140200022276,41.546092000039998],[-71.791411000443588,41.545892999942083],[-71.791415999568159,41.545757999685748],[-71.79141999976612,41.545637000297127],[-71.791434999834735,41.545277000027056],[-71.791439999857587,41.545157000163904],[-71.791582999972732,41.5414809999059],[-71.791653000292939,41.539718999865947],[-71.791936000150159,41.533308000078762],[-71.792053000326021,41.530457000066285],[-71.792205999588575,41.526783000242155],[-71.792248000319674,41.525875999718103],[-71.792372999993162,41.523247000331196],[-71.792374999642988,41.523157000062149],[-71.792404999780203,41.522250999931664],[-71.792444999963166,41.521001999730785],[-71.792485000146144,41.519771999716674],[-71.79255000044347,41.518422000170808],[-71.792605999621657,41.517260000023498],[-71.792666999721021,41.516013000089295],[-71.792761000330671,41.514077999967043],[-71.792766000353538,41.513950999763587],[-71.792988999936298,41.508889999786938],[-71.79299399995918,41.508776999878911],[-71.793045999837716,41.507763999883721],[-71.793149999594789,41.505747000006217],[-71.793159999640523,41.505703999882101],[-71.793221999564821,41.505439000004529],[-71.793224000112943,41.505392999917838],[-71.793265999945746,41.504399000006806],[-71.793358000007245,41.502251000333708],[-71.793415999733554,41.50095800001899],[-71.793439000198092,41.500463999874604],[-71.793501999947281,41.499152999930466],[-71.793510000343218,41.498984999762108],[-71.793532999909431,41.498505999756851],[-71.793628000343972,41.496566999814355],[-71.793660000131027,41.495920999888838],[-71.793697999765882,41.495130999967451],[-71.793774999758767,41.493557999969688],[-71.793814000116825,41.492763000038224],[-71.793852999576572,41.491973999856953],[-71.793963000079756,41.489733999702572],[-71.794006999562356,41.488814000128031],[-71.794018000331334,41.488586000120968],[-71.794051999768186,41.487901999995948],[-71.794147000202756,41.48621899982011],[-71.794231999693238,41.48471999985798],[-71.79427000022639,41.484049000290675],[-71.79453800001501,41.479337999883725],[-71.794678999582004,41.476855000136339],[-71.794717000115142,41.476179999983785],[-71.794778000214507,41.475092999728361],[-71.79496300016244,41.471833999726087],[-71.795025000086738,41.470748000186994],[-71.795102999904515,41.469385999965453],[-71.795337000256254,41.465299999944953],[-71.795415000074073,41.463937999710602],[-71.795461000104822,41.463146999918877],[-71.795600000021992,41.460773999872409],[-71.795646999877647,41.459984000254778],[-71.795840000221503,41.45745799988569],[-71.796296000331097,41.451516000314001],[-71.796363000278248,41.449880000332499],[-71.796388000392582,41.449254999912746],[-71.796467999860226,41.447350000025196],[-71.796503000020323,41.446497000217576],[-71.796609000325532,41.443938000173766],[-71.796645000310519,41.443085999936926],[-71.79664899961017,41.442966999814963],[-71.796663999678785,41.442612000140656],[-71.796668999701666,41.442493999815092],[-71.796670000424911,41.442473999966928],[-71.796671000249802,41.442435000245226],[-71.796677999922508,41.442259999858756],[-71.796681000295536,41.442202000072918],[-71.796683999770295,41.442115000296951],[-71.796694999640948,41.441858000277577],[-71.79669899983891,41.441772000043777],[-71.79669899983891,41.441746999954454],[-71.796702000211937,41.441672000302049],[-71.796703000036857,41.441648000179519],[-71.796708000059724,41.441521000056582],[-71.796723999953258,41.441144000269212],[-71.796729999801045,41.441017999848384],[-71.796729999801045,41.441006999682443],[-71.796730999625936,41.440973999846896],[-71.796732000349181,41.440963999689295],[-71.796737000372062,41.440838000265828],[-71.796752000440648,41.440463999948392],[-71.796758000288449,41.440339000253019],[-71.796759000113354,41.440294999791156],[-71.796764999961141,41.440166000331281],[-71.796766999610952,41.4401239998097],[-71.796778000379931,41.439839999770442],[-71.796812999641702,41.438988000276893],[-71.7968250002356,41.438705000031128],[-71.796872000091255,41.437586999781402],[-71.796879999588853,41.437294000111429],[-71.796902000228485,41.436483999731159],[-71.796909999726097,41.436151000249431],[-71.796938000213501,41.435153999846079],[-71.796948000259249,41.434821999712668],[-71.796970999825461,41.433957000085812],[-71.796979000221384,41.433702999797589],[-71.797076000305765,41.431363999722315],[-71.797109999742631,41.430536999797404],[-71.797112000290767,41.430499999991873],[-71.797134000032074,41.429981999826914],[-71.797146999552552,41.429679000301917],[-71.797252999857776,41.427219000239774],[-71.797286000368047,41.426463000238094],[-71.797287000192952,41.426398999712632],[-71.797287000192952,41.426376000245099],[-71.79729600041378,41.426198999853071],[-71.797325999652699,41.425602000029976],[-71.797337000421678,41.425402999991768],[-71.797349000117237,41.425147000067852],[-71.79735999998789,41.42491899977],[-71.797360999812796,41.424895000188386],[-71.797380000079372,41.424511000287694],[-71.797385999927158,41.424381999769381],[-71.797397999622717,41.424127000136899],[-71.797462000095138,41.422783000249908],[-71.797655000438979,41.418751000075865],[-71.797715999640033,41.417500000204782],[-71.797719999837994,41.417407999782746],[-71.79772300021105,41.417336000093776],[-71.797738000279651,41.417017999782892],[-71.797741999579316,41.416944000237201],[-71.797744000127452,41.416909999907858],[-71.797746999602168,41.416834000137591],[-71.797744999952357,41.416726999672186],[-71.798119999871076,41.416673999905179],[-71.798391000032737,41.416446999892813],[-71.799268000091786,41.415971000125069],[-71.799513000314164,41.41583799989337],[-71.799852000247895,41.415752999947109],[-71.800236000387443,41.415657000143462],[-71.800739000352692,41.415533000243286],[-71.80143899996142,41.415544999744156],[-71.801693000404626,41.41564499998961],[-71.8017260000166,41.415657999875492],[-71.802064999950318,41.415953000317344],[-71.802083000391988,41.416102999685577],[-71.802496999770455,41.416463000124452],[-71.802906999849284,41.416946000335251],[-71.803253000354005,41.417306999850275],[-71.803684000349207,41.417427999944138],[-71.804347999972947,41.417308999937198],[-71.805177000351435,41.417133999847898],[-71.805810000013011,41.416871000320526],[-71.805881000158124,41.416841000155642],[-71.805895000401833,41.41683600023908],[-71.806107999938845,41.416796999933631],[-71.80618499993173,41.416784000275712],[-71.806811999745563,41.416673000188787],[-71.806959999883546,41.416728999776929],[-71.807236999892979,41.416834000137591],[-71.807754000101937,41.417188000295319],[-71.808052000027772,41.417386999909752],[-71.808575999909408,41.417539999791167],[-71.809087000270566,41.417766000325919],[-71.80921199994404,41.417822000318957],[-71.809791000077254,41.418135999938897],[-71.810499999906838,41.418521000175083],[-71.810736999733294,41.418627000019697],[-71.811453999958772,41.418950000290515],[-71.812150000267863,41.41921300015666],[-71.81290000010533,41.41940400021408],[-71.81379800008078,41.419419000043149],[-71.814003999945101,41.419423000086802],[-71.814862999562479,41.419485000058238],[-71.814889000400086,41.419487000078036],[-71.814952999974182,41.419499999868542],[-71.815224000135828,41.419557999731424],[-71.815272999641323,41.419569000164095],[-71.815315000372422,41.419575999887378],[-71.816119999563142,41.419716999925996],[-71.816410999816284,41.419794999701153],[-71.816903999735786,41.41992700024727],[-71.818087999941511,41.419852000306712],[-71.819389000323085,41.419606000136191],[-71.819715999662932,41.419528000134029],[-71.820329999956272,41.419381999964514],[-71.820705999699882,41.419071000017986],[-71.820772999647033,41.41901499975458],[-71.820974000386812,41.418847000021962],[-71.821042000158869,41.418791999922846],[-71.821765000232148,41.418247999912303],[-71.822766999964671,41.41786000031081],[-71.823368999664112,41.417519999664222],[-71.823418000067932,41.417470000330439],[-71.823731000062367,41.417281999769408],[-71.823873000352592,41.417163999877438],[-71.823981000307612,41.417028000261283],[-71.824146000164063,41.416763999916014],[-71.824273000385659,41.416257000293427],[-71.824304000347809,41.415832999899592],[-71.824383999815424,41.415460999823154],[-71.824572999961319,41.415235000025817],[-71.824920000290959,41.414960999681888],[-71.82538399989815,41.414687000203173],[-71.825936000267205,41.414596000260801],[-71.826127999887802,41.414564999970004],[-71.827218000382203,41.414492000074297],[-71.827902000097424,41.414334000314412],[-71.829287999969495,41.413781999910313],[-71.830627999810815,41.413180000263523],[-71.831411999983473,41.4127929998063],[-71.83184299997869,41.412619999907648],[-71.83341600034683,41.411945999997585],[-71.834106999734743,41.411582000272666],[-71.834560000369578,41.41159399982967],[-71.834658000278893,41.411596999887045],[-71.834986000341942,41.411801000092453],[-71.835238000237013,41.411945999997585],[-71.835670999882069,41.412167000182883],[-71.83579700027876,41.412231999698008],[-71.836384999734491,41.412233999941165],[-71.836882999676874,41.412227999885204],[-71.837890000330589,41.412482999754509],[-71.839257999761003,41.412389999854717],[-71.839398000401403,41.412336000134339],[-71.839697000152157,41.412221999828652],[-71.840388000438367,41.411580000009444],[-71.840440000316917,41.411531999736546],[-71.840548000271937,41.411474999913814],[-71.841062999932745,41.411207999830175],[-71.8412350003602,41.411119000007609],[-71.84163200002024,41.410912000266613],[-71.841770999937395,41.410839000307988],[-71.842028999680252,41.410705999674228],[-71.842426000238618,41.410260000130656],[-71.842627000080057,41.409757000237512],[-71.84260699998859,41.409605000039321],[-71.84257600002644,41.409371999931636],[-71.842499000033541,41.408772000191476],[-71.8424959996605,41.408760000113226],[-71.842489999812727,41.408724999703843],[-71.842488000162888,41.408714000129514],[-71.842351999720449,41.408084000209577],[-71.842446000330099,41.407829999769412],[-71.842935000051639,41.407151000033259],[-71.843228999779498,41.406180999747498],[-71.843376000092604,41.405890000274226],[-71.843591000177767,41.40533100030391],[-71.843459999758196,41.405165999896084],[-71.843256000442011,41.404460999742774],[-71.842800000332431,41.404132999972532],[-71.842325999781181,41.403817000213913],[-71.84219600008484,41.403663999678415],[-71.841739000150369,41.403266999907331],[-71.841725999731565,41.403240999890315],[-71.841553000377516,41.403045999767976],[-71.84150599962355,41.402671000116769],[-71.841380000125156,41.401439000265903],[-71.841218999568355,41.400403999783926],[-71.841067999955612,41.399658000083022],[-71.841149999971378,41.399229999900733],[-71.841955999885329,41.397635999824381],[-71.842003999565904,41.397495999712135],[-71.842243999765429,41.396878999792548],[-71.842257000184219,41.39616200032404],[-71.842211000153469,41.395771000101675],[-71.842208999605305,41.395380000222836],[-71.84219799973468,41.395363000145473],[-71.841722000431915,41.394625000309112],[-71.841413999562022,41.394455000056148],[-71.841371999729219,41.394432000059112],[-71.841124000032124,41.394169000276435],[-71.841042000016358,41.39408899992906],[-71.84103299979553,41.394074999706511],[-71.840990999962713,41.394023999784885],[-71.840968000396501,41.394003999831135],[-71.840607999648086,41.393622000072298],[-71.839986999682068,41.392686000231429],[-71.839622999633988,41.392167999700206],[-71.838748999947995,41.391053999913233],[-71.838169999814767,41.390595000086748],[-71.838117999936202,41.390553999966592],[-71.836716000170611,41.390130000314429],[-71.836056999671442,41.389948000254449],[-71.835707999691977,41.389852000062021],[-71.835383999826874,41.389663000321924],[-71.835347999841872,41.38964200024197],[-71.835239999886838,41.389578999961522],[-71.835203999901822,41.389557999854489],[-71.834556999996536,41.389181000276693],[-71.83433199986564,41.388980999715088],[-71.833674999914606,41.388395999982819],[-71.833130000116569,41.38783900014888],[-71.832654999740413,41.387155999782863],[-71.832600000387131,41.38650100000239],[-71.832591000166317,41.386384999836146],[-71.832665999611066,41.386035999929661],[-71.832872000373726,41.38549899997799],[-71.83288200041946,41.385470999873931],[-71.832913000381595,41.385391000280421],[-71.832924000252248,41.385364000327975],[-71.832957999689114,41.385275000155794],[-71.832955000214383,41.38525699993199],[-71.832970000282998,41.385242000303315],[-71.833166000101585,41.384730999878329],[-71.833395000430443,41.383829999770349],[-71.833448999958804,41.383368999709894],[-71.833464999852325,41.383289000226263],[-71.833480999745845,41.38320899997025],[-71.833491999616498,41.383149000219198],[-71.833526999776609,41.38297300022554],[-71.833539000370493,41.38291399981852],[-71.833550000241146,41.382856000268724],[-71.833552999715877,41.382845999922765],[-71.833545000218265,41.382681999960859],[-71.833542999670129,41.382624000204146],[-71.833540000195384,41.382560000296372],[-71.83353099997457,41.382368000195036],[-71.833529000324745,41.382305000280489],[-71.833526999776609,41.382264000324696],[-71.833516999730861,41.382244000123187],[-71.833431000415445,41.382075000095725],[-71.833402999928055,41.382019000296808],[-71.833360000270332,41.381935000171069],[-71.833232000223816,41.381685999907013],[-71.83316799975141,41.38161900033095],[-71.833103000352395,41.381550999755035],[-71.832910000008553,41.381347000296849],[-71.832846000434444,41.38127999969749],[-71.832750999999888,41.381179999811373],[-71.832735999931273,41.38116400032758],[-71.832528000417128,41.380833999733341],[-71.832456000447095,41.380718000241934],[-71.832369000408477,41.380579999961526],[-71.832339000271247,41.380534000252332],[-71.832082000353282,41.380138999959698],[-71.83195199975863,41.380014999681869],[-71.83179600012302,41.379866000193203],[-71.831782999704231,41.379852999886864],[-71.831744000244484,41.379816999802692],[-71.831730999825709,41.379804999770215],[-71.831591000083606,41.37967100004353],[-71.831442999945608,41.379530000048121],[-71.831129000126253,41.379328000224703],[-71.830966999744547,41.379224000211124],[-71.830831000200419,41.379137000311836],[-71.830731999567902,41.3789520002708],[-71.830637000031658,41.378771999853321],[-71.830666000343967,41.378581000329753],[-71.830796999865228,41.378348000211417],[-71.831097000339199,41.378016000209279],[-71.831297000355733,41.377796000135127],[-71.831355999906961,41.377751999761379],[-71.831463999861995,41.377653999802419],[-71.832134000231832,41.377059000059404],[-71.832436000355628,41.376462000269967],[-71.832655999565333,41.375849999946745],[-71.832674000006989,41.375621000200184],[-71.832699000121337,41.375309000078111],[-71.832622999953358,41.375151000093602],[-71.832530999891858,41.374962999774141],[-71.832508000325646,41.374893000283706],[-71.832468000142669,41.37476799975439],[-71.832374000431329,41.374476000159632],[-71.83177900040458,41.372628000001662],[-71.831775000206633,41.372615000270912],[-71.831711999559118,41.372417000110111],[-71.83165200018297,41.372226000126055],[-71.83165300000789,41.37208800002869],[-71.831656000380931,41.371683000309389],[-71.831657000205851,41.371472000049238],[-71.831659999680582,41.371257999881848],[-71.831664999703463,41.371229999713385],[-71.831680999596969,41.371152000288014],[-71.83184399980361,41.370343999666694],[-71.831954000306752,41.37010900018695],[-71.831996999964474,41.370017000081994],[-71.832068999934492,41.369862999776316],[-71.832499000104804,41.369439999805678],[-71.832540999937592,41.369400000273316],[-71.832776000114237,41.369168999846906],[-71.833178999622049,41.368895000101695],[-71.833869000083368,41.368427000181036],[-71.834336999888492,41.368110000316058],[-71.834375000421659,41.368082999930778],[-71.835013000106116,41.36764699979868],[-71.835731999981434,41.367163000108235],[-71.836536000245545,41.366622999942841],[-71.836971000438723,41.366328000069529],[-71.837034000187913,41.366285999663411],[-71.837536000328257,41.365626000219379],[-71.837633000412652,41.365498999753449],[-71.837635000062463,41.365457999990667],[-71.837666999849503,41.364862999934019],[-71.83767400042052,41.364727999923083],[-71.837681999918118,41.364593000306286],[-71.837685000291174,41.364516000184643],[-71.837696999986747,41.364285999795392],[-71.837701000184694,41.364209999833967],[-71.837711000230428,41.364027000192522],[-71.837722000101081,41.363838000232555],[-71.837731000321924,41.363671999822074],[-71.837741000367672,41.363478000202875],[-71.837743999842402,41.363441999820708],[-71.837751000413405,41.363295999714573],[-71.837752000238325,41.363270999755933],[-71.83775399988815,41.363243000195354],[-71.837756000436286,41.36319699968719],[-71.837758000086097,41.363173000229899],[-71.837758999911017,41.363135999813238],[-71.837765999583709,41.363027000194464],[-71.837768000131845,41.362991000237017],[-71.837777000352688,41.362822999947369],[-71.837872999713838,41.36014500017307],[-71.837806999591606,41.358993999901671],[-71.837654000329039,41.358323999922],[-71.837332000113761,41.35690999969875],[-71.837286000082997,41.35670799975999],[-71.836768000049148,41.355102999815429],[-71.836044000150963,41.353988000298791],[-71.833900999870409,41.35277000009075],[-71.831303000203519,41.351294999736162],[-71.831186000027643,41.350903000093098],[-71.831160000088403,41.350818000192824],[-71.83060900044255,41.348988999983497],[-71.830169000226505,41.347526000202095],[-71.82990200026282,41.346635999959645],[-71.829779000239185,41.346229000056589],[-71.829766999645301,41.346119999773279],[-71.829417999665836,41.342915999706868],[-71.829404000320451,41.34278799993367],[-71.82936499996238,41.342432000211026],[-71.82938400022897,41.342413000087781],[-71.829478999765215,41.342326000197993],[-71.829535999666618,41.34227200027771],[-71.829708999918978,41.342110999762525],[-71.829766999645301,41.34205799985358],[-71.829939000072756,41.341897999675808],[-71.830454999558469,41.341418000156004],[-71.830626999985924,41.341257999754674],[-71.83178100005442,41.340182999827398],[-71.833427000217483,41.338652999823395],[-71.835244999909705,41.336961000276297],[-71.836227000449071,41.336048000242847],[-71.836312999764488,41.335967000294147],[-71.836399999803106,41.335886999854502],[-71.837280000235225,41.33506799992923],[-71.838796999628556,41.33417000028318],[-71.840043999583472,41.333432000183457],[-71.841035000343652,41.332845000066065],[-71.841292000261603,41.332693999817153],[-71.844611000351961,41.330730000117725],[-71.84494000023993,41.330610000229342],[-71.847708999611044,41.329603999948127],[-71.84882900024266,41.328291000043137],[-71.851923000202106,41.324664000310342],[-71.854176999912411,41.323085000150122],[-71.854807000099271,41.322642999945849],[-71.856248000222934,41.321636000283469],[-71.857458000367927,41.320788999702792],[-71.858994999852754,41.320518000262261],[-71.859174999777807,41.320484999949734],[-71.859714999552978,41.320388999804123],[-71.859896000201246,41.320357999797146],[-71.861066999988182,41.320150000022068],[-71.864581999897112,41.319530000205098],[-71.865754000407264,41.319324000214102],[-71.8661999995728,41.319244000251643],[-71.866537999681597,41.319185000081511],[-71.867501999779279,41.319508999751108],[-71.86793199994959,41.319653999695788],[-71.869352999981771,41.320131999997315],[-71.873617999728154,41.321566999935939],[-71.874513000228887,41.321867999889555],[-71.875011000171241,41.322116999679025],[-71.876434999678168,41.322826999696048],[-71.87828599988066,41.323751999754059],[-71.880706999995553,41.324960999666921],[-71.88213100040079,41.325672999937282],[-71.883920999605593,41.326497999797091],[-71.889291999739896,41.328975000218499],[-71.891265000141118,41.329713999922603],[-71.891343999783857,41.329772000300423],[-71.891466999807491,41.329834000112214],[-71.891590999656046,41.329877000131972],[-71.891749999664697,41.329972999791316],[-71.891859000342961,41.33003599978602],[-71.892066999857121,41.330075000201894],[-71.892355999562113,41.329218000211881],[-71.893104999574632,41.327372999865496],[-71.893656999943687,41.326503999669484],[-71.894324999765388,41.32545400009419],[-71.898807000145055,41.318397000293132],[-71.90030099997216,41.316046000001251],[-71.901291000009124,41.313591000284518],[-71.901658000430245,41.312682999823657],[-71.905584000242897,41.306932999929103],[-71.907077000245124,41.304747000326785],[-71.907113000230126,41.30469399971237],[-71.90722100018516,41.304535000309798],[-71.907257999995096,41.30448300028953],[-71.879846999654916,41.276245999921777],[-71.874513000228887,41.27068599996273],[-71.858512999803921,41.253696999979027],[-71.858424999940354,41.253618000076095],[-71.854462000317767,41.250099999917744],[-71.809384000371494,41.203235000228169],[-71.791151000152595,41.184281000200464],[-71.790972000052449,41.184101000195881],[-71.790973999702274,41.184381999967499],[-71.791480000040565,41.250099999917744],[-71.791480000040565,41.271921999956007],[-71.791480000040565,41.272164999947044],[-71.785748000231251,41.273459000141926],[-71.778429999634994,41.275111000238574],[-71.772773000168741,41.274765000159178],[-71.765811999947886,41.274244999759375],[-71.759285999920195,41.274590999894521],[-71.753558000308828,41.274829999917898],[-71.749508999574218,41.274999000202882],[-71.747044999801602,41.274974000108401],[-71.742096000340027,41.275368999806531],[-71.739559999699082,41.275449000266207],[-71.732835000378088,41.276875999933495],[-71.729228000407645,41.277891000251699],[-71.728968999941557,41.277964000208883],[-71.723434999600642,41.279617000179101],[-71.71999400020988,41.281148999875995],[-71.718225000023153,41.280943000129682],[-71.711661000360635,41.280600999717919],[-71.705743999705064,41.280738999969451],[-71.700775000151992,41.281601000278393],[-71.695043000342665,41.282646999748664],[-71.691397000014177,41.283738000231651],[-71.690940000079692,41.283873999784824],[-71.686452999677158,41.285212999952584],[-71.685861000023465,41.285390000054662],[-71.678979000343617,41.287345999679935],[-71.672594999707826,41.289079000238232],[-71.66631899992538,41.29248699984214],[-71.659565000292062,41.296652999797416],[-71.656975999947676,41.296896999705297],[-71.651670999935618,41.298317999663411],[-71.651522999797621,41.298361999741722],[-71.645637999827429,41.30012399977084],[-71.640720000327974,41.301821000307619],[-71.637705000011252,41.302690999740648],[-71.636129000168367,41.303157000270197],[-71.634503000096771,41.30375599980308],[-71.632188000287101,41.304841999805205],[-71.624503999992939,41.306142999676148],[-71.624503999992939,41.305996999973793],[-71.602518000213749,41.311500999775184],[-71.598151000360133,41.312594000102571],[-71.594238999892852,41.313843999776985],[-71.585066999619372,41.316775000223231],[-71.584452000399452,41.317036999943873],[-71.575253000361784,41.320955000167771],[-71.575198999935111,41.320940999722218]]],[[[-71.678806999916162,41.158911999976993],[-71.678302000301088,41.148904000155632],[-71.676092000073396,41.141501999956724],[-71.672644000111617,41.134291999751014],[-71.668345000030058,41.128250000027343],[-71.665452999736985,41.125820999996428],[-71.657632999898709,41.119874999781153],[-71.649849000045435,41.114143000111035],[-71.640343999686024,41.108432999773456],[-71.630301000099578,41.103455000064798],[-71.624500999619883,41.100978999889833],[-71.618860999872084,41.099090999833891],[-71.611672999870493,41.097412999702179],[-71.601863999737446,41.096618999868902],[-71.593513000344842,41.09583399969442],[-71.584085999803236,41.096341999796969],[-71.569299999721224,41.097182000164288],[-71.565311000159369,41.097789999969656],[-71.553159999554154,41.100078999761223],[-71.543771000444011,41.100817000127016],[-71.535841000102579,41.1016640001612],[-71.528167999679084,41.103113999692852],[-71.517537999563487,41.107077000222773],[-71.508093000376846,41.111614999664447],[-71.501887000016282,41.115541000050854],[-71.499496000038619,41.117492000256611],[-71.49467899992321,41.122192000036378],[-71.49143199980287,41.125103999890683],[-71.488273000444423,41.130540999706419],[-71.484030000439347,41.139231999729162],[-71.479562000303389,41.14805499993281],[-71.477024000012634,41.155657000030878],[-71.476876999699542,41.16117099985135],[-71.476925000278442,41.16815699967173],[-71.47860300022856,41.175791999671638],[-71.480455000255972,41.181287999863592],[-71.48271599963897,41.186252999697068],[-71.484890999706565,41.188742999864999],[-71.489844000264426,41.194697999969961],[-71.485884000116585,41.204726999935282],[-71.485175000287029,41.209468000128929],[-71.484582999734997,41.217486000032594],[-71.486496999686679,41.226926999716049],[-71.489322000032615,41.235171000030711],[-71.492195999884018,41.240875999669143],[-71.496595000423028,41.24582300022643],[-71.499993999981001,41.250102999991881],[-71.516350000058125,41.271548999954909],[-71.535979000194828,41.28617999991561],[-71.557569000138898,41.294018000185829],[-71.570654999631159,41.294018000185829],[-71.591590999997237,41.289317000207895],[-71.609256999778466,41.281999000334835],[-71.624503999992939,41.27412900006069],[-71.634968000427179,41.263681999830538],[-71.640844000176529,41.250101000167582],[-71.642005999742636,41.245313000193065],[-71.642758000128225,41.237934000157829],[-71.643014000221271,41.231323000281385],[-71.649377999867241,41.223986000040263],[-71.653208000318756,41.217805000336242],[-71.654560999680555,41.215464999752911],[-71.663768000114146,41.206604999792134],[-71.667857999958329,41.200626000319211],[-71.670490999785329,41.1945029999276],[-71.672813999990936,41.184649999846108],[-71.673808000225876,41.17885000023734],[-71.67626399960254,41.168863999766572],[-71.678806999916162,41.158911999976993]]]]},"properties":{"NAME":"Washington County","BASENAME":"Washington","GEOID":"44009","STATE":"44","COUNTY":"009"}},{"type":"Feature","geometry":{"type":"Polygon","coordinates":[[[-71.547353000300077,41.731203000068767],[-71.546984000229145,41.731007000249669],[-71.546788000410558,41.730863999901679],[-71.546439000431107,41.730537000080304],[-71.545963000230046,41.730091999810263],[-71.545806999696111,41.730096999672256],[-71.545578000265579,41.730083999896252],[-71.545497000074718,41.730077000222039],[-71.545461000089716,41.730074000169907],[-71.545364000005335,41.730066000253601],[-71.545143000072386,41.730071999688121],[-71.544723999772728,41.730075999981203],[-71.544170999578782,41.730102999774289],[-71.540802999982944,41.730127000176736],[-71.540440999584689,41.730130000226396],[-71.540233000070558,41.730130999795975],[-71.538966000024175,41.73014100018387],[-71.538376999845184,41.730144999802292],[-71.535683999743739,41.730164999901753],[-71.53560900029899,41.730164999901753],[-71.534964999868421,41.730169999758012],[-71.534437999613729,41.730174000044997],[-71.53442599991817,41.730172000236742],[-71.534321000336178,41.730169000189044],[-71.534286000176081,41.730170999997384],[-71.534020000037316,41.730180999708644],[-71.533158999871773,41.730197000182002],[-71.532217000413695,41.730212999980928],[-71.531691999808828,41.730222999685651],[-71.531229000026556,41.7302310002528],[-71.530700999946959,41.730240999954717],[-71.53051799964885,41.730243999999054],[-71.529232000234202,41.730256999742728],[-71.527750000102643,41.730273999764471],[-71.525348000254326,41.730327999843276],[-71.524499999609276,41.730346000082875],[-71.523143999874421,41.730363000081113],[-71.522962000299529,41.730366999685707],[-71.522281999883973,41.730383000112703],[-71.521494000411678,41.730403000138061],[-71.521424000091486,41.730403000138061],[-71.520409999765079,41.730429000228739],[-71.520063000333764,41.730432999829226],[-71.519981000317998,41.730438000335042],[-71.519927999716231,41.730443000170105],[-71.519864999967055,41.730443999734817],[-71.519413000055422,41.730469000244589],[-71.518705000050758,41.730508000001429],[-71.516861000419283,41.730607999871374],[-71.513293999733492,41.730693999702048],[-71.513225000136529,41.730696999725275],[-71.513183000303741,41.73069799995644],[-71.512331000359026,41.730726999949489],[-71.511984999854306,41.730740000265783],[-71.509615999617949,41.730821999673353],[-71.509485999921608,41.730825999919773],[-71.509355000400362,41.730830999724603],[-71.50864300019775,41.730856000083804],[-71.507804999598449,41.730885000005536],[-71.504616000102757,41.73099599977008],[-71.503658999677754,41.731018000056977],[-71.50183199976469,41.731060999712248],[-71.497941999937055,41.731150999832998],[-71.497849000050635,41.731150000279285],[-71.496226000352081,41.731209000067494],[-71.495797000006675,41.731224000061808],[-71.494833999733899,41.731257000036983],[-71.494693999991824,41.731261999808304],[-71.494364000278935,41.731273000242346],[-71.49414400017092,41.73128100000833],[-71.493750999810516,41.731294999763961],[-71.49345100023487,41.731304999970646],[-71.490676999942551,41.73140099973034],[-71.490182000373224,41.731418000119731],[-71.488245999781938,41.731471999907207],[-71.487054000078601,41.731504999754982],[-71.486834999795477,41.731510999725515],[-71.486567999831792,41.731519000132209],[-71.486163999600734,41.73153299983602],[-71.486038999927288,41.731535999820025],[-71.484157999587552,41.731594999924056],[-71.483909999890443,41.731603000320341],[-71.483617999812395,41.73161200026216],[-71.482303000085409,41.731619999985931],[-71.48207200010674,41.731625999945663],[-71.481745999693501,41.731634999884257],[-71.481565999768449,41.731639000080008],[-71.480111000299374,41.731653999973958],[-71.480004000169245,41.7316569999523],[-71.479851999833301,41.731661000146673],[-71.479759999771801,41.731662999908629],[-71.479194000057348,41.731676000035485],[-71.478308999602376,41.731696999873897],[-71.477685999986534,41.731711000209266],[-71.477081999738942,41.731724999871183],[-71.476971000309192,41.731752000311978],[-71.476814999775257,41.731789000202319],[-71.47671199984309,41.731814000188635],[-71.475582999888957,41.731862999919123],[-71.474739000340179,41.731899999745522],[-71.472806000121921,41.731955000009805],[-71.469671999979511,41.732045000218775],[-71.469138999877032,41.732061999767389],[-71.467938999777786,41.732078999981844],[-71.467470999972647,41.732078999981844],[-71.467130000389091,41.732083999689188],[-71.466872999572843,41.732089000066473],[-71.466025999650995,41.732106000273788],[-71.464998999804124,41.732138999795865],[-71.464317999563661,41.7321589999449],[-71.463641000419443,41.732180000295799],[-71.463032000148999,41.732198000016439],[-71.462524999985774,41.732212000242669],[-71.461689999759528,41.732237000064352],[-71.461057999922843,41.732254999769076],[-71.460599000338533,41.732267999776127],[-71.460248999635851,41.732277999831332],[-71.457599000090426,41.732355000271276],[-71.456412000409969,41.732388999870267],[-71.455973999843721,41.73246099982925],[-71.455717999750703,41.732413000089018],[-71.455574999635559,41.732385999926102],[-71.455342000007064,41.732365000312946],[-71.454906999813872,41.732443000182258],[-71.454418999917252,41.732625999710095],[-71.453895999860521,41.732887000057836],[-71.453669000079799,41.733004000216212],[-71.453459999842423,41.733187000156882],[-71.453285999765157,41.733330000026058],[-71.453129000304628,41.733526000131143],[-71.453007000105899,41.733707999741036],[-71.452936999785706,41.73386500032732],[-71.452867000363796,41.734087000091392],[-71.452849999747045,41.73433500027933],[-71.452971000120883,41.734765000146766],[-71.45321499962003,41.735287999987285],[-71.453423999857421,41.735627000268664],[-71.453580000391341,41.735927000306695],[-71.453753999570296,41.736240000157579],[-71.453823999890488,41.736475000253137],[-71.453893000385776,41.736671000145783],[-71.453910999929136,41.736932000144776],[-71.453840999608929,41.737192999753383],[-71.453736000026936,41.737427999713525],[-71.453491999629463,41.737688999987725],[-71.453177999810109,41.737963000066621],[-71.452986000189512,41.738092999861543],[-71.452760000233681,41.738262999918106],[-71.452532999554663,41.738562999708847],[-71.452340999934023,41.7388500000962],[-71.452097000434861,41.739116999884132],[-71.451747999557114,41.739456000063974],[-71.45127800010215,41.739704000299888],[-71.450563000424793,41.739925999990596],[-71.449953000329415,41.740030000288264],[-71.449256000195405,41.740015999755258],[-71.447801999652938,41.740017999927389],[-71.447377000403833,41.740004000062079],[-71.447059000386517,41.739993999869121],[-71.446449000291139,41.739985999847733],[-71.446374999772999,41.739986999934253],[-71.446312999848701,41.739985999847733],[-71.446198000220988,41.739978999912005],[-71.446070999999378,41.739975000235603],[-71.445302999720255,41.740045000233529],[-71.444684000302388,41.740155000171789],[-71.444290999941984,41.740395999828841],[-71.444116000039799,41.740635999845601],[-71.444029000001166,41.740895999745341],[-71.443966000251976,41.74115800006944],[-71.44396299987892,41.741180000227104],[-71.443945000335589,41.741195999971424],[-71.443936999939666,41.741292999760326],[-71.443940000312708,41.74164299984659],[-71.443905999977517,41.74192400020705],[-71.443931999916799,41.742293999879514],[-71.443935000289841,41.742600999927781],[-71.443935000289841,41.742630999954194],[-71.443973999749588,41.742946000055646],[-71.444044000069781,41.743348999666431],[-71.444095000123397,41.743512000334078],[-71.444111000016932,41.743563999945955],[-71.444186000360006,41.743824000054886],[-71.444260999804754,41.743955000074429],[-71.44429799961469,41.744054999786613],[-71.444358999714041,41.744208999816323],[-71.444433000232209,41.744412999704771],[-71.444495999981399,41.744528000282763],[-71.444535000339471,41.744598000009148],[-71.444577999997165,41.744673999740613],[-71.444706000043681,41.744914999863902],[-71.444890999991614,41.745212000064754],[-71.445125000343339,41.74542300013097],[-71.445327000009698,41.745607000207166],[-71.445459000254175,41.746036999669656],[-71.445547999942647,41.746218000028648],[-71.445947999975715,41.747246999708281],[-71.446420999803749,41.748606000162802],[-71.446537999979597,41.748887000210054],[-71.446615999797416,41.749071999686571],[-71.446614999972496,41.749526999862432],[-71.446605999751668,41.749663999924408],[-71.446594000056095,41.749680000235458],[-71.446568999941746,41.749905000082194],[-71.446310000373984,41.750258999844164],[-71.445973999914997,41.750556000120639],[-71.445593000148477,41.750750000089596],[-71.444982000228208,41.750897999975699],[-71.444676999731371,41.750932999726757],[-71.444418000163594,41.750874999879933],[-71.444173999766122,41.750750000089596],[-71.443976000297724,41.750668999907852],[-71.443731999900237,41.750624000135033],[-71.443213000041482,41.750702999864217],[-71.442434999716625,41.750988999690961],[-71.442325999936671,41.751043999691973],[-71.441747999628362,41.751342000267286],[-71.441624999604713,41.751428999720062],[-71.441451000425772,41.751554000198773],[-71.441277000348478,41.751677999859417],[-71.441092000400559,41.751809999840297],[-71.440618999674228,41.752153000283258],[-71.440374000350161,41.752427000299136],[-71.440191000052053,41.752769000238381],[-71.440191000052053,41.75291800004571],[-71.440313000250796,41.753215000082626],[-71.44046499968843,41.753475999853819],[-71.440565999970772,41.753619000115457],[-71.440586999887174,41.753648999684735],[-71.440679999773593,41.75378600033175],[-71.440997999790909,41.754255000044132],[-71.441119999989638,41.754517000137604],[-71.441165000195497,41.754712000055278],[-71.441151999776693,41.754771000312253],[-71.441119999989638,41.754916999931268],[-71.440966999828774,41.755088000196565],[-71.440798999599281,41.755214000100452],[-71.440638999765724,41.755254000092705],[-71.440524000137984,41.755281999871386],[-71.440279999740511,41.755294000060026],[-71.439684999713762,41.755269999680557],[-71.439533000276114,41.755304999728359],[-71.439456000283215,41.75541899971342],[-71.439380000115236,41.75568200025856],[-71.439302000297431,41.755902999817117],[-71.439288000053722,41.755943999888082],[-71.439195999992208,41.756195000274388],[-71.439119999824243,41.756389999784879],[-71.439195999992208,41.756607000275608],[-71.439348000328181,41.756755000059755],[-71.439654999576547,41.756934000039948],[-71.439853999768161,41.757020000133657],[-71.44016900031076,41.757184000086468],[-71.440411999985002,41.75730500014258],[-71.440550999902158,41.75741899992579],[-71.440653999834311,41.757641999827364],[-71.440662000230247,41.757795000291225],[-71.440574000366709,41.757911999966275],[-71.440557999574864,41.757932000129934],[-71.440397999741279,41.758053000115964],[-71.440095999617483,41.758077000124857],[-71.439611999918839,41.75803399979543],[-71.439303000122337,41.757877999807796],[-71.439118000174432,41.757828999823609],[-71.438828999571086,41.757828999823609],[-71.43850800007904,41.757943000016226],[-71.438217999650817,41.758101999929124],[-71.438111000419013,41.758285000049284],[-71.437989000220284,41.758969999799334],[-71.437927000296,41.759175999934591],[-71.43783600005942,41.75943899982618],[-71.437697999967142,41.759667000319894],[-71.437560999699798,41.759826999759433],[-71.43737699957677,41.759906999999693],[-71.437164000039758,41.759963999950912],[-71.436903999748765,41.759975000159017],[-71.436599000150238,41.759940999753312],[-71.436400999783501,41.759849000220726],[-71.436249000345867,41.759758000334855],[-71.436096000185003,41.759711999783796],[-71.435882999749651,41.759677000129003],[-71.435593000219754,41.759723000035095],[-71.435241999692153,41.759790999719286],[-71.434998000192991,41.759883000005125],[-71.434845000032112,41.759973999713743],[-71.43460099963464,41.760115999796611],[-71.434494000402822,41.760241999880705],[-71.434387000272721,41.760390999761952],[-71.434260000051111,41.76059199985864],[-71.434133999654421,41.760789000275928],[-71.434069000255406,41.760936000036772],[-71.434050999813749,41.760983999899437],[-71.434004999782971,41.761235000006486],[-71.433957999927316,41.761362000327331],[-71.433774999629208,41.76144100024176],[-71.433531000130046,41.761452000196726],[-71.433347999831952,41.76137199987231],[-71.43316700008198,41.761235000006486],[-71.433013000096196,41.761075000057033],[-71.432890999897452,41.760891999851928],[-71.432891999722372,41.760594999825308],[-71.432937999753122,41.760401999896906],[-71.43297999958591,41.760313000335003],[-71.433044999883251,41.760195999676583],[-71.433197000219224,41.760058000206548],[-71.433350000380102,41.759909000222216],[-71.433396000410852,41.759762000119011],[-71.433393999862702,41.759677000129003],[-71.433394999687621,41.759613000117454],[-71.433335000311473,41.759499000210958],[-71.433244000074879,41.759407999828767],[-71.433186000348556,41.759384000317631],[-71.433075999845386,41.75933899995362],[-71.432967999890366,41.759335000143153],[-71.432916000011829,41.75933200011756],[-71.432833000171144,41.759326999851247],[-71.432674999987398,41.759326999851247],[-71.432373999688522,41.759328000306603],[-71.432196000311606,41.759382999863149],[-71.432053000196461,41.759444000083775],[-71.431931999822623,41.759497999758317],[-71.431642000292726,41.759658000289278],[-71.431443000101112,41.75982899998445],[-71.431274999871619,41.760046000238624],[-71.431106999642125,41.760389000224556],[-71.430969000448172,41.760617000023302],[-71.430817000112199,41.760787999843345],[-71.430556999821206,41.760879000278891],[-71.43052199966111,41.760877999847708],[-71.43029800025343,41.760868000225742],[-71.430080999620145,41.760809999975166],[-71.429945000076017,41.76077300005371],[-71.429889999824439,41.760761000219439],[-71.429499999837091,41.760679999939512],[-71.428878999871074,41.760593000294278],[-71.428360999837224,41.760523999683031],[-71.427734999848326,41.76054599990541],[-71.427277000088921,41.760659999962179],[-71.427032999691448,41.760739999834058],[-71.426774000123686,41.760830999667583],[-71.426586999627617,41.760904000331742],[-71.426357000372164,41.760980999950995],[-71.426247999693913,41.761016999993601],[-71.426224000302767,41.76102500007481],[-71.42587299977518,41.761185000148892],[-71.425529999643501,41.761363999834401],[-71.425262999679816,41.761504000019031],[-71.424964999753982,41.761651999901254],[-71.424399999864448,41.761931000303889],[-71.423858000439466,41.762233999957864],[-71.423399999781736,41.762600000232617],[-71.423186000419818,41.762793999982073],[-71.42295700009096,41.762970999742592],[-71.422916000083092,41.763029999777643],[-71.422742999830717,41.763278999804825],[-71.422603000088628,41.763509000166238],[-71.422483000438035,41.763792999783803],[-71.422376000307906,41.764044000293929],[-71.422223000147042,41.764305999957884],[-71.421993999818184,41.764579999684393],[-71.421912999627338,41.764630000246783],[-71.421735000250408,41.76474000027477],[-71.421311999752788,41.764879000095227],[-71.42094100003203,41.764888000063564],[-71.420737999642441,41.764883999928927],[-71.420619999641659,41.76488199986148],[-71.420284999905917,41.764876000328833],[-71.419797000009268,41.764785000201407],[-71.419523000372891,41.764669999730572],[-71.419340000074783,41.764601000153149],[-71.41909599967731,41.76444099988624],[-71.418971000003836,41.764347999727761],[-71.418898000208912,41.764292999736362],[-71.418867000246777,41.764292999736362],[-71.418729999979419,41.764096999736857],[-71.418714999910804,41.764075999773148],[-71.41869999984219,41.763949999846801],[-71.418760999941568,41.763813000124728],[-71.419036000301176,41.763550000068342],[-71.419494000060581,41.763070999985764],[-71.420120999874371,41.762174999860974],[-71.420197000042364,41.761986000309811],[-71.42015199983652,41.761837999857775],[-71.420090999737141,41.76174599969449],[-71.419969000436723,41.761665999736657],[-71.419740000107865,41.761625999720287],[-71.419434999611028,41.761705999728044],[-71.419078000133965,41.761884999970412],[-71.418945999889488,41.76195099988508],[-71.418519000092218,41.762042000011505],[-71.417847999897489,41.762166999923188],[-71.417585999956657,41.762254000114702],[-71.417405000206699,41.762316000025123],[-71.417066000272996,41.762491000292194],[-71.416657000019086,41.76276100013169],[-71.416335999628714,41.762851999779464],[-71.416015999961559,41.762896999690085],[-71.415805999899291,41.762901999678228],[-71.415131000404898,41.762918999768964],[-71.414749999740081,41.762918999768964],[-71.414383000217285,41.762952999936871],[-71.414123999751183,41.763056000059727],[-71.413970999590319,41.763124000232395],[-71.413803000259136,41.763227000080803],[-71.413676999862446,41.763328000317998],[-71.413588999998893,41.76354599985023],[-71.413542999968143,41.7636830001424],[-71.413491999914513,41.763818000041489],[-71.413481999868765,41.763843000289434],[-71.413313999639286,41.764082999761825],[-71.412641999619638,41.764545000004603],[-71.412352000089726,41.764830999795976],[-71.412183000035313,41.765058000196547],[-71.412116000088176,41.765148000242213],[-71.411418999954179,41.766085999695697],[-71.411160000386403,41.76630300023114],[-71.410727999667969,41.766540000193523],[-71.410701999728687,41.766554000302456],[-71.410259000037897,41.766656000333761],[-71.409790000407838,41.766766000238363],[-71.409751000049781,41.766774999942015],[-71.409678000254843,41.766782999975362],[-71.409233999840836,41.766843000193376],[-71.408899999929986,41.76688799998508],[-71.408628999768339,41.766944999765222],[-71.40837500022343,41.767036999844279],[-71.408114000107531,41.767148999762497],[-71.407776999823625,41.767263999810062],[-71.407191000017733,41.767403999851886],[-71.406448999677878,41.767460000185068],[-71.405646000136969,41.76758399993534],[-71.405203000446193,41.767609999712114],[-71.40508600027033,41.767618000311316],[-71.404261000089789,41.767776999702008],[-71.403849000361163,41.767845000231326],[-71.403467999696332,41.767855999758403],[-71.403025999830462,41.767799000117634],[-71.4026900002698,41.767694999913736],[-71.402354999635733,41.767523999740298],[-71.402080000174422,41.76721500029273],[-71.40177600040083,41.766861000247836],[-71.401562999965478,41.766689000190944],[-71.401394999735984,41.766552000287071],[-71.401151000236837,41.766495000157782],[-71.40084599974,41.766505999916319],[-71.400678000408817,41.766665999723806],[-71.400615999586208,41.766837000174071],[-71.400601000415918,41.767064999842191],[-71.400584999624073,41.767374000012218],[-71.400584999624073,41.767613999676804],[-71.400568999730567,41.767795999817743],[-71.400476999669053,41.767955999758144],[-71.40026300030712,41.768150000063493],[-71.400203000032661,41.768180999857627],[-71.400018999909648,41.768275999781849],[-71.399804999649405,41.768332999668829],[-71.399577000043777,41.768320999908397],[-71.399377999852149,41.768264000010767],[-71.399134000352987,41.768148999745691],[-71.398617000144029,41.767913999670021],[-71.398052000254523,41.767657000286832],[-71.397639999627543,41.767507999857493],[-71.397113000271162,41.767397999885048],[-71.397090999631558,41.767393999906886],[-71.396435000403741,41.767255999836699],[-71.396120999686076,41.767166999731103],[-71.39606899980754,41.767152999755929],[-71.395886000407756,41.767038000179433],[-71.395734000071783,41.766889999989935],[-71.395627999766575,41.766683999827919],[-71.395597999629345,41.766386999809122],[-71.395602999652212,41.765994000262985],[-71.395565000017385,41.765614000276166],[-71.395523000184596,41.765186000015156],[-71.39541199985652,41.764837000002892],[-71.39520400034236,41.764644999804858],[-71.394730999616016,41.764244999668769],[-71.394456999979639,41.764107000195743],[-71.394121000418977,41.764038000012867],[-71.393724999685546,41.764014999935426],[-71.392962000327628,41.763935000126295],[-71.391968999917609,41.763864000329335],[-71.391799999863196,41.763902999906641],[-71.391549999617965,41.764007999939388],[-71.391313999616386,41.764183999991729],[-71.391076999789945,41.764356000063742],[-71.391054000223718,41.764372999769193],[-71.390533999641733,41.764390999846619],[-71.390415999640936,41.764426999986277],[-71.389897999607086,41.764298999993535],[-71.389450999718335,41.764241000164049],[-71.389197999998359,41.764132000331074],[-71.389030999593757,41.76403399982523],[-71.388920000164006,41.763977999851825],[-71.388516999757869,41.763775000208682],[-71.386524999988382,41.760044999794459],[-71.385658999799958,41.758420999712662],[-71.384733000235443,41.757601999983144],[-71.382970999721394,41.756173999735047],[-71.382250000196251,41.756041000180439],[-71.381116000219265,41.755829000325633],[-71.380970999555984,41.755801999955622],[-71.378273000329983,41.755297000274375],[-71.375354000272708,41.750367999784821],[-71.375242000119712,41.750157999813844],[-71.374965000110279,41.74964100005672],[-71.373801999820969,41.747499999861923],[-71.37250800001037,41.744726999764659],[-71.368511999877512,41.73942100008874],[-71.368055999767932,41.738893999974493],[-71.366103000356517,41.736670000007621],[-71.365207000030864,41.735649000310154],[-71.360196999571613,41.738901000028498],[-71.356997000205254,41.741600999963758],[-71.356587000126453,41.742889999778164],[-71.35581800002241,41.745307999815559],[-71.355786000235383,41.745409000103592],[-71.355638999922277,41.745870000070852],[-71.355597000089489,41.74600099993738],[-71.355525999944362,41.746190000317497],[-71.355296999615518,41.746800999952626],[-71.35508099970545,41.747495999983812],[-71.353897000398049,41.751300999937385],[-71.351494999651408,41.752634999769931],[-71.351476000283157,41.75264900023209],[-71.349190999712377,41.754260000035465],[-71.348877999717942,41.754478000217055],[-71.348236999660429,41.754920000163239],[-71.347614999869492,41.755351000087643],[-71.347289000354579,41.75557299995954],[-71.347181000399544,41.755653999984233],[-71.346593000045488,41.756058999914572],[-71.346530000296298,41.756106000239022],[-71.345642000366567,41.756717999810618],[-71.345587999939909,41.756756999710383],[-71.345161000142653,41.757050999944397],[-71.344853000171085,41.757265000088367],[-71.344790000421895,41.757293000329938],[-71.344643000108789,41.757360999908528],[-71.344069999823347,41.757807000010004],[-71.343961000043407,41.757880999901303],[-71.343582999751632,41.758149999901249],[-71.34333900025247,41.758315999919063],[-71.343012000014312,41.758539999851834],[-71.342395000246256,41.758965000174911],[-71.342232999864549,41.759077999900676],[-71.342108000191089,41.759166999835173],[-71.340956999597324,41.759970999718078],[-71.339851000107728,41.760733999914123],[-71.338476000106283,41.761683000154804],[-71.336781000437725,41.762855000310509],[-71.33523900003172,41.763926999737826],[-71.333941999848093,41.764823999888947],[-71.332658999908148,41.765715000106162],[-71.331996999934262,41.766164999824312],[-71.331735999818349,41.766345000033901],[-71.331222999807366,41.766701000256617],[-71.329106000364405,41.76816700010378],[-71.328655000277706,41.76847800028149],[-71.325007000299379,41.771005999908745],[-71.324716999871171,41.771200999970567],[-71.324603999893256,41.771281000099336],[-71.324522999702381,41.771339000264277],[-71.322678000246,41.772592000321978],[-71.322607000100874,41.772640000174263],[-71.322588999659217,41.772651999796715],[-71.322560000245232,41.772672000055834],[-71.321930000058373,41.773099999951917],[-71.321365000168839,41.773484000082924],[-71.320606999935478,41.773999000264411],[-71.320534000140555,41.774049000185428],[-71.319949999984445,41.774510000126106],[-71.319540999730535,41.774830999826762],[-71.319489999676904,41.774871000319692],[-71.319142000420683,41.775157000303651],[-71.318222999630507,41.775913000083804],[-71.318088999736204,41.776023999718696],[-71.317911000359302,41.776168000171822],[-71.317872999826136,41.776199000110743],[-71.318788000418351,41.77658699985129],[-71.318877999931729,41.776625000217635],[-71.320004000411117,41.777103000082491],[-71.321750999958226,41.777842999716384],[-71.321822000103353,41.777874000185498],[-71.321937999555971,41.777923000269823],[-71.321985000309951,41.777943000225058],[-71.322448999917142,41.778137999964635],[-71.323171000165502,41.778446000231533],[-71.323332999648883,41.778515000325569],[-71.324623999984738,41.779061999676927],[-71.327225999849603,41.780165999755084],[-71.327573000179228,41.780313000000909],[-71.327791999564027,41.780406999917638],[-71.328471999979598,41.780694000122097],[-71.328507000139695,41.780804000070006],[-71.328554999820255,41.780829999847441],[-71.328639000384172,41.780872000187053],[-71.328670000346321,41.781003000288038],[-71.328786999623858,41.781352000104782],[-71.328847999723223,41.781571000125417],[-71.328861999966932,41.781705999893987],[-71.32885500029424,41.781935999837472],[-71.328860000317107,41.782065999673584],[-71.328887000081281,41.782200999739757],[-71.328957000401488,41.782425000016332],[-71.329050000287921,41.782638999932459],[-71.329096000318671,41.7827189998617],[-71.329149999847033,41.782739999751215],[-71.329209000296572,41.782756999943828],[-71.329296000335191,41.782634000142906],[-71.329314999703456,41.782592999710239],[-71.329325999574124,41.782506999730508],[-71.329317000251592,41.782187999795362],[-71.329328999947165,41.782097000110895],[-71.329354999886419,41.782011000135796],[-71.329390000046544,41.781925000045362],[-71.329417999635623,41.781883999829219],[-71.329462000016548,41.781850999750603],[-71.329520999567777,41.781837000300762],[-71.329581999667155,41.781836000196392],[-71.329631999895867,41.781856999705269],[-71.3297249997823,41.781917999993965],[-71.329759999942382,41.781958000085901],[-71.329802999600105,41.782038000194909],[-71.32983399956224,41.782127999863292],[-71.329866000247605,41.782261999701213],[-71.329896000384821,41.782486999858925],[-71.329896000384821,41.78262600007686],[-71.329877999943164,41.782711999896982],[-71.329860000399819,41.782753000253507],[-71.3298319999124,41.782793999914006],[-71.3297249997823,41.782904000278634],[-71.329693999820165,41.782945999929645],[-71.329672000078844,41.782987000136551],[-71.32966200003311,41.783031999990392],[-71.329662999858002,41.783076999812657],[-71.329672999903764,41.783122000273202],[-71.329692000170326,41.783165999948679],[-71.329835000285442,41.783366000285312],[-71.329853999653707,41.783406000143763],[-71.329853999653707,41.783450999703547],[-71.329790999904517,41.783533000115213],[-71.329812999645839,41.78364600011038],[-71.329893999836685,41.783761000055136],[-71.329912000278355,41.783800999667228],[-71.329906000430569,41.7838460002895],[-71.329892000186859,41.783892000282613],[-71.329889999638723,41.783949999760921],[-71.32986299987455,41.784225000049631],[-71.329868999722336,41.784314999997555],[-71.329893999836685,41.784400000167288],[-71.329918000126142,41.784435999795448],[-71.329992999570891,41.784507000268029],[-71.330129999838249,41.784606999762588],[-71.330206000006243,41.784678000045801],[-71.330231999945482,41.784717999755671],[-71.330250000387167,41.784758000110365],[-71.330267999930498,41.784842999692813],[-71.330273999778285,41.785072999771046],[-71.330286000372183,41.785162999868312],[-71.330302000265689,41.78520700015266],[-71.33035199959609,41.785296000011428],[-71.330390999954147,41.785381000220305],[-71.330392999603959,41.785422000209834],[-71.330375000060613,41.785462000125328],[-71.330342000448667,41.785498999874257],[-71.330262000082726,41.785572999977873],[-71.330232999770416,41.785613999844621],[-71.330185999914733,41.785745999678639],[-71.330103999898967,41.786053000205371],[-71.330046000172658,41.78624700003116],[-71.330037999776735,41.786274999681304],[-71.329997999593758,41.786356999830396],[-71.329912000278355,41.786475999729483],[-71.329887999988898,41.786516999688608],[-71.329872000095378,41.786561999744244],[-71.329846999981029,41.786697999750182],[-71.329831000087495,41.786739000237148],[-71.329806999798066,41.786780000028081],[-71.329650000337537,41.786976999736027],[-71.329626999873014,41.787018000044576],[-71.329606999781504,41.787104000002053],[-71.329605999956613,41.787239000177784],[-71.329651000162443,41.7876029997609],[-71.329651999987348,41.787738000225445],[-71.329636999918748,41.787823999886953],[-71.329597999560676,41.787914000141242],[-71.32951700026814,41.788041999898311],[-71.329447999772853,41.78817000006957],[-71.329435000252374,41.788210000280017],[-71.329429000404588,41.788250999799978],[-71.329431999879333,41.788273999894948],[-71.329446000123042,41.788310000027074],[-71.329456999993695,41.788327000082418],[-71.329493999803603,41.788362000182204],[-71.329539999834353,41.788397000262883],[-71.329590000063078,41.788428000318348],[-71.329681000299672,41.788497999718736],[-71.329836999935281,41.788557999718002],[-71.329948000263371,41.788591999692692],[-71.330132000386371,41.788614999665334],[-71.33025600023494,41.788622000325141],[-71.330369000212841,41.788637000301215],[-71.33041500024359,41.788654000269894],[-71.330414000418699,41.788708000140346],[-71.330381999733333,41.788745000025386],[-71.330277999976246,41.788791999848506],[-71.330243999641056,41.788838000311813],[-71.330235000318538,41.78888300007786],[-71.330271000303554,41.788909999922375],[-71.330327000380052,41.788925999824819],[-71.330446000205725,41.788969000212738],[-71.330482000190742,41.788995000028322],[-71.33047799999278,41.789019999841052],[-71.330472999969913,41.789070000107017],[-71.330513999977796,41.789114999710208],[-71.33054400011504,41.789114999710208],[-71.330601000016429,41.789114999710208],[-71.330700999575555,41.789081000012956],[-71.330838999667805,41.789070000107017],[-71.330960000041628,41.789070000107017],[-71.331058999775834,41.789099999846016],[-71.33109499976085,41.789145000097953],[-71.331103999981678,41.789178999761312],[-71.331087000263253,41.789202000193136],[-71.331058999775834,41.789223999957791],[-71.33099799967647,41.789293999828551],[-71.330985000155991,41.789321000169714],[-71.330980000133124,41.789422000179208],[-71.330995000201739,41.789496999758335],[-71.331035000384716,41.789565000033178],[-71.33112400007316,41.789564000049346],[-71.331206000088926,41.789517000122423],[-71.33125100029477,41.789418000234917],[-71.331259999617288,41.789406999717002],[-71.331310999670904,41.789349999804095],[-71.331392999686685,41.789324000132531],[-71.331464999656703,41.789308000329378],[-71.33153400015199,41.789319000194475],[-71.331622000015543,41.789397999839892],[-71.33164200010701,41.789477000057744],[-71.331564000289205,41.789554000210288],[-71.331564000289205,41.7895920002602],[-71.331602999748966,41.789623999720703],[-71.331765000130673,41.78969599978808],[-71.331861000390148,41.789724999922605],[-71.332089999820695,41.789797999856681],[-71.332234999585623,41.789876000272422],[-71.332268000095908,41.789892999912482],[-71.332381999898729,41.789924999892527],[-71.332634999618719,41.790035000078881],[-71.332742999573753,41.790159999696201],[-71.332772999710983,41.790275000012969],[-71.332808999695999,41.790385000268515],[-71.332841000381364,41.79051399974928],[-71.332811000244121,41.790581000316919],[-71.332739000274103,41.790639999739142],[-71.332642000189736,41.79065999974663],[-71.332515999793031,41.790638999772085],[-71.332479999808015,41.790654999912782],[-71.332473000135323,41.790705000243044],[-71.332506999572203,41.790800000294261],[-71.332497000424766,41.790844000058804],[-71.332461000439764,41.790863000039074],[-71.332211000194505,41.790956999894085],[-71.33219600012589,41.790976999802666],[-71.332205000346718,41.790999000297717],[-71.332256000400363,41.791058000004995],[-71.332269999745748,41.791081999722813],[-71.332294000035176,41.791124000044547],[-71.332343000438982,41.791207999935772],[-71.332465999564306,41.791350999824246],[-71.33262200009824,41.79156999984999],[-71.332838000008309,41.79193400029272],[-71.332930999894728,41.792113999850869],[-71.332960000207038,41.792255999785603],[-71.333070999636817,41.79241199989842],[-71.333155000200719,41.79257200004907],[-71.333191000185735,41.792714000308699],[-71.333187999812679,41.792781999850021],[-71.333175000292201,41.792816000263358],[-71.333161000048491,41.792831999860667],[-71.333109999994875,41.792868000112108],[-71.333079999857645,41.792937000090987],[-71.3331119996447,41.7930440000084],[-71.333129000261437,41.793068000322116],[-71.333147999629702,41.793084999785435],[-71.33326900000354,41.793128000062502],[-71.333433000035058,41.79316200029232],[-71.333510000027957,41.79316200029232],[-71.333571999952227,41.793192000125536],[-71.333590000393897,41.793236000257394],[-71.333540999990092,41.793302999989137],[-71.333452000301648,41.793341999750773],[-71.333442000255886,41.793365999952911],[-71.333473000218035,41.793390000146111],[-71.333602999914376,41.793397000284465],[-71.333732999610717,41.793434000142],[-71.333868000228236,41.793528000245203],[-71.333916999733731,41.79356899971269],[-71.33391199971085,41.793616000017359],[-71.333858000182502,41.793649999988311],[-71.333731999785797,41.793702999749485],[-71.333705000021624,41.79372699981645],[-71.333686999579953,41.793742999856107],[-71.33367800025745,41.793782999937797],[-71.333706999671449,41.793808999810068],[-71.333729000311067,41.793813000150109],[-71.333766999945894,41.793817999737598],[-71.333874999900942,41.793844000265423],[-71.333922999581503,41.793873999779443],[-71.333949000419096,41.793910000115346],[-71.333992000076805,41.793926000109366],[-71.334026000411995,41.793926000109366],[-71.334057000374116,41.793904999865298],[-71.334100000031839,41.793904999865298],[-71.334153999560201,41.793937999767344],[-71.334207000161967,41.794008999762852],[-71.334238000124103,41.79413999981228],[-71.33422899990326,41.79424399999828],[-71.334172999826777,41.794303999977259],[-71.334147999712414,41.794331000217433],[-71.334111999727398,41.794387999719611],[-71.334139000389897,41.794424999674824],[-71.334223999880393,41.79443899972474],[-71.334381000239233,41.794424999674824],[-71.334421000422196,41.794449000141185],[-71.334434999767581,41.794476000320259],[-71.334398999782579,41.794593000071735],[-71.334448000186384,41.794673999723024],[-71.334644999829877,41.794835000156418],[-71.334811000409545,41.794912999800808],[-71.33506599977936,41.794984000055749],[-71.335304000329046,41.795028000296867],[-71.335486999728829,41.795195999782905],[-71.335478000406312,41.79533800025682],[-71.335494000299832,41.795372999877266],[-71.335525000261967,41.795403999907798],[-71.335609999752478,41.795458000119645],[-71.335755000415745,41.79552299975618],[-71.335813999966987,41.795527999880015],[-71.33583900008135,41.79552299975618],[-71.335880999914139,41.795508000051953],[-71.335926000119969,41.795473999727186],[-71.335992000242214,41.795465999923913],[-71.336060999839191,41.795479999746384],[-71.336191000433843,41.795504999708868],[-71.336368999810759,41.795662999728258],[-71.336463000420409,41.795731000159265],[-71.336597000314711,41.795757999798276],[-71.336663000436943,41.795739999816952],[-71.336749999577279,41.795766000234785],[-71.33681200039986,41.795763999790907],[-71.33687500014905,41.795744000036485],[-71.336906000111185,41.795679999842783],[-71.337000999647429,41.795581999987384],[-71.337136000264962,41.795497999800737],[-71.337223000303595,41.795483999982139],[-71.337338999756241,41.795535999675593],[-71.337546000343778,41.795552999823755],[-71.337717000048016,41.795577999757754],[-71.337844000269612,41.795569999967469],[-71.337886999927321,41.795571999747722],[-71.337897999797974,41.795607999799635],[-71.337869000383961,41.795689000177369],[-71.337912999866589,41.795725000163557],[-71.337973999965968,41.795739999816952],[-71.338021999646529,41.795736000266913],[-71.338069000400523,41.795738000041936],[-71.338098999639428,41.795751999805049],[-71.338151000416289,41.795784000208805],[-71.338337000189114,41.795817999699437],[-71.338414000182013,41.795815000040541],[-71.338501000220646,41.795828999786835],[-71.338738999872035,41.795909000000414],[-71.338804999994252,41.795922999726173],[-71.338837999606227,41.795934999680007],[-71.338859000420939,41.795966000108429],[-71.338849000375191,41.796030000016536],[-71.339036999797869,41.796205000056354],[-71.339157000346759,41.796338000061738],[-71.339527000242626,41.796420000063449],[-71.339573000273376,41.7964009997212],[-71.339606999710256,41.796387999977242],[-71.339704999619528,41.796407000323342],[-71.339897000138478,41.796517999976921],[-71.339980999804069,41.796599999748331],[-71.340097000155012,41.796633000271967],[-71.340133000140028,41.796684999702855],[-71.340224000376622,41.79674500007556],[-71.340209000308008,41.796809999746294],[-71.340220000178661,41.796855999813417],[-71.340175999797736,41.79691600002608],[-71.340092000132159,41.797064999775444],[-71.340103000002784,41.797094999790943],[-71.340160999729122,41.797117000195264],[-71.340219000353756,41.79711399992749],[-71.340320999562692,41.797038000017366],[-71.340419000370304,41.797018999858338],[-71.34048100029456,41.79703300001129],[-71.340494999639972,41.79707399991554],[-71.340436999913635,41.797177000163529],[-71.340393000431021,41.797277999849399],[-71.340400000103713,41.797490000024922],[-71.34035999992075,41.797557999856892],[-71.340308000042228,41.797604000056836],[-71.340209000308008,41.797612000262944],[-71.340053999599007,41.797585999924308],[-71.339893999765437,41.797628000002476],[-71.3398419998869,41.797748000265493],[-71.339883999719689,41.797864000216869],[-71.339988000375072,41.797948999834318],[-71.339986999651856,41.798057999793308],[-71.339986999651856,41.798142999823163],[-71.340042999728354,41.798216000215781],[-71.34013700033799,41.798248000058948],[-71.34048100029456,41.798273000281043],[-71.340597999572111,41.798291000220665],[-71.34070600042547,41.798311999697297],[-71.340776999672272,41.798401000113643],[-71.340780999870219,41.798604999841565],[-71.340809000357623,41.79874200025624],[-71.34097300038917,41.798946000238061],[-71.341010000199091,41.799126000194882],[-71.341089999666721,41.799295000155446],[-71.341113000131244,41.79946800032706],[-71.341124000001898,41.799545999690444],[-71.341129999849684,41.799590999975401],[-71.341200999994783,41.799774000272855],[-71.34117800042857,41.799840999866838],[-71.341064999552358,41.799865000314099],[-71.340904999718774,41.799911000197419],[-71.340800999961715,41.800023000299447],[-71.340744000060312,41.800329000273734],[-71.340635000280372,41.80052599986265],[-71.340686000333989,41.800593999821473],[-71.340696000379737,41.800642999953915],[-71.340682000136042,41.800684000227214],[-71.340620000211743,41.800759000022374],[-71.3405959999223,41.800898999940777],[-71.34065700002165,41.800942000332668],[-71.340807999634407,41.801050999888574],[-71.340811999832383,41.801097000259944],[-71.340759999953818,41.80115999992875],[-71.340679999587877,41.801194999718035],[-71.34064299977797,41.801257999960171],[-71.34066100021964,41.801364000249116],[-71.340703000052414,41.80151499996618],[-71.340744999885217,41.801673999696114],[-71.340720999595774,41.801815000086783],[-71.34061199981582,41.802011999794857],[-71.340543000218858,41.802077999938916],[-71.340429000416037,41.802187000241055],[-71.340348000225191,41.802282000015325],[-71.340339000004363,41.802384000144784],[-71.340446999959383,41.802508000004721],[-71.340540999670722,41.802535999918284],[-71.34059699974722,41.802605999983463],[-71.340515999556374,41.802747000332253],[-71.34048799996728,41.802845999722088],[-71.340450000332424,41.802943999853539],[-71.340533999998016,41.803096000307519],[-71.340533999998016,41.803155000263231],[-71.340511000431803,41.803226000092536],[-71.340421000020115,41.803334999781129],[-71.340193000414487,41.803677000217469],[-71.340193000414487,41.80375000033262],[-71.34018500001855,41.803799000060572],[-71.340149999858468,41.80382600031831],[-71.340108999850585,41.803847999751071],[-71.340056999972035,41.803886999792276],[-71.339976999606094,41.803883000081029],[-71.339907000184226,41.803903999734118],[-71.339868999651074,41.804027000242492],[-71.339807999551695,41.804193000064217],[-71.339800999879003,41.80421200010516],[-71.339758000221295,41.8043299999159],[-71.339569000075414,41.804628000082232],[-71.33949100025761,41.804752000286854],[-71.339372000431936,41.805018999777779],[-71.3392719999745,41.805104999690414],[-71.339230999966617,41.805160000173522],[-71.339218000446124,41.805240999861617],[-71.339230000141711,41.805413000314644],[-71.339121000361772,41.805644999711546],[-71.339087999851472,41.805783000206993],[-71.339102000095181,41.805835000248621],[-71.33916300019456,41.805892000232909],[-71.339298999738674,41.805924000260582],[-71.339374000081747,41.806054000334271],[-71.339384999952401,41.806128000145051],[-71.339411999716575,41.806167000137677],[-71.339455000272594,41.806199000027988],[-71.339509999625875,41.80621300018425],[-71.339640000220527,41.806290000319287],[-71.339675000380623,41.806339999835679],[-71.339647999718125,41.806392999816126],[-71.339533000090398,41.806521999888538],[-71.339517000196892,41.806554000271149],[-71.339466000143247,41.80664799987975],[-71.339427999610109,41.806718999856045],[-71.339420000112497,41.806732999898628],[-71.339416999739441,41.806744999837093],[-71.339408000416938,41.806777999823609],[-71.339404000218991,41.80679100013829],[-71.339358000188227,41.806959000258949],[-71.339451999899552,41.807120999671099],[-71.339427999610109,41.807328000221048],[-71.339220000095963,41.807668999730083],[-71.33922500011883,41.807706999753421],[-71.339242999662176,41.807855999856578],[-71.339185999760758,41.807944000042369],[-71.339194999981601,41.807990000152216],[-71.339214000248177,41.808017999678938],[-71.339340999571476,41.808043000106885],[-71.339379000104628,41.808078000153955],[-71.33938300030259,41.808109999759367],[-71.339314999632208,41.808238999722469],[-71.339324999677942,41.808461000031777],[-71.339332000248959,41.808527000228729],[-71.339417999564375,41.80867700011909],[-71.339437999655843,41.808717000253779],[-71.339492999907421,41.808815999793325],[-71.339542000311226,41.808906999715312],[-71.339668999634526,41.809130000066645],[-71.340166999576908,41.810023999734142],[-71.340292000148679,41.810237000254638],[-71.340405000126594,41.810442000124446],[-71.340635000280372,41.810861000116979],[-71.340682999960933,41.810947999872518],[-71.341233999606757,41.811934999860732],[-71.341514999814137,41.812444999713549],[-71.341592999631942,41.812578999783717],[-71.343089000007211,41.815260999731329],[-71.34737100037033,41.822932000106178],[-71.347496000043819,41.823158000215628],[-71.34754500044761,41.823246000131313],[-71.347279000308831,41.82374800000013],[-71.347210999638463,41.823875999814398],[-71.346443000257651,41.825326000290396],[-71.346315000211149,41.825568000108419],[-71.346095000103119,41.825983999964741],[-71.345982000125204,41.826196000209954],[-71.345938999569185,41.826277000074036],[-71.345787000131537,41.826564999802244],[-71.345197999952561,41.827676000109712],[-71.344930999988875,41.827896999933614],[-71.344780000376133,41.82801699973043],[-71.344301999626936,41.828406999859403],[-71.343253999863663,41.829259000145768],[-71.342948000440231,41.829511000122167],[-71.342931999648371,41.829523999839054],[-71.342708000240719,41.829705000256936],[-71.342575999996228,41.829812999711486],[-71.342078000053846,41.830217999892064],[-71.341345999759753,41.830815000280424],[-71.340775999847367,41.831280000304481],[-71.340411999799286,41.831574000269498],[-71.340148000208643,41.831791000046842],[-71.339938000146361,41.83196200016436],[-71.338420000029799,41.833198999813582],[-71.337994000057449,41.833545999934834],[-71.337855000140266,41.83365800013172],[-71.337737999964418,41.833755000012459],[-71.337670000192347,41.833809999989896],[-71.337405999703392,41.834025000300159],[-71.337321000212881,41.834093000173269],[-71.337076999815423,41.834293000208035],[-71.335417000306947,41.835645000195051],[-71.336438000306046,41.836939999988985],[-71.336866999753127,41.837477000278056],[-71.337031999609579,41.837674999973011],[-71.337298999573264,41.838022999818236],[-71.337452999559048,41.838231000106894],[-71.339892999940517,41.841331000027729],[-71.339930999575344,41.841379999782603],[-71.339969000108482,41.841428000325578],[-71.34025100014081,41.841786000228019],[-71.340323000110828,41.841877999984149],[-71.340494999639972,41.842096999962543],[-71.340629000432585,41.842231000221453],[-71.34080299961154,41.842450000330111],[-71.34094300025194,41.842626999696087],[-71.341001999803169,41.84270100007987],[-71.341015000221958,41.842725999683751],[-71.341334000064194,41.84311999980671],[-71.341689999716337,41.843570000281154],[-71.341930999740768,41.843874000068638],[-71.342226000191857,41.844247999811259],[-71.342550000056946,41.844655999713957],[-71.342312000405599,41.845159000113561],[-71.342206000100376,41.845382999817147],[-71.341938000311771,41.845947000090732],[-71.341693999914298,41.846462000236038],[-71.341381999744769,41.847120000127674],[-71.34072300014391,41.848510000040172],[-71.340385000035113,41.849222999725981],[-71.339288999692926,41.851535000007381],[-71.339168000217413,41.851790000314352],[-71.338387000417839,41.85343700021388],[-71.337783000170248,41.854709999897331],[-71.337726000268844,41.854821999853691],[-71.33771000037531,41.854861000300204],[-71.337568000085099,41.855163000036519],[-71.337491999917106,41.855324000319015],[-71.337409999901354,41.855496999697117],[-71.33736700024366,41.855586999896289],[-71.337265000136398,41.855805000166058],[-71.336742999904573,41.856904000167113],[-71.334986000311716,41.860609999992029],[-71.334653000225785,41.861314000137305],[-71.334301999698198,41.862054000061782],[-71.334254999842528,41.862150999714473],[-71.334053000176155,41.862577999953501],[-71.334039999757366,41.862603999999713],[-71.334079999940343,41.862716000180967],[-71.334096999658783,41.8627999998536],[-71.334295000025506,41.863317999968125],[-71.33460899984486,41.864196999981509],[-71.334644000004957,41.864302000300817],[-71.335315000199699,41.866175999971702],[-71.335989999694078,41.86807000015753],[-71.336076999732711,41.868313999748629],[-71.336081999755592,41.868327999702394],[-71.336086999778459,41.86834000013814],[-71.336741000254747,41.870172999944636],[-71.337399999855606,41.872018999816433],[-71.337446999711261,41.872152000241059],[-71.337818000330358,41.873171000311892],[-71.338467999710375,41.875013999927354],[-71.338860000245859,41.876112000238152],[-71.33933700027184,41.877451999998605],[-71.339738999954733,41.878576000132114],[-71.339830000191327,41.878832000223831],[-71.339959999887668,41.879212999676305],[-71.340053999599007,41.879460999879505],[-71.340164000102163,41.879768999956973],[-71.340472999898651,41.88069900003795],[-71.34062600005953,41.881062000321513],[-71.340795999938834,41.881540000185993],[-71.340889999650173,41.881804000162219],[-71.340850000365506,41.882126999799681],[-71.340751999557909,41.882903999915314],[-71.340676000288241,41.883511999999328],[-71.340348000225191,41.886132999814073],[-71.340268999684142,41.886764000104861],[-71.340204000285141,41.887285000030154],[-71.339850000282809,41.890130000332896],[-71.339822999620324,41.890320999970349],[-71.339799000229192,41.890524999733167],[-71.339785999810402,41.890618999752128],[-71.339767000442137,41.89079400007337],[-71.339723000061213,41.891120000279955],[-71.339538999938185,41.892580000018519],[-71.339533999915318,41.892626999870664],[-71.339527000242626,41.892684999853877],[-71.339522000219745,41.892721999850274],[-71.339517000196892,41.892769999976338],[-71.339504999602994,41.892864000035068],[-71.339427999610109,41.893475000054046],[-71.339323999853036,41.894311000108779],[-71.339307000134596,41.894438999855069],[-71.339299999563579,41.894499000232983],[-71.339295000439037,41.894537999879994],[-71.339292000065981,41.894573999790204],[-71.339286000218195,41.894608999999228],[-71.339256000080965,41.894840000095307],[-71.33878699955261,41.898593000018771],[-71.339037999622761,41.898563000088309],[-71.33960500006043,41.898496000170503],[-71.339689999550927,41.898487000246099],[-71.339788000358539,41.898473999832902],[-71.340471000248826,41.898392000148924],[-71.341315999622523,41.898293999703547],[-71.343863999959027,41.897993000069818],[-71.344104999983443,41.897964000154587],[-71.345934000444615,41.897749999750381],[-71.346499000334163,41.897680999713984],[-71.346808999955556,41.897645000217771],[-71.34760900002172,41.897550000205349],[-71.347849000221231,41.897521999724304],[-71.348503999624128,41.897444000038789],[-71.348564999723479,41.897434000329397],[-71.349080000282612,41.897375999978024],[-71.349435999934755,41.897333999806058],[-71.350383000314025,41.897222999743853],[-71.351297000182996,41.897114000109447],[-71.351334999817837,41.897110000205245],[-71.352555000008579,41.896964999829827],[-71.352939999973046,41.8969199997847],[-71.353329000135474,41.896874000062439],[-71.354192999775734,41.896770999721085],[-71.354557999648719,41.896728000172097],[-71.355058000139238,41.896669000199616],[-71.355581000195954,41.896606999886401],[-71.356067000442764,41.896549999771871],[-71.356757000005771,41.896468000292089],[-71.357755000438644,41.896349999812138],[-71.358695000246883,41.896239999701066],[-71.359049000249215,41.896196999794611],[-71.35954100034381,41.896139000325846],[-71.360937000261629,41.895973999877391],[-71.361665000357775,41.895889000006832],[-71.362484999617109,41.895792000063565],[-71.362586999724357,41.895780000101681],[-71.363934000136695,41.895621000059812],[-71.364570999996246,41.895545000059776],[-71.364811000195758,41.895517000036975],[-71.365041000349521,41.89548999966901],[-71.365457000276137,41.895440999913177],[-71.365736999760315,41.895406999828502],[-71.365855999585989,41.895392999788385],[-71.366113000402251,41.895362999692061],[-71.366238999900631,41.895347999972991],[-71.371090000351245,41.894773000283728],[-71.373681000345442,41.894466999681832],[-71.373768000384089,41.894457000174967],[-71.373797999623008,41.894453999787686],[-71.373856000247628,41.894446999997889],[-71.373897000255496,41.89444200024311],[-71.374089999701042,41.894419000162422],[-71.374812999774321,41.894332999874464],[-71.374935999797955,41.894319000267615],[-71.376090999691371,41.894181999749705],[-71.37636900042402,41.894151000065143],[-71.376762999711019,41.894101999950728],[-71.377598999762199,41.894002999918705],[-71.378443000209288,41.893907999838262],[-71.381125000440079,41.893583999880825],[-71.381194999861961,41.893577999692766],[-71.38127299967978,41.89356800004672],[-71.381341000350147,41.893559999793808],[-71.381462999650566,41.89354600001753],[-71.381462999650566,41.893730999966131],[-71.381462999650566,41.893916999739318],[-71.381461999825675,41.894088000293259],[-71.381461999825675,41.894567000013595],[-71.381461999825675,41.894682000067803],[-71.381461000000755,41.895054999894356],[-71.381461000000755,41.895671000010509],[-71.381461000000755,41.895853000169154],[-71.381460000175849,41.8960959996827],[-71.381460000175849,41.896339000277656],[-71.381459000350915,41.896756000332637],[-71.381459000350915,41.897359000118733],[-71.381457999627713,41.898554000173291],[-71.381455999977888,41.898878999940564],[-71.381456999802793,41.89942300030588],[-71.381455999977888,41.899767000091977],[-71.381455999977888,41.899988000275265],[-71.381455000152954,41.900275999820124],[-71.381454000328063,41.901920999833173],[-71.381451999779912,41.903598000261354],[-71.381451999779912,41.903707999732909],[-71.381450999955007,41.904483999920167],[-71.381450999955007,41.904682000096443],[-71.381450999955007,41.904844999730052],[-71.381450000130087,41.905022000222665],[-71.381450000130087,41.905251999910654],[-71.381449000305182,41.906073999865903],[-71.381449000305182,41.906796000189196],[-71.381445999932126,41.907687000317253],[-71.381447999581951,41.907747999757163],[-71.381445999932126,41.910206000313806],[-71.38144500010722,41.910497000200067],[-71.381442999559084,41.911457000080276],[-71.381442999559084,41.911650999692384],[-71.381444000282301,41.912212000128832],[-71.381442999559084,41.912236999964385],[-71.381441999734164,41.912456999699636],[-71.381440000084353,41.912902999947711],[-71.381441999734164,41.912995000330611],[-71.381440999909273,41.91329299993378],[-71.381440999909273,41.91396000030926],[-71.381440999909273,41.914151000205329],[-71.381440000084353,41.914744999858755],[-71.381439000259448,41.914816000238567],[-71.381440000084353,41.914999000006055],[-71.381439000259448,41.915287000023987],[-71.381439000259448,41.915471999823495],[-71.381439000259448,41.916054999734392],[-71.381438000434528,41.916118999905841],[-71.381438000434528,41.916256000151165],[-71.381438000434528,41.916298999918681],[-71.381438000434528,41.916694999897828],[-71.381435000061487,41.918701000318215],[-71.381435000061487,41.918886000247866],[-71.381433000411675,41.919605000167557],[-71.381434000236567,41.9197249996935],[-71.381431999688431,41.919856999780293],[-71.381434000236567,41.919949000165431],[-71.381434000236567,41.920010999870669],[-71.381434000236567,41.920167000156226],[-71.381434000236567,41.920219000166682],[-71.381434000236567,41.920604999793511],[-71.381433000411675,41.92114900019007],[-71.381433000411675,41.921232999921479],[-71.381433000411675,41.921300999973205],[-71.381431999688431,41.921366000161292],[-71.381433000411675,41.921472000048375],[-71.381431999688431,41.921685999813484],[-71.381431999688431,41.921980999846689],[-71.381433000411675,41.922335000225047],[-71.381433000411675,41.922560000135746],[-71.381430999863525,41.922835999896236],[-71.381430999863525,41.923008999677421],[-71.381421999642697,41.923155000294585],[-71.38143000003862,41.923634999749183],[-71.38142699966555,41.926501000276254],[-71.38142699966555,41.926783999953152],[-71.381425999840658,41.927219999938742],[-71.381425999840658,41.927408000073868],[-71.381425999840658,41.927632000307902],[-71.381425000015739,41.928451999801609],[-71.381424000190833,41.928940000003777],[-71.381425000015739,41.929827999712856],[-71.381416999619816,41.937080000292966],[-71.381414999969991,41.937226000115388],[-71.381415999794925,41.939028000051131],[-71.381413000320165,41.939529000268465],[-71.381413000320165,41.939693999734494],[-71.381408000297313,41.943626999769208],[-71.381406999574082,41.944818000006073],[-71.381399999901376,41.947681999839396],[-71.381403000274432,41.948927000152153],[-71.381401999551187,41.949472999865613],[-71.381400999726296,41.950980000255491],[-71.381399999901376,41.951214999980621],[-71.38139900007647,41.951662000006202],[-71.381399999901376,41.951746999765426],[-71.381398000251565,41.952862000062815],[-71.381398000251565,41.953156000121851],[-71.381398000251565,41.954883000035821],[-71.381394999878523,41.955703999942983],[-71.381394000053604,41.956429000027143],[-71.381393000228698,41.957418999892042],[-71.381393000228698,41.958689000081172],[-71.381388000205817,41.962956000259567],[-71.381388000205817,41.962994000214046],[-71.381383000182936,41.964589999879443],[-71.381384999832761,41.965103999805848],[-71.381384999832761,41.965207000077292],[-71.381384999832761,41.965595999684666],[-71.38138400000787,41.966581999845637],[-71.38138400000787,41.966658000082248],[-71.381383000182936,41.966752000196692],[-71.381383000182936,41.966976999708343],[-71.381378000160069,41.971398999927302],[-71.381378000160069,41.97221499975565],[-71.381379999809909,41.972604999777595],[-71.381378000160069,41.972649999883366],[-71.381377000335149,41.97268800006659],[-71.381373999962122,41.97567200022349],[-71.381373999962122,41.975738999918299],[-71.381373000137202,41.97613700032057],[-71.381373000137202,41.976390000021489],[-71.381372000312297,41.977196000120081],[-71.381372000312297,41.977282999990528],[-71.381368999939241,41.980231000239066],[-71.381368999939241,41.980933000089109],[-71.381361000441643,41.982672999683864],[-71.38136499974128,41.982778000199005],[-71.38136399991636,41.984443999715509],[-71.381298999619048,41.985084000044203],[-71.381358000068587,41.990204000083061],[-71.381378000160069,41.992025000164375],[-71.381400999726296,41.994098000209604],[-71.381479000442425,41.998733000108025],[-71.381486999940009,41.999192999799391],[-71.381505000381679,42.000020999676508],[-71.381500000358812,42.000710000001291],[-71.381498999635582,42.00175400023668],[-71.381501000183718,42.006681999983392],[-71.381502999833543,42.010239999806942],[-71.381400999726296,42.018797999780098],[-71.383340999617246,42.018799000184408],[-71.383716000434276,42.018799000184408],[-71.383912000252863,42.018799000184408],[-71.38412300014005,42.018799000184408],[-71.38479900035766,42.018797000043222],[-71.385018999567379,42.018797999780098],[-71.385202999690407,42.018797999780098],[-71.387300999765102,42.018797999780098],[-71.387408999720137,42.018791000286647],[-71.389587000160773,42.018796000306281],[-71.390747999901961,42.018797999780098],[-71.391732999916059,42.018789000145212],[-71.392723999777928,42.018774999820771],[-71.395053999656213,42.01876600018263],[-71.395118999953539,42.018764999777858],[-71.396577999620561,42.018748000235135],[-71.399915000152589,42.01869799998348],[-71.403025000005542,42.018654000129906],[-71.403046999746863,42.018654000129906],[-71.410660999720818,42.018549000068177],[-71.41236799998326,42.018525000277592],[-71.414260000193636,42.018499000327395],[-71.414315000445214,42.018497999918424],[-71.415624000324399,42.018497999918424],[-71.415707999989991,42.018497999918424],[-71.416975999861307,42.018468000321583],[-71.418272000220014,42.018432000252751],[-71.418324000098551,42.018430999842728],[-71.419058999867389,42.01840999990408],[-71.419231000294829,42.018404999854098],[-71.419503000281424,42.018398000317383],[-71.419858000108647,42.018385000317679],[-71.420601000273393,42.018354000256252],[-71.421993999818184,42.01829900030387],[-71.422480999889899,42.018297999891701],[-71.422774999617772,42.018295999734768],[-71.4229739998094,42.018294000245163],[-71.424089000418149,42.018282999714209],[-71.424407000435465,42.018279999811739],[-71.424636999690918,42.018276999909141],[-71.427624000418561,42.018245000049504],[-71.429943000426206,42.018219999730839],[-71.433511000038578,42.018182000028489],[-71.437518999867009,42.018137999817945],[-71.437738000150105,42.018139999979851],[-71.438940999724096,42.018123000270066],[-71.439047000029291,42.018121999855119],[-71.439153000334528,42.018121000107612],[-71.439180000098702,42.018121000107612],[-71.439262000114468,42.018119999692637],[-71.439344000130234,42.018118999945109],[-71.441298000264879,42.018097999903432],[-71.441510999801906,42.018092000080898],[-71.441555000182831,42.01808600025786],[-71.44679999992043,42.017898999704563],[-71.447175999664069,42.017898999704563],[-71.450002999659816,42.017897999953504],[-71.450240000384611,42.01789500003288],[-71.452735000119333,42.01786399973264],[-71.452834999678458,42.01786299998102],[-71.454034999777704,42.017847999700869],[-71.458103999705486,42.017798000076368],[-71.463455999573185,42.017731999684209],[-71.465466999609276,42.017708000252689],[-71.473124000139222,42.017621000235373],[-71.479229000217458,42.017548999785816],[-71.481928999991609,42.017517000227208],[-71.481970999824398,42.017507999743628],[-71.482268999750232,42.017504000047403],[-71.482743000301468,42.017495999986735],[-71.483784000392063,42.017481000287475],[-71.484841000376164,42.017465999917206],[-71.485367999732546,42.017459000277142],[-71.485486999558233,42.017459000277142],[-71.486652000395694,42.017440999959703],[-71.489388999979766,42.017401000274184],[-71.49132399984785,42.017372999678472],[-71.491471000160942,42.017369999733084],[-71.491611999727937,42.017368000214354],[-71.491783000330472,42.017366000028169],[-71.492424000387985,42.017357000190628],[-71.492671000260188,42.017352999817497],[-71.493570000060544,42.017340000271524],[-71.494427999853031,42.017327999815514],[-71.495295999691265,42.017315000264482],[-71.496186000169118,42.017302000043337],[-71.497676999623181,42.017280999731859],[-71.498054999914956,42.01727499983231],[-71.49816399969491,42.017274000071438],[-71.498259000129451,42.01727199988229],[-71.499065000043387,42.017212999946949],[-71.499135000363609,42.017207000040983],[-71.499244000143548,42.017198999942963],[-71.499733999689994,42.017162999823199],[-71.499766000375359,42.017161000297925],[-71.499858000436873,42.017153999956932],[-71.500927999941467,42.017074999963661],[-71.501995999796222,42.016995000107066],[-71.50205400042087,42.016990999711162],[-71.502451999905816,42.01696199983656],[-71.503128000123411,42.01691200018287],[-71.504412999713153,42.016812999858189],[-71.505263000008028,42.016748000215102],[-71.505728000338451,42.016711999840048],[-71.505786999889665,42.016707000323976],[-71.505905999715381,42.0167020001401],[-71.506017000043457,42.016697999725764],[-71.506305999748449,42.016676000111978],[-71.506427999947192,42.016667000176795],[-71.506616000268153,42.016653000052543],[-71.506858999942395,42.016635000174382],[-71.507155000218404,42.016612999871441],[-71.510415999684128,42.016371999815945],[-71.511445999904055,42.016294999738669],[-71.511633000400124,42.016279999756073],[-71.51171500041589,42.016275000206043],[-71.514168000317838,42.016092999898881],[-71.514438999581174,42.016073000302733],[-71.516379000370435,42.015928999821369],[-71.516613999648769,42.01591200018796],[-71.517079999804082,42.015876999789889],[-71.517175000238652,42.015869999974939],[-71.518808999807845,42.015746999858827],[-71.519187999924526,42.015721000107717],[-71.519773999730461,42.01568000022187],[-71.520410999589984,42.015631000014359],[-71.520733999630181,42.015605000215814],[-71.520776000361295,42.015602999974135],[-71.521404000000004,42.015556999738351],[-71.521713999621397,42.015533000153461],[-71.523255000202496,42.015419000166105],[-71.524641000074581,42.015315999685683],[-71.526533000284957,42.015176000002867],[-71.526965000105079,42.015143999917719],[-71.527180000190242,42.015127999869051],[-71.527262000206008,42.015121999766372],[-71.527426000237554,42.015110000226692],[-71.527576000025363,42.015098999812409],[-71.527702000422053,42.015094999964624],[-71.528664999796533,42.015072000000899],[-71.528720000048125,42.015071000205396],[-71.528930000110407,42.015065999892883],[-71.52901700014904,42.015064000301727],[-71.529125000104074,42.015062999838669],[-71.529770000359548,42.015046999769673],[-71.531954999574566,42.014997999741851],[-71.532698999564232,42.014980999859596],[-71.53279999984656,42.014979000265761],[-71.533672999707662,42.014959000319294],[-71.534447999659477,42.014941999759223],[-71.535220000136547,42.014924000064191],[-71.53526100014443,42.014923000266357],[-71.535477000054499,42.014917999942263],[-71.536306000432972,42.014897999976618],[-71.536376999679774,42.014897999976618],[-71.537507000357138,42.014872999677003],[-71.537546999641805,42.014871999878423],[-71.537877000253005,42.014864000154091],[-71.538545000074677,42.014848999833994],[-71.540592000095756,42.014801999920572],[-71.542511999895211,42.014758999841476],[-71.54277999968383,42.014752999703987],[-71.542968999829725,42.014748999834488],[-71.543388999954274,42.01473899982588],[-71.543574999727127,42.014734999955458],[-71.543657999567785,42.014732999686458],[-71.543751000352529,42.014731000084829],[-71.544486000121381,42.0147140001312],[-71.544901000223064,42.014704999918358],[-71.545195999775828,42.014697999974409],[-71.54567799982469,42.014687000156243],[-71.547534000050064,42.014644999801661],[-71.547704999754274,42.014640999925334],[-71.54894000001363,42.014613000116732],[-71.55152699980988,42.014553999716838],[-71.553255999813629,42.014514000217765],[-71.55336999961645,42.01451199994181],[-71.553439999936643,42.014510000333246],[-71.55352600015037,42.014508000057162],[-71.55361800021187,42.014504999976623],[-71.558748000321742,42.014388000062866],[-71.55998500023091,42.01436099994956],[-71.560059999675687,42.014358999668751],[-71.562607000187256,42.014301000175742],[-71.563115000175372,42.014288000005969],[-71.563447000436383,42.014281999823986],[-71.563664999996277,42.01427600030889],[-71.563721000072775,42.014274999833482],[-71.56375500040798,42.014274999833482],[-71.563803000088541,42.014274000025452],[-71.563899000348016,42.01427199974195],[-71.565485000236649,42.014235000158948],[-71.566274000432145,42.014218000072745],[-71.566681000137933,42.014207999980641],[-71.567578000288449,42.014186999982385],[-71.570322000443554,42.014123999945944],[-71.570986000067265,42.014109000118765],[-71.571345999917369,42.014101000298474],[-71.571896999563208,42.01408800008781],[-71.572386000183073,42.014073000252139],[-71.573054999829651,42.014070999962321],[-71.573398999786249,42.014060999847104],[-71.574761000267202,42.01403199997133],[-71.575886999848279,42.014006999998749],[-71.576188000147155,42.013989999851603],[-71.576619000142372,42.013979999723652],[-71.576815999785865,42.013974999992818],[-71.576891999953858,42.013974000180063],[-71.577456999843378,42.013960999943457],[-71.578450000253383,42.013938000237033],[-71.580471000335194,42.013889000022239],[-71.580625000320978,42.013888000208141],[-71.581528000319295,42.013867000104227],[-71.583018999773387,42.013832999730546],[-71.584608000035047,42.01379599989216],[-71.584685000027946,42.013794000261072],[-71.585356000222689,42.013777999872829],[-71.586860999920461,42.013743000302647],[-71.586988000142071,42.013741000002447],[-71.587254000280836,42.01373399995235],[-71.590778000410609,42.013653000079898],[-71.591099999727561,42.013646000020174],[-71.591389000330878,42.013638999959667],[-71.594115999869217,42.01357500022884],[-71.594331999779271,42.013568000160525],[-71.594498000358939,42.013565999854826],[-71.597205999630688,42.013502999870717],[-71.597540000439849,42.013494999974199],[-71.602735999773643,42.013372999759156],[-71.605888000357723,42.013299000193101],[-71.606238999987013,42.01329200009441],[-71.606368999683355,42.013288000133031],[-71.606731000081581,42.013280000209477],[-71.607849999989995,42.013254000117293],[-71.608100000235254,42.013247999837766],[-71.614551999744776,42.01309899983481],[-71.617553999642723,42.0130270002727],[-71.617680000039414,42.0130240001223],[-71.618080000072496,42.013013999842471],[-71.622450000299168,42.012911999968708],[-71.62258500001839,42.012908999812893],[-71.623354999947324,42.01289100020994],[-71.623569000207567,42.012885999726088],[-71.625976999903656,42.012828000224701],[-71.626058000094503,42.012828000224701],[-71.626140000110283,42.012825000064907],[-71.626550000189113,42.012816000252215],[-71.633404000279853,42.012661000237216],[-71.634112000284532,42.012638999894442],[-71.635754000249634,42.012599999692846],[-71.636672000316565,42.012577999996431],[-71.639880999903752,42.012501999833681],[-71.641631999648808,42.012460999875096],[-71.645329999855846,42.012371999678564],[-71.649515999959519,42.012274000135577],[-71.649630999587245,42.012270999949713],[-71.652566000436337,42.012200999799006],[-71.652862999638941,42.012194000246886],[-71.654384000128545,42.012157999963812],[-71.661599999719243,42.011987000176354],[-71.661685999932971,42.011984999820925],[-71.663481999883885,42.011940999995062],[-71.663727000106249,42.011936999948674],[-71.666359999933249,42.011873999685911],[-71.666773000385149,42.011863000046866],[-71.667110999595621,42.011855999790079],[-71.66896400034625,42.011811999874972],[-71.669997000040922,42.011788000211801],[-71.670551999884694,42.011775000195847],[-71.674436999689476,42.011682000311957],[-71.674770999600327,42.011671999821182],[-71.674892999799056,42.011671999821182],[-71.675399000137361,42.011660000298029],[-71.678019000443868,42.011598000278489],[-71.678132000421797,42.011595000060694],[-71.680520999851311,42.011537000049543],[-71.680870999655681,42.011529999756938],[-71.68100500044828,42.011527000203401],[-71.682217000243099,42.011500000210461],[-71.682432000328248,42.011495000284683],[-71.682738999576614,42.011487999987395],[-71.684843000397393,42.011441000260128],[-71.698585000015782,42.011134999922675],[-71.698718999910085,42.011131999683045],[-71.699888000047196,42.011106000047704],[-71.700632999861767,42.011088999792655],[-71.702161000024077,42.011054999936334],[-71.702377999759065,42.011049999975562],[-71.704917999699646,42.010993999854122],[-71.704955000407864,42.010992000134934],[-71.70534000037236,42.010983000062886],[-71.705373999809211,42.010983000062886],[-71.70559200026743,42.010978000096458],[-71.70628400037856,42.010961999667252],[-71.709164999902654,42.01089799991265],[-71.709275000405839,42.010895000329313],[-71.70975599973147,42.010883999853483],[-71.710118999954616,42.010876000295042],[-71.710477999979815,42.010867000206517],[-71.711052000090163,42.01085499986408],[-71.713557999695553,42.010795999982953],[-71.713580000335185,42.010795000120282],[-71.713704000183739,42.010785000157433],[-71.715624999808114,42.010752000002029],[-71.717303999583166,42.010714999706316],[-71.720909999728704,42.010633000128756],[-71.724934000348966,42.010542000311048],[-71.725049999801598,42.010539000043437],[-71.727535000388912,42.010483000139594],[-71.734063999891333,42.010333999666635],[-71.735756999910066,42.010295999924701],[-71.739039000190502,42.010222000116201],[-71.740881000172166,42.010179000278079],[-71.740938000073584,42.010176999865799],[-71.741272999809325,42.010170999963492],[-71.747542999743985,42.01002800001104],[-71.749569999673568,42.00998099987244],[-71.750277999678232,42.009965999735691],[-71.750341000325747,42.009963999984194],[-71.75170000043363,42.009931999946602],[-71.75192300001639,42.009927999773922],[-71.752087000047936,42.009924000268441],[-71.755105999664309,42.009856999837176],[-71.755846000354325,42.009838000160343],[-71.76571300021368,42.009611000139138],[-71.765760000069335,42.009611000139138],[-71.766079999736476,42.009600999990212],[-71.766242999943117,42.009600000108755],[-71.76634500005035,42.009597999678263],[-71.766453000005384,42.009595000033613],[-71.76681700005345,42.009587000313068],[-71.768515999919984,42.009548000242575],[-71.768896999686504,42.009538999966161],[-71.769248000214091,42.009531000238567],[-71.769378999735338,42.009527999923279],[-71.771264000273035,42.009485000283568],[-71.771426999581337,42.009481000082779],[-71.771648000412583,42.009470999913354],[-71.777941999738374,42.009148000004913],[-71.780162999836719,42.009032000139655],[-71.782848000440552,42.008893999759778],[-71.783158999886865,42.008878000141351],[-71.783770999632054,42.008847000118301],[-71.787128000255549,42.008674000315096],[-71.787290999563865,42.008666999707359],[-71.787823999666344,42.008638000042225],[-71.79023899993345,42.00851400005903],[-71.799187999725845,42.008052999761894],[-71.799195000296862,42.004217999759874],[-71.799192999748726,42.004145000191187],[-71.799191999923806,42.004050999864248],[-71.799108000258229,42.000097000063903],[-71.798996000105234,41.995883000234613],[-71.798815000355262,41.989096999872842],[-71.798762999578415,41.98514700012521],[-71.798762999578415,41.98512200015351],[-71.798762999578415,41.985090999907875],[-71.798735999814227,41.982988999674042],[-71.798692000331627,41.980313000264971],[-71.798646000300863,41.976968999852367],[-71.798646000300863,41.976912000061105],[-71.798646000300863,41.976867000295272],[-71.798579000353712,41.971900000203767],[-71.798549000216482,41.970426999798107],[-71.798548000391563,41.970394999915484],[-71.798545000018521,41.970265999724653],[-71.798410000299313,41.963711000046303],[-71.798379000337164,41.962946000127133],[-71.798359000245682,41.962437999885751],[-71.798341999628931,41.962003000160259],[-71.798329000108467,41.961675999945378],[-71.798328000283547,41.961656999911924],[-71.798328000283547,41.961641999740898],[-71.798313000214918,41.961237999773708],[-71.798317000412894,41.961211999793896],[-71.798304999818995,41.961021999825022],[-71.798303000169184,41.960972000301567],[-71.798302000344279,41.960579999899366],[-71.798302000344279,41.960542999825428],[-71.798298999971223,41.958741000085013],[-71.798298000146318,41.95762000024758],[-71.798251000290662,41.956518000299326],[-71.798221999978338,41.955847999760024],[-71.798200000237017,41.955356000099485],[-71.798187999643147,41.953874999931173],[-71.798167999551652,41.95386400028881],[-71.798098999954689,41.953813999825499],[-71.79806799999254,41.953730000241563],[-71.798057999946806,41.951465000073384],[-71.79805499957375,41.948901999993318],[-71.798125999718863,41.948857999983986],[-71.798088999908941,41.947055999901657],[-71.798074999665246,41.946547999938154],[-71.798073999840327,41.946507999790157],[-71.79803799985531,41.945079000288764],[-71.79803799985531,41.945066000010712],[-71.798015000289084,41.94171700012798],[-71.798013999565882,41.941663999986467],[-71.798013999565882,41.941627000290204],[-71.798013999565882,41.941551999882812],[-71.79800500024335,41.941003999904574],[-71.797935999748063,41.936335999759557],[-71.797934999923157,41.93630000000941],[-71.797934999923157,41.936271000121593],[-71.797925999702329,41.935657999938535],[-71.797924000052504,41.935515000330298],[-71.797922000402679,41.935394999762053],[-71.797909999808795,41.934114999922627],[-71.797909999808795,41.933215999884354],[-71.797909999808795,41.933133000304878],[-71.79789700028833,41.932617000311154],[-71.797893999915274,41.932363999878305],[-71.797893000090369,41.93221600009754],[-71.797892000265449,41.932143999935597],[-71.797891000440544,41.931963000078994],[-71.797886000417662,41.931361000110336],[-71.797883000044621,41.931011000143307],[-71.797777999564317,41.92864500006624],[-71.797774000264667,41.928553000189552],[-71.797732000431878,41.927592000323799],[-71.797725999685781,41.927445999834838],[-71.797724999860876,41.927413999756254],[-71.797546999585634,41.923378000189551],[-71.797462000095138,41.920741999766307],[-71.797354999965023,41.917445000193801],[-71.797299999713431,41.916915000309899],[-71.79729899988854,41.916891000301817],[-71.797267999926376,41.916404000193012],[-71.797264999553335,41.916330000214991],[-71.797262000078589,41.916247000056245],[-71.797261000253684,41.916231999895217],[-71.797112000290767,41.912418000300214],[-71.79710499971975,41.912231000191923],[-71.79710499971975,41.912205999685504],[-71.797024000427228,41.910126999971013],[-71.796899999680363,41.90689700009181],[-71.796827999710331,41.90444599985662],[-71.796755999740299,41.901954999792864],[-71.796711000432779,41.900416000076952],[-71.79669800001399,41.899920999846678],[-71.796694999640948,41.899822000142521],[-71.796682999945375,41.899376999711983],[-71.796573000340516,41.897194999788049],[-71.796565999769513,41.897140000149562],[-71.796554999898845,41.89706599990474],[-71.796563000294782,41.896966999786493],[-71.796522000286885,41.895287999723976],[-71.796519999738749,41.89525200021621],[-71.796434000423332,41.891719999933663],[-71.796190999850779,41.886142000141817],[-71.795955999674149,41.880621999773503],[-71.795862999787715,41.877688000330942],[-71.795743999962042,41.875097000177988],[-71.795427999594523,41.86861799967987],[-71.795408000401366,41.868191999735004],[-71.795404000203405,41.868108999883255],[-71.795355999624519,41.86712600005275],[-71.795353000149788,41.86707400028255],[-71.795323000012559,41.866465000224224],[-71.795316000339866,41.866319999864963],[-71.795288999677368,41.865770999912684],[-71.795287000027542,41.865748000213912],[-71.795286000202637,41.865713000249244],[-71.794965999637185,41.859972000148709],[-71.794941000421133,41.859474999853433],[-71.79493300002521,41.859333999961478],[-71.794913999758634,41.858966000193],[-71.794911000283918,41.858910000188047],[-71.794906000261037,41.858804999712007],[-71.79468000030522,41.85440899967017],[-71.794523999771286,41.850427999791926],[-71.794480000288686,41.849298000231471],[-71.794476999915645,41.849231000176687],[-71.7944740004409,41.849159000099476],[-71.794471000067873,41.849088000334362],[-71.794462999671936,41.848881999994887],[-71.794236999716119,41.843033000260029],[-71.794229000218522,41.842826000009232],[-71.794178999989811,41.841638999775803],[-71.794177000339985,41.841566000012975],[-71.794173000142024,41.84141600019322],[-71.794121000263488,41.84110300012842],[-71.794115000415701,41.840965999962584],[-71.794121000263488,41.840635000290852],[-71.794133999783966,41.840007999824294],[-71.794117000065526,41.839895000163871],[-71.794076999882549,41.839349999739873],[-71.793795999675154,41.832834000219457],[-71.793789999827368,41.832702000323252],[-71.793689000443351,41.830686000271179],[-71.793614999925197,41.829195999996671],[-71.793532000084525,41.827586000138531],[-71.793477999657853,41.826469999890989],[-71.793440000023011,41.825636999684235],[-71.793342999938631,41.82294200009234],[-71.79331000032667,41.821800000012509],[-71.793315000349551,41.821771000334444],[-71.793301999930762,41.821567000058018],[-71.793296000082975,41.821380999948346],[-71.793284000387402,41.821256999798265],[-71.793265000120812,41.820639999967852],[-71.793161000363753,41.817169000281382],[-71.793159999640523,41.817157000287104],[-71.793143999747002,41.816381999689767],[-71.793142999922097,41.816348999964134],[-71.793101000089308,41.814882000033244],[-71.793096999891333,41.814728999830571],[-71.793113999609773,41.814658000028103],[-71.793127000028562,41.814603000334472],[-71.792894000400054,41.812521000097576],[-71.792866999737569,41.810982000021887],[-71.792855000041996,41.810650000311497],[-71.792799999790418,41.809292999691245],[-71.792803999988379,41.809207999721032],[-71.792593000101192,41.804016000222965],[-71.792363999772334,41.800053000269614],[-71.792359999574373,41.799987999870069],[-71.792135000341773,41.795624000039446],[-71.792123999572794,41.795397999881423],[-71.792079000265289,41.795076000099264],[-71.792075999892234,41.795059999722639],[-71.792070000044461,41.794904000026989],[-71.792058000348888,41.79459200016634],[-71.792005999572027,41.793239000036941],[-71.791919000431704,41.790714999902562],[-71.791911000035796,41.790484000002209],[-71.791936000150159,41.789767999774533],[-71.79194000034812,41.789613999891053],[-71.791926999929316,41.789310000305008],[-71.79192100008153,41.789136000184051],[-71.791572999926998,41.781283999826904],[-71.791476999667523,41.779397000026684],[-71.791372000085545,41.777328000254457],[-71.79137000043572,41.777296000016136],[-71.791254000084763,41.774496999962473],[-71.791065999763774,41.770202000278587],[-71.791065999763774,41.770180000017099],[-71.790647000362441,41.753866000060725],[-71.790633000118746,41.753330000307727],[-71.790553999577696,41.750117000068059],[-71.790326999797003,41.747882999770944],[-71.790322999599042,41.747791999674035],[-71.79031400027651,41.747552000265344],[-71.790194999552511,41.744409000304607],[-71.790103000389323,41.742935000280255],[-71.790089000145613,41.740990999845707],[-71.790089999970533,41.740933999802316],[-71.790094000168494,41.740632000210176],[-71.790070999703957,41.740159999920749],[-71.790054999810422,41.739784000150067],[-71.79001600035069,41.738876000119348],[-71.789901999649544,41.735714000236257],[-71.789870999687409,41.734738999800044],[-71.789860999641675,41.734427999684002],[-71.789767999755242,41.731556000156807],[-71.789729000295509,41.727462999986102],[-71.789710999853838,41.727253999804546],[-71.789709000204013,41.726692000213824],[-71.789704000181146,41.725198000203918],[-71.78966900002105,41.725198999850228],[-71.789561999890921,41.725200000167007],[-71.785969000164201,41.725259999701557],[-71.774906000403561,41.725443000248873],[-71.774470000385477,41.72544900011512],[-71.768439999752005,41.725544999910078],[-71.768377000002815,41.725548999814642],[-71.761192000374251,41.725647999719151],[-71.76090799979383,41.72565200028771],[-71.759306000011676,41.72567399972295],[-71.75786400006308,41.725695999821113],[-71.757763999605658,41.725697000130147],[-71.754698000133615,41.725739999994801],[-71.754648999729824,41.725739999994801],[-71.754571999736925,41.725741000303145],[-71.754401999857606,41.725743999887229],[-71.753127000313597,41.725762000070368],[-71.753098000001302,41.725765000323875],[-71.752988000396428,41.7257640000159],[-71.752846000106217,41.725765999961375],[-71.752389000171718,41.725773000105306],[-71.745964000426369,41.725863000259579],[-71.740759999798343,41.725940999978405],[-71.73950799982056,41.725970000107615],[-71.735022999966148,41.726032999834551],[-71.720368000303694,41.726321000193934],[-71.720256999975632,41.726323000122058],[-71.720111000385742,41.72632599967897],[-71.720034000392857,41.726328000277398],[-71.719589999978851,41.726337000287792],[-71.719498999742243,41.726337999916396],[-71.719006999647661,41.726348000224277],[-71.715886999748946,41.726409000325582],[-71.713104999959043,41.726458999782906],[-71.712749000306871,41.726465999851328],[-71.704842000429977,41.726608000308389],[-71.703593999751831,41.726633999923699],[-71.700933000335738,41.72668700008682],[-71.700584000356287,41.726694000130408],[-71.698209000272143,41.726742000121355],[-71.69652799994897,41.726781000129456],[-71.686673999610093,41.727007999672509],[-71.684516999984169,41.727056999716673],[-71.684064000247631,41.727068000200333],[-71.681380000367014,41.72712999990479],[-71.679700999693651,41.727164000257922],[-71.67820000019384,41.727197999922673],[-71.673903999587012,41.727291000274356],[-71.672552999875023,41.727314999716079],[-71.671956000198449,41.727326000155564],[-71.671700000105417,41.72733100023278],[-71.669494000075687,41.727373999674334],[-71.668433999718516,41.727469999945079],[-71.667794000384234,41.727459999811835],[-71.666093999794484,41.727431999966804],[-71.666048999588654,41.727431999966804],[-71.665990999862316,41.727433000248801],[-71.663048000413923,41.727483999860873],[-71.662583999908421,41.727490999817618],[-71.662207000339876,41.727497999773597],[-71.65768399995234,41.727576999798494],[-71.657194000405866,41.727581999856234],[-71.648880999749778,41.727675000322428],[-71.647335999869043,41.727747999808336],[-71.646079999693299,41.727769000260395],[-71.645143000258102,41.727784999993645],[-71.644913000104339,41.727788999758694],[-71.644503000025509,41.727796999958549],[-71.644255000328386,41.727800000117021],[-71.644091000296854,41.727803000275408],[-71.641451999723756,41.727846999676551],[-71.641327999875202,41.727849999832692],[-71.641267999600743,41.727849999832692],[-71.64034600023416,41.727863999665665],[-71.63848499998592,41.727905999816628],[-71.637345999986039,41.727932999851312],[-71.636032999908892,41.727963000025504],[-71.633827999704067,41.728013999887274],[-71.633641999931243,41.728018999911008],[-71.633306000370581,41.728025999809404],[-71.631726000329721,41.728062999834613],[-71.628331000071398,41.728141000234679],[-71.627997000160562,41.728148999720268],[-71.62635299964731,41.728185999674615],[-71.624994000437724,41.728218999869632],[-71.624780000177452,41.728223999877358],[-71.624595000229547,41.728228999884735],[-71.624204000417279,41.728238000299214],[-71.618397000264906,41.728370000200215],[-71.618141999996766,41.728375000196188],[-71.617552999817804,41.728388000318077],[-71.613885999572915,41.728468999780361],[-71.61295699963533,41.728488999731184],[-71.612292000186685,41.728503000095294],[-71.611738999992724,41.728516000191284],[-71.607275000054713,41.728612999689602],[-71.602863999820158,41.728712999827785],[-71.60044199988036,41.72876999999108],[-71.598609000119524,41.728812999810245],[-71.59822199960692,41.728822000142962],[-71.597407000370453,41.728843000243934],[-71.597249000186707,41.728845000093607],[-71.596199999700204,41.728869999884822],[-71.593783999608192,41.728926000320499],[-71.591194000337197,41.728986999985331],[-71.586186000426068,41.729105000128676],[-71.581093000126131,41.729229999822543],[-71.580411000060749,41.729245000278958],[-71.579878999783176,41.729260000061501],[-71.576525000431047,41.729340000183264],[-71.573167999807552,41.729422000037111],[-71.570380000169862,41.729490000310697],[-71.569775999922285,41.729505000035978],[-71.569442000011449,41.729513000022138],[-71.569277000154997,41.72951699967966],[-71.567786999627529,41.729554000186916],[-71.566630000084288,41.72958199977753],[-71.563127999695837,41.729667000064175],[-71.562937999725051,41.729671999959201],[-71.562594999593372,41.729679999924564],[-71.562363999614689,41.729687000312452],[-71.560294999852317,41.72973999996816],[-71.560138000391774,41.729743000035889],[-71.557477000077384,41.729812000214665],[-71.556750999631078,41.729829999928477],[-71.556174000045971,41.729845000244843],[-71.55459700037818,41.72988600019773],[-71.554397000361647,41.72989100007571],[-71.552952000040008,41.729927999697189],[-71.55221899992101,41.729942999990662],[-71.550921999737369,41.729969999839604],[-71.550104999952765,41.729983999881],[-71.550038000005628,41.729985000123278],[-71.549721999638123,41.729988999751356],[-71.549615000406334,41.729988999751356],[-71.548920999747054,41.729996999677248],[-71.548832999883501,41.729996000105579],[-71.548514999866185,41.730000999974997],[-71.547578000430988,41.730021999690621],[-71.547430000292977,41.730024999745183],[-71.54742899956976,41.730305999990428],[-71.54742600009503,41.73106499994374],[-71.54742500027011,41.731242000050379],[-71.547353000300077,41.731203000068767]]]},"properties":{"NAME":"Providence County","BASENAME":"Providence","GEOID":"44007","STATE":"44","COUNTY":"007"}}]}