{"type":"FeatureCollection","features":[{"type":"Feature","geometry":{"type":"Polygon","coordinates":[[[-73.381589999993025,44.849353999821247],[-73.381396999649183,44.848806000051717],[-73.380467999711598,44.847591000147418],[-73.380321000296803,44.847172999878644],[-73.380501000221855,44.84656900002264],[-73.381359000014342,44.845021999760739],[-73.38133600044813,44.844683000293017],[-73.380487999803066,44.844232999980825],[-73.379684000437265,44.843904000177815],[-73.379446999712485,44.843461000098024],[-73.379419000123406,44.842735000315081],[-73.379411999552389,44.84255099971525],[-73.379917999890679,44.840577999838779],[-73.379815999783418,44.839644000285652],[-73.379451999735366,44.838010000191559],[-73.378716999966514,44.837358000204304],[-73.377393000018714,44.836820000144364],[-73.376069999895833,44.836628000150036],[-73.375345999997649,44.836306999895172],[-73.374577999718525,44.835551999849308],[-73.374325999823455,44.835190000139335],[-73.374015000377142,44.834802000181305],[-73.373739000192614,44.834397000162326],[-73.373550999871654,44.834089999846356],[-73.373164000257347,44.8335559998742],[-73.37268600040646,44.832997000161576],[-73.372277999977456,44.832286000009489],[-73.371858999677812,44.831622999972062],[-73.371329999773295,44.830741999740383],[-73.370394999987923,44.82980999984597],[-73.369647999625201,44.829135999891591],[-73.368956000412382,44.828591999931433],[-73.368275000171906,44.828007000089038],[-73.368146000300484,44.827927999824134],[-73.367145000392867,44.827315000266296],[-73.366463000327471,44.826882999961896],[-73.365679000154842,44.826451000242699],[-73.364925999944333,44.826187000130112],[-73.363535000049367,44.82554899996358],[-73.362950999893272,44.825376000099574],[-73.362197999682792,44.825112000160829],[-73.361626000120566,44.824833999690782],[-73.360955999750757,44.824575000145892],[-73.360817999658479,44.82452199971182],[-73.359855000284,44.823968000048097],[-73.359056999867676,44.823704000032855],[-73.358081000074407,44.823309999702062],[-73.357431999620985,44.82292699988021],[-73.356156000252057,44.82218500001607],[-73.355618999951631,44.821850999919576],[-73.354945000282186,44.821499999821938],[-73.354515999936766,44.821172999687079],[-73.354432000271188,44.821109000225036],[-73.353930000130845,44.820719000275247],[-73.353472000371454,44.820385999725197],[-73.353094000079679,44.819947999890509],[-73.352786000108097,44.819406999835543],[-73.352155000096332,44.818596999792192],[-73.351667000199711,44.817950000283822],[-73.351113000180831,44.817293999692225],[-73.350589000299209,44.816831000055771],[-73.350200000136766,44.816393999804525],[-73.349754000072934,44.816059999934424],[-73.349005999885307,44.815450999717292],[-73.348537000255249,44.815101000014927],[-73.348045999985573,44.814774999765142],[-73.347543000020337,44.81443399978955],[-73.346994999849244,44.814082999784986],[-73.34633299987533,44.813772999994157],[-73.345696000015792,44.813342000052785],[-73.345080000072642,44.813015000172058],[-73.344177000074311,44.812260000273646],[-73.34349900020689,44.811546000160391],[-73.343099999998714,44.811060000248794],[-73.342602999881251,44.810381000021344],[-73.341792999769339,44.809385000063273],[-73.341428999721288,44.808826999799059],[-73.340905999664557,44.808356000024403],[-73.340509999829436,44.808050999889964],[-73.340303000140182,44.807892000034975],[-73.338918999917937,44.806852000235708],[-73.338261000141998,44.806364000288831],[-73.33744400035738,44.805882000081532],[-73.337308999739861,44.805797000039767],[-73.337215000028522,44.805738000132116],[-73.336874000444993,44.805524000198311],[-73.336593000237599,44.805373999896553],[-73.336409000114585,44.805275000133811],[-73.336157000219501,44.805140000125647],[-73.335443000367064,44.804603000208772],[-73.335044000158888,44.804109000129486],[-73.33486099986078,44.803536999784718],[-73.334838000294567,44.803450000013157],[-73.334701000027209,44.802939999966199],[-73.334547999866345,44.802543999759763],[-73.334429999865577,44.802188999771843],[-73.334409999774081,44.802062000141575],[-73.334306000017023,44.801408000012962],[-73.334299000344302,44.801356000041316],[-73.334278000427915,44.801209000002693],[-73.334203999909747,44.800690999764868],[-73.334161000252067,44.80028099987247],[-73.334141000160557,44.800097000139566],[-73.334125000267051,44.799941999836477],[-73.3339329997481,44.799201000093888],[-73.333889000265472,44.798819999755381],[-73.33382499979308,44.79825699985949],[-73.333823000143241,44.798242000315874],[-73.333779999587222,44.798029000128892],[-73.333750000348317,44.797880000245939],[-73.333151999948527,44.789588000085509],[-73.333153999598338,44.788759000077214],[-73.333334000421715,44.787988000225418],[-73.333357999812833,44.787167999986565],[-73.333458000270269,44.786509000197775],[-73.333589999616422,44.785979000211931],[-73.333771000264719,44.785192000093552],[-73.334758999753532,44.783285000294413],[-73.335229000106821,44.782782000210979],[-73.335712999805494,44.782085999871654],[-73.336377000327531,44.781479999960105],[-73.337231999746962,44.780890999901629],[-73.338214000286314,44.780125999704268],[-73.339159000117448,44.779506000138916],[-73.339958000358692,44.778892999792021],[-73.340960000091215,44.778258000103378],[-73.341879999807986,44.777854999869938],[-73.343074999884351,44.777155999836062],[-73.344260999739902,44.776280000274504],[-73.345244999929093,44.775338999771051],[-73.346187000285482,44.774180000096798],[-73.347085000260918,44.772980000053352],[-73.347574999807364,44.771857000044115],[-73.347947000251366,44.770395999736976],[-73.347952000274248,44.770381999952512],[-73.348357000330196,44.769345000103414],[-73.34871200015742,44.768229999744335],[-73.349200999878974,44.767154999908094],[-73.34947200004062,44.766432999887151],[-73.350019000386794,44.765278999794496],[-73.350631000131997,44.76444800006108],[-73.350732000414339,44.764311000034816],[-73.351192999648461,44.763646999713004],[-73.351209000440306,44.763357999683777],[-73.351967999600262,44.760999999973009],[-73.352154000271426,44.760419999737259],[-73.352381999877053,44.759521000048522],[-73.352788999582828,44.758679000266923],[-73.353279000027612,44.757556999895172],[-73.353653000121398,44.756675000262305],[-73.353860999635558,44.756313999999158],[-73.354361000126076,44.755295999783634],[-73.355131999879902,44.754240000315043],[-73.355856999603006,44.753232000190444],[-73.356761000324568,44.752322000225654],[-73.357325000389167,44.751554000235785],[-73.357670999995577,44.751018000296469],[-73.358323999748649,44.750338999807546],[-73.358683999598753,44.750042000056929],[-73.359220999899208,44.749565000105441],[-73.359897000116788,44.749072000131484],[-73.36086600023738,44.748305000066892],[-73.36149700024913,44.747771999834931],[-73.362520999722975,44.74665800011995],[-73.363376000040716,44.7457459998205],[-73.363791999967333,44.745254000232165],[-73.364252000274874,44.744544000315088],[-73.364802000095779,44.743567999861298],[-73.365227000243223,44.742673000181703],[-73.365561999978965,44.741786000055491],[-73.365751000124845,44.74106199978732],[-73.365722999637455,44.739845999713509],[-73.365531999841735,44.737751999810968],[-73.365228000068115,44.735545000076371],[-73.365084000128078,44.733829999873201],[-73.365069000059464,44.725647000063844],[-73.365204999603591,44.723415000314205],[-73.365344000419071,44.721795999951908],[-73.365463000244745,44.720547000199062],[-73.36554699991035,44.719201999789206],[-73.365392000099646,44.717461999936496],[-73.365385000426969,44.715940000215966],[-73.36538600025186,44.713838000296796],[-73.365289999992413,44.712614000200176],[-73.365247000334691,44.710648000257493],[-73.365366000160392,44.709617000217612],[-73.365598999788887,44.708681999927158],[-73.365731999858269,44.708028999802202],[-73.36578399973682,44.707094999838525],[-73.365756000147726,44.706819999741583],[-73.365676999606691,44.706031999697259],[-73.365511999750254,44.704557999774394],[-73.365496999681639,44.704452999805426],[-73.365325999977429,44.703294000234258],[-73.365408999818086,44.70168299985658],[-73.36556000032914,44.70029699974581],[-73.365751999949765,44.698821000131851],[-73.365788999759687,44.698534000271728],[-73.365977000080662,44.697558999786708],[-73.365838999988398,44.697043000128673],[-73.365248999984516,44.696569999702028],[-73.364660999630473,44.696394000205309],[-73.363892000424755,44.696202000318472],[-73.363145999886953,44.696131000268899],[-73.362263999805023,44.69600399982825],[-73.361744000121334,44.695819999907428],[-73.361448999670245,44.695530999854512],[-73.361323000171865,44.69536999983805],[-73.361231000110365,44.695016000016494],[-73.36130800010325,44.694523999896056],[-73.361476000332743,44.694096999970093],[-73.361621000097699,44.693726000095438],[-73.362190000185166,44.692715999887128],[-73.362315999683545,44.692492000098611],[-73.363135000016285,44.691395000087134],[-73.364123000403424,44.690135999760656],[-73.364371000100547,44.689878000004704],[-73.36445999978902,44.689651999888071],[-73.364536999781905,44.689248999922079],[-73.364725999927799,44.688435000156687],[-73.365296999665105,44.687547999815138],[-73.365736000056231,44.687169000240672],[-73.366942000003277,44.686545999788201],[-73.368234999988928,44.685922000130716],[-73.369375999638635,44.685371999952352],[-73.369962000342866,44.685031999715257],[-73.370142000267919,44.684855000094409],[-73.370071999947726,44.684436000052592],[-73.369923999809714,44.684145999835863],[-73.369798000311334,44.683942999906087],[-73.369685000333433,44.683760000193587],[-73.369197000436813,44.683262000247588],[-73.369000999719901,44.683102000192513],[-73.368233000339117,44.682474999797705],[-73.367983000093858,44.682169000084009],[-73.367686999817849,44.681751000017442],[-73.367414000006377,44.681292999782499],[-73.36721800018779,44.680407000205605],[-73.367155000438601,44.678982000205032],[-73.367208999966962,44.678514000028414],[-73.367546000250869,44.67815099985161],[-73.369510000431262,44.677857000158539],[-73.370413000429579,44.677717999999409],[-73.370554999821479,44.677679000023488],[-73.371088999748878,44.677530999810699],[-73.371630000247251,44.677239999843628],[-73.371842999784278,44.676956999725206],[-73.371870000446791,44.676012999768226],[-73.371872000096602,44.675933999709251],[-73.37172399995859,44.675225999862988],[-73.371711000438125,44.675160999861333],[-73.371651000163666,44.675002000149412],[-73.371390000047768,44.674307999834646],[-73.371104999642384,44.67368899993842],[-73.371010000106153,44.672762999865931],[-73.371299999636065,44.671860000212803],[-73.371836000111585,44.670682000027661],[-73.372384000282679,44.66962600025338],[-73.37268600040646,44.668989000191772],[-73.372719000018421,44.668739000056895],[-73.37254699959098,44.668183999851735],[-73.372036000128134,44.667686000192951],[-73.371118999886093,44.667067999701196],[-73.370528999882225,44.666560999985101],[-73.370063999551803,44.666071000056661],[-73.369801999610971,44.665556000237558],[-73.369667999716683,44.663478000149155],[-73.36983500012127,44.663002999877065],[-73.370071000122806,44.66275300012105],[-73.370364000025774,44.662631000272945],[-73.37058900015667,44.662518000210817],[-73.370927000265482,44.662492999946799],[-73.371672999904973,44.662627999838769],[-73.372452999879641,44.662699000062844],[-73.373062000150114,44.662712999727802],[-73.37308100041669,44.662707000145616],[-73.373715999728091,44.662519000144513],[-73.37413300037791,44.662340000242942],[-73.37457699989362,44.661890000126853],[-73.375331999753939,44.661029999943402],[-73.375940000199492,44.660243999740587],[-73.37621200018603,44.659288999871492],[-73.3772089998957,44.658142000086777],[-73.378331000177141,44.657367999982569],[-73.379072999618671,44.656772000126523],[-73.379167000228321,44.656059999897622],[-73.379075000166807,44.655653999994257],[-73.378967000211773,44.655180000221755],[-73.378013000159825,44.653845999746757],[-73.377972000151942,44.652918000071963],[-73.378316999933432,44.652164999699025],[-73.379087999687286,44.651194000187651],[-73.380088999594903,44.650028999923038],[-73.381148000127155,44.649002000074518],[-73.381969000109706,44.648584999972655],[-73.382569000159322,44.648279999797587],[-73.383974000298011,44.647605000161747],[-73.384483000111018,44.64668300028778],[-73.383950999833473,44.646362000138524],[-73.383564000219181,44.64614200031243],[-73.383155999790176,44.64576500007071],[-73.38275900013015,44.645403000173978],[-73.378880999998046,44.64187199996541],[-73.378559999607674,44.641476000218447],[-73.378906999937328,44.640958000258976],[-73.379747000186455,44.640361000185919],[-73.380975999699714,44.639638999739695],[-73.382663999695581,44.638792000006795],[-73.383436999997571,44.638403999931626],[-73.385811000256794,44.637202000126095],[-73.386782999852102,44.636369999993235],[-73.38716899964146,44.635543000153064],[-73.387100000044498,44.635131999704569],[-73.386525999934136,44.633717000030764],[-73.386416000329291,44.633340000232224],[-73.386335999963336,44.633066999885322],[-73.386299999978334,44.632942000178275],[-73.386111999657359,44.632297999834805],[-73.385990000356927,44.631693000272151],[-73.385899000120332,44.631044000308641],[-73.385909999990986,44.630255000095978],[-73.386181000152646,44.629237999835631],[-73.386320999894735,44.628455999816538],[-73.386496999621826,44.626925000309363],[-73.386980000393905,44.625045000159176],[-73.387346000091796,44.623672999815774],[-73.387864999950551,44.622714000139382],[-73.388758999728054,44.621507000154736],[-73.389966000398317,44.619621000173915],[-73.390230999813866,44.618353999715936],[-73.389819999910117,44.617211000271844],[-73.387141000052367,44.615031999778068],[-73.383842000053519,44.613032999950754],[-73.382932000382496,44.612183999760369],[-73.382393000432231,44.611345999971341],[-73.382082999912527,44.610162999896922],[-73.381619000305349,44.607221000135148],[-73.380724999629535,44.605240000021439],[-73.379575999583921,44.603062999991259],[-73.377707999662988,44.600857999855577],[-73.376849000045596,44.599598999864],[-73.37675399961104,44.599125000103818],[-73.376331999836637,44.597218999776487],[-73.376806000387887,44.595456000171545],[-73.377896999808868,44.593849000051058],[-73.379590999652535,44.592423999835233],[-73.37996899994431,44.592132000237378],[-73.380999999989143,44.591334000061821],[-73.381640000221751,44.59058299996628],[-73.381894999591566,44.590014999740497],[-73.381848999560788,44.589316000004999],[-73.38170299997094,44.589155999799353],[-73.381647999719334,44.58909500024874],[-73.380618000397718,44.587957999770467],[-73.377794999701621,44.585128000287455],[-73.376517999609476,44.583545000308455],[-73.375667000388006,44.582038000068863],[-73.375229999646692,44.58020399998022],[-73.375304999989766,44.577633000037849],[-73.375308000362793,44.57754600003954],[-73.375118000392007,44.576573000184929],[-73.374950000162528,44.575816999964005],[-73.374580000266661,44.57561000028435],[-73.374395000318728,44.575443999820301],[-73.374278000142866,44.575337999977634],[-73.371252999780395,44.572839999770835],[-73.370301000276584,44.572012999891868],[-73.369359999745114,44.570798999921024],[-73.369067999667053,44.570200999995592],[-73.368228000316236,44.568834999706617],[-73.367342999861251,44.567604999810513],[-73.365360000312606,44.566046000089578],[-73.364653999957767,44.565646999923302],[-73.363981999938119,44.56514300004563],[-73.362856000357041,44.564264000073287],[-73.360060000323429,44.564906000308014],[-73.357963000073624,44.565427999804335],[-73.355825999640871,44.565965000022182],[-73.353709000197924,44.56650199976265],[-73.350852000064918,44.567096999705427],[-73.348435999972907,44.567735000165037],[-73.346338999723102,44.568371999750454],[-73.344362000022258,44.568863999798253],[-73.342244999680972,44.569443999874018],[-73.3387690001301,44.570341999774278],[-73.336071999830693,44.570937000113652],[-73.333315000155125,44.571561000152187],[-73.32961899959794,44.572416000092488],[-73.32766100016363,44.572794999741781],[-73.326768000211032,44.573060999891418],[-73.324085999980241,44.573835999732438],[-73.320610000429383,44.574776999766286],[-73.31757300037134,44.575687999907046],[-73.31547500029663,44.576175000066492],[-73.315364999793459,44.576205999980608],[-73.315184999868407,44.576250999929741],[-73.310501999647286,44.5776550000462],[-73.307246000204458,44.578680999857717],[-73.305227999597378,44.579273999804322],[-73.303130000420992,44.579738000071394],[-73.30041300003009,44.580775999713524],[-73.297336999613989,44.581714999959068],[-73.294441000021251,44.582782999713039],[-73.291543999705311,44.583792999714873],[-73.289267000428779,44.584629000300986],[-73.287135000018893,44.585504000313051],[-73.286350999846249,44.585825999868575],[-73.283954000020813,44.586849000203607],[-73.281936000312058,44.587612999854045],[-73.279319000378578,44.588592999984371],[-73.277501999612952,44.589371999749005],[-73.275124999879012,44.590522999889281],[-73.272986999621324,44.591416999740076],[-73.270558999833739,44.59255299986291],[-73.269850999829075,44.59288499985707],[-73.267634999753611,44.594066000305247],[-73.266017000077937,44.594957999751536],[-73.263701000443348,44.596194999856522],[-73.26194399995218,44.597531999787883],[-73.260348999842719,44.599241000084014],[-73.258555000439941,44.601222000091788],[-73.257339000447175,44.602686999709718],[-73.255965000270663,44.604881999824045],[-73.255130000044389,44.60681899969326],[-73.254856000408012,44.608739999864675],[-73.254685999630368,44.609687000220703],[-73.254502000405679,44.610676000078733],[-73.254589000444312,44.613140999774274],[-73.254796000133553,44.615333999835968],[-73.255183999572751,44.617841000215897],[-73.255452000259666,44.620191000052301],[-73.255859999790346,44.622625999862933],[-73.25596799974538,44.625235000039261],[-73.256175000332945,44.627383999764476],[-73.256281999564749,44.629675999912791],[-73.256033000042706,44.631388000146138],[-73.256027000194933,44.631440000293537],[-73.256004999555316,44.631520999914024],[-73.25592199971463,44.631803000196811],[-73.255392999810113,44.633606000105381],[-73.255228999778595,44.634037000044074],[-73.254857000232903,44.634996999724692],[-73.254001999915161,44.636876999706217],[-73.253185999955477,44.6384679998921],[-73.252209000337302,44.639803999967036],[-73.251112999995129,44.641510999720687],[-73.249513999687721,44.642404000167666],[-73.24757100032204,44.642901000044724],[-73.244860999603816,44.643503999838572],[-73.242753000381683,44.64401000023809],[-73.242227999776816,44.644208999720327],[-73.239917999990013,44.645072000183966],[-73.237706999937416,44.645892000078284],[-73.235664999939189,44.646945000180118],[-73.235452000402191,44.647056999714444],[-73.233838000026154,44.64838099991583],[-73.233083999990754,44.649879999889848],[-73.232869999730511,44.651425000122188],[-73.232954000294413,44.653343999883781],[-73.233058999876391,44.655175999980735],[-73.233161999808544,44.657122999704697],[-73.233125999823528,44.659112000205909],[-73.233171000029387,44.66084400017985],[-73.23333599988581,44.662662999996122],[-73.233441000366113,44.66445200004739],[-73.233405000381126,44.66631200010751],[-73.23357500026043,44.668111000282295],[-73.233536999727292,44.669675999729257],[-73.233561000016721,44.671594000058818],[-73.233063000074353,44.673539000268676],[-73.232729000163502,44.675111000006972],[-73.232133000311848,44.676740000050202],[-73.231498000102107,44.678398000011519],[-73.230881000334065,44.680241999874951],[-73.230103999834114,44.681955999798902],[-73.229586999625155,44.683829000310148],[-73.228908999757735,44.685614999928397],[-73.228724999634721,44.686549000261572],[-73.228615999854782,44.687116000085673],[-73.2284059997925,44.688261999951038],[-73.228322000126909,44.691021999984571],[-73.228408000340622,44.692711999681833],[-73.22845199982325,44.694554999871258],[-73.228460000219172,44.695989999903404],[-73.228367000332753,44.697477999795652],[-73.228413000363503,44.699180999956262],[-73.228557000303539,44.701085999864596],[-73.228533999839016,44.703077000245543],[-73.228765999642619,44.704807000033966],[-73.22903400032952,44.706283000273629],[-73.229400000027411,44.708102000155499],[-73.229523999875966,44.709933999689071],[-73.229389999981677,44.711594999966216],[-73.229636999853867,44.71315499973386],[-73.229458999578654,44.715244000128372],[-73.229486000241138,44.716761000186885],[-73.229390999806597,44.718463999942117],[-73.229278999653602,44.720404999725211],[-73.228901000260137,44.722550000300728],[-73.228856000054307,44.722806000302555],[-73.228854000404468,44.72286600024885],[-73.250133999828833,44.750215999709305],[-73.250707999939166,44.75103400030951],[-73.251267999805833,44.751915999917607],[-73.251942000373603,44.752898999868414],[-73.252534000027325,44.753816999937435],[-73.253231999986241,44.754908000039443],[-73.25335199963682,44.7550910000461],[-73.254038999725083,44.756145000086988],[-73.254747999554652,44.757218000255712],[-73.255297000448962,44.758073000298943],[-73.256013999776158,44.759288999689467],[-73.256481999581283,44.760476000220727],[-73.257074000133301,44.761433999697331],[-73.257494000257864,44.762417999877087],[-73.257971000283845,44.763585999877975],[-73.258161000254631,44.764615999840721],[-73.258367999943886,44.765779999791363],[-73.258566000310594,44.766818999959163],[-73.25883599974901,44.768083000152011],[-73.258966000343676,44.769263999829398],[-73.259000999605476,44.770191000002747],[-73.259009000001384,44.771397999733516],[-73.258916000114951,44.772765999797016],[-73.258885999977736,44.774087999825994],[-73.258706999877603,44.775137999973978],[-73.258312999692308,44.776122000113872],[-73.257942999796441,44.777432000211725],[-73.257609999710525,44.778416000158366],[-73.257444000029167,44.779177999922318],[-73.257407000219246,44.779348999707842],[-73.25719999963168,44.779932999821973],[-73.257089000201915,44.780245000003937],[-73.257090999851741,44.780264000291631],[-73.257095999874608,44.780313000065085],[-73.257252000408542,44.781876999770574],[-73.255911999668896,44.783162000193308],[-73.25557699993314,44.783671999711729],[-73.255179000448194,44.784276000079871],[-73.254746999729747,44.78546600022618],[-73.253586999813464,44.787213999921185],[-73.253466000337966,44.787492000048609],[-73.253190999978344,44.788125000194029],[-73.253139999924713,44.788214000111111],[-73.253093999893963,44.788296000257077],[-73.252688999838014,44.78900900031698],[-73.252046999955581,44.789953000108355],[-73.251350999646505,44.790959999971392],[-73.250738999901316,44.791806000053491],[-73.250204999973931,44.792653000083632],[-73.249532999954297,44.79366000001221],[-73.248804000033232,44.794917999927016],[-73.248012000363005,44.796247000134137],[-73.247210999573596,44.797467999833138],[-73.246380000443608,44.798679999917411],[-73.245746000058816,44.799579000116822],[-73.245098000328596,44.800423999955946],[-73.244378999554968,44.801304000022768],[-73.243714000106337,44.802258000186519],[-73.242913000215268,44.803317000299259],[-73.242077999989007,44.804149999760298],[-73.241948000292666,44.804284000138196],[-73.241882000170406,44.804367999826404],[-73.241241999937827,44.805018000091984],[-73.240494999575105,44.805853999871644],[-73.239401999605974,44.807080000154095],[-73.238559999707036,44.808002000081551],[-73.237763999838819,44.808836000041488],[-73.237029999894901,44.809653999709298],[-73.236086999713592,44.810359000298895],[-73.234869999895906,44.811384999919468],[-73.233550000146067,44.812299999950696],[-73.232262000183269,44.813172000162979],[-73.231088000023291,44.813991000016834],[-73.230062000001325,44.814686000027642],[-73.228902000085057,44.815369999765707],[-73.227467999634072,44.816311000250231],[-73.226369999642088,44.816969000184905],[-73.225271999650076,44.817565000292468],[-73.224127999627328,44.81814999968681],[-73.222646000394093,44.818658000136629],[-73.221163000437627,44.81913000030648],[-73.219778000390463,44.819631000112452],[-73.218379999924494,44.820121999874026],[-73.216874000401816,44.820612000162797],[-73.21511899956046,44.820917000138316],[-73.213827000298025,44.821166999959544],[-73.212212000097082,44.821672999848481],[-73.210820000377211,44.822092000067187],[-73.2098699996249,44.822697999812604],[-73.208759999937357,44.823623000205792],[-73.208681000294632,44.823687999761411],[-73.207962000419315,44.824595000176799],[-73.207574999906726,44.825535000174341],[-73.207419000271102,44.826710999924757],[-73.207372000415447,44.82781800019427],[-73.207046999827114,44.829217000254587],[-73.206097999798033,44.830336999857828],[-73.204933999683789,44.831532999920974],[-73.203833000217074,44.832767999962755],[-73.20322099957356,44.833631000054424],[-73.202766000187211,44.834892999727849],[-73.20259399975977,44.836142000151874],[-73.202714000308688,44.837098000137104],[-73.202869000119378,44.837650000184581],[-73.202919000348089,44.83794099987076],[-73.203875999874782,44.840132000148657],[-73.205543999779167,44.842467000229185],[-73.205912000025194,44.842917999688368],[-73.206764999794814,44.843859000205818],[-73.207122999995093,44.844736999992335],[-73.207553999990324,44.846094999802247],[-73.207609000241916,44.847445999980337],[-73.207508999784466,44.848831999986608],[-73.207285000376814,44.850331000197038],[-73.207055000223036,44.8519479999282],[-73.206683999603953,44.853183999751678],[-73.206442999579522,44.854279000118169],[-73.206116000239703,44.855218000145307],[-73.205713999658485,44.856266000037586],[-73.205594000007878,44.85660899980374],[-73.205335000440101,44.85734900018614],[-73.204777000223274,44.858392999932128],[-73.204115000249374,44.859530000031995],[-73.204063000370851,44.859632000015431],[-73.20369500012481,44.86062700010104],[-73.203509000351971,44.861795000117731],[-73.203587000169776,44.863209000301175],[-73.203562000055399,44.864310000106286],[-73.203555000382721,44.864648999935554],[-73.203331000076744,44.865986000235651],[-73.202735000225076,44.866939999862197],[-73.201992999885221,44.868063000246671],[-73.200987999779656,44.869109000267393],[-73.200123000314477,44.87005800014019],[-73.199211000095318,44.870855000063692],[-73.198304999723945,44.871839000126037],[-73.197650000321048,44.873061999931174],[-73.196852999729614,44.874039999866966],[-73.196431999780131,44.875419999776014],[-73.196339999718646,44.876480999975733],[-73.196227999565636,44.87791000017463],[-73.196344999741498,44.878965000219296],[-73.196343000091673,44.878985999843444],[-73.196282999817228,44.879918999870931],[-73.196144999724964,44.880887999943894],[-73.195932000187938,44.881883999859646],[-73.195670000247119,44.882968999806756],[-73.195338999811014,44.883837999726126],[-73.194956000394669,44.884712999998015],[-73.194400999652586,44.885992000134607],[-73.193887999641589,44.886821000094997],[-73.193439000103027,44.887821999694175],[-73.19303999989485,44.888932999946562],[-73.1926470004328,44.890403000198134],[-73.192263000293224,44.891350999777657],[-73.191993999781403,44.892516999814319],[-73.191799999612641,44.894396999842598],[-73.191736000038546,44.895032999827507],[-73.191619999687589,44.89594900023242],[-73.191530000174211,44.897019000315829],[-73.191445999610309,44.898071000242581],[-73.191386000234175,44.899321999893779],[-73.191329000332757,44.90037699987613],[-73.191280999753872,44.901524999996766],[-73.191274999906085,44.90278999968541],[-73.191279000104046,44.903036000269687],[-73.191276999555924,44.904224999813351],[-73.191316999738888,44.905603000007432],[-73.191736000038546,44.90703200021165],[-73.192309000323974,44.908292999686935],[-73.193020999628288,44.909176999943718],[-73.19409600005406,44.909987000181083],[-73.194501000110009,44.910181000100231],[-73.195348000031828,44.910581999900657],[-73.196976999578169,44.910617000178803],[-73.19885399971993,44.910656000191018],[-73.200506999555714,44.910709000263097],[-73.202500000048431,44.910840000087482],[-73.203957999890534,44.91093400000085],[-73.205696999940045,44.911097000298348],[-73.206964999811333,44.911423000142747],[-73.208610000149505,44.911861999936797],[-73.210177999596482,44.912471999690474],[-73.210315999688746,44.912529999686654],[-73.211647000207563,44.913088999720394],[-73.213078000285492,44.913795000223196],[-73.213175000369873,44.913850000029768],[-73.214507999640176,44.914601000149361],[-73.215944999565892,44.91525400024063],[-73.217506000238473,44.915827999979541],[-73.218812999569536,44.916306999834809],[-73.220768000427427,44.91686800000442],[-73.222082000329479,44.91728499994278],[-73.223679000088751,44.917810999777508],[-73.223816000356109,44.917864000248457],[-73.224910999975052,44.918481000273538],[-73.226125000317992,44.919598000046463],[-73.226834000147562,44.92080600026727],[-73.22772999957489,44.92215299984894],[-73.22840499996758,44.923388000261205],[-73.229318000011659,44.924941000211113],[-73.229908000015527,44.925901999951471],[-73.229928999931929,44.925938000271323],[-73.230353000254453,44.92668799968375],[-73.230776999678667,44.927437000310263],[-73.230858999694433,44.927581999953631],[-73.231032999771713,44.927916999857317],[-73.231833999662783,44.929456000148001],[-73.232443999758161,44.930650999853952],[-73.232964000340161,44.932017999701479],[-73.233222000083018,44.933408999926279],[-73.233521999658663,44.934808000128626],[-73.233761000033269,44.935560999725446],[-73.233863000140516,44.935996999914444],[-73.233964000422844,44.936153999870498],[-73.234249999754809,44.93700800015359],[-73.235018000033918,44.938055000117927],[-73.235807000229428,44.938823000216139],[-73.236673000417838,44.939533999789049],[-73.237949999611644,44.940638999711723],[-73.238778999990132,44.941605999947704],[-73.239493999667488,44.942796000303034],[-73.239952000325204,44.944017999971734],[-73.240410000084609,44.945268000199029],[-73.240667999827465,44.946441999810091],[-73.240887999935495,44.947678000049798],[-73.240944000011993,44.948885999747304],[-73.240667999827465,44.950195999717891],[-73.240378000297554,44.951289000093681],[-73.239821999730552,44.95225300018835],[-73.239128999794502,44.953214999998707],[-73.238328999728353,44.95398700001131],[-73.238164999696806,44.954144999700418],[-73.23690000019856,44.954952999847855],[-73.235843000214444,44.955531999982973],[-73.234653000160932,44.956098000110572],[-73.233648999880273,44.956650000046601],[-73.232606999964773,44.957318000275173],[-73.231426999957009,44.958073999961314],[-73.229711000372035,44.95930799975244],[-73.229645000249803,44.959378000033091],[-73.228964999834247,44.959979999684187],[-73.228409999990461,44.960674000172013],[-73.226726000192542,44.9624400001453],[-73.226631999582906,44.962583999924405],[-73.226395999581342,44.962838999732348],[-73.225685999926867,44.963764000141275],[-73.22473000022508,44.96490099979097],[-73.224137999673061,44.966017000178802],[-73.223267000360124,44.967029000291717],[-73.222533000416178,44.968108000305911],[-73.221970000176483,44.969025999721893],[-73.221401000089003,44.970106000001152],[-73.220934000108784,44.970826999803116],[-73.220676000365913,44.971210999891007],[-73.220112000301299,44.972568999915019],[-73.220103000080471,44.972590000301686],[-73.219935999675883,44.972861000244144],[-73.219443999581301,44.973677000193554],[-73.218649000436315,44.974672000011161],[-73.217978000241573,44.975651999980073],[-73.217036999710118,44.977006000113406],[-73.216296000093493,44.977749999763226],[-73.21531000025449,44.97904100017594],[-73.213865999757758,44.980817999943461],[-73.212885999766542,44.982081000220141],[-73.212350000189346,44.982704999870926],[-73.211083999967855,44.984366000214365],[-73.210550999865376,44.985066999724388],[-73.210000000219566,44.98596000009276],[-73.209205000176283,44.986939000245094],[-73.208086000267883,44.988254000021186],[-73.20698999992571,44.989604999912352],[-73.206319999555888,44.990503999974166],[-73.205101000088376,44.992237999922018],[-73.204552000092391,44.993121999722881],[-73.203409999719455,44.99480600029387],[-73.203136999907983,44.995275999801088],[-73.202541000056314,44.996159999748926],[-73.200786999938202,44.998726999860047],[-73.200555000134614,44.999117000095197],[-73.20002299985704,44.999963999805395],[-73.199467000188349,45.000944999820611],[-73.198688000038587,45.002086000142654],[-73.19783100007102,45.003548999923915],[-73.197058999593949,45.004670000137494],[-73.196357000335396,45.00575799999924],[-73.195917000119323,45.006740000215927],[-73.194766000423883,45.008721000261943],[-73.194157999978344,45.009711000175571],[-73.193671999731521,45.010747000033867],[-73.193045999742651,45.011772000084122],[-73.192598999853899,45.012800000244383],[-73.19233299971512,45.013415000117284],[-73.193058000336521,45.013401000304093],[-73.193417000361734,45.013394000078733],[-73.201633000035116,45.013235000172045],[-73.209878999845742,45.013075999823918],[-73.210206999908792,45.013069000193852],[-73.212152999647543,45.013031000100561],[-73.213505000082733,45.013005000089066],[-73.226316000113712,45.012754000079298],[-73.238419999964933,45.012573999961738],[-73.241181999663368,45.012530000072736],[-73.241799000329749,45.012523999969801],[-73.242825000351715,45.012511999762012],[-73.243908000275098,45.012492000256877],[-73.246003999801673,45.012459999891],[-73.249968999972381,45.012400000030063],[-73.260076999856153,45.012248000270311],[-73.261789000141476,45.012224999970684],[-73.270185999564845,45.012094999870726],[-73.272377000424285,45.01206100007925],[-73.279392000173516,45.011926999920028],[-73.280547999891823,45.01190200028217],[-73.282206999575379,45.011873000307538],[-73.288304000155989,45.011756000019808],[-73.296082000161462,45.011603999820991],[-73.296332000406721,45.011600999721125],[-73.296805000234755,45.011590000200236],[-73.296833999648754,45.011588999955023],[-73.308110999669637,45.011369000198755],[-73.316909999674209,45.011197000285676],[-73.320257000251971,45.011131000122838],[-73.325855999991873,45.011021000105771],[-73.328667000094114,45.010966000017994],[-73.334848000340301,45.010843999761882],[-73.335250999848128,45.010836999859016],[-73.343177999816518,45.010713000077217],[-73.345046999562371,45.006334999817852],[-73.347086999910758,45.001601999803974],[-73.34769199998324,44.999993999905236],[-73.347926000334965,44.999303000161774],[-73.348045999985573,44.999116000267399],[-73.348174000032088,44.998894999778628],[-73.34832299999502,44.998642999716012],[-73.348339999713446,44.998614000015834],[-73.348360999629847,44.998576999697995],[-73.348457999714213,44.998408000277287],[-73.34863799963928,44.998106999950515],[-73.34919099983324,44.997100999876558],[-73.349732000331613,44.995499000054323],[-73.350188000441207,44.994303999763588],[-73.350862000110666,44.993049000163168],[-73.352018999653893,44.991755000210148],[-73.353352999647427,44.990258999735374],[-73.353428999815421,44.990165000045153],[-73.354100999835083,44.988869999773357],[-73.354633000112628,44.987352000148476],[-73.354111999705736,44.984062000200318],[-73.353716999695507,44.982959999820096],[-73.352885999667208,44.980644000141147],[-73.352449999649124,44.979921000160353],[-73.350217999680126,44.976222000163126],[-73.349878999746409,44.975814000046505],[-73.347579000005325,44.973037999728632],[-73.344740000314033,44.97046800025543],[-73.342941999814983,44.969212999920174],[-73.339708999938352,44.966792000103354],[-73.338734999794923,44.965887000104999],[-73.338244000423558,44.964751000086117],[-73.338097999935357,44.962930000264308],[-73.337907000139651,44.960541999701746],[-73.339030000246012,44.951338000090125],[-73.339071000253909,44.950764999812627],[-73.339082000124534,44.950610999871138],[-73.339301000407659,44.947568000302866],[-73.339602999633144,44.943370999712236],[-73.339229000437641,44.93400299972749],[-73.339191999729394,44.933076000308176],[-73.338482999899838,44.92411200026195],[-73.338492000120681,44.923799000098604],[-73.338621999817022,44.91936600025619],[-73.338979000192367,44.917680999915603],[-73.339287999988869,44.916910000194747],[-73.339438999601597,44.916533999912289],[-73.341105999681091,44.914631999773981],[-73.34274400034657,44.913715999934723],[-73.344516000008028,44.912724999990495],[-73.347836999748196,44.911308999939081],[-73.350652000048399,44.909633999891241],[-73.353657000319373,44.907346000252822],[-73.356218000176355,44.904491999840751],[-73.358081000074407,44.901324999844299],[-73.36032800011202,44.897236000082827],[-73.362230000368129,44.891462999877433],[-73.36310499987907,44.888262000098386],[-73.364479999880501,44.883234000005046],[-73.36586499992768,44.877693000055437],[-73.366459999954415,44.875040999686874],[-73.36756499961912,44.871546000148001],[-73.369103999652069,44.866680999831281],[-73.369439000286135,44.866169000230308],[-73.369718999770313,44.865559000108014],[-73.37017999990276,44.864926999979161],[-73.370584999958723,44.8642949999156],[-73.371092000121919,44.863598999885411],[-73.371610000155783,44.862926999710169],[-73.371968000356063,44.862414999830008],[-73.372719999843341,44.861985999978685],[-73.373630000412675,44.861525999888961],[-73.374222000066382,44.861257000313586],[-73.374474999786372,44.861165000061483],[-73.374577999718525,44.861126999914454],[-73.375709000220795,44.860745999919324],[-73.376331000011746,44.860237999824335],[-73.377086999696971,44.858844000143783],[-73.377481999707186,44.858151000288153],[-73.377946000212674,44.857756000099897],[-73.378487999637656,44.857553999806058],[-73.379471999826833,44.857336000232259],[-73.379821999631218,44.857038000239115],[-73.379912000042893,44.856602999944222],[-73.379876999882782,44.855539999892542],[-73.379364999696719,44.852552999893135],[-73.379544999621771,44.851650999923905],[-73.379985999662736,44.850837000080418],[-73.381296000265152,44.849860999890019],[-73.381589999993025,44.849353999821247]]]},"properties":{"NAME":"Grand Isle County","BASENAME":"Grand Isle","GEOID":"50013","STATE":"50","COUNTY":"013"}},{"type":"Feature","geometry":{"type":"Polygon","coordinates":[[[-72.678379000354411,44.802482000150924],[-72.678238999714011,44.802477999886023],[-72.676750999734679,44.802430999939553],[-72.676426999869577,44.802420999905337],[-72.670742999740838,44.802241999700477],[-72.666119999794162,44.802109999823884],[-72.624961999812754,44.800783999809255],[-72.624815000397987,44.800778999968315],[-72.622951999601611,44.800727000067141],[-72.61806199969125,44.800561999825241],[-72.615684999957296,44.800480999997411],[-72.61433000004736,44.800439000207135],[-72.613596999928333,44.800416999879872],[-72.614905999807519,44.798492999772414],[-72.616181000249853,44.796636000316838],[-72.616729000420932,44.79584399989298],[-72.615647000322454,44.795341000238423],[-72.614827999989714,44.794961000107776],[-72.61283200002228,44.794039000209985],[-72.610619000319858,44.793014000202092],[-72.609970999691313,44.792708999916229],[-72.607004999778411,44.791325000242956],[-72.605720000188668,44.790725000120815],[-72.605141999880345,44.790433999877713],[-72.598785999731945,44.787469000196651],[-72.597898999627148,44.787055000019315],[-72.597603000249464,44.787327000214738],[-72.597043000382811,44.787852000251398],[-72.596080000110035,44.788740999701957],[-72.594403999809728,44.790299000206595],[-72.594073000271919,44.790091999800055],[-72.594064000051091,44.790086000026712],[-72.593971000164672,44.790028999917055],[-72.59099100000806,44.788169999689295],[-72.587500000388573,44.786019000260339],[-72.587083999563632,44.785763000236685],[-72.586953999867305,44.78568299975737],[-72.58377000039448,44.783722999925871],[-72.580001000042344,44.781454000246711],[-72.579074999579476,44.780896000190467],[-72.578067999824086,44.782061000213631],[-72.575400999661895,44.785147000189411],[-72.572053999982472,44.789021999748975],[-72.567051000094196,44.794817999871917],[-72.558663999818279,44.804586999735776],[-72.551505000128984,44.812912999847427],[-72.544008000330905,44.821547000160422],[-72.538339000270781,44.828078000081554],[-72.533280000306021,44.834080999723206],[-72.533528999828036,44.836778000060917],[-72.533988000310686,44.842038000170355],[-72.534058999557487,44.842929999710464],[-72.534670000376067,44.850609999826695],[-72.535123000112591,44.856312000275246],[-72.535320999580989,44.857966000158477],[-72.535549000084941,44.860516999852237],[-72.535569000176437,44.860751999983904],[-72.536214000431897,44.867982999943436],[-72.536370000067507,44.86941100025382],[-72.536987999660482,44.874994999771602],[-72.537196999897844,44.877354000023793],[-72.537273000065838,44.878213999862908],[-72.537330999792147,44.878897999972956],[-72.537633999740862,44.882425000234569],[-72.537649999634368,44.882581000244805],[-72.537929000191951,44.885844000244553],[-72.537931999666682,44.88585800001821],[-72.537939000237699,44.885962000230656],[-72.538130999858311,44.888080000197618],[-72.538357999639047,44.890576999990714],[-72.538391000149304,44.891009999790235],[-72.538610000432428,44.893436999883818],[-72.538675999656348,44.894215000263507],[-72.539258999987538,44.901351999864133],[-72.539931999832106,44.909221999761542],[-72.540530000231897,44.915778000201449],[-72.541014999755475,44.921374999692688],[-72.541383000001503,44.925977000062375],[-72.538205000376479,44.926097999865199],[-72.536498000114008,44.926114000308885],[-72.537115999706998,44.929016999934952],[-72.538330999874859,44.934810000119505],[-72.538549000333063,44.935874999684607],[-72.539264000010419,44.939264999944136],[-72.541943999693075,44.952036000258325],[-72.54196100030984,44.952118000017798],[-72.541981000401307,44.952213999804428],[-72.542003999967534,44.952322000167051],[-72.542029999906802,44.952443999778922],[-72.54205300037134,44.952546999687087],[-72.54206900026486,44.952624999975946],[-72.54210199987682,44.952781000235653],[-72.542126000166263,44.952894000158921],[-72.542130000364224,44.952912000126155],[-72.542145000432853,44.952981999945074],[-72.542167999999066,44.953090000133926],[-72.5421780000448,44.953137999870108],[-72.542183000067681,44.953160999729441],[-72.542197000311376,44.953229999887895],[-72.542205999633893,44.953270000208981],[-72.542220999702508,44.95334200020806],[-72.542234000121312,44.953401000254743],[-72.542263000433621,44.953538999911572],[-72.542270999931219,44.953579000017236],[-72.542294000395756,44.953684999749278],[-72.542333999680409,44.953872999716005],[-72.54244699965831,44.954409999864076],[-72.542456999704058,44.9544539998831],[-72.542469000297956,44.954512000087846],[-72.542482999643326,44.954574000110391],[-72.542532999872051,44.954809999952445],[-72.542552999963519,44.954905999685941],[-72.542648000398074,44.95535599983198],[-72.542676999812088,44.955490000061005],[-72.542708999599142,44.955639999822814],[-72.542723999667757,44.955712000026928],[-72.542737000086547,44.955773000076221],[-72.542787000315258,44.956009000072918],[-72.542800999660642,44.956075000156908],[-72.542829999972952,44.956210999859472],[-72.542839000193794,44.956251999949608],[-72.542859000285276,44.956346999875414],[-72.542894000445372,44.956512000242547],[-72.542915000361774,44.956609000240782],[-72.542944999600692,44.956753999965201],[-72.542978000110978,44.956906000094001],[-72.543026999616444,44.957138000183413],[-72.543033000362556,44.957166999890248],[-72.54304800043117,44.957240000008071],[-72.543066999799407,44.957326000280233],[-72.543077999670075,44.957378999888583],[-72.543091999913798,44.957445000303856],[-72.543107999807319,44.957518999985787],[-72.543134999571478,44.957646000205294],[-72.543198000218993,44.957946000143146],[-72.543303999625877,44.958445000254535],[-72.54333100028839,44.958571999695863],[-72.543428000372757,44.959025999899843],[-72.543459000334906,44.95917500006454],[-72.54358300018346,44.959756999824556],[-72.543604999924767,44.959863000222256],[-72.543623000366438,44.959951000127759],[-72.543688999590358,44.960271999903043],[-72.543702000009162,44.960338000168953],[-72.543752000237859,44.960583999739825],[-72.543814000162143,44.96088699978489],[-72.543836999728356,44.960997999923229],[-72.543906000223657,44.961334999726269],[-72.543985999691273,44.961729000148999],[-72.544009999980716,44.961847000097556],[-72.54408899962344,44.962234000062487],[-72.544147000248088,44.962519000165983],[-72.544235999936532,44.962953999835719],[-72.544298999685708,44.963261999800707],[-72.544362000333223,44.963573000091323],[-72.544391999572142,44.963720000269333],[-72.54444900037187,44.964001999932627],[-72.544476999960949,44.964134999872066],[-72.544558999976715,44.964539999790787],[-72.544600999809518,44.964747000283552],[-72.544660000259057,44.965034000188524],[-72.544692000046112,44.965189999764846],[-72.544798000351321,44.965710000161529],[-72.544825000115509,44.965842999954582],[-72.544888999689604,44.966157999940464],[-72.544914999628872,44.966285000105266],[-72.544999000192774,44.966695999917391],[-72.545039000375752,44.966891999782],[-72.545181999592558,44.967590999900203],[-72.545210999904882,44.967735999836293],[-72.5452829998749,44.968089000287414],[-72.545326000430919,44.968298000144564],[-72.545466000173008,44.968982999790619],[-72.54555499986148,44.969422999840887],[-72.545637999702137,44.969817000008497],[-72.545737000334668,44.970284999752344],[-72.545824000373287,44.970696000138254],[-72.545912000236839,44.971109999799317],[-72.546000999925297,44.971530000233336],[-72.546030000237621,44.971664000184632],[-72.546122000299121,44.972100999742722],[-72.546202999591671,44.972480000006563],[-72.546263999691035,44.972768999926515],[-72.546293999828251,44.972910000249463],[-72.546369000171339,44.973266000198343],[-72.546461000232853,44.973698000174501],[-72.54654700044658,44.974104999830097],[-72.546628999564021,44.974491000091817],[-72.546703999907081,44.974844000275887],[-72.546784000273021,44.975220999716605],[-72.546838999626303,44.975480000232409],[-72.546897000250937,44.975757000004691],[-72.546964000198074,44.976072999790397],[-72.547031999970145,44.976393000002851],[-72.547118000183886,44.976797999796609],[-72.547180000108142,44.977087999774319],[-72.547272999994576,44.977529000124335],[-72.547333000269035,44.977813000292066],[-72.547348000337649,44.977883000233689],[-72.547435000376282,44.97829100024444],[-72.547483999881763,44.978523999828177],[-72.547493000102605,44.978564000307834],[-72.547590000186986,44.979023000145062],[-72.547652000111242,44.979315000018907],[-72.547723000256354,44.979649999903124],[-72.547787999655384,44.979953999801729],[-72.547861000348632,44.980299000056291],[-72.547934999968462,44.980649999770641],[-72.548006000113574,44.980983999971095],[-72.548093999977127,44.981398999843705],[-72.548135999809915,44.981595999794344],[-72.548206999955042,44.9819319998224],[-72.548241000290218,44.982091000198835],[-72.548307000412464,44.982402000063942],[-72.548367999613518,44.982691000177262],[-72.54846800007094,44.983164999704307],[-72.548545999888745,44.983533000090503],[-72.548574000376163,44.983663000197559],[-72.548632999927392,44.983939999833368],[-72.548678999958156,44.984160000088309],[-72.548784000438445,44.984666000202814],[-72.548818999700231,44.984820000235175],[-72.548865999555872,44.985038000142993],[-72.548977999708882,44.985576000285185],[-72.549022999914726,44.985786000012219],[-72.549090999686783,44.986101999803623],[-72.549131999694666,44.986294999907081],[-72.549268000137118,44.987025999872166],[-72.549330999886308,44.987393000219612],[-72.549567999712764,44.988634000271055],[-72.550146000021073,44.991383000024804],[-72.55056699997057,44.993385999695526],[-72.550948999561982,44.995207000028309],[-72.550994999592746,44.995427000238337],[-72.551141000080918,44.996121999872145],[-72.551207000203149,44.996431999970163],[-72.5513029995643,44.996749999885495],[-72.551329000401893,44.996851999784191],[-72.551337999724396,44.996889999812133],[-72.551347999770158,44.996981000311507],[-72.551358999640797,44.997078999710453],[-72.551394999625813,44.997388999713053],[-72.551551000159748,44.998192000089034],[-72.551654999916806,44.998729000164431],[-72.551716999841091,44.999047999865759],[-72.551791000359245,44.999436000177219],[-72.552008000094219,45.000580999905551],[-72.552068000368678,45.000714999930373],[-72.552116999874173,45.000850000074522],[-72.552194999691991,45.001126999863715],[-72.552256999616262,45.001411000004545],[-72.552306000020067,45.001698999774256],[-72.552440999739275,45.002381999767955],[-72.552460000005865,45.002556000280279],[-72.552557999915152,45.002865000106588],[-72.552588000052367,45.002990999884233],[-72.552617000364691,45.003066000270586],[-72.553885000235994,45.008009999911025],[-72.554306000185477,45.008015000179228],[-72.555384000085979,45.008023000099413],[-72.562230999605717,45.008852000056933],[-72.569078999848699,45.009679999804618],[-72.571832000224603,45.01001300014569],[-72.5739360001471,45.010267000271504],[-72.580346999648754,45.011039000250001],[-72.584740000339949,45.011569000127572],[-72.585889000385578,45.011657999687159],[-72.585946000286995,45.011662000028046],[-72.586092999701762,45.011673000170141],[-72.587780999697642,45.011809000136331],[-72.588141000446072,45.011836000296675],[-72.5883749998995,45.011854999790273],[-72.588467999785891,45.011862999809161],[-72.589708999893034,45.011960999791086],[-72.59576399974253,45.012440999963033],[-72.597004000024754,45.012536999768678],[-72.604298000331553,45.013113000303818],[-72.609747000283662,45.013398000298359],[-72.613184000374773,45.013575999945296],[-72.618198999958622,45.01383799988902],[-72.619045999880441,45.013882000043182],[-72.627150000299139,45.014302000217455],[-72.630599000085851,45.014480999789505],[-72.63465999961771,45.014691000287783],[-72.644611999865887,45.01482899981491],[-72.654564999938955,45.014966000093303],[-72.662523999694386,45.015076000153776],[-72.662552000181805,45.015076000153776],[-72.663661999869362,45.015083999722677],[-72.663676000113071,45.015083999722677],[-72.667605000298778,45.015142999763761],[-72.667700999659942,45.015145000130019],[-72.667796999919389,45.015145000130019],[-72.673425999796549,45.015222000207849],[-72.674677999774332,45.015240000301837],[-72.683983999942114,45.01536499998705],[-72.694602000362138,45.01550800004415],[-72.697516000396533,45.015546999939978],[-72.699847999924643,45.01557800031047],[-72.701849999739892,45.015607999854126],[-72.702638999935402,45.015620000048216],[-72.70344999987222,45.015625000287095],[-72.705060000050295,45.015636000303054],[-72.7142130000572,45.015697000122394],[-72.718026999716855,45.015723000181751],[-72.722160000117071,45.015749999766925],[-72.727501999939051,45.015786999789213],[-72.727792000367273,45.015789000132976],[-72.733897000445481,45.015830000179818],[-72.744608999678547,45.015672999763964],[-72.748168999793307,45.015620000048216],[-72.759117999751112,45.015723000181751],[-72.760834000234397,45.01573800023511],[-72.770065999884025,45.015823999787592],[-72.777301999566191,45.0158900002574],[-72.781761000379646,45.01593100023193],[-72.78481799963086,45.015958999887928],[-72.788159000360835,45.01598899986697],[-72.798930999868318,45.01608600024214],[-72.800742999712767,45.016101999731731],[-72.810446000438901,45.016186000312793],[-72.821304999985017,45.016278999701122],[-72.825413000270899,45.016340000105536],[-72.826835000127986,45.016360999698819],[-72.832202999889219,45.016439000207193],[-72.832623999838717,45.016446000060348],[-72.834796000431552,45.016478000104009],[-72.842287000381859,45.016587999800166],[-72.846984999773284,45.016658000016349],[-72.850057999816343,45.016602000104264],[-72.851673999842191,45.016572999969512],[-72.85390599981119,45.016532999978494],[-72.854843999969617,45.016515999815134],[-72.867110000202558,45.016294999771823],[-72.869071999834816,45.01619099986727],[-72.879054000220208,45.016040999708828],[-72.886063000121652,45.015927000189279],[-72.886303000321163,45.015923000146302],[-72.889035999707275,45.015889000087292],[-72.891832999565807,45.015846999911844],[-72.898572999853741,45.015744000001298],[-72.903193000325672,45.015672999763964],[-72.905313000141689,45.015640999905493],[-72.906364000278018,45.015625999826788],[-72.908672000414995,45.015588999700462],[-72.917705999697901,45.01536600016631],[-72.919726999779712,45.015316000071849],[-72.926457000021898,45.015149999775325],[-72.930639999752529,45.015045999696383],[-72.933187000264112,45.014983000081763],[-72.93615800019991,45.014909999796593],[-72.937247999795972,45.014884000003114],[-72.942731999908176,45.014744999783424],[-72.954798999949475,45.014444000193443],[-72.966866999815679,45.014142000090914],[-72.97364899993643,45.014289000184164],[-72.977050000042553,45.014363000187679],[-72.97801499996514,45.0143850000673],[-72.981775000096462,45.014464999846965],[-72.988885000280249,45.014618000265379],[-72.993177999615725,45.014710000104337],[-72.99599600028894,45.01477000008537],[-72.996665999760452,45.014784000198894],[-73.013968000391941,45.015104000227787],[-73.014380999945487,45.015111999792829],[-73.015276000446207,45.015128999737996],[-73.016243999843553,45.015146000313131],[-73.019331000130293,45.01520299992611],[-73.020961000399865,45.015233000301265],[-73.025192999635934,45.015303999814058],[-73.026038999732876,45.015316000071849],[-73.027598999682226,45.015342000304194],[-73.039471999554763,45.015537000083206],[-73.047562999554685,45.015668000164311],[-73.052246999600726,45.015744000001298],[-73.052358999753707,45.015745999711584],[-73.052479000302625,45.015748000056782],[-73.057349999946425,45.015827000301279],[-73.05968499984759,45.015868999856401],[-73.063234999916602,45.015926000019768],[-73.065349999709753,45.015956000016153],[-73.06672499971117,45.015923000146302],[-73.071177999778527,45.015812999807707],[-73.076577000400221,45.015679999710791],[-73.079533000267418,45.015607000314134],[-73.084418999979803,45.015484999783737],[-73.084465999835459,45.01548400024155],[-73.084861999670593,45.015473999738724],[-73.084907999701343,45.015473000196394],[-73.087456000037832,45.015410999959983],[-73.090815000311153,45.015331999776571],[-73.124872000329603,45.014700000101406],[-73.13357599989962,45.014530999978014],[-73.148799999649569,45.014244999707657],[-73.170150000292423,45.014004999746369],[-73.17041200023327,45.013831999923127],[-73.174070000257302,45.013769999815189],[-73.181638000200508,45.013620999875428],[-73.191632000281473,45.013427999713905],[-73.19233299971512,45.013415000117284],[-73.192598999853899,45.012800000244383],[-73.193045999742651,45.011772000084122],[-73.193671999731521,45.010747000033867],[-73.194157999978344,45.009711000175571],[-73.194766000423883,45.008721000261943],[-73.195917000119323,45.006740000215927],[-73.196357000335396,45.00575799999924],[-73.197058999593949,45.004670000137494],[-73.19783100007102,45.003548999923915],[-73.198688000038587,45.002086000142654],[-73.199467000188349,45.000944999820611],[-73.20002299985704,44.999963999805395],[-73.200555000134614,44.999117000095197],[-73.200786999938202,44.998726999860047],[-73.202541000056314,44.996159999748926],[-73.203136999907983,44.995275999801088],[-73.203409999719455,44.99480600029387],[-73.204552000092391,44.993121999722881],[-73.205101000088376,44.992237999922018],[-73.206319999555888,44.990503999974166],[-73.20698999992571,44.989604999912352],[-73.208086000267883,44.988254000021186],[-73.209205000176283,44.986939000245094],[-73.210000000219566,44.98596000009276],[-73.210550999865376,44.985066999724388],[-73.211083999967855,44.984366000214365],[-73.212350000189346,44.982704999870926],[-73.212885999766542,44.982081000220141],[-73.213865999757758,44.980817999943461],[-73.21531000025449,44.97904100017594],[-73.216296000093493,44.977749999763226],[-73.217036999710118,44.977006000113406],[-73.217978000241573,44.975651999980073],[-73.218649000436315,44.974672000011161],[-73.219443999581301,44.973677000193554],[-73.219935999675883,44.972861000244144],[-73.220103000080471,44.972590000301686],[-73.220112000301299,44.972568999915019],[-73.220676000365913,44.971210999891007],[-73.220934000108784,44.970826999803116],[-73.221401000089003,44.970106000001152],[-73.221970000176483,44.969025999721893],[-73.222533000416178,44.968108000305911],[-73.223267000360124,44.967029000291717],[-73.224137999673061,44.966017000178802],[-73.22473000022508,44.96490099979097],[-73.225685999926867,44.963764000141275],[-73.226395999581342,44.962838999732348],[-73.226631999582906,44.962583999924405],[-73.226726000192542,44.9624400001453],[-73.228409999990461,44.960674000172013],[-73.228964999834247,44.959979999684187],[-73.229645000249803,44.959378000033091],[-73.229711000372035,44.95930799975244],[-73.231426999957009,44.958073999961314],[-73.232606999964773,44.957318000275173],[-73.233648999880273,44.956650000046601],[-73.234653000160932,44.956098000110572],[-73.235843000214444,44.955531999982973],[-73.23690000019856,44.954952999847855],[-73.238164999696806,44.954144999700418],[-73.238328999728353,44.95398700001131],[-73.239128999794502,44.953214999998707],[-73.239821999730552,44.95225300018835],[-73.240378000297554,44.951289000093681],[-73.240667999827465,44.950195999717891],[-73.240944000011993,44.948885999747304],[-73.240887999935495,44.947678000049798],[-73.240667999827465,44.946441999810091],[-73.240410000084609,44.945268000199029],[-73.239952000325204,44.944017999971734],[-73.239493999667488,44.942796000303034],[-73.238778999990132,44.941605999947704],[-73.237949999611644,44.940638999711723],[-73.236673000417838,44.939533999789049],[-73.235807000229428,44.938823000216139],[-73.235018000033918,44.938055000117927],[-73.234249999754809,44.93700800015359],[-73.233964000422844,44.936153999870498],[-73.233863000140516,44.935996999914444],[-73.233761000033269,44.935560999725446],[-73.233521999658663,44.934808000128626],[-73.233222000083018,44.933408999926279],[-73.232964000340161,44.932017999701479],[-73.232443999758161,44.930650999853952],[-73.231833999662783,44.929456000148001],[-73.231032999771713,44.927916999857317],[-73.230858999694433,44.927581999953631],[-73.230776999678667,44.927437000310263],[-73.230353000254453,44.92668799968375],[-73.229928999931929,44.925938000271323],[-73.229908000015527,44.925901999951471],[-73.229318000011659,44.924941000211113],[-73.22840499996758,44.923388000261205],[-73.22772999957489,44.92215299984894],[-73.226834000147562,44.92080600026727],[-73.226125000317992,44.919598000046463],[-73.224910999975052,44.918481000273538],[-73.223816000356109,44.917864000248457],[-73.223679000088751,44.917810999777508],[-73.222082000329479,44.91728499994278],[-73.220768000427427,44.91686800000442],[-73.218812999569536,44.916306999834809],[-73.217506000238473,44.915827999979541],[-73.215944999565892,44.91525400024063],[-73.214507999640176,44.914601000149361],[-73.213175000369873,44.913850000029768],[-73.213078000285492,44.913795000223196],[-73.211647000207563,44.913088999720394],[-73.210315999688746,44.912529999686654],[-73.210177999596482,44.912471999690474],[-73.208610000149505,44.911861999936797],[-73.206964999811333,44.911423000142747],[-73.205696999940045,44.911097000298348],[-73.203957999890534,44.91093400000085],[-73.202500000048431,44.910840000087482],[-73.200506999555714,44.910709000263097],[-73.19885399971993,44.910656000191018],[-73.196976999578169,44.910617000178803],[-73.195348000031828,44.910581999900657],[-73.194501000110009,44.910181000100231],[-73.19409600005406,44.909987000181083],[-73.193020999628288,44.909176999943718],[-73.192309000323974,44.908292999686935],[-73.191736000038546,44.90703200021165],[-73.191316999738888,44.905603000007432],[-73.191276999555924,44.904224999813351],[-73.191279000104046,44.903036000269687],[-73.191274999906085,44.90278999968541],[-73.191280999753872,44.901524999996766],[-73.191329000332757,44.90037699987613],[-73.191386000234175,44.899321999893779],[-73.191445999610309,44.898071000242581],[-73.191530000174211,44.897019000315829],[-73.191619999687589,44.89594900023242],[-73.191736000038546,44.895032999827507],[-73.191799999612641,44.894396999842598],[-73.191993999781403,44.892516999814319],[-73.192263000293224,44.891350999777657],[-73.1926470004328,44.890403000198134],[-73.19303999989485,44.888932999946562],[-73.193439000103027,44.887821999694175],[-73.193887999641589,44.886821000094997],[-73.194400999652586,44.885992000134607],[-73.194956000394669,44.884712999998015],[-73.195338999811014,44.883837999726126],[-73.195670000247119,44.882968999806756],[-73.195932000187938,44.881883999859646],[-73.196144999724964,44.880887999943894],[-73.196282999817228,44.879918999870931],[-73.196343000091673,44.878985999843444],[-73.196344999741498,44.878965000219296],[-73.196227999565636,44.87791000017463],[-73.196339999718646,44.876480999975733],[-73.196431999780131,44.875419999776014],[-73.196852999729614,44.874039999866966],[-73.197650000321048,44.873061999931174],[-73.198304999723945,44.871839000126037],[-73.199211000095318,44.870855000063692],[-73.200123000314477,44.87005800014019],[-73.200987999779656,44.869109000267393],[-73.201992999885221,44.868063000246671],[-73.202735000225076,44.866939999862197],[-73.203331000076744,44.865986000235651],[-73.203555000382721,44.864648999935554],[-73.203562000055399,44.864310000106286],[-73.203587000169776,44.863209000301175],[-73.203509000351971,44.861795000117731],[-73.20369500012481,44.86062700010104],[-73.204063000370851,44.859632000015431],[-73.204115000249374,44.859530000031995],[-73.204777000223274,44.858392999932128],[-73.205335000440101,44.85734900018614],[-73.205594000007878,44.85660899980374],[-73.205713999658485,44.856266000037586],[-73.206116000239703,44.855218000145307],[-73.206442999579522,44.854279000118169],[-73.206683999603953,44.853183999751678],[-73.207055000223036,44.8519479999282],[-73.207285000376814,44.850331000197038],[-73.207508999784466,44.848831999986608],[-73.207609000241916,44.847445999980337],[-73.207553999990324,44.846094999802247],[-73.207122999995093,44.844736999992335],[-73.206764999794814,44.843859000205818],[-73.205912000025194,44.842917999688368],[-73.205543999779167,44.842467000229185],[-73.203875999874782,44.840132000148657],[-73.202919000348089,44.83794099987076],[-73.202869000119378,44.837650000184581],[-73.202714000308688,44.837098000137104],[-73.20259399975977,44.836142000151874],[-73.202766000187211,44.834892999727849],[-73.20322099957356,44.833631000054424],[-73.203833000217074,44.832767999962755],[-73.204933999683789,44.831532999920974],[-73.206097999798033,44.830336999857828],[-73.207046999827114,44.829217000254587],[-73.207372000415447,44.82781800019427],[-73.207419000271102,44.826710999924757],[-73.207574999906726,44.825535000174341],[-73.207962000419315,44.824595000176799],[-73.208681000294632,44.823687999761411],[-73.208759999937357,44.823623000205792],[-73.2098699996249,44.822697999812604],[-73.210820000377211,44.822092000067187],[-73.212212000097082,44.821672999848481],[-73.213827000298025,44.821166999959544],[-73.21511899956046,44.820917000138316],[-73.216874000401816,44.820612000162797],[-73.218379999924494,44.820121999874026],[-73.219778000390463,44.819631000112452],[-73.221163000437627,44.81913000030648],[-73.222646000394093,44.818658000136629],[-73.224127999627328,44.81814999968681],[-73.225271999650076,44.817565000292468],[-73.226369999642088,44.816969000184905],[-73.227467999634072,44.816311000250231],[-73.228902000085057,44.815369999765707],[-73.230062000001325,44.814686000027642],[-73.231088000023291,44.813991000016834],[-73.232262000183269,44.813172000162979],[-73.233550000146067,44.812299999950696],[-73.234869999895906,44.811384999919468],[-73.236086999713592,44.810359000298895],[-73.237029999894901,44.809653999709298],[-73.237763999838819,44.808836000041488],[-73.238559999707036,44.808002000081551],[-73.239401999605974,44.807080000154095],[-73.240494999575105,44.805853999871644],[-73.241241999937827,44.805018000091984],[-73.241882000170406,44.804367999826404],[-73.241948000292666,44.804284000138196],[-73.242077999989007,44.804149999760298],[-73.242913000215268,44.803317000299259],[-73.243714000106337,44.802258000186519],[-73.244378999554968,44.801304000022768],[-73.245098000328596,44.800423999955946],[-73.245746000058816,44.799579000116822],[-73.246380000443608,44.798679999917411],[-73.247210999573596,44.797467999833138],[-73.248012000363005,44.796247000134137],[-73.248804000033232,44.794917999927016],[-73.249532999954297,44.79366000001221],[-73.250204999973931,44.792653000083632],[-73.250738999901316,44.791806000053491],[-73.251350999646505,44.790959999971392],[-73.252046999955581,44.789953000108355],[-73.252688999838014,44.78900900031698],[-73.253093999893963,44.788296000257077],[-73.253139999924713,44.788214000111111],[-73.253190999978344,44.788125000194029],[-73.253466000337966,44.787492000048609],[-73.253586999813464,44.787213999921185],[-73.254746999729747,44.78546600022618],[-73.255179000448194,44.784276000079871],[-73.25557699993314,44.783671999711729],[-73.255911999668896,44.783162000193308],[-73.257252000408542,44.781876999770574],[-73.257095999874608,44.780313000065085],[-73.257090999851741,44.780264000291631],[-73.257089000201915,44.780245000003937],[-73.25719999963168,44.779932999821973],[-73.257407000219246,44.779348999707842],[-73.257444000029167,44.779177999922318],[-73.257609999710525,44.778416000158366],[-73.257942999796441,44.777432000211725],[-73.258312999692308,44.776122000113872],[-73.258706999877603,44.775137999973978],[-73.258885999977736,44.774087999825994],[-73.258916000114951,44.772765999797016],[-73.259009000001384,44.771397999733516],[-73.259000999605476,44.770191000002747],[-73.258966000343676,44.769263999829398],[-73.25883599974901,44.768083000152011],[-73.258566000310594,44.766818999959163],[-73.258367999943886,44.765779999791363],[-73.258161000254631,44.764615999840721],[-73.257971000283845,44.763585999877975],[-73.257494000257864,44.762417999877087],[-73.257074000133301,44.761433999697331],[-73.256481999581283,44.760476000220727],[-73.256013999776158,44.759288999689467],[-73.255297000448962,44.758073000298943],[-73.254747999554652,44.757218000255712],[-73.254038999725083,44.756145000086988],[-73.25335199963682,44.7550910000461],[-73.253231999986241,44.754908000039443],[-73.252534000027325,44.753816999937435],[-73.251942000373603,44.752898999868414],[-73.251267999805833,44.751915999917607],[-73.250707999939166,44.75103400030951],[-73.250133999828833,44.750215999709305],[-73.228854000404468,44.72286600024885],[-73.228856000054307,44.722806000302555],[-73.207413000423315,44.714874999759807],[-73.206934999674118,44.714698000061084],[-73.205770999559888,44.714269000178774],[-73.203952000042761,44.713592999984527],[-73.194095000229169,44.709917000039397],[-73.194081999810365,44.709912999745583],[-73.193936000220475,44.709859999975833],[-73.192685999892532,44.709393000051705],[-73.179447000239378,44.704478999693869],[-73.178765000173996,44.704228000233975],[-73.173862999669765,44.702413000103185],[-73.161778999910027,44.697937999697771],[-73.160681999742934,44.697509000105171],[-73.159038000128007,44.696903000047207],[-73.156801999961019,44.696078000013294],[-73.152801999630213,44.69455099979303],[-73.146889000070928,44.692400000059955],[-73.141349999707145,44.690382999915563],[-73.137479000146072,44.688949999762883],[-73.135165999986228,44.688097000277608],[-73.128712999753446,44.685719000037722],[-73.128196000442827,44.685525000174401],[-73.127617000309598,44.68530999973477],[-73.125975000344468,44.68470799987913],[-73.124643000000745,44.684210999977601],[-73.119748999892437,44.682401999705966],[-73.118851999741892,44.682074999784838],[-73.11515699990791,44.680710000146419],[-73.111015000185176,44.679183999986861],[-73.107561000375625,44.677907000198594],[-73.104351000065222,44.676719000203406],[-73.102822999902912,44.676154999918865],[-73.099225999978231,44.674769000153113],[-73.095542000014888,44.673346000250199],[-73.090163000382987,44.671269000034137],[-73.087856999895834,44.670375000202156],[-73.086312000015099,44.669778999893452],[-73.086216999580529,44.66972299973385],[-73.086179999770621,44.669728000058335],[-73.085974999731206,44.669647999925843],[-73.085911999982017,44.669623999992389],[-73.084223000161217,44.668972000020013],[-73.083575000431026,44.668721999811801],[-73.062545000353623,44.660599999860047],[-73.049339000312443,44.655500000080529],[-73.048187999718664,44.655052000039412],[-73.041781000414971,44.652580000053064],[-73.03807399998712,44.651150000247966],[-73.038027999956356,44.651156999877536],[-73.037834999612514,44.651280999839457],[-73.033733999897677,44.650588000028506],[-73.028971000208927,44.64976599974753],[-73.026261000389027,44.649319999829338],[-73.024327000345863,44.649003000241308],[-73.023836000076187,44.648918000065251],[-73.018208000023961,44.647987999776348],[-73.016365000217363,44.647672000128296],[-73.016002999819122,44.647615000152136],[-73.015057000163097,44.647462000174528],[-73.014945999834993,44.647443999887479],[-73.014190999974673,44.647322999978726],[-73.014166999685244,44.647320000030582],[-73.010764999754215,44.646748999835516],[-73.010608000293686,44.646722000029605],[-73.010393000208552,44.646685000062135],[-73.009419999890014,44.646523000220384],[-73.009291999843484,44.646502000290653],[-73.006222999998414,44.646056000200041],[-73.002185999857659,44.64547999984682],[-73.002088999773278,44.645468000311261],[-73.001923000091935,44.645439999680903],[-73.001190999797814,44.645326999989955],[-72.998670000123838,44.644960000012617],[-72.998428000274487,44.64492600027166],[-72.998357000129374,44.644915999817705],[-72.995074999848953,44.644459000177193],[-72.994325000011514,44.644357000013535],[-72.994210000383788,44.644329999733408],[-72.993656000364922,44.644237999915489],[-72.989275000267583,44.643522000069986],[-72.988353000002675,44.643364000120776],[-72.988346000329983,44.643352000147466],[-72.987870999953842,44.643280999881981],[-72.987819999900196,44.64327300031475],[-72.987542999890778,44.643225999958666],[-72.984007000065461,44.642654000094026],[-72.983525999841518,44.642574999949929],[-72.982792999722491,44.642459999871534],[-72.980889999641477,44.642173999744159],[-72.979282000011537,44.641924999955684],[-72.978541000394912,44.641809000215552],[-72.971308000187477,44.640653999920865],[-72.968678999660114,44.640240000203988],[-72.966615999745542,44.639903000133891],[-72.966325000390697,44.639854999919137],[-72.961827000117509,44.639154999945298],[-72.952407000146906,44.637670999914896],[-72.942531000066722,44.63610600014389],[-72.937231999902465,44.635301000297368],[-72.936096000275626,44.635128999765243],[-72.935769000037467,44.635078999901417],[-72.931676999645148,44.634451999690597],[-72.928613999647837,44.633992000088902],[-72.928313000247286,44.633932999881694],[-72.924410999825753,44.633312999939015],[-72.923984000028483,44.633246000009535],[-72.923777000339257,44.63321400003499],[-72.926414000364204,44.635125000058999],[-72.923968000134963,44.637405000137463],[-72.92506100010408,44.638644999924452],[-72.925338000113527,44.638959000126739],[-72.925513000015698,44.639146999809142],[-72.926414000364204,44.640170000284122],[-72.926547000433601,44.640318999692518],[-72.926242999761655,44.640414000278142],[-72.925632999666291,44.640603999704311],[-72.924256000015035,44.641031999805854],[-72.924235000098662,44.641039000017237],[-72.923819999996951,44.641826999694537],[-72.923758000072667,44.641941999749335],[-72.92455999978867,44.642654999731093],[-72.925918999896567,44.643867999952541],[-72.926652000015594,44.644810000140652],[-72.927240000369636,44.645679000038534],[-72.927278999829397,44.645735999999779],[-72.927160999828601,44.646643000312316],[-72.926668999734005,44.647538000117763],[-72.925845000276723,44.648351999874585],[-72.925292999907668,44.648761000284708],[-72.925065000302041,44.648947999991243],[-72.924836999798103,44.649080999774434],[-72.923516000223344,44.649703000262264],[-72.923501999979635,44.649708999911866],[-72.922639000164281,44.650114999896672],[-72.920972000084817,44.649303999802932],[-72.920264999905058,44.648506000236281],[-72.919560000273464,44.647734999902298],[-72.918795000367382,44.646798999868949],[-72.917842999965259,44.646203000039868],[-72.916300999559255,44.645803999790601],[-72.91503500023606,44.64571400020079],[-72.913514999571376,44.645849000172277],[-72.912164999684293,44.646142999889399],[-72.909896999730279,44.646671999929801],[-72.909371000198817,44.646574000018163],[-72.908500999812475,44.646411000294123],[-72.907254999682465,44.646048999954928],[-72.905601999846681,44.645907000186597],[-72.904286000294803,44.646027000274593],[-72.902970999669506,44.646354999930296],[-72.902010999769772,44.647221999935525],[-72.901698999600242,44.647881999960902],[-72.901435000009613,44.648440000131309],[-72.901103999573479,44.649142999770959],[-72.900813000218676,44.649761999772096],[-72.900075999901688,44.650565000012691],[-72.898634999778025,44.65176600020034],[-72.897463999991089,44.652570000279617],[-72.895724999941592,44.653862999881191],[-72.894395000146005,44.654759000175986],[-72.893225000183989,44.655408000086304],[-72.892522000202192,44.655537000175983],[-72.892049000374172,44.655625999807981],[-72.891861999878117,44.655660000306248],[-72.890923999719689,44.656943999757488],[-72.888716999865039,44.659952999869766],[-72.887309000251648,44.661872999789892],[-72.886232000176051,44.663324999850154],[-72.885960000189485,44.663703000231095],[-72.884772999610732,44.665294999970484],[-72.880113999679054,44.671560999738475],[-72.878795999579026,44.673308000273437],[-72.874088999966759,44.679693999976891],[-72.870881000204506,44.683964999891984],[-72.870739999739186,44.684163000027347],[-72.870687999860664,44.684232000302615],[-72.868354999609323,44.687370000074409],[-72.867383999838935,44.68867499969344],[-72.866340000273624,44.690068999686972],[-72.863687000355128,44.693599000127577],[-72.862155999819777,44.695707000058476],[-72.859731000405247,44.699100000318623],[-72.859225999891848,44.699784999940526],[-72.85918900008194,44.69983999985233],[-72.858210999740535,44.701134999743985],[-72.857897999746086,44.701550999968092],[-72.857152000106609,44.702538000132023],[-72.856080999878785,44.703982000246583],[-72.855716000005785,44.704472999966214],[-72.855397999988497,44.704903000155674],[-72.853675999657426,44.707203000164675],[-72.850874999600933,44.71100500011147],[-72.850792999585167,44.711123999786231],[-72.843686999599342,44.708624999924183],[-72.839749000091118,44.707241000255152],[-72.839237999729946,44.707061000143398],[-72.83781400022302,44.706559000180121],[-72.832232000201529,44.70459800001651],[-72.831660999565912,44.70439699995697],[-72.830744000222211,44.704072999906941],[-72.827160999642899,44.702814999893178],[-72.824598000136106,44.701911999950404],[-72.822300000044848,44.701105000005164],[-72.817061999979956,44.69925399997409],[-72.80741400040371,44.695782999981191],[-72.800195000439999,44.693170999723783],[-72.797364000246276,44.692158999932111],[-72.795959999932506,44.691652000040648],[-72.793219999975406,44.69066899985458],[-72.793059000316916,44.691212999725927],[-72.79297700030115,44.691677999930178],[-72.792327000022823,44.694293999932327],[-72.792384999749132,44.696112999765838],[-72.791670999896709,44.697004999729536],[-72.791393000062357,44.698168999831928],[-72.791163999733499,44.699117999893176],[-72.790779999593937,44.700673999785984],[-72.79048900023912,44.701887000079019],[-72.790245999666553,44.702962000124749],[-72.789977999877962,44.704129000068875],[-72.789704000241571,44.705370999746137],[-72.789288000314968,44.707252999774532],[-72.789052000313418,44.708203000116463],[-72.788823999809466,44.709140000018827],[-72.788012999872649,44.712178999984602],[-72.787344000226042,44.71463199999156],[-72.786736999605409,44.716880999788508],[-72.786468999816805,44.71786300028468],[-72.786177999563677,44.718926999768442],[-72.78581000021596,44.72018699983883],[-72.7839330000742,44.727363999944956],[-72.783654000414941,44.728418000123561],[-72.783210999825826,44.730086999905105],[-72.782395999691047,44.733047999983377],[-72.781890000251096,44.734919000179637],[-72.78040100044683,44.740231000151795],[-72.78032600010377,44.74049800016676],[-72.779388999770248,44.74383199972182],[-72.774487999989248,44.743182999950697],[-72.774394000277894,44.743169999769748],[-72.773378000301676,44.7470349999356],[-72.768592000148402,44.764996000106258],[-72.767904000235234,44.764898000035295],[-72.767283000269217,44.764815999822105],[-72.766010000375019,44.764644999734223],[-72.758550000386862,44.763640999742528],[-72.757820999567485,44.766429000312421],[-72.755047000173505,44.777033000068471],[-72.750312000073848,44.776378000165003],[-72.750169999783623,44.776363000036362],[-72.749686999909869,44.776313000217129],[-72.745788999686283,44.775902999939163],[-72.746566000186235,44.786252999796893],[-72.746818000081319,44.789734000116631],[-72.746849999868374,44.790089000232214],[-72.746714000324232,44.790196999877331],[-72.740615999918731,44.794990000063336],[-72.73142199990393,44.802213000202556],[-72.729097000048512,44.804038999977315],[-72.725807000270478,44.803940999876552],[-72.72337199991189,44.803865999947163],[-72.722006999956193,44.803828000243179],[-72.714170000399491,44.803593999937519],[-72.706861999848982,44.803367000313933],[-72.703608999880871,44.803266000188643],[-72.698289999625118,44.803100000141335],[-72.695385999636457,44.803010000177089],[-72.68685699996864,44.802745999811947],[-72.678379000354411,44.802482000150924]]]},"properties":{"NAME":"Franklin County","BASENAME":"Franklin","GEOID":"50011","STATE":"50","COUNTY":"011"}},{"type":"Feature","geometry":{"type":"Polygon","coordinates":[[[-72.559708000281901,44.162913000216172],[-72.559667000274032,44.162899000255138],[-72.559354000279569,44.162803000064557],[-72.556733000148142,44.162001000048114],[-72.55451899972249,44.161323999860691],[-72.551326999853771,44.160422000103857],[-72.549967999745832,44.160038999865783],[-72.549624999614181,44.159940000264768],[-72.538867000350365,44.156924000167919],[-72.53885200028175,44.156919999865408],[-72.538679000029404,44.156870999843477],[-72.538603999686345,44.156850000005811],[-72.53857199989929,44.156840999796813],[-72.538345999943473,44.156776999990029],[-72.536715999673916,44.156345999725062],[-72.534730999577121,44.155783000041211],[-72.533329999636408,44.155379999883451],[-72.532732000134928,44.155213999836931],[-72.532488999562361,44.155145999776273],[-72.53177800008298,44.154941999768567],[-72.525985000174302,44.15324199977865],[-72.524270000414248,44.152740999897773],[-72.521937999987813,44.152059000145776],[-72.521859000345103,44.152037000209674],[-72.521448000441367,44.151924000086375],[-72.521236999655855,44.151864999782056],[-72.520830999774986,44.151753000298378],[-72.519481999712823,44.151381000280729],[-72.519126999885586,44.151280000313065],[-72.519096999748356,44.151274999940021],[-72.518861999571712,44.151210000208486],[-72.517821000379428,44.150922999814227],[-72.511755999585887,44.149242999679437],[-72.507679000160479,44.14811400005933],[-72.507045999600578,44.147936999790147],[-72.50635799968741,44.147746999693425],[-72.505155000113419,44.147412000119573],[-72.503348000291879,44.146883999715676],[-72.502648999609733,44.146675000037085],[-72.499588000160557,44.145797999705778],[-72.496039999741356,44.144784999812998],[-72.494828999771443,44.144438999770884],[-72.493344999990072,44.144015000255365],[-72.492575000061137,44.143795000194594],[-72.492467999931009,44.143764999946995],[-72.492433999595832,44.143756000320984],[-72.492400999983857,44.143747000048961],[-72.491949000072253,44.14362499987913],[-72.481677999981855,44.140860999995695],[-72.481012999634899,44.140682000162087],[-72.478747000229021,44.140071999934129],[-72.478045000072157,44.139852999888411],[-72.47791299982768,44.139820999807846],[-72.477855000101357,44.139802000114408],[-72.475117999618988,44.138955000308535],[-72.474731000004681,44.138833999804866],[-72.474660999684474,44.138812000096884],[-72.474623999874552,44.1388009999175],[-72.474608999805952,44.138795999776676],[-72.47442600040614,44.138738999688528],[-72.474382000025216,44.138718999746374],[-72.474366000131695,44.138711999797252],[-72.472303000217096,44.138127000195034],[-72.471760000068883,44.137973000223212],[-72.469718999895591,44.137393999929358],[-72.469461999977639,44.137320999701934],[-72.459929000029135,44.134597000092448],[-72.455804000024841,44.133420000018312],[-72.455537999886076,44.133344000061264],[-72.450061000344874,44.1312969998433],[-72.444569999661681,44.129248000123873],[-72.444433000292648,44.129201999881403],[-72.443376000308533,44.128800000134518],[-72.438012999671827,44.148906999844158],[-72.438009000372205,44.148925000102501],[-72.437702000225514,44.150001999984383],[-72.437412999622211,44.151152999859491],[-72.437303000017351,44.151580000004856],[-72.437204000283145,44.151962999719899],[-72.436917000227979,44.153085000301829],[-72.436786999633327,44.153620000134886],[-72.436540999586015,44.154590000245349],[-72.43640199966886,44.155184000236872],[-72.435255000171367,44.159361999720538],[-72.434558999862276,44.162097000254875],[-72.433516999946775,44.166149999733932],[-72.432661999629019,44.169533999802603],[-72.432659000154302,44.169545000053851],[-72.432317999672449,44.170824999819175],[-72.431665999744297,44.173260999740137],[-72.430818999822463,44.176534000076991],[-72.430814999624474,44.176549999831273],[-72.430798999730968,44.176613000190571],[-72.430068999984996,44.179432999763272],[-72.429503000270572,44.181690999740482],[-72.429257000223274,44.182690000226991],[-72.428308000194193,44.186334000226182],[-72.427631000151678,44.18893199999021],[-72.426882999964064,44.191802000018512],[-72.424348999871242,44.201621999993066],[-72.424023000356343,44.202894000042683],[-72.42267400029418,44.207937999895428],[-72.422680999966857,44.207957000186852],[-72.422675999943991,44.208009999679469],[-72.422675000119085,44.208018999807301],[-72.422068000396777,44.210178999723816],[-72.421690000105002,44.211575999948138],[-72.42118899978955,44.213427999752987],[-72.41933299956419,44.220280000276773],[-72.419197000020077,44.220781000064264],[-72.414275000322661,44.219101000313024],[-72.414073999582897,44.219032999876262],[-72.413732999999368,44.218917999687882],[-72.405092000178541,44.216004000126375],[-72.403803000390823,44.215571000259921],[-72.403332000212643,44.215413000048088],[-72.398833000114521,44.213908999684826],[-72.398033999873292,44.213642000118121],[-72.397366000051591,44.213418999807857],[-72.397299999929359,44.213396000299511],[-72.397167999684868,44.213351999815295],[-72.39681299985763,44.213233999700698],[-72.390610999695042,44.211159999697301],[-72.387926999814411,44.210261999725503],[-72.387465999681979,44.210107999994136],[-72.387108000379996,44.209987999857432],[-72.386463999949427,44.209771999767923],[-72.380256999763972,44.207695000135317],[-72.376848000160265,44.206555000215907],[-72.374996000132839,44.205934999831662],[-72.374458999832413,44.205755000305025],[-72.368880000183978,44.203888000091048],[-72.363282000268967,44.211347999753592],[-72.362915999672765,44.211836000222476],[-72.357974999708773,44.218420000299346],[-72.357027000402923,44.219678999889204],[-72.354345999997037,44.223246999963315],[-72.350607999607021,44.228212000252007],[-72.343274000015569,44.237822000147403],[-72.336869000361702,44.246215000041396],[-72.336583999956332,44.246424000250009],[-72.335387000230142,44.24730099971714],[-72.335094000327189,44.24751499986246],[-72.333122999575778,44.250043999706492],[-72.331761999818056,44.251895999730372],[-72.329662000093521,44.254754000214838],[-72.32964399965185,44.254778000157224],[-72.326630999883264,44.258795999694776],[-72.323540000296873,44.262919000180013],[-72.319948000395044,44.267773999790798],[-72.319478999866675,44.268392000019119],[-72.316651999870913,44.272227999996552],[-72.316697999901677,44.280350999966387],[-72.316808000404848,44.294284000057438],[-72.31681599990246,44.295133999729067],[-72.316821999750232,44.295890999974425],[-72.316835000169021,44.298251999679884],[-72.31683400034413,44.298780999960485],[-72.312514000346155,44.302623000106991],[-72.309068999859107,44.30568299998464],[-72.308021999920754,44.306613999705938],[-72.307710999576116,44.306890999803365],[-72.307543000244948,44.307040999781691],[-72.307347000426361,44.307209999765142],[-72.305984999945409,44.308426000264021],[-72.305866999944641,44.308529999687067],[-72.305835000157586,44.30855799982168],[-72.305748999943859,44.308634999801527],[-72.305456999865811,44.308885999852684],[-72.300063999990215,44.313687999710069],[-72.298590000254578,44.314996999768603],[-72.295984000191751,44.317312999891413],[-72.294570999657182,44.318568999941007],[-72.292276999763899,44.320607000195146],[-72.291880999928779,44.320956000210309],[-72.28965999983042,44.322930999885614],[-72.289258000147527,44.323290000046356],[-72.288709999976433,44.323777000061199],[-72.285882999980686,44.326305999978224],[-72.285719999774059,44.326420999717506],[-72.284108999771078,44.327557000105081],[-72.283928999846026,44.327684000146739],[-72.283887999838129,44.327713000046835],[-72.283691000194651,44.327877000098461],[-72.282025999764997,44.329271999897593],[-72.2804420004245,44.33076599986061],[-72.28039499967052,44.330810999772325],[-72.277084999801005,44.333937999748883],[-72.27513200038959,44.33578400016119],[-72.275118999970786,44.335795999970991],[-72.274771999641146,44.336110999882457],[-72.271233000341098,44.339317000216376],[-72.271132999883676,44.339419000085655],[-72.270995999616318,44.339559000171612],[-72.270424999879012,44.340075999942108],[-72.270127999778097,44.340384999913674],[-72.269988000036008,44.340530999683047],[-72.269224999779766,44.341543000165217],[-72.267559000423503,44.343754000109207],[-72.267524000263407,44.34380100024282],[-72.255709000117179,44.359530999984564],[-72.255662000261538,44.359581999696772],[-72.254519999888601,44.361127000310567],[-72.25415300036579,44.361612000234139],[-72.253424000444724,44.362584000149468],[-72.252983000403788,44.363171999802056],[-72.252086000253229,44.364367999810817],[-72.251300000430774,44.36541600027995],[-72.250882999780927,44.365970999946271],[-72.249999999874092,44.367147999729291],[-72.249372000235397,44.367985000281735],[-72.248620999674714,44.368983000270347],[-72.247998999883777,44.369810000042662],[-72.24796399972368,44.369843000266506],[-72.247915000218185,44.369912000149071],[-72.247715000201637,44.370188000150804],[-72.247245999673282,44.370810999845155],[-72.246997000151239,44.371142999720348],[-72.245838999884811,44.372681999828494],[-72.243936999628673,44.375212000161902],[-72.241999000285858,44.377814999975229],[-72.240133000014751,44.380321999700222],[-72.240057999671677,44.380422000173773],[-72.239984000051834,44.38052100018546],[-72.236355000340083,44.385395000133244],[-72.234728000443582,44.387577999687267],[-72.232286000412287,44.390857999779833],[-72.228213000286544,44.396321999852525],[-72.228167000255795,44.396382999824709],[-72.228128999722642,44.396434000184115],[-72.227864000307093,44.396789000145255],[-72.227840999842542,44.396819999902213],[-72.227783999941138,44.396897000179877],[-72.227423000266114,44.397381999791421],[-72.226191000379828,44.399033000057628],[-72.225460999735546,44.400012999867521],[-72.225445999666931,44.400033000308348],[-72.225434999796278,44.400048000313575],[-72.223551999806716,44.402569999696972],[-72.222961999802834,44.40336200029013],[-72.22265399983128,44.40377199989392],[-72.222441000294253,44.404060000042008],[-72.220055000339471,44.407223999881928],[-72.218491000192145,44.409370999781608],[-72.217077999657576,44.411311000060834],[-72.217446999728509,44.411616999837328],[-72.217825000020284,44.411888000179381],[-72.21850700008568,44.412101999988451],[-72.21869500040664,44.412358999701745],[-72.218790999767791,44.412693999974529],[-72.218873999608491,44.412886000035783],[-72.219167000409755,44.413063999970717],[-72.21961199975037,44.413138000202345],[-72.219836999881267,44.413097999932667],[-72.22006799985995,44.413095000087793],[-72.220065000385205,44.413265999983146],[-72.22008499957839,44.413463999743904],[-72.2203039998615,44.413641000119462],[-72.220764999993932,44.413796000294816],[-72.221236999997032,44.41411299999919],[-72.221658999771435,44.414196000194607],[-72.22194500000171,44.41416500001943],[-72.2220079997509,44.414165999735545],[-72.222042000086091,44.41424100021262],[-72.22197400031402,44.414429000198623],[-72.221888999925213,44.414597999984217],[-72.221887000275387,44.414740999865522],[-72.222082000269054,44.414935000312184],[-72.222140999820283,44.415178999834495],[-72.221961999720151,44.415346999681674],[-72.222011000123956,44.415607999942019],[-72.222272000239855,44.415802999767124],[-72.222648999808385,44.416055999880712],[-72.222524999959845,44.416251000136796],[-72.222274999714585,44.416353000179562],[-72.221919999887348,44.416478999986694],[-72.221702000327454,44.416508000224731],[-72.221566999709935,44.416524000172856],[-72.221353000347989,44.416419999790001],[-72.221269999609021,44.41623799979773],[-72.220929999850384,44.416049999852618],[-72.220642999795217,44.416079000303419],[-72.220375999831518,44.41620700006343],[-72.220161999571275,44.416480999981452],[-72.220205999952199,44.416652999915691],[-72.220376999656423,44.41690099993],[-72.220699999696606,44.417493999759174],[-72.220899999713154,44.417768999717389],[-72.221257000088542,44.417938999767948],[-72.221355999822748,44.418203000232957],[-72.221118000171359,44.41841300017461],[-72.220846000184793,44.418442999738062],[-72.2203039998615,44.418339000201769],[-72.219805999919132,44.418101999858017],[-72.219461999962547,44.418138999685283],[-72.21931200017471,44.418368999803235],[-72.219345999611591,44.418649000259961],[-72.219554999848953,44.418978000061742],[-72.219698999789003,44.419368999952098],[-72.220061000187243,44.419833000274096],[-72.220507000251075,44.420405999997243],[-72.220581999695852,44.420651000034901],[-72.220443999603575,44.42073800027265],[-72.220389000250321,44.420761000136864],[-72.220137000355237,44.42087400011944],[-72.220114999715605,44.421162000109391],[-72.2203189999301,44.421328999854666],[-72.220626999901683,44.421525000080635],[-72.220925999652437,44.422073000119262],[-72.221144000110641,44.421942999919231],[-72.221454999556954,44.422022999879154],[-72.221406000051445,44.421913000226802],[-72.221363000393737,44.421839999777568],[-72.221103999927664,44.421581999797198],[-72.221474999648422,44.421667000115413],[-72.221514999831399,44.421789999979723],[-72.221555000014362,44.421831999889768],[-72.221605000243073,44.422071999896737],[-72.221718000220989,44.422415999728457],[-72.221931999582907,44.422836000031275],[-72.222268000041893,44.423122999775302],[-72.222420000377866,44.423084999688932],[-72.222452999989827,44.423078000176837],[-72.222534000180673,44.423056999710752],[-72.222295999630987,44.42269199984576],[-72.222534000180673,44.422679000297215],[-72.222870999566268,44.422714000012888],[-72.222974000396732,44.422699000045647],[-72.222977999696383,44.422528000146997],[-72.222940999886433,44.422356000172094],[-72.223033999772866,44.422142000034029],[-72.223776999937627,44.422169000229523],[-72.224026000357966,44.422076000145168],[-72.2242110003059,44.421987999749746],[-72.22428999994861,44.42195000020881],[-72.224438999911527,44.421879000257434],[-72.224726999791628,44.421876999805718],[-72.224763999601535,44.422048999906686],[-72.22498200005974,44.422016999821757],[-72.225037000311332,44.421965999950999],[-72.225218999886209,44.421681999705847],[-72.225232000304985,44.421465999842816],[-72.225218999886209,44.421295000187222],[-72.225305000099937,44.421036000127955],[-72.225228000107023,44.420880999895417],[-72.225198999794728,44.420727000139117],[-72.225444000017092,44.420499000171709],[-72.225548999599084,44.420476000204438],[-72.225774999554915,44.420425999881694],[-72.22613299975518,44.420443999900151],[-72.226304000357729,44.420366999817979],[-72.226355000411345,44.420206000135032],[-72.226309000380596,44.420078999761529],[-72.226430999681028,44.419983000069038],[-72.226728999606848,44.41989999974674],[-72.226993999920722,44.419798999736692],[-72.227135000386028,44.419567999845633],[-72.227203000158099,44.41938999981808],[-72.227363999816561,44.419339999849797],[-72.227487999665129,44.419330999992127],[-72.227836999644595,44.419306000308943],[-72.228219999959236,44.419315000170457],[-72.228383000165863,44.419444000172071],[-72.228501999991536,44.419538000217784],[-72.228543999824339,44.419853999973434],[-72.229014000177614,44.420234999807803],[-72.228993000261227,44.420631999833041],[-72.22898700041344,44.420741999970751],[-72.228980999667328,44.420856000233364],[-72.228973000169717,44.421007000210885],[-72.228994000086132,44.421168000254482],[-72.22898700041344,44.421198999925032],[-72.228984000040384,44.421214999872738],[-72.228995999735943,44.4214489997306],[-72.228924999590831,44.421709000113829],[-72.228650999954468,44.421919000294864],[-72.228444000265213,44.422047000102417],[-72.22835700022658,44.422099999705082],[-72.228188999997101,44.422204000250574],[-72.227803000207714,44.42229400011675],[-72.22714200005872,44.42226099994668],[-72.227060000042968,44.422257999930274],[-72.227040999776378,44.422262000165929],[-72.227025999707763,44.422265000182136],[-72.227003000141551,44.422269999994882],[-72.226973999829227,44.422276000026308],[-72.226681999751179,44.422338000100737],[-72.226465000016205,44.422459000046274],[-72.226280999893177,44.422445000229764],[-72.2261970002276,44.422330000281093],[-72.22589699975363,44.422463999842478],[-72.225637000360948,44.422645999702837],[-72.225217000236398,44.422852000172576],[-72.224934000379164,44.422972000130351],[-72.224859000036091,44.42315000015931],[-72.224823999875994,44.42335499993569],[-72.224696999654384,44.423378000053532],[-72.224588999699364,44.423395000246344],[-72.224237000245168,44.423430999732723],[-72.224022000160005,44.423381000012412],[-72.224017000137124,44.423238000088766],[-72.224131999764865,44.423113999858366],[-72.224016000312233,44.422939999909055],[-72.223877000395049,44.422930999963953],[-72.223761000044107,44.4229249999998],[-72.22342700013327,44.423195999905666],[-72.223220000444016,44.423497000016575],[-72.223175000238186,44.423671000232744],[-72.223141999727915,44.423800999798175],[-72.223335999896662,44.424066000287127],[-72.223498000278369,44.424314000295752],[-72.223515999821714,44.424565999971804],[-72.223806000249937,44.424887999901756],[-72.2239440003422,44.424939999963165],[-72.224326999758546,44.425094000169857],[-72.225196000319997,44.425435999852766],[-72.22584999989796,44.425695000307201],[-72.229081000124765,44.426957000035806],[-72.229472999761924,44.4271060000207],[-72.229831999787123,44.42725299999961],[-72.231142000389553,44.427765999713756],[-72.233637000124276,44.428744999806426],[-72.235002999904879,44.429282999815719],[-72.236586000318781,44.429891999933098],[-72.241883999759821,44.431940000154128],[-72.242863999751037,44.432316999934372],[-72.244882000358118,44.433096000108073],[-72.249510000327646,44.434962000230904],[-72.251554999800575,44.435763000172166],[-72.25182500013733,44.435868000128863],[-72.251986999620712,44.435929999898633],[-72.252403000445639,44.436092999858879],[-72.260193999971605,44.439143999957402],[-72.261579999843676,44.439686000132703],[-72.26563000040322,44.441256000170441],[-72.268613000034591,44.442404000269676],[-72.269863000362534,44.442883999683843],[-72.276411000131532,44.445403999886345],[-72.278152999655788,44.446074999940073],[-72.286191999777159,44.449155999993984],[-72.288336999707539,44.449980000208548],[-72.29673700040226,44.453208000220613],[-72.299452000245012,44.454251999728868],[-72.300243999915267,44.45455700015124],[-72.300763999598942,44.454758999783202],[-72.304595999700283,44.456217999849812],[-72.311397000087581,44.458801000042016],[-72.317543999998591,44.461152000233561],[-72.319059999567031,44.461944999973475],[-72.321380000297893,44.463159000313965],[-72.32584699971062,44.464483000286165],[-72.325905000335268,44.464500000061527],[-72.333621000416471,44.467441000156938],[-72.337185999655787,44.468803999748324],[-72.337634000267769,44.468975000141775],[-72.341139999955857,44.470314000189113],[-72.344064999860905,44.471430999755469],[-72.346763999810122,44.472460999709178],[-72.35060599995721,44.473935999982402],[-72.351308999938993,44.474204999907556],[-72.353765000213983,44.475148999703983],[-72.355007999970937,44.475636000128802],[-72.356196000374624,44.476077999887735],[-72.360738000130425,44.477817000129868],[-72.361734999840081,44.478199000129976],[-72.36700800006507,44.480234000076905],[-72.368390999564113,44.480751999848003],[-72.373335999726052,44.482650000057312],[-72.374555000091874,44.483118000294354],[-72.374807999811878,44.483214999909386],[-72.374915999766898,44.48325600007481],[-72.375900999780995,44.483633999835909],[-72.376871999551383,44.484006000251256],[-72.379748999775856,44.485107000114191],[-72.381228000432685,44.485677000038145],[-72.381363999976799,44.485728999830464],[-72.381435000121911,44.485756999896587],[-72.381536000404239,44.485796000012101],[-72.3838279997494,44.486666000099405],[-72.388209999671631,44.488336000223178],[-72.390346000279479,44.48915900019643],[-72.40262699968271,44.493890000222734],[-72.403240000151115,44.494137000249466],[-72.403999000209424,44.494441999900026],[-72.405436000135126,44.494980999997821],[-72.408781000164723,44.496264999832242],[-72.410969999577716,44.497103999722285],[-72.414268999576578,44.498369999871507],[-72.418102000401134,44.499836999887293],[-72.42114699995679,44.50101000027135],[-72.424230999870488,44.50218999976601],[-72.425897000125047,44.50284000009664],[-72.426159999890771,44.502943999784549],[-72.426251999952271,44.502979000105981],[-72.426951999561027,44.503166000222606],[-72.434682999710844,44.505238999715765],[-72.434116000171485,44.506018999835334],[-72.434315000363114,44.506097999915077],[-72.435876999962304,44.503988000319779],[-72.436445000224865,44.503220000028186],[-72.43884299987522,44.499978999878351],[-72.439806000147996,44.498529999900668],[-72.442695000068042,44.494173999989542],[-72.442767000038074,44.494059999883817],[-72.450247000117727,44.484056999808047],[-72.453678000361037,44.479468999984618],[-72.456979999834644,44.475067000129037],[-72.459165999772907,44.472144999791773],[-72.459185999864374,44.472119000257933],[-72.459206999780776,44.472089000041763],[-72.459262000032354,44.4720140000749],[-72.459318000108865,44.471939000011709],[-72.460092000235747,44.470903999681418],[-72.461344000213543,44.469231999820799],[-72.462082000355423,44.468248000120035],[-72.462144000279693,44.468164999748829],[-72.46224700021186,44.468003999681009],[-72.462566000054082,44.467593999820252],[-72.464700000113808,44.464751000052658],[-72.466065999894411,44.462855000108441],[-72.467250999925028,44.461235000318098],[-72.468396999597616,44.459887999930679],[-72.46870700011732,44.459464000204868],[-72.471206999874937,44.456247999887523],[-72.472803999634195,44.454286000102925],[-72.47447699956146,44.452244999986277],[-72.47553299972067,44.450625000151135],[-72.475932999753752,44.450010000244504],[-72.476711999903529,44.449088000306908],[-72.477374999702334,44.44830599981843],[-72.478372000310316,44.447112000137352],[-72.478718999741616,44.446695999684451],[-72.48128399979656,44.443619999976477],[-72.482734000141065,44.441741000108912],[-72.484741999804086,44.439134999941679],[-72.485089999958618,44.436769000236218],[-72.489990999739632,44.430191000039308],[-72.490367000381582,44.429689000171372],[-72.492913000169935,44.426292000079762],[-72.493242000057919,44.425828999854055],[-72.49356099990014,44.423977000130975],[-72.495695999784772,44.42509499969912],[-72.496862000447138,44.425710000147269],[-72.502476000255683,44.428671000080691],[-72.503709999791795,44.429321999820665],[-72.506669000032034,44.430889999779886],[-72.507637000327691,44.43140399971017],[-72.509877999619206,44.432595000217106],[-72.51080200043225,44.433085999768153],[-72.51116399993218,44.433276000160951],[-72.511347000230288,44.433373999892552],[-72.511753000111142,44.433585999914627],[-72.512020999899761,44.433727000135839],[-72.512316000350836,44.433882000304962],[-72.51297699960152,44.434234000031104],[-72.5139530002931,44.434753000085749],[-72.516218999698978,44.436043000065034],[-72.518587000110415,44.437272000187704],[-72.518731000050465,44.437346999888604],[-72.518781000279176,44.437372000195097],[-72.518814999716056,44.437390000126989],[-72.520230999725371,44.43812499977043],[-72.522102000019345,44.439097000002349],[-72.526770999996771,44.441582000066212],[-72.531624999922101,44.444183000254164],[-72.532814999975614,44.44481099970649],[-72.533851999868247,44.445340000259456],[-72.533876999982596,44.445353999722897],[-72.533921000363534,44.445378999809975],[-72.534442999697035,44.445672999826094],[-72.534636999865782,44.44577600029757],[-72.534697000140255,44.44580800020163],[-72.535343000220621,44.446149999884817],[-72.536945000002774,44.446997999777587],[-72.5381939996075,44.447658999707855],[-72.538858999954456,44.448013999785616],[-72.540083000343159,44.448668000107759],[-72.541983000051118,44.449683999925341],[-72.543257999595127,44.450365999879757],[-72.544502000075326,44.451032000089299],[-72.544608000380521,44.451088999887304],[-72.544714999612339,44.451142000088346],[-72.544943000116277,44.451269000301771],[-72.545071000162793,44.451337000014682],[-72.545410999921415,44.451515000227488],[-72.54643500029357,44.452051000236125],[-72.547182999582901,44.452472000178105],[-72.547452999919628,44.452601000105801],[-72.552300000172281,44.455198000297599],[-72.557580999894896,44.458017999838596],[-72.558703000176337,44.458617000089653],[-72.560000000359949,44.459302999862324],[-72.560870999672929,44.459775999939438],[-72.560882000441865,44.459781999967277],[-72.560899000160305,44.459781999967277],[-72.565400999733157,44.462231999998757],[-72.566487999854488,44.462806000304667],[-72.570049999619087,44.464706999945761],[-72.570598999615086,44.465002999734601],[-72.577537000269743,44.468733999731434],[-72.580175999944515,44.470166000165236],[-72.582722999557788,44.471540999789823],[-72.585176000358047,44.472861000055822],[-72.585366000328847,44.472962000027124],[-72.589829000441952,44.475356000283767],[-72.591408999584459,44.476202999834442],[-72.594602000176451,44.477915000133514],[-72.595864000199967,44.478607000052804],[-72.596623000258234,44.479023000078072],[-72.596896999894625,44.479172999846519],[-72.597234000178517,44.479356999745178],[-72.597285000232148,44.479385000305932],[-72.597336000285779,44.479326000161713],[-72.597532000104351,44.479058999903842],[-72.597773999953688,44.478731999709559],[-72.598909999580513,44.477222999698988],[-72.59979900023346,44.475125000137382],[-72.600096000334375,44.474382000311472],[-72.600277000084347,44.473977000258422],[-72.602331999603024,44.471090000062389],[-72.603786999970396,44.46919999992992],[-72.605278000322784,44.467259000047768],[-72.606535000323433,44.465501999721305],[-72.607003000128572,44.464848000069203],[-72.60747400030678,44.464176000134977],[-72.607782000278362,44.463757000244762],[-72.607915000347731,44.463571000217158],[-72.608577000321645,44.462644000032697],[-72.609403000327063,44.461489999716051],[-72.609731000390127,44.461031999810004],[-72.611353000263776,44.458758999769444],[-72.611435000279542,44.458644000105039],[-72.612083000009733,44.457736999854397],[-72.612924999908685,44.456558999862025],[-72.615337999627656,44.453181999946743],[-72.616042000332683,44.452196999962659],[-72.616266999565269,44.451880999997982],[-72.620295000383493,44.446244999762115],[-72.623826000185929,44.441276999870311],[-72.624326999603042,44.440584999922585],[-72.62468099960536,44.440097000266242],[-72.625513000356904,44.438925999969626],[-72.62616500028507,44.438004000183],[-72.626940000236871,44.436910999801711],[-72.627654999914228,44.435902000300388],[-72.629007000349418,44.433994999941532],[-72.629554999622201,44.433219999690742],[-72.63048299973488,44.431914000035405],[-72.630580999644181,44.431775000043324],[-72.631784000116468,44.430077000018329],[-72.633624000448322,44.42748200005942],[-72.634848999763605,44.425755000285903],[-72.636337999567843,44.423651999729195],[-72.637824999722255,44.421554999972166],[-72.639233000233972,44.419567999845633],[-72.640179999714917,44.418232999904198],[-72.640701000121837,44.417497000019985],[-72.642295000406378,44.4152460001484],[-72.643988000425111,44.412856999926575],[-72.644811000057501,44.411693999891746],[-72.647965000291421,44.40726200000865],[-72.648029999690422,44.407172999943249],[-72.648072000421536,44.407114999820507],[-72.648079999919133,44.407103999691138],[-72.648428000073693,44.406624000316732],[-72.64931299963034,44.4054000000638],[-72.650147000031708,44.404243999839956],[-72.650743999708268,44.403416000042206],[-72.651337999910112,44.402593000289194],[-72.651932000111955,44.401768999941012],[-72.652526000313799,44.400947000065749],[-72.652688999622086,44.400719999939845],[-72.65271899975933,44.40067699968106],[-72.652815999843696,44.400535000019978],[-72.653092999853129,44.400127000106458],[-72.653369999862562,44.399719999878172],[-72.653646999872009,44.3993149999678],[-72.653928000079389,44.398902000005776],[-72.654103999806509,44.398644000231627],[-72.654201999715795,44.398499000177615],[-72.654222999632196,44.398469999995349],[-72.654242999723664,44.39844199978355],[-72.654288999754414,44.398372000158282],[-72.654316000416927,44.39833100007295],[-72.654333999960258,44.39830599975636],[-72.654339999808059,44.398296999870844],[-72.654424000371961,44.39833200005971],[-72.657376000041182,44.39953699993778],[-72.660450999734039,44.400792999799357],[-72.663533999822846,44.40205200006519],[-72.664563000217882,44.402472000309231],[-72.666612999713678,44.403319000047766],[-72.66970900022126,44.404603000067738],[-72.672792000310039,44.405880999713474],[-72.674560999598469,44.406613999940291],[-72.675307000136286,44.406927000067398],[-72.675877999873578,44.407168999958749],[-72.677187999577683,44.407715999951307],[-72.678391000049984,44.408226000303664],[-72.678447999951388,44.408245000044687],[-72.679908000341626,44.408857999724717],[-72.68143499978072,44.409496000076949],[-72.682022000309843,44.409726999971028],[-72.682514000404453,44.409934000184514],[-72.68434999964002,44.410685999906811],[-72.685234000270071,44.411049000103944],[-72.68663100001281,44.4116210001593],[-72.688863999806728,44.412534999827635],[-72.689340000007789,44.412731000015299],[-72.689724000147351,44.412886999773768],[-72.691879000123464,44.41376600027224],[-72.692361000172298,44.41396299990388],[-72.692725000220378,44.41411099992348],[-72.692818000106797,44.414153000216302],[-72.694157999948132,44.414696000232261],[-72.695490000291855,44.41523899969782],[-72.69577399997398,44.415354999815115],[-72.69588500030207,44.415400000224594],[-72.696078999572507,44.415478999818831],[-72.696163999961328,44.415513999994758],[-72.696261000045695,44.415553999895231],[-72.696467999734935,44.41563800030297],[-72.696681000170258,44.415725000300114],[-72.696856999897349,44.415796000024883],[-72.69883199994841,44.416601999857399],[-72.701375000262047,44.417637999914945],[-72.702924000340758,44.418270000290192],[-72.70445800035084,44.418895000237598],[-72.705994999835667,44.419521000186577],[-72.707526000371018,44.420136000246188],[-72.709048999612122,44.42074899976253],[-72.710571999751565,44.421361000316153],[-72.712099000088969,44.421976000268799],[-72.71358399969526,44.422573000168811],[-72.715119000428572,44.42319100017211],[-72.716641999669676,44.423800999798175],[-72.718162000334388,44.424402999938799],[-72.719164999891831,44.424801000065656],[-72.719631000047158,44.424983999880325],[-72.719927000323167,44.425101000082115],[-72.723771999944958,44.426628000226493],[-72.725774999585099,44.427425999811106],[-72.726227000395042,44.42760200013592],[-72.726644999971484,44.427767999963912],[-72.726691000002234,44.427786000287931],[-72.726732999835036,44.427801999715946],[-72.726803999980135,44.427829999987487],[-72.726891000018767,44.427864999826845],[-72.727096999883088,44.42794700026662],[-72.727284000379143,44.428021000267435],[-72.727964999721337,44.428291000169423],[-72.728712000084045,44.42858699979304],[-72.729476999990098,44.428889999942285],[-72.729615000082362,44.428944999966042],[-72.730134999766037,44.429151000050133],[-72.730221999804684,44.429185999740014],[-72.730774000173739,44.429404000140906],[-72.730925999611372,44.429464000161481],[-72.730953000273871,44.429474999934094],[-72.731159000138192,44.429557000039665],[-72.731908999975644,44.429853999756425],[-72.732637999896696,44.430142999854972],[-72.733319000137186,44.430413000218586],[-72.734069999799544,44.430710000075976],[-72.734443000068438,44.430856999971894],[-72.734813999789196,44.431000999930369],[-72.739287999772955,44.432737000303547],[-72.739415999819485,44.432786999718815],[-72.739549999713788,44.432837999771081],[-72.741711000435984,44.433670000073761],[-72.741728999979316,44.4336770002419],[-72.743530999778017,44.434383000067363],[-72.743674999718067,44.434438000053632],[-72.746493000391311,44.435519999951964],[-72.746509000284831,44.435525999906233],[-72.747030999618332,44.435725999953057],[-72.747331999917222,44.435840999846434],[-72.747981000370629,44.436088999928266],[-72.749235999823142,44.436568999910627],[-72.750308999700806,44.43697900019415],[-72.75487200027132,44.438722000221212],[-72.763277000090596,44.441934000228791],[-72.763378000372938,44.44197200024702],[-72.764944000170061,44.442571000256663],[-72.765559000288306,44.442805999790885],[-72.771436999687495,44.444132999686936],[-72.776509000071044,44.445279000038781],[-72.779854999925575,44.446023999896937],[-72.785730999674939,44.447334000165604],[-72.786064999585776,44.447408999776478],[-72.788226000307986,44.447925999963857],[-72.788976999970345,44.448105999865618],[-72.791248000297387,44.448651000211711],[-72.7917050002319,44.448759999798966],[-72.797264999613759,44.450068000142103],[-72.800993999782918,44.450985999806747],[-72.801383999770266,44.451079999787915],[-72.804856999846393,44.451881999710395],[-72.804994999938657,44.451676000240901],[-72.809884000024113,44.44475500002951],[-72.812285999872415,44.441353999988031],[-72.813783999897495,44.439233000109923],[-72.813957999974775,44.438986999768652],[-72.815074000408416,44.437407000093145],[-72.815198000256984,44.437231999751987],[-72.820468999933851,44.429772000067523],[-72.822305000067743,44.427173000139881],[-72.824065000033627,44.424681000012917],[-72.830603999581797,44.41542500029454],[-72.832008999720472,44.413571999797526],[-72.833315999949846,44.411849000093873],[-72.833881999664271,44.411140999992298],[-72.83425699958299,44.410654999796122],[-72.835997000355718,44.408392999774726],[-72.836450000092256,44.407808999773309],[-72.839828999558719,44.403452000277127],[-72.839041000086453,44.40315200020985],[-72.837779000062923,44.402648999935323],[-72.830477000258512,44.39978100015901],[-72.805021999702831,44.389678999928392],[-72.802374999632136,44.388580000209629],[-72.808741999651176,44.380681000317317],[-72.813050999778483,44.375274000043547],[-72.81496300008034,44.372909000193317],[-72.81824199998772,44.368804999790065],[-72.821175000288676,44.365089000257299],[-72.823032000338955,44.362734000313559],[-72.823531999931149,44.362097999959786],[-72.825089000405782,44.360128000067782],[-72.825197000360802,44.35999000029215],[-72.825281999851327,44.359886000246476],[-72.825783999991643,44.359243999731056],[-72.825830000022407,44.359188000300904],[-72.825896999969558,44.359100999726707],[-72.825957000244003,44.359024999842909],[-72.826129999598066,44.359158999909774],[-72.826359999751816,44.359337000157375],[-72.826665000248667,44.359574000286379],[-72.826860000242348,44.359725999815737],[-72.827023000448946,44.359851000189622],[-72.827194000153185,44.359974000297143],[-72.827313999803778,44.360055000226943],[-72.82744699987316,44.360141000029884],[-72.827586999615249,44.360221999728807],[-72.827732000278516,44.360294000009461],[-72.827883999716178,44.360355000276108],[-72.828041999899924,44.360398999965753],[-72.828205999931441,44.360424999766806],[-72.828273999703512,44.36042899973517],[-72.828368000313148,44.360431999711288],[-72.828475000443277,44.360417999821536],[-72.828688999805209,44.360389000039163],[-72.828888999821757,44.360324999826524],[-72.829015000218448,44.360275000113468],[-72.829128000196349,44.360222999724378],[-72.829235000326477,44.360165999948904],[-72.829338000258645,44.360106000125306],[-72.829438999642662,44.360045000241691],[-72.829539000100098,44.359983000294854],[-72.829641000207332,44.359922000283177],[-72.829736999568496,44.359868000219855],[-72.829836000200999,44.359816000111813],[-72.829935999760124,44.359764999961016],[-72.830037000042466,44.359714999770112],[-72.830139000149714,44.359665000178758],[-72.830242000081867,44.359616999914365],[-72.830317000424941,44.359589999748351],[-72.830391000044784,44.359563000212162],[-72.830464999664628,44.359536000021265],[-72.830539000182782,44.359508999817976],[-72.830611999977734,44.359481000236194],[-72.83069300016858,44.35945099998137],[-72.830738000374424,44.359431999812003],[-72.830827999887802,44.359394000097126],[-72.830898000207981,44.359363999797694],[-72.831034999577028,44.359298999738591],[-72.831157999600677,44.359234000249614],[-72.831268000103847,44.35917100007336],[-72.831376999883787,44.359106999814777],[-72.831487000386943,44.359043000128509],[-72.831600000364872,44.358980999763709],[-72.831716999642424,44.358922000028912],[-72.831838999841153,44.358869999723574],[-72.831966000062764,44.358826000170261],[-72.83209699958401,44.358789000082353],[-72.832232000201529,44.358760000136037],[-72.832367999745671,44.358741999763438],[-72.832504000188109,44.358735000259337],[-72.832658999998813,44.358742999784319],[-72.832832000251145,44.358769999698367],[-72.832999999582327,44.358814999955619],[-72.83316500033709,44.3588719997609],[-72.83332500017066,44.358938999686458],[-72.833481999631189,44.359011000259187],[-72.833634999792068,44.359085000131216],[-72.833782999930065,44.359158999909774],[-72.833929000418252,44.359234000249614],[-72.834071999635057,44.359309999862319],[-72.834212000275471,44.35938600001878],[-72.834351000192626,44.35946500010219],[-72.834491999759621,44.359548000107637],[-72.834680999905515,44.35966000015307],[-72.834854999982781,44.359763999957622],[-72.835003999945698,44.359846000179758],[-72.835157000106577,44.359924000284586],[-72.835316000115242,44.359994000290222],[-72.835453000382586,44.360047000238858],[-72.835593000124661,44.360094000153225],[-72.835737999889631,44.360135000047705],[-72.835885000202722,44.3601719999279],[-72.836034000165625,44.36020499980129],[-72.836197000372266,44.360236000307665],[-72.836229999984226,44.360245000265188],[-72.836274000365165,44.360258000201327],[-72.836327999893513,44.360256000211315],[-72.836403000236587,44.360268000150228],[-72.836471999833549,44.360278000097466],[-72.836546000351703,44.36028900003744],[-72.83675800006381,44.360320999851048],[-72.836898999630833,44.360344999699791],[-72.837038000446313,44.360373000153118],[-72.837271999899727,44.360431999711288],[-72.837501000228585,44.360502999743098],[-72.837726000359481,44.360582000247206],[-72.838173000248233,44.360750000160273],[-72.838391999633018,44.360828999689126],[-72.838557000387794,44.360884000135542],[-72.838753000206353,44.360943999804661],[-72.838994000230784,44.361011999911966],[-72.83923699990504,44.361076000016467],[-72.839482000127418,44.361135000151187],[-72.839728000174716,44.361192000268474],[-72.839964000176266,44.361243999797495],[-72.840190999956988,44.361292000013471],[-72.84041799973771,44.361338000237055],[-72.840647999891473,44.361380999854894],[-72.840878000045237,44.361421000158167],[-72.841112000396976,44.361455999919436],[-72.841358000444274,44.361487999737875],[-72.841641000301493,44.361510999777252],[-72.842001999976517,44.361565000253044],[-72.842253999871602,44.361604999788383],[-72.842499999918886,44.361656000264247],[-72.842735999920436,44.361725000157399],[-72.84292199969326,44.361795999906761],[-72.843104000166477,44.361877999853974],[-72.843282000441704,44.361964000192181],[-72.84345999981862,44.362050999726328],[-72.843640999568592,44.362132999958831],[-72.843827000239742,44.362205999779455],[-72.844008999814605,44.362264000099984],[-72.844197000135594,44.362311000162578],[-72.844392000129261,44.362351999790114],[-72.844685000032229,44.362398999782101],[-72.844884000223843,44.362425999938068],[-72.845085999890216,44.36244599973638],[-72.845290999929617,44.362459999783788],[-72.845495000144126,44.362474999785029],[-72.845697999635405,44.362490999739244],[-72.84590100002498,44.362509000244501],[-72.846104000414584,44.362529999970668],[-72.846326000172439,44.36255600011053],[-72.846568000021762,44.36258999988079],[-72.846808000221273,44.362625000228199],[-72.847049000245704,44.362661999820304],[-72.847336000300871,44.362712000065201],[-72.847654000318201,44.362748000292143],[-72.84812100029842,44.362802000269994],[-72.848431999744733,44.362833999995495],[-72.848742000264437,44.362869000197072],[-72.849050000236033,44.362910000076347],[-72.84935300018472,44.362962000007244],[-72.849630000194168,44.36302300006497],[-72.849882000089238,44.363090999685951],[-72.850128999961441,44.363168000020956],[-72.850371999635698,44.363252999806107],[-72.850612999660115,44.363343999764332],[-72.850850000384895,44.363440999867628],[-72.85110499975471,44.363548999780441],[-72.851381999764129,44.363670999894403],[-72.851653999750695,44.363795000265746],[-72.851924999912356,44.363921000239543],[-72.852192999700961,44.36404999973319],[-72.852461000387876,44.364179000227232],[-72.852721999605464,44.364307999794981],[-72.852977999698496,44.364433999949853],[-72.853233999791541,44.364559999833716],[-72.853490999709493,44.364686000088795],[-72.853687000426376,44.364775999829831],[-72.853879999871921,44.364871000298436],[-72.854141999812754,44.364990999757495],[-72.854372999791423,44.365093999819678],[-72.854606000318242,44.365194999879328],[-72.854840999596561,44.365293999946829],[-72.855075999773206,44.365391999939725],[-72.855312999599676,44.365488999862954],[-72.855548999601226,44.365586000267783],[-72.855768999709255,44.365648000064994],[-72.85598999964219,44.365708999894665],[-72.856212000298356,44.365767999859017],[-72.856434000056197,44.365824999964033],[-72.856658000362188,44.365877999775314],[-72.856882999594774,44.36592600004775],[-72.857143999710686,44.365975000178203],[-72.857407000374721,44.366018000245809],[-72.857670999965379,44.366057999951828],[-72.857936000279238,44.366096999735191],[-72.858199999869882,44.366136000134794],[-72.85846400035885,44.366178000190317],[-72.858698999637184,44.366218999680299],[-72.858932999988895,44.366263999995944],[-72.859164999792483,44.366311999952082],[-72.859395999771166,44.366363000183398],[-72.859625000100024,44.366418999819658],[-72.859744999750617,44.36645000024896],[-72.859851999880746,44.366476999822233],[-72.860088999707216,44.36654200026625],[-72.860323000058955,44.36661000029784],[-72.860555999687435,44.366680000021276],[-72.860789000214254,44.366752000071536],[-72.861020000192937,44.366825999799048],[-72.86125100017162,44.366900000075312],[-72.861539000051721,44.366347999893314],[-72.861787999573735,44.365870999839359],[-72.862066000306413,44.365335999963889],[-72.862801999900157,44.363905999966356],[-72.870127999994011,44.349723999694298],[-72.870969999892964,44.348102999775335],[-72.873738000337497,44.342769999758154],[-72.877722999701376,44.33504000009043],[-72.880378000168008,44.329850000293476],[-72.884310999653366,44.32230900010115],[-72.889224000028264,44.312851000129598],[-72.89403399957267,44.30357899976547],[-72.89406299988498,44.303516999884437],[-72.895108000173536,44.301497999798357],[-72.895772999622153,44.300206999898343],[-72.897494999953224,44.296889999936987],[-72.899444999889923,44.29311900012771],[-72.900500000224213,44.291122999997569],[-72.903025000096193,44.286212999710827],[-72.905958000397149,44.280553999995668],[-72.897268999997422,44.278608999959175],[-72.894980000127006,44.278096999927634],[-72.895884999775163,44.276255000089783],[-72.897055999562099,44.273871000163695],[-72.90079300012718,44.266260000074247],[-72.901123999664989,44.265555999860304],[-72.901399000024597,44.265008000221535],[-72.902081000089979,44.263602999756316],[-72.903816999766434,44.260104999899475],[-72.905287000202421,44.257143999848239],[-72.906597999731432,44.254514000252719],[-72.913344999692058,44.240928999769899],[-72.914429000338671,44.238753000057038],[-72.915707000255722,44.236142999684375],[-72.917580000199507,44.232369000112897],[-72.919919000298663,44.22754399979317],[-72.922295000207697,44.222734999935483],[-72.922511000117751,44.222321000160086],[-72.925687000092978,44.215805000137053],[-72.929140999902529,44.208740999784418],[-72.930978999686246,44.2049939998235],[-72.932494000328063,44.201892999784128],[-72.935538999883718,44.195659000068197],[-72.941997999964258,44.182451999711319],[-72.947754000063014,44.170538000109154],[-72.949479999693722,44.166985000310568],[-72.951274999819731,44.163311999964598],[-72.951283000215639,44.163296999969553],[-72.95220399975733,44.161411999884557],[-72.949481000416952,44.161624000047468],[-72.9397540002997,44.16238200014979],[-72.93624900043649,44.162655000216539],[-72.935839000357689,44.162686000023889],[-72.934076999843654,44.162823999716863],[-72.932146999998423,44.155497999849949],[-72.930103000350414,44.144438999770884],[-72.928119000078524,44.133708999733955],[-72.927248999692154,44.129003000157788],[-72.925759999887916,44.120884999711386],[-72.925673999674189,44.120480999693143],[-72.925666000176577,44.120435999927153],[-72.925632999666291,44.120257000088792],[-72.925580999787769,44.119977999929446],[-72.925497999947083,44.119528999701338],[-72.925447999718358,44.119226000247572],[-72.925150999617458,44.117496000280923],[-72.925101000287057,44.117131999999337],[-72.925026999768903,44.116686999875938],[-72.924880000354108,44.115798000182927],[-72.924736000414072,44.114933000203806],[-72.924508999735039,44.113571000304091],[-72.924379999863604,44.112784000077347],[-72.924316000289508,44.112397999920745],[-72.924139999664092,44.111181000120901],[-72.923913999708276,44.109616999771148],[-72.923419999963869,44.106199000228926],[-72.923015999732812,44.103400999883377],[-72.922932000067249,44.102818999761851],[-72.922757999989955,44.101618000196261],[-72.922722999829858,44.101376000137975],[-72.92261800024788,44.100649999825649],[-72.922608000202146,44.100583999941598],[-72.92227199974316,44.098257999829073],[-72.922069000251895,44.096853999752625],[-72.922060000031053,44.096790000077696],[-72.921794999717179,44.094939999997393],[-72.921789999694326,44.094902000117962],[-72.921762000105232,44.094720999711967],[-72.921473000400226,44.093358999872066],[-72.920960000389229,44.090986999760752],[-72.920888000419211,44.090672999681814],[-72.920883000396344,44.090653000240877],[-72.920866999604499,44.090581999815839],[-72.920833999992524,44.090423000054358],[-72.920347999745729,44.088172999729878],[-72.919720999931926,44.08527299988841],[-72.919350000211168,44.083551000060815],[-72.919065999630718,44.082261000199011],[-72.918484999847678,44.079621000168359],[-72.918433999794033,44.079390000062396],[-72.916991999845465,44.072840000141504],[-72.916777999585236,44.071886000107476],[-72.911435999763242,44.072367999742497],[-72.91023200036436,44.072477000197637],[-72.909105999884943,44.072580000141251],[-72.909018999846325,44.072587000181059],[-72.908586000201268,44.072628000028701],[-72.908345000176851,44.072649999856509],[-72.904030000201757,44.073043999788773],[-72.896904000124437,44.073659999808974],[-72.887565000344694,44.071096999873234],[-72.886853999966988,44.070900000208184],[-72.886465999629465,44.070794999758419],[-72.886452000284081,44.07079100007568],[-72.886427999994638,44.070785000228348],[-72.883760000007541,44.070064000162333],[-72.882057999767966,44.069586000245202],[-72.879323999658624,44.068835000199329],[-72.879117999794303,44.068777999741435],[-72.877295999904135,44.068278000257237],[-72.876180000368777,44.067972000085042],[-72.86635600016713,44.065273999802493],[-72.863627000080669,44.064525000288995],[-72.859162000317752,44.063303000062909],[-72.854920999962516,44.062138000239017],[-72.854622000211776,44.062055000276558],[-72.854541999845821,44.062030999923508],[-72.854058000147162,44.0618989997445],[-72.853911999658976,44.06185900012116],[-72.853884999894788,44.06185200010362],[-72.853248999860156,44.061684999992792],[-72.852468999885488,44.061480000008977],[-72.852104999837408,44.061385000106455],[-72.85190599964578,44.061332999816642],[-72.851864999637911,44.061322000059796],[-72.851820000330363,44.061308999816433],[-72.851513000183715,44.061228999745524],[-72.850985999929023,44.061091000176013],[-72.850561999606498,44.060977999708975],[-72.848655000225818,44.06047900011739],[-72.847153999827682,44.060044000317895],[-72.84545999998403,44.059554000144061],[-72.845275999861002,44.059500000282632],[-72.845259000142562,44.059494999886475],[-72.845061999600759,44.059438000117972],[-72.844647000397373,44.05931800005208],[-72.844510999954949,44.059278999929944],[-72.843672000429038,44.059035999682436],[-72.838173000248233,44.057445000086275],[-72.838061000095223,44.057411999933848],[-72.837630999924926,44.057287999685734],[-72.83332599999558,44.056042000302895],[-72.833177999857568,44.055998999923048],[-72.832731999793737,44.055869999887172],[-72.830892000360208,44.055337999837981],[-72.830738000374424,44.055293000195839],[-72.83039199986969,44.055192999936182],[-72.830360999907555,44.055183999730197],[-72.829337000433725,44.054886999913165],[-72.829216000059901,44.054852000214836],[-72.823204999693019,44.053111999834123],[-72.82155299968214,44.052633999902909],[-72.819191000016801,44.051949999860639],[-72.818961999687943,44.051883999869041],[-72.814485000229453,44.050585999722152],[-72.807425000274378,44.048538999879632],[-72.804578000187135,44.04771400012946],[-72.804039000236898,44.047557999908541],[-72.791246999574184,44.04387300023248],[-72.79076000040078,44.043732999816434],[-72.77769699957642,44.039968000099684],[-72.777618999758616,44.039945000115473],[-72.776902000431434,44.039737999855895],[-72.766872000365467,44.036845999776183],[-72.765118000247355,44.036339999814459],[-72.764083999829452,44.036040000043087],[-72.763627999719873,44.035908999752657],[-72.763293999809036,44.035814000159441],[-72.763226999861885,44.035794000259671],[-72.762902000171877,44.035700000188314],[-72.759665999922206,44.03476700030555],[-72.759604999822841,44.034749999864786],[-72.75958399990644,44.034744000239876],[-72.759527999829942,44.034728000160861],[-72.759465999905657,44.034709999986099],[-72.759312999744793,44.0346659998946],[-72.75908099994119,44.034599000294349],[-72.759044000131283,44.034588000092491],[-72.758745000380529,44.034501999794216],[-72.756060999601587,44.033727000149788],[-72.756043999883161,44.033722000160843],[-72.755063000067025,44.033439999972359],[-72.754796000103326,44.033361999848189],[-72.742678000008411,44.029767000126306],[-72.742615000259221,44.029747999929896],[-72.742462999923248,44.029703000222206],[-72.742303000089692,44.029654999764425],[-72.742241000165393,44.029636999986351],[-72.742078999783686,44.029589000120971],[-72.741964000155974,44.029555000139005],[-72.741922000323171,44.02954299983675],[-72.741740999674903,44.029493000273618],[-72.739197000434658,44.02877199986829],[-72.737130000322111,44.02818699976735],[-72.73488999995719,44.027567999875693],[-72.728979999872635,44.025907999690666],[-72.727749999636174,44.02556299980769],[-72.727681999864103,44.025544000201435],[-72.727552000167748,44.025507000202694],[-72.723633999852709,44.024407999993308],[-72.715202000269244,44.022048000002485],[-72.71285700032233,44.021393999865879],[-72.706845000130542,44.019715999703664],[-72.684553999854501,44.013295999699288],[-72.684342000142394,44.013234000271972],[-72.684163000042261,44.01318100026203],[-72.683701000084909,44.013045000044272],[-72.683481999801785,44.012981000175898],[-72.682874000254557,44.012810000158566],[-72.682685000108663,44.013104000053524],[-72.682517999704089,44.013371000139053],[-72.682059000119793,44.014096000146139],[-72.681768999691556,44.014555999796286],[-72.681535000238128,44.014924999846457],[-72.681209999649809,44.015439000198498],[-72.680937999663257,44.015869999888707],[-72.680773999631725,44.01612900015175],[-72.680513000414123,44.016543000145894],[-72.680217000138114,44.017009999698921],[-72.679930000082933,44.017464999932699],[-72.67967099961686,44.017874000255333],[-72.679376000064067,44.018341000307657],[-72.677128000201549,44.021896999721591],[-72.676970000017803,44.022147000084878],[-72.674830000110305,44.025531999733033],[-72.674680000322468,44.025768000101941],[-72.674368000152938,44.026262000229877],[-72.673896000149824,44.027010000068991],[-72.673544999622237,44.02756499969977],[-72.67205499999308,44.029919999990256],[-72.669919000283542,44.03330200022927],[-72.669609999588744,44.033791000229364],[-72.66898299977494,44.034779999917497],[-72.665822999693262,44.039778999852402],[-72.664675000370863,44.041592999967456],[-72.656158000398591,44.055053999830541],[-72.65610599962173,44.05513699992359],[-72.65126599994008,44.06278600002058],[-72.647151999806454,44.069285999735186],[-72.647032999980766,44.069474000284302],[-72.646995000345925,44.069534000059178],[-72.646533000388558,44.070266000160565],[-72.644428999567779,44.073587999928016],[-72.643542000361293,44.074991000188831],[-72.642749999792727,44.076241999885447],[-72.63947900028127,44.081411000038692],[-72.634476000393008,44.089312000262225],[-72.630450000122934,44.088201999713583],[-72.629183999901429,44.087863000016675],[-72.62909600003789,44.087836000100019],[-72.628460000003244,44.088982000060341],[-72.62813500031325,44.089554000014374],[-72.627162999819632,44.0912629998261],[-72.627047000367,44.091443999847591],[-72.626884000160373,44.091736999934419],[-72.62673299964932,44.092009000186749],[-72.626525000135175,44.092448000070981],[-72.626366000126509,44.09278599990872],[-72.626238000079994,44.092956000100969],[-72.626176000155724,44.092997000028667],[-72.626054999781886,44.093230999984613],[-72.625426000318257,44.09429800004618],[-72.625380000287507,44.094376999929864],[-72.624266000401988,44.096183999984689],[-72.62348600042732,44.097449999890841],[-72.622628999561414,44.098883999845484],[-72.622573000383241,44.098978000269035],[-72.622051999976335,44.099847999801092],[-72.619190999645397,44.104629999831552],[-72.617556000251284,44.107362999788222],[-72.613441000292724,44.114240999746308],[-72.613360999926783,44.114380000157695],[-72.613129999948114,44.114770000202121],[-72.613015000320388,44.114969000147525],[-72.611447999800006,44.117610999747839],[-72.611424000408888,44.117653000248801],[-72.610494999572978,44.119294999997976],[-72.609880000353044,44.120379999740614],[-72.609153000081818,44.121655999937651],[-72.609069000416227,44.121808000169963],[-72.609009000141782,44.1219190001774],[-72.607640999813043,44.124279000222238],[-72.606923999587551,44.125546000214008],[-72.606905000219299,44.125578999770795],[-72.606895000173552,44.125597000048813],[-72.606689000309231,44.125961999882605],[-72.605860999755649,44.127357999766687],[-72.602986999904232,44.13206600019835],[-72.601395000167827,44.134780000190588],[-72.597151000337846,44.142047999757175],[-72.596654000220383,44.142893000012002],[-72.596255999837126,44.143577000239922],[-72.595316999853793,44.145172000242709],[-72.593216000304352,44.148775000145228],[-72.591656000355002,44.151449999852971],[-72.589735999657208,44.154777999680675],[-72.589385999852851,44.155391000196161],[-72.589118999889152,44.155877000189136],[-72.58871800003115,44.156562999970873],[-72.586809999927254,44.159829999725524],[-72.586558000032184,44.160260000140013],[-72.586154999626061,44.160161999802725],[-72.58381800007507,44.159574999708028],[-72.583149000428449,44.159408000312425],[-72.570708000293351,44.156299999968425],[-72.563984999723829,44.154782000128399],[-72.561953999596298,44.158639000318594],[-72.559846000374165,44.162651000302574],[-72.559708000281901,44.162913000216172]]]},"properties":{"NAME":"Washington County","BASENAME":"Washington","GEOID":"50023","STATE":"50","COUNTY":"023"}},{"type":"Feature","geometry":{"type":"Polygon","coordinates":[[[-72.880378000168008,44.329850000293476],[-72.877722999701376,44.33504000009043],[-72.873738000337497,44.342769999758154],[-72.870969999892964,44.348102999775335],[-72.870127999994011,44.349723999694298],[-72.862801999900157,44.363905999966356],[-72.862066000306413,44.365335999963889],[-72.861787999573735,44.365870999839359],[-72.861539000051721,44.366347999893314],[-72.86125100017162,44.366900000075312],[-72.861020000192937,44.366825999799048],[-72.860789000214254,44.366752000071536],[-72.860555999687435,44.366680000021276],[-72.860323000058955,44.36661000029784],[-72.860088999707216,44.36654200026625],[-72.859851999880746,44.366476999822233],[-72.859744999750617,44.36645000024896],[-72.859625000100024,44.366418999819658],[-72.859395999771166,44.366363000183398],[-72.859164999792483,44.366311999952082],[-72.858932999988895,44.366263999995944],[-72.858698999637184,44.366218999680299],[-72.85846400035885,44.366178000190317],[-72.858199999869882,44.366136000134794],[-72.857936000279238,44.366096999735191],[-72.857670999965379,44.366057999951828],[-72.857407000374721,44.366018000245809],[-72.857143999710686,44.365975000178203],[-72.856882999594774,44.36592600004775],[-72.856658000362188,44.365877999775314],[-72.856434000056197,44.365824999964033],[-72.856212000298356,44.365767999859017],[-72.85598999964219,44.365708999894665],[-72.855768999709255,44.365648000064994],[-72.855548999601226,44.365586000267783],[-72.855312999599676,44.365488999862954],[-72.855075999773206,44.365391999939725],[-72.854840999596561,44.365293999946829],[-72.854606000318242,44.365194999879328],[-72.854372999791423,44.365093999819678],[-72.854141999812754,44.364990999757495],[-72.853879999871921,44.364871000298436],[-72.853687000426376,44.364775999829831],[-72.853490999709493,44.364686000088795],[-72.853233999791541,44.364559999833716],[-72.852977999698496,44.364433999949853],[-72.852721999605464,44.364307999794981],[-72.852461000387876,44.364179000227232],[-72.852192999700961,44.36404999973319],[-72.851924999912356,44.363921000239543],[-72.851653999750695,44.363795000265746],[-72.851381999764129,44.363670999894403],[-72.85110499975471,44.363548999780441],[-72.850850000384895,44.363440999867628],[-72.850612999660115,44.363343999764332],[-72.850371999635698,44.363252999806107],[-72.850128999961441,44.363168000020956],[-72.849882000089238,44.363090999685951],[-72.849630000194168,44.36302300006497],[-72.84935300018472,44.362962000007244],[-72.849050000236033,44.362910000076347],[-72.848742000264437,44.362869000197072],[-72.848431999744733,44.362833999995495],[-72.84812100029842,44.362802000269994],[-72.847654000318201,44.362748000292143],[-72.847336000300871,44.362712000065201],[-72.847049000245704,44.362661999820304],[-72.846808000221273,44.362625000228199],[-72.846568000021762,44.36258999988079],[-72.846326000172439,44.36255600011053],[-72.846104000414584,44.362529999970668],[-72.84590100002498,44.362509000244501],[-72.845697999635405,44.362490999739244],[-72.845495000144126,44.362474999785029],[-72.845290999929617,44.362459999783788],[-72.845085999890216,44.36244599973638],[-72.844884000223843,44.362425999938068],[-72.844685000032229,44.362398999782101],[-72.844392000129261,44.362351999790114],[-72.844197000135594,44.362311000162578],[-72.844008999814605,44.362264000099984],[-72.843827000239742,44.362205999779455],[-72.843640999568592,44.362132999958831],[-72.84345999981862,44.362050999726328],[-72.843282000441704,44.361964000192181],[-72.843104000166477,44.361877999853974],[-72.84292199969326,44.361795999906761],[-72.842735999920436,44.361725000157399],[-72.842499999918886,44.361656000264247],[-72.842253999871602,44.361604999788383],[-72.842001999976517,44.361565000253044],[-72.841641000301493,44.361510999777252],[-72.841358000444274,44.361487999737875],[-72.841112000396976,44.361455999919436],[-72.840878000045237,44.361421000158167],[-72.840647999891473,44.361380999854894],[-72.84041799973771,44.361338000237055],[-72.840190999956988,44.361292000013471],[-72.839964000176266,44.361243999797495],[-72.839728000174716,44.361192000268474],[-72.839482000127418,44.361135000151187],[-72.83923699990504,44.361076000016467],[-72.838994000230784,44.361011999911966],[-72.838753000206353,44.360943999804661],[-72.838557000387794,44.360884000135542],[-72.838391999633018,44.360828999689126],[-72.838173000248233,44.360750000160273],[-72.837726000359481,44.360582000247206],[-72.837501000228585,44.360502999743098],[-72.837271999899727,44.360431999711288],[-72.837038000446313,44.360373000153118],[-72.836898999630833,44.360344999699791],[-72.83675800006381,44.360320999851048],[-72.836546000351703,44.36028900003744],[-72.836471999833549,44.360278000097466],[-72.836403000236587,44.360268000150228],[-72.836327999893513,44.360256000211315],[-72.836274000365165,44.360258000201327],[-72.836229999984226,44.360245000265188],[-72.836197000372266,44.360236000307665],[-72.836034000165625,44.36020499980129],[-72.835885000202722,44.3601719999279],[-72.835737999889631,44.360135000047705],[-72.835593000124661,44.360094000153225],[-72.835453000382586,44.360047000238858],[-72.835316000115242,44.359994000290222],[-72.835157000106577,44.359924000284586],[-72.835003999945698,44.359846000179758],[-72.834854999982781,44.359763999957622],[-72.834680999905515,44.35966000015307],[-72.834491999759621,44.359548000107637],[-72.834351000192626,44.35946500010219],[-72.834212000275471,44.35938600001878],[-72.834071999635057,44.359309999862319],[-72.833929000418252,44.359234000249614],[-72.833782999930065,44.359158999909774],[-72.833634999792068,44.359085000131216],[-72.833481999631189,44.359011000259187],[-72.83332500017066,44.358938999686458],[-72.83316500033709,44.3588719997609],[-72.832999999582327,44.358814999955619],[-72.832832000251145,44.358769999698367],[-72.832658999998813,44.358742999784319],[-72.832504000188109,44.358735000259337],[-72.832367999745671,44.358741999763438],[-72.832232000201529,44.358760000136037],[-72.83209699958401,44.358789000082353],[-72.831966000062764,44.358826000170261],[-72.831838999841153,44.358869999723574],[-72.831716999642424,44.358922000028912],[-72.831600000364872,44.358980999763709],[-72.831487000386943,44.359043000128509],[-72.831376999883787,44.359106999814777],[-72.831268000103847,44.35917100007336],[-72.831157999600677,44.359234000249614],[-72.831034999577028,44.359298999738591],[-72.830898000207981,44.359363999797694],[-72.830827999887802,44.359394000097126],[-72.830738000374424,44.359431999812003],[-72.83069300016858,44.35945099998137],[-72.830611999977734,44.359481000236194],[-72.830539000182782,44.359508999817976],[-72.830464999664628,44.359536000021265],[-72.830391000044784,44.359563000212162],[-72.830317000424941,44.359589999748351],[-72.830242000081867,44.359616999914365],[-72.830139000149714,44.359665000178758],[-72.830037000042466,44.359714999770112],[-72.829935999760124,44.359764999961016],[-72.829836000200999,44.359816000111813],[-72.829736999568496,44.359868000219855],[-72.829641000207332,44.359922000283177],[-72.829539000100098,44.359983000294854],[-72.829438999642662,44.360045000241691],[-72.829338000258645,44.360106000125306],[-72.829235000326477,44.360165999948904],[-72.829128000196349,44.360222999724378],[-72.829015000218448,44.360275000113468],[-72.828888999821757,44.360324999826524],[-72.828688999805209,44.360389000039163],[-72.828475000443277,44.360417999821536],[-72.828368000313148,44.360431999711288],[-72.828273999703512,44.36042899973517],[-72.828205999931441,44.360424999766806],[-72.828041999899924,44.360398999965753],[-72.827883999716178,44.360355000276108],[-72.827732000278516,44.360294000009461],[-72.827586999615249,44.360221999728807],[-72.82744699987316,44.360141000029884],[-72.827313999803778,44.360055000226943],[-72.827194000153185,44.359974000297143],[-72.827023000448946,44.359851000189622],[-72.826860000242348,44.359725999815737],[-72.826665000248667,44.359574000286379],[-72.826359999751816,44.359337000157375],[-72.826129999598066,44.359158999909774],[-72.825957000244003,44.359024999842909],[-72.825896999969558,44.359100999726707],[-72.825830000022407,44.359188000300904],[-72.825783999991643,44.359243999731056],[-72.825281999851327,44.359886000246476],[-72.825197000360802,44.35999000029215],[-72.825089000405782,44.360128000067782],[-72.823531999931149,44.362097999959786],[-72.823032000338955,44.362734000313559],[-72.821175000288676,44.365089000257299],[-72.81824199998772,44.368804999790065],[-72.81496300008034,44.372909000193317],[-72.813050999778483,44.375274000043547],[-72.808741999651176,44.380681000317317],[-72.802374999632136,44.388580000209629],[-72.805021999702831,44.389678999928392],[-72.830477000258512,44.39978100015901],[-72.837779000062923,44.402648999935323],[-72.839041000086453,44.40315200020985],[-72.839828999558719,44.403452000277127],[-72.836450000092256,44.407808999773309],[-72.835997000355718,44.408392999774726],[-72.83425699958299,44.410654999796122],[-72.833881999664271,44.411140999992298],[-72.833315999949846,44.411849000093873],[-72.832008999720472,44.413571999797526],[-72.830603999581797,44.41542500029454],[-72.824065000033627,44.424681000012917],[-72.822305000067743,44.427173000139881],[-72.820468999933851,44.429772000067523],[-72.815198000256984,44.437231999751987],[-72.815074000408416,44.437407000093145],[-72.813957999974775,44.438986999768652],[-72.813783999897495,44.439233000109923],[-72.812285999872415,44.441353999988031],[-72.809884000024113,44.44475500002951],[-72.804994999938657,44.451676000240901],[-72.804856999846393,44.451881999710395],[-72.806964000141932,44.452347999770211],[-72.810756000060294,44.453190000032222],[-72.821941000019663,44.455669999996722],[-72.838296000271882,44.459293000160912],[-72.837223000394246,44.460717999971124],[-72.830395000242746,44.469982000131957],[-72.830273000044016,44.470148000076058],[-72.830124999906019,44.470349000222171],[-72.829813999561395,44.470770000294095],[-72.82936599984771,44.471378000020437],[-72.829272000136385,44.471505999830541],[-72.829180999899805,44.471623999847452],[-72.82730499958295,44.474175000122678],[-72.823659999977679,44.479120000092031],[-72.823643000259239,44.479143000051863],[-72.821971999981798,44.481407999812831],[-72.813685000163289,44.492652000170025],[-72.810366000072946,44.497147999752237],[-72.806097999953522,44.502930000034532],[-72.804823000409527,44.50467600003784],[-72.803682999686416,44.50621599980235],[-72.80363599983076,44.506284000215281],[-72.804644000309381,44.506657999787016],[-72.80897699982782,44.508283000219151],[-72.810668000196742,44.508911000151258],[-72.812160000374035,44.509462999845262],[-72.817457999815076,44.511456999862297],[-72.820188999551362,44.512468999893123],[-72.826583000232901,44.51485500020943],[-72.826748000089339,44.51491700002849],[-72.826959999801446,44.514997000131515],[-72.83075599991777,44.516430000003879],[-72.809955999994145,44.54671399983981],[-72.810053999903417,44.546734000003482],[-72.810141999766969,44.54675200014492],[-72.827041999817212,44.550692000218653],[-72.828462000024487,44.551951999980375],[-72.82873999985884,44.552198999777517],[-72.829093999861172,44.552514000040212],[-72.83373500024949,44.556843000117908],[-72.844551000137926,44.566940999709985],[-72.847775999618619,44.57009399994903],[-72.850245000312398,44.572087999862802],[-72.851558000389545,44.573315999922237],[-72.855735000272375,44.577224000053384],[-72.858358999878547,44.5796799998406],[-72.858425000000778,44.579741999754226],[-72.863247999963988,44.584612999713841],[-72.863427000064135,44.584774000262861],[-72.86350499988194,44.584851999748629],[-72.865433000077331,44.586803000180495],[-72.866705000146595,44.588089999925657],[-72.867084000263276,44.588457999899951],[-72.867132999768771,44.588515999690316],[-72.867203000088963,44.58861299982803],[-72.874406000159183,44.595883000122214],[-72.877671999647774,44.599175000233977],[-72.879193000137377,44.600709999922771],[-72.883749999961807,44.605252000200643],[-72.890547000151145,44.612010000098287],[-72.89489800011124,44.616332000264762],[-72.897802000099901,44.619216999794851],[-72.89956399971561,44.620936999768865],[-72.900753999769108,44.62210199984321],[-72.902595999750773,44.623873999917933],[-72.904165999745885,44.625308999817562],[-72.904441000105507,44.625548999918223],[-72.904478999740334,44.62558699986981],[-72.906269999668368,44.627419999994444],[-72.906678000097372,44.627839999749213],[-72.90684200012889,44.628005000282677],[-72.907728000408781,44.628911999690651],[-72.909961000202713,44.631197000114582],[-72.910448000274428,44.631088000156289],[-72.915850000370867,44.631930000082988],[-72.915965999823499,44.631955999919683],[-72.91606499955769,44.631977000000603],[-72.922777000256531,44.633056000141785],[-72.923777000339257,44.63321400003499],[-72.923984000028483,44.633246000009535],[-72.924410999825753,44.633312999939015],[-72.928313000247286,44.633932999881694],[-72.928613999647837,44.633992000088902],[-72.931676999645148,44.634451999690597],[-72.935769000037467,44.635078999901417],[-72.936096000275626,44.635128999765243],[-72.937231999902465,44.635301000297368],[-72.942531000066722,44.63610600014389],[-72.952407000146906,44.637670999914896],[-72.961827000117509,44.639154999945298],[-72.966325000390697,44.639854999919137],[-72.966615999745542,44.639903000133891],[-72.968678999660114,44.640240000203988],[-72.971308000187477,44.640653999920865],[-72.978541000394912,44.641809000215552],[-72.979282000011537,44.641924999955684],[-72.980889999641477,44.642173999744159],[-72.982792999722491,44.642459999871534],[-72.983525999841518,44.642574999949929],[-72.984007000065461,44.642654000094026],[-72.987542999890778,44.643225999958666],[-72.987819999900196,44.64327300031475],[-72.987870999953842,44.643280999881981],[-72.988346000329983,44.643352000147466],[-72.988353000002675,44.643364000120776],[-72.989275000267583,44.643522000069986],[-72.993656000364922,44.644237999915489],[-72.994210000383788,44.644329999733408],[-72.994325000011514,44.644357000013535],[-72.995074999848953,44.644459000177193],[-72.998357000129374,44.644915999817705],[-72.998428000274487,44.64492600027166],[-72.998670000123838,44.644960000012617],[-73.001190999797814,44.645326999989955],[-73.001923000091935,44.645439999680903],[-73.002088999773278,44.645468000311261],[-73.002185999857659,44.64547999984682],[-73.006222999998414,44.646056000200041],[-73.009291999843484,44.646502000290653],[-73.009419999890014,44.646523000220384],[-73.010393000208552,44.646685000062135],[-73.010608000293686,44.646722000029605],[-73.010764999754215,44.646748999835516],[-73.014166999685244,44.647320000030582],[-73.014190999974673,44.647322999978726],[-73.014945999834993,44.647443999887479],[-73.015057000163097,44.647462000174528],[-73.016002999819122,44.647615000152136],[-73.016365000217363,44.647672000128296],[-73.018208000023961,44.647987999776348],[-73.023836000076187,44.648918000065251],[-73.024327000345863,44.649003000241308],[-73.026261000389027,44.649319999829338],[-73.028971000208927,44.64976599974753],[-73.033733999897677,44.650588000028506],[-73.037834999612514,44.651280999839457],[-73.038027999956356,44.651156999877536],[-73.03807399998712,44.651150000247966],[-73.041781000414971,44.652580000053064],[-73.048187999718664,44.655052000039412],[-73.049339000312443,44.655500000080529],[-73.062545000353623,44.660599999860047],[-73.083575000431026,44.668721999811801],[-73.084223000161217,44.668972000020013],[-73.085911999982017,44.669623999992389],[-73.085974999731206,44.669647999925843],[-73.086179999770621,44.669728000058335],[-73.086216999580529,44.66972299973385],[-73.086312000015099,44.669778999893452],[-73.087856999895834,44.670375000202156],[-73.090163000382987,44.671269000034137],[-73.095542000014888,44.673346000250199],[-73.099225999978231,44.674769000153113],[-73.102822999902912,44.676154999918865],[-73.104351000065222,44.676719000203406],[-73.107561000375625,44.677907000198594],[-73.111015000185176,44.679183999986861],[-73.11515699990791,44.680710000146419],[-73.118851999741892,44.682074999784838],[-73.119748999892437,44.682401999705966],[-73.124643000000745,44.684210999977601],[-73.125975000344468,44.68470799987913],[-73.127617000309598,44.68530999973477],[-73.128196000442827,44.685525000174401],[-73.128712999753446,44.685719000037722],[-73.135165999986228,44.688097000277608],[-73.137479000146072,44.688949999762883],[-73.141349999707145,44.690382999915563],[-73.146889000070928,44.692400000059955],[-73.152801999630213,44.69455099979303],[-73.156801999961019,44.696078000013294],[-73.159038000128007,44.696903000047207],[-73.160681999742934,44.697509000105171],[-73.161778999910027,44.697937999697771],[-73.173862999669765,44.702413000103185],[-73.178765000173996,44.704228000233975],[-73.179447000239378,44.704478999693869],[-73.192685999892532,44.709393000051705],[-73.193936000220475,44.709859999975833],[-73.194081999810365,44.709912999745583],[-73.194095000229169,44.709917000039397],[-73.203952000042761,44.713592999984527],[-73.205770999559888,44.714269000178774],[-73.206934999674118,44.714698000061084],[-73.207413000423315,44.714874999759807],[-73.228856000054307,44.722806000302555],[-73.228901000260137,44.722550000300728],[-73.229278999653602,44.720404999725211],[-73.229390999806597,44.718463999942117],[-73.229486000241138,44.716761000186885],[-73.229458999578654,44.715244000128372],[-73.229636999853867,44.71315499973386],[-73.229389999981677,44.711594999966216],[-73.229523999875966,44.709933999689071],[-73.229400000027411,44.708102000155499],[-73.22903400032952,44.706283000273629],[-73.228765999642619,44.704807000033966],[-73.228533999839016,44.703077000245543],[-73.228557000303539,44.701085999864596],[-73.228413000363503,44.699180999956262],[-73.228367000332753,44.697477999795652],[-73.228460000219172,44.695989999903404],[-73.22845199982325,44.694554999871258],[-73.228408000340622,44.692711999681833],[-73.228322000126909,44.691021999984571],[-73.2284059997925,44.688261999951038],[-73.228615999854782,44.687116000085673],[-73.228724999634721,44.686549000261572],[-73.228908999757735,44.685614999928397],[-73.229586999625155,44.683829000310148],[-73.230103999834114,44.681955999798902],[-73.230881000334065,44.680241999874951],[-73.231498000102107,44.678398000011519],[-73.232133000311848,44.676740000050202],[-73.232729000163502,44.675111000006972],[-73.233063000074353,44.673539000268676],[-73.233561000016721,44.671594000058818],[-73.233536999727292,44.669675999729257],[-73.23357500026043,44.668111000282295],[-73.233405000381126,44.66631200010751],[-73.233441000366113,44.66445200004739],[-73.23333599988581,44.662662999996122],[-73.233171000029387,44.66084400017985],[-73.233125999823528,44.659112000205909],[-73.233161999808544,44.657122999704697],[-73.233058999876391,44.655175999980735],[-73.232954000294413,44.653343999883781],[-73.232869999730511,44.651425000122188],[-73.233083999990754,44.649879999889848],[-73.233838000026154,44.64838099991583],[-73.235452000402191,44.647056999714444],[-73.235664999939189,44.646945000180118],[-73.237706999937416,44.645892000078284],[-73.239917999990013,44.645072000183966],[-73.242227999776816,44.644208999720327],[-73.242753000381683,44.64401000023809],[-73.244860999603816,44.643503999838572],[-73.24757100032204,44.642901000044724],[-73.249513999687721,44.642404000167666],[-73.251112999995129,44.641510999720687],[-73.252209000337302,44.639803999967036],[-73.253185999955477,44.6384679998921],[-73.254001999915161,44.636876999706217],[-73.254857000232903,44.634996999724692],[-73.255228999778595,44.634037000044074],[-73.255392999810113,44.633606000105381],[-73.25592199971463,44.631803000196811],[-73.256004999555316,44.631520999914024],[-73.256027000194933,44.631440000293537],[-73.256033000042706,44.631388000146138],[-73.256281999564749,44.629675999912791],[-73.256175000332945,44.627383999764476],[-73.25596799974538,44.625235000039261],[-73.255859999790346,44.622625999862933],[-73.255452000259666,44.620191000052301],[-73.255183999572751,44.617841000215897],[-73.254796000133553,44.615333999835968],[-73.254589000444312,44.613140999774274],[-73.254502000405679,44.610676000078733],[-73.254685999630368,44.609687000220703],[-73.254856000408012,44.608739999864675],[-73.255130000044389,44.60681899969326],[-73.255965000270663,44.604881999824045],[-73.257339000447175,44.602686999709718],[-73.258555000439941,44.601222000091788],[-73.260348999842719,44.599241000084014],[-73.26194399995218,44.597531999787883],[-73.263701000443348,44.596194999856522],[-73.266017000077937,44.594957999751536],[-73.267634999753611,44.594066000305247],[-73.269850999829075,44.59288499985707],[-73.270558999833739,44.59255299986291],[-73.272986999621324,44.591416999740076],[-73.275124999879012,44.590522999889281],[-73.277501999612952,44.589371999749005],[-73.279319000378578,44.588592999984371],[-73.281936000312058,44.587612999854045],[-73.283954000020813,44.586849000203607],[-73.286350999846249,44.585825999868575],[-73.287135000018893,44.585504000313051],[-73.289267000428779,44.584629000300986],[-73.291543999705311,44.583792999714873],[-73.294441000021251,44.582782999713039],[-73.297336999613989,44.581714999959068],[-73.30041300003009,44.580775999713524],[-73.303130000420992,44.579738000071394],[-73.305227999597378,44.579273999804322],[-73.307246000204458,44.578680999857717],[-73.310501999647286,44.5776550000462],[-73.315184999868407,44.576250999929741],[-73.315364999793459,44.576205999980608],[-73.31547500029663,44.576175000066492],[-73.31757300037134,44.575687999907046],[-73.320610000429383,44.574776999766286],[-73.324085999980241,44.573835999732438],[-73.326768000211032,44.573060999891418],[-73.32766100016363,44.572794999741781],[-73.32961899959794,44.572416000092488],[-73.333315000155125,44.571561000152187],[-73.336071999830693,44.570937000113652],[-73.3387690001301,44.570341999774278],[-73.342244999680972,44.569443999874018],[-73.344362000022258,44.568863999798253],[-73.346338999723102,44.568371999750454],[-73.348435999972907,44.567735000165037],[-73.350852000064918,44.567096999705427],[-73.353709000197924,44.56650199976265],[-73.355825999640871,44.565965000022182],[-73.357963000073624,44.565427999804335],[-73.360060000323429,44.564906000308014],[-73.362856000357041,44.564264000073287],[-73.36269399997532,44.564137000048781],[-73.361847999878407,44.563754999876231],[-73.361539999906839,44.563614999848348],[-73.361455000416342,44.563562999770454],[-73.36091499974286,44.563231999723683],[-73.360087999912508,44.562547000049612],[-73.358377000350416,44.560206999740494],[-73.358050000112272,44.559759999986689],[-73.357429999971146,44.558909999903179],[-73.357409000054759,44.558871000055468],[-73.357276999810281,44.55862099972159],[-73.357167000205436,44.558468999905017],[-73.357094000410484,44.558368999977553],[-73.357003000173904,44.558193000199907],[-73.356788999913661,44.557919000097499],[-73.35648400031512,44.557705000068616],[-73.356208999955513,44.557475999982486],[-73.35599499969527,44.557354000270252],[-73.355767000089642,44.557193999798223],[-73.355460999767885,44.557072000134802],[-73.355187000131508,44.556919000279336],[-73.354423999875266,44.556683000161073],[-73.354180000376104,44.556582999724569],[-73.353874000054347,44.556529999922844],[-73.353817999977863,44.556508000244612],[-73.353539000318605,44.556400000132328],[-73.353352999647427,44.556377999764827],[-73.35304600039909,44.556342000309307],[-73.352898000261078,44.556323999933106],[-73.352777999712174,44.556294000147247],[-73.352658999886486,44.556263999705756],[-73.35262299990147,44.55625600031086],[-73.352507000448838,44.556233999888924],[-73.352406999991402,44.556215000274321],[-73.352288999990648,44.556192999836881],[-73.35213400017993,44.556163999829437],[-73.351858999820323,44.556133000114521],[-73.351615000321175,44.556057000206749],[-73.351370999923702,44.556011000146945],[-73.350821999927703,44.555789999895374],[-73.350517000329177,44.555614999853759],[-73.350027999709312,44.555393000159341],[-73.349876000271678,44.555279000090913],[-73.34960099991207,44.555210000025269],[-73.349508999850556,44.555102999928607],[-73.347067999644167,44.553882999794922],[-73.344947000003259,44.552829999781551],[-73.344520000205989,44.552677000295255],[-73.34400100034722,44.552508999856315],[-73.343695999850368,44.552311000293898],[-73.343421000389071,44.552166000041559],[-73.343238000090977,44.552036000104181],[-73.34293299959414,44.55190699979557],[-73.342719000232208,44.551724000221988],[-73.342383999598127,44.551448999819208],[-73.342048000037479,44.551112999688755],[-73.341711999578507,44.550701000318256],[-73.34149900004148,44.550404000137718],[-73.341253999819088,44.550198000228114],[-73.341102000381454,44.550014999762105],[-73.339790000129213,44.54891600027694],[-73.33957599986897,44.548756000291483],[-73.339392999570848,44.548625999779432],[-73.339210000171065,44.548457999810381],[-73.338995999910821,44.548289999996634],[-73.338752000411674,44.5480460002115],[-73.338752000411674,44.54793199983532],[-73.338691000312295,44.547802000043689],[-73.338660000350146,44.547679999896339],[-73.338636000060717,44.546844000140744],[-73.338632999687661,44.546795999827026],[-73.338665000373027,44.546277000309651],[-73.338609000296529,44.546131999749484],[-73.338728000122217,44.545881999745731],[-73.338877000085148,44.545583999916033],[-73.338999000283877,44.545393000060834],[-73.339091000345377,44.545202000219192],[-73.339183000406891,44.545063999799503],[-73.339243999607945,44.54483599994817],[-73.339307000255445,44.544477000264891],[-73.339308999905271,44.544254000288475],[-73.33930999973019,44.543934999913887],[-73.339124999782257,44.543567999937778],[-73.339005999956569,44.543300999950944],[-73.338805999940035,44.542925999872871],[-73.33836200042434,44.542602000149891],[-73.338134999745293,44.542290999721573],[-73.337584000099469,44.541938999702914],[-73.337187000439442,44.54158299973119],[-73.336667999682348,44.541068999722924],[-73.335722999851228,44.540222999868426],[-73.335250000023223,44.539740000158311],[-73.334608000140804,44.539045999922088],[-73.334271999681818,44.538782000120023],[-73.33404300025127,44.538582000307422],[-73.333859999953177,44.538406000237039],[-73.333678000378285,44.538254000126443],[-73.33267400009764,44.537237000147258],[-73.332519000286922,44.537082000305595],[-73.33234299966152,44.536874000278736],[-73.331883000252304,44.536301000188502],[-73.331607999892697,44.535919999964428],[-73.331453999906884,44.535646000013529],[-73.33136500021844,44.535411999843383],[-73.331210000407722,44.535061000066285],[-73.331088000208993,44.534821999684134],[-73.330996999972413,44.534535000064402],[-73.330909999933766,44.534268999856707],[-73.330851000382523,44.533968000094248],[-73.330815000397536,44.533687999811953],[-73.330817000047361,44.533330000142954],[-73.330743000427503,44.533009000260527],[-73.330801999978732,44.532684000172907],[-73.330801999978732,44.531896000065913],[-73.330800000328921,44.531712999697923],[-73.330752999574926,44.531564999840626],[-73.330723000336008,44.531457000191963],[-73.330602999787118,44.53103299989575],[-73.3304479999764,44.530794999914356],[-73.330325999777671,44.530573999975623],[-73.330297000363657,44.530445999781215],[-73.330112000415753,44.530139999927414],[-73.330022999828969,44.529963000301414],[-73.329745999819522,44.529565000212564],[-73.329471000358225,44.529197000285073],[-73.329287000235212,44.529038000209617],[-73.329165999861388,44.528891999947362],[-73.329038999639792,44.528820000314951],[-73.328919999814104,44.52870699975179],[-73.328790999942669,44.528620999907325],[-73.328522000329144,44.528468999871755],[-73.328240000296859,44.528375999974543],[-73.327811999776358,44.528221999928498],[-73.327537000315061,44.528162000191216],[-73.327112999992536,44.528056000013372],[-73.326666000103785,44.527950000282999],[-73.326331000368043,44.527874000079706],[-73.325266999812911,44.527608000188238],[-73.324851999711228,44.527507000053333],[-73.324552000135569,44.527403000004014],[-73.324276999775961,44.527242999811953],[-73.323941000215285,44.527112999932655],[-73.323758999742111,44.52698299976327],[-73.323634000068623,44.526914000097364],[-73.323419999808365,44.52681399974967],[-73.323273000393598,44.526697000290547],[-73.323121999882545,44.526537000080502],[-73.322937999759532,44.526377000071435],[-73.322783999773748,44.526224000224069],[-73.3226320003361,44.526070000252354],[-73.322481999649952,44.525918999689281],[-73.322358999626303,44.525676999747695],[-73.322223999907081,44.525435999815045],[-73.322038999959162,44.525285999906302],[-73.321976000209958,44.525087999973316],[-73.321884999973378,44.524867000155773],[-73.321761999949729,44.524694000142418],[-73.321761999949729,44.524539999968617],[-73.32170199967527,44.524394999711447],[-73.321721999766751,44.524219000314623],[-73.321730000162674,44.52414400012259],[-73.321731999812513,44.52403699992054],[-73.321804999607437,44.523324999862425],[-73.321853000186323,44.522863999849491],[-73.321852000361432,44.522457999733291],[-73.321852000361432,44.522244999772759],[-73.321792999911878,44.522030000090375],[-73.321823000049093,44.521903000128638],[-73.321731999812513,44.521525999705915],[-73.321700000025459,44.521396999680633],[-73.321673000261271,44.521185000130828],[-73.321608999788836,44.521069999871067],[-73.3214649998488,44.520796999682005],[-73.321300999817282,44.52048500018708],[-73.321213999778649,44.520319999821893],[-73.32112099989223,44.519857000071035],[-73.321181999991595,44.519629999986236],[-73.321090999754986,44.51929999971042],[-73.321427000213973,44.516453999871594],[-73.321428000038892,44.516256000027035],[-73.321395000426918,44.516125999970292],[-73.321396000251838,44.515949999933888],[-73.321363999566472,44.51578199984003],[-73.321366000114608,44.515599000090283],[-73.321365000289703,44.51548000007768],[-73.321363999566472,44.515424000289059],[-73.321304000190338,44.515284999849207],[-73.321273000228203,44.515142000078328],[-73.321243000090959,44.514897999739659],[-73.321213999778649,44.514707999713536],[-73.321181999991595,44.51460800019268],[-73.321089000105175,44.514263000144098],[-73.321028999830716,44.514155999730768],[-73.320997999868581,44.513973999929448],[-73.320937999594122,44.513829000279252],[-73.320846000430933,44.513629999906918],[-73.320660999584675,44.513437999711549],[-73.32053799956104,44.513275999715255],[-73.320233999787433,44.512924999779877],[-73.320145000098961,44.512730999921359],[-73.319836000302473,44.512490000244448],[-73.319746999715704,44.512338999715766],[-73.31959299972992,44.512220000092526],[-73.319468999881352,44.512123999993314],[-73.319269999689723,44.51195499979471],[-73.319082000267059,44.511824999752015],[-73.318808999557277,44.51166499969554],[-73.318595000195344,44.511528999814672],[-73.318293000071563,44.511353999962651],[-73.318176999720606,44.511307999811841],[-73.318000999993515,44.511238000181109],[-73.3176980000448,44.511041999871019],[-73.316661999977086,44.510372000193613],[-73.316199000194814,44.509952000168667],[-73.316174999905371,44.509929000185181],[-73.315957000345477,44.509714999903345],[-73.31565100002372,44.509503000130614],[-73.315406999626262,44.509350000172127],[-73.315225999876304,44.509213000002497],[-73.314919999554533,44.508976999951152],[-73.314676000055385,44.508779999705823],[-73.314461999795142,44.508618000214966],[-73.314280000220265,44.508428000214586],[-73.314034999997872,44.508230000007053],[-73.313759999638251,44.508030999735496],[-73.313516000139103,44.507810999958068],[-73.313331000191184,44.507642000065943],[-73.313121000128888,44.507458999740138],[-73.312874000256699,44.50724399995363],[-73.312752999882861,44.507101000312069],[-73.312568999759847,44.50691700015858],[-73.312356000222834,44.506672999978434],[-73.312141000137672,44.506475000215865],[-73.311927999702348,44.506246999830829],[-73.311745000302551,44.506084999706616],[-73.311562999829377,44.505920000208704],[-73.311411000391715,44.505690000071155],[-73.311197999956377,44.505544000237222],[-73.311013000008458,44.505292000084793],[-73.310798999748215,44.505146999976191],[-73.310678000272688,44.504965000230825],[-73.310433999875244,44.504751000303173],[-73.310252000300338,44.504560999870755],[-73.309976000115824,44.504293999794555],[-73.309639999656838,44.503919999791215],[-73.309396999982596,44.503600000045509],[-73.309211000209771,44.503421999759063],[-73.309031000284705,44.503226000074676],[-73.308786999887232,44.502957000052845],[-73.308602999764204,44.502767000180249],[-73.308482000288706,44.502561999724378],[-73.308329000127841,44.502362999964383],[-73.308145000004828,44.502171999945496],[-73.307963000429922,44.501960000288648],[-73.307809000444152,44.501700000176875],[-73.307657000108179,44.501516999777465],[-73.307503000122409,44.501348000218421],[-73.307411000060881,44.501218000224249],[-73.307168000386639,44.500959000160385],[-73.306713000101979,44.500334999788492],[-73.306666000246324,44.49987699973029],[-73.306301000373338,44.498565999862755],[-73.306178000349675,44.498245000003799],[-73.306025000188797,44.497710000156253],[-73.305902999990067,44.497236999929818],[-73.305841999890688,44.496778999885223],[-73.305719999691959,44.496307000028963],[-73.30562799963046,44.495811000168445],[-73.30553700029219,44.495445000273932],[-73.305384000131298,44.494932999869008],[-73.30526299975746,44.494253000100763],[-73.305203000381326,44.493818999904725],[-73.305109999596596,44.493346000155853],[-73.305051000045353,44.492980000169496],[-73.304982000448391,44.492589999736168],[-73.304931000394788,44.492207000101324],[-73.304901000257544,44.491926000011041],[-73.304868999572179,44.491530000251252],[-73.304871000120301,44.49106299989672],[-73.304868999572179,44.490743000075895],[-73.304871000120301,44.490361000181672],[-73.30487199994522,44.489933999693797],[-73.304840000158165,44.489318000153169],[-73.304779000058815,44.488713999750537],[-73.304610999829308,44.486936000051649],[-73.304429000254444,44.485739000130309],[-73.304107000039153,44.48458500010134],[-73.303419000125984,44.483335000234085],[-73.302578999876857,44.481922000059818],[-73.300658000252469,44.478558999908316],[-73.299895999821146,44.476651000002505],[-73.299803999759632,44.476147000132435],[-73.299713000421363,44.475622000232548],[-73.299652000321984,44.475147999748927],[-73.299559000435565,44.47471399969718],[-73.2994980003362,44.474302000238836],[-73.299438000061755,44.473798999929983],[-73.299371000114604,44.473578999832647],[-73.299315999863012,44.473317000132361],[-73.299161000052308,44.472909999752744],[-73.299132999564904,44.472426000301617],[-73.299103000325971,44.471892000162264],[-73.298950999990026,44.471302999780939],[-73.298858999928527,44.470754999841255],[-73.298827000141472,44.470426999872345],[-73.298828999791283,44.470015999680101],[-73.298705999767634,44.46961699975693],[-73.298704000117809,44.469115000154623],[-73.298675999630419,44.46866400027163],[-73.29864700021642,44.46839699994954],[-73.298675999630419,44.467802999793278],[-73.298673999980593,44.467290999720596],[-73.298673999980593,44.466124000085586],[-73.298767999691933,44.46513999991933],[-73.298735000079958,44.464802999903114],[-73.298705999767634,44.464452999991749],[-73.298735000079958,44.463957999959938],[-73.298766999867013,44.463646000134148],[-73.298857000278701,44.463272999902756],[-73.298919000202972,44.46295200006972],[-73.299956000095605,44.457010000294552],[-73.299957999745416,44.456687000108481],[-73.300048000157119,44.456346000202537],[-73.300110999906295,44.456107999793403],[-73.300170000355848,44.455804999708981],[-73.300201000317983,44.455551000138861],[-73.300201000317983,44.45532199978382],[-73.300153999564003,44.45497099980097],[-73.300125000150004,44.454710999902218],[-73.299999999578233,44.45435899978304],[-73.299904000217069,44.454038999990331],[-73.29975199988111,44.453665000258653],[-73.299494000138239,44.453268000167157],[-73.299479999894544,44.45300900007414],[-73.299187999816496,44.45258099968828],[-73.298975000279469,44.452253000200109],[-73.298731999706916,44.4518789999319],[-73.29839699997116,44.451435999955017],[-73.298150999923863,44.451053999849201],[-73.297878000112391,44.450642999847553],[-73.297724999951512,44.450382999917942],[-73.297602999752769,44.450123999855926],[-73.297267000192107,44.449619999857525],[-73.297023999619555,44.4492320002296],[-73.296840000394852,44.448903000125632],[-73.296626999959514,44.448552999809024],[-73.296415000247407,44.448041000214459],[-73.296200000162258,44.447660999918448],[-73.296047999826285,44.447272000311941],[-73.295770999816838,44.446858999752415],[-73.295619000379205,44.446552999726308],[-73.295374999981732,44.446210999837319],[-73.295225000193909,44.445882999847889],[-73.295103999820071,44.445493999944475],[-73.294981999621342,44.445227000115722],[-73.294827999635558,44.444844999804857],[-73.294704999611895,44.444517999679789],[-73.294552000349341,44.444126999975168],[-73.294400000013383,44.443715999972369],[-73.294246999852504,44.443279999951457],[-73.29409399969164,44.44292199972552],[-73.293969000018151,44.442578999871571],[-73.293870000283945,44.442149000259541],[-73.293818000405423,44.44174600017989],[-73.29368399961281,44.440841000246721],[-73.293624000236676,44.440558999801844],[-73.293594000099432,44.440232000058508],[-73.293652999650675,44.439825999827164],[-73.293625999886487,44.439346000302805],[-73.293625999886487,44.439145999818201],[-73.293626999711393,44.438903000197143],[-73.293656000023717,44.438712000202635],[-73.293717000123067,44.438468000117417],[-73.293750999559961,44.438162999700502],[-73.293895000398322,44.437560000207526],[-73.293929999660094,44.437440000051097],[-73.294222999563061,44.43603500019664],[-73.294226999761023,44.4360159998635],[-73.294574000090662,44.434352999703144],[-73.295251999958097,44.431652000019177],[-73.296052000024247,44.428334000014921],[-73.296975000114074,44.426786999903406],[-73.298998999670602,44.423372999693918],[-73.301163999692463,44.41969800019379],[-73.302625999732513,44.417053000163982],[-73.304668999555631,44.413413999841644],[-73.307051000210777,44.409164000142511],[-73.309598999648969,44.404505000234906],[-73.310505000020342,44.402601000241923],[-73.31178999961007,44.39786699987598],[-73.312440999713331,44.394705999908403],[-73.313551000299199,44.39197299997857],[-73.315040000103437,44.388526000245911],[-73.317066000208143,44.385991000274061],[-73.319395000261522,44.384024000231577],[-73.320981000150155,44.382685000116609],[-73.322562999840812,44.381551000123132],[-73.325382000338962,44.379531000240277],[-73.328051000150964,44.377694000124571],[-73.330396000097863,44.375999999717955],[-73.331229999600907,44.375053999980189],[-73.333613000080973,44.372299999963758],[-73.334950000447563,44.364440000133946],[-73.334799999761429,44.360644000202385],[-73.334779999669934,44.360147000011395],[-73.334648000323782,44.356879000023078],[-73.332406000309021,44.353278999863477],[-73.331088000208993,44.351162000165772],[-73.330254999632558,44.349823999740131],[-73.328976999715508,44.347412999944403],[-73.327353000192048,44.344360000145713],[-73.326985999770926,44.343373000122916],[-73.326981999572965,44.343362000219749],[-73.326273999568315,44.341492999845649],[-73.325149999637063,44.33852800025916],[-73.324020999682915,44.333835000179967],[-73.323931000169551,44.330522999740694],[-73.323860000024425,44.325417999965296],[-73.323841999582768,44.325327000238033],[-73.323834999910076,44.325245999867725],[-73.323828000237384,44.325165000028207],[-73.324526000196286,44.319245999843261],[-73.324340000423462,44.314058000124575],[-73.324194999760195,44.310033000102521],[-73.323028999996126,44.305016999848988],[-73.322216000409497,44.3015419999481],[-73.32012400018256,44.295908999712815],[-73.320094000045344,44.295836000275166],[-73.316766999559064,44.287727999806584],[-73.314394000023086,44.28373900005397],[-73.312789999692797,44.281043999815552],[-73.312209999734648,44.280068999686883],[-73.310914000274252,44.27429799972694],[-73.311974999558004,44.269139000080543],[-73.312741000187302,44.265410999753243],[-73.313282999612284,44.264130000049455],[-73.312622000361614,44.264075999908314],[-73.311966000235486,44.264014000137735],[-73.299212999930845,44.262816000116814],[-73.286458999801297,44.261616999739203],[-73.286124000065513,44.261585000104525],[-73.286067999989029,44.261580000079569],[-73.286052000095509,44.261578999688567],[-73.286018999585224,44.261575999802005],[-73.285979000300586,44.261572000167526],[-73.285859999576559,44.261560999723734],[-73.285810000246173,44.261555999696739],[-73.278500999870758,44.260869000185259],[-73.270542000115299,44.260121000121742],[-73.270378000083767,44.260106000315609],[-73.267802999983104,44.260317000239681],[-73.266805000448514,44.260399999679116],[-73.264697000328084,44.260574999950222],[-73.264647999924279,44.260579000295891],[-73.264189000339968,44.260610999834817],[-73.263092000172875,44.260702000177432],[-73.262375999772303,44.260767999913618],[-73.261261000061879,44.2608709997048],[-73.261101000228308,44.260883999796782],[-73.260455999972834,44.260934999733983],[-73.259717000006049,44.261003999767816],[-73.257450999701859,44.261148000053147],[-73.257175000415643,44.261171999959174],[-73.256939000414107,44.261192999949344],[-73.256874999941672,44.261198999761348],[-73.254674999759729,44.261398999792178],[-73.254335000001092,44.261423999989447],[-73.254246000312634,44.261431000171456],[-73.252539000050191,44.261559999975709],[-73.25247200010304,44.261565000002314],[-73.249515000410938,44.261787999984747],[-73.249238000401505,44.261803000005152],[-73.249224999982715,44.261803999749041],[-73.249151000362872,44.261808999754898],[-73.24375299956607,44.262258999827687],[-73.243584000409996,44.262273999727867],[-73.241585000069506,44.262457000003721],[-73.231495999553985,44.263398999993143],[-73.231432999804781,44.263405000223344],[-73.230889999656569,44.263455000187847],[-73.230345999683436,44.263505999824744],[-73.229861999984777,44.263557000060715],[-73.229834000395698,44.263554000275136],[-73.22974599963382,44.26356199991752],[-73.229446000058161,44.263597000189655],[-73.228928000024311,44.263642999853907],[-73.228415999838234,44.263698000104476],[-73.227820999811485,44.263760999918937],[-73.227372000272922,44.263803999682047],[-73.226814000056095,44.263853999950477],[-73.226234000097946,44.263911999771146],[-73.225646999568809,44.263966000062979],[-73.224526000010584,44.264047999791728],[-73.223253999941335,44.264167999737857],[-73.221941999689079,44.264292000175352],[-73.221379000347696,44.264344999774139],[-73.22136099990604,44.26434699981877],[-73.219368000311633,44.264530000074728],[-73.218637999667351,44.264596000016766],[-73.218594000184737,44.264600000088834],[-73.215721000158226,44.264859999687083],[-73.213585000448688,44.265062000149861],[-73.213237000294143,44.265095000153124],[-73.212427000182231,44.265171999874319],[-73.212306999633313,44.26518300028571],[-73.212196000203548,44.265192999722267],[-73.211264999717827,44.265280999708146],[-73.210992999731261,44.265304999856895],[-73.210668000041252,44.265337999723741],[-73.210370000115432,44.265365999869168],[-73.210263999810209,44.265375999917865],[-73.210175000121751,44.265385000281874],[-73.209974000280297,44.265404000045187],[-73.209179000237,44.265478999998834],[-73.205429000151454,44.265833000006644],[-73.203229999794402,44.266034999699023],[-73.202537999683258,44.266098000225441],[-73.201793999693592,44.266166999989267],[-73.199386999822408,44.266387999909057],[-73.199288999913122,44.266395000143248],[-73.199124000056685,44.266412000249098],[-73.199001000033022,44.266422999785192],[-73.198877000184467,44.26643500027096],[-73.198792999620565,44.26644300016455],[-73.198738000267298,44.266447999775899],[-73.196800000026158,44.26663400019612],[-73.18955900032114,44.26763600009518],[-73.189446000343224,44.2676520001977],[-73.188103000128848,44.267836999739913],[-73.186010999901924,44.268124999933889],[-73.185940999581732,44.268135000156505],[-73.183809999895061,44.268430000168792],[-73.183784999780698,44.268433999979962],[-73.183243000355716,44.268508999927263],[-73.183189999753949,44.268515999908907],[-73.183152999944028,44.268520999987167],[-73.18081200019509,44.268846999926048],[-73.180679999950598,44.268865000233106],[-73.178108000222963,44.269221999930167],[-73.175047999700411,44.269650999686974],[-73.173415999781028,44.269809000318389],[-73.171569999601402,44.270077000076085],[-73.169197999890301,44.270418999739448],[-73.168510999802066,44.270518000320095],[-73.163436999768678,44.271252000008268],[-73.16181999991791,44.271531999706852],[-73.159932999730415,44.27173699976592],[-73.159885999874732,44.271742000213408],[-73.159207000182391,44.271815000008516],[-73.15911099992293,44.27182599981996],[-73.155890999566793,44.27219200015044],[-73.153726000443257,44.272355000135207],[-73.15343600001502,44.272377000197174],[-73.153249000417276,44.272390999881466],[-73.153174999899107,44.272396000273311],[-73.152194999907891,44.272451000052818],[-73.151229000160399,44.27257400018037],[-73.151207000419078,44.272575999945019],[-73.145248999755637,44.273374999844251],[-73.14508200024936,44.273403000020487],[-73.143843999616976,44.273609000171611],[-73.139372000181368,44.274214999970432],[-73.139326999975509,44.274220999739747],[-73.13930299968608,44.274224000267438],[-73.139066999684516,44.274256000097282],[-73.139017000354116,44.274263000037628],[-73.138817000337596,44.274290000259235],[-73.135566999844201,44.274730000240012],[-73.133082999980118,44.275055000310445],[-73.130953999943287,44.275337000213334],[-73.130737000208313,44.275366000254387],[-73.130512999902322,44.275395999793766],[-73.128509000437276,44.275663000294038],[-73.12675399959592,44.275895999724838],[-73.123169000265122,44.276362999813443],[-73.119117000055766,44.276912999971742],[-73.117058000339114,44.277181000136409],[-73.117017000331245,44.277186000120629],[-73.116507999619884,44.27725200000161],[-73.114792000034925,44.277471999926924],[-73.113227999887613,44.277675999729794],[-73.1130589998332,44.277698999845995],[-73.112890999603721,44.27770800025251],[-73.112688000112442,44.277729000123834],[-73.112488000095908,44.277745000051382],[-73.112421000148743,44.277752000219287],[-73.11230399997288,44.277768000140568],[-73.112233999652688,44.277756000039226],[-73.112190000170074,44.277747999755903],[-73.112136999568307,44.27773699976656],[-73.112118000200056,44.27773600029365],[-73.112115999651905,44.277771999959413],[-73.112097000283654,44.277809999832776],[-73.11208499968977,44.277831999782116],[-73.112079999666889,44.277841000168266],[-73.111202999607841,44.277951999886845],[-73.111092000178076,44.277967000284683],[-73.111076000284555,44.277968999865806],[-73.110193000377706,44.27809599981768],[-73.110044000414788,44.278117000193454],[-73.109887999880868,44.278140000137078],[-73.109726000397472,44.27816300007165],[-73.109630999962917,44.278176000198442],[-73.107651999713894,44.278442000182935],[-73.107553999804608,44.278455000248002],[-73.106750000438794,44.278563999889037],[-73.106112999680946,44.278648000034984],[-73.106027000365529,44.278658999853782],[-73.104729000356997,44.27883200024133],[-73.103447000241985,44.279013000231664],[-73.102664999719167,44.279123000216323],[-73.101953000414866,44.279222999731303],[-73.101936999623021,44.279224999912827],[-73.10190499983598,44.279229000275649],[-73.101862000178272,44.279235000176193],[-73.101293000090777,44.279315000292485],[-73.101246000235122,44.279322000273339],[-73.096595999625961,44.27998400020838],[-73.09646599992962,44.280001000242528],[-73.096347000103947,44.28001700019454],[-73.094543999582015,44.280259999814255],[-73.09049200027097,44.280835999876679],[-73.089822999726053,44.280931000026705],[-73.089708999923246,44.280947999786839],[-73.089606999815985,44.280964000124108],[-73.089560999785235,44.280968999786417],[-73.089544000066809,44.280970999908511],[-73.087190999723987,44.281306000100486],[-73.086501999985899,44.281404000294678],[-73.084415999606762,44.281703000139402],[-73.084388999842574,44.281706000284991],[-73.083496999714896,44.281842000293281],[-73.082366999935857,44.28201500031232],[-73.080990000284601,44.282220999856371],[-73.080606999969973,44.282278000164581],[-73.080543000395863,44.282287999908306],[-73.080493999992058,44.282295000178088],[-73.080344000204221,44.28231699973432],[-73.080062000171921,44.282361000108267],[-73.077988000386668,44.282687999838025],[-73.077287000054696,44.282799000046396],[-73.076393000277193,44.28294000023466],[-73.075912999878184,44.283015000320042],[-73.075248000429553,44.283119999764274],[-73.075105000314409,44.283142000297794],[-73.074393999936717,44.283253000291481],[-73.0726540000623,44.283520999834671],[-73.072453000220847,44.283553999763498],[-73.072407000190097,44.283561999899376],[-73.072300999884888,44.28358000020102],[-73.072214999671161,44.283593999788749],[-73.072060999685363,44.283617000160717],[-73.072040999593895,44.283620000208607],[-73.070591000147701,44.283860999693857],[-73.070586999949754,44.28383299999922],[-73.070340000077522,44.282223999975514],[-73.070293000221866,44.281896000190336],[-73.070280999627983,44.281814999683036],[-73.070029999557818,44.28005599997887],[-73.070011000189567,44.279925000089463],[-73.069013999581585,44.280027999757046],[-73.068761999686501,44.280053999825668],[-73.068462999935761,44.280085000263476],[-73.066955999689853,44.280238000130915],[-73.064980999638792,44.280444000117562],[-73.064880000254774,44.280455000243265],[-73.064539999597841,44.280490000103313],[-73.060776000166882,44.280875999823174],[-73.056678999751668,44.281306000100486],[-73.055304999575156,44.281435000020224],[-73.055109999581489,44.281453999740179],[-73.052542999876735,44.28170799973887],[-73.048523000352745,44.282121000299028],[-73.042099000432302,44.282763000245119],[-73.038002000017102,44.283173999772885],[-73.031852999557955,44.283793000136662],[-73.029396000356357,44.284043000277606],[-73.029220999555875,44.284059999780382],[-73.029192999966767,44.284062999805656],[-73.02570399999712,44.284406999753593],[-73.023184999972955,44.284670999828109],[-73.022875000351533,44.284702999756533],[-73.020759999660072,44.284925000066124],[-73.020573999887247,44.28494399994355],[-73.020469000305269,44.284953999876585],[-73.019407000298287,44.285065000305053],[-73.017371000147861,44.285261000207626],[-73.016518000378241,44.285357000262543],[-73.017304000200724,44.289109000304386],[-73.017563999593392,44.290329999711297],[-73.017647000332374,44.290719999946205],[-73.017655999654906,44.290773000147617],[-73.017664000050829,44.290786000056208],[-73.01766700042387,44.290798999961979],[-73.017745000241661,44.291168999980748],[-73.017761000135195,44.291242000075854],[-73.017782000051596,44.291342000182127],[-73.017792999922236,44.291391000287774],[-73.018249999856749,44.293496999745102],[-73.018859999952113,44.296437999884461],[-73.019408999948098,44.29913900024772],[-73.019875000103426,44.301367000150975],[-73.020029000089224,44.302108000043908],[-73.020096000036375,44.302427999977894],[-73.020260999892798,44.303203000124419],[-73.020265999915665,44.303225999889456],[-73.020286000007161,44.303322999833789],[-73.020371000395983,44.303742999777953],[-73.019172000121628,44.303514000209972],[-73.015427000058935,44.302800000039277],[-73.015401999944586,44.302795000306396],[-73.015305999685125,44.302777000107284],[-73.013682000161666,44.302468000007742],[-73.013570999833576,44.302446000284014],[-73.012769999942506,44.302294000097262],[-73.012743000178318,44.302289000321295],[-73.012714999690928,44.302283999901988],[-73.012672999858125,44.302275999744595],[-73.01262500017755,44.302266999887593],[-73.012380999780063,44.302219999897765],[-73.012367000434693,44.302217000157022],[-73.01235300019097,44.302213999773272],[-73.01233999977218,44.30221199973159],[-73.012313000008007,44.302206999948638],[-73.012280000396046,44.302200999822816],[-73.012189000159438,44.302183000084483],[-73.012103999770645,44.302166999741019],[-73.011850000225735,44.302118999970155],[-73.011820999913425,44.302112999835302],[-73.011799999997024,44.302108999745073],[-73.010388000185671,44.301839999801828],[-73.010356000398616,44.301834000281367],[-73.005847000254761,44.300974000097952],[-72.998858000444798,44.299596999831941],[-72.996999999671303,44.299225000049034],[-72.987361000315886,44.297314000026923],[-72.987253000360866,44.297293000083918],[-72.987219999850581,44.297286000315594],[-72.985981000291588,44.297041000182048],[-72.975882999555253,44.295035999936005],[-72.975879000255603,44.295014999821262],[-72.975863000362082,44.294938999802639],[-72.975727999744549,44.294068999908056],[-72.973756999891449,44.281809000045961],[-72.973736999799982,44.281607999951476],[-72.973438000049228,44.279711000196535],[-72.971659999641673,44.268631999942471],[-72.971290999570712,44.266405999682569],[-72.970801000024281,44.263337999869748],[-72.970320999625258,44.260436000314172],[-72.969042999708194,44.252849999743553],[-72.967830999913389,44.245612999949117],[-72.967830000088483,44.24559999969852],[-72.967828000438644,44.245584000029666],[-72.967820999867641,44.24555200003536],[-72.967760999593182,44.24517899968253],[-72.967722000133449,44.244949000206326],[-72.967718999760393,44.244931000298912],[-72.967717000110582,44.24492099999047],[-72.967713999737512,44.244901000011971],[-72.96770899971466,44.244873999804959],[-72.967696000194181,44.244796999885509],[-72.967681999950486,44.244714999693301],[-72.967633000444977,44.244418000300506],[-72.967158999893741,44.241590000219055],[-72.967151000396143,44.241540999769789],[-72.967143999825126,44.241496000280051],[-72.967010999755729,44.240700999972077],[-72.966546000323632,44.237930999837779],[-72.966512999813375,44.237735999918598],[-72.965672999564234,44.232716999776883],[-72.965669000264583,44.232691000010014],[-72.9655799996778,44.232178999734955],[-72.965456999654165,44.231458000302077],[-72.965446999608417,44.231393000116476],[-72.965306999866328,44.230637999781131],[-72.965276999729113,44.230471999812757],[-72.965249999964939,44.230325999810276],[-72.965212000330098,44.230125000030007],[-72.965163999751212,44.229861999831641],[-72.964573999747316,44.226673000108228],[-72.964500999952392,44.226277999876778],[-72.963541999877563,44.221080999688859],[-72.963075999722236,44.218558000249267],[-72.963059999828729,44.218472000197139],[-72.962701999628422,44.216532999817488],[-72.962699999978611,44.216521000093785],[-72.962691999582688,44.216480000268341],[-72.961699999895899,44.211106999819627],[-72.961516999597791,44.210113999865783],[-72.9611659999685,44.208210000263534],[-72.961145999877033,44.208104000302598],[-72.961097000371538,44.20783300010617],[-72.961078000104962,44.207732000205937],[-72.960623999645222,44.205277000287651],[-72.960462000161826,44.204398000283803],[-72.960358000404739,44.203831999853868],[-72.960353000381886,44.203804000037337],[-72.960344999985963,44.203761000201155],[-72.960334999940216,44.20370800010528],[-72.960286000434735,44.203444000290418],[-72.960249999551394,44.203248000004194],[-72.959746999586173,44.20051899984702],[-72.959735999715505,44.200459999844185],[-72.959231999925336,44.197732999728416],[-72.958851000158845,44.195668000150825],[-72.95859900026376,44.194300000155899],[-72.958461000171511,44.193553000262256],[-72.957560999647896,44.188675000135284],[-72.957360999631376,44.187591000246108],[-72.957348000110883,44.187519999702744],[-72.957025999895606,44.185778000244461],[-72.95681800038146,44.184682000132803],[-72.954973999851674,44.174937999875034],[-72.954815999667929,44.174105000314519],[-72.954793000101702,44.173985000297691],[-72.954788000078821,44.173956999829109],[-72.954725000329631,44.173625000070665],[-72.954568999795725,44.172987999789633],[-72.954496999825693,44.172693999866944],[-72.954487999604851,44.172654999760496],[-72.953936999959041,44.169772000270697],[-72.953930000286334,44.169738000262633],[-72.952683000331447,44.163728999845937],[-72.95220399975733,44.161411999884557],[-72.951283000215639,44.163296999969553],[-72.951274999819731,44.163311999964598],[-72.949479999693722,44.166985000310568],[-72.947754000063014,44.170538000109154],[-72.941997999964258,44.182451999711319],[-72.935538999883718,44.195659000068197],[-72.932494000328063,44.201892999784128],[-72.930978999686246,44.2049939998235],[-72.929140999902529,44.208740999784418],[-72.925687000092978,44.215805000137053],[-72.922511000117751,44.222321000160086],[-72.922295000207697,44.222734999935483],[-72.919919000298663,44.22754399979317],[-72.917580000199507,44.232369000112897],[-72.915707000255722,44.236142999684375],[-72.914429000338671,44.238753000057038],[-72.913344999692058,44.240928999769899],[-72.906597999731432,44.254514000252719],[-72.905287000202421,44.257143999848239],[-72.903816999766434,44.260104999899475],[-72.902081000089979,44.263602999756316],[-72.901399000024597,44.265008000221535],[-72.901123999664989,44.265555999860304],[-72.90079300012718,44.266260000074247],[-72.897055999562099,44.273871000163695],[-72.895884999775163,44.276255000089783],[-72.894980000127006,44.278096999927634],[-72.897268999997422,44.278608999959175],[-72.905958000397149,44.280553999995668],[-72.903025000096193,44.286212999710827],[-72.900500000224213,44.291122999997569],[-72.899444999889923,44.29311900012771],[-72.897494999953224,44.296889999936987],[-72.895772999622153,44.300206999898343],[-72.895108000173536,44.301497999798357],[-72.89406299988498,44.303516999884437],[-72.89403399957267,44.30357899976547],[-72.889224000028264,44.312851000129598],[-72.884310999653366,44.32230900010115],[-72.880378000168008,44.329850000293476]]]},"properties":{"NAME":"Chittenden County","BASENAME":"Chittenden","GEOID":"50007","STATE":"50","COUNTY":"007"}},{"type":"Feature","geometry":{"type":"Polygon","coordinates":[[[-72.864801000240647,43.166185999751157],[-72.864803999715392,43.166151999767955],[-72.865412999985821,43.157560000029854],[-72.865546999880152,43.155722000303633],[-72.865746999896686,43.152918999723809],[-72.86577500038409,43.152555000252228],[-72.865798999775222,43.15221100009137],[-72.865813000018917,43.152005999697735],[-72.866166000196344,43.147070999848054],[-72.866223000097747,43.146249999733577],[-72.866320000182114,43.144924000046871],[-72.866330000227862,43.144782000003623],[-72.866476999642643,43.142729999962874],[-72.866531999894221,43.14195699969811],[-72.86657999957481,43.141283999921356],[-72.867039999882351,43.134864999726851],[-72.867140000339774,43.133461999844315],[-72.867315000241959,43.131849000033114],[-72.867394999709589,43.130307999979358],[-72.868241999631408,43.113931000130201],[-72.86869100006831,43.113941999959415],[-72.869122999888432,43.113951999742845],[-72.87023299957599,43.113978000221273],[-72.87292999987541,43.114042999729556],[-72.873745999835108,43.1140629999175],[-72.874550000099234,43.114082000057181],[-72.874633999764811,43.114084000140565],[-72.877989999665076,43.114164000143717],[-72.878910000280172,43.114185999716383],[-72.879178000068762,43.114192999996035],[-72.880117000052095,43.114215000214067],[-72.888933999600027,43.114426000323569],[-72.889091999783759,43.11442899977596],[-72.895658999819361,43.114585999986836],[-72.897154000369696,43.114621999869811],[-72.897550000204816,43.114631000165147],[-72.898275999752812,43.114648000063596],[-72.90066699973049,43.114782999706698],[-72.902567000336788,43.114891000255952],[-72.905663999770965,43.115065999745504],[-72.905686000410583,43.115066999771145],[-72.905790999992561,43.115072999924529],[-72.906384000369499,43.115107000126898],[-72.906546999677801,43.115115999695135],[-72.906761999762963,43.115127999991714],[-72.907838999838546,43.11518900015146],[-72.908337999605834,43.115217000150707],[-72.908804999586081,43.115243000091688],[-72.90933799968856,43.11527300011074],[-72.910504000350912,43.115338000210826],[-72.911589999749026,43.115400000181459],[-72.912471000006065,43.11544999985815],[-72.912852999597476,43.115473000299012],[-72.91333700019446,43.115499000131223],[-72.913664000432604,43.115518999843275],[-72.913864000449152,43.115532000078872],[-72.914386999607558,43.11555999992116],[-72.915164999932401,43.115604000022145],[-72.916273999795081,43.115667999754898],[-72.922082999597279,43.116000000163133],[-72.923977000355791,43.116106999867434],[-72.924033000432289,43.116109999893197],[-72.924065000219343,43.116111999910352],[-72.928290999607654,43.116351000172536],[-72.930407000124021,43.116472999960273],[-72.932328999573315,43.116583000151572],[-72.945296000138185,43.117321000255913],[-72.948260000401319,43.117475000301397],[-72.948416999861834,43.117484000177122],[-72.950195000269375,43.117529000191524],[-72.950489999822182,43.117549999880914],[-72.950928000388402,43.117547999910812],[-72.951360000208524,43.117558999745562],[-72.961510999750018,43.117820999816068],[-72.962596000221538,43.117847999942278],[-72.963167999783749,43.117864000278587],[-72.975608000093956,43.118184000224744],[-72.978851000016306,43.11826700003374],[-72.99596799980155,43.118699000097401],[-72.996756999997061,43.117863000298648],[-72.997079000212324,43.117521000307953],[-72.997138999588472,43.117456999890287],[-72.997182000144491,43.116994999766568],[-72.997320000236755,43.115444999761145],[-72.997377000138158,43.114697999698933],[-72.99744599973512,43.113839999976953],[-72.998696000063092,43.09748799987964],[-72.998317999771317,43.096596999996237],[-72.999397000395049,43.08990900015641],[-73.000339999678047,43.084042999858966],[-73.001779000151885,43.075124000089794],[-73.001774000129018,43.074945999866777],[-73.001769000106151,43.074810000276962],[-73.00152800008172,43.067549999955496],[-73.001362000400377,43.062414000216712],[-73.001345999608517,43.061842000275242],[-73.001172000429563,43.056704000175671],[-73.000608000364949,43.039119999998505],[-73.000598000319215,43.02356499974119],[-73.002749000097367,43.023664999916313],[-73.003119999818125,43.023683000311415],[-73.003153000328396,43.023000999749065],[-73.003159000176183,43.022897000251298],[-73.003168000397011,43.022726999897294],[-73.003201000008985,43.022055000217669],[-73.003230000321309,43.021464000228583],[-73.004149000213161,43.003096000079999],[-73.004375000168963,42.998625000218489],[-73.004617999843219,42.99411199970492],[-73.004858000042731,42.989594999832306],[-73.005100999716973,42.985084000239382],[-73.005360000183046,42.980573000172349],[-73.005608999705089,42.976059000054441],[-73.00578000030761,42.972949999833006],[-73.005778999584408,42.972880999682801],[-73.005850999554411,42.971547999705663],[-73.005946999813887,42.969845999678832],[-73.005976000126211,42.969601999689317],[-73.006106999647457,42.967083000305067],[-73.00661600035879,42.958075000242047],[-73.007134000392668,42.949061000304887],[-73.007227000279073,42.947395999774287],[-73.007285999830302,42.94649399981531],[-73.007565000387871,42.941725000289601],[-73.007655999726154,42.940046999970015],[-73.008132999752135,42.930556000049677],[-73.008030999644888,42.93057100019886],[-73.006752999727837,42.930742000062615],[-73.00671400026809,42.930747000097647],[-73.000569000006905,42.930517999787007],[-72.995648000134409,42.93028099995621],[-72.994443999837202,42.930224000285449],[-72.99240400038714,42.930136000309432],[-72.982201000068784,42.929695999858765],[-72.973078000199123,42.929298000322355],[-72.972370000194459,42.92926700029021],[-72.972221000231542,42.929259000173268],[-72.97204100030649,42.929251999823443],[-72.969928999988099,42.929162000234996],[-72.957687000044601,42.928657999846394],[-72.953838000224835,42.928482999678721],[-72.951552999654069,42.928417000309466],[-72.945425999834541,42.928233000080105],[-72.944142000069704,42.928186000315904],[-72.944029999916722,42.928181999858495],[-72.943918999588647,42.928178000058551],[-72.940058000073293,42.9280390001081],[-72.924924999661656,42.927482999800702],[-72.923789999859721,42.927442000222875],[-72.92376999976824,42.926884000175797],[-72.923332999925236,42.915160000000739],[-72.924016999640443,42.897072000027961],[-72.924062999671193,42.895405000273151],[-72.925022999570942,42.879836000088901],[-72.925347000334355,42.873184999922216],[-72.925414000281506,42.8718580001105],[-72.925439000395855,42.871297000307337],[-72.925444000418722,42.87119699983861],[-72.925453999566159,42.870945000150961],[-72.925465000335109,42.870756999933292],[-72.925497999947083,42.87003899968758],[-72.926017999630773,42.859392000251546],[-72.926270000424168,42.856356000272321],[-72.926276000271955,42.856219000283453],[-72.926714999764755,42.846345999795844],[-72.926913000131478,42.842057999988491],[-72.927088999858583,42.837831000210258],[-72.92717599989723,42.835662000043669],[-72.927397999655071,42.829953999675801],[-72.927402999677952,42.829826999731161],[-72.927404000401168,42.829805000321159],[-72.926751999574691,42.824704999943222],[-72.926597999588907,42.823364999686163],[-72.927417999746552,42.805951000143381],[-72.927637000029662,42.801303000177732],[-72.927703000151922,42.799906000142975],[-72.927821000152676,42.797410000069654],[-72.928191999873448,42.789531999688464],[-72.928216000162891,42.789024999885747],[-72.928242999927079,42.788561000317237],[-72.928247000125026,42.78844000017623],[-72.928251000322987,42.788300999765923],[-72.928252999972813,42.788220000212831],[-72.928351999707019,42.786001000271725],[-72.928469999707801,42.783194000276133],[-72.928866000441232,42.773811000286251],[-72.92903100029767,42.769850000286837],[-72.929078999978259,42.768728999686658],[-72.929125999833914,42.767697999759037],[-72.929223999743215,42.765237999679044],[-72.929479000011327,42.759270999727356],[-72.9294909997069,42.758982000098158],[-72.929510999798381,42.758506000214773],[-72.929580000293683,42.756864999927544],[-72.929587999791281,42.756601999732503],[-72.929602000034976,42.756341000263753],[-72.929637000195086,42.755535999777393],[-72.929690999723434,42.754024000113624],[-72.929812000097257,42.751344000242597],[-72.929910999831463,42.747209000086698],[-72.929961999885094,42.744892999713471],[-72.929965000258136,42.744700000009786],[-72.930098000327533,42.739416000191746],[-72.930101999627169,42.739289999977437],[-72.930084000083838,42.739289999977437],[-72.929843999884312,42.739285000262129],[-72.928623999693599,42.739260999907543],[-72.928298000178657,42.739253999774917],[-72.927161999653521,42.739231999824135],[-72.926951999591225,42.73922800031206],[-72.926827999742684,42.739225999896171],[-72.92670300006921,42.739224000139998],[-72.926087999950965,42.739212000281952],[-72.925472000007829,42.739199999761858],[-72.924977000438503,42.73919000031627],[-72.923563000079014,42.739164000166852],[-72.916954000210637,42.739020999809817],[-72.916584000314785,42.739013000098417],[-72.897653000136984,42.738604000036815],[-72.891767000341886,42.738463000148435],[-72.891478999563475,42.738457000146056],[-72.882790000062059,42.738264000200189],[-72.877336000087098,42.73814499988292],[-72.874540999878406,42.738083999958874],[-72.870342000254254,42.737989000152339],[-72.870087999811034,42.737983000104109],[-72.867158999708039,42.737914999736844],[-72.864319000191799,42.737837999861625],[-72.864213999711509,42.737836000060689],[-72.858122999876997,42.737697000210765],[-72.857656999721669,42.737689000328594],[-72.854874000106847,42.737644999968502],[-72.854422000195228,42.737635000272149],[-72.837482999786928,42.737239999761115],[-72.816354999800225,42.736749000059646],[-72.810641000432554,42.736615999933562],[-72.810419999601308,42.736611000002647],[-72.809113000270244,42.736580999748782],[-72.806958000294159,42.736514000075232],[-72.791078000418082,42.736024000163297],[-72.791012000295851,42.736022000303812],[-72.78603000032399,42.735928999839999],[-72.779275999792333,42.735767999814023],[-72.778895000025841,42.735757999815043],[-72.77854400039655,42.7357479998144],[-72.778382999839764,42.735745999946062],[-72.778218999808232,42.735742000209143],[-72.778126999746732,42.735739999680803],[-72.778002999898163,42.735737000207763],[-72.777873000201822,42.735734000074764],[-72.777777999767252,42.735730999941623],[-72.768068000266751,42.735469999679509],[-72.762247999695575,42.735315999699672],[-72.758887999597349,42.735228000199321],[-72.749537999946938,42.734980999712469],[-72.723505999806193,42.734199000306269],[-72.723405000422161,42.734194999809738],[-72.723321999683179,42.734192000261977],[-72.723263000131951,42.734189999683629],[-72.721365000073774,42.734101000274279],[-72.721319000043025,42.734098999692996],[-72.720139999860166,42.734069000203391],[-72.71977800036025,42.734060000221717],[-72.719363000258554,42.734049999947317],[-72.713044999745009,42.733886000099282],[-72.701356999820391,42.733581999684652],[-72.692664000121013,42.73335600032074],[-72.686666999997826,42.733199999759634],[-72.686263999591702,42.733191999957164],[-72.686203000390634,42.733188000055527],[-72.686173000253419,42.733186999750181],[-72.685952000320484,42.733180999897165],[-72.685763000174589,42.733175999689244],[-72.685297000019261,42.733165000286249],[-72.682977000186725,42.733106000035733],[-72.676453999633765,42.732937000103625],[-72.676127000293917,42.732929000267184],[-72.675990000026573,42.732924999688777],[-72.675911000383863,42.732922999729411],[-72.675831999842814,42.73292099976991],[-72.674896000232536,42.732897000251405],[-72.674692999842947,42.732892000020641],[-72.674154999717601,42.732878000296068],[-72.661669000274955,42.732553999849216],[-72.661152000066011,42.732540999704355],[-72.658339000313958,42.732469999677043],[-72.643088999726444,42.732072999931667],[-72.641835999923742,42.73204399978583],[-72.624535000015513,42.731634000277829],[-72.623375999924136,42.731584000232878],[-72.620764000013537,42.731471999985914],[-72.616493000419382,42.731289000137011],[-72.616351999954077,42.731285999788824],[-72.613490999623124,42.731226999730396],[-72.613259999644455,42.731222000024808],[-72.612441000210026,42.731205000231078],[-72.606560000437796,42.731084999885297],[-72.604187000003478,42.73103700007789],[-72.603572999710153,42.731024000274864],[-72.602297000341238,42.730998000000845],[-72.601565000047145,42.730983000167676],[-72.598656000035618,42.730923999821016],[-72.598637999593947,42.730923999821016],[-72.598496000202047,42.730917999749067],[-72.592030000448815,42.730681000071968],[-72.591759000287155,42.73067400029047],[-72.59056300038587,42.730641000084489],[-72.575861999794355,42.730254000077657],[-72.573332999724428,42.730187999861016],[-72.573131000058055,42.730185000119448],[-72.570931999701017,42.730148000215479],[-72.570448000002344,42.730133000176785],[-72.570264999704236,42.730127999723138],[-72.569960000105723,42.730118999829429],[-72.56994699968692,42.730118999829429],[-72.565996999584812,42.729996000271264],[-72.56586699988847,42.729992000163541],[-72.565352000227676,42.729977000087082],[-72.554597000438605,42.729656000089541],[-72.529334000401875,42.728904999924708],[-72.517166000078234,42.728540999817227],[-72.516735999907908,42.728528000150966],[-72.516293000217146,42.728516000202823],[-72.511505000414033,42.728384999682909],[-72.499532999908979,42.728052999715352],[-72.492230000279648,42.727844000060685],[-72.464955000381948,42.7270509999232],[-72.464573999717118,42.727040000093815],[-72.463171999951498,42.726996000096918],[-72.462931999751987,42.726988000154151],[-72.462695999750437,42.726980000210311],[-72.462265999580111,42.726967000216909],[-72.462234999617976,42.726965999811192],[-72.462156999800172,42.726964000319569],[-72.462021000256058,42.726960000016277],[-72.461936999692156,42.726957000118603],[-72.458411999737478,42.72693300027202],[-72.458411999737478,42.726960000016277],[-72.458441999874722,42.727750000137959],[-72.458732000302945,42.728992999818594],[-72.459327000329694,42.73017600023401],[-72.45963199992822,42.730785999998886],[-72.46010599958116,42.731594999916325],[-72.460441000215198,42.732113999978132],[-72.461189000402854,42.732854000101064],[-72.461340999840488,42.73312800018045],[-72.461509000069981,42.733502000126578],[-72.461646000337339,42.733823000014212],[-72.46254699978752,42.73475300026778],[-72.462981999980713,42.735462999778683],[-72.463161000080845,42.735757999815043],[-72.46319200004298,42.735809000057024],[-72.463440999565009,42.736214999970038],[-72.46353699982447,42.736371999798976],[-72.463675999741653,42.736599999889272],[-72.464224999737638,42.737308999787906],[-72.46448500002866,42.737438999696693],[-72.465110000192638,42.737880999855157],[-72.466209000009528,42.738865999857758],[-72.466834999998426,42.739598000269183],[-72.467018000296534,42.739972000121803],[-72.467300000328834,42.740595000299031],[-72.467476000055925,42.741200000285318],[-72.467688999592937,42.741535999833722],[-72.468390999749829,42.742176999720051],[-72.468909999608584,42.742596000180832],[-72.469733999964205,42.743274999818034],[-72.470482999976753,42.74386000001973],[-72.470558000319812,42.743916000197224],[-72.47071099958238,42.743901000189993],[-72.470997999637547,42.743865000025849],[-72.471016000079231,42.743862999759571],[-72.47118400030871,42.743886000179081],[-72.471427999807858,42.74402299974777],[-72.471794000404074,42.74444299973139],[-72.47226700023208,42.744968999947993],[-72.473059999727226,42.745678999912606],[-72.473366000048998,42.746234999752737],[-72.473610000446456,42.746785000027437],[-72.473792999846253,42.747417999790891],[-72.473940999984265,42.747965999990328],[-72.47397100012148,42.74808800012417],[-72.474068000205875,42.7484329998194],[-72.47408300027449,42.748531999687145],[-72.474250999605658,42.749508000294654],[-72.474290999788636,42.749671999723994],[-72.474392999895883,42.750075999829754],[-72.474464000040996,42.750302000262145],[-72.474632000270475,42.750873999857554],[-72.474678000301225,42.751202000288664],[-72.474663000232624,42.751255999742746],[-72.474678000301225,42.751446000110917],[-72.474785000431353,42.751842999836946],[-72.474814999670272,42.752056999752632],[-72.474830999563792,42.752162999763961],[-72.474906999731772,42.75291899986437],[-72.474906999731772,42.753033000262469],[-72.47504399999913,42.754361000039303],[-72.475120999992029,42.755146000279851],[-72.475181000266488,42.75560399994589],[-72.475288000396603,42.756015999797988],[-72.475379999559792,42.756588000084562],[-72.475516999827136,42.757068999791599],[-72.475669999988028,42.757442999776934],[-72.475945000347622,42.758198000203976],[-72.476387000213506,42.759395999681161],[-72.476691999812019,42.760197000010933],[-72.476844999972897,42.760601000100635],[-72.47695200010304,42.76076899995671],[-72.477135000401134,42.761020999876024],[-72.477210999670802,42.761089999816534],[-72.477638000366397,42.761676999758507],[-72.478127000087909,42.762195999960092],[-72.47843199968645,42.762494000239514],[-72.478873999552306,42.762973999782723],[-72.479363000172171,42.763332999818694],[-72.479712999976556,42.763484999820626],[-72.480369999927561,42.763698999763974],[-72.480583000362913,42.763744999723073],[-72.480826999862074,42.763835999727952],[-72.481712000317046,42.764134000033032],[-72.482277000206565,42.764363000048142],[-72.483131999626011,42.764751999775115],[-72.483634999591246,42.76499600032556],[-72.484169000416955,42.765347000245399],[-72.484673000207096,42.765728000167684],[-72.485314000264609,42.766278000244725],[-72.485802000161243,42.766850000104014],[-72.486321000020013,42.767491000023057],[-72.486382000119377,42.767673999853749],[-72.486625999618539,42.767993999804467],[-72.486656999580688,42.768047999793893],[-72.486686999717904,42.768139000072523],[-72.486839999878782,42.768497999853295],[-72.486977000146126,42.768855999801858],[-72.487205999576673,42.76916200013666],[-72.48754200003566,42.769565999797656],[-72.487987000274586,42.770064999714485],[-72.488426999592306,42.770549999777458],[-72.489524999584319,42.771724999813401],[-72.490090000372163,42.772311999877914],[-72.490547000306634,42.772746999671895],[-72.49088299986731,42.772929999800063],[-72.491188000364147,42.773029999760517],[-72.491401999726065,42.773105999780725],[-72.491631000054923,42.773159000268855],[-72.49240900037978,42.773144000085566],[-72.492501000441308,42.773159000268855],[-72.492821000108435,42.773274000015036],[-72.493020000300064,42.77333500025815],[-72.493477000234549,42.773349999735814],[-72.493797999726596,42.773341999838991],[-72.494225000422176,42.773418999792],[-72.494987999780108,42.773609000122718],[-72.495324000239094,42.773670000035871],[-72.495873000235079,42.773700999795764],[-72.496300000032363,42.773700999795764],[-72.496635999593025,42.77363200005378],[-72.497048000219976,42.77352500018722],[-72.497368999712023,42.773479999892295],[-72.497704000346104,42.773364999869209],[-72.498054999975366,42.773152000007912],[-72.498269000235624,42.77299900032412],[-72.498405999604657,42.772899999978243],[-72.49857399983415,42.772716999761478],[-72.498665000070758,42.772548999994449],[-72.498726000170109,42.772412000176793],[-72.498803000163008,42.772305000180673],[-72.498894000399588,42.772220999795323],[-72.498971000392501,42.772098999692197],[-72.499031999593555,42.77183200015218],[-72.499017000423251,42.771527000165776],[-72.499015999700021,42.771228999815925],[-72.49906199973077,42.770976999874911],[-72.499168999860899,42.77040499987789],[-72.499245000028878,42.770007999711979],[-72.499321000196872,42.769848000199701],[-72.499413000258372,42.769726000038339],[-72.499459000289136,42.769466999899194],[-72.499474000357736,42.769215000043218],[-72.499462999588772,42.769020000126169],[-72.499474000357736,42.768925000248551],[-72.49958099958954,42.768811000071238],[-72.499763999887648,42.768818999893803],[-72.499824999987027,42.768818000163357],[-72.499901999979912,42.768818000163357],[-72.500115000415249,42.7687340003244],[-72.500221999647039,42.768611999947247],[-72.500297999815032,42.768382999812005],[-72.500634000274019,42.767993999804467],[-72.50095399994116,42.767749999851631],[-72.501214000232167,42.767520999826928],[-72.501533999899294,42.76723900004162],[-72.501839000396131,42.767108999974823],[-72.502586999685434,42.766850000104014],[-72.502984000243799,42.766719999880394],[-72.503318999979541,42.766629000155035],[-72.503579000270534,42.76646800005981],[-72.503822999769696,42.766194000258722],[-72.504067000167169,42.766125000067284],[-72.50424999956698,42.766101999986383],[-72.504739000186831,42.766049000054167],[-72.505196999946222,42.766034000127306],[-72.505638999812106,42.765979999701166],[-72.505975000271064,42.765889000207736],[-72.506279999869605,42.765804999694261],[-72.506509000198463,42.765720999726369],[-72.506669000032034,42.765629000070504],[-72.506874999896354,42.765492000114655],[-72.507134000362441,42.765155999840474],[-72.507332999655759,42.764965000165681],[-72.507653000221211,42.764705999904216],[-72.507942999751123,42.764538000171626],[-72.508370000446703,42.764400999781571],[-72.508568999740021,42.764386000115231],[-72.509117999736006,42.764561000173693],[-72.509362000133478,42.764545999886586],[-72.509515000294357,42.764515000161026],[-72.509773999862134,42.76427099969456],[-72.509911999954397,42.764279000103507],[-72.510033000328221,42.764232999881393],[-72.510399999851018,42.7640879997033],[-72.510675000210625,42.763973999857122],[-72.511178000175889,42.763882000244841],[-72.511482999774401,42.763958000278464],[-72.511789000096144,42.763951000296593],[-72.512338000092157,42.764041999998881],[-72.512657999759284,42.764049999777882],[-72.513070000386264,42.764072999961122],[-72.513313999885398,42.76414899976043],[-72.513421000015526,42.764195000044921],[-72.513847999812796,42.764423999834548],[-72.514077000141654,42.764561000173693],[-72.514488999870309,42.764798000271355],[-72.514764000229917,42.764988000009261],[-72.514917000390781,42.765079999957571],[-72.515466000386795,42.765629000070504],[-72.515648999786592,42.765979999701166],[-72.515709999885942,42.76617799993447],[-72.5159390002148,42.766528999751863],[-72.516000000314165,42.766758000146446],[-72.516151999751827,42.767108999974823],[-72.516442000180049,42.767956000296635],[-72.516488000210799,42.768306999931355],[-72.516580000272313,42.768649999712117],[-72.516549000310178,42.768818000163357],[-72.516473000142199,42.769123000300894],[-72.51627399995057,42.76939800005627],[-72.516151999751827,42.769702999975578],[-72.516107000444293,42.769855999888392],[-72.515786000053922,42.77035199967073],[-72.515526999587848,42.770587999672287],[-72.515359000256666,42.770710000114057],[-72.515169000285866,42.770870000037341],[-72.515107000361596,42.770920000052243],[-72.515038999691214,42.770976999874911],[-72.514691000434979,42.7712159998676],[-72.514473999801695,42.771366000272089],[-72.514276000333282,42.771495999977141],[-72.514236999975239,42.771521999753517],[-72.51397000001154,42.771732999919095],[-72.513756999576202,42.771824000059283],[-72.513663999689797,42.771880000028396],[-72.512460000290901,42.772602000299869],[-72.512062999732549,42.772815999740466],[-72.511758000134009,42.772990999722587],[-72.511436999743651,42.773181999707667],[-72.511132000145111,42.773403000015129],[-72.510780999617538,42.773609000122718],[-72.510491000087612,42.773830999874868],[-72.510125000389721,42.774159000119489],[-72.509682999625539,42.774563000156114],[-72.509530000362972,42.774730999734984],[-72.509423000232857,42.774845000225852],[-72.509285999965499,42.775012999699115],[-72.509163999766756,42.775303000001792],[-72.509027000397737,42.77556999974361],[-72.508905000199007,42.775913000184772],[-72.508659999976615,42.776431999804601],[-72.508492999572027,42.777119000043854],[-72.508430999647757,42.777500000087024],[-72.508386000340209,42.777691000012197],[-72.508386000340209,42.777851999947195],[-72.508384999617007,42.778041999864385],[-72.508401000408838,42.778339999740119],[-72.508461999609892,42.778683000003355],[-72.5087369999695,42.779521999874817],[-72.508996000435602,42.78002599974085],[-72.509285999965499,42.78053700020601],[-72.510019000084512,42.781666000182646],[-72.51059800021774,42.782421000115527],[-72.510841999716902,42.782696000161373],[-72.511969000021224,42.784020999923058],[-72.512230999962028,42.784329000107633],[-72.512611999728534,42.784724999976987],[-72.51305500031765,42.785129999770547],[-72.51393999987431,42.785923000027822],[-72.514154000134539,42.786137000242192],[-72.515145999821328,42.786999000213008],[-72.516136999683212,42.787869000045731],[-72.516258000057022,42.787971999855976],[-72.516685999679197,42.788318999798676],[-72.517038000031732,42.788592999944512],[-72.518228000085202,42.78949400021132],[-72.519418000138714,42.790393999846707],[-72.51975399969939,42.790660999777018],[-72.521219000112509,42.79176699992901],[-72.521431999649522,42.79189700031295],[-72.522011999607656,42.792361999932751],[-72.523446000058627,42.793438000251903],[-72.524087000116154,42.793925999802958],[-72.524865000440997,42.794528999941392],[-72.526104999824895,42.795465000058336],[-72.526299999818576,42.795611999857364],[-72.526360999917927,42.795666000153211],[-72.526680999585068,42.795878999688846],[-72.52697100001329,42.796123000208645],[-72.527367999673331,42.796390999757364],[-72.527932999562864,42.79685599988747],[-72.528008999730829,42.796885999967216],[-72.529030999554848,42.79767199977519],[-72.529625999581611,42.79810700003398],[-72.530161000232226,42.798541999871297],[-72.530938999658758,42.799106999685684],[-72.531332000019148,42.799394000156354],[-72.53173200005223,42.79968600007053],[-72.532097999750121,42.799960999874116],[-72.532296999941764,42.800121000012346],[-72.532830999869134,42.800556000191499],[-72.533196999567039,42.800822999782241],[-72.534403000412368,42.801692999734357],[-72.534922000271152,42.802119999933041],[-72.535440000305002,42.802508999766836],[-72.535806000002879,42.802798999798412],[-72.536904999819797,42.803614999743495],[-72.537271000415998,42.803897999783331],[-72.53754599987731,42.804103999925118],[-72.537897000404911,42.804354999676299],[-72.538140999904059,42.804530999960505],[-72.538370000232916,42.804713999732535],[-72.539910999915705,42.805881000304112],[-72.540171000206698,42.806079999941076],[-72.54038399974371,42.80623199981212],[-72.540735000271312,42.806498999951771],[-72.541039999869838,42.806743000113265],[-72.541512999697858,42.807094000002579],[-72.541696999820857,42.807895000301308],[-72.541834000088215,42.808474999914445],[-72.541971000355574,42.809001999946751],[-72.542048000348458,42.809298999985003],[-72.542199999786121,42.809992999964564],[-72.54233700005345,42.811091999993963],[-72.542512999780541,42.812848000129542],[-72.542536000245093,42.813082999920844],[-72.542505000282944,42.813236000048185],[-72.542536000245093,42.813906999887799],[-72.542551000313694,42.814594000033544],[-72.542444000183579,42.815196999733871],[-72.542398000152829,42.815364999744034],[-72.542429000114979,42.815646999770557],[-72.542580999552612,42.816096999827437],[-72.542840999843605,42.816662000101523],[-72.543177000302592,42.817248999758633],[-72.543293999580143,42.817407999728189],[-72.543362000250525,42.817462999713655],[-72.543553000046245,42.817730000134063],[-72.543561000442153,42.817789999803345],[-72.544076999927867,42.818568999845013],[-72.544260000225975,42.818943000061822],[-72.544398000318239,42.819210000021862],[-72.544641999817401,42.819834999847437],[-72.54474800012261,42.820178999683158],[-72.544764000016144,42.820214000087809],[-72.544791999605224,42.82029499993174],[-72.544840000184109,42.820430000094746],[-72.544863999575242,42.820467999682357],[-72.545114999645406,42.820864999786238],[-72.545220999950629,42.821361000070091],[-72.545297999943514,42.821491000211665],[-72.545420000142258,42.821750000140185],[-72.545571999579906,42.822009999831941],[-72.545693999778635,42.822254000078743],[-72.545770999771548,42.822612000172356],[-72.545846999939513,42.822895000268225],[-72.545908000038878,42.823131000265562],[-72.546000000100406,42.823383000061057],[-72.546091000336986,42.823749000177983],[-72.546123999948946,42.823873999773753],[-72.54613700036775,42.823917000013758],[-72.546270000437133,42.824150999753634],[-72.546349999904763,42.82429100016568],[-72.546441999966262,42.824587999914726],[-72.546487999997012,42.824833000013555],[-72.546564000165006,42.825161000137157],[-72.546580000058526,42.825199000111297],[-72.54661000019577,42.825412000088733],[-72.54665600022652,42.825755999860498],[-72.546640000332985,42.827083000264174],[-72.546625000264385,42.827707000123915],[-72.54661000019577,42.828341999911594],[-72.546625000264385,42.828776999933339],[-72.54667100029512,42.830005000119669],[-72.546717000325884,42.830631000227427],[-72.546717000325884,42.831150000194668],[-72.546763000356634,42.831562000081639],[-72.546792999595553,42.832713999753253],[-72.546856000243054,42.833676999876943],[-72.546914999794268,42.834583000318382],[-72.546955999802165,42.835489999965027],[-72.546992999612087,42.83633500016208],[-72.547036999993026,42.837321999772875],[-72.547074999627853,42.838377000259293],[-72.547083000023775,42.838542000095735],[-72.547144000123126,42.838908999956494],[-72.547266000321883,42.839205999949542],[-72.547358000383383,42.839549000114623],[-72.547479999683802,42.839794000195994],[-72.547632000019775,42.840083999950892],[-72.548211999977909,42.841135999747891],[-72.548516999576449,42.841709000037682],[-72.548593999569334,42.84199800015994],[-72.548684999805928,42.842265000003628],[-72.548807999829563,42.842586000182742],[-72.548975000234165,42.842791999893151],[-72.549021000264915,42.842883000285056],[-72.549264999764048,42.843128000319339],[-72.549402000031421,42.843219000216386],[-72.549890999752947,42.843601000196358],[-72.550286999588067,42.843898000029803],[-72.55048599977971,42.844051000304894],[-72.551034999775709,42.84450799986481],[-72.551447000402661,42.844837000122766],[-72.551752000001187,42.84506500014453],[-72.552042000429424,42.845302000271808],[-72.55243900008945,42.845721999756314],[-72.552758999756591,42.846300999760061],[-72.553126000177713,42.846934999715081],[-72.55339999981409,42.847376999700749],[-72.553808000243095,42.848216999870424],[-72.553903999604245,42.848414999832116],[-72.554255000131846,42.848979000036223],[-72.554605999761137,42.84951300013546],[-72.554881000120744,42.849880000028101],[-72.555246999818635,42.850429000135719],[-72.555581999554377,42.850902000090301],[-72.555841999845384,42.851237999872275],[-72.555979000112728,42.851404999693457],[-72.556098999763321,42.851545000276111],[-72.556298999779884,42.851763999901969],[-72.556471000207324,42.851875000299891],[-72.556559000070877,42.851931999981694],[-72.556594000230973,42.851969999959913],[-72.556708999858699,42.85209499977519],[-72.556817999638639,42.85221399981738],[-72.556939999837368,42.852373999772794],[-72.557016999830282,42.852618000009834],[-72.557077999929632,42.852863000290071],[-72.557123999960396,42.853236000113831],[-72.557092999998247,42.853472999843071],[-72.557016999830282,42.853884999725096],[-72.557000999936747,42.854120999928277],[-72.556955999730917,42.854315999744969],[-72.556882000111059,42.854566000162755],[-72.556802999570039,42.854716999719372],[-72.556620000170241,42.855037000075839],[-72.556452999765654,42.855370999794758],[-72.55626899964264,42.855807999810253],[-72.556101000311472,42.856143000264296],[-72.555948999975513,42.856517000322576],[-72.555871999982614,42.856776000324373],[-72.555642999653756,42.857142999862475],[-72.555506000284723,42.857401999872643],[-72.555307999918,42.857722000144406],[-72.555078999589128,42.85811899999576],[-72.554987000425939,42.858286999909033],[-72.554942000220109,42.858408999990672],[-72.554789000059216,42.858859000215503],[-72.554559999730387,42.859408999768064],[-72.554438000429954,42.859766999964577],[-72.554377000330575,42.860034000047307],[-72.554316000231225,42.860355000075856],[-72.554270000200461,42.860613999782942],[-72.55434600036844,42.861628999873311],[-72.554361000437069,42.861934000237262],[-72.554392000399204,42.862276999973552],[-72.554438000429954,42.862619999779618],[-72.554452999600258,42.862895000207772],[-72.554513999699637,42.863269000193775],[-72.554743000028466,42.86408500014047],[-72.554804000127831,42.864496999672845],[-72.55486500022721,42.864794999925529],[-72.554972000357338,42.865099999792633],[-72.555093999657757,42.865405000128163],[-72.555170999650642,42.865657000047811],[-72.555276999955851,42.865970000038871],[-72.555336000405418,42.866238999897021],[-72.555382000436168,42.866451999973727],[-72.555435000139624,42.866692000051309],[-72.555452999682956,42.866777000047023],[-72.555476999972413,42.866886000211124],[-72.555493999690839,42.866959999934998],[-72.555501000261842,42.866996000302407],[-72.555537000246858,42.867159999954772],[-72.555567000384087,42.867487999927654],[-72.555581999554377,42.8677469999976],[-72.555506000284723,42.868051999764361],[-72.555445000185358,42.868402999862909],[-72.555399000154608,42.86870099969488],[-72.555369000017365,42.868868999783466],[-72.555338000055229,42.869075000059595],[-72.555384000085979,42.869441000151951],[-72.555460000253973,42.869807000049164],[-72.555445000185358,42.869982999673113],[-72.555430000116743,42.870302999918152],[-72.555369000017365,42.870577999698199],[-72.5552159998565,42.870898000150255],[-72.555231999750006,42.871210999900839],[-72.555276999955851,42.871539000073284],[-72.55526199988725,42.871805999938282],[-72.55526199988725,42.872141999872738],[-72.555338999880135,42.872744999705937],[-72.555338000055229,42.873073000284471],[-72.55535399994875,42.873340000096547],[-72.555384000085979,42.873705999914819],[-72.555430000116743,42.874002999812497],[-72.555430000116743,42.874309000266848],[-72.555415000048114,42.874667000301024],[-72.555306000268175,42.875081000281384],[-72.555257999689289,42.875426000008623],[-72.554835000089994,42.87625400017437],[-72.554697999822636,42.876566999752391],[-72.554574999798973,42.876887000092118],[-72.554440000079765,42.877321999980765],[-72.554377000330575,42.877527999691964],[-72.554286000093981,42.877818000017996],[-72.554182000336922,42.878039999759729],[-72.554161000420507,42.878089000125897],[-72.553979999772238,42.878474000144401],[-72.553660000105111,42.879305999906194],[-72.553445999844854,42.879886000256185],[-72.552804999787341,42.881709000262283],[-72.552789999718726,42.881846000296122],[-72.552636999557848,42.882395999762622],[-72.552531000150964,42.882990999911542],[-72.55243900008945,42.883364999907862],[-72.552362000096551,42.883732999863042],[-72.552331999959335,42.883875999745285],[-72.552306999844973,42.884103999783356],[-72.552301999822106,42.884149999758158],[-72.552470000051599,42.884463000092687],[-72.552561000288179,42.884729999989354],[-72.552592000250328,42.884859999769709],[-72.552622000387544,42.885043000014008],[-72.552561000288179,42.885149999862172],[-72.552424000020849,42.885287000153447],[-72.552148999661227,42.885478000325662],[-72.55187400019993,42.885629999788577],[-72.551356000166066,42.885882000064925],[-72.550821000413777,42.886102999943155],[-72.550257000349177,42.886217999709572],[-72.548837999966807,42.886393000116115],[-72.548380000207388,42.886493000313592],[-72.547418999584437,42.886720999894351],[-72.546687000188655,42.886935000166041],[-72.546625000264385,42.886949999745092],[-72.546258999668154,42.887118000178539],[-72.545954000069628,42.887233000027351],[-72.54566399964142,42.887346999871859],[-72.54523699984415,42.887507000268293],[-72.544976999553143,42.887644999717402],[-72.544871000146259,42.88767499984295],[-72.543741000367206,42.888124999975396],[-72.543374999771004,42.888262000241404],[-72.542932999905119,42.888429999734349],[-72.542612000413072,42.888521999779911],[-72.542199999786121,42.88866699994513],[-72.541910000256195,42.888751000184541],[-72.541635999721493,42.888872999952397],[-72.54131500022946,42.888995000137079],[-72.541055999763358,42.889131999787153],[-72.540720000202697,42.889284999877425],[-72.540490999873825,42.889422000199687],[-72.540247000374677,42.889551999964716],[-72.540125000175948,42.889696999683153],[-72.53994199987784,42.889917999714918],[-72.539788999716961,42.890162000316323],[-72.53949900018705,42.890436999791241],[-72.539361999919691,42.890597000070329],[-72.539072000389794,42.890788000254879],[-72.538659999762828,42.891046999946262],[-72.538416000263666,42.891223000200952],[-72.538018999705315,42.891467000246806],[-72.537745000068938,42.891673000116597],[-72.537195000248019,42.892008999808041],[-72.536631000183419,42.892427999773254],[-72.536309999793048,42.892657000154934],[-72.535928000201636,42.892985000188972],[-72.535532000366516,42.893243999868105],[-72.535333999999779,42.893412000270175],[-72.534357000381618,42.894351000306656],[-72.533379999865147,42.895312000303882],[-72.532922999930634,42.895822999889035],[-72.532841999739787,42.895926999853998],[-72.532696999974831,42.896110999817871],[-72.532616999608891,42.896211999700569],[-72.532480000239872,42.896350000074314],[-72.531854000250959,42.897241999790133],[-72.531670999952865,42.897502000300548],[-72.531518999616893,42.897775999672241],[-72.531336000217109,42.898188000009583],[-72.531305000254974,42.898393999803979],[-72.53124400015561,42.898989000287436],[-72.531214000018366,42.899271999950273],[-72.531305000254974,42.899584000293871],[-72.531305000254974,42.899911999678316],[-72.531336000217109,42.900263000176629],[-72.53133500039219,42.900545999914556],[-72.531305000254974,42.900613999992849],[-72.531259000224196,42.901110000308265],[-72.531183000056231,42.902673999755628],[-72.531167999987616,42.903368000018574],[-72.531106999888252,42.903910000265455],[-72.531106999888252,42.904475000324503],[-72.531090999994731,42.905100000233055],[-72.531090999994731,42.905473999746228],[-72.531152999919001,42.90582500016351],[-72.531366000354325,42.906336000137642],[-72.531533999685507,42.906771000293041],[-72.531594999784872,42.9070990002635],[-72.531548999754108,42.907420000263961],[-72.531487999654757,42.907710000214763],[-72.531351000285724,42.908030000210744],[-72.531198000124846,42.908349999861379],[-72.530969999620893,42.908746999746747],[-72.530756000258961,42.90919700008493],[-72.530725000296826,42.909379999835473],[-72.530680000090982,42.909532999695259],[-72.530649000128832,42.909838000166147],[-72.530603000098083,42.910158999719755],[-72.530526999930103,42.910426000227069],[-72.530434999868604,42.91078399989798],[-72.530358999700624,42.911073999812409],[-72.530023000139963,42.91153200005617],[-72.529809999704625,42.911859999693561],[-72.529566000205463,42.91219599991922],[-72.529367000013835,42.912485999769032],[-72.529091999654227,42.912722000259585],[-72.528802999949221,42.912958999879024],[-72.528467000388559,42.913111000035201],[-72.528100999792343,42.91324099986273],[-72.527550999971439,42.913392999981326],[-72.526422000017305,42.913683000119875],[-72.525842000059157,42.913928000126369],[-72.525415000261901,42.914156000253648],[-72.525093999871544,42.914393000279631],[-72.524850000372382,42.914652000167877],[-72.524605999974895,42.914874000239593],[-72.524498999844781,42.915148000037433],[-72.524437999745416,42.915461000289426],[-72.524422999676801,42.915881000086564],[-72.524361999577451,42.916231999793638],[-72.524286000307768,42.91648300004497],[-72.524210000139789,42.916773000116045],[-72.524148000215504,42.917063000138064],[-72.52413300014689,42.917390999942839],[-72.524194000246268,42.917994000231403],[-72.524283999759632,42.918669000201881],[-72.524316000445012,42.919000999748228],[-72.524422999676801,42.919290999810251],[-72.524514999738315,42.919596000013499],[-72.524560999769065,42.919840000273126],[-72.524652000005673,42.920144999732287],[-72.524835000303753,42.920794000312249],[-72.525017999703564,42.921388999708661],[-72.525170999864429,42.921946000306733],[-72.525323000200402,42.922479999993804],[-72.525430000330516,42.9228999999698],[-72.525551999630949,42.92335000024368],[-72.525780999959792,42.92410500010957],[-72.525949000189286,42.92470799981318],[-72.526131999589069,42.925280000127017],[-72.526590000246799,42.926790999676498],[-72.526833999745946,42.9274160002198],[-72.526986999906839,42.927980999889371],[-72.527078000143419,42.928346999765104],[-72.527032999937589,42.928538000085645],[-72.52700199997544,42.928889000043128],[-72.527093000212034,42.929574999726441],[-72.527078000143419,42.930147000231074],[-72.52692599980746,42.930749999986944],[-72.526803999608731,42.931200000139924],[-72.526697000376913,42.931658000100057],[-72.526590000246799,42.932284000306716],[-72.526636000277549,42.93286299992829],[-72.526697000376913,42.933420000042069],[-72.526666000414778,42.933664999835855],[-72.526576000003075,42.934114999736657],[-72.526559000284664,42.934206000325304],[-72.526559000284664,42.934274999785856],[-72.526529999972325,42.934420999895551],[-72.526406999948691,42.935037999942409],[-72.526299999818576,42.935366000072896],[-72.526284999749947,42.935624999928081],[-72.526284999749947,42.935984000175679],[-72.526284999749947,42.936250999929719],[-72.52639100005517,42.936364999900611],[-72.526468000048055,42.936449000263352],[-72.526514000078819,42.936624999806199],[-72.526452999979441,42.9370439997166],[-72.526452999979441,42.937951999763712],[-72.526514000078819,42.938280000156617],[-72.526422000017305,42.938563000270435],[-72.526483000116684,42.939172999710664],[-72.526575000178184,42.939684000024762],[-72.526697000376913,42.940270999783387],[-72.526940999876075,42.941378000092023],[-72.527109000105554,42.941881000069031],[-72.527216000235683,42.94219399997295],[-72.527458999909939,42.942933999913663],[-72.527689000063702,42.943505999968558],[-72.527993999662229,42.944634999909006],[-72.528130999929573,42.945009000152197],[-72.528207000097552,42.945086000036277],[-72.528527999589599,42.945505000236686],[-72.528894000185829,42.945756999740304],[-72.529244999815091,42.94605500000344],[-72.529581000274078,42.94626000010603],[-72.529931999903368,42.9463289998683],[-72.530373999769225,42.94636700023802],[-72.530740000365455,42.946428000021072],[-72.53129000018636,42.946565999749261],[-72.531670999952865,42.946711000164292],[-72.532143999780885,42.94696199985318],[-72.53222099977377,42.947038999924565],[-72.532815999800505,42.94742000028667],[-72.533349999727903,42.947907999689207],[-72.53373100039272,42.948243999928565],[-72.534005999854017,42.948572000068275],[-72.534189000152139,42.948847000015107],[-72.534311000350868,42.9490990003031],[-72.534432999651301,42.94935800025457],[-72.534508999819266,42.94990699969631],[-72.534524999712801,42.950235000179447],[-72.534449000443132,42.950487000044923],[-72.534403000412368,42.950800000246694],[-72.534342000313003,42.951197000139167],[-72.534189000152139,42.951624000008771],[-72.534035999991261,42.952058999989454],[-72.533929999686038,42.952295000111732],[-72.533808000385633,42.952584999908744],[-72.533594000125376,42.952805999997352],[-72.533379999865147,42.95305100023905],[-72.533121000297356,42.953362999859564],[-72.532754999701154,42.953775000070713],[-72.532677999708255,42.953897000015679],[-72.532526000270622,42.954133999686306],[-72.532388000178344,42.954453999865805],[-72.53220499988025,42.954720999734484],[-72.532021999582142,42.954943000050875],[-72.531793000151595,42.955126000020471],[-72.531426999555379,42.95531600012086],[-72.531152000094082,42.955461000304531],[-72.530634999885137,42.955711999814909],[-72.529671999612361,42.956179000124244],[-72.52935199994522,42.956339000035904],[-72.528925000147964,42.956537000197173],[-72.528542999658228,42.956696999835508],[-72.528192000028938,42.956857999692666],[-72.527811000262432,42.957017999811235],[-72.527139000242798,42.957315000152995],[-72.526452999979441,42.957712000095405],[-72.525857999952692,42.958094000091144],[-72.525323000200402,42.958428999996016],[-72.524881000334503,42.958673000256553],[-72.523913999863765,42.959267999904064],[-72.523009000215637,42.959859999928966],[-72.522485000333972,42.960245000162253],[-72.521900000352971,42.960719000315017],[-72.52126699979307,42.961228000123036],[-72.520790999592009,42.961610999884726],[-72.520736000238742,42.961653000278275],[-72.520470999924868,42.961855000017252],[-72.519998000096862,42.96201500029013],[-72.519799999730139,42.962259000135226],[-72.519494000306707,42.962511000069426],[-72.519249999909235,42.962641000169256],[-72.518899000279958,42.962824000253924],[-72.518669999951101,42.962952999814064],[-72.51836500035256,42.963137000160785],[-72.518105999886473,42.963212999843329],[-72.517739000363676,42.963280999791046],[-72.517282000429176,42.963335000140709],[-72.51694599997019,42.963403999824592],[-72.516519000172948,42.963448999919756],[-72.516092000375664,42.96347200021858],[-72.515694999817342,42.963602000259925],[-72.514856000291431,42.963678000025368],[-72.514404000379812,42.963722999920066],[-72.514231999952358,42.963738999743271],[-72.514000999973675,42.963761999933674],[-72.513552000435098,42.963725000309068],[-72.513147000379149,42.96377000016939],[-72.512657999759284,42.963800000058022],[-72.512307000130008,42.96384599972734],[-72.511467999705786,42.963921999848736],[-72.51064400024849,42.963968000084165],[-72.510141000283255,42.96400600008122],[-72.50966799955691,42.96407500032732],[-72.509239999934749,42.96411300025828],[-72.508950000404852,42.964136000308912],[-72.508461999609892,42.964197000230023],[-72.508003999850487,42.964243000259827],[-72.507699000251961,42.964327000054062],[-72.507439999785888,42.964380000287804],[-72.506982000026468,42.964403000238612],[-72.50673799962901,42.964387999785821],[-72.506478000236328,42.964426000180822],[-72.50634099996897,42.964463999894967],[-72.506096999571497,42.964654999936513],[-72.50586800014095,42.964898999829032],[-72.505638999812106,42.965135000011337],[-72.50538000024433,42.965371999784658],[-72.505073999922573,42.96551699993632],[-72.504800000286181,42.965668999900615],[-72.50443299986506,42.965783999788414],[-72.504067000167169,42.965906000246051],[-72.503700999570967,42.965974999675744],[-72.503212999674332,42.966080999887332],[-72.502831000082921,42.966134999751262],[-72.502450000316415,42.966196000319592],[-72.502021999795915,42.96627200016718],[-72.501533999899294,42.966340999843666],[-72.501061000071289,42.966432000127554],[-72.500847999635937,42.96640900027797],[-72.500748999901731,42.966422999758741],[-72.50008500027802,42.966516000219528],[-72.49958099958954,42.966619999861436],[-72.499566000419236,42.966622999974902],[-72.499337000090378,42.966676000202554],[-72.498665000070758,42.966745000083229],[-72.497993999876016,42.966791000179825],[-72.497490999910767,42.966828999747797],[-72.497215999551145,42.96690500012803],[-72.496772999860369,42.966973999751843],[-72.496468000261842,42.967004999862482],[-72.496377000025248,42.967035000145536],[-72.495659999799756,42.967233000069065],[-72.495537999601027,42.967249000294025],[-72.495048999879472,42.967316999724588],[-72.494560999982852,42.967332999927649],[-72.493843999757345,42.967377999778144],[-72.493141999600482,42.967431999818153],[-72.493035000368693,42.967447000186077],[-72.492425000273315,42.967638000168535],[-72.492180000050922,42.967675999870572],[-72.491966999615599,42.967806000230681],[-72.491707000222917,42.968056999996904],[-72.491280000425647,42.968583999677271],[-72.490913999829459,42.968980999869729],[-72.490318999802682,42.969323999825413],[-72.489799999943926,42.969598999721136],[-72.489266000016528,42.969782000141571],[-72.489097999787049,42.969919000322683],[-72.489005999725535,42.970125000231711],[-72.48894499962617,42.970177000310279],[-72.488854000287901,42.970255000017033],[-72.488793000188522,42.970277999743139],[-72.488609999890414,42.970339000146801],[-72.488289000398368,42.970299999701709],[-72.48810600010026,42.97036100008355],[-72.48801499986368,42.970506000306578],[-72.487999999795051,42.970659000184867],[-72.487998999970131,42.970734999776695],[-72.487907999733551,42.97087999977532],[-72.487694000371633,42.971085999752162],[-72.487449999974146,42.971375999724451],[-72.487311000056962,42.971509000027247],[-72.487075000055427,42.97167200003576],[-72.486762999885869,42.971811000076791],[-72.486152999790519,42.972161999827165],[-72.485649000000365,42.972406000177408],[-72.485176000172345,42.972573999704998],[-72.484901999637643,42.972643000199625],[-72.484397999847502,42.972664999969538],[-72.484183999587245,42.972711000239862],[-72.484078000180347,42.972765000198912],[-72.484063000111732,42.972833000104202],[-72.483925000019468,42.972977999757546],[-72.48369599969061,42.973055000141656],[-72.483299999855504,42.97302399979371],[-72.483192999725375,42.973055000141656],[-72.483054999633111,42.9731229997263],[-72.483025000394193,42.973176999980879],[-72.482948000401308,42.973268000010478],[-72.48281100013395,42.973397999725279],[-72.482673999866606,42.973504999997253],[-72.482536999599262,42.973527999822515],[-72.482185999969971,42.97354300001831],[-72.482078999839842,42.973581000015884],[-72.481925999678978,42.97374900027738],[-72.481728000210566,42.973923999952198],[-72.481636000149066,42.973954999846434],[-72.481391999751594,42.973969999938063],[-72.48078199965623,42.973947000278095],[-72.480492000126318,42.973901000275035],[-72.480094999567953,42.97374900027738],[-72.479927000236799,42.973710999726343],[-72.479882000030955,42.973687999969457],[-72.479332000210036,42.973489000085095],[-72.478706000221152,42.973183999937362],[-72.478416999617835,42.972986000109259],[-72.47791299982768,42.97259699987849],[-72.477149999571438,42.972047999762744],[-72.476921000140891,42.971788000266642],[-72.476753999736317,42.971681000293827],[-72.476615999644054,42.971642999779526],[-72.476311000045527,42.97149800026515],[-72.475989999655155,42.971451999744858],[-72.47548699968992,42.97149800026515],[-72.475243000190758,42.971536000211742],[-72.474770000362753,42.971651000304902],[-72.474114000236625,42.971909999990082],[-72.47371699967826,42.972124000267343],[-72.473075999620775,42.972527999989531],[-72.472832000121613,42.972726999697088],[-72.472526999624776,42.973039000112429],[-72.472357999570363,42.973245000087921],[-72.472099000002601,42.97354300001831],[-72.471718000236095,42.973963000071045],[-72.47071099958238,42.975083999891154],[-72.469917000262313,42.97576299982574],[-72.468803000376795,42.97660999982525],[-72.468620000078687,42.976716999766495],[-72.468071000082688,42.97700700013305],[-72.467719999555101,42.977257999812998],[-72.467582000361134,42.977311999722829],[-72.466865000135641,42.977640000030512],[-72.46645400023192,42.977899000125312],[-72.466132999841548,42.97815099973883],[-72.465355000415016,42.978821999734656],[-72.464835999657922,42.979448000107055],[-72.464104000262139,42.980149999807566],[-72.463905000070511,42.98031799986736],[-72.462515999825385,42.981744000111199],[-72.461844999630642,42.982599000287337],[-72.461724999980049,42.9828449997379],[-72.461699999865687,42.982870999990965],[-72.46163000044379,42.983050999722643],[-72.461601000131481,42.983353999811328],[-72.46161600020011,42.983750999948988],[-72.461813999668522,42.984215999955552],[-72.461966999829386,42.984399000252878],[-72.462226000295473,42.984612999783891],[-72.463248999944398,42.985589999672634],[-72.463508000410471,42.985856999784488],[-72.463660999673039,42.986084999759477],[-72.463879000131229,42.986302999959257],[-72.463968999644607,42.9863919999693],[-72.464316999799166,42.986574000208847],[-72.464454999891416,42.986803000300739],[-72.464469000135111,42.987123000093433],[-72.464515000165875,42.987236999810207],[-72.46494299978805,42.98793199969495],[-72.465202000254138,42.988579999953259],[-72.46536999958532,42.98917500010247],[-72.46541599961607,42.989632999766407],[-72.46536999958532,42.990403999753418],[-72.465278000422117,42.990899999923634],[-72.465111000017529,42.991585999815499],[-72.465003999887415,42.991952000008538],[-72.465034000024644,42.992257999768128],[-72.465003999887415,42.992380000273862],[-72.46494299978805,42.99242700030711],[-72.464835999657922,42.992517000046817],[-72.464743999596408,42.992707999700222],[-72.464592000158788,42.993715000119188],[-72.464577000090159,42.993776000270273],[-72.464438999997896,42.994072999882349],[-72.464255999699802,42.994339999941126],[-72.463936000032646,42.994728999938843],[-72.463828999902532,42.995041999765718],[-72.463721999772403,42.995537999956781],[-72.46359999957366,42.995805000220827],[-72.46297399958479,42.996843000007118],[-72.462515999825385,42.997445000141795],[-72.462242000188994,42.997734999972451],[-72.461264999672508,42.998528999827414],[-72.460945000005367,42.998871999871376],[-72.460883999906002,42.9990250001239],[-72.460745999813739,42.999185000276739],[-72.46010499975624,42.999742000018635],[-72.459800999982619,43.000076999750604],[-72.459677999958984,43.000199999774239],[-72.459312000261065,43.000573999957311],[-72.459098000000836,43.000680000315391],[-72.458702000165715,43.000863000211851],[-72.458641000066336,43.000856000121686],[-72.458167000413425,43.000962999910577],[-72.457892999878709,43.001001000042521],[-72.457023000390663,43.001192000263153],[-72.456625999832312,43.001253000218881],[-72.456291000096556,43.001237000300975],[-72.454840999752065,43.001077000235853],[-72.454109000356269,43.000848000111581],[-72.453895000096026,43.000710999858697],[-72.45346800029877,43.000542999687895],[-72.453177999870547,43.000406000068899],[-72.452628999874548,43.000237999721087],[-72.452293000313887,43.000122999879082],[-72.452233999864347,43.000077999682354],[-72.452201000252373,43.000054999934065],[-72.4519569998549,43.000062000115442],[-72.450073000040447,43.000051000205474],[-72.450027000009698,43.000077999682354],[-72.44998900037487,43.000100000147647],[-72.449790000183228,43.000153999703414],[-72.449409000416722,43.00032200028091],[-72.448753000290608,43.000734000018397],[-72.448508999893122,43.000902000323919],[-72.448355999732243,43.000954999914413],[-72.448127000301696,43.001108000235831],[-72.447959000072217,43.001268000220222],[-72.447806999736258,43.001344000083272],[-72.44713499971661,43.00184799987359],[-72.4462040001292,43.002687000082503],[-72.445883999563719,43.003006999950941],[-72.445456999766478,43.003426999753415],[-72.445045000037823,43.0038850002883],[-72.444648000377782,43.004410999834228],[-72.444526000179053,43.004639999816746],[-72.444189999720081,43.005058999772338],[-72.444007000320283,43.00547899999863],[-72.443870000052925,43.00592899968224],[-72.443594999693318,43.006607999883329],[-72.443259000132656,43.007576999822696],[-72.443152000002527,43.008103999745501],[-72.443136999933927,43.008508000178388],[-72.443198999858197,43.009056999881643],[-72.443244000064055,43.009117999910728],[-72.44339700022492,43.009461999737397],[-72.443533999593953,43.009682999766817],[-72.443671999686217,43.009919000174563],[-72.443961000289534,43.010141000298212],[-72.444403999980324,43.010461000094232],[-72.444723999647451,43.010797000253433],[-72.445060000106437,43.011093999702361],[-72.445640000064586,43.011498999920654],[-72.446281000122084,43.011826999762057],[-72.446524999621246,43.011911000240787],[-72.446692999850725,43.011972000062812],[-72.447211999709495,43.012285000070463],[-72.447913999866387,43.012643000018535],[-72.448066000202331,43.01275699968869],[-72.448492999999601,43.012986000086372],[-72.448783000427824,43.01319200020221],[-72.449118999988485,43.013398000283864],[-72.449302000286593,43.01354300015975],[-72.449851000282607,43.013833000198126],[-72.450950000099496,43.014649999769361],[-72.451315999797401,43.014901000096067],[-72.451499000095495,43.015068999754639],[-72.451880999686921,43.015366999902902],[-72.452063999985029,43.015535000257131],[-72.452490999782285,43.015770999853352],[-72.452827000241257,43.015908000018321],[-72.453589999599174,43.016114000184864],[-72.454153999663816,43.016350999850033],[-72.454367999924045,43.016519000139475],[-72.454886999782815,43.016748000302016],[-72.455008999981544,43.016839000201223],[-72.455313999580085,43.016899999726128],[-72.455695000244901,43.016945999736954],[-72.455787000306401,43.016975999953928],[-72.456107999798448,43.017082999907707],[-72.456367000264549,43.01720499972577],[-72.456626999657232,43.01731199993737],[-72.456993000253433,43.017517999991597],[-72.457266999889825,43.017694000160006],[-72.458076000176803,43.01830399995184],[-72.458319999675965,43.018579000126508],[-72.458564000073451,43.018944999788467],[-72.459067999863592,43.019754000134796],[-72.459144000031586,43.019929000196512],[-72.459342000398308,43.020348999885776],[-72.459395000101765,43.020432999872916],[-72.459465000421943,43.020622999842118],[-72.459493000011037,43.020704000009715],[-72.459525999623011,43.020799000305281],[-72.459708999921105,43.02105100004529],[-72.460089999687611,43.021508000281507],[-72.460319000016469,43.021737000227091],[-72.460348000328793,43.021779000270669],[-72.460487000245962,43.022049999720394],[-72.460669999645759,43.022515000217915],[-72.460746999638644,43.022821000128076],[-72.460852999943867,43.023156000094353],[-72.461143000372076,43.023705999750575],[-72.461386999871237,43.024018000171161],[-72.461828999737108,43.02464200019579],[-72.46215000012748,43.0250939997213],[-72.462303000288372,43.025269999845101],[-72.462470999619526,43.02559000027],[-72.462622999955499,43.025788000087459],[-72.462776000116378,43.026147000283586],[-72.462959000414486,43.02650500019211],[-72.463080999714904,43.026963000039316],[-72.463126999745668,43.027162000172602],[-72.463156999882884,43.027741000128486],[-72.463080999714904,43.028648999959358],[-72.46301999961554,43.029016000122873],[-72.462806000253607,43.029557000148515],[-72.462668999986249,43.02983899989777],[-72.462393999626642,43.030572000124508],[-72.461555000100731,43.033250000231817],[-72.461555000100731,43.033310999867581],[-72.461203999573129,43.034401999809319],[-72.46106700020411,43.035271999675075],[-72.460990000211211,43.036324000291366],[-72.460745999813739,43.038102000320883],[-72.460715999676509,43.038505999711816],[-72.460609000444705,43.039261999681905],[-72.460456000283827,43.040383000126432],[-72.460365000047233,43.040802999718814],[-72.460334999910017,43.041085000317366],[-72.460380000115848,43.04138300024443],[-72.460487000245962,43.041917000233973],[-72.460746999638644,43.042694999844848],[-72.460975000142597,43.043160000200402],[-72.461082000272725,43.043298000186823],[-72.461447999970602,43.043549000251218],[-72.461586000062866,43.043693999823049],[-72.461936999692156,43.044045000034544],[-72.461997999791521,43.044091000057456],[-72.462196000158244,43.044282000197498],[-72.462852000284357,43.044792999837917],[-72.463187999845019,43.044991000074255],[-72.46405800023139,43.045434000122164],[-72.46448500002866,43.045670000324996],[-72.464896999757286,43.045968000302274],[-72.465095000124023,43.046150999832967],[-72.465111000017529,43.046197000246174],[-72.465537999814813,43.046586000077774],[-72.465904000411015,43.047127999967714],[-72.466224999903062,43.047569999867171],[-72.466255000040292,43.047646000200309],[-72.466559999638818,43.048173000213744],[-72.466819999929811,43.048584999950691],[-72.467079000395898,43.049225999998534],[-72.467139999596952,43.04947000029653],[-72.46744500009379,43.050103000127692],[-72.467552000223918,43.050537999917331],[-72.467613000323297,43.050857999883135],[-72.467705000384797,43.051269999965236],[-72.46785699982243,43.052513999861354],[-72.46784199975383,43.052749999738005],[-72.467780999654465,43.053033000284039],[-72.46744500009379,43.053726999790101],[-72.467003000227905,43.054229999898375],[-72.466620999738183,43.054719000104548],[-72.466347000101791,43.054978000220828],[-72.465583999845563,43.055824999899606],[-72.465355000415016,43.056100000007362],[-72.464683000395368,43.056739999958715],[-72.464469999960045,43.056962000122965],[-72.463568999611525,43.057687000116793],[-72.462929000277256,43.058182000144974],[-72.462898000315107,43.058228000067984],[-72.462273000151129,43.058594000251986],[-72.461981999898001,43.058793000202748],[-72.461509000069981,43.059036999851337],[-72.461189000402854,43.059212000144548],[-72.460472000177347,43.059547999963868],[-72.460257999917104,43.059647000303677],[-72.459312000261065,43.060105000239652],[-72.45920500013095,43.060159000192982],[-72.458380999775343,43.060577999988865],[-72.457664000448176,43.060989999748344],[-72.456702999825225,43.06164599978829],[-72.456564999732933,43.061806000205976],[-72.45620900008079,43.062032000035359],[-72.45548799965735,43.062622000304259],[-72.455060999860095,43.063122000303345],[-72.45469400033727,43.06353299982031],[-72.454064999975344,43.064410000121036],[-72.45376700004951,43.064949000099098],[-72.453566000208056,43.065240999811536],[-72.453253000213621,43.065645999814116],[-72.452955000287773,43.066032999985467],[-72.452337999621406,43.06672599986522],[-72.451906999626189,43.067241000153238],[-72.451566000042646,43.067621999889518],[-72.451487000399936,43.067711000201548],[-72.451422999927502,43.067757999680062],[-72.451355000155459,43.067808999687756],[-72.451038999787954,43.068009000054857],[-72.450370000141362,43.068435999750669],[-72.45014099981249,43.068581000206485],[-72.45009599960666,43.068612000250404],[-72.449882000244742,43.068772000206451],[-72.449453999724241,43.068984999676282],[-72.449103000094965,43.069122999963575],[-72.44864600016048,43.069268000106732],[-72.448355999732243,43.069375000114562],[-72.448278999739358,43.069397000031678],[-72.447578000305711,43.069702999790415],[-72.446692999850725,43.070030999679709],[-72.446418000389428,43.070182999705473],[-72.445990999693848,43.070336000110608],[-72.445379999773564,43.070754999912488],[-72.4448469996711,43.071190000198598],[-72.444587000278418,43.071457000297841],[-72.444342999880945,43.071618000124886],[-72.444113999552087,43.071929999739197],[-72.443182999964677,43.072891999761715],[-72.443091999728082,43.072953000009171],[-72.4429240003969,43.073166000041994],[-72.442863000297535,43.073196999735529],[-72.442084000147759,43.074012999788565],[-72.441535000151774,43.074500999672068],[-72.441031000361605,43.074852000086011],[-72.440741999758288,43.07509700014819],[-72.440176999868768,43.075608000256786],[-72.440054999670039,43.075768000322668],[-72.439688999972148,43.076119000041352],[-72.43941399961254,43.076461999717885],[-72.438955999853121,43.077011999920614],[-72.438697000285373,43.077445999774142],[-72.438529000055865,43.077796999723603],[-72.438238999627643,43.07838499988928],[-72.437614000361975,43.079010000105718],[-72.436728000082084,43.079711999759915],[-72.436591999639646,43.079860000273676],[-72.436503999776107,43.079934000068434],[-72.436482000034786,43.079967000160885],[-72.436286000216214,43.080138999937482],[-72.43611799998672,43.080361000011088],[-72.435660000227315,43.08088699975881],[-72.435264000392195,43.081489999881271],[-72.435111000231316,43.081803000325266],[-72.435050000131952,43.082085000051855],[-72.435019999994722,43.082405000058635],[-72.434912000039702,43.082664999899663],[-72.434728999741594,43.082947000251238],[-72.434470000173818,43.083305999944521],[-72.434149999608366,43.083847000159622],[-72.433982000277183,43.084450000016652],[-72.434072999615481,43.084771000000437],[-72.434153999806327,43.084887999778623],[-72.434225999776345,43.084991999831253],[-72.434286999875724,43.085250999989775],[-72.434275000180136,43.08558499974788],[-72.434271999807095,43.085678000271777],[-72.434347999975088,43.086067000262503],[-72.434378000112304,43.08609799999018],[-72.434424000143053,43.086189999893946],[-72.434409000074467,43.086280999819699],[-72.434455000105203,43.0863730001047],[-72.434516000204582,43.086502000107551],[-72.434516000204582,43.086617000191275],[-72.43469899960435,43.086845999880474],[-72.434881999902458,43.087165999948837],[-72.435111000231316,43.087487000133812],[-72.435445999967087,43.087875999789624],[-72.435798000319593,43.088187999944346],[-72.436271000147599,43.088448000171383],[-72.43657599974614,43.088700000236464],[-72.436682999876254,43.088822000030902],[-72.436912000205112,43.088974000026262],[-72.437385000033117,43.089440000225011],[-72.437811999830387,43.089966000089404],[-72.437903000066967,43.090134000239203],[-72.438253999696258,43.090606999837725],[-72.438375999895001,43.090835999698463],[-72.438681000391824,43.091469000173156],[-72.438789000346858,43.091721000273132],[-72.438833999654392,43.091903999703689],[-72.438910999647291,43.09250700028138],[-72.438864999616541,43.093612999884385],[-72.438850000446237,43.094566999679458],[-72.438986999815285,43.095000999811191],[-72.439155000044764,43.095284000135756],[-72.439246000281358,43.095534999936476],[-72.439277000243493,43.095612000194429],[-72.439550999879899,43.096030999679762],[-72.439750000071513,43.096252999887383],[-72.440054999670039,43.096512000314995],[-72.440201000158211,43.096688000203329],[-72.440217000051746,43.096704000168081],[-72.44043600033487,43.096961999678612],[-72.440497000434235,43.097068999868625],[-72.440680999658937,43.097243999807041],[-72.440894000094261,43.097297999836989],[-72.441123000423119,43.097297999836989],[-72.441259999792152,43.097359000056478],[-72.44141299995303,43.097481000313188],[-72.441489999945929,43.097695000004244],[-72.441581000182509,43.097907999953371],[-72.441900999849665,43.098343000319204],[-72.442268000270786,43.099022000081703],[-72.442603000006542,43.099541000309898],[-72.442863000297535,43.100219999905704],[-72.442968999704433,43.100440999747619],[-72.443091999728082,43.101044000221052],[-72.443167999896062,43.101669000139282],[-72.443198000033277,43.102210999752266],[-72.443213999926812,43.102760000089674],[-72.443198000033277,43.103020000107449],[-72.442984999597954,43.103461999767894],[-72.442710000136657,43.103920000219276],[-72.442358999609056,43.104469000316314],[-72.442329000370165,43.104575999849146],[-72.442115000109908,43.10488100015754],[-72.442023999873314,43.104964999835808],[-72.441778999650936,43.105362000136452],[-72.441657000350503,43.105651999741461],[-72.44141299995303,43.105948999851108],[-72.441032000186524,43.106224000028156],[-72.440542999566674,43.106598000201387],[-72.440069999738654,43.106757999998457],[-72.439796999927168,43.106894000152998],[-72.439384000373622,43.107070999867865],[-72.439185000181979,43.107170000174392],[-72.438590000155244,43.107368999802631],[-72.438437999819271,43.107445000112804],[-72.437689999631644,43.107680999680653],[-72.436942000342327,43.10798699974422],[-72.436697999944869,43.108116000129193],[-72.436408000414957,43.108307000184666],[-72.43611799998672,43.108474999861031],[-72.435142000193466,43.109108000320084],[-72.434790999665864,43.109390000250592],[-72.434440000036602,43.109771999684426],[-72.434255999913574,43.109924000145497],[-72.433997000345798,43.110152999907342],[-72.43372199998619,43.110435999715151],[-72.433477999588717,43.110587999838806],[-72.433356000288299,43.110846999960884],[-72.43328000012032,43.11108400027441],[-72.433065999860077,43.112052999829174],[-72.432914000422414,43.112320000218325],[-72.432685000093556,43.11266299983162],[-72.432608999925577,43.113227999790773],[-72.432440999696084,43.11376200029995],[-72.432333999565955,43.114426000323569],[-72.43230299960382,43.114822000218453],[-72.432288000433516,43.115020999887115],[-72.43230299960382,43.115180999961986],[-72.432212000265551,43.115516999806786],[-72.432196000372016,43.115867999963719],[-72.432242000402766,43.116127000036528],[-72.432317999672449,43.116309999968927],[-72.432379999596719,43.116600000163508],[-72.432363999703199,43.116699000139093],[-72.432409999733949,43.117439000129579],[-72.432577999963442,43.117988000284164],[-72.432593000032057,43.118309000210239],[-72.432501999795463,43.118895999690693],[-72.432531999932678,43.119178999723829],[-72.432670000024942,43.119812000289194],[-72.432822000360915,43.120231999986878],[-72.433065999860077,43.120704999855668],[-72.43328000012032,43.120994000274216],[-72.433737000054805,43.121490000299517],[-72.433936000246433,43.121703999991425],[-72.434455000105203,43.122153999738906],[-72.434516000204582,43.122230000048546],[-72.434881999902458,43.122452000326064],[-72.435111000231316,43.122658000063829],[-72.435491999997822,43.122879000201721],[-72.435737000220215,43.123070000081199],[-72.436179000086099,43.123504000103303],[-72.436225000116849,43.123557999917871],[-72.436408000414957,43.123725999691843],[-72.436439000377092,43.123779000082926],[-72.436545999608896,43.123946999905627],[-72.436805000074997,43.124236999965909],[-72.437385000033117,43.124633999835957],[-72.437596999745224,43.124743999780122],[-72.43773700038561,43.124816000029867],[-72.437765999799623,43.124831999855274],[-72.437802999609559,43.124856999779041],[-72.437983000432922,43.124981999900257],[-72.438031000113497,43.125011999734028],[-72.438056000227846,43.125033000133364],[-72.438102000258596,43.125067999908801],[-72.438104999733341,43.125077999840954],[-72.438132000395839,43.125228999797933],[-72.438168000380841,43.125349999728911],[-72.438192999596879,43.125442000323631],[-72.438529000055865,43.125900000213448],[-72.439367999581791,43.126320000078714],[-72.439856000376722,43.126533000083796],[-72.440161999800154,43.126678000056927],[-72.440285999648708,43.126761999979088],[-72.440452000228376,43.126876999849365],[-72.440664999765403,43.127112999880964],[-72.440786999964146,43.127365000131853],[-72.440940000125025,43.127685000213432],[-72.441108000354518,43.127929000240755],[-72.44136699992228,43.128227000232776],[-72.441581000182509,43.128386999867118],[-72.442115000109908,43.1290360002629],[-72.442298000408002,43.129302999977099],[-72.442312999578306,43.129509000246706],[-72.442145000247137,43.129890000183764],[-72.442069000079158,43.129974000284193],[-72.442038999941929,43.130287000079711],[-72.442100000041307,43.130584999728683],[-72.442130000178523,43.130661000053614],[-72.442247000354385,43.130786999883846],[-72.442402000165089,43.131080000244161],[-72.442428000104343,43.131218000285592],[-72.442495999876414,43.131424000005666],[-72.442541999907164,43.131591999811079],[-72.442495999876414,43.131828000007033],[-72.442358999609056,43.132003999971445],[-72.442283000339401,43.132094999989114],[-72.441688000312638,43.132377000192356],[-72.441550000220374,43.132491999995004],[-72.441518000433319,43.132565999782173],[-72.44142600037182,43.132770999814603],[-72.441290999754301,43.132941999709324],[-72.441032000186524,43.133216999871394],[-72.440879000025646,43.133384000269821],[-72.440695999727538,43.133667000151121],[-72.440649999696788,43.133926000266136],[-72.440631000328537,43.134074000213943],[-72.440574000427119,43.134528999936421],[-72.440557999635274,43.134589999764351],[-72.440588999597423,43.134910000067784],[-72.440603999666038,43.135253999919442],[-72.440622999932614,43.135395999804665],[-72.440634999628188,43.135489999750426],[-72.440634999628188,43.135719000199011],[-72.440588999597423,43.13590999997453],[-72.440588999597423,43.136160999699051],[-72.440664999765403,43.136352000060583],[-72.440802999857667,43.136626999965713],[-72.441077000392355,43.136818000182771],[-72.441397999884416,43.136963000028047],[-72.441870999712435,43.137039000293385],[-72.442007999979793,43.137045999924936],[-72.442062000406452,43.137069000113343],[-72.442237000308651,43.13714599991166],[-72.442526999838549,43.137313999730999],[-72.442847000404015,43.137527000125992],[-72.443167999896062,43.137657000168623],[-72.44335100019417,43.137726000018482],[-72.443594999693318,43.137733000226874],[-72.443870000052925,43.137741000089541],[-72.444266999712966,43.137801999990963],[-72.444526000179053,43.137718000153846],[-72.444968000044938,43.137458000051573],[-72.44516600041166,43.137388999899301],[-72.445532000109537,43.13735900023633],[-72.445974999800328,43.137388999899301],[-72.446086000128403,43.137392999853269],[-72.446234000266401,43.137396999806981],[-72.446447999628347,43.137382000307014],[-72.446707999919354,43.137251999679727],[-72.447059000446927,43.137022999727883],[-72.447195999815975,43.13700800013622],[-72.447440000213447,43.13703099968339],[-72.447836999873473,43.137130000029671],[-72.448416999831622,43.137344000071572],[-72.44873700039706,43.137504000109857],[-72.448821000062651,43.137521999866706],[-72.449103999919885,43.137565000247712],[-72.45009499978174,43.137854999984874],[-72.450950000099496,43.138076000280662],[-72.45156000019486,43.138266999904729],[-72.452094999947164,43.13857999986562],[-72.452522999569339,43.138906000048131],[-72.452612999981014,43.138992000144363],[-72.453055999671804,43.139411999913015],[-72.453285000000676,43.139724000289462],[-72.453433999963593,43.14009699996322],[-72.45345499987998,43.140134000182918],[-72.454078000394134,43.141097999856832],[-72.454679000268669,43.142060000238395],[-72.454750000413796,43.142172999708833],[-72.455299000409781,43.143035999761992],[-72.455894000436516,43.144133999773381],[-72.456488999564968,43.145172000217563],[-72.456794999886711,43.145668000162345],[-72.456932000154083,43.145973000154562],[-72.457170999630364,43.146403999704312],[-72.457221999683966,43.146498999935389],[-72.457374000019939,43.147025999936602],[-72.457374999844845,43.147037999872524],[-72.457404999982089,43.147537000201936],[-72.457282999783345,43.148009999967456],[-72.457160999584616,43.148451999751714],[-72.456978000184833,43.14889499974484],[-72.456564999732933,43.149467000175065],[-72.456120000392346,43.149813999735123],[-72.455604000008293,43.150160999946706],[-72.455446999649453,43.150310000026018],[-72.455014999829331,43.150557999972783],[-72.454536000153539,43.150833000209133],[-72.454109000356269,43.151168000100292],[-72.453742999760053,43.151512000233524],[-72.453376000237256,43.151786000028835],[-72.452796000279122,43.152275000191736],[-72.452354000413266,43.152740000126784],[-72.452232000214508,43.152930999813513],[-72.452110000015779,43.153227999808173],[-72.452110000015779,43.154342000213532],[-72.452079000053644,43.154937000146759],[-72.452140000153008,43.155708000073595],[-72.452140000153008,43.155876000001058],[-72.452149000373822,43.155951999691702],[-72.452160000244476,43.156113000189919],[-72.452168999567007,43.15613199972011],[-72.452171000115143,43.156149999890367],[-72.452125000084408,43.156272000249388],[-72.452171000115143,43.156813999845014],[-72.452262000351723,43.157210999904393],[-72.452354000413266,43.157622999785644],[-72.452368999583541,43.157980999993953],[-72.452400000444015,43.158537999713232],[-72.452293000313887,43.160766000236777],[-72.452250999582773,43.161353999745415],[-72.452242000260256,43.161427999984753],[-72.452224999643505,43.161670999777144],[-72.452181999985783,43.162296000315123],[-72.452175000313105,43.162384999990174],[-72.452171000115143,43.162741000014691],[-72.452171000115143,43.163077999945067],[-72.452089999924283,43.163406000312563],[-72.452046000441669,43.163589000323569],[-72.452034999672705,43.16364400001207],[-72.451941999786285,43.164085000203691],[-72.451924000242926,43.164393000300663],[-72.451915999847017,43.164458999838573],[-72.451880999686921,43.164748999762914],[-72.451880999686921,43.165489000245081],[-72.451895999755536,43.165755999996328],[-72.451971999923515,43.166121999805647],[-72.452171000115143,43.166404000311211],[-72.452247000283137,43.166647999805015],[-72.452288000291006,43.167043999690947],[-72.452376000154544,43.16778799982054],[-72.452402000093826,43.168016999837469],[-72.452417999987347,43.168241999750329],[-72.452448999949496,43.168659000271461],[-72.452460999645041,43.168823000106521],[-72.452500999828018,43.169108999780072],[-72.452522999569339,43.169265000050132],[-72.452536999813034,43.169363000158768],[-72.452545000208943,43.169420999921705],[-72.452550000231824,43.16945500005086],[-72.452552999706569,43.169473000227178],[-72.452598999737319,43.169657000196516],[-72.45266499985955,43.169923000290375],[-72.452691999623738,43.170030999786022],[-72.45271199971522,43.170122000201587],[-72.452720999936062,43.170167999920899],[-72.452812000172642,43.170661000135325],[-72.452888000340621,43.171202999842585],[-72.45294900044,43.171637999996378],[-72.45294900044,43.171896999753493],[-72.452919000302757,43.172198000233799],[-72.452781000210521,43.172767000179654],[-72.45247599971367,43.173408000094362],[-72.452137999604858,43.173902000079217],[-72.452115999863565,43.173909999794134],[-72.45200299988565,43.174002999760489],[-72.451728000424353,43.174307999846789],[-72.451575000263475,43.174429999978862],[-72.451514999989016,43.174490999953534],[-72.450797999763523,43.174972000304059],[-72.44916300036941,43.175756999848559],[-72.448684999620212,43.175950000327454],[-72.448022999646327,43.176215999872404],[-72.447015999890922,43.176770999733364],[-72.44583800043128,43.177474000133216],[-72.445419000131636,43.177763999843947],[-72.444906999945559,43.178106999953442],[-72.444419000048939,43.17858799998983],[-72.444159999582851,43.178923999980405],[-72.444007000320283,43.17932799985271],[-72.443931000152304,43.179778000013876],[-72.443854000159419,43.180411000185984],[-72.443885000121554,43.181082999871023],[-72.443928999604154,43.181441000159516],[-72.443946000220919,43.181617000084245],[-72.443956000266667,43.181658999983838],[-72.444038000282418,43.181976000103298],[-72.444084000313168,43.182295999940976],[-72.444220999682216,43.182647000018243],[-72.444663000446397,43.183364000023694],[-72.444815999708965,43.183653999925397],[-72.44497600044086,43.183859000244532],[-72.445106000137187,43.184028000258294],[-72.445486999903693,43.184379000202831],[-72.445944999663098,43.184767999689036],[-72.446266000053456,43.185096000171846],[-72.446464000420193,43.185248000117525],[-72.446738999881475,43.185514999950414],[-72.447013000416192,43.185729000226921],[-72.447323999862505,43.186005999712677],[-72.447502000137717,43.186163999740742],[-72.447729999743345,43.186446000059604],[-72.448462999862372,43.187644000069795],[-72.448828999560263,43.188171000206545],[-72.449026999926971,43.188491000320113],[-72.449337000446704,43.188804999942917],[-72.449530999717126,43.189002000291715],[-72.449698999946634,43.189299999926767],[-72.449882000244742,43.189787999686025],[-72.450186999843254,43.190772000068932],[-72.450278999904754,43.191122999877145],[-72.450279999729673,43.191475999803508],[-72.450278999904754,43.191611000124297],[-72.450309000041997,43.191756000306093],[-72.450340000004132,43.191829999733109],[-72.450401000103497,43.191961999691905],[-72.450477000271476,43.192245000149775],[-72.450508000233611,43.192488999877519],[-72.450508000233611,43.192610999703042],[-72.450485999594008,43.192663999975366],[-72.450416000172112,43.192809000275076],[-72.450263999836153,43.193015000036198],[-72.449974000306241,43.193320000116032],[-72.449812999749454,43.193472999938407],[-72.449423999587026,43.193816000205246],[-72.44904299982052,43.194067999894592],[-72.448843999628878,43.194137000236168],[-72.448638999589463,43.194165000105791],[-72.4485699999925,43.194174999868942],[-72.448188000401075,43.194235999764253],[-72.447806999736258,43.194282000310643],[-72.447714999674744,43.194297000253513],[-72.447348999976839,43.194465000147666],[-72.446719999614913,43.194871000056402],[-72.446615999857826,43.194938000086545],[-72.446464000420193,43.195029000058554],[-72.445671000026721,43.195601000143398],[-72.44532000039743,43.19586799987713],[-72.445152000167951,43.196020999860295],[-72.445014000075687,43.196166000042432],[-72.444876999808329,43.196494000181346],[-72.444831999602499,43.196549999709418],[-72.444723999647451,43.196676999933857],[-72.444677999616701,43.196760999937062],[-72.44428199978158,43.197126999911383],[-72.444014999817895,43.197335000138757],[-72.44374700002929,43.197544000298514],[-72.443535000317183,43.197709999799372],[-72.4433960004,43.197816999936535],[-72.443247000437083,43.197933999688161],[-72.443038000199721,43.198096000182915],[-72.442951999985993,43.198157000087924],[-72.442465999739184,43.198515999753496],[-72.44178799987175,43.198956000287993],[-72.441645999581539,43.199048000123696],[-72.441484000098143,43.199152999958891],[-72.441443999915165,43.199180000186637],[-72.441135999943597,43.199412000220399],[-72.440857000284339,43.199622999719359],[-72.440726999689673,43.199721000219256],[-72.440434999611625,43.199970999859353],[-72.44027800015111,43.200105999723654],[-72.440130999838019,43.200231999807748],[-72.439955999935847,43.200351999988946],[-72.439703000215843,43.200524999927481],[-72.43955199970479,43.20062899990431],[-72.439274999695357,43.200848999825183],[-72.439181999808937,43.200923999944315],[-72.438848999722993,43.201186000326672],[-72.438712000353974,43.201331000022151],[-72.438529000055865,43.201590000205819],[-72.438483000025116,43.201841999877814],[-72.438467999956501,43.202062999921012],[-72.438376999719893,43.202360999953207],[-72.438223999559028,43.202918000278821],[-72.438223999559028,43.20323099977476],[-72.438163000357974,43.203551000155784],[-72.438163000357974,43.204299000244902],[-72.438314999795637,43.205687000005241],[-72.438269999589792,43.206336000060958],[-72.438772999555013,43.209104999817754],[-72.438986999815285,43.209898999801133],[-72.439170000113364,43.210218999904981],[-72.439459999643276,43.210563000092002],[-72.439704000040763,43.210952000299358],[-72.439868000072295,43.211340000229484],[-72.439933000369621,43.211493000043049],[-72.440016000210292,43.211822000032456],[-72.440222999899518,43.212638000157128],[-72.440406000197626,43.213072999697545],[-72.44065300006983,43.213448999900749],[-72.440659999742522,43.213460999882955],[-72.440695999727538,43.213515000101154],[-72.440741999758288,43.213596000011492],[-72.440786999964146,43.21367499971533],[-72.440791999987013,43.213746999961202],[-72.440795000360055,43.213791000106028],[-72.440797999834786,43.213842999938613],[-72.440797999834786,43.213859000029295],[-72.440802999857667,43.213926999876747],[-72.440710999796167,43.214255000117056],[-72.440730000062743,43.214359000256017],[-72.440817999926281,43.214835000240051],[-72.441001000224389,43.215604999838135],[-72.441032000186524,43.21565099998589],[-72.441078000217274,43.216022000279075],[-72.441093000285903,43.216138999815094],[-72.441154000385268,43.21687999973809],[-72.441154000385268,43.217298999950778],[-72.441089999912847,43.217833999804206],[-72.441047000255139,43.218191999902729],[-72.440950999995664,43.218584000126988],[-72.440863999957045,43.218939000187845],[-72.440605000389255,43.21980199991674],[-72.440273000128244,43.22051799977811],[-72.439948000438235,43.221220999726313],[-72.439719000109378,43.221835000122745],[-72.439401000092047,43.222687000201503],[-72.439300999634639,43.222950999856373],[-72.439139000151229,43.22338700001665],[-72.439005000256927,43.223604999909348],[-72.438864999616541,43.223829999839886],[-72.438606000048765,43.224089000061355],[-72.438523000208093,43.224192000242951],[-72.438360999826386,43.224393999934833],[-72.438349999955719,43.224422000318938],[-72.438248999673377,43.224669999792873],[-72.438071000296475,43.225103999717476],[-72.437763000324892,43.225486000147072],[-72.437651999996817,43.225623000197771],[-72.437431000063867,43.22589700003001],[-72.437311000413274,43.226074999734102],[-72.437286000298911,43.226112000247198],[-72.437160999727141,43.226296999857546],[-72.436959000060767,43.226597000296678],[-72.436866000174348,43.226737000301775],[-72.436727000257193,43.226944999715634],[-72.436493999730359,43.227293999919517],[-72.436352000338445,43.227512999736035],[-72.436194000154714,43.227759000089016],[-72.436071999955971,43.227896000267606],[-72.435921000343228,43.228220000085805],[-72.435842999627113,43.228384999755605],[-72.435568000165816,43.228744000211442],[-72.435527999982838,43.228795999728376],[-72.435476999929207,43.228856999696781],[-72.435264000392195,43.22906400026109],[-72.435050000131952,43.229353000167166],[-72.434912999864608,43.229514000229365],[-72.434501000135953,43.230405999853154],[-72.434301999944338,43.230917999695357],[-72.434195999639115,43.231474000292579],[-72.43416499967698,43.231909000285086],[-72.434255999913574,43.232343999790785],[-72.434363000043689,43.232710000287327],[-72.434619999961654,43.233256999745073],[-72.436221999743793,43.233257999800564],[-72.437939000051983,43.233237999995744],[-72.438225000282259,43.233246999843296],[-72.444084000313168,43.233401999772376],[-72.446069000409977,43.233454999949011],[-72.447317000189784,43.233487999702334],[-72.447565999711827,43.233495000064153],[-72.447579999955536,43.233496000115785],[-72.448096000339561,43.233509000130979],[-72.448689999643094,43.233524000245758],[-72.450307000392158,43.233574000165376],[-72.454078000394134,43.233681000222042],[-72.454860999843547,43.233701999929728],[-72.455269000272551,43.233699999833206],[-72.456490000288198,43.233695000246136],[-72.457204999965541,43.233714999900982],[-72.458852999778443,43.233760000082107],[-72.459224000397526,43.233771999993884],[-72.460204000388757,43.233805000230042],[-72.463000000422355,43.233893999726632],[-72.464291999684818,43.23393000003022],[-72.466084000336068,43.233989000009196],[-72.468179000037722,43.23405400018607],[-72.468831999790794,43.234076999849457],[-72.469897000170832,43.234115000127915],[-72.469974000163717,43.234118000252252],[-72.470050000331696,43.234120999721959],[-72.47135500001292,43.23416400017647],[-72.472225000399305,43.234189999919089],[-72.472788999565594,43.234204999866257],[-72.473016000244641,43.234213000185626],[-72.473997999885668,43.234242000025574],[-72.475281999650491,43.23428100023991],[-72.477428000304101,43.234339999879005],[-72.478548000037406,43.234370999733088],[-72.479208000361481,43.234389999783623],[-72.479687000037273,43.234404999681558],[-72.48101699983286,43.23445100004362],[-72.482833999700176,43.234499999821971],[-72.484756000047781,43.23456700017644],[-72.487246999584556,43.234645000164157],[-72.490487000032175,43.234717999894471],[-72.492513999961773,43.234752000303772],[-72.494926999680743,43.234797999749475],[-72.496521999790204,43.23482699996547],[-72.497140000281476,43.234838000292029],[-72.498569999636189,43.234865999805415],[-72.49860399997138,43.234866999834551],[-72.500691000175422,43.234908999734294],[-72.502066000176853,43.234933999785518],[-72.503604000384911,43.234964999991867],[-72.505149000265646,43.235003999743498],[-72.50785499988757,43.235076000326977],[-72.507957999819737,43.23507799972387],[-72.509886000015129,43.235116000032619],[-72.51234999978773,43.235166999979185],[-72.515005000254348,43.235215999836342],[-72.51676299967211,43.235258000149976],[-72.518301999705059,43.235288000169341],[-72.52041800022144,43.235331999821902],[-72.521691000115609,43.235354000290727],[-72.526785000240466,43.235459999820534],[-72.533139999665622,43.23558900022207],[-72.534399000214407,43.235613999994321],[-72.537095999615502,43.23566800022661],[-72.539458000179181,43.235711000244009],[-72.539604999593948,43.235714000289768],[-72.53967200043941,43.23571500030495],[-72.539864999884955,43.235719999726335],[-72.540064000076583,43.235723999786686],[-72.540624999768127,43.235736999981071],[-72.541054999938439,43.235746000114034],[-72.541284000267297,43.235751000187314],[-72.5426500000479,43.23577299985039],[-72.544640000167576,43.235816999807298],[-72.545344999799184,43.235830999995109],[-72.546125999598772,43.235845000179758],[-72.547079999650734,43.235863999770707],[-72.547687000271338,43.235875999922662],[-72.54892400018052,43.23589300013392],[-72.549099999907611,43.235896000170676],[-72.549142999565319,43.235897000182909],[-72.549233999801913,43.235888000072244],[-72.549910999844428,43.235824999914996],[-72.550209999595182,43.235796000173934],[-72.552966000344142,43.235534999919821],[-72.555482999820185,43.235295999692056],[-72.559956999803916,43.234867999863674],[-72.560217000094923,43.234842999785371],[-72.574290000149432,43.233497000167411],[-72.579241999984063,43.233023000043119],[-72.587818000405875,43.232203000155671],[-72.599687000080465,43.231068999946054],[-72.602920999782,43.230759000262324],[-72.606403000078956,43.230441000151927],[-72.611205000125764,43.230003999936258],[-72.615295999794867,43.229631000056557],[-72.615341999825617,43.229626000135688],[-72.625422000120295,43.228700999859903],[-72.636079999824986,43.22772199992108],[-72.639184999655086,43.227437000086105],[-72.639591000434265,43.227399999722707],[-72.640231999593453,43.22734200006321],[-72.642819000288,43.227107999905762],[-72.652157000242852,43.226265000308295],[-72.660761000253771,43.225466999938952],[-72.664477000004155,43.225121999849719],[-72.673343999780784,43.224341999935554],[-72.676242999746577,43.224083000134357],[-72.676279999556485,43.223369000026665],[-72.676316000439812,43.22266499974225],[-72.677200999996472,43.222656999870814],[-72.683609000023395,43.222596999819793],[-72.683836999629023,43.222595000013449],[-72.68445799959504,43.222588999939468],[-72.684778999985411,43.222585999902229],[-72.685405999799215,43.22257999982736],[-72.685420999867816,43.22257999982736],[-72.685440000134406,43.22257999982736],[-72.685523999799983,43.222599999856492],[-72.685750999580719,43.222653000262],[-72.685805999832297,43.222665999971547],[-72.686076000169038,43.222728999984994],[-72.6869320003117,43.222929999717408],[-72.687221999841611,43.222997999923003],[-72.687816000043455,43.223137999683914],[-72.687975000052106,43.2231750000159],[-72.688094999702713,43.22320300030524],[-72.699334000088754,43.225840999949398],[-72.704824000048717,43.227169999755212],[-72.709959000181485,43.228400999957678],[-72.716137999879535,43.229888999737732],[-72.726961000338974,43.232503999738228],[-72.730211999758936,43.233291000315056],[-72.730241999896151,43.233299000099926],[-72.749368000067633,43.237916999893223],[-72.750707000084049,43.23824000012992],[-72.751974999955365,43.238540000029701],[-72.755200000334384,43.239303000276557],[-72.755812999904478,43.239448000315164],[-72.756828999880696,43.239687999914231],[-72.758522999724377,43.240129999772343],[-72.785970000049531,43.247287999914271],[-72.786047999867336,43.24730799968799],[-72.788274999813467,43.247860000012437],[-72.789113000412783,43.248077000240066],[-72.789217000169856,43.248105000213094],[-72.78929599981258,43.248123999907065],[-72.795434000401059,43.249720000152664],[-72.799319000205855,43.250727000101755],[-72.800412000174973,43.251010999868157],[-72.806698000003166,43.252646999680891],[-72.815640999947775,43.254970999756814],[-72.819372999591678,43.255940000171584],[-72.819618999638976,43.256006000165591],[-72.837426999710416,43.260281000006756],[-72.837875000322398,43.2603900001372],[-72.839045000284401,43.26067000025008],[-72.842426000299042,43.261481000114287],[-72.846137000026545,43.262371999923481],[-72.846454000218955,43.262447999831558],[-72.848112000077606,43.262847000245443],[-72.84818700042068,43.261645999996681],[-72.848198000291333,43.26148299995296],[-72.848205999788931,43.261352999834088],[-72.848219000207735,43.261140999759327],[-72.848236999751066,43.260854000015634],[-72.848242999598853,43.26075800015046],[-72.84824900034495,43.260663999999494],[-72.848254000367831,43.260582000222506],[-72.848257999667467,43.260512999822033],[-72.848327000162755,43.259410000069032],[-72.848435000117789,43.257670000068423],[-72.848558000141423,43.255718999769989],[-72.849757000415778,43.236759000038198],[-72.849766999563201,43.236593000131862],[-72.84987100021857,43.234780999887221],[-72.85007999955765,43.231233999757613],[-72.850081000280866,43.231215000032122],[-72.850082000105786,43.23119199994315],[-72.850084999580517,43.231135000055204],[-72.850086000303747,43.231122000188087],[-72.850093999801345,43.230951000167892],[-72.850103999847079,43.230740999831127],[-72.850120999565533,43.230406999955477],[-72.850123999938575,43.230325000019697],[-72.850179000190153,43.229240999759199],[-72.850234000441745,43.22793100004408],[-72.85026299985573,43.227439999884616],[-72.85026899970353,43.227321000127716],[-72.850411999818661,43.224350000240428],[-72.850556999583617,43.221319000223509],[-72.850635000299732,43.219699999797186],[-72.850725999638016,43.218338000063675],[-72.850919999806777,43.215335000320763],[-72.85097699970818,43.214589999816901],[-72.851056000249216,43.213431999976407],[-72.851057000074135,43.213386999845731],[-72.851182999572515,43.211590999807605],[-72.85119699981621,43.211300999740622],[-72.851201999839091,43.211228000118346],[-72.85133800028153,43.209190999980308],[-72.851412999726278,43.208070999912159],[-72.851420000297296,43.207961999793056],[-72.85145200008435,43.207482999730132],[-72.851601999872159,43.205234000063619],[-72.851626000161616,43.20487499998417],[-72.851626999986522,43.204860000022379],[-72.851627999811441,43.204845999923798],[-72.851628999636333,43.204832999689067],[-72.851719000048021,43.204835999944969],[-72.851746999637115,43.204837999678944],[-72.854455999632108,43.204936000314461],[-72.860030999980893,43.205140999871915],[-72.861626999915259,43.205197999837267],[-72.861984000290647,43.205210000133349],[-72.862135999728281,43.205215999953097],[-72.862153000345032,43.204914999864158],[-72.862221999942008,43.2037039998635],[-72.862395000194368,43.20062999984026],[-72.862517000393112,43.198654000122765],[-72.862553000378128,43.198048999913873],[-72.862596000035822,43.197330000188849],[-72.862659999609946,43.196276000289487],[-72.862664999632798,43.196203999721519],[-72.863028999680878,43.190211999884539],[-72.863421000216348,43.18366800030141],[-72.863538000392211,43.182359999969286],[-72.863730999837742,43.179743999736154],[-72.864249999696511,43.173174000017084],[-72.864283000206783,43.172752000186946],[-72.864520999858172,43.16973800002512],[-72.864587999805323,43.168892000157236],[-72.864605000422074,43.168660999880608],[-72.864623999790339,43.168430999849072],[-72.864667000346358,43.167880999936692],[-72.864688000262746,43.16761599994426],[-72.864800000415741,43.166201000046023],[-72.864801000240647,43.166185999751157]]]},"properties":{"NAME":"Windham County","BASENAME":"Windham","GEOID":"50025","STATE":"50","COUNTY":"025"}},{"type":"Feature","geometry":{"type":"Polygon","coordinates":[[[-72.114360000154377,44.749811999961857],[-72.099516000346028,44.742466000035222],[-72.091755999883887,44.738661000192089],[-72.089672999877806,44.737639000140142],[-72.085276999711866,44.735453000175866],[-72.08417100022227,44.734904000133611],[-72.083598999761719,44.734620999727767],[-72.081868999933064,44.733760000008765],[-72.07849899978909,44.732084000217235],[-72.076799999922571,44.731240000151679],[-72.074921000130971,44.730309999702129],[-72.074290999944125,44.729997999754602],[-72.073757000016727,44.729733999908149],[-72.073347999762817,44.729532000294832],[-72.073034999768382,44.729377000084803],[-72.071468000146325,44.728600999754562],[-72.067839000434589,44.726804999970973],[-72.06749700012783,44.726634999835831],[-72.061269999850879,44.723537999991187],[-72.056082000014683,44.720947000028879],[-72.052162000049805,44.718985000074206],[-72.049427000115557,44.717634999719209],[-72.04762500031687,44.716745000263778],[-72.046478999745972,44.716178999737728],[-72.042651999667513,44.714289000139807],[-72.040315000116536,44.713135999717913],[-72.039106999621367,44.712540000083195],[-72.03736400027222,44.711680000169174],[-72.036349999945813,44.711180000149369],[-72.036159999975013,44.711085999691363],[-72.034511000337204,44.710273000185374],[-72.033901000241826,44.70997100014862],[-72.033717999943732,44.709880999938598],[-72.033650999996581,44.709847999720111],[-72.033560999584878,44.70980400025077],[-72.033168999947719,44.709610999745628],[-72.032571000446225,44.709314999950017],[-72.026549000208703,44.706340000029037],[-72.026246000259988,44.706193000075139],[-72.025718000180404,44.705929999955792],[-72.025574000240354,44.705858999704191],[-72.024475000423436,44.705309999701541],[-72.024251000117459,44.705199000167241],[-72.023923999879315,44.705044999724606],[-72.023569000052078,44.704859000119669],[-72.023029000276907,44.704588000277795],[-72.021049000202979,44.703604000175382],[-72.020290000144698,44.703226000189936],[-72.019324000397177,44.702745000168541],[-72.017730000112635,44.701951000213469],[-72.016759000342248,44.701467000114576],[-72.013092999922264,44.699646999966646],[-72.011996999580077,44.699102000200696],[-72.01145400033019,44.698833000119485],[-72.010696000096814,44.699614000298951],[-72.007192999883458,44.7031220002306],[-72.007125000111415,44.703191000267473],[-72.006731999751011,44.703590000172646],[-72.006484999878808,44.703845999778942],[-72.006345999961638,44.703989999738369],[-72.005567999636781,44.704796999692924],[-72.003625000271086,44.706812000002458],[-72.003489999653553,44.706951999746849],[-72.003118999932795,44.70733700017103],[-71.999564999665807,44.711043000259515],[-71.999537999901634,44.711077000169254],[-71.997634999820605,44.712773999801854],[-71.996481999577014,44.713865000124429],[-71.995315999812959,44.714966999836612],[-71.995033999780645,44.715231000049855],[-71.995012999864258,44.715251000316734],[-71.994971999856375,44.715289999891731],[-71.994108000216102,44.7161059999965],[-71.993128000224885,44.717031999848565],[-71.992457000030157,44.717666000086844],[-71.991861000178503,44.718229000002559],[-71.99123699983943,44.718816999777147],[-71.991195999831547,44.718857999978205],[-71.991050000241657,44.719002000251869],[-71.99099699963989,44.719054999947666],[-71.99098400011944,44.719067999805375],[-71.989890000325389,44.720147000157006],[-71.988756000348388,44.721265999747736],[-71.988455999874432,44.721561000141342],[-71.988311999934368,44.721702999692859],[-71.988102999697006,44.721910000127288],[-71.988039000122896,44.721973000279021],[-71.987710000234927,44.72229699970206],[-71.987418999981784,44.722583999832672],[-71.987039000040198,44.722958999914908],[-71.986705999954268,44.723287000206668],[-71.986326999837573,44.723661000044892],[-71.986035999584445,44.723947999791449],[-71.985710000069503,44.724268999847141],[-71.985320000082183,44.724653999960559],[-71.984945000163449,44.725024000009206],[-71.984674000001803,44.725291000033586],[-71.984449999695812,44.725512000204468],[-71.984139000249499,44.725819000146849],[-71.983760999957724,44.726192000098614],[-71.983437000092636,44.726511000255613],[-71.983090999587915,44.726852000216731],[-71.982822999799296,44.727116999910123],[-71.982551999637664,44.727381000213455],[-71.982124000015489,44.727797000083513],[-71.98174700044693,44.728163000143084],[-71.981315999553402,44.728581999704723],[-71.981046999939878,44.728843000145631],[-71.980878999710399,44.729006999798166],[-71.98080099989258,44.729081999978526],[-71.980757000409966,44.729122999925394],[-71.980421999775913,44.729450000313676],[-71.979429000264204,44.730416000025357],[-71.979044000299751,44.730788000296791],[-71.978799999902265,44.731026999750853],[-71.978405999716969,44.73140900013324],[-71.978163000042741,44.731645000161045],[-71.977768000032512,44.732029000311385],[-71.977364999626388,44.732420999855812],[-71.977203999967898,44.732577000205261],[-71.977167999982882,44.732609000224926],[-71.97597899975429,44.733766999871399],[-71.975927999700673,44.733817000141798],[-71.975084000151895,44.734636999812444],[-71.974685999768639,44.735020999878728],[-71.974622000194515,44.73508299983316],[-71.974588999684244,44.735114999742471],[-71.974557999722123,44.735144999721122],[-71.974402999911419,44.735294000065146],[-71.974207999917752,44.735483999929762],[-71.973879000029768,44.735800000055136],[-71.973514000156783,44.736152000100304],[-71.97301799986424,44.736631000200639],[-71.965321000049599,44.744058999959897],[-71.960200999985489,44.749007999794131],[-71.9592589996291,44.749910000103192],[-71.959109999666182,44.750063999807246],[-71.958324999668648,44.750873999979845],[-71.954670000017629,44.754392999702695],[-71.95139399958498,44.757500000202135],[-71.950748000402925,44.758154000318427],[-71.950602999739644,44.75829899991227],[-71.950149000178214,44.758757999702915],[-71.949585999938506,44.759328000191609],[-71.949033999569465,44.759886000077728],[-71.948492000144469,44.760432999865749],[-71.948153000210752,44.760774000080815],[-71.947418000441914,44.761507999777649],[-71.946902999882795,44.762021999719707],[-71.94622800038843,44.762693999889201],[-71.945670000171589,44.763250000217695],[-71.94515399978755,44.763763999969186],[-71.945111999954761,44.763806000297684],[-71.944829000097542,44.764087999981612],[-71.944063000366569,44.764851000098446],[-71.943730000280638,44.76518399979004],[-71.943516000020395,44.765392999721151],[-71.94348400023334,44.765422999933044],[-71.943454999921016,44.765450999989135],[-71.942996000336706,44.765890999817579],[-71.94192400028399,44.766918000004843],[-71.940038999746292,44.768729000268827],[-71.939292000281881,44.769441000281056],[-71.939551999674578,44.769572000266038],[-71.945072999596704,44.772350000140818],[-71.950416999966819,44.775021999702901],[-71.951108000253043,44.775367000121911],[-71.952549000376706,44.776088000176159],[-71.953460999697555,44.776543999925337],[-71.953519000322174,44.776573000207101],[-71.953780000438087,44.77670300008193],[-71.954261999588624,44.776944000130285],[-71.954967000118543,44.777296000237705],[-71.959996999770993,44.77982800020316],[-71.962403999642177,44.78103500001297],[-71.967332999910582,44.783503999887934],[-71.969103999747134,44.784385000142407],[-71.970388000410281,44.785024000230038],[-71.973302000444676,44.786474000294668],[-71.973990000357844,44.786816999832936],[-71.974176000130697,44.786909000224917],[-71.974824999685794,44.787232000135077],[-71.97251200042426,44.78933900009747],[-71.964157999760289,44.797107000166356],[-71.959866000249733,44.801105000291152],[-71.958327000216769,44.802546999955055],[-71.957389000058356,44.803417999697821],[-71.954876999706855,44.805762999733048],[-71.954135000265339,44.806459000105818],[-71.948769999978822,44.811571999701947],[-71.946082999725164,44.813977999836894],[-71.945888999556388,44.814151000128824],[-71.945641999684199,44.814377000151971],[-71.942598999778369,44.817202999759914],[-71.941372999739841,44.818336000044695],[-71.940495999680778,44.819146999708565],[-71.939548000374927,44.820022999936818],[-71.939446000267694,44.820116999797605],[-71.938120999596649,44.821346000057638],[-71.936906000327127,44.822471999905872],[-71.933137999799868,44.826029999895297],[-71.930616000300972,44.828411000162554],[-71.92931599974429,44.829638999855995],[-71.926720999552131,44.831650000214772],[-71.925321000334648,44.832734000267386],[-71.925024000233748,44.832965000313692],[-71.924163999893111,44.833631000054424],[-71.922136999963527,44.835200000225207],[-71.920864999894249,44.836186000299492],[-71.92000100025399,44.836858999875922],[-71.919987999835186,44.836864999881278],[-71.919950000200359,44.836894999898718],[-71.912141000232737,44.844721999797862],[-71.911158999693384,44.845718000154413],[-71.910466999582255,44.846403999731372],[-71.909834999745584,44.847038999805612],[-71.908793999654989,44.848081000031748],[-71.90813300040432,44.848754000146783],[-71.907734000196157,44.849151999987619],[-71.907611999997414,44.849274000268217],[-71.907512000438302,44.849373000279918],[-71.907488999973751,44.84939600029044],[-71.907226000208041,44.849659999808807],[-71.905046000117579,44.851848000037741],[-71.904919999720875,44.851975000200049],[-71.899880000022691,44.857062000128984],[-71.898096999592255,44.858860999931629],[-71.892368999980903,44.864546000299974],[-71.88986800039838,44.867028000192526],[-71.885878000113308,44.870931999738488],[-71.881736000390575,44.874984000146185],[-71.87836700007152,44.878279000220211],[-71.877857000433579,44.878761999850489],[-71.883938000222344,44.882087999992578],[-71.886140999879032,44.883293000159284],[-71.886396999972064,44.883434000066963],[-71.88713099991601,44.883834000014403],[-71.895067999930134,44.888097000261681],[-71.895277000167511,44.888208999697127],[-71.895804000422203,44.888490999889711],[-71.895882000240007,44.888532999813663],[-71.897099000057693,44.889185000275816],[-71.897552999619123,44.889429000219458],[-71.902821999646179,44.892235000268755],[-71.905150999699558,44.893473000179469],[-71.910125000173807,44.896128999986075],[-71.914208000345312,44.89831300004203],[-71.914573000218283,44.898508000217518],[-71.914898999733211,44.898682000305236],[-71.916078999740975,44.899314999736944],[-71.916672000117913,44.899630999876287],[-71.920145000194026,44.901524999996766],[-71.919612000091561,44.904644000274629],[-71.91822000037169,44.91173600029262],[-71.916340999681793,44.921415999858432],[-71.914604000180432,44.930607999782161],[-71.914317999950171,44.932141999941763],[-71.914225999888657,44.932638000133515],[-71.914165999614198,44.93295600028766],[-71.914155999568464,44.933009999850974],[-71.914086999971488,44.933380000297909],[-71.914006999605547,44.933813000155332],[-71.913248000445577,44.937910000206756],[-71.912562000182234,44.941634000314224],[-71.912085000156239,44.943880999831499],[-71.911938999668067,44.944603000015206],[-71.91193299982028,44.944636000267181],[-71.911910000254068,44.944753000256249],[-71.911468000388183,44.946946000010335],[-71.910827000330698,44.950215999985573],[-71.910809999713948,44.950303000019979],[-71.910187999922996,44.953395000317407],[-71.910021000416734,44.954225000310601],[-71.908380000276523,44.962310000228513],[-71.908185000282856,44.963201999904193],[-71.908027000099111,44.963978000164019],[-71.907791000097561,44.965141000155462],[-71.907442999943001,44.966854999959381],[-71.906750999831871,44.970265999819446],[-71.906483999868186,44.971583999739146],[-71.906410000248343,44.97194699986391],[-71.905590999915603,44.976133000204548],[-71.904863999644377,44.979848999837102],[-71.90425899957188,44.982945000078715],[-71.904067999776174,44.983920999976796],[-71.903841999820372,44.985090000126824],[-71.903544999719443,44.986619999847441],[-71.90340599980226,44.987337000285592],[-71.903229000250263,44.988251999986439],[-71.903106000226614,44.988882999857687],[-71.903015999814926,44.989347000301777],[-71.902866999852009,44.990116000172584],[-71.902795999706896,44.990504999952279],[-71.902763000094936,44.990672999834509],[-71.90131100010062,44.998035000235248],[-71.90113700002334,44.998913999753533],[-71.899480999814514,45.007107999766362],[-71.899312999585021,45.007926999713753],[-71.899384999555039,45.007924999730456],[-71.904856000146765,45.007783000103856],[-71.911203999899229,45.007663000046527],[-71.913970999620531,45.007611000218844],[-71.91516499987199,45.007645999790469],[-71.916472000101365,45.007684000281124],[-71.920857000396651,45.007812000244016],[-71.929314000094465,45.008056999747517],[-71.932854000117757,45.008106000157582],[-71.937522000270263,45.008170000020826],[-71.945731000270953,45.008283000071266],[-71.946922999974291,45.008254999837845],[-71.95511600008146,45.008083999771259],[-71.966979999733184,45.007877999785656],[-71.968003000280419,45.007859000242973],[-71.976998999928483,45.007700000212729],[-71.979076999911712,45.007663000046527],[-71.981811999845945,45.007613999892627],[-71.987018999948717,45.007520999770378],[-71.997038000144016,45.007342000038904],[-72.007057000339344,45.00716099973814],[-72.009849000174995,45.007105000066083],[-72.016976999902127,45.006957000261004],[-72.023291000217711,45.006796999938601],[-72.024918999939132,45.006755999776118],[-72.02908999997419,45.006676000025152],[-72.032056999712026,45.006619000182084],[-72.04002600041153,45.006476000159019],[-72.043874000406376,45.006406000199711],[-72.051147999723398,45.006274000188824],[-72.051238000135072,45.006272000147817],[-72.051325000173733,45.006270999809729],[-72.051389999572734,45.006270000106767],[-72.054284000413944,45.006216999945742],[-72.060497000447199,45.006148000010143],[-72.062259000062923,45.006128000188205],[-72.068467000073298,45.006066999703613],[-72.072101999632821,45.006031000095128],[-72.0754080002027,45.005998000222476],[-72.084127999666237,45.005907000070927],[-72.087522000099653,45.005870999726781],[-72.087669000412745,45.005869000306845],[-72.087724999590947,45.005869000306845],[-72.087794000086234,45.005867999961723],[-72.088266999914239,45.005863000141247],[-72.090780999915552,45.005835999705717],[-72.090809000402956,45.005835999705717],[-72.092848999853018,45.005813999717837],[-72.09542599960352,45.005786000182958],[-72.095447000418233,45.005786000182958],[-72.095907999652354,45.00578099972018],[-72.098019000145854,45.005755999940206],[-72.099370999682762,45.005740000100758],[-72.099971999557283,45.005733000209275],[-72.104627000189325,45.005678999838132],[-72.105686999648171,45.005667000101582],[-72.105906999756201,45.005663999690682],[-72.106194999636287,45.005660999914781],[-72.106935000326303,45.00565600007625],[-72.10795399977728,45.005649999888298],[-72.108383000122672,45.005647999825534],[-72.10918200036393,45.005642000271905],[-72.109922000155635,45.005636999796558],[-72.110128999844861,45.005636000082482],[-72.11041199970208,45.005634000019242],[-72.11053600044896,45.00563300030511],[-72.110553999992305,45.00563300030511],[-72.111319999723293,45.005636999796558],[-72.111508000044267,45.005638000145709],[-72.111739999847842,45.005640000208814],[-72.116275999755871,45.005665000039414],[-72.121938000143317,45.005696999755791],[-72.125559000357441,45.005716999728207],[-72.12698899971214,45.005724000256791],[-72.128577000148908,45.005738000041099],[-72.131609000184071,45.005766999946395],[-72.134643999693978,45.005795999836955],[-72.136452000238762,45.005812000295911],[-72.141983000206622,45.005863999851307],[-72.143425000155219,45.005878000236549],[-72.145967999570516,45.005904000307744],[-72.147059999714742,45.005928000314157],[-72.15106800044147,45.006014999697335],[-72.151414999872785,45.006011999939815],[-72.158221000282964,45.005953000019019],[-72.159941999890805,45.005944999809785],[-72.168468000083919,45.005876999891584],[-72.170734000388109,45.00585799968519],[-72.173029000106311,45.005839000107606],[-72.173743999783653,45.00583000017177],[-72.176285000447464,45.005793999779243],[-72.181367999803342,45.005720999848926],[-72.182916999882053,45.005698000103898],[-72.184773999932332,45.005671000225746],[-72.192341999875524,45.005562000235464],[-72.192731999862872,45.005556999753132],[-72.196685000338022,45.005498999715286],[-72.205035999730626,45.005378000235787],[-72.207667999732706,45.005338999766437],[-72.210963000431917,45.005283999938875],[-72.218726000368775,45.005137999955615],[-72.221128000217092,45.005091000264635],[-72.223467000316234,45.005045999983842],[-72.226187000181866,45.004993999685908],[-72.226430999681028,45.004988999789163],[-72.228932999986753,45.004941000249779],[-72.230785999839071,45.004904999933686],[-72.231852999868948,45.004883999950579],[-72.23317799964164,45.004858999779195],[-72.239220999795592,45.004741999772058],[-72.24269800006968,45.004675000062129],[-72.246740000233288,45.00464200004344],[-72.2480719996787,45.00460900000575],[-72.255663000086429,45.004423000015301],[-72.256879000079223,45.004403999961809],[-72.258463000318017,45.004379999952072],[-72.258502999602683,45.004379000216069],[-72.258577999945743,45.004377999844927],[-72.260928999740415,45.00434199981018],[-72.270213999991824,45.004200000193677],[-72.274604000309978,45.004210000124523],[-72.280923999575037,45.004222999904975],[-72.281774999694832,45.004232000093232],[-72.283291000161569,45.00424799971875],[-72.288610000417322,45.004302999905853],[-72.2933670002583,45.004353000087882],[-72.304521000255519,45.004076000016958],[-72.3119469999085,45.003786999746701],[-72.314241999626688,45.00384699973813],[-72.318590999936973,45.004166999901365],[-72.326301999995295,45.004618000133412],[-72.329215000204783,45.004788000020504],[-72.334013000053631,45.005068000266661],[-72.342453000033004,45.005353999998995],[-72.343526999735545,45.005385000170698],[-72.348209000131774,45.005540000142361],[-72.352744000214884,45.005693999981617],[-72.358418000297888,45.00588000029132],[-72.35942800042632,45.005913999941136],[-72.367410999572897,45.006178999752159],[-72.367480000068198,45.006180999796435],[-72.367577999977485,45.006184000180198],[-72.368626999565677,45.006218999988633],[-72.373296000441414,45.006291000216883],[-72.374926999637566,45.006315999763366],[-72.379039000121381,45.006377999683906],[-72.38422000028487,45.006310999981956],[-72.386880999700949,45.006276999932624],[-72.388006000355432,45.006261999941763],[-72.393939000006228,45.00648400029413],[-72.399710000173599,45.006696999986474],[-72.400559999570149,45.006728999761499],[-72.400768999807525,45.006736999861232],[-72.401025999725476,45.006746000289709],[-72.402288999573912,45.006792999893058],[-72.402912999912971,45.006815999833535],[-72.404981999675357,45.006891999985442],[-72.406290999554543,45.006941000121863],[-72.406456000309319,45.006947000174542],[-72.406577999609723,45.006951000209327],[-72.410639000039922,45.007101000042049],[-72.41216300000427,45.007156999718028],[-72.413184000003369,45.007194999897905],[-72.415944000051965,45.007297999941208],[-72.415990999907635,45.007299999946405],[-72.416043999611091,45.00730199995148],[-72.418126999617172,45.007378000093702],[-72.420465999716285,45.007462999815736],[-72.432505000168504,45.007906000203363],[-72.433040999745714,45.007926000039646],[-72.433306999884508,45.0079350002813],[-72.433500000228349,45.007943000212599],[-72.433766000367115,45.007953000125191],[-72.435562000318029,45.008019000139434],[-72.441988999713217,45.008254000169508],[-72.442894000259656,45.00828800031563],[-72.449604000410375,45.008532999688484],[-72.450435000438688,45.008564000045112],[-72.459286000321811,45.008646999954472],[-72.459948000295711,45.008652999828492],[-72.469461000152734,45.008742000108661],[-72.478974000009757,45.008829000298853],[-72.484060999563596,45.008742999768472],[-72.486932999765187,45.008695000199168],[-72.488313999614405,45.008671000081826],[-72.495592000027685,45.008518000288369],[-72.502870000440964,45.008365000086293],[-72.503881000394344,45.008346000069977],[-72.512196999626852,45.008166999741043],[-72.521523999711022,45.007968999981649],[-72.530850999795206,45.007769999861004],[-72.533466000078874,45.007797999696386],[-72.538879999870858,45.007853000285778],[-72.547132000427581,45.007937999938122],[-72.553885000235994,45.008009999911025],[-72.552617000364691,45.003066000270586],[-72.552588000052367,45.002990999884233],[-72.552557999915152,45.002865000106588],[-72.552460000005865,45.002556000280279],[-72.552440999739275,45.002381999767955],[-72.552306000020067,45.001698999774256],[-72.552256999616262,45.001411000004545],[-72.552194999691991,45.001126999863715],[-72.552116999874173,45.000850000074522],[-72.552068000368678,45.000714999930373],[-72.552008000094219,45.000580999905551],[-72.551791000359245,44.999436000177219],[-72.551716999841091,44.999047999865759],[-72.551654999916806,44.998729000164431],[-72.551551000159748,44.998192000089034],[-72.551394999625813,44.997388999713053],[-72.551358999640797,44.997078999710453],[-72.551347999770158,44.996981000311507],[-72.551337999724396,44.996889999812133],[-72.551329000401893,44.996851999784191],[-72.5513029995643,44.996749999885495],[-72.551207000203149,44.996431999970163],[-72.551141000080918,44.996121999872145],[-72.550994999592746,44.995427000238337],[-72.550948999561982,44.995207000028309],[-72.55056699997057,44.993385999695526],[-72.550146000021073,44.991383000024804],[-72.549567999712764,44.988634000271055],[-72.549330999886308,44.987393000219612],[-72.549268000137118,44.987025999872166],[-72.549131999694666,44.986294999907081],[-72.549090999686783,44.986101999803623],[-72.549022999914726,44.985786000012219],[-72.548977999708882,44.985576000285185],[-72.548865999555872,44.985038000142993],[-72.548818999700231,44.984820000235175],[-72.548784000438445,44.984666000202814],[-72.548678999958156,44.984160000088309],[-72.548632999927392,44.983939999833368],[-72.548574000376163,44.983663000197559],[-72.548545999888745,44.983533000090503],[-72.54846800007094,44.983164999704307],[-72.548367999613518,44.982691000177262],[-72.548307000412464,44.982402000063942],[-72.548241000290218,44.982091000198835],[-72.548206999955042,44.9819319998224],[-72.548135999809915,44.981595999794344],[-72.548093999977127,44.981398999843705],[-72.548006000113574,44.980983999971095],[-72.547934999968462,44.980649999770641],[-72.547861000348632,44.980299000056291],[-72.547787999655384,44.979953999801729],[-72.547723000256354,44.979649999903124],[-72.547652000111242,44.979315000018907],[-72.547590000186986,44.979023000145062],[-72.547493000102605,44.978564000307834],[-72.547483999881763,44.978523999828177],[-72.547435000376282,44.97829100024444],[-72.547348000337649,44.977883000233689],[-72.547333000269035,44.977813000292066],[-72.547272999994576,44.977529000124335],[-72.547180000108142,44.977087999774319],[-72.547118000183886,44.976797999796609],[-72.547031999970145,44.976393000002851],[-72.546964000198074,44.976072999790397],[-72.546897000250937,44.975757000004691],[-72.546838999626303,44.975480000232409],[-72.546784000273021,44.975220999716605],[-72.546703999907081,44.974844000275887],[-72.546628999564021,44.974491000091817],[-72.54654700044658,44.974104999830097],[-72.546461000232853,44.973698000174501],[-72.546369000171339,44.973266000198343],[-72.546293999828251,44.972910000249463],[-72.546263999691035,44.972768999926515],[-72.546202999591671,44.972480000006563],[-72.546122000299121,44.972100999742722],[-72.546030000237621,44.971664000184632],[-72.546000999925297,44.971530000233336],[-72.545912000236839,44.971109999799317],[-72.545824000373287,44.970696000138254],[-72.545737000334668,44.970284999752344],[-72.545637999702137,44.969817000008497],[-72.54555499986148,44.969422999840887],[-72.545466000173008,44.968982999790619],[-72.545326000430919,44.968298000144564],[-72.5452829998749,44.968089000287414],[-72.545210999904882,44.967735999836293],[-72.545181999592558,44.967590999900203],[-72.545039000375752,44.966891999782],[-72.544999000192774,44.966695999917391],[-72.544914999628872,44.966285000105266],[-72.544888999689604,44.966157999940464],[-72.544825000115509,44.965842999954582],[-72.544798000351321,44.965710000161529],[-72.544692000046112,44.965189999764846],[-72.544660000259057,44.965034000188524],[-72.544600999809518,44.964747000283552],[-72.544558999976715,44.964539999790787],[-72.544476999960949,44.964134999872066],[-72.54444900037187,44.964001999932627],[-72.544391999572142,44.963720000269333],[-72.544362000333223,44.963573000091323],[-72.544298999685708,44.963261999800707],[-72.544235999936532,44.962953999835719],[-72.544147000248088,44.962519000165983],[-72.54408899962344,44.962234000062487],[-72.544009999980716,44.961847000097556],[-72.543985999691273,44.961729000148999],[-72.543906000223657,44.961334999726269],[-72.543836999728356,44.960997999923229],[-72.543814000162143,44.96088699978489],[-72.543752000237859,44.960583999739825],[-72.543702000009162,44.960338000168953],[-72.543688999590358,44.960271999903043],[-72.543623000366438,44.959951000127759],[-72.543604999924767,44.959863000222256],[-72.54358300018346,44.959756999824556],[-72.543459000334906,44.95917500006454],[-72.543428000372757,44.959025999899843],[-72.54333100028839,44.958571999695863],[-72.543303999625877,44.958445000254535],[-72.543198000218993,44.957946000143146],[-72.543134999571478,44.957646000205294],[-72.543107999807319,44.957518999985787],[-72.543091999913798,44.957445000303856],[-72.543077999670075,44.957378999888583],[-72.543066999799407,44.957326000280233],[-72.54304800043117,44.957240000008071],[-72.543033000362556,44.957166999890248],[-72.543026999616444,44.957138000183413],[-72.542978000110978,44.956906000094001],[-72.542944999600692,44.956753999965201],[-72.542915000361774,44.956609000240782],[-72.542894000445372,44.956512000242547],[-72.542859000285276,44.956346999875414],[-72.542839000193794,44.956251999949608],[-72.542829999972952,44.956210999859472],[-72.542800999660642,44.956075000156908],[-72.542787000315258,44.956009000072918],[-72.542737000086547,44.955773000076221],[-72.542723999667757,44.955712000026928],[-72.542708999599142,44.955639999822814],[-72.542676999812088,44.955490000061005],[-72.542648000398074,44.95535599983198],[-72.542552999963519,44.954905999685941],[-72.542532999872051,44.954809999952445],[-72.542482999643326,44.954574000110391],[-72.542469000297956,44.954512000087846],[-72.542456999704058,44.9544539998831],[-72.54244699965831,44.954409999864076],[-72.542333999680409,44.953872999716005],[-72.542294000395756,44.953684999749278],[-72.542270999931219,44.953579000017236],[-72.542263000433621,44.953538999911572],[-72.542234000121312,44.953401000254743],[-72.542220999702508,44.95334200020806],[-72.542205999633893,44.953270000208981],[-72.542197000311376,44.953229999887895],[-72.542183000067681,44.953160999729441],[-72.5421780000448,44.953137999870108],[-72.542167999999066,44.953090000133926],[-72.542145000432853,44.952981999945074],[-72.542130000364224,44.952912000126155],[-72.542126000166263,44.952894000158921],[-72.54210199987682,44.952781000235653],[-72.54206900026486,44.952624999975946],[-72.54205300037134,44.952546999687087],[-72.542029999906802,44.952443999778922],[-72.542003999967534,44.952322000167051],[-72.541981000401307,44.952213999804428],[-72.54196100030984,44.952118000017798],[-72.541943999693075,44.952036000258325],[-72.539264000010419,44.939264999944136],[-72.538549000333063,44.935874999684607],[-72.538330999874859,44.934810000119505],[-72.537115999706998,44.929016999934952],[-72.536498000114008,44.926114000308885],[-72.538205000376479,44.926097999865199],[-72.541383000001503,44.925977000062375],[-72.541014999755475,44.921374999692688],[-72.540530000231897,44.915778000201449],[-72.539931999832106,44.909221999761542],[-72.539258999987538,44.901351999864133],[-72.538675999656348,44.894215000263507],[-72.538610000432428,44.893436999883818],[-72.538391000149304,44.891009999790235],[-72.538357999639047,44.890576999990714],[-72.538130999858311,44.888080000197618],[-72.537939000237699,44.885962000230656],[-72.537931999666682,44.88585800001821],[-72.537929000191951,44.885844000244553],[-72.537649999634368,44.882581000244805],[-72.537633999740862,44.882425000234569],[-72.537330999792147,44.878897999972956],[-72.537273000065838,44.878213999862908],[-72.537196999897844,44.877354000023793],[-72.536987999660482,44.874994999771602],[-72.536370000067507,44.86941100025382],[-72.536214000431897,44.867982999943436],[-72.535569000176437,44.860751999983904],[-72.535549000084941,44.860516999852237],[-72.535320999580989,44.857966000158477],[-72.535123000112591,44.856312000275246],[-72.534670000376067,44.850609999826695],[-72.534058999557487,44.842929999710464],[-72.533988000310686,44.842038000170355],[-72.533528999828036,44.836778000060917],[-72.533280000306021,44.834080999723206],[-72.538339000270781,44.828078000081554],[-72.544008000330905,44.821547000160422],[-72.551505000128984,44.812912999847427],[-72.558663999818279,44.804586999735776],[-72.567051000094196,44.794817999871917],[-72.572053999982472,44.789021999748975],[-72.575400999661895,44.785147000189411],[-72.578067999824086,44.782061000213631],[-72.579074999579476,44.780896000190467],[-72.570897000439231,44.777931000303219],[-72.561167999773829,44.774419999919175],[-72.550257000349177,44.770532000017795],[-72.549588999629165,44.770290000008806],[-72.539408999775375,44.766606999934915],[-72.532164999697272,44.764023000233095],[-72.528053999936688,44.762552999687273],[-72.527546999773477,44.762371999959512],[-72.526319999910044,44.76193200011722],[-72.523442999685585,44.760902000139602],[-72.523303999768402,44.760851999691937],[-72.522441999777982,44.76054299980526],[-72.522128999783519,44.760426000042258],[-72.521948000033547,44.760366000153702],[-72.520459000229309,44.759838999890498],[-72.520414000023464,44.759818999731372],[-72.518956000181348,44.759275999941451],[-72.518455999690858,44.759092999792905],[-72.517561999913354,44.75876199980874],[-72.513948000270219,44.757423000102285],[-72.507127999616344,44.754941000073025],[-72.506520999894022,44.754720999705903],[-72.504443999735713,44.753950000168196],[-72.501649000425331,44.752907999902369],[-72.500871999925394,44.752618000088667],[-72.499589999810382,44.752275000265271],[-72.498886999828599,44.752020000221101],[-72.496086999597011,44.751002999961237],[-72.494577999701278,44.750454999888568],[-72.494523000348025,44.750438000023237],[-72.493333000294513,44.750003000304964],[-72.493201000050036,44.749953999695933],[-72.492113999928705,44.749558000241358],[-72.484699000146364,44.746851999939544],[-72.473397000011133,44.742795999742],[-72.47236500014138,44.742424999976869],[-72.471792999680829,44.742219999886821],[-72.470981999744026,44.741927999726734],[-72.470545999725942,44.741773000198478],[-72.466302999720867,44.740246000092121],[-72.459066000213781,44.737642999793451],[-72.445163999863496,44.732634000227947],[-72.433669000282734,44.728505000009839],[-72.428135999766738,44.726509000044025],[-72.425677999841938,44.725626000078023],[-72.422872999587497,44.724615999814652],[-72.417477000237156,44.722946999822284],[-72.417314999855435,44.722892999693734],[-72.419120999852083,44.720701999815034],[-72.419191999997196,44.720606999934937],[-72.421566000256433,44.717410999946146],[-72.42319599962768,44.715217000305714],[-72.423438000375342,44.714891000200026],[-72.423644000239634,44.714614000133622],[-72.426488999778741,44.710734000314595],[-72.430909000234138,44.704702999722478],[-72.43494899984961,44.699240000196468],[-72.435321000293612,44.698732999720811],[-72.438169000205747,44.694817999941094],[-72.438887000256159,44.693849000296566],[-72.444143999689331,44.686755999978899],[-72.444162000130973,44.686732000105131],[-72.444374999668,44.686541999795381],[-72.44445599985886,44.686409999878911],[-72.444491000018957,44.6863699998448],[-72.444505000262666,44.686340000120495],[-72.444594999776029,44.686181999953327],[-72.444798999990525,44.685904999816742],[-72.445526000261765,44.684920000079366],[-72.445768000111102,44.684592000128106],[-72.445864000370563,44.684461999987889],[-72.445937000165486,44.684362999877074],[-72.445968999952555,44.684319999756866],[-72.446042999572384,44.684219999844117],[-72.446112000067686,44.684126000317981],[-72.4461210002885,44.684113999837528],[-72.44625199980976,44.683935000199504],[-72.454202000242702,44.673159999756578],[-72.454292999580971,44.67303699969986],[-72.458538000134183,44.667079000023918],[-72.466598000171956,44.656153000178911],[-72.468919999654346,44.65301700022632],[-72.473986000190095,44.646133000284323],[-72.476526999955595,44.642680000239288],[-72.476884000330969,44.642194999962378],[-72.476923999615636,44.642140000287839],[-72.476940000407467,44.642119000049661],[-72.477034000118792,44.641990999803475],[-72.477063000431116,44.641950999788484],[-72.477831999636834,44.640901000077214],[-72.477987000345834,44.640688999918986],[-72.478749999703751,44.639642999773997],[-72.479564000013639,44.638528000310231],[-72.480001999681548,44.637927000010244],[-72.480376999600281,44.637414999968492],[-72.480666000203584,44.637018000109947],[-72.480805000120753,44.636827999807551],[-72.480960999756377,44.636613999986956],[-72.482710999676542,44.634215999733392],[-72.482792999692279,44.6341029999152],[-72.472560999959953,44.630378000139672],[-72.472161999751776,44.630233000180247],[-72.472084999758891,44.630204000017009],[-72.472069999690277,44.630199000119674],[-72.471207999699828,44.629884999822529],[-72.471196000004284,44.629871999761392],[-72.470643999635229,44.629671999830727],[-72.468447999651232,44.628879999883651],[-72.465567000127123,44.627815999772018],[-72.46554000036295,44.627807000097668],[-72.465331000125559,44.627728000196988],[-72.464799999672906,44.627533999936098],[-72.460662999973067,44.625989000189577],[-72.460199000365876,44.625816000262773],[-72.458440000224883,44.625149000264791],[-72.45794499975726,44.624964999754418],[-72.457834000327495,44.624924000207542],[-72.457796999619248,44.624909999731869],[-72.457266000064905,44.624721000012777],[-72.457064000398546,44.624648000071545],[-72.456373000112336,44.624395000072866],[-72.456019000110004,44.624270000230112],[-72.455035999745732,44.623914000246501],[-72.454408999931928,44.623686999950408],[-72.453866999608621,44.623491000315759],[-72.452937999671022,44.623154000160277],[-72.449113999965633,44.621769999921185],[-72.444630999761031,44.620133999932634],[-72.444233000276085,44.619987999931745],[-72.443882999573404,44.619862000161419],[-72.443148999629486,44.619590999789729],[-72.442147999721868,44.619229000283454],[-72.441306999647821,44.618921999791922],[-72.440448000030415,44.618607999876083],[-72.43975500009438,44.618360000049734],[-72.43792900000625,44.61768899980148],[-72.437288999773656,44.617456000316317],[-72.437277999903003,44.617452000031562],[-72.436394999996168,44.617132000018849],[-72.436208000398409,44.61705800004858],[-72.435026999667414,44.616630000254297],[-72.434864000359127,44.616571000302706],[-72.434562000235331,44.616456999933725],[-72.433785999560286,44.61617800019004],[-72.433412000364797,44.616038999863292],[-72.432109000333384,44.61556700016245],[-72.430977999831114,44.615155000105567],[-72.429605000377805,44.614656000234],[-72.428510999685471,44.614256999832648],[-72.42773200043402,44.61396999998037],[-72.427365000012898,44.613840000046203],[-72.425375999718142,44.61311599996921],[-72.41693699956366,44.610039999868057],[-72.415778000370636,44.609616999901682],[-72.412113999600464,44.60827800005103],[-72.410038000165386,44.607519999793929],[-72.407581000065477,44.606623000037573],[-72.39794699983463,44.603098999951762],[-72.393384999987347,44.601420999824292],[-72.391459000340092,44.600723999837484],[-72.388157999793094,44.59953100030063],[-72.383043999576742,44.597663000175032],[-72.381810999865536,44.597215000016774],[-72.379451999674927,44.596356000308639],[-72.379359999613428,44.596323000033784],[-72.379270999924969,44.596291000175817],[-72.378953999732559,44.596177000298724],[-72.378890000158449,44.596153999825049],[-72.37886099984614,44.596143999922212],[-72.376238000064888,44.595203000277003],[-72.37443399971805,44.5945549997029],[-72.374279999732266,44.594498000008521],[-72.37413599979223,44.594445000208857],[-72.373982999631352,44.594389000235275],[-72.373828999645553,44.59433199973838],[-72.373674999659784,44.594274999825281],[-72.373525999696867,44.594220000159112],[-72.373380999931911,44.594167000105905],[-72.373308000136973,44.594140000144726],[-72.373240000364916,44.594114999837757],[-72.373175000067576,44.59409099999354],[-72.373103999922463,44.594064999831311],[-72.373033999602271,44.594039000297094],[-72.372963000355469,44.59401300011158],[-72.372898000058143,44.59398900022525],[-72.372832999760817,44.593964999689291],[-72.372761999615705,44.593939000110389],[-72.37270200023957,44.593916999867055],[-72.372636999942245,44.593892999941076],[-72.372594000284536,44.593876999984928],[-72.372542000406,44.593857999871375],[-72.372498999849967,44.593841999905543],[-72.372441999948578,44.593821000103695],[-72.372381999674118,44.593798999815739],[-72.372335999643354,44.593781999994562],[-72.372294999635486,44.593766999847226],[-72.372237999734082,44.593746000018278],[-72.372180999832665,44.593725000181699],[-72.372127000304303,44.593705000178012],[-72.372075000425752,44.593686000008184],[-72.372042999740401,44.593673999998728],[-72.372026000021961,44.593668000312924],[-72.372005000105574,44.593660000304411],[-72.371969000120558,44.593646999808506],[-72.371820999982532,44.593592000187684],[-72.371133000069364,44.593346000060279],[-72.371062999749171,44.593325000079204],[-72.368936000260476,44.592945000054442],[-72.368887999681576,44.592936000092784],[-72.368384999716341,44.592845999759554],[-72.368453000386722,44.592752999716573],[-72.368520000333874,44.592661000022893],[-72.368552000120928,44.59261699983977],[-72.368660000075948,44.592468000164438],[-72.368792000320425,44.592288999693054],[-72.368925000389822,44.592106999706303],[-72.371759000058262,44.588227000094477],[-72.373859999607703,44.584162000026112],[-72.367456999603647,44.581211999887458],[-72.366516999795394,44.580781000027585],[-72.365367999749779,44.58037600007107],[-72.36422000042738,44.579971999929512],[-72.364162999627652,44.579952000312005],[-72.364001000144285,44.579894999732907],[-72.36365499963955,44.579772999686227],[-72.363436000254751,44.579695999865891],[-72.362934999939327,44.579519999985095],[-72.362491000423631,44.579362999950845],[-72.361662999870049,44.579072000094911],[-72.360948000192707,44.578819999999418],[-72.35974300007058,44.578395999770926],[-72.358322999863319,44.577896000116418],[-72.356627000369826,44.57729800021994],[-72.35457500032588,44.5765759999504],[-72.354169000445026,44.576432000155499],[-72.354032000177668,44.576382999792962],[-72.352748000412845,44.575914000175494],[-72.351679999659765,44.575525000125204],[-72.350338999993511,44.575037000119686],[-72.349694999562956,44.574802000072303],[-72.349430999972327,44.574704999925608],[-72.346732000023096,44.57372199996523],[-72.346692999665009,44.573707999944745],[-72.345367000067398,44.573221999795081],[-72.340980999947206,44.571616000141162],[-72.334038999992885,44.569072000075657],[-72.333120000101033,44.568739000116729],[-72.33054500000037,44.567797000015233],[-72.328179000137041,44.566930999901132],[-72.327466000109524,44.566668999816748],[-72.326231999675088,44.566217000145876],[-72.325153999774571,44.56582300019285],[-72.323095000057947,44.565068999772159],[-72.322771000192844,44.564949000010749],[-72.32269699967469,44.564923000253827],[-72.322602999963351,44.564888999717219],[-72.320095999634731,44.563971000117768],[-72.317204000239968,44.562911999945435],[-72.315415999786651,44.562257000270947],[-72.314651999705518,44.561978000095031],[-72.312177000062263,44.56107000018158],[-72.31205700041167,44.561025999769399],[-72.306227999619651,44.558890000083018],[-72.303197000307719,44.557779999926012],[-72.302424999830649,44.557480999739617],[-72.299585000314408,44.556387000265303],[-72.299496999552545,44.556352999860806],[-72.297936999603181,44.555750000023686],[-72.29284599985138,44.553795000229769],[-72.289181000154642,44.552376000311803],[-72.287771999818005,44.551832000050396],[-72.284882999897974,44.550739999880221],[-72.283682999798728,44.550286000110887],[-72.282342999957407,44.549778999812396],[-72.282230999804412,44.549737999693725],[-72.282171000428278,44.549715000051727],[-72.281835999794211,44.549589000237226],[-72.281699000425164,44.549536999787151],[-72.281597000317902,44.5494990000198],[-72.281002000291153,44.54927500011209],[-72.276422999827105,44.547551000176028],[-72.271464000319781,44.54568400004613],[-72.2705920002836,44.545356000180711],[-72.270229000060439,44.545219000160152],[-72.270212000341999,44.545212999955588],[-72.270142000021792,44.545186999702324],[-72.270105000211885,44.545171999821775],[-72.270044999937411,44.54514800026098],[-72.268638999973845,44.544615000155432],[-72.268573999676519,44.544590000320113],[-72.268213000001509,44.544458000013059],[-72.268028000053576,44.544391000019147],[-72.267526999738152,44.544202000194161],[-72.26687300016016,44.543955999807665],[-72.266812000060796,44.543932999801676],[-72.266750999961417,44.543909999786599],[-72.266352999578174,44.543760000077803],[-72.265176999768372,44.5433169997401],[-72.265048999721856,44.543269999786823],[-72.264853999728189,44.543200000140281],[-72.26346799985609,44.542702000280485],[-72.263381999642377,44.542670999797402],[-72.263046000081701,44.542549999860448],[-72.262875000377477,44.54248900007731],[-72.262786999615628,44.542584000005675],[-72.262759999851454,44.542613999816105],[-72.262368000214281,44.543037000234762],[-72.26167100008027,44.543761000136897],[-72.261599999935186,44.543855999910356],[-72.261478999561348,44.544019000083722],[-72.261379000002222,44.544145999843586],[-72.261329999598416,44.544216999684394],[-72.261255000153668,44.544318000291604],[-72.260180999552816,44.545758000006195],[-72.25798299991898,44.548701999788989],[-72.257869999941079,44.548852000207482],[-72.257794999598005,44.548955999724427],[-72.257721999803081,44.549050999982512],[-72.255524999994165,44.551991999902015],[-72.253653999700205,44.554551999797518],[-72.249276999800827,44.56047200008225],[-72.247187999946959,44.563291000082657],[-72.242534000038162,44.569570999831512],[-72.241701000360024,44.570695999999757],[-72.241562000442855,44.57088399994857],[-72.239011999558201,44.574324000217864],[-72.237364999570218,44.576540999690884],[-72.237338999630964,44.576577000085479],[-72.237295000148336,44.576639000108472],[-72.237239999896758,44.576715000005173],[-72.236982000153901,44.577062000224714],[-72.233134000159041,44.582251000124103],[-72.232882000263956,44.582594999842023],[-72.232700999615659,44.582834999883097],[-72.23261000027739,44.582958999953384],[-72.229722000182264,44.586857999828354],[-72.229174000011199,44.5875989999792],[-72.228857999643679,44.588024000205422],[-72.228819000183947,44.588075000228464],[-72.228077999669011,44.589056000166863],[-72.227895000269228,44.589299000151982],[-72.227131000188066,44.590335000099934],[-72.226711000063489,44.590904000285676],[-72.226096999770164,44.591711000120974],[-72.226065999808029,44.591756000224287],[-72.225561000192968,44.592385000068028],[-72.224587999874444,44.593672000316751],[-72.220817999697388,44.598655999730703],[-72.219332000266192,44.600613999868465],[-72.219138000097445,44.600871000017484],[-72.218701000254427,44.601448999947308],[-72.218154999733159,44.602205999780573],[-72.21811500044852,44.602257999843928],[-72.216691000043269,44.604101999796839],[-72.216043000313078,44.604957999893216],[-72.213549000403248,44.608251000251421],[-72.210363000382301,44.612455999687199],[-72.209708999905999,44.613318999814972],[-72.208938999977065,44.614335000035339],[-72.208775999770452,44.614552999997038],[-72.208323000033928,44.615149000080052],[-72.207122999934683,44.61673300000448],[-72.206685000266759,44.617429999739443],[-72.202947999701649,44.623366999774554],[-72.202522999554233,44.624040000174205],[-72.202486999569217,44.624097000295194],[-72.202151000008541,44.624556999683477],[-72.202126999719113,44.624589999903918],[-72.201710999792496,44.625153999957824],[-72.199261000263604,44.628281999685804],[-72.196625000063563,44.632195000208924],[-72.19456700017183,44.635248999773999],[-72.194207000321725,44.63578300012788],[-72.193586000355708,44.636683999722415],[-72.193150000337596,44.637316000030992],[-72.193068000321858,44.637435000264645],[-72.190504000091821,44.641151000088499],[-72.189729000140005,44.642275000267496],[-72.189185000166887,44.643069999741428],[-72.184956000405521,44.649248000314891],[-72.182326999878171,44.652890999942414],[-72.178678000074939,44.657971000187629],[-72.17530600028114,44.662688000186826],[-72.174835999927865,44.663340999841843],[-72.174189000022579,44.664230999933388],[-72.174091000113279,44.664363999808053],[-72.173970999564375,44.664530999785406],[-72.173927000081761,44.664591000080655],[-72.173631999630658,44.664996000129712],[-72.17274100022621,44.666221999757703],[-72.17215799989502,44.667024000306057],[-72.170110999873941,44.669838000060153],[-72.169436000379562,44.670777000074956],[-72.166163000319983,44.67533400022544],[-72.165339999789282,44.676477000293886],[-72.164639000355649,44.677449999913954],[-72.163949999719236,44.678405000184362],[-72.163906000236622,44.678465999829371],[-72.162441999648422,44.680495999983648],[-72.158817000134633,44.685537999899111],[-72.15660400043221,44.688632999702619],[-72.152194999847481,44.694759999681146],[-72.149958999680493,44.697856000274378],[-72.147598999664979,44.701773000043325],[-72.147535999915803,44.701876999872006],[-72.147135999882721,44.702539999895308],[-72.147089999851957,44.702618000187627],[-72.146807999819657,44.703084999862327],[-72.146788999553067,44.703118000105633],[-72.146569000343376,44.703481000263544],[-72.146494999825208,44.703605000038621],[-72.146431000251113,44.703711999991526],[-72.145956999699862,44.704497999997876],[-72.144525999621948,44.704018000185464],[-72.143129999704101,44.703549999872479],[-72.143040000190737,44.703520000108149],[-72.141205999706671,44.702905000235624],[-72.140690000220957,44.702730999958085],[-72.138408999848139,44.701964999974095],[-72.137562999751239,44.701681000063644],[-72.135843999793224,44.701104000098752],[-72.133166999585299,44.70019400019369],[-72.126524000280043,44.697907000256478],[-72.124521999566497,44.697289000227315],[-72.115196000205543,44.694056000107643],[-72.114571000041565,44.693837999946574],[-72.108625999796914,44.691769999838563],[-72.108225999763818,44.691628999711085],[-72.108009999853763,44.691554000155598],[-72.103313000287258,44.689913000311257],[-72.102293999937984,44.68955700012966],[-72.101161999610795,44.689161000291847],[-72.098815000014071,44.688354000176417],[-72.0908980000914,44.685631999688802],[-72.09003299972791,44.685334000197741],[-72.089385999822639,44.685111999687599],[-72.089296000309261,44.685080999767337],[-72.090327000354094,44.68768800015976],[-72.091025000313024,44.689498999709812],[-72.092991000143257,44.69460500018775],[-72.093115999816703,44.694929000221549],[-72.093519000222841,44.695975999975175],[-72.093726999736987,44.696514999876861],[-72.094100000005881,44.697484000248224],[-72.094125999945163,44.697550000077086],[-72.094151000059526,44.697615999830731],[-72.094178999648605,44.697689999871379],[-72.094236000448333,44.697833999817504],[-72.094243000121025,44.697855000311847],[-72.094361000121793,44.698161000174387],[-72.094580000404903,44.698700000170696],[-72.094658000222722,44.69892400021088],[-72.094668000268456,44.698951999915501],[-72.09471199975107,44.699064999817381],[-72.094724000344968,44.699096999856891],[-72.095001000354401,44.69981000008103],[-72.095076999624055,44.700005999838154],[-72.095107999586205,44.700080999941122],[-72.09696700018462,44.704870000291457],[-72.097517999830444,44.706288999813694],[-72.099836999838075,44.712283999983789],[-72.100169999924006,44.713145999895083],[-72.100631999881372,44.714346999987733],[-72.100716000445274,44.71455900021386],[-72.100886000324593,44.715000999994515],[-72.101174000204665,44.715753999873058],[-72.101267999916018,44.715989999938486],[-72.101471000305594,44.716516000121132],[-72.101663999751139,44.717014999730452],[-72.10172700039864,44.71718100025717],[-72.10568400017344,44.727050999965172],[-72.108226999588751,44.733686000132884],[-72.108947000187285,44.735558000057424],[-72.11153200033371,44.742084999788517],[-72.112077999956639,44.743499000112294],[-72.114247000176476,44.749499000259533],[-72.114360000154377,44.749811999961857]]]},"properties":{"NAME":"Orleans County","BASENAME":"Orleans","GEOID":"50019","STATE":"50","COUNTY":"019"}},{"type":"Feature","geometry":{"type":"Polygon","coordinates":[[[-72.597285000232148,44.479385000305932],[-72.597234000178517,44.479356999745178],[-72.596896999894625,44.479172999846519],[-72.596623000258234,44.479023000078072],[-72.595864000199967,44.478607000052804],[-72.594602000176451,44.477915000133514],[-72.591408999584459,44.476202999834442],[-72.589829000441952,44.475356000283767],[-72.585366000328847,44.472962000027124],[-72.585176000358047,44.472861000055822],[-72.582722999557788,44.471540999789823],[-72.580175999944515,44.470166000165236],[-72.577537000269743,44.468733999731434],[-72.570598999615086,44.465002999734601],[-72.570049999619087,44.464706999945761],[-72.566487999854488,44.462806000304667],[-72.565400999733157,44.462231999998757],[-72.560899000160305,44.459781999967277],[-72.560882000441865,44.459781999967277],[-72.560870999672929,44.459775999939438],[-72.560000000359949,44.459302999862324],[-72.558703000176337,44.458617000089653],[-72.557580999894896,44.458017999838596],[-72.552300000172281,44.455198000297599],[-72.547452999919628,44.452601000105801],[-72.547182999582901,44.452472000178105],[-72.54643500029357,44.452051000236125],[-72.545410999921415,44.451515000227488],[-72.545071000162793,44.451337000014682],[-72.544943000116277,44.451269000301771],[-72.544714999612339,44.451142000088346],[-72.544608000380521,44.451088999887304],[-72.544502000075326,44.451032000089299],[-72.543257999595127,44.450365999879757],[-72.541983000051118,44.449683999925341],[-72.540083000343159,44.448668000107759],[-72.538858999954456,44.448013999785616],[-72.5381939996075,44.447658999707855],[-72.536945000002774,44.446997999777587],[-72.535343000220621,44.446149999884817],[-72.534697000140255,44.44580800020163],[-72.534636999865782,44.44577600029757],[-72.534442999697035,44.445672999826094],[-72.533921000363534,44.445378999809975],[-72.533876999982596,44.445353999722897],[-72.533851999868247,44.445340000259456],[-72.532814999975614,44.44481099970649],[-72.531624999922101,44.444183000254164],[-72.526770999996771,44.441582000066212],[-72.522102000019345,44.439097000002349],[-72.520230999725371,44.43812499977043],[-72.518814999716056,44.437390000126989],[-72.518781000279176,44.437372000195097],[-72.518731000050465,44.437346999888604],[-72.518587000110415,44.437272000187704],[-72.516218999698978,44.436043000065034],[-72.5139530002931,44.434753000085749],[-72.51297699960152,44.434234000031104],[-72.512316000350836,44.433882000304962],[-72.512020999899761,44.433727000135839],[-72.511753000111142,44.433585999914627],[-72.511347000230288,44.433373999892552],[-72.51116399993218,44.433276000160951],[-72.51080200043225,44.433085999768153],[-72.509877999619206,44.432595000217106],[-72.507637000327691,44.43140399971017],[-72.506669000032034,44.430889999779886],[-72.503709999791795,44.429321999820665],[-72.502476000255683,44.428671000080691],[-72.496862000447138,44.425710000147269],[-72.495695999784772,44.42509499969912],[-72.49356099990014,44.423977000130975],[-72.493242000057919,44.425828999854055],[-72.492913000169935,44.426292000079762],[-72.490367000381582,44.429689000171372],[-72.489990999739632,44.430191000039308],[-72.485089999958618,44.436769000236218],[-72.484741999804086,44.439134999941679],[-72.482734000141065,44.441741000108912],[-72.48128399979656,44.443619999976477],[-72.478718999741616,44.446695999684451],[-72.478372000310316,44.447112000137352],[-72.477374999702334,44.44830599981843],[-72.476711999903529,44.449088000306908],[-72.475932999753752,44.450010000244504],[-72.47553299972067,44.450625000151135],[-72.47447699956146,44.452244999986277],[-72.472803999634195,44.454286000102925],[-72.471206999874937,44.456247999887523],[-72.46870700011732,44.459464000204868],[-72.468396999597616,44.459887999930679],[-72.467250999925028,44.461235000318098],[-72.466065999894411,44.462855000108441],[-72.464700000113808,44.464751000052658],[-72.462566000054082,44.467593999820252],[-72.46224700021186,44.468003999681009],[-72.462144000279693,44.468164999748829],[-72.462082000355423,44.468248000120035],[-72.461344000213543,44.469231999820799],[-72.460092000235747,44.470903999681418],[-72.459318000108865,44.471939000011709],[-72.459262000032354,44.4720140000749],[-72.459206999780776,44.472089000041763],[-72.459185999864374,44.472119000257933],[-72.459165999772907,44.472144999791773],[-72.456979999834644,44.475067000129037],[-72.453678000361037,44.479468999984618],[-72.450247000117727,44.484056999808047],[-72.442767000038074,44.494059999883817],[-72.442695000068042,44.494173999989542],[-72.439806000147996,44.498529999900668],[-72.43884299987522,44.499978999878351],[-72.436445000224865,44.503220000028186],[-72.435876999962304,44.503988000319779],[-72.434315000363114,44.506097999915077],[-72.434116000171485,44.506018999835334],[-72.433056999639234,44.507489999748223],[-72.430059999764154,44.511671000154017],[-72.42981100024214,44.512018000100412],[-72.429792999800483,44.512024999845451],[-72.428477000248591,44.512557999743862],[-72.427729000060964,44.513549999848969],[-72.420849000030955,44.522651999873631],[-72.419854999796016,44.523959000218071],[-72.419776999978197,44.524070000231283],[-72.419688000289753,44.524175000222165],[-72.419108000331619,44.524944999923378],[-72.415534999798055,44.529650000282942],[-72.414598000362858,44.530880999750757],[-72.41402400025251,44.531636000295052],[-72.410869000193685,44.535777999809653],[-72.407442000148308,44.540286999821006],[-72.401800999677278,44.547608999797816],[-72.398566000150836,44.551806000193011],[-72.39552099969687,44.555802999895711],[-72.39465299985865,44.556943000107538],[-72.392968000235825,44.559154000227906],[-72.390691999885888,44.562141000082704],[-72.38713400031925,44.566800000006452],[-72.381379999870305,44.574332999861859],[-72.374947999553953,44.582743999874857],[-72.37408999976148,44.583865999828788],[-72.373859999607703,44.584162000026112],[-72.371759000058262,44.588227000094477],[-72.368925000389822,44.592106999706303],[-72.368792000320425,44.592288999693054],[-72.368660000075948,44.592468000164438],[-72.368552000120928,44.59261699983977],[-72.368520000333874,44.592661000022893],[-72.368453000386722,44.592752999716573],[-72.368384999716341,44.592845999759554],[-72.368887999681576,44.592936000092784],[-72.368936000260476,44.592945000054442],[-72.371062999749171,44.593325000079204],[-72.371133000069364,44.593346000060279],[-72.371820999982532,44.593592000187684],[-72.371969000120558,44.593646999808506],[-72.372005000105574,44.593660000304411],[-72.372026000021961,44.593668000312924],[-72.372042999740401,44.593673999998728],[-72.372075000425752,44.593686000008184],[-72.372127000304303,44.593705000178012],[-72.372180999832665,44.593725000181699],[-72.372237999734082,44.593746000018278],[-72.372294999635486,44.593766999847226],[-72.372335999643354,44.593781999994562],[-72.372381999674118,44.593798999815739],[-72.372441999948578,44.593821000103695],[-72.372498999849967,44.593841999905543],[-72.372542000406,44.593857999871375],[-72.372594000284536,44.593876999984928],[-72.372636999942245,44.593892999941076],[-72.37270200023957,44.593916999867055],[-72.372761999615705,44.593939000110389],[-72.372832999760817,44.593964999689291],[-72.372898000058143,44.59398900022525],[-72.372963000355469,44.59401300011158],[-72.373033999602271,44.594039000297094],[-72.373103999922463,44.594064999831311],[-72.373175000067576,44.59409099999354],[-72.373240000364916,44.594114999837757],[-72.373308000136973,44.594140000144726],[-72.373380999931911,44.594167000105905],[-72.373525999696867,44.594220000159112],[-72.373674999659784,44.594274999825281],[-72.373828999645553,44.59433199973838],[-72.373982999631352,44.594389000235275],[-72.37413599979223,44.594445000208857],[-72.374279999732266,44.594498000008521],[-72.37443399971805,44.5945549997029],[-72.376238000064888,44.595203000277003],[-72.37886099984614,44.596143999922212],[-72.378890000158449,44.596153999825049],[-72.378953999732559,44.596177000298724],[-72.379270999924969,44.596291000175817],[-72.379359999613428,44.596323000033784],[-72.379451999674927,44.596356000308639],[-72.381810999865536,44.597215000016774],[-72.383043999576742,44.597663000175032],[-72.388157999793094,44.59953100030063],[-72.391459000340092,44.600723999837484],[-72.393384999987347,44.601420999824292],[-72.39794699983463,44.603098999951762],[-72.407581000065477,44.606623000037573],[-72.410038000165386,44.607519999793929],[-72.412113999600464,44.60827800005103],[-72.415778000370636,44.609616999901682],[-72.41693699956366,44.610039999868057],[-72.425375999718142,44.61311599996921],[-72.427365000012898,44.613840000046203],[-72.42773200043402,44.61396999998037],[-72.428510999685471,44.614256999832648],[-72.429605000377805,44.614656000234],[-72.430977999831114,44.615155000105567],[-72.432109000333384,44.61556700016245],[-72.433412000364797,44.616038999863292],[-72.433785999560286,44.61617800019004],[-72.434562000235331,44.616456999933725],[-72.434864000359127,44.616571000302706],[-72.435026999667414,44.616630000254297],[-72.436208000398409,44.61705800004858],[-72.436394999996168,44.617132000018849],[-72.437277999903003,44.617452000031562],[-72.437288999773656,44.617456000316317],[-72.43792900000625,44.61768899980148],[-72.43975500009438,44.618360000049734],[-72.440448000030415,44.618607999876083],[-72.441306999647821,44.618921999791922],[-72.442147999721868,44.619229000283454],[-72.443148999629486,44.619590999789729],[-72.443882999573404,44.619862000161419],[-72.444233000276085,44.619987999931745],[-72.444630999761031,44.620133999932634],[-72.449113999965633,44.621769999921185],[-72.452937999671022,44.623154000160277],[-72.453866999608621,44.623491000315759],[-72.454408999931928,44.623686999950408],[-72.455035999745732,44.623914000246501],[-72.456019000110004,44.624270000230112],[-72.456373000112336,44.624395000072866],[-72.457064000398546,44.624648000071545],[-72.457266000064905,44.624721000012777],[-72.457796999619248,44.624909999731869],[-72.457834000327495,44.624924000207542],[-72.45794499975726,44.624964999754418],[-72.458440000224883,44.625149000264791],[-72.460199000365876,44.625816000262773],[-72.460662999973067,44.625989000189577],[-72.464799999672906,44.627533999936098],[-72.465331000125559,44.627728000196988],[-72.46554000036295,44.627807000097668],[-72.465567000127123,44.627815999772018],[-72.468447999651232,44.628879999883651],[-72.470643999635229,44.629671999830727],[-72.471196000004284,44.629871999761392],[-72.471207999699828,44.629884999822529],[-72.472069999690277,44.630199000119674],[-72.472084999758891,44.630204000017009],[-72.472161999751776,44.630233000180247],[-72.472560999959953,44.630378000139672],[-72.482792999692279,44.6341029999152],[-72.482710999676542,44.634215999733392],[-72.480960999756377,44.636613999986956],[-72.480805000120753,44.636827999807551],[-72.480666000203584,44.637018000109947],[-72.480376999600281,44.637414999968492],[-72.480001999681548,44.637927000010244],[-72.479564000013639,44.638528000310231],[-72.478749999703751,44.639642999773997],[-72.477987000345834,44.640688999918986],[-72.477831999636834,44.640901000077214],[-72.477063000431116,44.641950999788484],[-72.477034000118792,44.641990999803475],[-72.476940000407467,44.642119000049661],[-72.476923999615636,44.642140000287839],[-72.476884000330969,44.642194999962378],[-72.476526999955595,44.642680000239288],[-72.473986000190095,44.646133000284323],[-72.468919999654346,44.65301700022632],[-72.466598000171956,44.656153000178911],[-72.458538000134183,44.667079000023918],[-72.454292999580971,44.67303699969986],[-72.454202000242702,44.673159999756578],[-72.44625199980976,44.683935000199504],[-72.4461210002885,44.684113999837528],[-72.446112000067686,44.684126000317981],[-72.446042999572384,44.684219999844117],[-72.445968999952555,44.684319999756866],[-72.445937000165486,44.684362999877074],[-72.445864000370563,44.684461999987889],[-72.445768000111102,44.684592000128106],[-72.445526000261765,44.684920000079366],[-72.444798999990525,44.685904999816742],[-72.444594999776029,44.686181999953327],[-72.444505000262666,44.686340000120495],[-72.444491000018957,44.6863699998448],[-72.44445599985886,44.686409999878911],[-72.444374999668,44.686541999795381],[-72.444162000130973,44.686732000105131],[-72.444143999689331,44.686755999978899],[-72.438887000256159,44.693849000296566],[-72.438169000205747,44.694817999941094],[-72.435321000293612,44.698732999720811],[-72.43494899984961,44.699240000196468],[-72.430909000234138,44.704702999722478],[-72.426488999778741,44.710734000314595],[-72.423644000239634,44.714614000133622],[-72.423438000375342,44.714891000200026],[-72.42319599962768,44.715217000305714],[-72.421566000256433,44.717410999946146],[-72.419191999997196,44.720606999934937],[-72.419120999852083,44.720701999815034],[-72.417314999855435,44.722892999693734],[-72.417477000237156,44.722946999822284],[-72.422872999587497,44.724615999814652],[-72.425677999841938,44.725626000078023],[-72.428135999766738,44.726509000044025],[-72.433669000282734,44.728505000009839],[-72.445163999863496,44.732634000227947],[-72.459066000213781,44.737642999793451],[-72.466302999720867,44.740246000092121],[-72.470545999725942,44.741773000198478],[-72.470981999744026,44.741927999726734],[-72.471792999680829,44.742219999886821],[-72.47236500014138,44.742424999976869],[-72.473397000011133,44.742795999742],[-72.484699000146364,44.746851999939544],[-72.492113999928705,44.749558000241358],[-72.493201000050036,44.749953999695933],[-72.493333000294513,44.750003000304964],[-72.494523000348025,44.750438000023237],[-72.494577999701278,44.750454999888568],[-72.496086999597011,44.751002999961237],[-72.498886999828599,44.752020000221101],[-72.499589999810382,44.752275000265271],[-72.500871999925394,44.752618000088667],[-72.501649000425331,44.752907999902369],[-72.504443999735713,44.753950000168196],[-72.506520999894022,44.754720999705903],[-72.507127999616344,44.754941000073025],[-72.513948000270219,44.757423000102285],[-72.517561999913354,44.75876199980874],[-72.518455999690858,44.759092999792905],[-72.518956000181348,44.759275999941451],[-72.520414000023464,44.759818999731372],[-72.520459000229309,44.759838999890498],[-72.521948000033547,44.760366000153702],[-72.522128999783519,44.760426000042258],[-72.522441999777982,44.76054299980526],[-72.523303999768402,44.760851999691937],[-72.523442999685585,44.760902000139602],[-72.526319999910044,44.76193200011722],[-72.527546999773477,44.762371999959512],[-72.528053999936688,44.762552999687273],[-72.532164999697272,44.764023000233095],[-72.539408999775375,44.766606999934915],[-72.549588999629165,44.770290000008806],[-72.550257000349177,44.770532000017795],[-72.561167999773829,44.774419999919175],[-72.570897000439231,44.777931000303219],[-72.579074999579476,44.780896000190467],[-72.580001000042344,44.781454000246711],[-72.58377000039448,44.783722999925871],[-72.586953999867305,44.78568299975737],[-72.587083999563632,44.785763000236685],[-72.587500000388573,44.786019000260339],[-72.59099100000806,44.788169999689295],[-72.593971000164672,44.790028999917055],[-72.594064000051091,44.790086000026712],[-72.594073000271919,44.790091999800055],[-72.594403999809728,44.790299000206595],[-72.596080000110035,44.788740999701957],[-72.597043000382811,44.787852000251398],[-72.597603000249464,44.787327000214738],[-72.597898999627148,44.787055000019315],[-72.598785999731945,44.787469000196651],[-72.605141999880345,44.790433999877713],[-72.605720000188668,44.790725000120815],[-72.607004999778411,44.791325000242956],[-72.609970999691313,44.792708999916229],[-72.610619000319858,44.793014000202092],[-72.61283200002228,44.794039000209985],[-72.614827999989714,44.794961000107776],[-72.615647000322454,44.795341000238423],[-72.616729000420932,44.79584399989298],[-72.616181000249853,44.796636000316838],[-72.614905999807519,44.798492999772414],[-72.613596999928333,44.800416999879872],[-72.61433000004736,44.800439000207135],[-72.615684999957296,44.800480999997411],[-72.61806199969125,44.800561999825241],[-72.622951999601611,44.800727000067141],[-72.624815000397987,44.800778999968315],[-72.624961999812754,44.800783999809255],[-72.666119999794162,44.802109999823884],[-72.670742999740838,44.802241999700477],[-72.676426999869577,44.802420999905337],[-72.676750999734679,44.802430999939553],[-72.678238999714011,44.802477999886023],[-72.678379000354411,44.802482000150924],[-72.68685699996864,44.802745999811947],[-72.695385999636457,44.803010000177089],[-72.698289999625118,44.803100000141335],[-72.703608999880871,44.803266000188643],[-72.706861999848982,44.803367000313933],[-72.714170000399491,44.803593999937519],[-72.722006999956193,44.803828000243179],[-72.72337199991189,44.803865999947163],[-72.725807000270478,44.803940999876552],[-72.729097000048512,44.804038999977315],[-72.73142199990393,44.802213000202556],[-72.740615999918731,44.794990000063336],[-72.746714000324232,44.790196999877331],[-72.746849999868374,44.790089000232214],[-72.746818000081319,44.789734000116631],[-72.746566000186235,44.786252999796893],[-72.745788999686283,44.775902999939163],[-72.749686999909869,44.776313000217129],[-72.750169999783623,44.776363000036362],[-72.750312000073848,44.776378000165003],[-72.755047000173505,44.777033000068471],[-72.757820999567485,44.766429000312421],[-72.758550000386862,44.763640999742528],[-72.766010000375019,44.764644999734223],[-72.767283000269217,44.764815999822105],[-72.767904000235234,44.764898000035295],[-72.768592000148402,44.764996000106258],[-72.773378000301676,44.7470349999356],[-72.774394000277894,44.743169999769748],[-72.774487999989248,44.743182999950697],[-72.779388999770248,44.74383199972182],[-72.78032600010377,44.74049800016676],[-72.78040100044683,44.740231000151795],[-72.781890000251096,44.734919000179637],[-72.782395999691047,44.733047999983377],[-72.783210999825826,44.730086999905105],[-72.783654000414941,44.728418000123561],[-72.7839330000742,44.727363999944956],[-72.78581000021596,44.72018699983883],[-72.786177999563677,44.718926999768442],[-72.786468999816805,44.71786300028468],[-72.786736999605409,44.716880999788508],[-72.787344000226042,44.71463199999156],[-72.788012999872649,44.712178999984602],[-72.788823999809466,44.709140000018827],[-72.789052000313418,44.708203000116463],[-72.789288000314968,44.707252999774532],[-72.789704000241571,44.705370999746137],[-72.789977999877962,44.704129000068875],[-72.790245999666553,44.702962000124749],[-72.79048900023912,44.701887000079019],[-72.790779999593937,44.700673999785984],[-72.791163999733499,44.699117999893176],[-72.791393000062357,44.698168999831928],[-72.791670999896709,44.697004999729536],[-72.792384999749132,44.696112999765838],[-72.792327000022823,44.694293999932327],[-72.79297700030115,44.691677999930178],[-72.793059000316916,44.691212999725927],[-72.793219999975406,44.69066899985458],[-72.795959999932506,44.691652000040648],[-72.797364000246276,44.692158999932111],[-72.800195000439999,44.693170999723783],[-72.80741400040371,44.695782999981191],[-72.817061999979956,44.69925399997409],[-72.822300000044848,44.701105000005164],[-72.824598000136106,44.701911999950404],[-72.827160999642899,44.702814999893178],[-72.830744000222211,44.704072999906941],[-72.831660999565912,44.70439699995697],[-72.832232000201529,44.70459800001651],[-72.83781400022302,44.706559000180121],[-72.839237999729946,44.707061000143398],[-72.839749000091118,44.707241000255152],[-72.843686999599342,44.708624999924183],[-72.850792999585167,44.711123999786231],[-72.850874999600933,44.71100500011147],[-72.853675999657426,44.707203000164675],[-72.855397999988497,44.704903000155674],[-72.855716000005785,44.704472999966214],[-72.856080999878785,44.703982000246583],[-72.857152000106609,44.702538000132023],[-72.857897999746086,44.701550999968092],[-72.858210999740535,44.701134999743985],[-72.85918900008194,44.69983999985233],[-72.859225999891848,44.699784999940526],[-72.859731000405247,44.699100000318623],[-72.862155999819777,44.695707000058476],[-72.863687000355128,44.693599000127577],[-72.866340000273624,44.690068999686972],[-72.867383999838935,44.68867499969344],[-72.868354999609323,44.687370000074409],[-72.870687999860664,44.684232000302615],[-72.870739999739186,44.684163000027347],[-72.870881000204506,44.683964999891984],[-72.874088999966759,44.679693999976891],[-72.878795999579026,44.673308000273437],[-72.880113999679054,44.671560999738475],[-72.884772999610732,44.665294999970484],[-72.885960000189485,44.663703000231095],[-72.886232000176051,44.663324999850154],[-72.887309000251648,44.661872999789892],[-72.888716999865039,44.659952999869766],[-72.890923999719689,44.656943999757488],[-72.891861999878117,44.655660000306248],[-72.892049000374172,44.655625999807981],[-72.892522000202192,44.655537000175983],[-72.893225000183989,44.655408000086304],[-72.894395000146005,44.654759000175986],[-72.895724999941592,44.653862999881191],[-72.897463999991089,44.652570000279617],[-72.898634999778025,44.65176600020034],[-72.900075999901688,44.650565000012691],[-72.900813000218676,44.649761999772096],[-72.901103999573479,44.649142999770959],[-72.901435000009613,44.648440000131309],[-72.901698999600242,44.647881999960902],[-72.902010999769772,44.647221999935525],[-72.902970999669506,44.646354999930296],[-72.904286000294803,44.646027000274593],[-72.905601999846681,44.645907000186597],[-72.907254999682465,44.646048999954928],[-72.908500999812475,44.646411000294123],[-72.909371000198817,44.646574000018163],[-72.909896999730279,44.646671999929801],[-72.912164999684293,44.646142999889399],[-72.913514999571376,44.645849000172277],[-72.91503500023606,44.64571400020079],[-72.916300999559255,44.645803999790601],[-72.917842999965259,44.646203000039868],[-72.918795000367382,44.646798999868949],[-72.919560000273464,44.647734999902298],[-72.920264999905058,44.648506000236281],[-72.920972000084817,44.649303999802932],[-72.922639000164281,44.650114999896672],[-72.923501999979635,44.649708999911866],[-72.923516000223344,44.649703000262264],[-72.924836999798103,44.649080999774434],[-72.925065000302041,44.648947999991243],[-72.925292999907668,44.648761000284708],[-72.925845000276723,44.648351999874585],[-72.926668999734005,44.647538000117763],[-72.927160999828601,44.646643000312316],[-72.927278999829397,44.645735999999779],[-72.927240000369636,44.645679000038534],[-72.926652000015594,44.644810000140652],[-72.925918999896567,44.643867999952541],[-72.92455999978867,44.642654999731093],[-72.923758000072667,44.641941999749335],[-72.923819999996951,44.641826999694537],[-72.924235000098662,44.641039000017237],[-72.924256000015035,44.641031999805854],[-72.925632999666291,44.640603999704311],[-72.926242999761655,44.640414000278142],[-72.926547000433601,44.640318999692518],[-72.926414000364204,44.640170000284122],[-72.925513000015698,44.639146999809142],[-72.925338000113527,44.638959000126739],[-72.92506100010408,44.638644999924452],[-72.923968000134963,44.637405000137463],[-72.926414000364204,44.635125000058999],[-72.923777000339257,44.63321400003499],[-72.922777000256531,44.633056000141785],[-72.91606499955769,44.631977000000603],[-72.915965999823499,44.631955999919683],[-72.915850000370867,44.631930000082988],[-72.910448000274428,44.631088000156289],[-72.909961000202713,44.631197000114582],[-72.907728000408781,44.628911999690651],[-72.90684200012889,44.628005000282677],[-72.906678000097372,44.627839999749213],[-72.906269999668368,44.627419999994444],[-72.904478999740334,44.62558699986981],[-72.904441000105507,44.625548999918223],[-72.904165999745885,44.625308999817562],[-72.902595999750773,44.623873999917933],[-72.900753999769108,44.62210199984321],[-72.89956399971561,44.620936999768865],[-72.897802000099901,44.619216999794851],[-72.89489800011124,44.616332000264762],[-72.890547000151145,44.612010000098287],[-72.883749999961807,44.605252000200643],[-72.879193000137377,44.600709999922771],[-72.877671999647774,44.599175000233977],[-72.874406000159183,44.595883000122214],[-72.867203000088963,44.58861299982803],[-72.867132999768771,44.588515999690316],[-72.867084000263276,44.588457999899951],[-72.866705000146595,44.588089999925657],[-72.865433000077331,44.586803000180495],[-72.86350499988194,44.584851999748629],[-72.863427000064135,44.584774000262861],[-72.863247999963988,44.584612999713841],[-72.858425000000778,44.579741999754226],[-72.858358999878547,44.5796799998406],[-72.855735000272375,44.577224000053384],[-72.851558000389545,44.573315999922237],[-72.850245000312398,44.572087999862802],[-72.847775999618619,44.57009399994903],[-72.844551000137926,44.566940999709985],[-72.83373500024949,44.556843000117908],[-72.829093999861172,44.552514000040212],[-72.82873999985884,44.552198999777517],[-72.828462000024487,44.551951999980375],[-72.827041999817212,44.550692000218653],[-72.810141999766969,44.54675200014492],[-72.810053999903417,44.546734000003482],[-72.809955999994145,44.54671399983981],[-72.83075599991777,44.516430000003879],[-72.826959999801446,44.514997000131515],[-72.826748000089339,44.51491700002849],[-72.826583000232901,44.51485500020943],[-72.820188999551362,44.512468999893123],[-72.817457999815076,44.511456999862297],[-72.812160000374035,44.509462999845262],[-72.810668000196742,44.508911000151258],[-72.80897699982782,44.508283000219151],[-72.804644000309381,44.506657999787016],[-72.80363599983076,44.506284000215281],[-72.803682999686416,44.50621599980235],[-72.804823000409527,44.50467600003784],[-72.806097999953522,44.502930000034532],[-72.810366000072946,44.497147999752237],[-72.813685000163289,44.492652000170025],[-72.821971999981798,44.481407999812831],[-72.823643000259239,44.479143000051863],[-72.823659999977679,44.479120000092031],[-72.82730499958295,44.474175000122678],[-72.829180999899805,44.471623999847452],[-72.829272000136385,44.471505999830541],[-72.82936599984771,44.471378000020437],[-72.829813999561395,44.470770000294095],[-72.830124999906019,44.470349000222171],[-72.830273000044016,44.470148000076058],[-72.830395000242746,44.469982000131957],[-72.837223000394246,44.460717999971124],[-72.838296000271882,44.459293000160912],[-72.821941000019663,44.455669999996722],[-72.810756000060294,44.453190000032222],[-72.806964000141932,44.452347999770211],[-72.804856999846393,44.451881999710395],[-72.801383999770266,44.451079999787915],[-72.800993999782918,44.450985999806747],[-72.797264999613759,44.450068000142103],[-72.7917050002319,44.448759999798966],[-72.791248000297387,44.448651000211711],[-72.788976999970345,44.448105999865618],[-72.788226000307986,44.447925999963857],[-72.786064999585776,44.447408999776478],[-72.785730999674939,44.447334000165604],[-72.779854999925575,44.446023999896937],[-72.776509000071044,44.445279000038781],[-72.771436999687495,44.444132999686936],[-72.765559000288306,44.442805999790885],[-72.764944000170061,44.442571000256663],[-72.763378000372938,44.44197200024702],[-72.763277000090596,44.441934000228791],[-72.75487200027132,44.438722000221212],[-72.750308999700806,44.43697900019415],[-72.749235999823142,44.436568999910627],[-72.747981000370629,44.436088999928266],[-72.747331999917222,44.435840999846434],[-72.747030999618332,44.435725999953057],[-72.746509000284831,44.435525999906233],[-72.746493000391311,44.435519999951964],[-72.743674999718067,44.434438000053632],[-72.743530999778017,44.434383000067363],[-72.741728999979316,44.4336770002419],[-72.741711000435984,44.433670000073761],[-72.739549999713788,44.432837999771081],[-72.739415999819485,44.432786999718815],[-72.739287999772955,44.432737000303547],[-72.734813999789196,44.431000999930369],[-72.734443000068438,44.430856999971894],[-72.734069999799544,44.430710000075976],[-72.733319000137186,44.430413000218586],[-72.732637999896696,44.430142999854972],[-72.731908999975644,44.429853999756425],[-72.731159000138192,44.429557000039665],[-72.730953000273871,44.429474999934094],[-72.730925999611372,44.429464000161481],[-72.730774000173739,44.429404000140906],[-72.730221999804684,44.429185999740014],[-72.730134999766037,44.429151000050133],[-72.729615000082362,44.428944999966042],[-72.729476999990098,44.428889999942285],[-72.728712000084045,44.42858699979304],[-72.727964999721337,44.428291000169423],[-72.727284000379143,44.428021000267435],[-72.727096999883088,44.42794700026662],[-72.726891000018767,44.427864999826845],[-72.726803999980135,44.427829999987487],[-72.726732999835036,44.427801999715946],[-72.726691000002234,44.427786000287931],[-72.726644999971484,44.427767999963912],[-72.726227000395042,44.42760200013592],[-72.725774999585099,44.427425999811106],[-72.723771999944958,44.426628000226493],[-72.719927000323167,44.425101000082115],[-72.719631000047158,44.424983999880325],[-72.719164999891831,44.424801000065656],[-72.718162000334388,44.424402999938799],[-72.716641999669676,44.423800999798175],[-72.715119000428572,44.42319100017211],[-72.71358399969526,44.422573000168811],[-72.712099000088969,44.421976000268799],[-72.710571999751565,44.421361000316153],[-72.709048999612122,44.42074899976253],[-72.707526000371018,44.420136000246188],[-72.705994999835667,44.419521000186577],[-72.70445800035084,44.418895000237598],[-72.702924000340758,44.418270000290192],[-72.701375000262047,44.417637999914945],[-72.69883199994841,44.416601999857399],[-72.696856999897349,44.415796000024883],[-72.696681000170258,44.415725000300114],[-72.696467999734935,44.41563800030297],[-72.696261000045695,44.415553999895231],[-72.696163999961328,44.415513999994758],[-72.696078999572507,44.415478999818831],[-72.69588500030207,44.415400000224594],[-72.69577399997398,44.415354999815115],[-72.695490000291855,44.41523899969782],[-72.694157999948132,44.414696000232261],[-72.692818000106797,44.414153000216302],[-72.692725000220378,44.41411099992348],[-72.692361000172298,44.41396299990388],[-72.691879000123464,44.41376600027224],[-72.689724000147351,44.412886999773768],[-72.689340000007789,44.412731000015299],[-72.688863999806728,44.412534999827635],[-72.68663100001281,44.4116210001593],[-72.685234000270071,44.411049000103944],[-72.68434999964002,44.410685999906811],[-72.682514000404453,44.409934000184514],[-72.682022000309843,44.409726999971028],[-72.68143499978072,44.409496000076949],[-72.679908000341626,44.408857999724717],[-72.678447999951388,44.408245000044687],[-72.678391000049984,44.408226000303664],[-72.677187999577683,44.407715999951307],[-72.675877999873578,44.407168999958749],[-72.675307000136286,44.406927000067398],[-72.674560999598469,44.406613999940291],[-72.672792000310039,44.405880999713474],[-72.66970900022126,44.404603000067738],[-72.666612999713678,44.403319000047766],[-72.664563000217882,44.402472000309231],[-72.663533999822846,44.40205200006519],[-72.660450999734039,44.400792999799357],[-72.657376000041182,44.39953699993778],[-72.654424000371961,44.39833200005971],[-72.654339999808059,44.398296999870844],[-72.654333999960258,44.39830599975636],[-72.654316000416927,44.39833100007295],[-72.654288999754414,44.398372000158282],[-72.654242999723664,44.39844199978355],[-72.654222999632196,44.398469999995349],[-72.654201999715795,44.398499000177615],[-72.654103999806509,44.398644000231627],[-72.653928000079389,44.398902000005776],[-72.653646999872009,44.3993149999678],[-72.653369999862562,44.399719999878172],[-72.653092999853129,44.400127000106458],[-72.652815999843696,44.400535000019978],[-72.65271899975933,44.40067699968106],[-72.652688999622086,44.400719999939845],[-72.652526000313799,44.400947000065749],[-72.651932000111955,44.401768999941012],[-72.651337999910112,44.402593000289194],[-72.650743999708268,44.403416000042206],[-72.650147000031708,44.404243999839956],[-72.64931299963034,44.4054000000638],[-72.648428000073693,44.406624000316732],[-72.648079999919133,44.407103999691138],[-72.648072000421536,44.407114999820507],[-72.648029999690422,44.407172999943249],[-72.647965000291421,44.40726200000865],[-72.644811000057501,44.411693999891746],[-72.643988000425111,44.412856999926575],[-72.642295000406378,44.4152460001484],[-72.640701000121837,44.417497000019985],[-72.640179999714917,44.418232999904198],[-72.639233000233972,44.419567999845633],[-72.637824999722255,44.421554999972166],[-72.636337999567843,44.423651999729195],[-72.634848999763605,44.425755000285903],[-72.633624000448322,44.42748200005942],[-72.631784000116468,44.430077000018329],[-72.630580999644181,44.431775000043324],[-72.63048299973488,44.431914000035405],[-72.629554999622201,44.433219999690742],[-72.629007000349418,44.433994999941532],[-72.627654999914228,44.435902000300388],[-72.626940000236871,44.436910999801711],[-72.62616500028507,44.438004000183],[-72.625513000356904,44.438925999969626],[-72.62468099960536,44.440097000266242],[-72.624326999603042,44.440584999922585],[-72.623826000185929,44.441276999870311],[-72.620295000383493,44.446244999762115],[-72.616266999565269,44.451880999997982],[-72.616042000332683,44.452196999962659],[-72.615337999627656,44.453181999946743],[-72.612924999908685,44.456558999862025],[-72.612083000009733,44.457736999854397],[-72.611435000279542,44.458644000105039],[-72.611353000263776,44.458758999769444],[-72.609731000390127,44.461031999810004],[-72.609403000327063,44.461489999716051],[-72.608577000321645,44.462644000032697],[-72.607915000347731,44.463571000217158],[-72.607782000278362,44.463757000244762],[-72.60747400030678,44.464176000134977],[-72.607003000128572,44.464848000069203],[-72.606535000323433,44.465501999721305],[-72.605278000322784,44.467259000047768],[-72.603786999970396,44.46919999992992],[-72.602331999603024,44.471090000062389],[-72.600277000084347,44.473977000258422],[-72.600096000334375,44.474382000311472],[-72.59979900023346,44.475125000137382],[-72.598909999580513,44.477222999698988],[-72.597773999953688,44.478731999709559],[-72.597532000104351,44.479058999903842],[-72.597336000285779,44.479326000161713],[-72.597285000232148,44.479385000305932]]]},"properties":{"NAME":"Lamoille County","BASENAME":"Lamoille","GEOID":"50015","STATE":"50","COUNTY":"015"}},{"type":"Feature","geometry":{"type":"Polygon","coordinates":[[[-72.169019999554635,43.8716659997664],[-72.169142999578312,43.871833000049818],[-72.169325999876406,43.872199000244166],[-72.169691999574297,43.872671999724382],[-72.169860999628696,43.873046000089396],[-72.16998200000252,43.873312999859408],[-72.16998200000252,43.873428000141217],[-72.170028000033284,43.873527000048412],[-72.170242000293513,43.87373300006729],[-72.170393999731161,43.873939000021672],[-72.170500999861289,43.874121999761023],[-72.170500999861289,43.87416000006111],[-72.170761000152297,43.874526000210878],[-72.171004999651444,43.874961000236091],[-72.171019999720059,43.875029999689289],[-72.171045999659341,43.875056000250829],[-72.17144700041564,43.875479999738133],[-72.171890000106416,43.876098000069177],[-72.172393000071679,43.876730999968792],[-72.172789999731691,43.877433000175273],[-72.173095000228543,43.878272000007321],[-72.173277999628326,43.878843999988156],[-72.173506999957183,43.879378000119495],[-72.173583999950083,43.87961499987756],[-72.173552999987947,43.880157000056798],[-72.173460999926434,43.88086600005991],[-72.173384999758454,43.881300999774133],[-72.173338999727704,43.881812000126743],[-72.173233000320806,43.882277999858445],[-72.173187000290042,43.882552000166477],[-72.173202000358671,43.883001999738681],[-72.173141000259292,43.883329999711016],[-72.172988000098414,43.88378100020438],[-72.172713999563726,43.884253999690749],[-72.172454000171044,43.88461200011217],[-72.172102999643442,43.884985999994356],[-72.171432000347025,43.885542999743976],[-72.17056199996064,43.886183999975174],[-72.170288000324277,43.886183999975174],[-72.169626000350377,43.886194000212981],[-72.169249999708413,43.886198999683856],[-72.168638999788143,43.886237000051189],[-72.167861000361611,43.886253000028212],[-72.167387999635267,43.886253000028212],[-72.166964000211053,43.886230000019395],[-72.166137000380715,43.886221999704638],[-72.165022999596872,43.886244999716489],[-72.164947000327217,43.88625199974652],[-72.164671999967595,43.886260000057248],[-72.164260000238954,43.886290999713658],[-72.163009000086063,43.886450999792977],[-72.162297999708372,43.886574999866376],[-72.161635999734472,43.886755999745077],[-72.160917999684074,43.887030999795861],[-72.160171000219663,43.887405000028757],[-72.159727999630562,43.887664000079234],[-72.159469000062799,43.88789299980327],[-72.159315999901935,43.888121999941646],[-72.159178999634563,43.888655999781591],[-72.159147999672427,43.88905200015752],[-72.15895000020403,43.889532999742734],[-72.15887400003605,43.889861000008942],[-72.158781999974536,43.89073899991304],[-72.158735999943787,43.891851999715826],[-72.15866700034681,43.892202999811801],[-72.158598999676428,43.892546999844441],[-72.158492000444625,43.892806000193197],[-72.158079999817673,43.893317000254633],[-72.157760000150517,43.893835999756107],[-72.157499999859525,43.894378000021305],[-72.157164000298849,43.894950000077301],[-72.156630000371479,43.895735999860896],[-72.155836999978007,43.896751000248301],[-72.155517000310866,43.897223000214815],[-72.154906000390596,43.897940999829977],[-72.154708000023874,43.89815400016024],[-72.153867999774732,43.89912299970284],[-72.153211999648619,43.899787000033321],[-72.152098999587992,43.90080900023986],[-72.151320000336554,43.901449999934414],[-72.150526999943096,43.902098999972459],[-72.150130000283056,43.902411000123514],[-72.149611000424272,43.902762000118926],[-72.149047000359673,43.903098000007034],[-72.148390000408639,43.903388000238834],[-72.14698699991979,43.904219999705603],[-72.145811999934907,43.904845000058245],[-72.144453999651915,43.905440000251453],[-72.143095000442329,43.90602800002879],[-72.142470000278351,43.906295000199471],[-72.141127000063975,43.906920000124302],[-72.140272999571138,43.907317000007005],[-72.139829000055428,43.907516000212112],[-72.139418000151693,43.907698999715954],[-72.138501999734572,43.908149000219701],[-72.13821300002958,43.908285999918988],[-72.136853999921655,43.908842999861541],[-72.13674799961646,43.908866000197897],[-72.136061000426523,43.909170999907069],[-72.135480999570063,43.909568000308681],[-72.135206000108766,43.909858000085805],[-72.134810000273646,43.910300000130057],[-72.134473999814659,43.91086500023431],[-72.134199000353362,43.911429000293424],[-72.134031000123883,43.911719000063066],[-72.133528000158634,43.91230699994049],[-72.133191999699662,43.912711000288454],[-72.132887000101121,43.912986000206018],[-72.132414000273116,43.913321000153616],[-72.132196999639802,43.913410000224424],[-72.131972000407231,43.913503999929304],[-72.131589999917495,43.913679999748545],[-72.131528999818144,43.913695000297352],[-72.131406999619401,43.913755999686053],[-72.130887999760617,43.913924000225322],[-72.129697999707119,43.914389999793542],[-72.128491999760087,43.914892999995395],[-72.127668000302791,43.91518299971051],[-72.126997000108076,43.915426999848741],[-72.126356000050549,43.915747000264012],[-72.125424999564828,43.916220000183081],[-72.124643999765226,43.91668099974374],[-72.124534000160381,43.916736000042391],[-72.12440799976369,43.916797000196503],[-72.124281000440391,43.916853999923326],[-72.123457000084784,43.917295999777572],[-72.123020000241766,43.917546999897787],[-72.122113999870407,43.918067000180869],[-72.121641000042388,43.91843299974574],[-72.121350999614165,43.918692000082466],[-72.121198000351612,43.918860000275224],[-72.120746000439979,43.919280000299388],[-72.12045099998889,43.919555000272872],[-72.119566000432215,43.920691000076786],[-72.118696000045844,43.922224999958623],[-72.118391000447318,43.922866000026303],[-72.118253000355068,43.923185999904199],[-72.118147000049859,43.923605999800721],[-72.118070000056946,43.924299999713064],[-72.118024999851116,43.92462799997363],[-72.117917999721001,43.92624499994831],[-72.117856999621637,43.926779999748312],[-72.117917999721001,43.927069000161246],[-72.118162000118488,43.927442999943359],[-72.118299000385818,43.927869999858942],[-72.118253000355068,43.928252000272117],[-72.118177000187075,43.928640999748438],[-72.118138999653922,43.92911500024038],[-72.118085999950495,43.929784999728206],[-72.117947999858231,43.930280999794206],[-72.117796000420569,43.930753999974449],[-72.117444999892982,43.931822000014975],[-72.117383999793617,43.931959999718636],[-72.117261999594859,43.932333999799674],[-72.117124000400921,43.932859999804826],[-72.116987000133591,43.933333000175708],[-72.116910999965597,43.933843999761265],[-72.116926000034226,43.93439300016945],[-72.117018000095726,43.935445999961516],[-72.117230999632724,43.936270000144383],[-72.11758200016034,43.937850000263452],[-72.11793299978963,43.939039999692916],[-72.118060000011212,43.939359999884601],[-72.118436999579771,43.939863999879847],[-72.118603999984344,43.9401919996969],[-72.118803000175973,43.940748999818013],[-72.118925000374716,43.941206000099861],[-72.119000999644385,43.941892999748248],[-72.11903199960652,43.94286199998691],[-72.119199999836013,43.943410999927693],[-72.119276000003993,43.94374699992828],[-72.119199000011093,43.943959999973046],[-72.118947999940929,43.944582000287468],[-72.118937000070275,43.944621000205757],[-72.118833000313202,43.94539500005839],[-72.118619999877865,43.946044000125561],[-72.118345000416568,43.946531999786323],[-72.118101000019109,43.946821999849909],[-72.117764999560123,43.947096000001757],[-72.117444999892982,43.94727200004683],[-72.116910999965597,43.947493000240023],[-72.116514000305557,43.947577000147696],[-72.116101999678591,43.947599999739808],[-72.116040999579226,43.947591999910841],[-72.115827000217294,43.947622999969838],[-72.115735999980714,43.947607000316921],[-72.11477400043114,43.94758499997868],[-72.114103000236412,43.94755399989986],[-72.113969000342109,43.94755399989986],[-72.113945000052667,43.947552000102874],[-72.113858999838939,43.94755399989986],[-72.1129130001829,43.94755399989986],[-72.111722000304496,43.947561999733992],[-72.11134099963968,43.947591999910841],[-72.110897999948904,43.947675999678559],[-72.11037999991504,43.94779799985362],[-72.109616999658783,43.948056999745063],[-72.109112999868643,43.948224999787925],[-72.108629000169955,43.948402000254845],[-72.108342000114789,43.948503999999502],[-72.108305000304867,43.948520000057691],[-72.108213000243367,43.948553999924577],[-72.107800999616401,43.948714000178178],[-72.107128999596739,43.949010999709216],[-72.106793999860997,43.94919400029498],[-72.106366000238822,43.949431000269193],[-72.106293000443898,43.949473999704814],[-72.105740000249938,43.949829000293889],[-72.104864000015795,43.95048500004615],[-72.10470300035729,43.950613000005397],[-72.104437000218525,43.950886000301082],[-72.104357999677489,43.950960000236257],[-72.104318000392823,43.951007999707954],[-72.104062000299791,43.95126999999458],[-72.103740999909434,43.951694999903751],[-72.103023999683941,43.95264300015576],[-72.102323000250308,43.953794999771738],[-72.101925999691943,43.954297999829372],[-72.101642999834723,43.954606999857077],[-72.101604000375005,43.954658000247122],[-72.101515999613113,43.954744999708318],[-72.100826999875054,43.95549599989333],[-72.100594000246545,43.955732999957668],[-72.100253999589597,43.956109000044108],[-72.100004000242663,43.956329999712231],[-72.099652999715062,43.956685999834022],[-72.099179000062122,43.957205000301045],[-72.099112999939891,43.957333000013399],[-72.099087999825542,43.957381000157753],[-72.099049000365781,43.95746100009665],[-72.098995999764028,43.957564000190828],[-72.098949999733264,43.957906999738157],[-72.098950999558184,43.958418000221677],[-72.099026999726178,43.958810000005606],[-72.099036999771911,43.958830000004426],[-72.099066000084221,43.958891000314871],[-72.099194999955671,43.95916600014192],[-72.09939300032238,43.959311000243638],[-72.099470000315279,43.959333999821439],[-72.099575999722163,43.959509000141026],[-72.099575999722163,43.959554999781083],[-72.099652999715062,43.959647000247607],[-72.100201999711061,43.959898000121115],[-72.100522000276513,43.960120000256538],[-72.100888999799309,43.960448000173436],[-72.101010999998053,43.960654000173321],[-72.101026000066668,43.960698999896195],[-72.101148000265411,43.960852000121555],[-72.101194000296161,43.961142000147987],[-72.10122400043339,43.961378000012189],[-72.101178000402641,43.961591999906069],[-72.101041000135282,43.961806000322362],[-72.100995000104533,43.962012000139929],[-72.100924999784326,43.962089999708652],[-72.100919999761445,43.962098999826395],[-72.100934000005168,43.962186999684356],[-72.101010000173147,43.962378000213441],[-72.100964999967289,43.96260700023808],[-72.100675000437377,43.963004000321021],[-72.100492000139297,43.963186000211557],[-72.100170999748912,43.963365000000586],[-72.100143999984738,43.963380999937407],[-72.099718999837293,43.963559000156259],[-72.099102000069237,43.963802000080761],[-72.098370999600036,43.964078999695076],[-72.098081000070152,43.964139999789047],[-72.097210999683767,43.964300000109013],[-72.096326000127121,43.964468000142794],[-72.095562999870879,43.964583000246051],[-72.095182000104359,43.964643999822549],[-72.094753999583872,43.964743000019403],[-72.094571000184089,43.964789000133109],[-72.093869000027212,43.964888000088365],[-72.093807999927833,43.964888000088365],[-72.09353400029147,43.964957000077142],[-72.093182999763854,43.96505599975238],[-72.092417000032881,43.965326000202992],[-72.092374000375187,43.96533400023111],[-72.091672000218296,43.965413999806863],[-72.091412999752237,43.965452000036358],[-72.091138000290925,43.965628000033639],[-72.090939999924203,43.965780000258199],[-72.090954999992817,43.965979000168424],[-72.091000000198676,43.966162000228543],[-72.09115300035954,43.966444000319726],[-72.091335999759323,43.966635000093348],[-72.091457999958067,43.966711000258961],[-72.091611000118931,43.966833000151368],[-72.091946999679593,43.966986000096867],[-72.092206000145694,43.967055000234915],[-72.093366000061962,43.9672830001211],[-72.094047000302439,43.967436000200578],[-72.09409800035607,43.967436000200578],[-72.094745000261369,43.967604999978228],[-72.094875999782602,43.96762700001721],[-72.095319000371717,43.967725999768497],[-72.095807000268351,43.967839999826296],[-72.09684499998589,43.968168999991242],[-72.097089000383363,43.968268000132227],[-72.097989000008639,43.968541999681761],[-72.098722000127651,43.96870299997191],[-72.099499999554169,43.968779000077745],[-72.10079699973781,43.968846999885834],[-72.101621000093402,43.968839999871157],[-72.101712000330025,43.968863000285722],[-72.10230700035676,43.968939000186843],[-72.102979000376422,43.969076000188238],[-72.103422000067198,43.969236000143816],[-72.104397999860467,43.969649000077546],[-72.10514600004808,43.969884999766258],[-72.105618999876114,43.969984000279737],[-72.105999999642606,43.97002200017176],[-72.106397000200971,43.969984000279737],[-72.106808999929612,43.969815999683064],[-72.107342999856996,43.969557000229756],[-72.107846999647151,43.969221000024852],[-72.108092999694449,43.969034000249735],[-72.108493999552451,43.968701999782738],[-72.108691000094254,43.968472999977976],[-72.108721000231469,43.968454999732828],[-72.108762000239366,43.968411999807664],[-72.108869000369481,43.96835199976983],[-72.109204999930142,43.96824900027471],[-72.109338999824445,43.968167000241358],[-72.10941800036548,43.968115000256162],[-72.109480000289764,43.968024000172605],[-72.109655000191935,43.96775900007998],[-72.109675000283431,43.96773499967891],[-72.109784999888277,43.967572999789439],[-72.109861000056256,43.967511999987948],[-72.109897000041272,43.967473999783145],[-72.109980999706863,43.9673750002584],[-72.110148999936357,43.967248999978082],[-72.110354999800677,43.96716000029123],[-72.110441000014404,43.967123000077052],[-72.110852999743045,43.966993999901476],[-72.111371999601815,43.966948000202123],[-72.112164999995301,43.967085000269947],[-72.112943000320143,43.967222000021799],[-72.113141999613461,43.967268000155478],[-72.11378199984604,43.967519999721716],[-72.113965999969054,43.967641999892166],[-72.114090999642542,43.96776699978043],[-72.114377999697723,43.968053999718236],[-72.114607000026581,43.968710000002773],[-72.114668000125945,43.969305000254273],[-72.114607000026581,43.969793999808374],[-72.114422999903567,43.970273999691223],[-72.114164000335791,43.970762000164108],[-72.113827999876804,43.971212000106974],[-72.113676000439156,43.971472000243907],[-72.113508000209663,43.972035999741557],[-72.11340500027751,43.972583000184571],[-72.113278999880805,43.973257000315186],[-72.11321799978144,43.973790999804606],[-72.113189000367441,43.973920000087077],[-72.113141999613461,43.974127000014846],[-72.112943000320143,43.974653000020474],[-72.11277500009065,43.975615000258578],[-72.11277500009065,43.975805000208503],[-72.112713999991286,43.97628600005541],[-72.112683999854042,43.976804999961935],[-72.112698999922671,43.977911000161221],[-72.112727000410075,43.977995999768254],[-72.112790999984185,43.97820100029729],[-72.112882000220765,43.978453000018838],[-72.112989000350893,43.978880000104226],[-72.113073000016485,43.979999999778585],[-72.113124000070115,43.980410999857511],[-72.113156999682062,43.980542999949272],[-72.113171999750691,43.98101599969948],[-72.113125999719927,43.981404999757288],[-72.112974000282279,43.981832999911909],[-72.112667000135616,43.982377000083304],[-72.112627999777558,43.98247299993826],[-72.112226000094651,43.983481000031844],[-72.112042999796543,43.984198000084973],[-72.111997999590699,43.984625000220404],[-72.112042999796543,43.98595200017764],[-72.112180000063901,43.986844999935535],[-72.112348000293395,43.987271999774507],[-72.112486000385658,43.987538999794666],[-72.112852000083549,43.988096000184932],[-72.113081000412407,43.988362999730143],[-72.113842999945419,43.989370000148725],[-72.114239999605459,43.989721000214239],[-72.114453999865702,43.989858000098288],[-72.114759000362554,43.99004900018722],[-72.115033999823837,43.99029300013423],[-72.115232000190559,43.990499000034269],[-72.115491999583242,43.990721000192835],[-72.115934000347437,43.991116999968554],[-72.116392000106828,43.991606000222127],[-72.11663599960599,43.991972000182272],[-72.116849000041313,43.992390999715852],[-72.116864999934847,43.992436999742047],[-72.116956000171442,43.992636000161028],[-72.117033000164341,43.993200000272282],[-72.117048000232955,43.993750000221432],[-72.116987000133591,43.994207000052576],[-72.11688900022429,43.9944070001089],[-72.116864999934847,43.994467000317492],[-72.116681999636739,43.994763999907327],[-72.116529000374186,43.994902000177092],[-72.116105000051647,43.995149999827156],[-72.115904000210193,43.995267999844003],[-72.114805000393304,43.995771000290546],[-72.114422999903567,43.995962000090962],[-72.113477000247542,43.996298000203453],[-72.113004000419508,43.996526999978457],[-72.112530999693178,43.996793999723387],[-72.112180000063901,43.997090999945087],[-72.111707000235882,43.997610000210422],[-72.111462999838409,43.997922999903018],[-72.111112000209147,43.998441000311153],[-72.110943999979639,43.998648000046721],[-72.11037999991504,43.99930400031311],[-72.110044000354364,43.999632000311266],[-72.109495000358365,44.000028999737388],[-72.109485000312631,44.000043000166755],[-72.109388000228236,44.000180999791041],[-72.109219999998771,44.000355999948802],[-72.108885000263001,44.000524000079828],[-72.108410999711765,44.000707999954436],[-72.107496000017861,44.001150000025646],[-72.106808999929612,44.001439999718947],[-72.106488000437565,44.001554000315458],[-72.106167999872099,44.001622999702818],[-72.105329000346188,44.001768000186111],[-72.105069999880115,44.001852000250501],[-72.104673000220075,44.002004000157001],[-72.104366999898332,44.002156999945868],[-72.10412300039917,44.002371000226177],[-72.103802999833704,44.002965999826145],[-72.103620000433921,44.003552999872745],[-72.103634999604211,44.003987999677342],[-72.103863999933068,44.004864999700935],[-72.103955000169677,44.005116999951014],[-72.104032000162562,44.005605000283751],[-72.104229999630974,44.006039999902434],[-72.104321999692473,44.006285000206958],[-72.104443999891217,44.006939999836511],[-72.104566000089946,44.007672999773305],[-72.10461200012071,44.007917000265479],[-72.104840999551257,44.008359999774704],[-72.104901999650622,44.008413000216301],[-72.105038999917966,44.008626999896485],[-72.104992999887202,44.00895500003918],[-72.10505399998658,44.009138000100634],[-72.10522200021606,44.009305999914226],[-72.105344000414817,44.009489000184935],[-72.105298000384053,44.009877999710838],[-72.105360000308323,44.010038000193738],[-72.105511999745985,44.01023699973171],[-72.105618999876114,44.010518999829564],[-72.105726000006229,44.011097999759222],[-72.105771000212073,44.011700999933751],[-72.105802000174208,44.011984000283526],[-72.105771000212073,44.012281000054394],[-72.105726000006229,44.012464000190697],[-72.1055269998146,44.012791999788007],[-72.105283000315438,44.0130589999861],[-72.104931999787851,44.013242000305894],[-72.104855999619858,44.013257999724537],[-72.10412300039917,44.013493999853864],[-72.103833999795853,44.01368500009761],[-72.103268999906334,44.014249999825232],[-72.102765000116165,44.014577999881155],[-72.102369000281058,44.014776000277678],[-72.101087000166046,44.015119000163388],[-72.100629000406627,44.015195000287719],[-72.100338999978405,44.015301999940654],[-72.09980500005102,44.015425000172534],[-72.09934700029163,44.015455000316436],[-72.098965999626813,44.015416999787064],[-72.097593000173504,44.015225999953458],[-72.09693700004739,44.015035000150689],[-72.095928999568756,44.014616000302169],[-72.09554799980225,44.014501000194478],[-72.095258000272338,44.014371000169348],[-72.094967999844101,44.014172999712677],[-72.094418000023211,44.013746000269123],[-72.093976000157326,44.013334000295742],[-72.093549000360071,44.012861000317315],[-72.093320000031213,44.012380000293547],[-72.093258999931848,44.012089999811209],[-72.093243000038328,44.011365999947643],[-72.093274000000463,44.011151999812675],[-72.093411000267821,44.01087000014023],[-72.093457000298571,44.010572000280206],[-72.093442000229956,44.010137000300595],[-72.093564000428685,44.009657000296528],[-72.093488000260706,44.009442999809934],[-72.093258999931848,44.00929100022713],[-72.092648000011565,44.009152999826469],[-72.091930999786086,44.009144999887027],[-72.091687000286925,44.009184000066178],[-72.091168000428155,44.009381999735069],[-72.090740999732574,44.009694999994252],[-72.090527000370642,44.009923999748516],[-72.090405000171913,44.010206000042373],[-72.090375000034697,44.010304999868815],[-72.090375000034697,44.010809000240926],[-72.090589000294926,44.011380999756057],[-72.090970000061432,44.011915000025944],[-72.09206899987835,44.013143000213589],[-72.093151999801719,44.01401300004833],[-72.093582999796936,44.014314000262225],[-72.093838999889968,44.014493999748161],[-72.094127999594988,44.014714999873604],[-72.094418999848116,44.01489800025152],[-72.094632000283468,44.015110999736635],[-72.094891999676136,44.015469999736681],[-72.095269999967911,44.016290999988094],[-72.095348999610636,44.016462000304294],[-72.095562999870879,44.017027000060075],[-72.095716000031757,44.017355000260082],[-72.095838000230486,44.017750999935281],[-72.095928999568756,44.018322999677999],[-72.095945000360615,44.018757999691594],[-72.095868000367702,44.019681999872446],[-72.095777000131108,44.02032999972279],[-72.0955019997715,44.021047000290345],[-72.095424999778615,44.021619999832012],[-72.09542599960352,44.021756999703598],[-72.095379999572771,44.021825000196586],[-72.095258000272338,44.021893999904613],[-72.095044000012095,44.021955000028946],[-72.094997999981345,44.022030999789003],[-72.094891999676136,44.02238199978806],[-72.094770000375718,44.02261100029046],[-72.094495000016096,44.022970000098773],[-72.094326999786617,44.02315300019194],[-72.094022000188076,44.023435000235473],[-72.093639999698354,44.023549999810946],[-72.093029999602976,44.023770999772978],[-72.092571999843571,44.024022999791192],[-72.092464999713457,44.024126999958064],[-72.092252000176444,44.024336000288223],[-72.092083999946951,44.024403999760793],[-72.091503999988817,44.024412000225567],[-72.091092000260176,44.024351000045606],[-72.09067999963321,44.024229000143244],[-72.090282999973169,44.024029999758419],[-72.089230000187015,44.023320999705959],[-72.088894999552949,44.023053999851655],[-72.088589999954422,44.022763999893407],[-72.088025000064903,44.022389999879806],[-72.087613000336262,44.022160999815668],[-72.08733799997664,44.022047000066081],[-72.086438000351365,44.021581000079422],[-72.086270000121885,44.021512999952549],[-72.0854769997284,44.02126100024627],[-72.085095000136974,44.021169000281375],[-72.084683000408347,44.021153999718891],[-72.083996000320084,44.021185000145131],[-72.083340000193971,44.02135200012021],[-72.082913000396701,44.021581000079422],[-72.082668999999228,44.021803000216615],[-72.082485999701134,44.022038999928057],[-72.082211000239838,44.02248099995866],[-72.082012999873115,44.02290899972688],[-72.081784000442553,44.023611000169218],[-72.081771000023764,44.023665999718354],[-72.081647000175209,44.024167999774924],[-72.081585000250939,44.024556999903801],[-72.081555000113696,44.024793000278798],[-72.081601000144445,44.025166999988876],[-72.081905999742986,44.026349999940969],[-72.081920999811601,44.026716000009472],[-72.081844999643607,44.027180999828303],[-72.081631000281689,44.027814000219564],[-72.081341999678372,44.028364000277925],[-72.08103600025494,44.028700000296617],[-72.080411000090962,44.029210999984102],[-72.080150999799955,44.02937099997407],[-72.079815000239293,44.029531000177954],[-72.079266000243294,44.029721999787206],[-72.079201999770873,44.029743000251081],[-72.07917400018178,44.029751999801789],[-72.079113999907335,44.029771999803046],[-72.078930999609227,44.029831999766408],[-72.07873200031591,44.029896999981055],[-72.078273999658194,44.029988999964345],[-72.078015000090417,44.030080000003871],[-72.077831999792323,44.030096000046079],[-72.077083999604682,44.03031700014661],[-72.076671999876055,44.030522999939556],[-72.075848000418745,44.031118000008071],[-72.075390999585949,44.031522000264317],[-72.075116000124638,44.031812000003647],[-72.074916999933009,44.032147999851311],[-72.074810999627815,44.032407000048323],[-72.074794999734266,44.032757999965241],[-72.074840999765016,44.032986999780363],[-72.074901999864394,44.033139999727752],[-72.075161000330496,44.033605000169928],[-72.076045999887143,44.034962999716633],[-72.076428000376893,44.035543000265584],[-72.076886000136284,44.035984999705001],[-72.076901000204913,44.036022999967521],[-72.07726699990279,44.036375000119357],[-72.07766399956283,44.036954000078843],[-72.07770999959358,44.037113999830645],[-72.078244000419275,44.037770999908432],[-72.078579000155031,44.038251000290302],[-72.078595000048551,44.038381000262667],[-72.078899999647092,44.038800999714482],[-72.078914999715707,44.038900000230996],[-72.07914400004455,44.039502000221852],[-72.079373000373408,44.040334000022519],[-72.079433999574462,44.040577999791275],[-72.079433999574462,44.040951999989865],[-72.079358000304808,44.041386999909889],[-72.078975999815071,44.042333000059145],[-72.078671000216531,44.04286699987064],[-72.078319999688944,44.043378000091671],[-72.077846999860938,44.043821000061229],[-72.07728299979631,44.044324000088878],[-72.076794000074784,44.044636999920904],[-72.076091999917907,44.045034000278775],[-72.074169999570302,44.045835000090236],[-72.073208000020742,44.046133000280257],[-72.072278000258223,44.04647600018157],[-72.068219000376189,44.048177000203538],[-72.066112999905556,44.04900900020688],[-72.065625000008922,44.049146000046733],[-72.065349999649314,44.049184000261924],[-72.064769999691165,44.049221999807131],[-72.063946000233884,44.049230000149997],[-72.063152999840426,44.049268000311351],[-72.062495999889379,44.049343999915159],[-72.062358999622049,44.049367000124384],[-72.062038000130002,44.049503999781834],[-72.06190099986263,44.049596000316519],[-72.0617789996639,44.049840000031878],[-72.061749000424982,44.05005399998155],[-72.061855999656785,44.05061100029512],[-72.062038000130002,44.051083999952574],[-72.062145000260102,44.051273999732885],[-72.062404999652799,44.051602999688257],[-72.062572999882278,44.051770999908378],[-72.063121999878277,44.052197999856268],[-72.063563999744147,44.052381000090527],[-72.063885000134519,44.052471999961199],[-72.065228000348895,44.052693999960127],[-72.066050999981286,44.052892000234252],[-72.066357000303029,44.052990999800258],[-72.066830000131048,44.053098000312403],[-72.067471000188547,44.053327000282231],[-72.067867999848588,44.053524999731202],[-72.068508999906086,44.053930000269148],[-72.068935999703356,44.054280999872226],[-72.06914900013868,44.054684999727748],[-72.069149999963599,44.054845000014417],[-72.068980999909186,44.055349000060886],[-72.068096000352526,44.057377999777124],[-72.067959000085196,44.057553000280514],[-72.067486000257176,44.057859000083795],[-72.067333999921203,44.057943000094937],[-72.066600999802191,44.058126000006354],[-72.065594000046801,44.058301000235701],[-72.065379999786558,44.058286000033412],[-72.065333999755808,44.058256000263],[-72.064983000126517,44.058187000281492],[-72.063984999693631,44.05818199977449],[-72.063106999809662,44.058178999857432],[-72.062556999988743,44.058118000219579],[-72.061016000305969,44.057835999944693],[-72.059993999583654,44.057720999760683],[-72.059338000355851,44.057682999858507],[-72.058848999735986,44.057737000085957],[-72.058163000370953,44.057912000173857],[-72.057673999751103,44.058149000032806],[-72.057292999984583,44.058338999741274],[-72.056774000125827,44.058827999679949],[-72.056225000129814,44.059391999766383],[-72.055813000401173,44.059980000193434],[-72.055308999712707,44.060772999859225],[-72.055035000076302,44.061406000322236],[-72.054835999884688,44.061924999969321],[-72.05466799965518,44.062504999930326],[-72.054439000224647,44.06298599989946],[-72.053936000259398,44.063862999972983],[-72.05370699993054,44.064153000207405],[-72.053004999773677,44.064984999753165],[-72.052562999907806,44.06544199996668],[-72.052120000217016,44.065914999931174],[-72.051767999864509,44.066336000220765],[-72.051540000258868,44.066457000095006],[-72.050715999903261,44.067013999745619],[-72.050319000243221,44.067333999738793],[-72.048945999891629,44.068752999738443],[-72.048565000125109,44.069233999931043],[-72.048304999834116,44.069706999930226],[-72.048243999734737,44.070355000119946],[-72.048320999727622,44.07067599988406],[-72.048565000125109,44.071195000229025],[-72.048884999792264,44.071743999945802],[-72.049221000251251,44.072286000303968],[-72.049617999911263,44.072758999792271],[-72.050059999777147,44.073147999755896],[-72.05123499976203,44.073788999806951],[-72.051998000018273,44.074139999788734],[-72.052273000377895,44.074299999777324],[-72.05224200041576,44.074566999771157],[-72.052302999616813,44.074758000047645],[-72.052439999884157,44.074925999754221],[-72.052685000106536,44.075131000286703],[-72.052914000435379,44.075794999780456],[-72.053004999773677,44.076099999849873],[-72.052868000404629,44.076305999853709],[-72.052516999877056,44.076641999680795],[-72.052090000079787,44.076901999904791],[-72.051632000320367,44.077068999679426],[-72.050380000342599,44.077352000273407],[-72.047587999608623,44.077770999953515],[-72.046978000411585,44.077901000309289],[-72.046077000063065,44.078198999828658],[-72.045559000029215,44.078403999993149],[-72.044840999978803,44.078855000178166],[-72.044338000013568,44.079022999869125],[-72.043513999657975,44.079244000080543],[-72.043055999898556,44.079266000030159],[-72.042690000200665,44.079220999860517],[-72.041515000215782,44.078976999893612],[-72.041362000054903,44.078877000272421],[-72.041042000387762,44.078510999752865],[-72.040797000165384,44.078304999681322],[-72.040767000028154,44.078191000173035],[-72.040613999867276,44.078014999730954],[-72.040493000391763,44.077878000212515],[-72.040279000131534,44.077602999934463],[-72.039623000005406,44.0770770001321],[-72.039301999615034,44.076901000248647],[-72.038904999954994,44.076733999999874],[-72.038478000157738,44.076627000253538],[-72.038036000291868,44.076543000293022],[-72.037592999702767,44.076557999741546],[-72.03695199964524,44.076505000210247],[-72.036463999748634,44.076566999925141],[-72.035792999553891,44.076656999749588],[-72.035702000215608,44.076680999980844],[-72.035278999718003,44.076794000158969],[-72.034831999829251,44.076909000078722],[-72.034174999878218,44.077114999847545],[-72.03281099974744,44.077743999948069],[-72.032450999897335,44.077953999880933],[-72.03208500019943,44.078228999818393],[-72.031840999801958,44.078541999858174],[-72.031672999572464,44.078968999697835],[-72.031627000440025,44.079159999963132],[-72.031656999678958,44.079601999827744],[-72.031840999801958,44.080182000174268],[-72.031978000069316,44.080418999931268],[-72.032328999698592,44.080869000010274],[-72.033245000115713,44.081510000315944],[-72.03403799961086,44.0818759997073],[-72.038203999623036,44.083035000265127],[-72.038662000280752,44.083210999970873],[-72.039180000314602,44.083485999995411],[-72.039973999634682,44.08395100013216],[-72.041316000024139,44.084553999878779],[-72.042675000132064,44.085239999762486],[-72.042872999600448,44.085324000281389],[-72.043239000196664,44.085500000275125],[-72.043375999565683,44.085553000137629],[-72.044383000219412,44.085996000138486],[-72.044979000071066,44.08649900004427],[-72.045116000338425,44.086712999771947],[-72.045116000338425,44.08677400027014],[-72.045222999570228,44.087047999732832],[-72.045283999669607,44.087308000041645],[-72.045145999577343,44.087849999795495],[-72.044825999910202,44.088283999679682],[-72.044491000174446,44.088543999717388],[-72.043789000017583,44.088802999802418],[-72.043482999695811,44.088901999968748],[-72.042994999799191,44.088963000145156],[-72.041880999913673,44.089002000066358],[-72.041133999550965,44.088826000168673],[-72.04015699993279,44.088704000115563],[-72.039911999710398,44.088712000285419],[-72.038966999879293,44.088558999994902],[-72.037760999932246,44.088567000184369],[-72.037104999806118,44.088636000241159],[-72.036693000077491,44.088750000270899],[-72.036021000057829,44.088963000145156],[-72.035319999725871,44.089192000108596],[-72.034754999836352,44.089459000005753],[-72.034052999679474,44.089855999883966],[-72.033688999631408,44.090140000042211],[-72.033260000184313,44.090473999878327],[-72.032726000256929,44.091001000000794],[-72.032358999835822,44.091526999889624],[-72.032008000206545,44.092251999913948],[-72.031839999977052,44.092800999755589],[-72.031581000409275,44.094228000134578],[-72.031383000042567,44.095111999791371],[-72.030909000389627,44.096561999826093],[-72.030680999885689,44.097714000075868],[-72.030649999923554,44.098202999856106],[-72.030649999923554,44.098767000200681],[-72.030772000122283,44.099400000082191],[-72.030896999795758,44.099718999851341],[-72.030971000313912,44.099911000124358],[-72.031306000049668,44.100430000140769],[-72.03159700030281,44.10081200016689],[-72.032008000206545,44.101169999697056],[-72.032130000405289,44.101254000170186],[-72.032404999866557,44.101483000277923],[-72.032665000157579,44.10161999996334],[-72.033045999924084,44.101780999701184],[-72.033457999652725,44.101886999874189],[-72.033763000149563,44.101970999973688],[-72.033916000310427,44.101986999948402],[-72.034450000237825,44.102153999869394],[-72.034601999675473,44.102169999794583],[-72.034969000096595,44.102291999807385],[-72.03594499988985,44.102832999781043],[-72.036205000180843,44.102948000043611],[-72.036830000344835,44.103168999892141],[-72.037471000402334,44.103351999949929],[-72.037837000100225,44.103429000287868],[-72.03824899982888,44.10355100028282],[-72.038600000356482,44.103581000317064],[-72.039454999775899,44.103519999736932],[-72.040049999802662,44.103351999949929],[-72.04064599965433,44.102954999715827],[-72.040720999997404,44.102916999826597],[-72.040935000257647,44.102878999912946],[-72.040935000257647,44.102773000228339],[-72.040996000357012,44.102695999681117],[-72.041079000197684,44.102615000211891],[-72.041346999986274,44.102352999719351],[-72.041469000185018,44.102177000203959],[-72.041834999882923,44.10184899994357],[-72.042263000403409,44.101353000136889],[-72.042399999772442,44.101001999682921],[-72.04256800000195,44.100522000237582],[-72.042598000139151,44.100140000273079],[-72.042675000132064,44.09996499988722],[-72.042629000101286,44.099729000297579],[-72.042598000139151,44.099645000238198],[-72.042552999933321,44.099392999989071],[-72.042583000070536,44.099171000292891],[-72.042994999799191,44.098270999697888],[-72.042994999799191,44.097691999890422],[-72.043040999829941,44.097378999884292],[-72.043132000066549,44.097241000091138],[-72.04349899958936,44.096967000108265],[-72.043910000391392,44.096599999929055],[-72.044077999722575,44.096516999910257],[-72.044521000311676,44.096340999795778],[-72.044887000009567,44.096287999922552],[-72.045924999727092,44.096287999922552],[-72.046154000055949,44.096363999811167],[-72.046534999822484,44.096417000261326],[-72.047007999650489,44.096402000041365],[-72.047523000209623,44.096485000221634],[-72.04784299987675,44.09657700000546],[-72.047879999686685,44.096585999724205],[-72.04836599993348,44.096889999740938],[-72.048457999994994,44.096928000278268],[-72.049221000251251,44.09736299995285],[-72.049846000415229,44.097798000298091],[-72.050380000342599,44.098210000090106],[-72.050746999865396,44.098606999931242],[-72.051204999624815,44.099079999955705],[-72.051905999956773,44.099811999678401],[-72.052135000285631,44.10015600009821],[-72.052135000285631,44.100200999825091],[-72.052142999783229,44.100218000186032],[-72.052715000243765,44.10145299982414],[-72.052807000305265,44.10184899994357],[-72.052851999612798,44.102505999803341],[-72.052807000305265,44.102788000122224],[-72.052791000411744,44.10336699969691],[-72.052807000305265,44.103673000026006],[-72.052868000404629,44.104398000148052],[-72.052989999705062,44.104939000200964],[-72.053218000209,44.105465999780769],[-72.053477999601668,44.106029999860887],[-72.053783999923439,44.106511000184852],[-72.054089000420277,44.107182000115465],[-72.054394000018803,44.107983000207419],[-72.054927000121282,44.109978999774548],[-72.054973000152032,44.110149999940532],[-72.055141000381525,44.110417000025073],[-72.055339999674842,44.110600000219812],[-72.055369999812072,44.110760000281736],[-72.055385999705592,44.11089800012433],[-72.055308999712707,44.111202999801755],[-72.055095000350761,44.111722000012385],[-72.05465299958658,44.112567999839229],[-72.05370699993054,44.113797000102451],[-72.05361599969396,44.113972000174435],[-72.053494000393528,44.114155999997109],[-72.053341000232649,44.11439999995801],[-72.053264000239764,44.114690000171308],[-72.053234000102535,44.115025000303021],[-72.0532030001404,44.115543999841051],[-72.053203999965305,44.11558199999719],[-72.053178999850942,44.117183000003777],[-72.05317300000317,44.117595999745923],[-72.053019999842292,44.118145000301126],[-72.053019999842292,44.118236999913897],[-72.053065999873041,44.118672000152884],[-72.053142000041035,44.118916000168809],[-72.053188000071785,44.119267000015519],[-72.053142999865926,44.119511000153899],[-72.052914000435379,44.119663999679076],[-72.052793999886489,44.119719000322021],[-72.052547000014258,44.119838999788278],[-72.052348999647563,44.11988500022845],[-72.052302999616813,44.119838999788278],[-72.052332999754029,44.119754999929533],[-72.052273000377895,44.11971699987744],[-72.052150000354246,44.119701999765255],[-72.051982999949658,44.119754999929533],[-72.051875999819529,44.119908000112673],[-72.051676999627915,44.120023000044263],[-72.051571000221003,44.120045000302881],[-72.051112999563301,44.120030000274021],[-72.050746999865396,44.120159999967811],[-72.050532999605153,44.120312000179716],[-72.050335000136755,44.120555999871804],[-72.05030400017462,44.120595000236655],[-72.049877000377364,44.121181999790529],[-72.04935799962027,44.121761999937291],[-72.049205000357702,44.121997999910441],[-72.049022000059594,44.12216600022407],[-72.048808999624271,44.122310999830454],[-72.048488000132224,44.122478999898945],[-72.047785999975332,44.122821999791263],[-72.047679999670137,44.122821999791263],[-72.047298000078712,44.123013000306308],[-72.046917000312206,44.123264999814815],[-72.046397999555126,44.123546999755973],[-72.04641299962374,44.123729999916819],[-72.046215000155328,44.124057999988139],[-72.045955999689255,44.124294999962004],[-72.045589000166459,44.12450800011495],[-72.045131000407039,44.12469099987824],[-72.044047999585345,44.124813999971373],[-72.043377000288928,44.124791000062558],[-72.043235999823608,44.124761999968449],[-72.043070999967185,44.124730000092747],[-72.042537000039786,44.125034999956611],[-72.042486999811075,44.125050000004435],[-72.042277999573713,44.125111000288605],[-72.042095000173916,44.125156999848102],[-72.041484000253632,44.125301999851338],[-72.041255999749694,44.125347999906936],[-72.040629999760796,44.125362999875279],[-72.040264000062905,44.125310000228041],[-72.040003999771912,44.125156999848102],[-72.039862000379998,44.125048999872384],[-72.039623000005406,44.124936000319281],[-72.039257000307501,44.12482100027826],[-72.039088000253102,44.124783000260365],[-72.038798999649785,44.124638000272888],[-72.038554000325732,44.124577000145131],[-72.038264999722401,44.124600000137271],[-72.037699999832896,44.124722000282333],[-72.037303000172855,44.12491299981312],[-72.037093999935479,44.125048999872384],[-72.036922000406349,44.125270999751557],[-72.03680000020762,44.125462000086635],[-72.036570999878748,44.125920000129646],[-72.036478999817248,44.126209999903267],[-72.036266000280222,44.127094999882566],[-72.036220000249472,44.127560000142743],[-72.036128000187958,44.127804000205685],[-72.036113000119343,44.127881000283217],[-72.035975999851985,44.12845999971109],[-72.035717000284222,44.128971000000348],[-72.035549000054729,44.129239000219407],[-72.035212999595757,44.129482999794376],[-72.034617999569008,44.12997900017811],[-72.034389000138461,44.13023000023059],[-72.033411999621961,44.131100000145111],[-72.033259000359394,44.131419999720968],[-72.033260000184313,44.131680000275715],[-72.033321000283692,44.131862999741742],[-72.033351000420936,44.131932000207115],[-72.033564999782854,44.132182999696745],[-72.033794000111698,44.132343999999698],[-72.033962000341191,44.13241999995418],[-72.034235999977582,44.132526999987306],[-72.035303999832351,44.132817000205037],[-72.035686000322087,44.132969000088266],[-72.03684500041345,44.133244000172347],[-72.037150999836882,44.133304999731422],[-72.037227000004862,44.133328000193565],[-72.037440000440199,44.133396000246023],[-72.038570000219252,44.134282000201857],[-72.039699000173385,44.135174000168099],[-72.040309000268735,44.135609000126941],[-72.04110299958883,44.136113000198272],[-72.041408000085653,44.136326000286076],[-72.041834999882923,44.136737999725376],[-72.041957000081666,44.136998000076588],[-72.041972999975172,44.137172999767571],[-72.041942000013037,44.137364000297218],[-72.041880999913673,44.137547000201486],[-72.041880999913673,44.137622999907002],[-72.041622000345896,44.139392999802588],[-72.041545000352997,44.139752000179413],[-72.041546000177917,44.13995800023249],[-72.041727999752794,44.140644000033959],[-72.041773999783544,44.141155999841054],[-72.041891999784326,44.142904000073649],[-72.041896999807179,44.142971000229103],[-72.041959999556383,44.14371900005343],[-72.041972999975172,44.143872000051253],[-72.041911999875808,44.144145999831728],[-72.042034000074551,44.144435999715057],[-72.042064000211781,44.144863000108785],[-72.042141000204666,44.145114999864056],[-72.042141000204666,44.145420000175299],[-72.042034000074551,44.145663999934293],[-72.041972999975172,44.14597700014302],[-72.041957000081666,44.14619899999964],[-72.041926999944423,44.146281999868066],[-72.041926999944423,44.146580000290186],[-72.041865999845058,44.147137000270249],[-72.041911999875808,44.147617999872935],[-72.042080000105301,44.148106000193366],[-72.04256800000195,44.149113000181046],[-72.042690000200665,44.149479000070031],[-72.042826999569698,44.150035999765421],[-72.042872999600448,44.150601000178725],[-72.042826999569698,44.150966999864188],[-72.042766000368644,44.151210999897515],[-72.04250100005477,44.152138000170957],[-72.042475999940407,44.152225999715533],[-72.042434999932539,44.152354000107891],[-72.042384999703827,44.152507999950245],[-72.042232000441274,44.152790000126515],[-72.042034000074551,44.152980999761596],[-72.041712999684179,44.153149000245733],[-72.041546000177917,44.153338999710506],[-72.041515000215782,44.153491999910237],[-72.041469000185018,44.153682999851462],[-72.041224999787559,44.153927000257212],[-72.041151999992607,44.154021999780419],[-72.040935000257647,44.154285000268004],[-72.040895999899575,44.154393999908372],[-72.040859000089668,44.154499999803186],[-72.04073699989091,44.154842999994024],[-72.040694000233216,44.154900000001696],[-72.040568999661431,44.155063999750539],[-72.040187000070006,44.155369000213199],[-72.04015699993279,44.155406999885685],[-72.039852000334264,44.155666000258137],[-72.039819999648884,44.155729999980935],[-72.039745000204135,44.155849999757443],[-72.039560000256202,44.155989000224722],[-72.039598999715963,44.15599700031121],[-72.040688000385444,44.156301000215734],[-72.041229999810412,44.156451999980447],[-72.041254000099869,44.156458999759607],[-72.041861999647097,44.156635000009707],[-72.041956000256747,44.15663099968765],[-72.042140000379774,44.156590000076271],[-72.042430999734577,44.156514000296937],[-72.042537000039786,44.156498000263106],[-72.042690000200665,44.156474999804011],[-72.042956000339458,44.156497000019137],[-72.043086999860691,44.156551999876584],[-72.043270000158813,44.156703999883995],[-72.043420999771541,44.156883000115691],[-72.043582000328328,44.157072999803532],[-72.04363800040484,44.157089999915392],[-72.045077999805272,44.157491000185701],[-72.045722000235827,44.157674000215081],[-72.046190000040966,44.157805999989627],[-72.046396999730206,44.157863999933873],[-72.047272999964349,44.158107000236072],[-72.048467000215823,44.158444000107458],[-72.052473000394428,44.159544999747226],[-72.056775999775638,44.160729000283141],[-72.058380999930847,44.161170999990041],[-72.059426000219403,44.161458000166988],[-72.063704000384561,44.162606999942248],[-72.065202000409627,44.163020999895998],[-72.065877999728926,44.163208000049551],[-72.067657999786306,44.163700000185976],[-72.068154000078863,44.163836999965135],[-72.070376999827019,44.164449999807509],[-72.070620000399586,44.164516999992806],[-72.071206000205507,44.164677000300621],[-72.071704999972795,44.164813999744055],[-72.081672000289572,44.167545999958428],[-72.083195000429015,44.167962000145948],[-72.083448000148991,44.168031000305355],[-72.085444999941345,44.168575999689971],[-72.087141000333162,44.169038999903485],[-72.087389999855176,44.16910700006158],[-72.088661000099535,44.169453999846496],[-72.089789000228762,44.169762000080837],[-72.091777999625208,44.170310000253302],[-72.096096999798249,44.171500999874297],[-72.097814000106453,44.171967000267351],[-72.101204000341909,44.172885000147851],[-72.101292000205447,44.17290999993984],[-72.10268800012328,44.173287999935617],[-72.104019999568692,44.173653000052624],[-72.104867000388836,44.173885000311891],[-72.10984500016275,44.175250000167388],[-72.110086000187152,44.175315999757522],[-72.110367000394561,44.175391999799309],[-72.114901999579345,44.176635999885669],[-72.114977999747339,44.176655999865361],[-72.115371999932634,44.176765000054232],[-72.116223999877349,44.176998000207867],[-72.11646099970379,44.177062999879055],[-72.116720999994797,44.1771340001319],[-72.117018999920617,44.177214999871289],[-72.11977499977128,44.177969999709831],[-72.137999999594228,44.182964000150541],[-72.138105000074546,44.182992000207335],[-72.138377000061112,44.183067000225051],[-72.138999999676955,44.183238000088984],[-72.139388999839369,44.183343999695381],[-72.139434999870133,44.183357000168748],[-72.139571000312571,44.183394000063409],[-72.140424999907083,44.183628000217283],[-72.142302000048858,44.184143000075878],[-72.155288999806913,44.187702000261929],[-72.166084999603854,44.190707000146638],[-72.166327000351515,44.190774000132542],[-72.170311999715423,44.19187200026844],[-72.17069099983209,44.191972000021195],[-72.171170000406207,44.192061999975635],[-72.17436499974967,44.192661000178781],[-72.183136000165149,44.19199700009387],[-72.183177000173046,44.19199700009387],[-72.18659400017269,44.191743999950873],[-72.191985000398461,44.191354000057046],[-72.198881000322018,44.190839000074895],[-72.19992499988733,44.190762000313676],[-72.206374999747041,44.190302000263699],[-72.209580000034578,44.190072000180621],[-72.210631000170906,44.1899979997334],[-72.217178000114998,44.189530000115077],[-72.220036000072895,44.189232999866796],[-72.221108999950545,44.18917299982359],[-72.229409000187829,44.188624999737527],[-72.237111000025322,44.188071999878659],[-72.23732199991251,44.188056999739167],[-72.237536999997687,44.188047999782491],[-72.248239999908193,44.187281000284429],[-72.254415000306622,44.18683800003425],[-72.257172999807096,44.186634999842553],[-72.268016000358017,44.185822000067994],[-72.28030299960902,44.184906000129061],[-72.283199000100055,44.184693999901128],[-72.293814000147037,44.183906999831066],[-72.2977960000362,44.183614000019475],[-72.2982680000393,44.183580000261472],[-72.304698999632421,44.183123000227553],[-72.305200999772765,44.183086999955968],[-72.312224999742838,44.185401000190659],[-72.312658000286206,44.185544000250523],[-72.316509999580703,44.186818000287566],[-72.321557999674795,44.188486999862512],[-72.324356000256543,44.189405999896266],[-72.328262999802647,44.190690000061167],[-72.332828000023,44.192201000136208],[-72.336691000086461,44.193461000130036],[-72.34204999962688,44.195229000100582],[-72.343280999688247,44.195634999841118],[-72.343486999552582,44.195700000218814],[-72.343710999858558,44.195775000169093],[-72.343817999988687,44.195810000199145],[-72.368880000183978,44.203888000091048],[-72.374458999832413,44.205755000305025],[-72.374996000132839,44.205934999831662],[-72.376848000160265,44.206555000215907],[-72.380256999763972,44.207695000135317],[-72.386463999949427,44.209771999767923],[-72.387108000379996,44.209987999857432],[-72.387465999681979,44.210107999994136],[-72.387926999814411,44.210261999725503],[-72.390610999695042,44.211159999697301],[-72.39681299985763,44.213233999700698],[-72.397167999684868,44.213351999815295],[-72.397299999929359,44.213396000299511],[-72.397366000051591,44.213418999807857],[-72.398033999873292,44.213642000118121],[-72.398833000114521,44.213908999684826],[-72.403332000212643,44.215413000048088],[-72.403803000390823,44.215571000259921],[-72.405092000178541,44.216004000126375],[-72.413732999999368,44.218917999687882],[-72.414073999582897,44.219032999876262],[-72.414275000322661,44.219101000313024],[-72.419197000020077,44.220781000064264],[-72.41933299956419,44.220280000276773],[-72.42118899978955,44.213427999752987],[-72.421690000105002,44.211575999948138],[-72.422068000396777,44.210178999723816],[-72.422675000119085,44.208018999807301],[-72.422675999943991,44.208009999679469],[-72.422680999966857,44.207957000186852],[-72.42267400029418,44.207937999895428],[-72.424023000356343,44.202894000042683],[-72.424348999871242,44.201621999993066],[-72.426882999964064,44.191802000018512],[-72.427631000151678,44.18893199999021],[-72.428308000194193,44.186334000226182],[-72.429257000223274,44.182690000226991],[-72.429503000270572,44.181690999740482],[-72.430068999984996,44.179432999763272],[-72.430798999730968,44.176613000190571],[-72.430814999624474,44.176549999831273],[-72.430818999822463,44.176534000076991],[-72.431665999744297,44.173260999740137],[-72.432317999672449,44.170824999819175],[-72.432659000154302,44.169545000053851],[-72.432661999629019,44.169533999802603],[-72.433516999946775,44.166149999733932],[-72.434558999862276,44.162097000254875],[-72.435255000171367,44.159361999720538],[-72.43640199966886,44.155184000236872],[-72.436540999586015,44.154590000245349],[-72.436786999633327,44.153620000134886],[-72.436917000227979,44.153085000301829],[-72.437204000283145,44.151962999719899],[-72.437303000017351,44.151580000004856],[-72.437412999622211,44.151152999859491],[-72.437702000225514,44.150001999984383],[-72.438009000372205,44.148925000102501],[-72.438012999671827,44.148906999844158],[-72.443376000308533,44.128800000134518],[-72.444433000292648,44.129201999881403],[-72.444569999661681,44.129248000123873],[-72.450061000344874,44.1312969998433],[-72.455537999886076,44.133344000061264],[-72.455804000024841,44.133420000018312],[-72.459929000029135,44.134597000092448],[-72.469461999977639,44.137320999701934],[-72.469718999895591,44.137393999929358],[-72.471760000068883,44.137973000223212],[-72.472303000217096,44.138127000195034],[-72.474366000131695,44.138711999797252],[-72.474382000025216,44.138718999746374],[-72.47442600040614,44.138738999688528],[-72.474608999805952,44.138795999776676],[-72.474623999874552,44.1388009999175],[-72.474660999684474,44.138812000096884],[-72.474731000004681,44.138833999804866],[-72.475117999618988,44.138955000308535],[-72.477855000101357,44.139802000114408],[-72.47791299982768,44.139820999807846],[-72.478045000072157,44.139852999888411],[-72.478747000229021,44.140071999934129],[-72.481012999634899,44.140682000162087],[-72.481677999981855,44.140860999995695],[-72.491949000072253,44.14362499987913],[-72.492400999983857,44.143747000048961],[-72.492433999595832,44.143756000320984],[-72.492467999931009,44.143764999946995],[-72.492575000061137,44.143795000194594],[-72.493344999990072,44.144015000255365],[-72.494828999771443,44.144438999770884],[-72.496039999741356,44.144784999812998],[-72.499588000160557,44.145797999705778],[-72.502648999609733,44.146675000037085],[-72.503348000291879,44.146883999715676],[-72.505155000113419,44.147412000119573],[-72.50635799968741,44.147746999693425],[-72.507045999600578,44.147936999790147],[-72.507679000160479,44.14811400005933],[-72.511755999585887,44.149242999679437],[-72.517821000379428,44.150922999814227],[-72.518861999571712,44.151210000208486],[-72.519096999748356,44.151274999940021],[-72.519126999885586,44.151280000313065],[-72.519481999712823,44.151381000280729],[-72.520830999774986,44.151753000298378],[-72.521236999655855,44.151864999782056],[-72.521448000441367,44.151924000086375],[-72.521859000345103,44.152037000209674],[-72.521937999987813,44.152059000145776],[-72.524270000414248,44.152740999897773],[-72.525985000174302,44.15324199977865],[-72.53177800008298,44.154941999768567],[-72.532488999562361,44.155145999776273],[-72.532732000134928,44.155213999836931],[-72.533329999636408,44.155379999883451],[-72.534730999577121,44.155783000041211],[-72.536715999673916,44.156345999725062],[-72.538345999943473,44.156776999990029],[-72.53857199989929,44.156840999796813],[-72.538603999686345,44.156850000005811],[-72.538679000029404,44.156870999843477],[-72.53885200028175,44.156919999865408],[-72.538867000350365,44.156924000167919],[-72.549624999614181,44.159940000264768],[-72.549967999745832,44.160038999865783],[-72.551326999853771,44.160422000103857],[-72.55451899972249,44.161323999860691],[-72.556733000148142,44.162001000048114],[-72.559354000279569,44.162803000064557],[-72.559667000274032,44.162899000255138],[-72.559708000281901,44.162913000216172],[-72.559846000374165,44.162651000302574],[-72.561953999596298,44.158639000318594],[-72.563984999723829,44.154782000128399],[-72.570708000293351,44.156299999968425],[-72.583149000428449,44.159408000312425],[-72.58381800007507,44.159574999708028],[-72.586154999626061,44.160161999802725],[-72.586558000032184,44.160260000140013],[-72.586809999927254,44.159829999725524],[-72.58871800003115,44.156562999970873],[-72.589118999889152,44.155877000189136],[-72.589385999852851,44.155391000196161],[-72.589735999657208,44.154777999680675],[-72.591656000355002,44.151449999852971],[-72.593216000304352,44.148775000145228],[-72.595316999853793,44.145172000242709],[-72.596255999837126,44.143577000239922],[-72.596654000220383,44.142893000012002],[-72.597151000337846,44.142047999757175],[-72.601395000167827,44.134780000190588],[-72.602986999904232,44.13206600019835],[-72.605860999755649,44.127357999766687],[-72.606689000309231,44.125961999882605],[-72.606895000173552,44.125597000048813],[-72.606905000219299,44.125578999770795],[-72.606923999587551,44.125546000214008],[-72.607640999813043,44.124279000222238],[-72.609009000141782,44.1219190001774],[-72.609069000416227,44.121808000169963],[-72.609153000081818,44.121655999937651],[-72.609880000353044,44.120379999740614],[-72.610494999572978,44.119294999997976],[-72.611424000408888,44.117653000248801],[-72.611447999800006,44.117610999747839],[-72.613015000320388,44.114969000147525],[-72.613129999948114,44.114770000202121],[-72.613360999926783,44.114380000157695],[-72.613441000292724,44.114240999746308],[-72.617556000251284,44.107362999788222],[-72.619190999645397,44.104629999831552],[-72.622051999976335,44.099847999801092],[-72.622573000383241,44.098978000269035],[-72.622628999561414,44.098883999845484],[-72.62348600042732,44.097449999890841],[-72.624266000401988,44.096183999984689],[-72.625380000287507,44.094376999929864],[-72.625426000318257,44.09429800004618],[-72.626054999781886,44.093230999984613],[-72.626176000155724,44.092997000028667],[-72.626238000079994,44.092956000100969],[-72.626366000126509,44.09278599990872],[-72.626525000135175,44.092448000070981],[-72.62673299964932,44.092009000186749],[-72.626884000160373,44.091736999934419],[-72.627047000367,44.091443999847591],[-72.627162999819632,44.0912629998261],[-72.62813500031325,44.089554000014374],[-72.628460000003244,44.088982000060341],[-72.62909600003789,44.087836000100019],[-72.629183999901429,44.087863000016675],[-72.630450000122934,44.088201999713583],[-72.634476000393008,44.089312000262225],[-72.63947900028127,44.081411000038692],[-72.642749999792727,44.076241999885447],[-72.643542000361293,44.074991000188831],[-72.644428999567779,44.073587999928016],[-72.646533000388558,44.070266000160565],[-72.646995000345925,44.069534000059178],[-72.647032999980766,44.069474000284302],[-72.647151999806454,44.069285999735186],[-72.65126599994008,44.06278600002058],[-72.65610599962173,44.05513699992359],[-72.656158000398591,44.055053999830541],[-72.664675000370863,44.041592999967456],[-72.665822999693262,44.039778999852402],[-72.66898299977494,44.034779999917497],[-72.669609999588744,44.033791000229364],[-72.669919000283542,44.03330200022927],[-72.67205499999308,44.029919999990256],[-72.673544999622237,44.02756499969977],[-72.673896000149824,44.027010000068991],[-72.674368000152938,44.026262000229877],[-72.674680000322468,44.025768000101941],[-72.674830000110305,44.025531999733033],[-72.676970000017803,44.022147000084878],[-72.677128000201549,44.021896999721591],[-72.679376000064067,44.018341000307657],[-72.67967099961686,44.017874000255333],[-72.679930000082933,44.017464999932699],[-72.680217000138114,44.017009999698921],[-72.680513000414123,44.016543000145894],[-72.680773999631725,44.01612900015175],[-72.680937999663257,44.015869999888707],[-72.681209999649809,44.015439000198498],[-72.681535000238128,44.014924999846457],[-72.681768999691556,44.014555999796286],[-72.682059000119793,44.014096000146139],[-72.682517999704089,44.013371000139053],[-72.682685000108663,44.013104000053524],[-72.682874000254557,44.012810000158566],[-72.683481999801785,44.012981000175898],[-72.683701000084909,44.013045000044272],[-72.684163000042261,44.01318100026203],[-72.684342000142394,44.013234000271972],[-72.684553999854501,44.013295999699288],[-72.706845000130542,44.019715999703664],[-72.71285700032233,44.021393999865879],[-72.715202000269244,44.022048000002485],[-72.723633999852709,44.024407999993308],[-72.727552000167748,44.025507000202694],[-72.727681999864103,44.025544000201435],[-72.727749999636174,44.02556299980769],[-72.728979999872635,44.025907999690666],[-72.73488999995719,44.027567999875693],[-72.737130000322111,44.02818699976735],[-72.739197000434658,44.02877199986829],[-72.741740999674903,44.029493000273618],[-72.741922000323171,44.02954299983675],[-72.741964000155974,44.029555000139005],[-72.742078999783686,44.029589000120971],[-72.742241000165393,44.029636999986351],[-72.742893999918479,44.02866299968435],[-72.74294400014719,44.028588999682214],[-72.744976000099655,44.02557000023905],[-72.74706900015147,44.022460000151604],[-72.752558000286541,44.014303000171857],[-72.753626999966215,44.01271300017887],[-72.75396000005216,44.012219000211992],[-72.754109000015077,44.012015999795175],[-72.754730999806,44.011174999987965],[-72.755080999610371,44.010699999978613],[-72.755268999931346,44.010445999923675],[-72.760554999676827,44.003291000144714],[-72.760804999922087,44.00295200008658],[-72.76086299964841,44.00287300029408],[-72.761188000236743,44.00243400029143],[-72.761440999956719,44.002091999686776],[-72.762631000010231,44.00047999981453],[-72.764801999879865,43.997541000033351],[-72.768157999780129,43.992996000259495],[-72.768562999836078,43.992447000220686],[-72.769105000159371,43.991712999774684],[-72.769357000054455,43.991378000006542],[-72.769363999727148,43.991361000048911],[-72.769374999597815,43.991347000156154],[-72.769428000199568,43.991274999732454],[-72.769682999569383,43.990929999990833],[-72.77116999972381,43.988916000102634],[-72.773629000371841,43.985585000031435],[-72.774727000363839,43.98409800006808],[-72.779730000252087,43.97731800023945],[-72.780715000266198,43.97598199997892],[-72.785265000417922,43.969930999777205],[-72.785291000357191,43.969895999687814],[-72.787976000062713,43.966325000316104],[-72.788007000024862,43.966283999955415],[-72.788765000258238,43.965276000164216],[-72.791043000257986,43.962243999882858],[-72.787016000162978,43.960846999807679],[-72.787283000126678,43.960478000312015],[-72.787304999867999,43.960485000018885],[-72.787893000222041,43.959628000219162],[-72.791639000109654,43.954166000250716],[-72.791774999653768,43.953967000219031],[-72.789783999709201,43.953428000055602],[-72.785220000212078,43.952191000238145],[-72.787432000089595,43.948981000248622],[-72.789958999611386,43.945315000045909],[-72.788700999785817,43.944897999983922],[-72.780583999846627,43.942211000131834],[-72.780095999950007,43.942049999847136],[-72.774056999994016,43.940050000238834],[-72.772095000361745,43.939415999951272],[-72.77107799966231,43.939064000041931],[-72.775144000115361,43.933656999910866],[-72.768900999944876,43.931612999849378],[-72.773501000325325,43.924538000220267],[-72.766854999748716,43.922739000167859],[-72.75674900041308,43.920002999705389],[-72.755234999596155,43.919593000060999],[-72.755167999649018,43.919574999891914],[-72.754708000239788,43.919450000221197],[-72.751364000035096,43.918544999767427],[-72.750793000297776,43.918389999860537],[-72.748287999618981,43.917707999873791],[-72.746849000043454,43.917322000009328],[-72.745192999834629,43.91687399980318],[-72.744446000370218,43.916679000202535],[-72.74415799959182,43.916594000226397],[-72.743272000210254,43.916354000095076],[-72.741076000226258,43.915759000286513],[-72.739199999909417,43.91525100001931],[-72.735411000364095,43.914225000005445],[-72.728942000237808,43.912474000198984],[-72.722838999809412,43.910821000188541],[-72.716527999866884,43.909113000042424],[-72.715598000104364,43.908861000041149],[-72.7151570000634,43.908741999939323],[-72.713700000046217,43.908347000321413],[-72.712284000036902,43.907962999759505],[-72.709306000428398,43.911242999728628],[-72.707538000066592,43.910739999739782],[-72.703690999896622,43.909645000208734],[-72.702838000127031,43.90940200020205],[-72.702070999672813,43.909195999909436],[-72.701977999786408,43.909169000113522],[-72.701108000298348,43.90891599980116],[-72.689457000183651,43.905639000259427],[-72.685584000074442,43.904549999932769],[-72.679915999839238,43.902956000012146],[-72.675949999843596,43.901840999931906],[-72.674004000104873,43.901294000134214],[-72.673235000000844,43.9010769999025],[-72.670869999962449,43.900412000321808],[-72.670648000204579,43.900350000157545],[-72.670394999586293,43.900278000115492],[-72.669268000180296,43.89996200023171],[-72.66769300016233,43.899518999742241],[-72.667100999610312,43.899352000030454],[-72.665999000318664,43.899042000164727],[-72.665985000074969,43.899044000298495],[-72.664947000357429,43.898745999692842],[-72.663840000144589,43.898434999831395],[-72.662573999923112,43.898077999719582],[-72.662490000257534,43.898054999745973],[-72.662460000120291,43.898046000288609],[-72.662348999792215,43.898015999714112],[-72.661908999576141,43.897891000070558],[-72.661063000377553,43.897652999785528],[-72.658540999980332,43.896943000104599],[-72.65615300037571,43.89627100016461],[-72.653805999880674,43.895610999962301],[-72.652379999825612,43.895238000248526],[-72.652329999596901,43.895223000226807],[-72.652298999634766,43.895213999694086],[-72.652112000037008,43.895159999705854],[-72.652002000432148,43.89512900013402],[-72.651901999974726,43.895100000164952],[-72.651815999760998,43.895075000068722],[-72.651785999623769,43.895066000160973],[-72.651675000194004,43.895033999758652],[-72.651532000078859,43.894994999690134],[-72.650018999985193,43.894583999805377],[-72.649968999756453,43.894569999760932],[-72.64851099991435,43.894177000267945],[-72.648048000132079,43.894051999686219],[-72.646721999636142,43.893692000014809],[-72.646246000333392,43.893562000209968],[-72.64614800042412,43.893538000274766],[-72.646068000058165,43.893514999842225],[-72.645998999562877,43.893494999881064],[-72.645283999885507,43.893304000075616],[-72.645108999983336,43.893254000306669],[-72.644940999753857,43.893209000025614],[-72.642590999784062,43.892574000058367],[-72.642492999874776,43.892546999844441],[-72.642411999683915,43.892524999852903],[-72.642345999561698,43.892506999912655],[-72.636099999916468,43.890816000214897],[-72.634558000408788,43.890393000018491],[-72.633930999696645,43.890227000175123],[-72.633450000371042,43.890093999923835],[-72.632964000124218,43.889977000294472],[-72.632918000093468,43.889965000253078],[-72.628009999741465,43.888642000285785],[-72.627952000015128,43.888626000303049],[-72.627844999885014,43.888596999756892],[-72.626689999991612,43.888284999730004],[-72.624519000121978,43.887692999784861],[-72.617742000024123,43.885896000044887],[-72.616803999865695,43.885642999885683],[-72.616781000299468,43.885637000076173],[-72.616721000025009,43.885620000288789],[-72.616689000237955,43.885611999892106],[-72.616628999963496,43.885595000097581],[-72.616383999741132,43.885529000163963],[-72.616347999756115,43.885520000108471],[-72.615890999821616,43.885395999781274],[-72.614395000344686,43.88498499969139],[-72.607568000018105,43.883148000095467],[-72.606853000340763,43.882955000102065],[-72.605850999709915,43.88268600011822],[-72.605114000291238,43.882486999796249],[-72.604155000216423,43.882229000247101],[-72.603405000378984,43.882018999698879],[-72.602638999749686,43.881803000157184],[-72.601857999950099,43.881568000111052],[-72.60087100028619,43.88127000011098],[-72.600563000314622,43.881185000074574],[-72.600484999598493,43.881162000051461],[-72.590194000314924,43.878049000133409],[-72.590156999606691,43.878035000087394],[-72.590079999613806,43.878012000143322],[-72.589358000263744,43.877788000167612],[-72.587585999703975,43.877254999817161],[-72.586404000046386,43.876896000074574],[-72.586179999740409,43.876827000191838],[-72.583905999938622,43.876138999816249],[-72.583378999683916,43.875979999692106],[-72.583265999706015,43.875945999781592],[-72.583199999583769,43.875925999748944],[-72.582049999713234,43.875578000308323],[-72.580292000295472,43.875046000086009],[-72.578882000133945,43.874625000236691],[-72.577737000286291,43.874298000094946],[-72.577013000388106,43.874092000086442],[-72.575449000240781,43.873645999948138],[-72.57444300031031,43.873347999827878],[-72.574292999624149,43.873300999698955],[-72.573926000101352,43.873185999819654],[-72.573596000388477,43.873082000069928],[-72.573521999870323,43.873059000156793],[-72.573507999626614,43.873073000076843],[-72.573499000304096,43.873086999993568],[-72.573346000143218,43.873040000306382],[-72.572423999878325,43.872754000019164],[-72.57226400004474,43.87270499969862],[-72.571847000293218,43.87257699979461],[-72.571448999909975,43.872452999726647],[-72.571103000303566,43.872345999742613],[-72.570633999775183,43.872201999854305],[-72.570360000138805,43.872116999833331],[-72.57023499956702,43.872078000301237],[-72.569954000257923,43.87199099970875],[-72.569828999686152,43.871952999968393],[-72.569811000142806,43.871947000075338],[-72.569796999899097,43.871932999890824],[-72.569673000050543,43.871904000284459],[-72.569559000247722,43.871878000290444],[-72.564348999771909,43.870215000297158],[-72.556830000232523,43.867939000015973],[-72.553480000180031,43.866906000296602],[-72.551748999628145,43.866343000072774],[-72.548345000047306,43.865271999782266],[-72.545774000144576,43.864465000214622],[-72.544718999810286,43.864141000042572],[-72.544312999929446,43.864021999947042],[-72.543719999552494,43.863838000273262],[-72.543311000196894,43.86371400015868],[-72.542715000345225,43.863527000135363],[-72.540422000276862,43.862837000311394],[-72.53848900005859,43.862251999710274],[-72.535487999985591,43.86134300001175],[-72.531382000247859,43.860096000271888],[-72.529424999740158,43.859499999713933],[-72.527874999836527,43.859025999896623],[-72.527305999749061,43.858851999993867],[-72.52686300005827,43.85871700011036],[-72.526784000415546,43.858692999739247],[-72.526646000323282,43.858650000102664],[-72.52646600039823,43.858594999904724],[-72.526354000245234,43.858560999792331],[-72.526302000366698,43.858545000151842],[-72.526129000114352,43.858499000109013],[-72.526078999885627,43.858483999904287],[-72.526046000273666,43.858474000197567],[-72.526021999984223,43.858467000142738],[-72.525148000298216,43.858202000146669],[-72.522902000085509,43.857520999980608],[-72.522847999658822,43.857505000061053],[-72.522457999671488,43.857386999793057],[-72.522324999602105,43.857331999725623],[-72.521992000414485,43.857230999881821],[-72.520517999780552,43.856782000147312],[-72.513682000131439,43.854702000002661],[-72.512616999751415,43.854376999721829],[-72.512312999977809,43.854285000295285],[-72.511035000060744,43.853896000045978],[-72.510526000247708,43.853741999782351],[-72.510040999825819,43.853595999930754],[-72.509953999787186,43.853569999724456],[-72.509844000182326,43.853537000168835],[-72.50813799974479,43.853026999826845],[-72.507422000242542,43.852805999814102],[-72.506443000076217,43.852503000092291],[-72.506414999588827,43.852494000230976],[-72.50621899977024,43.852436999781943],[-72.506024999601493,43.852365000125666],[-72.505858000095216,43.852314000127599],[-72.505656000428857,43.852252999983754],[-72.505478000153602,43.852200000126665],[-72.505111999557414,43.852085999907821],[-72.504842999943889,43.852003999683816],[-72.504444999560633,43.851881999995122],[-72.50420299971131,43.851807999892458],[-72.503784000309963,43.851679000246762],[-72.503365999835211,43.851550000322042],[-72.503060000411779,43.851454000196973],[-72.502785000052157,43.85136800016965],[-72.502554999898379,43.851300000105454],[-72.501949000000977,43.851114000238752],[-72.50078200041203,43.8507540002281],[-72.499744999621086,43.850434999925149],[-72.499491999901082,43.850360999970533],[-72.49929500025759,43.850304000074225],[-72.499054000233158,43.850234000263391],[-72.49902999994373,43.850223999820969],[-72.467455000139537,43.840523999773517],[-72.466275000131773,43.840121999713958],[-72.46621900005529,43.840102999732743],[-72.460144000114298,43.838275999910792],[-72.459518999950305,43.838088000016022],[-72.461565000146464,43.836851000054601],[-72.460694999760122,43.836713000161396],[-72.456989000055472,43.835953999903623],[-72.454927999790698,43.835549999835166],[-72.454783999850648,43.835521000026574],[-72.453006000341418,43.835171000242049],[-72.441063999973579,43.832821999877972],[-72.438313000145797,43.832280000213473],[-72.43551899976201,43.831708999797769],[-72.435457999662646,43.831698000236635],[-72.434916000237664,43.831586000171086],[-72.42877500017444,43.83032899979073],[-72.421748999656231,43.828891000063436],[-72.420589999564854,43.828654000177686],[-72.415246999917969,43.827560000230015],[-72.409204999588937,43.826311999882158],[-72.408997999899711,43.826270000223602],[-72.405066000239259,43.825457999720328],[-72.403446999840369,43.825078000185918],[-72.403391999588777,43.825064000013612],[-72.403268999565142,43.82503600030725],[-72.398048999941892,43.823808999744237],[-72.39254499973822,43.822516000174524],[-72.39233800004898,43.822467000046608],[-72.390592000326777,43.822056999688435],[-72.383691000380352,43.820435000239307],[-72.382506000349736,43.820156999859044],[-72.382314999655705,43.820111000025655],[-72.3788440001277,43.819295000219412],[-72.372332000343718,43.817763000151771],[-72.36844400016588,43.816849000302675],[-72.368250999822038,43.816804000016099],[-72.367610999589431,43.81665299974302],[-72.36743499986234,43.816611999924881],[-72.360767000442735,43.815042000018707],[-72.35690799967891,43.814133999882706],[-72.355320000140466,43.813760000137002],[-72.348393000254788,43.81213500019058],[-72.348363999942464,43.812127000302873],[-72.348209000131774,43.812092000052246],[-72.346102999661142,43.811596999682514],[-72.344171000166114,43.811268000209289],[-72.339610999968642,43.810493000289043],[-72.339343000180037,43.810447000141558],[-72.339337000332236,43.810455999863173],[-72.339164000079904,43.810404999694079],[-72.33887899967452,43.810321000007072],[-72.33850299993091,43.81021099989875],[-72.338242999639917,43.810135000094498],[-72.33803000010289,43.810071999731385],[-72.337645999963314,43.809959000313029],[-72.337312999877398,43.80986199976978],[-72.336941000331706,43.809752999733234],[-72.336731000269438,43.809690999885404],[-72.336399000008413,43.809594000203447],[-72.336106999930379,43.809508000126407],[-72.335799999783688,43.809418000124296],[-72.335554999561325,43.80934599976564],[-72.334855999777488,43.809140999943814],[-72.334604999707338,43.809066999987095],[-72.334284000215277,43.808973000137627],[-72.328924999776547,43.80741199990107],[-72.328686000300266,43.807341999687672],[-72.327738000096105,43.807065999917782],[-72.326597000446384,43.806733000139751],[-72.326466999851732,43.806705999936199],[-72.326449000308401,43.806699000289619],[-72.325538999739067,43.806425999819162],[-72.322273000250476,43.805474000236039],[-72.319489999737328,43.804664000274741],[-72.318358000308464,43.804333000143721],[-72.315195999678636,43.803410999859814],[-72.311289999957467,43.802274000192796],[-72.310797000037965,43.802130000319679],[-72.306357000389397,43.800828999960373],[-72.30570499956292,43.800644999860893],[-72.305118999756999,43.800474000173097],[-72.304846999770447,43.800393000116067],[-72.304511000209786,43.800294000041248],[-72.302174999585375,43.799605999712213],[-72.300469999871069,43.799093999784141],[-72.297288000048084,43.7981490000683],[-72.294507999908006,43.797323000145227],[-72.292780999554054,43.796814000265982],[-72.292357999954731,43.79668499973782],[-72.291234000023479,43.796350999956559],[-72.290152999749921,43.79603000025368],[-72.289326999744489,43.795784000271745],[-72.287199000430874,43.795152000129768],[-72.286123000180197,43.794839000080742],[-72.285636000108468,43.794703999945135],[-72.285585999879757,43.794689999783913],[-72.285477000099817,43.794659999705338],[-72.285304999672363,43.794609000315269],[-72.284111000319214,43.794252000124118],[-72.269691999759999,43.790045000204032],[-72.259850999839927,43.787183999712397],[-72.258695999946525,43.786859000041517],[-72.258435999655532,43.78677200030468],[-72.258023000101957,43.786651000206795],[-72.257065999676954,43.78637100013438],[-72.255634999599039,43.785954000217217],[-72.255458999871934,43.785902999883064],[-72.254811000141743,43.785712999730279],[-72.254721999554974,43.78568699977847],[-72.254637999889383,43.785662999862787],[-72.25456300044462,43.785640999985631],[-72.254517000413855,43.785627000295449],[-72.254442999895716,43.785604999756522],[-72.254375999948564,43.78558599993309],[-72.241632999689642,43.781861999675989],[-72.238788000150535,43.781030999835188],[-72.237930000358062,43.780779999851198],[-72.237266999660932,43.780584999735815],[-72.236070999759647,43.780236999825433],[-72.23601499968315,43.780229000206283],[-72.235993999766762,43.780223000166856],[-72.222612999823397,43.776308000140872],[-72.222587999709049,43.776301000176332],[-72.222576000013461,43.776297000103561],[-72.222362999578138,43.776234999914401],[-72.222324999943297,43.776222999682084],[-72.221698999954398,43.776039999894337],[-72.219165999686538,43.775294000168195],[-72.214576000250133,43.773947999857207],[-72.210129000030577,43.77264799983287],[-72.20871999969394,43.772259000011765],[-72.207285000316375,43.771819999837696],[-72.207261000026946,43.771811999741089],[-72.207234000262758,43.771796000193348],[-72.207024000200477,43.771733000270267],[-72.206846999750141,43.771680000262954],[-72.206629000190262,43.77162599995021],[-72.205894000421424,43.77144399997853],[-72.20563199958228,43.771378999808057],[-72.205398999953772,43.7713210001153],[-72.205316000113115,43.771299999765276],[-72.205169999624914,43.771260999837068],[-72.205169999624914,43.771324999872228],[-72.205475000121766,43.772315999845254],[-72.205444999984536,43.77243100024301],[-72.205460000053151,43.773133000137946],[-72.205414000022401,43.773589999927701],[-72.205368999816571,43.774757999763303],[-72.205291999823658,43.775399000021153],[-72.205291999823658,43.776252999934087],[-72.205306999892272,43.776566000022704],[-72.205276999755043,43.776779000134717],[-72.205094000355274,43.777016000290153],[-72.204880000095017,43.777260000008006],[-72.204711999865538,43.777504000027442],[-72.204407000266997,43.778107000182686],[-72.204177999938139,43.77835899985925],[-72.20410199977016,43.778656000292017],[-72.20410199977016,43.77908400005262],[-72.20397999957143,43.779243999837128],[-72.203934000438991,43.779403999842039],[-72.204131999907389,43.779663000109977],[-72.204346000167618,43.77999099969562],[-72.204788000033503,43.780555999820663],[-72.204818999995652,43.780716000206091],[-72.204849000132867,43.780761999897152],[-72.205077999563414,43.780898999951745],[-72.205261999686442,43.781098000092044],[-72.205444999984536,43.781394999890736],[-72.20553600022113,43.781531999791994],[-72.205628000282644,43.781845000135306],[-72.205628000282644,43.782326000114828],[-72.205703999552313,43.782761000052538],[-72.205689000382009,43.783348000023146],[-72.205643000351259,43.783713999703942],[-72.205643000351259,43.784142000223682],[-72.20553600022113,43.784584000211062],[-72.205291999823658,43.784950000107017],[-72.205169999624914,43.785072999824166],[-72.204865000026416,43.785415999981453],[-72.204665999834774,43.785759000116251],[-72.204574999598179,43.785865999791461],[-72.204346000167618,43.78607199972997],[-72.203751000140883,43.786460999837438],[-72.203247000350729,43.786788999741439],[-72.202865999685912,43.787032999783797],[-72.202315999865007,43.787345999860158],[-72.20162999960165,43.787765999759792],[-72.20115699977363,43.787987000058308],[-72.201034999574887,43.788001999828893],[-72.1997530003582,43.788467999905315],[-72.199692000258821,43.788467999905315],[-72.199432999792734,43.788581999743855],[-72.199082000163457,43.788657999731569],[-72.198882999971829,43.788735000243491],[-72.198653999642971,43.788856999984013],[-72.198333999975844,43.789154000145182],[-72.198089999578357,43.7893140002164],[-72.197707999986946,43.789596999994778],[-72.197082999822968,43.79010800028842],[-72.196770999653438,43.790387999715769],[-72.196182000372758,43.79091699987552],[-72.195830999845185,43.791381999993334],[-72.195830999845185,43.791427999907341],[-72.195084000380774,43.792328000293395],[-72.194595999585829,43.792953999766162],[-72.194366000330376,43.793311999825917],[-72.19404599976491,43.793694000277718],[-72.193756000235027,43.794182000052693],[-72.193756000235027,43.794227999756842],[-72.193664999998404,43.794380000190905],[-72.19355799986829,43.794684999771867],[-72.193526999906169,43.794754000030899],[-72.193146000139635,43.795356999975631],[-72.192931999879391,43.795897999772485],[-72.192901999742176,43.796271999838154],[-72.192717999619163,43.796752999794592],[-72.192443999982771,43.797240999876784],[-72.192001000291981,43.798156999882998],[-72.191925000123987,43.798629999828329],[-72.191879000093238,43.798766999780746],[-72.191771999963123,43.798965000288007],[-72.191436000402462,43.79981200027413],[-72.190993999638266,43.800483999876356],[-72.190887000406462,43.800583000284675],[-72.190216000211734,43.801201000107753],[-72.188919000028108,43.802077999775953],[-72.18817099984048,43.802627000178404],[-72.187529999782981,43.802985999723376],[-72.186798000387185,43.8033139997044],[-72.186293999698719,43.803573999833027],[-72.186127000192457,43.803673000307704],[-72.185989000100193,43.804030999685551],[-72.185912999932214,43.804030999685551],[-72.185866999901464,43.804000999758458],[-72.18583699976422,43.803864000137722],[-72.185729999634091,43.803864000137722],[-72.185608000333673,43.804054000289398],[-72.185394000073444,43.804207000078065],[-72.184936000314025,43.804649000147876],[-72.184311000150046,43.80573299970392],[-72.184050999859053,43.806403999805291],[-72.184035999790439,43.806648000154048],[-72.183943999728925,43.80726600012256],[-72.18388299962956,43.807434000191982],[-72.183624000061798,43.808609000124996],[-72.183516999931669,43.809021000037887],[-72.183425999695075,43.809554999972789],[-72.183379999664311,43.810126999938895],[-72.18344099976369,43.810447999750508],[-72.183867999560945,43.811621999793019],[-72.183867999560945,43.811676000281182],[-72.183949999576711,43.811872000322424],[-72.184050999859053,43.812102999985072],[-72.184326000218661,43.812552999801404],[-72.184645999885817,43.812880999758157],[-72.184982000344789,43.813285999849704],[-72.185088999576593,43.813560000285882],[-72.185409000142045,43.814056000139445],[-72.18544000010418,43.814421999747552],[-72.185486000134929,43.814482999680202],[-72.185683999603356,43.814544999739205],[-72.185851999832835,43.814658999742377],[-72.186157000329686,43.815108999745192],[-72.186553999989712,43.815765000245705],[-72.186798000387185,43.816115999910629],[-72.186919999687603,43.816299000164186],[-72.187468999683603,43.817337000223993],[-72.187606999775866,43.818008000247573],[-72.187835000279819,43.818596000264961],[-72.188277999970609,43.819305000012896],[-72.188476000337303,43.819587999695962],[-72.18873599973,43.820266999795905],[-72.188949999990243,43.821189999872225],[-72.188949000165337,43.821318999985081],[-72.188934000096722,43.821799999847805],[-72.188934000096722,43.822265000073436],[-72.188796999829364,43.822844999899274],[-72.188522000368067,43.823288000135399],[-72.188324000001359,43.823479000108129],[-72.18821699987123,43.823631000006088],[-72.18769800001246,43.824531000084811],[-72.187545999676487,43.824669000279783],[-72.187484999577123,43.824790999885856],[-72.18721000011584,43.825134000194218],[-72.186844000417935,43.825965999869744],[-72.186507999958948,43.826629000240295],[-72.186324999660854,43.826926999922996],[-72.186126000367537,43.827201999956529],[-72.185654000364437,43.827957000203845],[-72.184753000015931,43.82908600003482],[-72.183853000390656,43.830222999952625],[-72.183639000130412,43.830444000037986],[-72.183333999633561,43.831145999684132],[-72.183090000134399,43.831627000074846],[-72.182769999568961,43.832610999682679],[-72.182632000375008,43.832984999935761],[-72.182617000306394,43.833144999917295],[-72.182571000275644,43.833357999915627],[-72.182449000076915,43.834121000235442],[-72.182449000076915,43.834297000081328],[-72.182586000344259,43.835014000045739],[-72.182601000412859,43.835631999999705],[-72.182692999576062,43.83617400032395],[-72.182952999867069,43.837249000241101],[-72.182906999836291,43.837700000193962],[-72.183044000103649,43.838530999869221],[-72.183105000203028,43.83913399979572],[-72.183227000401757,43.840109999999314],[-72.183273000432507,43.840316000164655],[-72.183273000432507,43.840407999757126],[-72.183379999664311,43.84093400028074],[-72.18344099976369,43.841049000177769],[-72.183501999863068,43.841125000157099],[-72.183562999962419,43.841163000110456],[-72.183410999626446,43.841331000057529],[-72.183409999801555,43.841568000138743],[-72.18331899956496,43.842285000204299],[-72.183241999572061,43.842597999781951],[-72.183090000134399,43.843116000163853],[-72.183029000035049,43.843382999876056],[-72.18296799993567,43.844161999909105],[-72.183090000134399,43.84468000031648],[-72.183258000363907,43.844985999944626],[-72.183363999770805,43.845198999788238],[-72.183639000130412,43.845717999927551],[-72.18388299962956,43.846327999962362],[-72.184188000126397,43.847022999881958],[-72.184234000157161,43.847167999986176],[-72.184646999710708,43.847892000124908],[-72.184890000283275,43.848426000303192],[-72.185118999713822,43.849181999856143],[-72.185409000142045,43.849615999960832],[-72.185805999802085,43.85012000017349],[-72.186415999897449,43.851181000292421],[-72.186476999996813,43.851478000242736],[-72.186553999989712,43.851684000022267],[-72.186599000195557,43.851898000127839],[-72.186706000325685,43.852110999906287],[-72.186812999557489,43.852317000090594],[-72.186844000417935,43.85239400016863],[-72.187231999857133,43.85315599979576],[-72.187636999913082,43.854011000219003],[-72.187759000111839,43.854453999731206],[-72.188033999573136,43.855154999828848],[-72.188033999573136,43.855613000194332],[-72.187942000409933,43.855842000029632],[-72.187866000241954,43.856361000191576],[-72.187836000104724,43.856406999940546],[-72.187545999676487,43.857048000101024],[-72.186980999786968,43.857787999988197],[-72.186523000027577,43.858390000133255],[-72.186523000027577,43.858450999829287],[-72.186096000230322,43.859100000110899],[-72.185861000053663,43.859507999730447],[-72.185608000333673,43.859947000205153],[-72.185394000073444,43.860359000133066],[-72.185332999974065,43.860518999897273],[-72.185180999638106,43.860846999917477],[-72.185118999713822,43.861007000315134],[-72.185057999614457,43.861396000163047],[-72.184982000344789,43.861846000172477],[-72.184982000344789,43.861945999929212],[-72.184998000238323,43.862098000300414],[-72.185057999614457,43.862350000010842],[-72.185057999614457,43.862555999800229],[-72.185028000375539,43.862890999808407],[-72.184997000413389,43.863067000276459],[-72.184936000314025,43.863425999774904],[-72.184783999978066,43.863822000105799],[-72.184615999748573,43.864143000053012],[-72.184418000280175,43.864471000213186],[-72.184265000119296,43.86465399987955],[-72.184050999859053,43.864828999682743],[-72.183853000390656,43.864936000208623],[-72.183486999794439,43.865188000228308],[-72.183243000295278,43.865309999896283],[-72.182845999736955,43.865523999676896],[-72.182617000306394,43.865608000052674],[-72.182265999778807,43.865737000006142],[-72.18199100031751,43.865852000010392],[-72.181838999981551,43.865905000039078],[-72.181471999560415,43.865997000319048],[-72.180816000332598,43.866119000274267],[-72.180145000137884,43.866187000278956],[-72.179793999610283,43.866187000278956],[-72.179198999583534,43.866256000175824],[-72.178709999861994,43.866331999772726],[-72.178160999866009,43.866347999914119],[-72.177780000099489,43.866369999858634],[-72.177246000172104,43.866370999826529],[-72.177031999911861,43.866363000083254],[-72.176513000053092,43.866378000248631],[-72.1762390004167,43.86639299976256],[-72.175841999858363,43.866378000248631],[-72.175598000359201,43.866370999826529],[-72.175414000236188,43.86639299976256],[-72.175123999807951,43.866462000068644],[-72.17471200007931,43.866569000253911],[-72.174239000251291,43.866736999884964],[-72.17375100035467,43.866949999765701],[-72.173568000056562,43.867034000074959],[-72.173050000022712,43.867217000292563],[-72.172865999899685,43.867278000024342],[-72.17237800000305,43.867446000247647],[-72.172209999773571,43.867484000271091],[-72.171966000274409,43.867538000092239],[-72.171644999884037,43.867576000056978],[-72.171493000446404,43.867622000220472],[-72.171218000086782,43.867758999905824],[-72.170958999620694,43.867888999680112],[-72.170485999792675,43.868101999977746],[-72.170272000430757,43.868178999749048],[-72.169798999704426,43.868338999897738],[-72.169601000236014,43.868385000120035],[-72.169082000377244,43.868552999813765],[-72.168562999620164,43.868719999753189],[-72.16816599996011,43.868942000290048],[-72.167967999593415,43.869040999877754],[-72.167907000392361,43.869108999787159],[-72.167877000255118,43.869163000079013],[-72.167967999593415,43.869482999844941],[-72.16799899955555,43.86965099968198],[-72.168135999822908,43.870162000215089],[-72.168319000121002,43.870512999893343],[-72.168426000251131,43.87068100006509],[-72.168487000350481,43.870794999703769],[-72.168547999551535,43.870901999882051],[-72.168654999681664,43.871169000191195],[-72.168733000397793,43.871274999812421],[-72.169019999554635,43.8716659997664]]]},"properties":{"NAME":"Orange County","BASENAME":"Orange","GEOID":"50017","STATE":"50","COUNTY":"017"}},{"type":"Feature","geometry":{"type":"Polygon","coordinates":[[[-73.017089999940467,43.804859999987258],[-73.017105000009067,43.804920000260218],[-73.017294999979882,43.805665000142561],[-73.017404999584727,43.806094999726795],[-73.017500999844202,43.806445999824746],[-73.017568999616245,43.806691999993966],[-73.017782999876502,43.807537999689444],[-73.017915999945899,43.808079999699871],[-73.018057000411204,43.808659999882821],[-73.018073000304739,43.808720999866502],[-73.018289000214793,43.809530000293599],[-73.018429999781802,43.810057000314274],[-73.01848500003338,43.810217000169182],[-73.018628999973416,43.810724999703751],[-73.018747999799103,43.811177000021225],[-73.018901999784902,43.811734999954439],[-73.018926999899264,43.811841999795519],[-73.018987999998615,43.812110999875998],[-73.019029999831417,43.812292999860148],[-73.019235999695738,43.813046999812556],[-73.019311000038812,43.813331000194538],[-73.019566000306938,43.814303000273362],[-73.019690000155478,43.814767999900141],[-73.01987299955529,43.815443000317543],[-73.020500000267404,43.81771299987642],[-73.020585999582806,43.818074999887074],[-73.020691999888029,43.818467000102196],[-73.020793000170372,43.818854999870815],[-73.020876000011043,43.819176000085577],[-73.020921000216887,43.819349000250909],[-73.020947999981061,43.819448999964266],[-73.021077999677402,43.819932000181858],[-73.021111000187688,43.819970000019779],[-73.021156000393532,43.820133000175865],[-73.021331000295703,43.820791000095113],[-73.021507999847728,43.821510999847881],[-73.021672999704151,43.822128000216033],[-73.021774999811413,43.82252900024141],[-73.021830000062977,43.82273400012388],[-73.021881999941542,43.822924999924687],[-73.021958999934427,43.823213000165659],[-73.022103999699382,43.823753999823523],[-73.022271999928876,43.824379999909908],[-73.022427999564471,43.825000999845692],[-73.022697000076306,43.826041000269328],[-73.022969999887778,43.827090999857447],[-73.023157000383847,43.827806000270307],[-73.023374000118821,43.828663999699678],[-73.023521000431913,43.829203999914149],[-73.02381299961165,43.830242999765296],[-73.023861000190536,43.830427000060467],[-73.024158000291465,43.831713999951091],[-73.024185000055638,43.831836000063028],[-73.024353000285146,43.832475000128795],[-73.024424000430244,43.832747000222632],[-73.0247109995871,43.833845999680179],[-73.02537500010915,43.836447000227373],[-73.026069999694997,43.839190999998969],[-73.026735000041967,43.841712999896465],[-73.026782999722542,43.841894999705751],[-73.026832999951253,43.842113000149148],[-73.026838999799025,43.842139000166704],[-73.026858999890507,43.842139000166704],[-73.027227999961468,43.842120999906562],[-73.0276740000253,43.842122000281094],[-73.028105999845423,43.842118000078656],[-73.028622000229461,43.842070999947339],[-73.029021000437638,43.84200199992187],[-73.029360000371355,43.841920000088336],[-73.029582999954116,43.841848999777916],[-73.029597000197811,43.841843999825869],[-73.029844000070028,43.841753999969605],[-73.030120000254541,43.841659000010011],[-73.030512999716635,43.841499999916486],[-73.030572999991065,43.841475000005886],[-73.030803999969763,43.841381999728007],[-73.030819999863269,43.841400999949862],[-73.030982000244975,43.841600999837532],[-73.031436999631339,43.842160999973316],[-73.033082999794416,43.844189000021409],[-73.032081999886813,43.844717999949133],[-73.032052999574489,43.8447210002942],[-73.031400999646337,43.844789000084539],[-73.030987000267857,43.844831999997659],[-73.030922999795436,43.84483899970941],[-73.030865999894047,43.84484499973933],[-73.030814000015496,43.844850999768596],[-73.030090999942232,43.84492700008763],[-73.030089000292421,43.844955999859948],[-73.030056999607041,43.845321000189486],[-73.030054000132324,43.845357000069072],[-73.029937999781353,43.846716000039699],[-73.030613999998963,43.846697000214888],[-73.034475000412598,43.846589999997413],[-73.034697000170453,43.846584000143011],[-73.034717000261935,43.846582999843292],[-73.034783000384195,43.846580999891685],[-73.034796999729579,43.846580999891685],[-73.042435999817883,43.846367999799845],[-73.042594999826534,43.846363999882094],[-73.042826999630137,43.846356999701413],[-73.043055000134075,43.84635099982362],[-73.051705000175744,43.846108000052986],[-73.057071000287166,43.845920000217795],[-73.05720699983128,43.845914999959106],[-73.07797699961769,43.845110999811212],[-73.084258000321327,43.84487000018138],[-73.084438000246379,43.844862999825416],[-73.088416999762487,43.844711999906444],[-73.089130999614923,43.844681999683971],[-73.090922000441267,43.844613999771667],[-73.092564000406398,43.844551999841237],[-73.0966400000069,43.844456000114434],[-73.101002999662569,43.844354000154432],[-73.104183999660634,43.844287000206528],[-73.106115000229082,43.844245000239454],[-73.126204999599935,43.843549999700123],[-73.133363000362621,43.843290999687916],[-73.142656000111614,43.842954999992784],[-73.142816999770091,43.842946999699294],[-73.147787000046378,43.842716000156969],[-73.147942999682002,43.84270999991292],[-73.14812500015519,43.842704000316182],[-73.148291999661438,43.842696999706043],[-73.152457999673629,43.842495999884676],[-73.156172999599093,43.842313999965057],[-73.156136999614077,43.842153999947392],[-73.155714000014783,43.840265999988596],[-73.15558000012048,43.839665999790981],[-73.155661000311341,43.839662999839625],[-73.155743000327092,43.839659999888127],[-73.157561999844219,43.839592999851952],[-73.157872000363923,43.839581999800181],[-73.157967999725088,43.839578000075335],[-73.158231000389137,43.839567999790205],[-73.168816000298889,43.839179000097083],[-73.171302999637717,43.839086999905447],[-73.184433000409214,43.838602000240485],[-73.184651999794013,43.838594000011213],[-73.185191999569184,43.838573999757351],[-73.187067000061106,43.838503999788024],[-73.189882000361322,43.838401000229887],[-73.192469000157558,43.838306999905477],[-73.194707999799249,43.838220999713386],[-73.200847000212647,43.837995000290213],[-73.202381000222744,43.837935000202116],[-73.206657999664685,43.83776800021154],[-73.207214000231701,43.837746999880856],[-73.20980900042386,43.837645999915203],[-73.212200000401509,43.837551999697318],[-73.212602000084416,43.837537999859002],[-73.218919999699651,43.83729199975722],[-73.218955999684667,43.837290999949673],[-73.218933000118454,43.837151999968178],[-73.218699999591621,43.835742999766417],[-73.217866000088591,43.830687000102181],[-73.217758000133557,43.830033000101793],[-73.217429000245588,43.828183000055894],[-73.217275000259818,43.827314999798674],[-73.217074000418336,43.826182000195097],[-73.216556000384486,43.823264999809034],[-73.216539999592655,43.823172000315211],[-73.216164999673936,43.821055000299729],[-73.215778000059643,43.819005000295029],[-73.215111999887768,43.815465999768122],[-73.214158999660725,43.810382999849239],[-73.214147999790072,43.810327999877465],[-73.214110000155245,43.810116999904949],[-73.212807000123831,43.803092999677901],[-73.212449999748443,43.801046000219777],[-73.211483000176017,43.795509000131631],[-73.211477000328244,43.795473999869756],[-73.21138699991657,43.794958999945294],[-73.211374000396077,43.794883000188733],[-73.211333000388208,43.794647000055669],[-73.211233999755692,43.794088000124219],[-73.21102299986849,43.79290099976344],[-73.210490999590931,43.789891999815339],[-73.210483999918225,43.789854000293872],[-73.209755999822093,43.7857519999611],[-73.209750999799226,43.785722999958196],[-73.209744000126534,43.785682999685086],[-73.209442999827644,43.784022000041602],[-73.209257000054805,43.782991000015087],[-73.209238999613149,43.782890000154623],[-73.209221999894709,43.782797000048667],[-73.209206000001174,43.782705999944454],[-73.209142000427093,43.78235800005708],[-73.209043999619496,43.781817999710235],[-73.20903399957372,43.781753999879108],[-73.209030000274083,43.781738999837856],[-73.208708999883711,43.779964999849462],[-73.206322000104024,43.766775000306204],[-73.206363999936826,43.766771000244994],[-73.212038000019817,43.766260000280241],[-73.212444999725591,43.766222999709626],[-73.21288199956858,43.766183999714535],[-73.215367000155894,43.765960000148723],[-73.215843000356955,43.76591699986389],[-73.220452000059908,43.765500999721297],[-73.222237000140169,43.765336000271652],[-73.223104000153484,43.765252000152898],[-73.2235200000801,43.765211999807768],[-73.223921999762993,43.765174000168727],[-73.224498000421505,43.765119000102111],[-73.224807000217993,43.765089999822493],[-73.225280999870918,43.765045000121418],[-73.225624999827502,43.765012999996209],[-73.229927000282103,43.764606000194576],[-73.230766999632934,43.764527000288325],[-73.231376999728283,43.764468999789855],[-73.234284999914905,43.764194999985421],[-73.234318000425176,43.764192000134528],[-73.235725000213677,43.764059000322021],[-73.237930000418487,43.763842999801369],[-73.238044000221294,43.763832000066337],[-73.23912100029689,43.763726000274985],[-73.245094000130635,43.763140999859445],[-73.249518999710588,43.762777000274824],[-73.252190000070726,43.762605999938884],[-73.252753000310435,43.76255600021117],[-73.257885999895024,43.762104999714708],[-73.258279000255428,43.762070999775354],[-73.258618000189131,43.762041000194493],[-73.258897999673309,43.762016000099763],[-73.259162999987183,43.761991999765428],[-73.259239999980068,43.761985000071576],[-73.259496999898005,43.761962000144955],[-73.259602000378308,43.761953000255843],[-73.259700000287623,43.761943999716628],[-73.261308999742454,43.761800999762052],[-73.261611999691155,43.761774000018086],[-73.261754999806286,43.761760999704521],[-73.261914999639856,43.761747000261934],[-73.261995999830702,43.761739999890672],[-73.262076000196643,43.761733000167339],[-73.262220999961599,43.76171999984485],[-73.262256000121695,43.761716999869812],[-73.262283999710789,43.761713999894674],[-73.262457999788069,43.76169800024087],[-73.26277900017844,43.761669000249228],[-73.262830000232071,43.761664000070269],[-73.262877000087713,43.761660000316034],[-73.262923000118491,43.76165599991279],[-73.264048999699568,43.761556000125189],[-73.264204000408583,43.761541999985887],[-73.26444899973265,43.761520000316452],[-73.26462399963485,43.761503999962017],[-73.264787999666368,43.761489000031261],[-73.265892000404449,43.761391000175138],[-73.266056000435995,43.761376000216089],[-73.266150000147306,43.761367000238877],[-73.266273000170969,43.761356000048593],[-73.266390000346831,43.761344999856291],[-73.266509999997425,43.761334000310761],[-73.266545000157521,43.761331000316417],[-73.266633000021073,43.761323999896426],[-73.26674900037203,43.761314000129218],[-73.270075000135066,43.761015000283649],[-73.270813000276959,43.760949000020908],[-73.272281999989715,43.760822999965988],[-73.272887999887118,43.760770999814483],[-73.278741999895175,43.760268999995276],[-73.278865999743743,43.760258000251923],[-73.27984499991004,43.76017700019208],[-73.280367999966771,43.760132999841261],[-73.280480000119752,43.760123999677063],[-73.280593000097682,43.760115000160269],[-73.281113999606262,43.760072000215601],[-73.282984000075331,43.759914999808188],[-73.300474000129455,43.758385000071776],[-73.305950999670628,43.757901000050495],[-73.311235999591204,43.757451999842708],[-73.311264999903528,43.757449000302508],[-73.311312999584118,43.757445000266543],[-73.313989999792042,43.757219000070279],[-73.314587000366927,43.75716899973353],[-73.316719999703423,43.756985000184912],[-73.319113000229208,43.756792000053885],[-73.319160000084878,43.756787999974001],[-73.321659000017576,43.756581999715181],[-73.325630000036071,43.756255000074809],[-73.327003000387677,43.756137000115046],[-73.336243000433228,43.755339000317015],[-73.345901000055207,43.754560000214092],[-73.347664000394147,43.754406999857849],[-73.350231999923821,43.754183000318648],[-73.351028999616929,43.75411300004734],[-73.351717000428422,43.754053000027731],[-73.353499000135628,43.753897999860847],[-73.353816000328038,43.753869999888344],[-73.354676999595242,43.753794999712106],[-73.355033999970615,43.753763999966537],[-73.355142999750569,43.753754000233542],[-73.355408999889349,43.753730999738302],[-73.355479000209556,43.753725000284746],[-73.35858300021475,43.753453999680836],[-73.362027999803473,43.753153000301239],[-73.36206200013865,43.753149999896657],[-73.36242600018673,43.753117999897867],[-73.36282299984677,43.753084000042598],[-73.363336999682659,43.75258299989774],[-73.364402999887602,43.751356000320278],[-73.364626000368673,43.750971000068269],[-73.365069999884383,43.750537999820921],[-73.365254000007397,43.750017999683408],[-73.365259000030278,43.750004000088929],[-73.365833000140626,43.749781000267099],[-73.365943999570376,43.749738000034192],[-73.366218000105093,43.749096999917256],[-73.366882999553738,43.7476609997655],[-73.367338999663289,43.747127000322926],[-73.367653000380983,43.74664100004351],[-73.368075999980277,43.746091000004455],[-73.368446999701035,43.74570999980272],[-73.369034000230187,43.745093000013185],[-73.369283999577121,43.74483399995249],[-73.369610999815265,43.744468999908975],[-73.369784000067639,43.744226000180454],[-73.36994399990121,43.743854999880703],[-73.370037999612549,43.74339599990526],[-73.370160999636184,43.742769000007691],[-73.370331000413799,43.742229999902129],[-73.370410000056538,43.740893999946366],[-73.370567000415377,43.738230999727087],[-73.370723999875878,43.735570000269959],[-73.370708999807263,43.735078000257914],[-73.370470000330982,43.734392000200913],[-73.370409000231618,43.734164000107242],[-73.370379000094388,43.734054000036352],[-73.370343000109386,43.733755000297712],[-73.370241000002125,43.733447999681403],[-73.370250000222967,43.733213999677012],[-73.370347000307348,43.732736999782347],[-73.370091000214316,43.729765999973559],[-73.369984999909093,43.729072000117057],[-73.369916000312116,43.728789000189977],[-73.36992600035785,43.728531000036305],[-73.369978000236415,43.728109999910302],[-73.370073999597565,43.727665999946723],[-73.370201999644067,43.726906000271889],[-73.370362000375962,43.726032999710334],[-73.370611999722883,43.725329000158737],[-73.37081000008962,43.725071000032969],[-73.3711409996274,43.724793999785746],[-73.371460000367946,43.724437999961232],[-73.371511000421577,43.724368999712176],[-73.371909999731429,43.723822000147273],[-73.372582999575997,43.723253000029409],[-73.372888999897739,43.722862000220182],[-73.373033999662695,43.722676999954096],[-73.373529999955252,43.722157999758657],[-73.373904999873972,43.721816999989684],[-73.374560000175194,43.720974999786534],[-73.374760000191714,43.720770999899564],[-73.375007999888837,43.720517999991372],[-73.377756000241874,43.717712999771358],[-73.377989999695302,43.717520000273005],[-73.378402000322254,43.717222000321065],[-73.378658000415285,43.716981000140997],[-73.378947000120306,43.716754999748822],[-73.379315000366319,43.716489999886726],[-73.379838000423049,43.71615999973092],[-73.380516000290484,43.715773999847507],[-73.381027999578237,43.715412000267776],[-73.381485000411047,43.715185999801534],[-73.382306000393612,43.714560999783004],[-73.382964999994456,43.714059000035334],[-73.383118999980255,43.713929000268784],[-73.383888999909189,43.713281000323121],[-73.383977999597647,43.713205999943092],[-73.385147999559663,43.712077999996325],[-73.385336999705544,43.71190900017767],[-73.385493000239478,43.7117559999039],[-73.385883000226812,43.711337000002374],[-73.386263999993318,43.710885999923555],[-73.387729000406438,43.709078000065105],[-73.387743999576742,43.709056999949937],[-73.388011000438752,43.708695000055492],[-73.388167000074347,43.70850900018862],[-73.388391000380338,43.707969000153639],[-73.388502999635008,43.707647000063744],[-73.388521999901585,43.707486999726648],[-73.388536999970214,43.707364000228353],[-73.388639000077447,43.706654999920772],[-73.38876200010111,43.706405000304684],[-73.38896200011763,43.706203000274037],[-73.38925099982265,43.706017999873865],[-73.389506999915682,43.705913999766757],[-73.389807000389652,43.705720999932879],[-73.390118999660871,43.705350000064712],[-73.390331000271303,43.705020000258422],[-73.390643000440818,43.704664999914421],[-73.39104400029882,43.704198000198595],[-73.39141199964655,43.703884000070005],[-73.391789999938297,43.703480999970552],[-73.392203000390182,43.702795999894484],[-73.392471000178787,43.70239300027427],[-73.392759999883779,43.70203799995997],[-73.392928000113287,43.701731999932129],[-73.393005999931091,43.701410000109497],[-73.393225000214187,43.700612999679834],[-73.393354000085623,43.700143999913728],[-73.393477000109272,43.699828999823936],[-73.393600000132935,43.699539000247135],[-73.393723000156569,43.699200000045337],[-73.393923000173118,43.69885399994353],[-73.394725999713998,43.697677000262416],[-73.395059999624863,43.697330999815271],[-73.395516999559334,43.696830999711423],[-73.395795000292011,43.696590000019413],[-73.39630699957975,43.696041999949607],[-73.396951999835224,43.695525999686524],[-73.39698699999532,43.695503999788095],[-73.397330999951905,43.695292999879847],[-73.397432000234247,43.695226000317],[-73.397864999879303,43.694938999985261],[-73.39804300015453,43.694809999911442],[-73.398331999859536,43.694625000076563],[-73.399876999740272,43.694029999897744],[-73.400455000048581,43.693822000129217],[-73.400936000272523,43.69361100014838],[-73.401110000349803,43.693540999861412],[-73.401284000427054,43.693471000142317],[-73.401561000436502,43.693359000161983],[-73.402194999922997,43.693011000233859],[-73.402861999919764,43.692524000245889],[-73.402901000277851,43.692494999871101],[-73.403290000440265,43.69213199970492],[-73.40370200016892,43.691649000258813],[-73.403913999881027,43.691407000226135],[-73.404739000061554,43.690213999951361],[-73.404973000413264,43.689763000094402],[-73.405107000307567,43.689254999807922],[-73.40516400020897,43.688826999986361],[-73.405185999950291,43.688705999920082],[-73.405231000156121,43.68851299990515],[-73.405242999851694,43.688367999885898],[-73.405154000163236,43.688060999893501],[-73.405021999918773,43.687737999696957],[-73.404899999720016,43.687528000112245],[-73.404611999839929,43.687189000215007],[-73.404279999578904,43.68673699997008],[-73.404026000034008,43.686405999970098],[-73.403925999576586,43.68621999980833],[-73.40379400023042,43.685872999774034],[-73.403672999856596,43.685534000267644],[-73.403646999917328,43.685447999754757],[-73.403518000045906,43.685033000139533],[-73.403475000388198,43.684695000195852],[-73.403508999825064,43.684477000275145],[-73.403508999825064,43.684410000322153],[-73.40350999964997,43.68397700018847],[-73.403588000366099,43.683727000206389],[-73.403969000132605,43.682436000026549],[-73.404057999821063,43.682001000322579],[-73.404103999851813,43.681524999856642],[-73.40412700031635,43.681339999970753],[-73.404226000050556,43.681109999738553],[-73.407007999840459,43.674623999731182],[-73.407273999979239,43.674003000209723],[-73.407304999941388,43.673848000123179],[-73.407319000185097,43.673777000218131],[-73.407442000208732,43.673429999684231],[-73.407586999973688,43.673083999698818],[-73.407643999875106,43.672842000138417],[-73.407680999685013,43.672751999779102],[-73.407776999944488,43.672518999867897],[-73.407878000226816,43.672164000087825],[-73.407923000432675,43.671867000102651],[-73.407945999998887,43.671712999676082],[-73.407947999648712,43.670687999722141],[-73.407944000349076,43.67056400011289],[-73.407926999732325,43.67007499980636],[-73.407995000402693,43.669736000053931],[-73.408062000349844,43.669437999732878],[-73.408341000009102,43.668987000279422],[-73.408597000102148,43.668470999891873],[-73.408808999814255,43.668107999900435],[-73.409444000023967,43.666841999807225],[-73.409733999553893,43.666559999799588],[-73.410178999792819,43.665681000269096],[-73.410803000131878,43.664472000168189],[-73.410981000407105,43.664149999796599],[-73.41128199980767,43.663537000043],[-73.41143900016651,43.663117999803042],[-73.41194100030684,43.661980999861697],[-73.412107999813102,43.661658999776201],[-73.41280900014506,43.660763999991573],[-73.413168000170273,43.660338000016871],[-73.413676999983309,43.659732999810331],[-73.413873999626787,43.65937899997855],[-73.414021999764785,43.659112000239254],[-73.414312000193021,43.658620000282575],[-73.414545999646421,43.658208999851588],[-73.415026000045472,43.656911000213157],[-73.415092999992623,43.65671000007903],[-73.415115999558836,43.656427999920737],[-73.415104999688168,43.656217999938143],[-73.415139000023373,43.655878999920738],[-73.415150999718932,43.655588999730952],[-73.415217999666069,43.655323000288647],[-73.415262999871928,43.654870999819387],[-73.415274999567487,43.65458099996119],[-73.415231999909778,43.654234000242496],[-73.41518800042715,43.65392699978436],[-73.415199000297818,43.653677000049299],[-73.41518900025207,43.653467000195519],[-73.415267000069889,43.653234000170009],[-73.415323000146373,43.653000000249946],[-73.415411999834845,43.652724999684033],[-73.415513000117159,43.652451000108364],[-73.415679999623435,43.652218000040826],[-73.415847000028023,43.651887000064335],[-73.415981999747231,43.651697000198247],[-73.418396000189432,43.648283999908109],[-73.418573999566334,43.648050999924905],[-73.418762999712229,43.647880999991749],[-73.419017999980369,43.647687999966237],[-73.419385000401476,43.647487000162855],[-73.41977399966558,43.647333999978052],[-73.420129000391142,43.647173000204049],[-73.420644000051965,43.64697199997741],[-73.420807000258577,43.646908000278245],[-73.421605999601496,43.646578000036321],[-73.422538999737071,43.646134999796082],[-73.423138999786687,43.645893999907379],[-73.423538999819769,43.645676999854693],[-73.424026999716389,43.645402999977371],[-73.424305000449067,43.645152999862475],[-73.424594000154059,43.644903999782564],[-73.424861000117758,43.644661999726225],[-73.425216999769901,43.644290999855571],[-73.42560599993233,43.643726999892849],[-73.426029000429949,43.643186999683095],[-73.426246999989829,43.642876999885601],[-73.426296000393648,43.642808000023422],[-73.426462999899897,43.642598999683962],[-73.426630000304485,43.642098999778462],[-73.426708999947209,43.641662999766886],[-73.426775999894346,43.641453000162059],[-73.426799000358884,43.64132899997643],[-73.426831999970858,43.641146999869591],[-73.426866000306035,43.640905000281009],[-73.426910999613568,43.640670999784042],[-73.426954999994493,43.640525999877241],[-73.427045000406181,43.640283999737548],[-73.427233999653751,43.639823999675286],[-73.427334000111173,43.639525999756323],[-73.42754599982328,43.639074999893104],[-73.427647000105623,43.638832999760091],[-73.427714000052774,43.638574999914908],[-73.427880999559022,43.638235999779802],[-73.428037000092957,43.637896999682432],[-73.428504999898109,43.636817000128723],[-73.428582999715914,43.636543000150283],[-73.428595000309784,43.636379000310541],[-73.428617000051105,43.636075000026331],[-73.428584000439159,43.635913000059439],[-73.428495999677267,43.635695999712361],[-73.428418999684382,43.635452999690997],[-73.428285999614985,43.63525199990994],[-73.428075999552718,43.634847999746079],[-73.427987999689151,43.634613999715739],[-73.42790999987136,43.634428000275285],[-73.426913999986596,43.63314399990611],[-73.426581999725599,43.63276499996168],[-73.425519999718617,43.631634000068772],[-73.425492000129509,43.631602000185296],[-73.424866999965531,43.630883000261754],[-73.424557000344137,43.630519999949222],[-73.423505000382889,43.629389000072209],[-73.422542000110113,43.628225999989667],[-73.419898000412459,43.625064999676539],[-73.418689999917291,43.623732999957625],[-73.418320000021453,43.623324999856912],[-73.417822999903976,43.622500999918941],[-73.417771000025454,43.622226000196932],[-73.417668999918206,43.621687000058195],[-73.417719999971823,43.621332000174739],[-73.417827999926857,43.620586000009531],[-73.418051000407928,43.62024500012653],[-73.418488000250917,43.619579999854615],[-73.418663000153117,43.619313000086635],[-73.420527999701008,43.616741999788495],[-73.423665000216474,43.612416999939896],[-73.423708999699087,43.612356999824435],[-73.423744999684089,43.612154000214908],[-73.42379200043807,43.611890999990266],[-73.42384299959339,43.611448999962484],[-73.423815999829202,43.610990000022689],[-73.423312000039047,43.609631999727426],[-73.423071000014616,43.608982000204001],[-73.422371000405903,43.607094000197783],[-73.42215499959751,43.606512000136426],[-73.421717999754506,43.604480999894818],[-73.421615999647273,43.603023000021679],[-73.422420999736289,43.601556999872983],[-73.424739999743935,43.599033000252632],[-73.42497699957039,43.598775000015614],[-73.426882000199569,43.595214999685247],[-73.428280999592118,43.593410000059798],[-73.429455999577016,43.59189400025474],[-73.429675999685045,43.591550000303087],[-73.429708000370411,43.591499000311266],[-73.430325000138467,43.590532000120547],[-73.430996000333195,43.589129000212843],[-73.431228999961704,43.588285000170039],[-73.430947999754309,43.587035999896308],[-73.429778999617199,43.585274000092561],[-73.428637000142587,43.583994000102997],[-73.426698999901447,43.582992999687093],[-73.426663999741365,43.582975000159813],[-73.424933999912682,43.582649000270095],[-73.423910000438838,43.582456000303914],[-73.422158999795471,43.582130000206696],[-73.420383999760972,43.581494999718039],[-73.42037500043844,43.581486000056486],[-73.419505999876975,43.580561000119317],[-73.419313000431458,43.580354999995158],[-73.4188459995529,43.579667999844027],[-73.418631000366062,43.57935300002945],[-73.418319000196533,43.579028000270107],[-73.418200000370845,43.578904000167903],[-73.417890999676047,43.578583000197078],[-73.417164000303146,43.577913999745256],[-73.416965000111489,43.577731000034113],[-73.416853999783413,43.577673000301203],[-73.411933999735822,43.575070999738664],[-73.411573000060812,43.574864999704808],[-73.408715000102916,43.573236999921242],[-73.408057000326977,43.57286199985203],[-73.407402999850675,43.572277999943481],[-73.405630000364297,43.571179000208275],[-73.404763000350982,43.570818000128469],[-73.404586999725581,43.570718000183383],[-73.403911000406282,43.570331000230652],[-73.403635000221769,43.570297000188305],[-73.403051999890579,43.570222999800045],[-73.402151000440384,43.569545999775983],[-73.400769999692855,43.569021000304346],[-73.400296000039916,43.56888899991808],[-73.399917999748141,43.568819999748996],[-73.398125999995202,43.568065000139256],[-73.39766300021293,43.567991000263071],[-73.397545000212162,43.567971999752494],[-73.397120000064717,43.567904000239658],[-73.396207999845572,43.567949999975923],[-73.395767999629498,43.568086999873778],[-73.395422000023089,43.568590000133156],[-73.395390000236048,43.56906999969361],[-73.395169000303113,43.569618999968654],[-73.394886000445894,43.569710000316775],[-73.39397400022672,43.569595000039889],[-73.393119999733884,43.569600999697563],[-73.392476000201654,43.56976399971451],[-73.39200500002346,43.569898999949643],[-73.391768000197004,43.570056999917654],[-73.391672999762434,43.57011999971516],[-73.391579000051109,43.570247999844632],[-73.391446999806632,43.570454000051285],[-73.391343999874479,43.570851000171523],[-73.391380999684387,43.571171000006402],[-73.391531000370549,43.571608999733243],[-73.391666000089742,43.571902000072569],[-73.391793000311353,43.572179000153213],[-73.39191299996196,43.572533999869442],[-73.391931000403616,43.572722999752109],[-73.391891000220639,43.57294899987302],[-73.391426999715151,43.573610000289122],[-73.39079400005356,43.574183000244659],[-73.390065999957429,43.574528999811918],[-73.389741000267421,43.574683000131124],[-73.389287999632572,43.574741000140811],[-73.388828000223342,43.574717000300652],[-73.387979999578292,43.574697000318139],[-73.387310999931685,43.574668000299091],[-73.386125999901054,43.574799000094629],[-73.384935000022651,43.575114000304509],[-73.384339000170982,43.575397999940698],[-73.383888000084283,43.576064000204639],[-73.383536999556668,43.576717999762678],[-73.383360999829577,43.57704899984288],[-73.383284999661598,43.577200000124492],[-73.383125999652947,43.577688000035508],[-73.382861000237384,43.578565000002065],[-73.382761999604867,43.578776000214368],[-73.38271099955125,43.579195999938221],[-73.383414000431344,43.580549999928301],[-73.384495999631511,43.581553000324448],[-73.384897000387809,43.582054999872724],[-73.385108000274997,43.582455000140627],[-73.385251000390141,43.583030999683722],[-73.385251000390141,43.583262999759434],[-73.385143000435107,43.583362999695794],[-73.385053999848338,43.583445000079294],[-73.384721999587313,43.583776999760403],[-73.384559000279012,43.58390500014405],[-73.38392200041946,43.584368999822821],[-73.383426000126917,43.584727999755344],[-73.383058999705796,43.585220999753673],[-73.382616000015005,43.585625000250509],[-73.382425000219285,43.586062000154506],[-73.382465000402263,43.586577999871039],[-73.382619000388061,43.586864999712041],[-73.38292999983436,43.587076000116646],[-73.38431999990442,43.587333999760418],[-73.385152999582544,43.587702000264265],[-73.386253000122665,43.588410999948877],[-73.38679200007293,43.588960000229115],[-73.387038999945133,43.589462999870797],[-73.386967999800021,43.590408000289649],[-73.38690099985287,43.590770000066726],[-73.386626000391573,43.591018999954386],[-73.386282000434989,43.591251999841262],[-73.385832999998101,43.591425999967065],[-73.385350999949239,43.591499000311266],[-73.384089999750628,43.591414999809466],[-73.383518000188417,43.591308000123583],[-73.382966999644296,43.591387000049878],[-73.382414000348632,43.591576999975118],[-73.382138000164119,43.591823999761942],[-73.38199900024695,43.592025000307558],[-73.381909999660166,43.592241000194079],[-73.381773000291133,43.592486999861684],[-73.381714999666485,43.592963000266835],[-73.381885000444115,43.593288000269581],[-73.382072999866793,43.593584999780248],[-73.382281000279249,43.59386200030518],[-73.382448999610418,43.594159000236019],[-73.382578000380164,43.594494999882464],[-73.382626999885659,43.595029000003017],[-73.382728000168015,43.595450000137127],[-73.383467999959706,43.596693999876699],[-73.383539999929738,43.596799999820163],[-73.383596999831127,43.596975000091604],[-73.383489999701013,43.597366000212212],[-73.382185999844694,43.598265000180341],[-73.381600999863693,43.598487999717918],[-73.381449000426031,43.5985009996771],[-73.381349999793514,43.598504999914198],[-73.381100000446594,43.598407000209001],[-73.380779999881113,43.598228999844956],[-73.380271000068106,43.597904999760495],[-73.379852999593354,43.597935000203037],[-73.379505000337133,43.597944000007558],[-73.378777000240987,43.59815200024795],[-73.377369999554176,43.598397999823128],[-73.377213000093661,43.598572000105406],[-73.377193999827085,43.598815000240812],[-73.377228999987196,43.598961999717801],[-73.377582999989514,43.599460000281965],[-73.377747999845951,43.599656000005872],[-73.377747999845951,43.600067000287794],[-73.377635999692956,43.600228000063481],[-73.377394999668525,43.60042100029348],[-73.377094000267974,43.600550000273898],[-73.37667199959526,43.600790999859406],[-73.37629400020181,43.601114000162589],[-73.375722999566179,43.601523999745631],[-73.375484000089898,43.601702999963031],[-73.374920000025284,43.602113000085744],[-73.374775000260328,43.602213999764821],[-73.374556999802124,43.602365000025024],[-73.373442999916605,43.603292000196937],[-73.372908000164301,43.603887000284992],[-73.372468999773176,43.604847999836842],[-73.372343000274782,43.605374000236353],[-73.372348000297663,43.605485999833867],[-73.372375000061837,43.60601400005261],[-73.373163000432442,43.607247999821745],[-73.374066000430759,43.607979000261871],[-73.374556999802124,43.608150000294607],[-73.37610300040609,43.608663999805522],[-73.376386000263309,43.608824000265258],[-73.376353999577958,43.609099000142265],[-73.376038999933698,43.609303999741144],[-73.375284000073378,43.60955499976437],[-73.375072000361257,43.609754000201896],[-73.374919000200393,43.609897999846424],[-73.374612999878622,43.610131000130885],[-73.374557999627044,43.61017300001636],[-73.374226000264343,43.610197000030688],[-73.374242000157849,43.610859999972824],[-73.374376999877072,43.610889000118384],[-73.374557999627044,43.610927999753798],[-73.37463799999297,43.610985999965287],[-73.37475000014598,43.611067000099851],[-73.375754000426639,43.611796000303954],[-73.376037000283858,43.61211700006487],[-73.376037000283858,43.612596999927021],[-73.375595000417974,43.613351000153635],[-73.374557999627044,43.614678000214134],[-73.374456000418107,43.61476200010884],[-73.372951999646929,43.61600599986464],[-73.371097000144786,43.618109999783655],[-73.369933999855462,43.619093999874138],[-73.369840000144137,43.619392000311969],[-73.369871000106286,43.619712000302989],[-73.370375999721347,43.620351999727838],[-73.371636000095037,43.62140300031912],[-73.372487000214846,43.622752000137346],[-73.372456000252683,43.623665999828276],[-73.372298999893857,43.624078000052954],[-73.371889999639947,43.624490000055076],[-73.371103999817493,43.624756000131597],[-73.370811999739431,43.624750000118432],[-73.368900000335884,43.624710999692887],[-73.368270999973944,43.624585999959287],[-73.367167999959079,43.62362300013298],[-73.36653799977222,43.623463000028728],[-73.365562999803871,43.623440999720998],[-73.363738000438971,43.623921999706596],[-73.359740999582883,43.62447199993403],[-73.359111000294334,43.624599000130985],[-73.35859400008539,43.625065999781938],[-73.35845500016822,43.625415999878001],[-73.357291000053991,43.625905999840292],[-73.356183000016259,43.626040000233282],[-73.356085000106944,43.6260520000016],[-73.354703000432835,43.626243999869814],[-73.354269999889468,43.626189999765664],[-73.353906999666307,43.6261309998252],[-73.353638000052811,43.625926999805174],[-73.353239999669526,43.6251760002175],[-73.352610000381006,43.624085000254915],[-73.35207100043074,43.623585999886643],[-73.351974000346374,43.623484000196747],[-73.351795000246227,43.623294999721054],[-73.351232000006519,43.622502000066994],[-73.350472999948238,43.621882000036472],[-73.349985000051618,43.621632999762326],[-73.349496000330078,43.621497000271404],[-73.348993000364842,43.621465000193453],[-73.348753000165317,43.621457999686378],[-73.348218000413013,43.621708999707231],[-73.347620999838128,43.62250999995009],[-73.347275000231718,43.623584000276871],[-73.346992000374499,43.624155999749163],[-73.346081999805165,43.625065999781938],[-73.345171000309236,43.625864999980671],[-73.344510000160255,43.626277000090241],[-73.344100999906331,43.626367999973596],[-73.343448999978179,43.626439000022707],[-73.342842000255857,43.626506000312723],[-73.342433000001947,43.626323000091347],[-73.342181000106862,43.626070999738168],[-73.341960000173927,43.625464000085287],[-73.341754000309606,43.625065999781938],[-73.341577999684191,43.624739000201039],[-73.340791000036816,43.624635999753892],[-73.340560000058147,43.624639000091349],[-73.340067999963537,43.624646999690086],[-73.338826999856423,43.625065999781938],[-73.338152000362044,43.625373000133912],[-73.338025999965353,43.625441999859582],[-73.337805999857309,43.626094999910201],[-73.337364999816359,43.626324000175813],[-73.336200999702115,43.626643999684781],[-73.33421800015347,43.626919000004918],[-73.33421800015347,43.627285000163084],[-73.334312999689686,43.627422000281548],[-73.334312999689686,43.627880000233276],[-73.334187000191307,43.627994000297846],[-73.333683000401166,43.628017000296055],[-73.333085000001375,43.627765999952487],[-73.332078000245971,43.62717100005429],[-73.331668000167141,43.626507999825243],[-73.331289999875366,43.62607400000406],[-73.330692000373872,43.625937000064553],[-73.328139999839436,43.625917000194406],[-73.328076000265312,43.625916000103153],[-73.327702000171499,43.625913999920677],[-73.326537000232378,43.626166000281813],[-73.325938999832559,43.626463000047863],[-73.325681000089702,43.626650000159202],[-73.32449199986111,43.627514999861241],[-73.323894000359616,43.627630000030564],[-73.322320000166556,43.627538000042776],[-73.320715000011361,43.627264000022372],[-73.319928000364001,43.627333000178403],[-73.319298000177128,43.627653000168095],[-73.318322000383873,43.628499000128173],[-73.317877000144946,43.628499000128173],[-73.317850000380773,43.628499000128173],[-73.317693000021933,43.628430000010191],[-73.317566999625242,43.627355999779333],[-73.317314999730158,43.627081000157943],[-73.316779999977868,43.626784000194135],[-73.315521000327379,43.626554999730217],[-73.314797000429195,43.626144000312983],[-73.3131289996265,43.625512000254254],[-73.313017000371829,43.625065999781938],[-73.312976000363932,43.624770999836826],[-73.312967999968023,43.624716000249066],[-73.312967000143104,43.62470599978657],[-73.312809999784264,43.62460299993316],[-73.311833999991009,43.624229000048508],[-73.311483000361733,43.624155999749163],[-73.311172999842015,43.624091999805778],[-73.310607000127575,43.624114999996493],[-73.3102289998358,43.624229000048508],[-73.309824999604771,43.624687000268793],[-73.309490999693935,43.625065999781938],[-73.308438999732687,43.626619000302654],[-73.308274999701155,43.626860000129724],[-73.307734999925984,43.627435999905842],[-73.30772400005533,43.627444999848372],[-73.307534000084544,43.62775800011859],[-73.307471000335354,43.627999999987217],[-73.307231999960749,43.628240000076943],[-73.307022999723372,43.628345999703093],[-73.306743000239209,43.628400999870983],[-73.306440000290493,43.628332999691509],[-73.306231000053131,43.628248999899093],[-73.306011999770007,43.628131000100787],[-73.305579000124979,43.627781000207136],[-73.305227999597378,43.627653000168095],[-73.305198000358459,43.627636999818904],[-73.304733000028065,43.62738599983922],[-73.304126000305729,43.627057999801586],[-73.302552999937589,43.625708999719805],[-73.302347000073254,43.625065999781938],[-73.302076999736528,43.624364999861939],[-73.302076999736528,43.623838000252775],[-73.302076999736528,43.623635999862643],[-73.302075999911608,43.623108000227681],[-73.302102999675782,43.623042999679889],[-73.302107999698663,43.623029999821959],[-73.302957999993538,43.621004000269437],[-73.302989999780607,43.620523999879062],[-73.302895000244348,43.620295000279938],[-73.302455000028303,43.619632000302317],[-73.302069000238916,43.619334999954006],[-73.300849999873108,43.618397000118613],[-73.300377999869994,43.61780300006162],[-73.300315000120804,43.617323000130092],[-73.300440999619198,43.61707099977022],[-73.301008000056839,43.61643099989027],[-73.301133999555219,43.616018999940586],[-73.301171000263466,43.615471000305646],[-73.301177000111252,43.615378999920111],[-73.30119700020272,43.615082000026383],[-73.300850999698,43.613458000316079],[-73.300977000094704,43.613161000040371],[-73.302235999745179,43.611788999971992],[-73.302424999891059,43.611309000165072],[-73.302424999891059,43.610463000252608],[-73.302771000395779,43.610074999804361],[-73.302772000220699,43.609777000023719],[-73.302487999640263,43.609479999781641],[-73.302470000096903,43.60947600027427],[-73.302111000071704,43.609387999987312],[-73.30160700028155,43.609502999708241],[-73.301480999884859,43.609617000147793],[-73.30122999981468,43.610234000061112],[-73.300883000383365,43.610737000097238],[-73.300284999983575,43.610805999709399],[-73.300127999624735,43.61057700017345],[-73.299875999729664,43.610394000246941],[-73.298303000259821,43.610210999763616],[-73.298020000402602,43.610028000024315],[-73.297863000043762,43.609433999902066],[-73.297453999789852,43.60904500024909],[-73.296856000288372,43.608770000125148],[-73.296698999929532,43.608632999781037],[-73.296636000180342,43.6081989997123],[-73.296416000072327,43.607603999994375],[-73.295282999920232,43.606849000160885],[-73.295000000063013,43.606048999861436],[-73.29374200023743,43.605203000117648],[-73.293711000275295,43.604357000184727],[-73.293081999913355,43.603854000134696],[-73.29270399962158,43.603304999768646],[-73.292484000411875,43.603121999834322],[-73.292388000152414,43.602917999805875],[-73.292215999724959,43.602554999766568],[-73.292697999773793,43.601955000318604],[-73.292645999895271,43.601339999748419],[-73.292157999998636,43.600566999887619],[-73.291161000288994,43.599877999718608],[-73.291018999998755,43.599235000024152],[-73.291135000349712,43.59902999993853],[-73.292055000066483,43.598168999888635],[-73.292679000405542,43.597088000282646],[-73.292762000246228,43.59660299997266],[-73.292470999993071,43.596040999960913],[-73.292446999703643,43.595994000275454],[-73.29235800001517,43.595751999749623],[-73.292608000260444,43.594541000125666],[-73.292788000185496,43.594327999934492],[-73.292802000429205,43.59386200030518],[-73.292840999888938,43.593755999740544],[-73.293280000280078,43.592547000278657],[-73.293839000321825,43.591978000087941],[-73.295205000102413,43.589938000080402],[-73.295810999999816,43.588877000144173],[-73.29590899990913,43.588649999883941],[-73.29690999981672,43.587671999925533],[-73.29694400015191,43.587314000064666],[-73.2967099998002,43.587114000138648],[-73.295573000348455,43.586682999971615],[-73.295287000118179,43.586471000044881],[-73.295272000049565,43.586460000283061],[-73.294189000126181,43.585776999954547],[-73.292869000376356,43.585360999749675],[-73.292363000038051,43.585137000250512],[-73.292111000142967,43.584884999736275],[-73.292108999594831,43.584543999803628],[-73.292332000075902,43.584266999989751],[-73.293214999982752,43.583571000228744],[-73.294225000111183,43.582441999968729],[-73.295226000018815,43.581723999980852],[-73.297257999971279,43.579691000104752],[-73.297324000093511,43.579372999767102],[-73.297042000061225,43.579141999886843],[-73.29598400025219,43.57889000030827],[-73.295667999884685,43.578632999842839],[-73.295756999573157,43.577786000290239],[-73.295724999786088,43.577146000235338],[-73.295332000324038,43.576816000294528],[-73.29529200014106,43.576782000008535],[-73.294945999636326,43.576828000122923],[-73.294506000318592,43.57714800008749],[-73.294285000385671,43.577788000121117],[-73.294473999633226,43.578314000192968],[-73.294128000026816,43.578474000018488],[-73.292020999731292,43.578588000033399],[-73.291737999874073,43.578518999913129],[-73.29110900041043,43.577856000188611],[-73.290039999832445,43.577673000301203],[-73.289850999686564,43.577718999734927],[-73.289771000218934,43.577791000192732],[-73.289700999898727,43.577853000120243],[-73.289158999575434,43.578336000088427],[-73.287899999924946,43.578701000257553],[-73.285825000314787,43.578930000084554],[-73.284912000270722,43.579272000145409],[-73.284189000197458,43.578745999982537],[-73.283906000340238,43.578311999728761],[-73.283591999622558,43.578083000154471],[-73.282050999939784,43.578127999690551],[-73.281674000371225,43.57794499997906],[-73.28129600007945,43.577579000189083],[-73.28107699979634,43.576549999688432],[-73.280952000122866,43.575406999861436],[-73.281108999583395,43.574973000271711],[-73.281077999621246,43.574172000190124],[-73.281039999986419,43.574068999699811],[-73.280858000411527,43.573578000116093],[-73.280291999798791,43.573555000123591],[-73.279726000084352,43.574241000085138],[-73.279411000440078,43.574263000167051],[-73.279178999738178,43.574094000100416],[-73.279160000369913,43.574079999773218],[-73.279122999661681,43.574077999819181],[-73.278751000116003,43.574056999972434],[-73.278185000401564,43.574537000218534],[-73.277807000109789,43.574628999937268],[-73.277366999893729,43.574422999693006],[-73.276616000231371,43.574464000129524],[-73.276549000284234,43.574468000011855],[-73.276418999689568,43.574330000012175],[-73.276509000101257,43.573549000209006],[-73.276319000130457,43.573409999742246],[-73.275750999867881,43.573273000237172],[-73.275338000314321,43.573045000042121],[-73.273753000250622,43.572656999746847],[-73.272297000058344,43.572569000278158],[-73.271662999673509,43.572432999840487],[-73.271187000370773,43.572064999719771],[-73.270238000341692,43.571814999840733],[-73.269700000216332,43.571770000142756],[-73.269322999749477,43.571979000060708],[-73.268438000192816,43.572156000277253],[-73.268295999902605,43.572185000204328],[-73.267931999854525,43.572249999743207],[-73.267527999623496,43.571972000302559],[-73.267531999821458,43.571810999782151],[-73.268353999628914,43.571591999749742],[-73.268452000436525,43.571433999903519],[-73.268360000375012,43.571294999761918],[-73.267547999714964,43.571125999827288],[-73.267530999996538,43.571079000211718],[-73.2674580002016,43.570873000190183],[-73.267522999600615,43.57078399971018],[-73.267797000135303,43.570756999823757],[-73.267951000121101,43.57074099995765],[-73.268152999787475,43.570720999956364],[-73.268346999956222,43.570447999827763],[-73.269290000137531,43.570506000011044],[-73.269295999985303,43.57027600032481],[-73.268988000013735,43.569929000033135],[-73.268614999744827,43.569694999896917],[-73.268557999843424,43.569690999697585],[-73.268269000138432,43.569668999897992],[-73.26801200022048,43.56991799985235],[-73.267539000392446,43.569980999795291],[-73.267514000278098,43.569682999948881],[-73.267699000226017,43.569566999893958],[-73.267816000401879,43.569492999910544],[-73.267833999945239,43.569480999922206],[-73.267911999763044,43.569218999690435],[-73.267936000052487,43.569137000109123],[-73.267527999623496,43.56899999999596],[-73.266930000122002,43.56899999999596],[-73.266844999733181,43.569054000030292],[-73.266679000051823,43.569159999836252],[-73.266647000264783,43.569777000020309],[-73.266489000081037,43.569868000129716],[-73.266048999864992,43.569685000048878],[-73.2641630004007,43.569135999724594],[-73.264099999753199,43.568883999927387],[-73.264571999756299,43.56863300011959],[-73.264601999893529,43.56819500022926],[-73.2643530003715,43.567787000256921],[-73.264134000088376,43.567651999844173],[-73.264007999691685,43.56759199999756],[-73.263985000125459,43.567586999899198],[-73.263720999636504,43.567529000159382],[-73.263683000001677,43.567537999954347],[-73.263505999551356,43.567715000204608],[-73.263410000190191,43.567672999971656],[-73.263328999999345,43.567707000193508],[-73.263257000029327,43.567696000257804],[-73.263224000417367,43.567691000168075],[-73.263192999556907,43.567686999835601],[-73.263097000195756,43.567673999729585],[-73.262920999570341,43.567608999808307],[-73.262810999965495,43.567472999886313],[-73.262538999978929,43.567365000188921],[-73.262358000228957,43.567277999912228],[-73.26235400003101,43.567211999798033],[-73.26235300020609,43.567158999831491],[-73.26235099965794,43.567116999861753],[-73.262349999833049,43.567085000144054],[-73.262297999954498,43.567015999861077],[-73.262073999648521,43.566714999692429],[-73.26189899974635,43.566143000066646],[-73.262077999846468,43.565700999830916],[-73.261813000430934,43.565547999769784],[-73.261148999908883,43.565787999781733],[-73.261071000091079,43.566088000241969],[-73.260914999557158,43.56632100029109],[-73.260748999875801,43.566522000073086],[-73.260738999830053,43.566534999776863],[-73.260724999586344,43.566525999832024],[-73.260404000094297,43.566316999867631],[-73.260235000039913,43.566206999834897],[-73.260014999931883,43.565909999979887],[-73.259450999867255,43.5655180001079],[-73.259094000390206,43.565269999987279],[-73.259051999659093,43.565240999985257],[-73.258630999709609,43.564950000044796],[-73.258192000216766,43.564286999990308],[-73.258161000254631,43.563920999859242],[-73.258381000362661,43.563509000270379],[-73.258350000400526,43.563052000114595],[-73.257156000149067,43.562547999983856],[-73.25686599972083,43.562299000157132],[-73.256809999644346,43.562251000315314],[-73.255930000110567,43.561885000182734],[-73.255710000002523,43.561427000214174],[-73.255585000329049,43.560947000288323],[-73.255555000191833,43.559895000078782],[-73.255272000334614,43.559575000227888],[-73.253827000012976,43.558430999914499],[-73.253450000444431,43.55788199987726],[-73.252948000304102,43.557355999722951],[-73.252601999799381,43.556852000116542],[-73.252602999624287,43.556441000304659],[-73.254166999771613,43.556375000035622],[-73.25420600012967,43.55637300014471],[-73.25431499990961,43.556319999756205],[-73.254395000275551,43.556281999829743],[-73.25440799979603,43.556189000131305],[-73.254421000214819,43.556092999788085],[-73.25448999981181,43.555595999743012],[-73.251441000058193,43.555388000231197],[-73.249553999870699,43.554336999944482],[-73.249002000399955,43.554047000053046],[-73.24864099982662,43.553858000162869],[-73.248766000398405,43.553148999853128],[-73.248450999855805,43.552875000162622],[-73.24841999989367,43.552577999687522],[-73.248563000008815,43.552536999978209],[-73.248984999783204,43.552417000065425],[-73.249161000408606,43.552188999703134],[-73.249159999685375,43.551754000114236],[-73.248670000138929,43.551502999898794],[-73.24860700038974,43.551205999823935],[-73.248697999728009,43.551116000202825],[-73.248809999881018,43.551045999825888],[-73.249138999768974,43.550969999808252],[-73.249553999870699,43.55090700016644],[-73.250219000217655,43.550791999803003],[-73.250408000363535,43.550425999727892],[-73.250313999753871,43.550220000045798],[-73.249995999736569,43.549853999752536],[-73.249924999591457,43.549723999800122],[-73.249964999774434,43.549374000087155],[-73.249553999870699,43.549145999932406],[-73.249205999716125,43.548895999993647],[-73.24926900036364,43.548461000076472],[-73.249553999870699,43.548276999995892],[-73.250028000421935,43.547933000206932],[-73.25002900024684,43.547522000118427],[-73.249553999870699,43.547226000056646],[-73.249252999571809,43.54720399986644],[-73.249188999997699,43.546654999770624],[-73.249553999870699,43.546437000201713],[-73.24985599999448,43.546126999707958],[-73.249628000388839,43.546109999695688],[-73.249553999870699,43.546104999767728],[-73.249173000104179,43.545969000136779],[-73.248633000329022,43.545900999880672],[-73.248193000112948,43.545786999853739],[-73.247814999821173,43.545420999989254],[-73.247814999821173,43.545054999855992],[-73.248223000250192,43.544941000182519],[-73.248752000154695,43.545135000046415],[-73.249157000210658,43.545282999858408],[-73.249553999870699,43.545064999885625],[-73.249936000360407,43.544869000174863],[-73.24996700032257,43.544252000137419],[-73.250101000216858,43.543748999835017],[-73.250133000003913,43.543429000194962],[-73.25006299968372,43.543385000290662],[-73.249553999870699,43.543063999854496],[-73.247813000171362,43.542814000085485],[-73.246586000307943,43.5418550002505],[-73.246553999622563,43.541123000043207],[-73.246459000086332,43.540962999977815],[-73.246490000048468,43.540642999875637],[-73.246710000156483,43.540345999685513],[-73.246394999613912,43.539750999904449],[-73.245637000278847,43.539548999802655],[-73.245452000330928,43.539499999846832],[-73.244918000403544,43.539249000046709],[-73.244413999715064,43.538814999776761],[-73.244193999607035,43.538357999883566],[-73.244192999782143,43.537808999976207],[-73.243815000388679,43.536870999770684],[-73.243688999991974,43.535797000166703],[-73.243530999808229,43.535407999987918],[-73.242879999704968,43.534806000152045],[-73.242838999697099,43.534767999685968],[-73.242736999589852,43.534778000119459],[-73.242484999694781,43.534804000196672],[-73.242443999686884,43.534815000276055],[-73.242370000067055,43.534834999823246],[-73.242303999944809,43.534853000061275],[-73.242230000324966,43.53487300024711],[-73.242042999828897,43.534925000308412],[-73.241882999995326,43.535039999683697],[-73.241832999766615,43.535076000031978],[-73.241709999742966,43.535076000031978],[-73.241626999902294,43.535005999913849],[-73.241614000381816,43.534994999869319],[-73.241588000442533,43.534970999824345],[-73.241579000221719,43.534959999773427],[-73.241575000023758,43.534851000107459],[-73.241574000198852,43.534714000182127],[-73.241606999810799,43.53454499987879],[-73.241717000313983,43.534398999724779],[-73.241860000429114,43.534327000152118],[-73.241992999600185,43.534342000260139],[-73.242237999822549,43.534398000065984],[-73.242536999573318,43.534381000002497],[-73.242657999947127,43.534300000208773],[-73.242724999894278,43.534057999839362],[-73.242734999940041,43.534022999850841],[-73.242744000160855,43.53399100014132],[-73.242586999802029,43.533762999765585],[-73.242178000446415,43.533488999870286],[-73.241989000300535,43.532986000297129],[-73.241486000335286,43.532620999908048],[-73.24139099990073,43.532345999690165],[-73.241453999649934,43.532049000312867],[-73.242365000044174,43.531180000102395],[-73.242647000076488,43.530721999938258],[-73.242678000038623,43.530104999710282],[-73.241892000216154,43.529418999984685],[-73.242330999708983,43.528641999910498],[-73.242770000100137,43.528320999792165],[-73.243366999776697,43.527727000314762],[-73.243900999704081,43.527428999910782],[-73.244874999847539,43.527154000118003],[-73.245439999737044,43.526856999923623],[-73.246488000398642,43.526045999802029],[-73.246526000033484,43.526016999812619],[-73.246820999586262,43.525781000188871],[-73.246865999792107,43.525593999864448],[-73.246915000195898,43.525391999886772],[-73.246819999761357,43.525278000161805],[-73.246819999761357,43.524784000166932],[-73.246819999761357,43.5246150000456],[-73.247526999941101,43.523454000015036],[-73.247697999645325,43.52317399981208],[-73.247603999933986,43.522946000231563],[-73.247297999612243,43.522654999935149],[-73.247194999680076,43.522556999886454],[-73.247169999565713,43.522500000303374],[-73.247006000432506,43.522122999990636],[-73.246501999744027,43.521459999723298],[-73.246596000353676,43.521207999868295],[-73.24735000038909,43.520819000041783],[-73.24760099956093,43.520521999924256],[-73.24753799981174,43.519950000234772],[-73.24763200042139,43.519743999990979],[-73.247630999698174,43.519240999785943],[-73.246940000310246,43.519082000200861],[-73.246720000202231,43.518876000250586],[-73.2468440000508,43.517252000022971],[-73.248036999579043,43.51635999997746],[-73.248068000439488,43.515993999987998],[-73.248008000165029,43.515945999749981],[-73.247815999646093,43.51578899988548],[-73.246747999791324,43.515537999768064],[-73.24671600000427,43.51533200009596],[-73.247060999785774,43.514919999944951],[-73.247063000333924,43.51461200025259],[-73.247064999983735,43.514317000183823],[-73.24706599980864,43.514213000312672],[-73.247110000189565,43.508044000266274],[-73.247111000014485,43.507894000076867],[-73.24712899955783,43.507501000002001],[-73.247147999824406,43.50712399979524],[-73.247167000090982,43.506741999905991],[-73.24725300030471,43.504983000159939],[-73.247491999780991,43.500068999986347],[-73.247670000056218,43.495323000174928],[-73.247764999592476,43.492817000324294],[-73.247776000361426,43.492445999824547],[-73.247793000079881,43.491871999847945],[-73.248395999604227,43.47063400023228],[-73.248460000076648,43.469028999934501],[-73.248465999924434,43.468880000057347],[-73.248738999735906,43.462320000292117],[-73.248738999735906,43.462296000031593],[-73.248754999629426,43.461917999724818],[-73.248758000002482,43.461851000131141],[-73.248758999827388,43.461811999807885],[-73.249041999684621,43.45542499984785],[-73.249398000235075,43.446151000019555],[-73.249552000220874,43.442888999996427],[-73.249552000220874,43.439928000023535],[-73.249614000145144,43.439919000100105],[-73.249681999917215,43.438309999956445],[-73.249693999612774,43.438100999858634],[-73.249778000176676,43.436078999775084],[-73.24983799955281,43.434389999801006],[-73.249998000284705,43.429893000282298],[-73.249998000284705,43.42987099971802],[-73.250005999782303,43.429668999797393],[-73.250009999980264,43.429560999931432],[-73.250147000247622,43.425713000013367],[-73.250421999708919,43.419011000070661],[-73.250846999856336,43.408703000019834],[-73.250851000054297,43.408606000182047],[-73.250917000176557,43.406997000317048],[-73.250952000336653,43.406147000194132],[-73.251005999865001,43.4048620000748],[-73.251008000413151,43.404798000130782],[-73.251011999712802,43.404733000271392],[-73.251019000283804,43.404575999821326],[-73.251020999933615,43.404512000227768],[-73.251024000306671,43.404453999681166],[-73.251062999766404,43.403529999822318],[-73.251091000253822,43.402913000040911],[-73.251221999775069,43.399965000081131],[-73.251230999995911,43.399729999938266],[-73.251307000163891,43.398030999839179],[-73.251312000186772,43.397920999749331],[-73.251465000347636,43.394537000166764],[-73.251471000195423,43.394369999870193],[-73.251668999663821,43.389920999722392],[-73.252128000146456,43.378340999849684],[-73.252128999971362,43.378315000314593],[-73.25213700036727,43.378097999741598],[-73.252257999842797,43.375071999761687],[-73.252353000277338,43.372994000032556],[-73.25258300043113,43.370998000188791],[-73.252674999594319,43.370285999980453],[-73.252832999778065,43.363494000321673],[-73.253145999772499,43.362739999709689],[-73.253303000131353,43.3612079999019],[-73.25327200016919,43.358555000317466],[-73.253212999719651,43.358019999695912],[-73.253177999559554,43.357708999898705],[-73.253303999956245,43.355834000288901],[-73.253179000282785,43.355198000043501],[-73.253084999673149,43.354714000246005],[-73.253222999765413,43.354316000219271],[-73.253231000161321,43.354208999921134],[-73.253288000062724,43.353000000298692],[-73.25330599960607,43.352677000262311],[-73.253323000222821,43.352296000302921],[-73.25333900011637,43.352018000078203],[-73.253397999667584,43.35086899971126],[-73.253756999692783,43.340786999932106],[-73.253760999890744,43.340699000148682],[-73.25391900007449,43.335563000027676],[-73.254017999808696,43.332332000294564],[-73.254042999923044,43.330172999997082],[-73.254134999984558,43.328094000184961],[-73.254222999848096,43.325048000014107],[-73.254293000168303,43.323169000317087],[-73.254287000320531,43.323153000179694],[-73.254343000397014,43.321771999848522],[-73.254504000055491,43.317615999684342],[-73.254627000079154,43.314817000033479],[-73.254632999926926,43.314674999816624],[-73.254641000322849,43.314499000265734],[-73.254608999637483,43.314498000237094],[-73.254571000002642,43.314496000179851],[-73.249137000119163,43.314208999774948],[-73.244100999720644,43.313942000080687],[-73.242267000134888,43.313875000127481],[-73.241637999772934,43.313851999882644],[-73.238307999811951,43.313729000159007],[-73.237812000417705,43.313712000108524],[-73.237634999967383,43.313703999775548],[-73.231764000240915,43.31348800019132],[-73.223289000101417,43.313165999803388],[-73.220802999689198,43.313072000208791],[-73.210967999616912,43.312763999725789],[-73.208683999769363,43.312702000072242],[-73.207579999929578,43.312661999692899],[-73.207087000010077,43.312647000115746],[-73.206415999815349,43.312619999821841],[-73.194769999723533,43.312245999939009],[-73.193901000060379,43.31221599992211],[-73.182438000266686,43.311832000097212],[-73.17598699968373,43.311623999696486],[-73.174663999560835,43.311580999685098],[-73.173885000309383,43.311556999802328],[-73.17326299962015,43.311536000142247],[-73.172794999815011,43.311521000287243],[-73.170101999713538,43.311434000009328],[-73.16855099998503,43.311375999972725],[-73.168165000195657,43.311358999917701],[-73.165025000205432,43.311172000305838],[-73.164933000143932,43.311166999888911],[-73.164820000166031,43.311161000041629],[-73.161701999917128,43.310975999993808],[-73.160818000185387,43.310924000045013],[-73.157761000035862,43.310742000200754],[-73.153081000187797,43.310477999939366],[-73.152296000190233,43.310435999866293],[-73.145435000426787,43.310049000255354],[-73.13635299966667,43.309531000206512],[-73.133602999663822,43.309374999786186],[-73.133442000005317,43.309364999963485],[-73.133349000118912,43.309360000051512],[-73.132421000006232,43.309303000110837],[-73.126657000409864,43.308936000267693],[-73.12495900036825,43.30882200019127],[-73.124550000114311,43.308797999872716],[-73.1227039999347,43.308681999942564],[-73.122658999728856,43.308679000223165],[-73.122462000085378,43.308668000161433],[-73.120021999703923,43.308534000318822],[-73.119241999729212,43.30849800032054],[-73.116674000199552,43.308369000097095],[-73.114634999676099,43.308263000007507],[-73.110444000447885,43.308010000273804],[-73.098451999851321,43.307285999919777],[-73.096099000406824,43.307144999905717],[-73.093952999753228,43.307013999775769],[-73.093197999892908,43.306966999815046],[-73.092816000301482,43.306947000029339],[-73.092569000429279,43.306930000042883],[-73.089764000174824,43.306949999834174],[-73.088467999816118,43.306953999791652],[-73.083781000295346,43.30696900012007],[-73.080385000212118,43.306990000050732],[-73.071448999940174,43.307030999738743],[-73.059115999760095,43.30708299974966],[-73.048403999628732,43.307061999851179],[-73.046797999648632,43.307059000051865],[-73.034473999689382,43.306596000267923],[-73.022138000034573,43.306118999857688],[-73.020727999873046,43.306064999994746],[-73.009804999854481,43.305649999713467],[-73.00360900043799,43.305420999917288],[-72.996834999814865,43.3051739999066],[-72.996787000134276,43.305172999724512],[-72.996293000389869,43.305161999681985],[-72.994987999810334,43.305133000273479],[-72.994079999789136,43.305114000067427],[-72.994018999689757,43.305112999884358],[-72.993064999637795,43.305091999959025],[-72.991580000031519,43.305059999965451],[-72.987589999746447,43.305005000284375],[-72.987646999647865,43.304830999907807],[-72.992327000394226,43.290716000132683],[-72.986738999626667,43.290674999903871],[-72.986294000286051,43.290669999762429],[-72.975885000103389,43.290550999936784],[-72.975849999943307,43.291353999860512],[-72.975295000099507,43.30415900015695],[-72.959897000272292,43.303590000117758],[-72.959344999903237,43.30357299984621],[-72.958831000067349,43.303557999987227],[-72.955187000286998,43.30343899988528],[-72.948173000362658,43.303213000248],[-72.941490999801061,43.302992999770908],[-72.90676799961075,43.301950000177811],[-72.898873000327711,43.301713000222357],[-72.892538999920646,43.301464999939064],[-72.883380999890861,43.301105000279527],[-72.882860000382266,43.30108799996686],[-72.869515000423903,43.300563000200235],[-72.868646999687371,43.300528999920765],[-72.868629000144026,43.300773999990042],[-72.868561000371969,43.301699999729131],[-72.868138999699255,43.307417000117226],[-72.868089000368855,43.30808700019054],[-72.867778999849151,43.312237000000849],[-72.867680999939864,43.313534999685061],[-72.867124000446253,43.320981000087862],[-72.865927999646658,43.336369000306377],[-72.865650999637211,43.339949999843689],[-72.865557999750791,43.341160999875243],[-72.865101999641226,43.347018000320986],[-72.864971999944871,43.348699000024446],[-72.864133000418974,43.348745999714367],[-72.854700000029581,43.349277000006971],[-72.854520999929434,43.351462999801058],[-72.853764000419289,43.360697999807137],[-72.853515999823856,43.363727000153702],[-72.852848000002155,43.371103000113017],[-72.852634999566845,43.373470999691115],[-72.852384000394963,43.376278999688338],[-72.848558999966343,43.376207999973609],[-72.845264000165443,43.376145999786878],[-72.825893999596502,43.375785000262859],[-72.82198200002756,43.375709999969082],[-72.821955000263372,43.378725999948443],[-72.821935999996796,43.380437999977175],[-72.821932999623741,43.380611000310125],[-72.821561000078063,43.380452000192307],[-72.800596000297986,43.371421999731751],[-72.793045999898126,43.368083999702883],[-72.791799999768131,43.367533999781102],[-72.787271000431119,43.365532000139027],[-72.783618000429925,43.363914999817119],[-72.773719999710124,43.359728999899154],[-72.771100000301914,43.358622999931633],[-72.759626999564148,43.353767000267631],[-72.758490000112417,43.353306999890442],[-72.75867099986236,43.354127000175474],[-72.759388000087867,43.357383000178977],[-72.760255000101168,43.361312999792624],[-72.760445999896888,43.362175999803668],[-72.760865000196546,43.364205999929389],[-72.761097999825054,43.365336000198923],[-72.762355999650609,43.371413999817129],[-72.758689000304031,43.378246000288819],[-72.758684000281164,43.378255000239839],[-72.755221000250785,43.384717000235064],[-72.753355999804583,43.38830599968172],[-72.75258900024869,43.389761999868192],[-72.752052999773184,43.390780999800818],[-72.747228999985055,43.400001999959493],[-72.738949999664158,43.41597500030116],[-72.738580999593211,43.416700000315693],[-72.738403000216309,43.417035999964526],[-72.734951000056554,43.426456000149386],[-72.732118000213021,43.434184999917932],[-72.732012999732717,43.434459999840712],[-72.731932000440182,43.434675000155202],[-72.731794000347932,43.43505799984257],[-72.731656000255654,43.435422999836682],[-72.731187999552191,43.436709999826938],[-72.727311000143331,43.447181000095675],[-72.722562999624884,43.460076000262866],[-72.723727999564034,43.460316000167431],[-72.724309000245398,43.460430000000251],[-72.724792999944057,43.460532000114632],[-72.727367000219843,43.461061999933307],[-72.727054000225394,43.461770999691765],[-72.726877999599992,43.462168000219968],[-72.724223000031671,43.468173999881614],[-72.745351000018374,43.472946999964954],[-72.748896999889453,43.473771999963503],[-72.748875000148132,43.473743000279384],[-72.748989999775858,43.473767999918024],[-72.749172000249061,43.473808999720106],[-72.749805999735557,43.47395099977377],[-72.752206999758954,43.474488999934209],[-72.752498999837002,43.474554999864004],[-72.752729999815685,43.474605999760357],[-72.754027999824217,43.474894000322955],[-72.754248999757152,43.474938999981333],[-72.760912999877121,43.47629200013386],[-72.760993000243062,43.476308000297927],[-72.761069000411041,43.476325999744084],[-72.769078000395197,43.478101000280169],[-72.771410999748227,43.478570000168837],[-72.771370999565264,43.478799999723421],[-72.770521000168685,43.483647999832172],[-72.770285000167135,43.484992000123704],[-72.770202000326464,43.485463000254413],[-72.7701470000749,43.485791000239495],[-72.769140000319496,43.491510999845374],[-72.773688999747975,43.492176000097302],[-72.77697199985333,43.492656000153701],[-72.783641999821057,43.493630000021149],[-72.784985999860353,43.49382600007096],[-72.789930000197387,43.494546000233022],[-72.789885999816434,43.494819999746746],[-72.789577000019975,43.496771999813632],[-72.789233999888282,43.498906999845318],[-72.789079999902512,43.499843999811183],[-72.788890999756617,43.501021000087057],[-72.787776999871099,43.507900000013379],[-72.78629999976242,43.516921999690815],[-72.78505399963241,43.52449099997142],[-72.785002999578793,43.524785999803221],[-72.784816999805969,43.525921000264752],[-72.784149999809159,43.529995000004206],[-72.784040000204328,43.530670999881082],[-72.783764999844706,43.532347999727101],[-72.783342000245412,43.534931999812287],[-72.781884000403295,43.543933000063547],[-72.781234999949874,43.546699999998651],[-72.780399999723613,43.550287999987113],[-72.779262000446948,43.555142999973015],[-72.777940000148973,43.560788999858602],[-72.777366999863531,43.563243000122789],[-72.774343000224292,43.576166999885842],[-72.773488999731455,43.579817000301915],[-72.772332000188214,43.586373000262256],[-72.77150000033501,43.591090000102042],[-72.757947999789096,43.587423999935879],[-72.753867999990661,43.594131999770561],[-72.753684999692553,43.594433000177943],[-72.753616000095576,43.594546999900231],[-72.752190000040514,43.596892000000281],[-72.751538999937267,43.598005000093181],[-72.749870000207963,43.60060700022256],[-72.749034000156797,43.601912999898964],[-72.748910000308243,43.602104000254286],[-72.748771000391059,43.60231999974156],[-72.748659000238064,43.602496000051417],[-72.744700999740033,43.608668000017346],[-72.739973000211393,43.616043999828541],[-72.733371999840614,43.62628500012125],[-72.730497000164291,43.630750000272755],[-72.730440000262874,43.630848999960151],[-72.72872600032774,43.634069999696898],[-72.727563999863321,43.636173000123399],[-72.724209999612867,43.642035000088192],[-72.723628999829828,43.643052000009874],[-72.723534000293597,43.643217000291607],[-72.723523000422944,43.64323700025556],[-72.723197000009691,43.643805999886098],[-72.722993999620115,43.64416100030148],[-72.721145999790679,43.647390000052688],[-72.718634000337488,43.65178200002449],[-72.718460000260222,43.652088000092839],[-72.714510000158128,43.658934999728416],[-72.713829999742543,43.660115999948793],[-72.713593999740993,43.660524999993541],[-72.713464999869572,43.660749000171947],[-72.702926999815475,43.679024999749728],[-72.699923000267717,43.684349999971026],[-72.699795000221201,43.68457700018218],[-72.699909000024022,43.684607000251681],[-72.700253999805511,43.684698999894962],[-72.719971999630687,43.689969000301474],[-72.721498999968077,43.690376999922258],[-72.721549000196802,43.690396000101245],[-72.721647000106088,43.690421999891996],[-72.727626999612525,43.692015000321128],[-72.746869000134936,43.697157000262521],[-72.770680000177364,43.703517999713952],[-72.801131999875182,43.711657999786439],[-72.819954000273043,43.716688000146739],[-72.819985000235192,43.716696999700332],[-72.819915999739891,43.716801999802897],[-72.814189999778364,43.725547999959709],[-72.812629000004094,43.727904000269199],[-72.812551000186289,43.728020999723732],[-72.812495000109791,43.728103000148408],[-72.811125000131227,43.730168999895156],[-72.809190000263158,43.733062000182905],[-72.808133000279042,43.734646000159842],[-72.803927999908808,43.740972999903015],[-72.80639000003157,43.741830999799923],[-72.818139000055552,43.745915999846702],[-72.819262000161913,43.746312999913407],[-72.812679000232805,43.756471000091167],[-72.812434000010441,43.75684500027625],[-72.811777999884299,43.757859000301103],[-72.808278999868904,43.763254999983303],[-72.804030000016056,43.769807000249436],[-72.802425999685767,43.77228199987146],[-72.800618999864213,43.775079000202808],[-72.800562999787715,43.775169000041039],[-72.800469000076362,43.775298999856517],[-72.798264999696471,43.778693000305921],[-72.79821399964284,43.778772000311569],[-72.798162999589195,43.778851999701857],[-72.798103000213061,43.778942999834939],[-72.796971999710792,43.780745000043638],[-72.794111000278164,43.785422000148202],[-72.792892999737248,43.787412000178783],[-72.789951999938694,43.79224200000062],[-72.787915999788254,43.795623000157001],[-72.783021999679946,43.803732000106528],[-72.782855999998603,43.804007000004447],[-72.782972000349559,43.804070999997101],[-72.783605999836055,43.80441400004559],[-72.783953999990601,43.804603000037837],[-72.785237999755424,43.804942000172318],[-72.786426999984016,43.805258000196574],[-72.7875099999074,43.805705999696677],[-72.788300999752735,43.806443000148477],[-72.788696999587856,43.807298999988262],[-72.78855299964782,43.808207000318781],[-72.788299999927816,43.808477000206388],[-72.787847000191292,43.808959000078438],[-72.786763000443003,43.809416000223557],[-72.78549399984847,43.809558999764889],[-72.784616999789407,43.810197999742897],[-72.784509999659278,43.810551999834473],[-72.784388000358859,43.81096000025989],[-72.784349999825722,43.811083999849622],[-72.78446700000157,43.812002000054449],[-72.784411999750006,43.812764999813325],[-72.784400000054418,43.812823999707248],[-72.784363000244511,43.812997000125854],[-72.784350999650641,43.813261999997671],[-72.784364999894322,43.81349399967592],[-72.78440400025238,43.813652999842986],[-72.784401999704244,43.813831999711994],[-72.784574999956618,43.81396500031024],[-72.784594000223194,43.813987000132073],[-72.785255000372175,43.814527000230555],[-72.786215000271909,43.815227000028848],[-72.78730599969289,43.815746000288094],[-72.788531999731418,43.816053000022954],[-72.788796000220373,43.816036999999739],[-72.789016000328402,43.816014000120937],[-72.789786000257337,43.815963000160757],[-72.78992199980145,43.815961999995849],[-72.79045900010189,43.815956000302606],[-72.791095999961442,43.815948999795474],[-72.792055999861176,43.81646800026153],[-72.792116999960541,43.816501000228548],[-72.792657999560618,43.817749999695309],[-72.793134999586599,43.818640999849173],[-72.793805999781327,43.819432000096114],[-72.794237999601449,43.820313000157206],[-72.794260000241081,43.820692000122548],[-72.794291000203216,43.821237000247059],[-72.793724999590481,43.822053000085234],[-72.792942999965959,43.822217999859753],[-72.792715000360346,43.822266000132721],[-72.79252299984141,43.822305999898646],[-72.792435999802763,43.822325999771621],[-72.791668000421964,43.822506000270714],[-72.791439999918026,43.822558999936177],[-72.791290999955109,43.82259399988515],[-72.79050599995756,43.823293999740038],[-72.790532999721734,43.823332000030604],[-72.791064999999307,43.824097000257346],[-72.791173999779261,43.824136000064726],[-72.792343999741263,43.824192000308599],[-72.793560999558949,43.8243950002663],[-72.794287000005269,43.824815000288972],[-72.794536000425609,43.824958999912788],[-72.795410000111616,43.825625999814392],[-72.795579000166015,43.82589600001667],[-72.795935999643078,43.826470000277205],[-72.795948000236962,43.826490000051315],[-72.796142000405723,43.826774000008591],[-72.796457999874889,43.827238999727676],[-72.796530999669827,43.827344999680641],[-72.796902000288924,43.828217999947874],[-72.796924000030216,43.829157999923062],[-72.799510999826467,43.829910000261243],[-72.80019700008981,43.83010500014371],[-72.800418000022759,43.830168000109133],[-72.801448000242686,43.83047400029146],[-72.802922999803229,43.830912000071486],[-72.806257999787093,43.831901999839026],[-72.816025000087336,43.834654999918492],[-72.822387000083509,43.836451000162107],[-72.825382000308736,43.837417999999289],[-72.82780800044651,43.838200000190106],[-72.830664999681176,43.839119999680634],[-72.83304300013836,43.836067000023512],[-72.835845000019745,43.832463000172382],[-72.838340999579401,43.829254000286966],[-72.849834000408663,43.832733999788935],[-72.850041999922809,43.83279599968845],[-72.851974000316162,43.833381000241083],[-72.86136099977648,43.836221999742371],[-72.866339000448704,43.837577999758636],[-72.868455999891651,43.838154000005211],[-72.871092999916613,43.838872000059474],[-72.873871000406879,43.839628000180049],[-72.8738100003075,43.83979200020341],[-72.874309999899708,43.853080999787544],[-72.874477000304282,43.857509999995877],[-72.874488000174935,43.857804999943333],[-72.874498000220669,43.858059999984356],[-72.876961999993284,43.857111000120788],[-72.877968999748674,43.856723999780634],[-72.883950999803261,43.854419999848687],[-72.886460999606584,43.853473000075645],[-72.891474000438919,43.851564000111438],[-72.892863999610654,43.85106299981868],[-72.899191000345027,43.848796000148774],[-72.900286999788889,43.848401999677144],[-72.900834000135063,43.848205999709663],[-72.910377999954221,43.844553999860921],[-72.917430000411699,43.842115000250587],[-72.927231999973714,43.838723999878056],[-72.928310999699136,43.838050999842899],[-72.928471000431031,43.837951000188333],[-72.937517000307807,43.834571999854269],[-72.94370600005162,43.832209000096029],[-72.946697999903805,43.831066000307452],[-72.952915000135022,43.828716999730538],[-72.958815999998734,43.826435000008352],[-72.959744000111414,43.826077000116555],[-72.967513999720978,43.823231999691643],[-72.971841000289942,43.821436000238272],[-72.975324000411817,43.820197999835635],[-72.977327000051972,43.819415999682015],[-72.978404000127568,43.819007999988528],[-72.978830000099919,43.818838999950273],[-72.980651999990101,43.818118000254586],[-72.98082199986942,43.818051000015203],[-72.980922000326842,43.818010999991159],[-72.981888999899269,43.817632999996967],[-72.983808999698738,43.816875999810136],[-72.983944000316257,43.816822000134806],[-72.98668599992321,43.815741000093524],[-72.98685300032777,43.815674999949437],[-72.987410999646286,43.815454999806519],[-72.988189999796063,43.815147000059774],[-72.989434000276233,43.814610999835828],[-72.99358400039489,43.813189000172336],[-72.993755000099114,43.813131000203121],[-72.994961999871052,43.812717999900066],[-72.994990000358456,43.812708000299942],[-72.995205000443619,43.812634000225025],[-72.995735000173042,43.812453000207256],[-73.00330899996402,43.809760999938945],[-73.003344999949036,43.809747999685186],[-73.010575999608335,43.80717700029566],[-73.010686000111505,43.807137999783393],[-73.010798000264487,43.807098000228919],[-73.013037999731111,43.806302000283438],[-73.01683100037269,43.80495300012533],[-73.017050999582395,43.804873999710573],[-73.017072000397107,43.804866999849331],[-73.017089999940467,43.804859999987258]]]},"properties":{"NAME":"Rutland County","BASENAME":"Rutland","GEOID":"50021","STATE":"50","COUNTY":"021"}},{"type":"Feature","geometry":{"type":"Polygon","coordinates":[[[-71.738732000043825,44.407476000058772],[-71.738643000355381,44.407596999956567],[-71.738374999668466,44.407957999787087],[-71.738215999659801,44.408171000039211],[-71.737690999953244,44.408651000195235],[-71.736994999644168,44.40923299988971],[-71.736623999923395,44.409445000194097],[-71.736091999645822,44.409748999882815],[-71.735412999953496,44.410004999881274],[-71.734937999577326,44.410047999700922],[-71.734119999967817,44.410061000132643],[-71.733184000357539,44.410082999918792],[-71.732325999666728,44.410178999822165],[-71.731985999908119,44.410308000085898],[-71.731489999615562,44.410480999987946],[-71.731072000039134,44.410665000123444],[-71.730590999815192,44.410717000001021],[-71.728869000382446,44.410816999882442],[-71.726919000445761,44.410915999821221],[-71.725742999737633,44.410963999750656],[-71.723130999827035,44.410901000035736],[-71.72299000026004,44.41089800007817],[-71.722682000288458,44.410876999729247],[-71.722616000166212,44.410872000225638],[-71.722067999995147,44.410836000065189],[-71.721452000051983,44.410739000182083],[-71.720338999991384,44.410460999910427],[-71.719082999815626,44.410183000242498],[-71.718343999848855,44.410094000129597],[-71.717773999936441,44.409968999828884],[-71.717337000093451,44.409861999970126],[-71.717266999773244,44.409844999692673],[-71.717106999939674,44.409806000169944],[-71.716018000168503,44.409668000020936],[-71.714758999619718,44.409567000305401],[-71.71466999993126,44.40956299984294],[-71.714614999679668,44.409559999816736],[-71.714279000119006,44.409544999683483],[-71.713667000373817,44.409652000122115],[-71.713022000118343,44.409806000169944],[-71.712174000371604,44.410079999919262],[-71.711325999726554,44.41036199984319],[-71.710437999796838,44.410691000067992],[-71.710407999659623,44.410700999747441],[-71.708331000399625,44.411403000178723],[-71.706387000310713,44.412209999990516],[-71.705240999739829,44.412684999735582],[-71.70462800016972,44.412903999808698],[-71.703240999574405,44.413253999995547],[-71.703155000259002,44.413275999863977],[-71.702580000323735,44.413542000301724],[-71.70218600013844,44.413827999745777],[-71.701827999938132,44.414076999908737],[-71.701155999918512,44.414547000058619],[-71.701078000100708,44.414593999865829],[-71.700586999831017,44.414894000284683],[-71.700266000338971,44.415090000266048],[-71.699426999914749,44.415643000040767],[-71.698698999818603,44.416112000112953],[-71.69856099972634,44.416185999695919],[-71.6976000000017,44.416701000269654],[-71.696715000445039,44.417195999816606],[-71.696368999940304,44.417389999818241],[-71.695660999935654,44.417916000076858],[-71.695331000222765,44.418276999736278],[-71.6946850001424,44.418969999782341],[-71.69444800031593,44.419182999710038],[-71.694130000298614,44.419391000086442],[-71.694059999978407,44.419423999951718],[-71.693813000106218,44.419541999997968],[-71.693512999632247,44.41962300029968],[-71.693083000360247,44.419703999847556],[-71.692366000134754,44.419884999699129],[-71.691726999727067,44.420095000015749],[-71.691021000270553,44.420405999997243],[-71.690268000060044,44.420848000210931],[-71.689482000237589,44.421336000217757],[-71.688812999692686,44.421740999725742],[-71.688421000055527,44.421924000137203],[-71.68792499976297,44.422088000247122],[-71.687430000193643,44.422206000049464],[-71.686945999596674,44.422398000317131],[-71.686343999897218,44.422728999976293],[-71.685697999816824,44.422929000189818],[-71.68483599982639,44.423277000277608],[-71.684285000180566,44.423645000284992],[-71.683942999873807,44.423977999679344],[-71.683704000397526,44.424349000315715],[-71.683540000365994,44.424942999841932],[-71.683469000220896,44.425376999712647],[-71.683463000373095,44.425407000193651],[-71.683454000152267,44.425463999974568],[-71.683289000295844,44.42617099972766],[-71.683253000310827,44.426303999957874],[-71.683096999776893,44.426876999770919],[-71.682936999943308,44.427174000275137],[-71.682700999941773,44.427340000035599],[-71.682204999649215,44.427484999807746],[-71.681070999672215,44.427719000229906],[-71.680330999880496,44.427714000241657],[-71.679928000372698,44.427674000320152],[-71.679565999974429,44.427568999754506],[-71.679292000338066,44.427434999705731],[-71.67925600035305,44.427416999915103],[-71.678922000442199,44.427192000140543],[-71.678395000187507,44.426797000038079],[-71.67805999955344,44.426552000095029],[-71.677852999864214,44.42648600005262],[-71.677503000059843,44.426563999919757],[-71.676966999584323,44.426848000185174],[-71.67671999971212,44.427149000096463],[-71.676704999643505,44.427168000104928],[-71.67654499980992,44.427364000000587],[-71.676148999974799,44.427982000035925],[-71.67599300033919,44.428712000070334],[-71.675950999608077,44.428905999709585],[-71.676034000347087,44.429128999739476],[-71.676174000089162,44.429503000045649],[-71.676691000298106,44.430449999952636],[-71.677034000429785,44.430932000208351],[-71.677867999932815,44.432103999748257],[-71.678385999966693,44.433075000033718],[-71.678664999625951,44.433673000145916],[-71.678936999612503,44.43404700024012],[-71.679282000292318,44.434337000144048],[-71.678638999686669,44.434764000145748],[-71.678335999737968,44.434960000226901],[-71.677961999644154,44.435255000075173],[-71.67738199968602,44.435499000107221],[-71.676480000410905,44.435642000183556],[-71.675440000145244,44.435732999874972],[-71.673916000180895,44.435755000265438],[-71.672530000308811,44.435828000014865],[-71.670568999603134,44.435747999704773],[-71.66929900008202,44.435787999873483],[-71.667764000247004,44.436156999994466],[-71.6668899996627,44.436390999692954],[-71.66554599962339,44.436711999934182],[-71.664523999799371,44.437151000116721],[-71.663454000294806,44.437787999697584],[-71.662472999580345,44.438590999906566],[-71.660883000392076,44.43993699968091],[-71.660392999947305,44.440574000316929],[-71.660304000258847,44.440689000289773],[-71.660268000273831,44.440736000246929],[-71.660166999991489,44.440867000241958],[-71.660045999617665,44.441024999766817],[-71.659706999683948,44.441465000145698],[-71.658905999792879,44.442632999969042],[-71.658872000355998,44.442721999937667],[-71.65823399977323,44.444380999848221],[-71.657755999922344,44.445551999837228],[-71.657221000170054,44.447383999916887],[-71.656950000008393,44.448605999746206],[-71.656955999856194,44.450397000096515],[-71.656955999856194,44.450480999815227],[-71.656956999681086,44.450594000055403],[-71.65695800040433,44.450790999991028],[-71.65695800040433,44.450916999956256],[-71.656959000229236,44.451202000233685],[-71.656851000274216,44.45227700019386],[-71.656765000060489,44.453467000072266],[-71.656370999875165,44.455159000249644],[-71.655939999879962,44.456222999964019],[-71.655076000239688,44.45769599971171],[-71.654216999723985,44.458823000081175],[-71.653302000030081,44.4598169999039],[-71.652874000407905,44.460216999704386],[-71.652855000141329,44.460235000291362],[-71.652553000017548,44.460518000206136],[-71.652127000045198,44.460792000146498],[-71.651692999676925,44.460872000143951],[-71.651012000334774,44.460853999753382],[-71.649792000144032,44.460580000103938],[-71.648490999762444,44.460314000201684],[-71.647133000377778,44.46005600015588],[-71.646093999937008,44.459999000133635],[-71.645030000280187,44.460122999683406],[-71.644266000199039,44.460250000241984],[-71.643522000209387,44.460590999789417],[-71.642777000394801,44.461015999863136],[-71.641773999939048,44.461702999845407],[-71.64081800023726,44.462340999884439],[-71.63990400036829,44.463210000140663],[-71.639270999808389,44.463916999697815],[-71.638986000301358,44.464410999938295],[-71.638863000277695,44.464956000069797],[-71.639038000179895,44.46558500003249],[-71.639627000358857,44.466351000176722],[-71.640393999914735,44.466819999819826],[-71.641621999603075,44.467357999920431],[-71.643276000162075,44.467923999840501],[-71.644390000047608,44.468395999878794],[-71.64556000000961,44.468925999705341],[-71.646223999633349,44.469310999736734],[-71.646611999970858,44.469612000148679],[-71.646976999843844,44.469944999790457],[-71.647304999906893,44.470435000159341],[-71.647585000289382,44.47099200013546],[-71.647617000076451,44.471628999924398],[-71.647372999678964,44.472127000312994],[-71.647145000073337,44.47270000012098],[-71.646837000101769,44.473202000298613],[-71.646324999915691,44.473876000120676],[-71.645687000231234,44.47447499984137],[-71.644357000435647,44.47537499999985],[-71.642307999866418,44.47650100016044],[-71.641172000239592,44.476805999733379],[-71.640220999662375,44.477014000127163],[-71.639548999642727,44.477208000263765],[-71.638967000034782,44.477467999970585],[-71.638290999817173,44.477942000197132],[-71.637913000423708,44.478469000171962],[-71.637207999893775,44.479273999789612],[-71.636516999607565,44.479979999750974],[-71.635851000334029,44.48047099969159],[-71.635351999668416,44.480641000009491],[-71.635216999949208,44.480630000256511],[-71.634913000175601,44.48060400001642],[-71.634728000227668,44.480515999955898],[-71.634615000249767,44.480462000275502],[-71.634538000256882,44.480531999685468],[-71.634432999776578,44.480626000171029],[-71.634250000376781,44.480791000104887],[-71.634031000093657,44.480988000067335],[-71.633954000100772,44.481058000128051],[-71.633923999963542,44.481085000019171],[-71.633727000320036,44.481175000206861],[-71.633693999809779,44.48132799975869],[-71.633651000152057,44.48152999970025],[-71.633619000365016,44.481679000230592],[-71.633636999908362,44.481962000013787],[-71.633571999611036,44.482651999710249],[-71.633552000417865,44.482862000060123],[-71.633398000432081,44.483210000184286],[-71.632781999590605,44.483796000173953],[-71.632391999603271,44.484056000005644],[-71.632191999586738,44.484104999915665],[-71.632132000210575,44.484121999744005],[-71.631911000277654,44.484176999682532],[-71.631342000190173,44.484248000202442],[-71.630798000217041,44.484315000162404],[-71.629653000369387,44.484375999982518],[-71.628382000125029,44.484365000292868],[-71.628065999757524,44.484315000162404],[-71.626860999635426,44.484024999714357],[-71.626371999913871,44.483895000194742],[-71.626037000178115,44.483750000068298],[-71.625547999558265,44.483460000016095],[-71.62505999966163,44.482995000061649],[-71.624877000261847,44.482804000051267],[-71.624647999932989,44.482407000055773],[-71.62461699997084,44.48201899974061],[-71.62466300000159,44.481744000252441],[-71.624831000231083,44.481469000108923],[-71.625273999921873,44.4810500000155],[-71.626002000018019,44.48048299997911],[-71.626340999951722,44.480224999983299],[-71.626813999779742,44.479966000256027],[-71.627226000406708,44.479805000053901],[-71.627638000135349,44.47967599998146],[-71.628981000349739,44.47940099970468],[-71.630476999826669,44.479126999941442],[-71.631285000288756,44.478829000207298],[-71.632369000037045,44.478515999852171],[-71.633436999891828,44.478211000243867],[-71.633712000251435,44.47833299976574],[-71.633771999627584,44.478356000035795],[-71.633848999620469,44.478401999907781],[-71.633863999689083,44.478645999820593],[-71.633985999887827,44.478836999983479],[-71.634123999980076,44.478889999995033],[-71.634230000285285,44.478843999866797],[-71.634473999784447,44.478532000130194],[-71.634764000212684,44.477958999898433],[-71.634871000342798,44.477440999687587],[-71.634963000404298,44.476699999722101],[-71.634825000312048,44.476142999739608],[-71.634626999945326,44.475823000114929],[-71.634504999746582,44.475625000073251],[-71.633909999719847,44.47496799987109],[-71.633636999908362,44.474810999823418],[-71.632658999566956,44.474244000053538],[-71.632338999899829,44.474153000099726],[-71.631789000078925,44.474022999736448],[-71.630995999685453,44.473938999909791],[-71.630629999987548,44.473878000074315],[-71.630141000266008,44.473848000121386],[-71.629653000369387,44.473878000074315],[-71.628706999815037,44.47398500005874],[-71.627822000258391,44.474122000315532],[-71.626951999872006,44.474267000012354],[-71.626205000407595,44.474466000141426],[-71.625288999990488,44.474808999901747],[-71.624953000429826,44.474931000126517],[-71.624556999696395,44.475183000088066],[-71.623869999608118,44.476747000186236],[-71.623289999649998,44.477898999686303],[-71.622892999989958,44.478554999680846],[-71.622267999825979,44.4797449998172],[-71.621616999722718,44.480881999961973],[-71.621122999978311,44.481744000252441],[-71.620527999951562,44.482682000264312],[-71.620390999684219,44.482887999934874],[-71.619871999825449,44.483712000315911],[-71.619352999966679,44.484451999879312],[-71.619123999637821,44.484665999967504],[-71.618773000008545,44.485092999926785],[-71.618500000197059,44.485343000020755],[-71.618392000242025,44.485473999936993],[-71.61784300024604,44.485841000014396],[-71.617521999855668,44.485910000249589],[-71.617460999756304,44.485902000161488],[-71.617079000164878,44.486047000065966],[-71.616819999698777,44.486047000065966],[-71.615583999614515,44.485977999992826],[-71.615202000023118,44.485879000302653],[-71.613661000340329,44.485269000207147],[-71.61323700001779,44.485099999700488],[-71.61301799973468,44.485012999798641],[-71.612390000095971,44.484760000201305],[-71.612104999690615,44.484650999882064],[-71.610868999606353,44.484360999822556],[-71.609953999912477,44.484239000087136],[-71.609526000290302,44.484200000212475],[-71.608747999965445,44.48426899982509],[-71.608183000075911,44.484375999982518],[-71.606702999594177,44.484689000304598],[-71.60650799960051,44.484730000074954],[-71.606085999826121,44.484828000003333],[-71.606064999909719,44.484831999800718],[-71.605207999942152,44.484994000016464],[-71.603698000221527,44.485299000056258],[-71.603131999608763,44.485398000089916],[-71.602339000113602,44.485459000059357],[-71.601667999918874,44.48550500009916],[-71.600904999662632,44.485620000040072],[-71.600630000201335,44.485680999777315],[-71.600157000373315,44.48583299991683],[-71.599333000017708,44.486283000014843],[-71.5991499997196,44.486458999909168],[-71.599072999726715,44.486466999920879],[-71.598600999723615,44.486824999802451],[-71.598370999569838,44.487144999970674],[-71.598249000269433,44.487481000052419],[-71.598092999735499,44.488402999973822],[-71.59811000035225,44.488405999798289],[-71.597943999772582,44.48928099989562],[-71.597790999611689,44.489762000131329],[-71.597440999807333,44.490325000280706],[-71.597019999857864,44.490741000059472],[-71.59684599978057,44.490914000264667],[-71.596812000343718,44.490973000224706],[-71.596632000418666,44.491265000093208],[-71.595869000162409,44.492112000028428],[-71.595563999665558,44.492630000064956],[-71.595213000036296,44.493409000068858],[-71.595044999806802,44.493934999747765],[-71.594906999714539,44.494400000282383],[-71.59484800016331,44.495032000211495],[-71.594891999645938,44.495941000043779],[-71.594884000148326,44.496141000173303],[-71.594875999752389,44.496318000029738],[-71.594834999744521,44.497182000131311],[-71.594725000139661,44.498002000252718],[-71.594708000421235,44.498157000284721],[-71.594516999727205,44.499331000049274],[-71.594525999948019,44.499496999793813],[-71.594633000078147,44.499832999837437],[-71.59460999961361,44.500035999939925],[-71.594465999673574,44.500268000290021],[-71.59437399961206,44.500459000139436],[-71.594130000112898,44.500749000250963],[-71.594084000082148,44.50083299992108],[-71.593884999890534,44.501031000266373],[-71.593550000154764,44.501205999717293],[-71.593229999589312,44.501344000272184],[-71.593167999665027,44.501366000293338],[-71.5929400000594,44.501458000233498],[-71.592421000200645,44.501534000297447],[-71.591871000379726,44.501472999840871],[-71.59142899961553,44.501335999738231],[-71.591016999886889,44.501107000246222],[-71.590451999997356,44.500733000300094],[-71.590222999668498,44.500535000224176],[-71.589979000169336,44.500023999830461],[-71.589770999756894,44.499761999707324],[-71.589688999741128,44.499658000109719],[-71.58953700030348,44.499184000124124],[-71.589567000440695,44.49903200017787],[-71.589719999703263,44.498620000084557],[-71.589673999672513,44.49849800005812],[-71.589644000433594,44.498391000176703],[-71.589543000151252,44.498282999899637],[-71.589430000173351,44.49822300008649],[-71.589047999683615,44.498199999960164],[-71.587933999798096,44.4982460002037],[-71.587445999901462,44.498307000192085],[-71.587065000134956,44.498421999881067],[-71.586973000073442,44.498466999753376],[-71.586286999810099,44.498872000244788],[-71.586087999618471,44.499054999975961],[-71.585920000287288,44.499360000173823],[-71.585813000157174,44.499611999698722],[-71.585829000050694,44.499840999936907],[-71.585874000256538,44.500023999830461],[-71.586033000265189,44.500216000004585],[-71.586636999614456,44.500923999907641],[-71.586789999775348,44.501198999954362],[-71.586958000004827,44.501770999869066],[-71.586927000042692,44.502045999764874],[-71.586774999706734,44.502450000255337],[-71.586609999850282,44.502699000149562],[-71.586378000046707,44.502893000083972],[-71.5862099998172,44.50310600030879],[-71.586194999748585,44.503296999830511],[-71.586239999954444,44.503449000190209],[-71.586500000245437,44.503732000065355],[-71.58720300022722,44.504133000107785],[-71.587430999832847,44.504272999693484],[-71.588117999921096,44.504936999776028],[-71.588148000058339,44.504974999795088],[-71.588285000325683,44.505189000181744],[-71.588437999588251,44.505799000151981],[-71.588406999626116,44.506142000205017],[-71.588270000257083,44.506424999820005],[-71.58813299998971,44.506585000167014],[-71.587782000360448,44.506745000074801],[-71.587308999634118,44.506745000074801],[-71.586561000344815,44.506637999952879],[-71.586301999878714,44.506554000318239],[-71.585767999951344,44.506187999948452],[-71.585432000390682,44.505829999761559],[-71.585049999900932,44.505256999870682],[-71.584988999801567,44.50505899978306],[-71.584801000378889,44.504398000092017],[-71.584638000172276,44.504196999996708],[-71.584531999867082,44.503968000210222],[-71.584531000042162,44.503869000303801],[-71.584684000203026,44.503632000291326],[-71.58477600026454,44.503373000059895],[-71.584715000165176,44.503189999786407],[-71.584515999973547,44.502998999914126],[-71.583524000286758,44.50247299998653],[-71.582929000260023,44.50219800018278],[-71.582349000301875,44.501977000038721],[-71.581251000309877,44.501678999782101],[-71.580197999625398,44.501542000163518],[-71.579740999690912,44.501503999828785],[-71.579087000112935,44.501503999828785],[-71.578380999758096,44.501587000190675],[-71.578138000083854,44.501641000177379],[-71.577252999628882,44.501900999911548],[-71.577024000198321,44.502060999861641],[-71.576924999565819,44.502267999778276],[-71.576764999732248,44.502617999698586],[-71.576688999564269,44.503045000215664],[-71.576626999639984,44.503518000096236],[-71.576641999708599,44.503793000080343],[-71.576811999587918,44.504081000066236],[-71.576948000030342,44.504312000241228],[-71.577619000225098,44.504989999778914],[-71.577923999823611,44.505219000035446],[-71.578290000419827,44.505418000297155],[-71.578840000240731,44.505722999882018],[-71.579267000037987,44.5058979999841],[-71.57951200026038,44.506035999683149],[-71.579678999766656,44.506088999968178],[-71.580472999985005,44.506523999870303],[-71.580930999744425,44.506768000033489],[-71.581494999809038,44.507156999769961],[-71.582120999797937,44.507615000295544],[-71.58242600029476,44.507821000315388],[-71.58285300009203,44.508179999835349],[-71.583494000149528,44.508934999912405],[-71.583722999580075,44.509300999690218],[-71.584135000207041,44.509850000172626],[-71.584715000165176,44.510864999871103],[-71.585356000222689,44.512574000292815],[-71.585432000390682,44.512970999935597],[-71.585798000088559,44.513779999719468],[-71.585920000287288,44.514076999682665],[-71.586104000410302,44.514367999873791],[-71.586301999878714,44.514672000110785],[-71.58659200030695,44.51496999992483],[-71.586667999576619,44.515007999808773],[-71.587080000203571,44.515275000131979],[-71.587414999939327,44.515420000027589],[-71.587721000261084,44.515602999698899],[-71.588102000027575,44.515754999997114],[-71.588452999656866,44.515937999897524],[-71.589445000241966,44.516380999709568],[-71.589612999573134,44.516494999729424],[-71.590543000233964,44.516990999770591],[-71.591077999986254,44.517319999799902],[-71.591657999944388,44.517670000299447],[-71.59193199958078,44.517907000241827],[-71.592375000169866,44.518387000204314],[-71.59289400002865,44.518921999892925],[-71.59298600009015,44.519059000298213],[-71.593458000093264,44.51963899976375],[-71.593976999952034,44.520646000182332],[-71.594053000120013,44.520890000150523],[-71.594082000432337,44.521204000291135],[-71.594114000219392,44.52155399987722],[-71.594038000051412,44.52185900020843],[-71.59385499975329,44.522110999825571],[-71.593580000291993,44.52234699985101],[-71.593458999918184,44.522500000274057],[-71.593289999863757,44.522874000185816],[-71.593092000395373,44.523086999768054],[-71.592879999784955,44.52318900029352],[-71.592586999881973,44.523260999841114],[-71.592375000169866,44.523277999783552],[-71.591406000049304,44.523034000209393],[-71.590344999867241,44.522773999947944],[-71.58959800040283,44.522628999778497],[-71.588835000146602,44.522485000313146],[-71.587888999592266,44.522385000048004],[-71.587085000226438,44.522361999847462],[-71.586285999985193,44.52234699985101],[-71.585407000276319,44.522471000132626],[-71.584669000134426,44.522645000124093],[-71.583647000310407,44.523034000209393],[-71.582947999628274,44.523352000040411],[-71.582884000054165,44.523338999837669],[-71.582684999862536,44.523460999754271],[-71.582264999737973,44.523618000152922],[-71.581892000367375,44.523826999892492],[-71.581006999912404,44.524406999927521],[-71.580746999621411,44.524598000098493],[-71.580595000183763,44.524750999733428],[-71.580411999885655,44.524872000152207],[-71.580258999724776,44.524986999952077],[-71.579556999567899,44.525581999773721],[-71.57943500026748,44.525718999889044],[-71.578962000439461,44.526176999922392],[-71.578641999874009,44.526771999757393],[-71.578184000114604,44.527557999991174],[-71.577282999766112,44.528618000230651],[-71.57705500016047,44.528931000031314],[-71.576948000030342,44.52909899999586],[-71.576517999860044,44.529521000315803],[-71.575497999685851,44.530541000147537],[-71.575315000286068,44.530792999991093],[-71.574735000327919,44.531516999736894],[-71.574531000113424,44.531744999877262],[-71.574247000431299,44.532066999942593],[-71.574079000201806,44.532311000103071],[-71.573849999872948,44.532623999909156],[-71.573499000243658,44.533143000113348],[-71.573300999876949,44.53351700021242],[-71.572966000141193,44.534202999886631],[-71.572156000029281,44.53627799971963],[-71.571942999593958,44.536972999826965],[-71.571865999601073,44.53731600016809],[-71.571865999601073,44.537569000315955],[-71.571867000324275,44.537919000183713],[-71.572003999693322,44.538223999990336],[-71.572161999877068,44.53850800018985],[-71.572263000159396,44.538689000042908],[-71.572689999956665,44.539085999748849],[-71.572797000086794,44.539185000018328],[-71.573972000071677,44.540237999743553],[-71.574444999899697,44.540634999772564],[-71.575269000255318,44.54136700025559],[-71.575497999685851,44.541473999995205],[-71.575956000343567,44.541618999992757],[-71.5760929997126,44.541717999796838],[-71.576383000140837,44.542121999949096],[-71.576459000308802,44.542229000221944],[-71.576641999708599,44.542359000294745],[-71.577024000198321,44.542556999778988],[-71.577237999560268,44.542686999759646],[-71.577878999617781,44.542993999704386],[-71.578488999713144,44.543374000313577],[-71.579313000068737,44.543816000159403],[-71.580519000015769,44.544509999878748],[-71.581175000141911,44.544830999744896],[-71.581494999809038,44.544991000275658],[-71.581746999704123,44.545116999799909],[-71.582273000133881,44.545387999905401],[-71.582411000226159,44.545464000301429],[-71.582914000191394,44.545677999889534],[-71.583356999882199,44.545929000151034],[-71.583891999634488,44.546173999865012],[-71.58424200033717,44.546279999716972],[-71.58529500012331,44.546463999774701],[-71.585432000390682,44.546508999686424],[-71.585752000057809,44.546577999824898],[-71.586012000348802,44.546729999971312],[-71.586332000015958,44.546860000236514],[-71.586393000115308,44.54689099976931],[-71.58662200044418,44.547027999696112],[-71.586881000011942,44.547149999929616],[-71.587323999702733,44.547425000158363],[-71.58858999992421,44.548362999864771],[-71.589108999782979,44.548691000071727],[-71.589184999950959,44.548714000118409],[-71.589430000173351,44.548911999754473],[-71.589703999809743,44.549103000226644],[-71.589979000169336,44.549256000145995],[-71.590380000027338,44.549516999946391],[-71.590693999846707,44.549720999792235],[-71.591093000054883,44.549981000115899],[-71.591230000322213,44.550072000178865],[-71.591871000379726,44.55047699991519],[-71.592482000300009,44.550864999826629],[-71.593046000364623,44.551247000129528],[-71.593123000357508,44.551255000212976],[-71.594145000181527,44.5518880000485],[-71.595075999768937,44.552528999949217],[-71.595151999936931,44.552604999983643],[-71.595777999925829,44.553100999825752],[-71.596738999650455,44.553665999979344],[-71.596881999765586,44.553715000276853],[-71.597135000383901,44.553848999847759],[-71.597516999975326,44.554055000277451],[-71.59770000027342,44.554222000214885],[-71.597821999573824,44.554260999977934],[-71.597974999734703,44.554443999895717],[-71.598096999933446,44.554749000186824],[-71.598280000231554,44.55478699972705],[-71.598523999730716,44.5547719997599],[-71.598585999654986,44.554794999964017],[-71.598599000073776,44.554843999951032],[-71.598265000162939,44.55503100005793],[-71.598188000170055,44.555107000025494],[-71.598142999964196,44.555199000257709],[-71.597943999772582,44.556343999995185],[-71.597593000143291,44.557633000216924],[-71.597440999807333,44.558227999979891],[-71.597241999615704,44.558784999954312],[-71.597182000239556,44.558982999892493],[-71.596967999979313,44.559471000186569],[-71.596692999619691,44.559983000082639],[-71.596037000391902,44.560813999818997],[-71.595792999994416,44.561035999953269],[-71.595284000181394,44.561639999807831],[-71.594953999570194,44.562020000296492],[-71.594951000095477,44.562031000054738],[-71.594740000208262,44.562324999920598],[-71.594633000078147,44.56256100019656],[-71.594679000108897,44.562682999871654],[-71.594786000239012,44.562752000036276],[-71.594935000201929,44.562869000017081],[-71.594937999676688,44.562919999705322],[-71.594862000407005,44.562928000104151],[-71.59480100030764,44.562919999705322],[-71.594541999841567,44.562881999715948],[-71.594495999810817,44.562902999814227],[-71.594221000349521,44.563027000148381],[-71.594038000051412,44.563163999854083],[-71.593624999599541,44.563702000207016],[-71.593289999863757,44.564033999850494],[-71.593123000357508,44.564170999744853],[-71.59254300039936,44.564582999753632],[-71.592145999841037,44.564820000167195],[-71.591917000410476,44.564957000130541],[-71.59152099967703,44.565155000184888],[-71.591174000245729,44.565347000156429],[-71.590543000233964,44.565567000264707],[-71.589578000311363,44.565737000127662],[-71.588806999659184,44.565795000185574],[-71.587664000359666,44.565797999866994],[-71.587041999670419,44.565725999790146],[-71.586500000245437,44.565650999935343],[-71.585484000269204,44.565365999989147],[-71.584608000035047,44.565170999726703],[-71.584227000268555,44.565093999771292],[-71.58382999971019,44.565018000047829],[-71.583448999943684,44.56496399991444],[-71.58277699992405,44.564888000021149],[-71.58180000030589,44.564843000239634],[-71.580909999828037,44.564831000036008],[-71.580122000355743,44.564858000170673],[-71.579129999770643,44.564934000103165],[-71.578488999713144,44.565055999921967],[-71.577685000347316,44.565132999927684],[-71.576855999968842,44.565155000184888],[-71.576123999674749,44.565078999901104],[-71.575497999685851,44.564957000130541],[-71.574125000232556,44.56450700000255],[-71.573377000044928,44.564231999846314],[-71.57313299964747,44.564095000095598],[-71.572812999980314,44.563949999765029],[-71.57264399992593,44.563819999911757],[-71.571957999662573,44.563424000281842],[-71.571514999971782,44.563247999794427],[-71.571058000037297,44.563133000028358],[-71.570919999945019,44.563118000292526],[-71.570646000308642,44.563041999907625],[-71.56945600025513,44.56286699991545],[-71.568235000239483,44.562759999818162],[-71.567425999952505,44.562783000065018],[-71.565183000112839,44.562897000152631],[-71.564313999551388,44.562919999705322],[-71.563732999768348,44.562980999838452],[-71.562955000341802,44.563102999912843],[-71.56206999988683,44.563172000219353],[-71.56164300008956,44.563247999794427],[-71.561367999729953,44.563332000253489],[-71.560926999688988,44.56352899971904],[-71.560407000005299,44.563750000018189],[-71.559871000428103,44.563924000201652],[-71.559717000442319,44.563975000245051],[-71.559369000287759,44.564170999744853],[-71.559216999951786,44.564296999988954],[-71.559048999722307,44.564446000189506],[-71.558529999863538,44.564911000066701],[-71.558361999634059,44.565124999832094],[-71.558225000265011,44.565376999754719],[-71.558225000265011,44.565598000073493],[-71.558468999764173,44.566115999780429],[-71.558575000069382,44.566505999715901],[-71.558789000329611,44.566985999788542],[-71.558956999660793,44.567260999725384],[-71.559063999790922,44.567566000031462],[-71.559124999890287,44.567840999786199],[-71.559155999852422,44.568137999929718],[-71.559109999821672,44.568488999947768],[-71.558956999660793,44.568932000044619],[-71.558422999733423,44.569503999948928],[-71.558315999603309,44.569671999957556],[-71.558164000165647,44.569832000032633],[-71.558072000104147,44.569968999711094],[-71.557965999798938,44.570137000296441],[-71.557837999752408,44.570267999715234],[-71.557720999576532,44.570389999866066],[-71.557711000429109,44.570404000045372],[-71.55764000028401,44.57043299999463],[-71.557580999834457,44.570447999764134],[-71.557446999940169,44.570503999765251],[-71.557034000386608,44.570533999903667],[-71.556974000112135,44.570519000156352],[-71.556826999799043,44.570506999843793],[-71.55680400023283,44.570506000244265],[-71.55667799983614,44.570466999850538],[-71.556102999900872,44.570281999923871],[-71.55598200042536,44.570267000111564],[-71.55543199970613,44.570137000296441],[-71.555081000076854,44.570023000317882],[-71.554409999882125,44.569756000099801],[-71.554151000314349,44.569610999801014],[-71.554059000252849,44.569602999681301],[-71.553433000263951,44.569327999937549],[-71.552825999643318,44.569209000264422],[-71.551931000040909,44.569106999710826],[-71.551311999724717,44.569114999898751],[-71.550869999858847,44.569167999755976],[-71.55013699973982,44.569329000197285],[-71.54969499987395,44.569465999780661],[-71.549374000381903,44.569640999760068],[-71.549068999885051,44.569892999957339],[-71.548570000117778,44.570373000238042],[-71.548336999590958,44.57059499973208],[-71.547893999900168,44.571098999727184],[-71.547725999670675,44.571380999708275],[-71.547725999670675,44.571739999820792],[-71.547878999831539,44.572242999922885],[-71.548095999566527,44.572567999946259],[-71.548168000434885,44.572676000122961],[-71.548215000290526,44.572746000154083],[-71.548443999721073,44.572982999944735],[-71.548587999661109,44.573079999764118],[-71.548718000255761,44.573204000161823],[-71.549144000228125,44.573483999798377],[-71.549954000340023,44.573998000229651],[-71.550150000158624,44.574095999813636],[-71.550289999900698,44.574157999922242],[-71.550915999889597,44.574570000224],[-71.551495000022825,44.575011999914693],[-71.551816000413183,44.575194999835482],[-71.55204499984373,44.575302000095824],[-71.552243000210439,44.575447000283916],[-71.552654999939094,44.575844000118266],[-71.552884000267952,44.576149000208318],[-71.553097999629884,44.576392999896413],[-71.553418000195336,44.576820999897286],[-71.553449000157471,44.576888999798754],[-71.553891000023356,44.577629000209932],[-71.553968000016241,44.57778900015014],[-71.554287999683396,44.578323999932131],[-71.554593000180219,44.578818999902907],[-71.554805999717246,44.579368999833633],[-71.554882999710131,44.579628000047819],[-71.55489600012892,44.579774999846407],[-71.5549299995658,44.580182000296418],[-71.554922999893108,44.580280999767602],[-71.554910000372615,44.580501999762689],[-71.554836999679381,44.580773000164783],[-71.55447099998149,44.581299000158957],[-71.554444000217302,44.581336000220233],[-71.554256999721233,44.581627000261868],[-71.553387000233201,44.582863000004679],[-71.553127999767128,44.583312000134391],[-71.553080000086524,44.583380000122439],[-71.552675000030575,44.584034999942311],[-71.552365000409168,44.584392999991174],[-71.552228000141838,44.584479999981014],[-71.551967999850831,44.584609999723249],[-71.551663000252304,44.584648000232754],[-71.551388999717602,44.58461799969789],[-71.550853999965298,44.584403999997086],[-71.550672000390435,44.584273999794235],[-71.550258999938563,44.583793999725827],[-71.550243999869934,44.583640999770779],[-71.550337999581274,44.583415000104075],[-71.550732999591489,44.582480999971303],[-71.550930999958211,44.582138000258055],[-71.5511130004314,44.58186999995246],[-71.551213999815431,44.581714999959068],[-71.551265999693968,44.581641999703464],[-71.55158600025942,44.58113099982657],[-71.551679000145839,44.580779999964811],[-71.551541000053575,44.580550999853401],[-71.550808999759468,44.579682000003977],[-71.550534000298171,44.579285000138952],[-71.55010699960259,44.578765999882599],[-71.549663999911814,44.578322999827087],[-71.549405000344038,44.578171000298497],[-71.548900999655572,44.577965000151714],[-71.54865700015641,44.577903999735192],[-71.547893999900168,44.577812000213314],[-71.547344999904169,44.577812000213314],[-71.547084999613176,44.577781999989973],[-71.546533000142446,44.577818999729985],[-71.54578800032786,44.577933999895578],[-71.54531499960153,44.578117999687521],[-71.545040999965138,44.578200999681258],[-71.54479599974276,44.57836900016175],[-71.544552000243598,44.578469000263048],[-71.544491000144234,44.578475999700586],[-71.543957000216864,44.578864999845223],[-71.543419000091504,44.579351000183479],[-71.543056999693263,44.579552000119378],[-71.542325000297481,44.579978999825975],[-71.541820999609016,44.580208000270808],[-71.541592000178454,44.580360000232915],[-71.541165000381184,44.580536000130337],[-71.540539000392315,44.580833000068822],[-71.540463000224321,44.580840999923367],[-71.539592999837964,44.58145199987932],[-71.538861000442182,44.581870999996482],[-71.538783999550958,44.581887000058664],[-71.538463999883831,44.5821309999817],[-71.537868999857068,44.582702999951138],[-71.537654999596825,44.58296200002917],[-71.537380999960433,44.583358999739431],[-71.537319000036163,44.583504000309809],[-71.537349999998298,44.583701999926568],[-71.537488000090562,44.584053000061743],[-71.537483000067681,44.584205000208229],[-71.537467000174161,44.584526999921373],[-71.537334999929698,44.584930999760829],[-71.537181999768819,44.585258999845884],[-71.536892000238893,44.585731000153395],[-71.536647999841421,44.585968000123081],[-71.536343000242908,44.586204999766295],[-71.536052999814686,44.586540000086458],[-71.535396999688572,44.587113000132987],[-71.53532100041889,44.587203999699931],[-71.535107000158646,44.587432999835727],[-71.534938999929153,44.587700000142874],[-71.534908999791924,44.587898000182442],[-71.535030000165762,44.587975000015703],[-71.535260000319525,44.587982000228116],[-71.535630000215392,44.587870999867803],[-71.535945999684557,44.587776000295989],[-71.536175000013415,44.587646999901516],[-71.536282000143544,44.587623999890376],[-71.536542000434537,44.58750899969818],[-71.536785999933699,44.587432999835727],[-71.537197999662325,44.587409999739911],[-71.537276000378455,44.587408999791215],[-71.538067000223791,44.587428000093851],[-71.538448999815216,44.587479000000059],[-71.538783999550958,44.587570000273516],[-71.539380000300937,44.587829999721478],[-71.539592999837964,44.587935999822101],[-71.539868000197572,44.588248999932709],[-71.540050999597355,44.588523999767162],[-71.540172999796084,44.588805999693243],[-71.540279999926213,44.589119000236863],[-71.540279999926213,44.589408999790194],[-71.540139000359218,44.589718999918645],[-71.540101999650986,44.589800000168836],[-71.540050999597355,44.5899129998554],[-71.539638999868714,44.590529999794839],[-71.539485999707836,44.590751999743631],[-71.539171000063561,44.590970999821799],[-71.539058999910566,44.591033999735302],[-71.538769000380654,44.591225000111628],[-71.538724000174824,44.591225000111628],[-71.53815900028529,44.591773999872011],[-71.537975999987196,44.592017999877854],[-71.537868999857068,44.592262000138746],[-71.537700999627575,44.593048000227505],[-71.537700999627575,44.593338000007478],[-71.537796999887064,44.593621999929148],[-71.537914000062912,44.59387200015766],[-71.53811300025454,44.594055000208677],[-71.538494000021046,44.594170000242997],[-71.539242000208674,44.594147000254345],[-71.539699999968093,44.593825999935355],[-71.539837000235437,44.59364299980291],[-71.539990000396301,44.593330999800415],[-71.540111999696734,44.593224000094544],[-71.540509000255071,44.592949000108078],[-71.54102800011384,44.592628000208521],[-71.541286999681617,44.592483000007384],[-71.541774999578251,44.592285000233716],[-71.542003999907109,44.592148000034221],[-71.542309000403947,44.59198799994811],[-71.542598999933858,44.591828000061192],[-71.543575999552019,44.591278000289037],[-71.544125000446343,44.591048999948306],[-71.544291999952605,44.590991000126671],[-71.544825000055084,44.590810999694014],[-71.545040999965138,44.59071300013391],[-71.545559999823908,44.590622000302986],[-71.546307000186644,44.590590999758632],[-71.546826000045399,44.590827999744469],[-71.546892999992551,44.590837000032636],[-71.547313999942048,44.591370000252816],[-71.547482000171527,44.591666999858333],[-71.547497000240128,44.591865999690377],[-71.547406000003534,44.592194000305341],[-71.54720699981192,44.592453000317668],[-71.546688999778056,44.592902999794845],[-71.546047999720543,44.593573999823612],[-71.545742000297111,44.594032000174508],[-71.545451999868874,44.594565999704812],[-71.545285000362611,44.595023999913792],[-71.545208000369712,44.595650000148588],[-71.545239000331861,44.59616099969206],[-71.545375999700894,44.59677100003298],[-71.545620999923287,44.597007999763605],[-71.545971999552563,44.597130000100954],[-71.546414000316759,44.5971380002714],[-71.546887000144764,44.597045999843715],[-71.547086000336392,44.596915999769706],[-71.547252999842669,44.596840000054307],[-71.547741999564209,44.596335999931043],[-71.548001000030283,44.595909000110737],[-71.548394000390672,44.595524000026202],[-71.549145999877936,44.594994000256378],[-71.549283000145309,44.594902000272249],[-71.549556999781686,44.594764999845211],[-71.550289999900698,44.594382999983587],[-71.550762999728718,44.594170000242997],[-71.551190000424285,44.594063000162777],[-71.551845999652102,44.593849000051058],[-71.552182000111074,44.593711999700282],[-71.552456999572371,44.593551000238769],[-71.552531000090525,44.593504999762381],[-71.552853000305817,44.593307000272134],[-71.553372000164572,44.593170999772688],[-71.553783999893241,44.593147000178334],[-71.55469100008952,44.593170999772688],[-71.555009000106821,44.593227000280272],[-71.555188000206982,44.593346000060279],[-71.555326000299246,44.593575000306004],[-71.555370999606765,44.59362000024538],[-71.555401999568915,44.593841999905543],[-71.555264000374962,44.594185000286309],[-71.555066000008239,44.594360999908396],[-71.554608000248834,44.594666000091969],[-71.554424999950726,44.594864000069443],[-71.554210999690483,44.59535199997655],[-71.554210999690483,44.595634000036497],[-71.554287999683396,44.595856000318634],[-71.554256999721233,44.59595499996356],[-71.554256999721233,44.596229000001046],[-71.554409999882125,44.596794000262385],[-71.554287999683396,44.597663999947365],[-71.554151000314349,44.597961000009313],[-71.553676999763113,44.598557000209993],[-71.553479000294701,44.598746999774484],[-71.553234999897242,44.598914999726986],[-71.552911999857031,44.598980000122687],[-71.552029999775115,44.59915899981322],[-71.55152599998496,44.599303999987249],[-71.551206000317819,44.599430999970345],[-71.550915000064677,44.599524999940243],[-71.550731999766583,44.59964700010989],[-71.550609999567854,44.599693000201704],[-71.550442000236671,44.599899000110618],[-71.550304999969313,44.600218999774981],[-71.550320000037928,44.600456000153336],[-71.550427000168057,44.6006540002302],[-71.550655999598604,44.600859999929902],[-71.550946000026826,44.601019999894433],[-71.551114000256305,44.601080999720871],[-71.551486999626903,44.601117000270015],[-71.551768999659203,44.601120000048233],[-71.552028999950195,44.601035000088352],[-71.552304000309817,44.600844999690757],[-71.552587000167023,44.60059799984402],[-71.552762000069208,44.6004030000312],[-71.553219999828613,44.600142999902346],[-71.554254000246502,44.59988099978127],[-71.554624000142383,44.599754000142191],[-71.555035999871009,44.599678000300905],[-71.55543199970613,44.599578999963057],[-71.555844000333096,44.59953299978099],[-71.556409000222629,44.599440999947149],[-71.557278999710661,44.599381000060525],[-71.557888999806025,44.599441999688899],[-71.558640000366708,44.599534999900882],[-71.559103000148994,44.599600000242667],[-71.559723000290091,44.599642999877716],[-71.559949000245908,44.599662000018697],[-71.560421000249008,44.599769000023372],[-71.560909999970548,44.599959999834788],[-71.561275999668439,44.600180999851098],[-71.561489999928682,44.600333000037175],[-71.561740000173955,44.600606999898297],[-71.561824999664424,44.600700000164373],[-71.562130999986195,44.601180999769724],[-71.562268000253539,44.601631000098124],[-71.562298000390768,44.602087999931626],[-71.562222000222789,44.602493000201513],[-71.56211500009266,44.602759999759094],[-71.561931999794552,44.602989000002268],[-71.561763999565073,44.603134000211803],[-71.561275999668439,44.603285999707708],[-71.561183999606939,44.603312000221244],[-71.560818999733954,44.6034010000214],[-71.560422000073913,44.603416000240216],[-71.559827000047179,44.6034010000214],[-71.55885000042899,44.603294000309752],[-71.558563000373809,44.603275999753087],[-71.557048999556912,44.603408000294571],[-71.556759000027,44.603453999966995],[-71.555859000401711,44.6037060000846],[-71.555233000412812,44.604033999747507],[-71.555034000221184,44.604184999786831],[-71.554652999556367,44.60449099986576],[-71.554286999858476,44.604941999785886],[-71.553860000061221,44.605597999931248],[-71.553630999732363,44.606131999977272],[-71.553532999823048,44.607029999891864],[-71.553615999663734,44.608298999744385],[-71.553768999824612,44.609144999805665],[-71.55398200025995,44.609718000170595],[-71.554911000197549,44.611545000196379],[-71.554871000014586,44.611555000006518],[-71.555127000107618,44.612297000044528],[-71.555324999576001,44.613144000210596],[-71.555554999729793,44.613959999946573],[-71.555599999935623,44.614326000189429],[-71.555737000202967,44.614944000007739],[-71.556148999931636,44.615890000141782],[-71.556287000023886,44.616332999715773],[-71.556333000054636,44.616767999722839],[-71.556455000253379,44.617186999736901],[-71.556545999591648,44.617744000270839],[-71.556560999660263,44.618118000162369],[-71.55655200033776,44.618634999976337],[-71.556538000094037,44.619230999725204],[-71.556531000421359,44.619574999876924],[-71.556498999735993,44.620122000270499],[-71.556485000390609,44.62036900022283],[-71.556455000253379,44.62067400006535],[-71.556470000321994,44.620727000235156],[-71.556333000054636,44.621299000135167],[-71.556072999763643,44.622139000142539],[-71.555800999777077,44.622698999789293],[-71.555569999798408,44.62316899975346],[-71.555264000374962,44.623938999878391],[-71.555158000069738,44.62448099968563],[-71.555142000176232,44.625015000020319],[-71.555188000206982,44.625136999721143],[-71.555127000107618,44.625244000112389],[-71.555019999977489,44.625305000073901],[-71.554867999641516,44.625335000062883],[-71.554761000409712,44.625327999875054],[-71.554669000348213,44.625343000185204],[-71.554378999919976,44.625404000042671],[-71.554149999591118,44.625418999693871],[-71.553937000054106,44.625396999863121],[-71.553326999958742,44.625289999753889],[-71.553112999698499,44.625228999776667],[-71.55299100039808,44.625183000086786],[-71.552758999696167,44.625032000292727],[-71.552401000394184,44.624791999972672],[-71.552170000415515,44.624636000063695],[-71.551930000216004,44.624474999984464],[-71.551602999977845,44.624176000022679],[-71.551129000324906,44.623702000045256],[-71.550715999873049,44.623304999724326],[-71.550442000236671,44.623130000163727],[-71.550151999808435,44.623000000276555],[-71.54877900035514,44.622566000266403],[-71.548565000094897,44.622473999826838],[-71.548259999598073,44.62236000017797],[-71.548062000129647,44.622335999853185],[-71.547862999938033,44.622245000316617],[-71.547236999949135,44.622107999789677],[-71.546948000244129,44.622123000292511],[-71.5467339999839,44.6222140000203],[-71.546550999685792,44.622413000087448],[-71.546429000385359,44.622649000086106],[-71.546337000323845,44.622955000075606],[-71.546352000392474,44.623388999735205],[-71.546504999655042,44.623649000033836],[-71.546978000381372,44.62428999994173],[-71.547755999807904,44.625006999852801],[-71.548001000030283,44.625136999721143],[-71.548487000277106,44.625219999701216],[-71.548626000194275,44.625244000112389],[-71.54926800007668,44.625197999795084],[-71.549709999942564,44.625129000209803],[-71.55027499983207,44.625099000114353],[-71.550899999996048,44.625121999997084],[-71.551510999916331,44.625197999795084],[-71.551694000214454,44.625252000247244],[-71.552059999912345,44.62548599970814],[-71.552243000210439,44.625656000189409],[-71.552382999952542,44.626063000285356],[-71.552471999640986,44.626319999721233],[-71.552643000243535,44.626466999697968],[-71.552825999643318,44.626596000218981],[-71.552871999674082,44.626662000240906],[-71.552945000367316,44.626746999780742],[-71.552972999956395,44.626872999952745],[-71.552987000200119,44.626902999770728],[-71.552998000070772,44.626949000015607],[-71.553112999698499,44.627005999837621],[-71.553342000027357,44.626921999945786],[-71.553494000363315,44.626907000043666],[-71.554639000210969,44.627090000247186],[-71.555630999897772,44.627144000217974],[-71.556042999626413,44.627135999704542],[-71.556271999955271,44.627159000058853],[-71.556531000421359,44.627205000100865],[-71.556927000256479,44.627418000195377],[-71.557050000280114,44.627516999757134],[-71.557206999740643,44.627739000310996],[-71.55733999981004,44.628250000170794],[-71.557324999741411,44.628417999825182],[-71.557157000410243,44.628868000111325],[-71.557140999618412,44.629241000079439],[-71.557019000317993,44.629485999864855],[-71.556439000359845,44.629721999877979],[-71.555890000363846,44.629775999957374],[-71.554836999679381,44.629630999772601],[-71.55448600005009,44.629531999980628],[-71.554302999751982,44.629447999908507],[-71.554013000222099,44.629256999885641],[-71.553789999741014,44.628993000281966],[-71.553646999625869,44.628822000108585],[-71.553479000294701,44.628646000039616],[-71.552726999909126,44.628154000241274],[-71.552639999870479,44.628097000267971],[-71.552319000378418,44.627983000153385],[-71.552197000179689,44.627951999724608],[-71.55209099987448,44.627921999809487],[-71.552167000042473,44.627875999696364],[-71.552319000378418,44.627807000097668],[-71.552319000378418,44.627746000208084],[-71.552243000210439,44.627739000310996],[-71.551767000009377,44.627761999787054],[-71.551633000115075,44.627768999681415],[-71.551571000190805,44.62775399999812],[-71.551679000145839,44.627693000052844],[-71.552066999585037,44.627607000084019],[-71.552167000042473,44.627585999700564],[-71.552208999875262,44.62739900018267],[-71.552242000385533,44.627347000250737],[-71.552104000293269,44.627314000318911],[-71.551744000443151,44.62749500008222],[-71.551597000130059,44.627569000176116],[-71.551505000068559,44.627605000291346],[-71.551127999601704,44.627754999891899],[-71.55073699978945,44.627839999749213],[-71.550290999725618,44.627877000227315],[-71.549469999743053,44.628133999942975],[-71.549386000077462,44.628155000128167],[-71.54923999958929,44.628191999766202],[-71.549196999931567,44.628178000078712],[-71.548681000445853,44.628012000147685],[-71.548211000092564,44.628163999748566],[-71.547421000072148,44.628372000105124],[-71.546930999627378,44.628550000125784],[-71.546694999625842,44.628862000224217],[-71.546621000005985,44.629228999742438],[-71.546819000372722,44.629756000217974],[-71.547226000078481,44.630354999782291],[-71.548007999702989,44.630691999687549],[-71.54865499960826,44.630814000242623],[-71.549509999926016,44.630903000092793],[-71.550229999626239,44.630794000221599],[-71.551303000402186,44.630306000130133],[-71.552140000278271,44.630082000097566],[-71.552950000390183,44.630121999984162],[-71.553756000304134,44.630425999883293],[-71.554717999853693,44.631095000288788],[-71.555790999731329,44.632047000215408],[-71.556405000024668,44.63271400021867],[-71.557077999869207,44.633404999821117],[-71.558186999731859,44.634275000292106],[-71.559554000235693,44.634964000306887],[-71.560530000028947,44.635468000237019],[-71.561151999819884,44.635704999973278],[-71.562209999628905,44.63612700000153],[-71.562970000410417,44.636405999763433],[-71.56327900020689,44.636648000124687],[-71.563721000072775,44.637247000148975],[-71.563998999907128,44.637936000033001],[-71.563989999686285,44.638489999882154],[-71.563774999601137,44.638942999799234],[-71.563598999874046,44.639048999969113],[-71.563203999863831,44.639112000159237],[-71.562324000330037,44.639137999974231],[-71.561397999867168,44.63909700021145],[-71.560423999723739,44.639154999945298],[-71.559704000023515,44.639297999956121],[-71.559001000041718,44.6397719997737],[-71.558225000265011,44.640526000277589],[-71.557866000239812,44.641217999839448],[-71.557790000071847,44.641959999826227],[-71.557833999554447,44.642102000307879],[-71.557837999752408,44.64211500018606],[-71.558225000265011,44.643354000036702],[-71.558790000154531,44.644219000296161],[-71.559540999816903,44.645102000181701],[-71.560777999726056,44.645922000291087],[-71.561667000379003,44.646822000099966],[-71.561961999931796,44.647188999801017],[-71.562296999667538,44.647984999862601],[-71.562310000086327,44.648630000114153],[-71.562037000274856,44.649769000208209],[-71.562019999658105,44.650145999989654],[-71.561999999566623,44.650579000051152],[-71.562423999889162,44.651592000304163],[-71.562602999989295,44.65195100021149],[-71.562616000408084,44.651975999908665],[-71.562806000378899,44.652355999730368],[-71.563538999599587,44.6528740001621],[-71.564295000183137,44.653392999892439],[-71.565075999982724,44.653796000036735],[-71.565794000033122,44.653852000245877],[-71.566420999846926,44.653724999773715],[-71.567052999683611,44.653348999703965],[-71.567340999563683,44.652740000027734],[-71.567707999984805,44.651535999829861],[-71.568181999637716,44.650878000112201],[-71.569025000259927,44.650289999895122],[-71.570094999764521,44.650049999854097],[-71.571626000299872,44.649896999908684],[-71.573315999945549,44.649960999972528],[-71.575096000002944,44.650240000314646],[-71.577081000099739,44.650686000188145],[-71.578739999783295,44.651278000096013],[-71.579431000069533,44.651498000253234],[-71.579868999737442,44.651683999961726],[-71.580027999746079,44.651866999999783],[-71.580071000302112,44.652098999923339],[-71.579906000445675,44.652246999896576],[-71.57941900037396,44.652308999704012],[-71.578304999590131,44.65243200029056],[-71.57725900037498,44.652606000222761],[-71.576097999735467,44.652761999718123],[-71.575259000209556,44.653102000146568],[-71.574742000000626,44.653527999884844],[-71.574429999831068,44.654203000245026],[-71.574490000105541,44.654831999944548],[-71.574736000152839,44.655379999781296],[-71.575214999828631,44.655829999942547],[-71.575860000084091,44.656067000212573],[-71.57659999987581,44.656188999814859],[-71.577411999637533,44.656145999874305],[-71.578297000092505,44.65585499988461],[-71.57918400019733,44.655448999823939],[-71.579925999638846,44.655355999691643],[-71.580389000319428,44.655376000193051],[-71.581314999883986,44.655449999879544],[-71.582721999672458,44.655890999705548],[-71.583734000349054,44.656345999936228],[-71.584606000385222,44.656881999793271],[-71.585269000184041,44.65741599976446],[-71.585747999859848,44.657899999924375],[-71.586243000327485,44.658511999734401],[-71.586764999660986,44.659185000245351],[-71.587364999710601,44.659715000165377],[-71.587565999552069,44.66017199973065],[-71.587747000200352,44.660454000057491],[-71.58778999985806,44.660708000002565],[-71.587810999774462,44.660834999877274],[-71.587667999659317,44.661099000291379],[-71.587198000204339,44.661474999948169],[-71.586778000079775,44.661702999979831],[-71.58670100008689,44.661750000059882],[-71.586005999602705,44.662177000101735],[-71.585371000291303,44.66276699977297],[-71.585110000175391,44.663111999939211],[-71.584941999945897,44.663508000210534],[-71.584941000120992,44.66355699993661],[-71.584932999725055,44.664054000020847],[-71.585039999855169,44.664666000042885],[-71.585187999993195,44.665561000282608],[-71.58515700003106,44.666056999924798],[-71.585425999644556,44.666621000095894],[-71.585788999867745,44.66710299973348],[-71.586517999788782,44.667919999757288],[-71.587338999771347,44.668769999776991],[-71.587770999591484,44.669286000246139],[-71.587903999660853,44.669667000158967],[-71.587876999896679,44.669931999768508],[-71.587825999843062,44.670000999742847],[-71.587734999606468,44.670129000144343],[-71.587454000297384,44.670309000070979],[-71.586964999677519,44.670470000113802],[-71.586173999832198,44.670629000121892],[-71.585013000090996,44.670784999681807],[-71.583756000090375,44.671106000084414],[-71.583197000048614,44.671324999977649],[-71.582566000036863,44.671608999907896],[-71.582027000086597,44.672017999831986],[-71.581603999588978,44.672378999933109],[-71.581447000128449,44.672773999746681],[-71.581463000021984,44.673204000243224],[-71.581621000205729,44.673512000159128],[-71.581812999826354,44.673794000115066],[-71.582121999622828,44.674061000127033],[-71.582501999564442,44.674245999913886],[-71.583043999887735,44.674415999991531],[-71.583725999953131,44.674479000096611],[-71.583854999824553,44.674484999738013],[-71.584247000360037,44.674500000116403],[-71.585407000276319,44.674460000163378],[-71.586162000136639,44.674349999990554],[-71.586776000429964,44.674347000162946],[-71.587748000025258,44.674479000096611],[-71.588439000311467,44.674739999893397],[-71.589010999873693,44.675191000264235],[-71.589593000379963,44.675808000039098],[-71.590210000148019,44.676350000193032],[-71.590831000114051,44.676620000275463],[-71.591641000225948,44.676725999940253],[-71.59215099986389,44.67672100021953],[-71.592581000034201,44.67666699975905],[-71.592916999594863,44.676653000270207],[-71.593229999589312,44.676672000123169],[-71.593863999974133,44.676850999844198],[-71.594903000414888,44.677115000140041],[-71.595466999581191,44.677368000226501],[-71.596089000270425,44.677636999725287],[-71.596614999801915,44.678087999906118],[-71.596771000335821,44.67844499996928],[-71.596766000312968,44.678792000026796],[-71.596623000197823,44.679055999783124],[-71.596374999602389,44.679335000018362],[-71.595987999988097,44.679637999816634],[-71.595459999908499,44.680072000281626],[-71.594977999859651,44.68048099987994],[-71.594686999606509,44.680792000214204],[-71.594470999696441,44.681022999757893],[-71.594397999901503,44.681138000016801],[-71.594299000167297,44.681295999889272],[-71.594207999930717,44.6814399997211],[-71.594150000204394,44.68153300016747],[-71.593990000370823,44.682151999946115],[-71.593959000408688,44.683424999857273],[-71.594054999769838,44.683931000026433],[-71.594305000015098,44.684287999854696],[-71.594875999752389,44.684781000258603],[-71.595331000037064,44.685370999774257],[-71.59596500042187,44.686301999723511],[-71.596563999748284,44.687323999837226],[-71.596701000015628,44.688201999891923],[-71.596792000252222,44.689045999992935],[-71.596840999757703,44.689304999733302],[-71.596860000024293,44.689403999700453],[-71.5968969998342,44.689601999765749],[-71.596911999902815,44.689681999813054],[-71.596916999925696,44.689705000277172],[-71.59692600014651,44.689755000310569],[-71.5969739998271,44.690007000026341],[-71.597212000376786,44.690388999826091],[-71.597697999725284,44.691195000248648],[-71.597954999643235,44.691767000274218],[-71.597937000099876,44.692221999903389],[-71.597672999610921,44.692814999771301],[-71.597186000437503,44.693531000191214],[-71.596850999803451,44.694213999869639],[-71.596496999801133,44.694609000262297],[-71.595970000444751,44.694942999764315],[-71.595644000031498,44.69504799973938],[-71.595225999556774,44.695095000238233],[-71.594735000185409,44.695061999891962],[-71.594551999887301,44.695094000228025],[-71.594108000371605,44.695266999822792],[-71.593802000049834,44.69563200003698],[-71.593764000415007,44.695926000203904],[-71.593860999601077,44.696414999944821],[-71.59407599968624,44.696706000020647],[-71.594570000328957,44.697032999723575],[-71.59535399960329,44.697302999838101],[-71.596208000096127,44.697557999819054],[-71.597039999949345,44.697722000032243],[-71.598174999751251,44.697972000281197],[-71.599475000307919,44.698169999789037],[-71.599502999897013,44.698179999997777],[-71.6000019996643,44.698447999967676],[-71.600496000307032,44.698737000148718],[-71.60076999994341,44.699017000044222],[-71.601006999769879,44.699444000087453],[-71.600960999739129,44.699808000223449],[-71.600887000119272,44.700100999696716],[-71.600600999889025,44.70057800031357],[-71.600174000091755,44.701219999983621],[-71.5997969996249,44.70163000021325],[-71.598926000311934,44.702467000189593],[-71.598589000028042,44.703241000150264],[-71.598625999837964,44.703870000222679],[-71.598845999945979,44.70458299976935],[-71.599391999568951,44.70531500014723],[-71.600099999573601,44.705998999838116],[-71.60069499960035,44.706532000136335],[-71.601241999946524,44.706868000068553],[-71.601268999710697,44.706884000168685],[-71.601293000000155,44.706891999897863],[-71.602215000265062,44.70718100006728],[-71.603150999875339,44.707411999715191],[-71.603625000426575,44.707498000111428],[-71.603947999568447,44.707582999946965],[-71.604293000248262,44.707776000191586],[-71.604545000143347,44.707985000226927],[-71.605013999773391,44.708409999687973],[-71.605812000189744,44.709268000140881],[-71.606289000215725,44.709942000273578],[-71.606526000042194,44.710331999974748],[-71.606413999889185,44.710862999841382],[-71.60674600015021,44.711386999926972],[-71.607551000239241,44.712317000090088],[-71.608140000418217,44.713318999813694],[-71.608520000359803,44.713956000207403],[-71.609543999833647,44.71453200007165],[-71.610239000317833,44.715098999774618],[-71.61059400014507,44.715447999799586],[-71.61070299992501,44.715510000308178],[-71.611298999776679,44.715845999829128],[-71.611583000357129,44.715998999973337],[-71.612107000238765,44.716413000062609],[-71.612512000294714,44.716673000235744],[-71.612601999808078,44.716859000178054],[-71.612456000218202,44.717260999864124],[-71.61241799968505,44.717407999795128],[-71.612462000066003,44.717560000017109],[-71.612657999884576,44.717865000156877],[-71.612856000251298,44.717986000275502],[-71.612992999620317,44.718194999826345],[-71.612954999985504,44.718304000114138],[-71.612759999991809,44.71848300012369],[-71.612653999686628,44.718657000286953],[-71.612606999830945,44.718889999928145],[-71.61254800027973,44.719185999902727],[-71.613765999922322,44.71995600011406],[-71.614870999586998,44.72047700021578],[-71.616075999709125,44.720961999864997],[-71.616207000128696,44.721015000318538],[-71.616462000396822,44.721117999844793],[-71.617160000355724,44.721379999690861],[-71.617746999986565,44.721661000041614],[-71.618259000172642,44.721942000304097],[-71.61864400013711,44.722193000179573],[-71.618682999596842,44.72227199969889],[-71.618732000000662,44.722470999884436],[-71.618699000388688,44.722764000175516],[-71.618367999952596,44.723951999753389],[-71.618055999783039,44.725379999767853],[-71.617870999835105,44.726107000150115],[-71.617546000145097,44.726890000170286],[-71.617208999861219,44.727680999849838],[-71.617038000156981,44.728249999774746],[-71.617044000004782,44.728589000194077],[-71.617106999753972,44.728711999719422],[-71.617160000355724,44.728748000231505],[-71.617198999815486,44.728774000055566],[-71.617341999930616,44.728830999997143],[-71.617827000352506,44.729008999923366],[-71.618451999618159,44.729079999855848],[-71.619079000330288,44.729035000268311],[-71.619685000227705,44.72884100001469],[-71.620142000162176,44.728627999713872],[-71.620526000301737,44.728450999963776],[-71.621415999881279,44.727912000003009],[-71.622234000389099,44.727538000204483],[-71.622862999852728,44.727361000310026],[-71.623582999552951,44.727316000023372],[-71.624391999839943,44.727454999859866],[-71.625037999920309,44.7277080002386],[-71.625612999855576,44.728042999688221],[-71.626093000254613,44.728543000153905],[-71.626248000065317,44.729039999940561],[-71.626306999616546,44.729702000212313],[-71.626270999631529,44.730578000252372],[-71.626156999828709,44.731974999726361],[-71.626110999797959,44.732752000096468],[-71.626003999667844,44.733693999986059],[-71.625843000009354,44.734281000231867],[-71.625782999734895,44.734501999876336],[-71.62553099983981,44.735002999982456],[-71.625351999739678,44.735359000223411],[-71.625012999805961,44.736298999891012],[-71.624935999813076,44.73681100022516],[-71.624996000087535,44.737439999810235],[-71.625241000309927,44.738137000154296],[-71.625692000396626,44.738949999951799],[-71.626166000049551,44.739864000016546],[-71.626411000271929,44.740509999808729],[-71.626357999670162,44.740990000033491],[-71.626213999730126,44.741285999865923],[-71.625930999872907,44.741598000169915],[-71.625528000365094,44.742141000174804],[-71.625206999974722,44.742655000115143],[-71.625148000423493,44.742750000154913],[-71.625133000354879,44.742917000034488],[-71.625092000346996,44.743360999729227],[-71.625357999587465,44.744174000083248],[-71.625990000322446,44.745368999892349],[-71.626531999747442,44.746366000045377],[-71.626986000207197,44.747014000059593],[-71.627330000163781,44.747331000079875],[-71.627767999831704,44.74751599995858],[-71.628229999789056,44.747651999874549],[-71.628922999725106,44.747839000113807],[-71.629824999898517,44.748036000274439],[-71.630541000299104,44.748314999906924],[-71.631060000157859,44.748508999907223],[-71.631382000373151,44.748693000121428],[-71.631496000175943,44.748835000052722],[-71.631631999720085,44.749034000079256],[-71.63182099986598,44.749589999795397],[-71.631963999981096,44.750027000106371],[-71.631975999676669,44.750063999807246],[-71.63204299962382,44.750269000151988],[-71.632159999799683,44.750984999936627],[-71.632113999768933,44.751618000305768],[-71.632020000057594,44.752058999887964],[-71.631823000414116,44.752369000147809],[-71.631625999872298,44.75256200028258],[-71.631554999727186,44.752631999712733],[-71.631230999862098,44.753029999727879],[-71.630753999836116,44.753305999930554],[-71.630256999718654,44.753474999852358],[-71.629918999609842,44.753578000264476],[-71.62962900007993,44.753624999803137],[-71.629254000161211,44.753643999917955],[-71.628634999845005,44.753710000133999],[-71.628119000359291,44.753757000203244],[-71.627639999785174,44.753757000203244],[-71.627293000353859,44.753738000125523],[-71.626956000069967,44.753682000128862],[-71.626609999565247,44.753659000205623],[-71.626084999858676,44.753675999761469],[-71.62548200033433,44.753787999712188],[-71.625189000431376,44.753842999973031],[-71.624628999666399,44.754054000001076],[-71.624031000164919,44.754478999801933],[-71.6233740002139,44.754919999879846],[-71.622170999741599,44.755449000202937],[-71.621157000313488,44.755772000041325],[-71.620259000338038,44.756020999991762],[-71.619445999853085,44.756047999906563],[-71.619030999751402,44.755904000002673],[-71.618533999633925,44.755792999924843],[-71.618104000361924,44.755789000251397],[-71.617721000047297,44.75582799992641],[-71.617265999762623,44.75596500029372],[-71.616669000086048,44.756298999762741],[-71.61599899971624,44.75685599997653],[-71.615340000115381,44.757447000011879],[-71.614634999585448,44.75805300016637],[-71.614118000274814,44.758413000217274],[-71.61325499956115,44.758703999841757],[-71.612856000251298,44.758997999821901],[-71.612712000311248,44.759278999834464],[-71.612729999854608,44.759641999775432],[-71.612975999901892,44.760239999865945],[-71.61317599991844,44.760819999995057],[-71.613100999575366,44.761199999716041],[-71.612887000213448,44.761529000127979],[-71.612556999602234,44.761874000143131],[-71.612340999692165,44.762302000208742],[-71.612122000307366,44.762978000124441],[-71.611973000344463,44.763581000003661],[-71.611878999734799,44.764064000279227],[-71.611764000107087,44.764364999758108],[-71.611544999823977,44.76501599974889],[-71.611354999853177,44.765329000237628],[-71.611072999820877,44.765517000113263],[-71.610701000275185,44.765588999930763],[-71.610179000043374,44.765584000229801],[-71.609050999914132,44.765699999686177],[-71.6079429998764,44.766022000200394],[-71.607078000411235,44.766428000259239],[-71.606213000047731,44.766818999959163],[-71.605098000337293,44.767595000150457],[-71.604427999967484,44.768169000284317],[-71.603673000107165,44.768593000206863],[-71.6032320000662,44.768919999951159],[-71.602873000041001,44.769260999817071],[-71.602699999788626,44.769527000304684],[-71.602438999672728,44.769927000007335],[-71.602272000166451,44.770261999747291],[-71.602205000219314,44.770396999721456],[-71.602026000119182,44.770874999885216],[-71.601997999631749,44.77104000018533],[-71.601785999919642,44.771434999781214],[-71.60170499972881,44.771587000228187],[-71.601159999930758,44.772326999995755],[-71.600547000360677,44.772934000255908],[-71.59984199983073,44.77344199970274],[-71.598838000448396,44.773846999974566],[-71.59776399984753,44.774235000077724],[-71.596573999794018,44.774623000124883],[-71.595614999719189,44.775029000308599],[-71.595099000233475,44.77540500007531],[-71.594788999713771,44.775931999905161],[-71.594664000040282,44.776476999768349],[-71.594773999645142,44.776858000310504],[-71.595207000188509,44.777390000225815],[-71.595643000206607,44.777725000037989],[-71.595844000048061,44.778238999793167],[-71.595813000085926,44.778717999932205],[-71.595640999658457,44.779312000267019],[-71.595163999632476,44.780152000015754],[-71.594550000237476,44.780825000129099],[-71.593751999821123,44.78136500010897],[-71.592485999599646,44.782668999946814],[-71.592061000350512,44.782699999883313],[-71.590946999566683,44.782760000165595],[-71.589820999985605,44.783235000093136],[-71.588863999560601,44.783558000157896],[-71.588003000293384,44.783655999810335],[-71.586608000200457,44.78382099993582],[-71.585649999950562,44.784161000059818],[-71.58417700003983,44.784793999753049],[-71.583521999738636,44.785102999980083],[-71.583079999872751,44.78518200025956],[-71.582571000059716,44.785046000050208],[-71.581693000175761,44.784773999945479],[-71.580626999970818,44.784633000085378],[-71.579719999774525,44.784725000132624],[-71.57918199964918,44.784936000227837],[-71.578640000224198,44.785443999928439],[-71.578142000281815,44.786117999910317],[-71.577737000225852,44.786775999999072],[-71.577074000427046,44.78754799978843],[-71.576741000341116,44.788058000087155],[-71.57626699978988,44.788649999985623],[-71.575861999733931,44.789257999816016],[-71.575439000134637,44.789602000314119],[-71.574736000152839,44.789960000178787],[-71.573920000193155,44.79020199999767],[-71.573382000067795,44.790445999989068],[-71.572817000178276,44.790870999825849],[-71.57253199977292,44.791298999863308],[-71.572407999924351,44.791809999783261],[-71.572375000312405,44.792389000140965],[-71.572229999649139,44.792767999760756],[-71.572041000401555,44.79294800026436],[-71.571665999584525,44.793144000032576],[-71.571314999955234,44.793339000185469],[-71.571192999756491,44.79371900015947],[-71.571160000144545,44.794313999991189],[-71.571519999994649,44.795043999787893],[-71.5720439998763,44.795661000219361],[-71.572362999718521,44.796044000098696],[-71.572629999682206,44.79677300015662],[-71.57277000032262,44.798179999908655],[-71.572852000338386,44.798892000122528],[-71.572799999561525,44.799206000071578],[-71.571920000027745,44.800489000166444],[-71.571888000240691,44.801414999968799],[-71.570483999926935,44.802835000127999],[-71.570331999590977,44.803203000027267],[-71.570271000389923,44.803642000257369],[-71.569534999897854,44.80437199996026],[-71.569243999644726,44.805147000265997],[-71.568769999991787,44.805721999973883],[-71.568642999770191,44.805848999832719],[-71.568524999769409,44.806067999855912],[-71.568391999700012,44.806479000047332],[-71.568391999700012,44.806499999978477],[-71.568384000202414,44.807040000043493],[-71.568672000082501,44.807457000200131],[-71.569245000367943,44.807975000234379],[-71.57002699999245,44.808477000046764],[-71.570693000164312,44.808912999791929],[-71.571152999573528,44.80923099980788],[-71.57138000025256,44.809562999829666],[-71.571808999699655,44.810310999832446],[-71.572495999787904,44.810912000162496],[-71.572903000392003,44.811240999687413],[-71.57316100013486,44.811332000105992],[-71.574135000278304,44.811619999756232],[-71.575127999789999,44.81194199975117],[-71.576050000054892,44.812428999771662],[-71.576253000444495,44.812596000267277],[-71.576416999577688,44.812730000143574],[-71.576780999625768,44.813228999717055],[-71.576953999878128,44.814024000068315],[-71.576964999748782,44.814785000206811],[-71.576865000189684,44.815196999944433],[-71.576507999814297,44.815757000065261],[-71.575751000304152,44.816626999980237],[-71.575348999722934,44.817053999693741],[-71.575084000307385,44.817614000260377],[-71.574890000138623,44.818108999811543],[-71.574438000227005,44.818765999835961],[-71.574218000118989,44.819442999927318],[-71.574001000384001,44.819987000207128],[-71.573668000298071,44.820463999739509],[-71.573455999687653,44.820643999859946],[-71.573151000089126,44.820823000307406],[-71.572683000283973,44.821017999941738],[-71.571888000240691,44.821341999826615],[-71.571104000068047,44.821641999819256],[-71.569527000400242,44.822208000048818],[-71.56840400029391,44.822703000302369],[-71.567396999640195,44.82314100023406],[-71.566532999999922,44.82345700012587],[-71.566087999760995,44.823651000072338],[-71.565830000018124,44.823790000141635],[-71.565616999582801,44.824003000147584],[-71.565313999634085,44.824100000239468],[-71.565034999974827,44.824080999728579],[-71.564759999615219,44.823880000177333],[-71.564532999834512,44.823547999745252],[-71.564422000404747,44.823215999949788],[-71.564168999786432,44.823032000099509],[-71.563776000324367,44.822946000134323],[-71.56321700028262,44.823008000048034],[-71.56235299974405,44.823282000307024],[-71.561836000433402,44.823625000242231],[-71.56124600042952,44.824238999863333],[-71.561221000315157,44.824265000053721],[-71.561048999887717,44.824665999911929],[-71.561038999841983,44.824689000229185],[-71.560942999582508,44.824914000050555],[-71.560848000046263,44.825135000300136],[-71.560834999627474,44.825165000052465],[-71.560811000236356,44.825221000185557],[-71.560423999723739,44.826159999876715],[-71.560125999797904,44.82734799970072],[-71.559853999811352,44.828338000070296],[-71.559252999936803,44.829540999931126],[-71.558910999630044,44.830580000001468],[-71.55885100025391,44.830697999895676],[-71.558431000129346,44.831518000111132],[-71.557733999995321,44.832950999777395],[-71.557253999596313,44.833873000165823],[-71.556923000058518,44.834200999763397],[-71.55617599969581,44.834427000190544],[-71.555451999797626,44.834603000084101],[-71.554310000322999,44.834792000026326],[-71.553327999783647,44.835163999780512],[-71.552552999831846,44.835654000257939],[-71.551823000085889,44.836259000007004],[-71.551114000256305,44.836965000303351],[-71.55075299968297,44.837721999856321],[-71.550647000276072,44.838498999958667],[-71.55070400017749,44.83929300024338],[-71.551011000324152,44.840419999903538],[-71.551390000440833,44.84139900027121],[-71.551453000190023,44.841795999952836],[-71.551434999748352,44.842013999752012],[-71.551423999877713,44.842160000231537],[-71.551577000038591,44.842756999786687],[-71.551987000117393,44.84327299992313],[-71.552535000288486,44.843873000002709],[-71.553034000055774,44.844603999957563],[-71.553623000234751,44.845519000178278],[-71.554080999994142,44.845968999998483],[-71.55477200028038,44.846388000029286],[-71.555276999895426,44.846755999696406],[-71.555481999934855,44.847006000181814],[-71.555666999882774,44.847420999980507],[-71.555768000165102,44.848008999930464],[-71.555794000104385,44.848566999953604],[-71.5557170001115,44.848968000140559],[-71.55568600014935,44.849043000003824],[-71.555656000012121,44.849117999769391],[-71.555486999957722,44.849535999934858],[-71.555142000176232,44.850038000283767],[-71.554562000218084,44.850677999755291],[-71.553829999923977,44.851366999692345],[-71.553217000353882,44.851857999779888],[-71.552336000096872,44.85245400025272],[-71.551891999682866,44.85284199979327],[-71.551859999895811,44.852870000112013],[-71.551765000359552,44.852953999712845],[-71.55174500026807,44.852970999965855],[-71.551699000237321,44.853011000054508],[-71.551596000305153,44.85308700021001],[-71.551567999817749,44.853107999724187],[-71.551548999551173,44.853121999820587],[-71.551501999695517,44.853157000046686],[-71.551388999717602,44.853240000042959],[-71.551334000364349,44.853280999766824],[-71.551310000074892,44.853298999745085],[-71.551244999777566,44.853347000084185],[-71.551178999655306,44.853396000203318],[-71.550781000170375,44.853690000042739],[-71.550545000168825,44.853927000276293],[-71.5501690004252,44.854138999903221],[-71.54957299967522,44.854324000228679],[-71.548895999632691,44.854483999841548],[-71.548358000405671,44.854686000079106],[-71.54790099957286,44.854938999913117],[-71.547595000149428,44.855160000288251],[-71.547452000034284,44.855397999988632],[-71.547298999873419,44.855863999940929],[-71.547252999842669,44.8561320001049],[-71.547313000117114,44.856381000244433],[-71.547515999608379,44.856747000221226],[-71.547744000112345,44.857075000144725],[-71.548109999810237,44.857434000008404],[-71.548703000187174,44.858137000140779],[-71.548878000089346,44.858423999934118],[-71.549367999635805,44.858860000206413],[-71.549536999690204,44.859033000161993],[-71.549746999752486,44.859696000000149],[-71.549786999935463,44.859849999811196],[-71.549899999913364,44.86028499977305],[-71.549961000012729,44.860797999821571],[-71.549740999904699,44.861458000034538],[-71.549451000374788,44.862084000118116],[-71.549026000227357,44.862527000232696],[-71.548387999644575,44.863091999783357],[-71.548032999817337,44.863486000013246],[-71.54747499960051,44.864175999792309],[-71.546753000250462,44.864988000315293],[-71.54624299971421,44.865604000316949],[-71.545923000047082,44.865932000084278],[-71.545524999663812,44.866126999896743],[-71.545102999889423,44.86628900028672],[-71.544450000136365,44.866415999798043],[-71.543819999949491,44.866584000104858],[-71.543374999710565,44.866762999846671],[-71.542260999825061,44.86730699978601],[-71.53992799957372,44.868477999836294],[-71.539285999691302,44.868629999965208],[-71.538739000243439,44.868674999683414],[-71.538099999835751,44.86864500029963],[-71.537391000006181,44.868598000172454],[-71.536774000238111,44.8686419997237],[-71.535969999973986,44.868742999926553],[-71.535128000075048,44.869033000248869],[-71.534329999658695,44.869464999688063],[-71.53350899967613,44.869888000082362],[-71.53291100017465,44.870221999982256],[-71.532510000316663,44.870507999854333],[-71.532024999894773,44.871015999729188],[-71.531798000114037,44.871403000103768],[-71.531311000042322,44.871994000056503],[-71.530745000327883,44.872443999912676],[-71.530334000424162,44.872697000021006],[-71.529878000314568,44.872849999949452],[-71.529458000190004,44.872945999821717],[-71.529152999693181,44.87306699987024],[-71.528964000445598,44.873256000305155],[-71.52875100001026,44.873493999686907],[-71.528557999666404,44.873922000255199],[-71.528455999559171,44.874449999831008],[-71.528576000108089,44.874872999873531],[-71.528658000123855,44.875037000000177],[-71.528674999842281,44.875071000193067],[-71.528778999599368,44.875280000038835],[-71.5289230004377,44.875711000263365],[-71.528951000026808,44.876108000245999],[-71.528910000018911,44.876500999814461],[-71.528834999675851,44.876781000009387],[-71.528715000025244,44.876986999869374],[-71.528581000130941,44.877365999873106],[-71.528371999893579,44.877712000075114],[-71.527770000194124,44.878195000008994],[-71.527300999665755,44.878443000188142],[-71.526792999677639,44.878586999945391],[-71.526529999911915,44.87862600004307],[-71.526216000092546,44.878640000300194],[-71.52566399972352,44.878627000061549],[-71.524930999604507,44.878645999772822],[-71.524348000171628,44.878731999995466],[-71.523552000303411,44.879023000284107],[-71.523404000165414,44.879106999923053],[-71.523231999737973,44.879205000195576],[-71.522964999774274,44.879357000002251],[-71.522805999765623,44.87947399992332],[-71.522676000069268,44.879570000203188],[-71.522577000335062,44.879643000308775],[-71.522537999977004,44.879677999689982],[-71.522209999913954,44.879979000237093],[-71.521956000369045,44.880322000036301],[-71.521937000102483,44.880347999744721],[-71.521915000361162,44.880404999700893],[-71.521692999704996,44.881007999865652],[-71.521544999566999,44.881518999891775],[-71.521209000006337,44.882119999922843],[-71.520800999577332,44.882836000232011],[-71.520254999954389,44.883475999864331],[-71.519688000415044,44.884016999908027],[-71.519274000138253,44.884427000071184],[-71.518956000120937,44.884663999799905],[-71.518674000088623,44.884801999796458],[-71.518440999561804,44.884849999966676],[-71.518126999742449,44.884855000154531],[-71.517778999587918,44.884802999707588],[-71.517340000095075,44.88463299992582],[-71.516945999909794,44.884505999877085],[-71.516643999785984,44.884479000221511],[-71.516295999631453,44.884466999946206],[-71.516084999744251,44.884522999724467],[-71.515872000207239,44.884735999894758],[-71.515668999817635,44.88505700012275],[-71.515641000228541,44.88537099988767],[-71.515631000182807,44.885518999721747],[-71.515609000441486,44.8858669996891],[-71.515507000334253,44.886411999692882],[-71.515360999846067,44.886749999941223],[-71.515124000019597,44.887037000283861],[-71.515036999980978,44.887100999712622],[-71.51492999985085,44.88718100017131],[-71.514770000017279,44.887298999960649],[-71.514087999951883,44.887723000237266],[-71.513605999903049,44.888056999728569],[-71.513205999869953,44.888293999776593],[-71.512569000010416,44.888833999856089],[-71.511990999702078,44.889300000273906],[-71.511485000262127,44.889609999842747],[-71.5111320000847,44.889888000240063],[-71.510788999953022,44.890199000275658],[-71.510669000302428,44.890430000255314],[-71.510710000310311,44.890720000117462],[-71.510778999907288,44.890849000060285],[-71.510812000417545,44.890911000092665],[-71.51105300044199,44.891095000185317],[-71.511501999980567,44.891362999889701],[-71.512113999725756,44.891632999839359],[-71.512599000147645,44.891818999746135],[-71.513036999815554,44.892045999806129],[-71.513266999969318,44.892230000086045],[-71.513687999918815,44.892747000256854],[-71.514006999761051,44.893170999829515],[-71.514081000279191,44.89361800025808],[-71.514055000339937,44.893776999726597],[-71.514043999570958,44.89384800011571],[-71.514015999981865,44.894023000055228],[-71.513882999912482,44.894311000127267],[-71.513646000086027,44.894574000139556],[-71.513200000022167,44.894784999889595],[-71.51247399957586,44.89506800002772],[-71.511983000204495,44.895188000279731],[-71.511435000033401,44.895257000104401],[-71.510571000393142,44.895456000001978],[-71.509984999688911,44.895661999813335],[-71.509453000309648,44.896019000132881],[-71.508623000106269,44.896317999757393],[-71.508273000301898,44.89652000019656],[-71.50796299978218,44.896939000177539],[-71.507806000321665,44.897244999882474],[-71.507823000040091,44.897638000152966],[-71.507862000398148,44.897921999933089],[-71.507834999735664,44.898309999740462],[-71.507766000138687,44.89858000016406],[-71.5076969996434,44.898895999888616],[-71.50766300020652,44.899000999734881],[-71.507655999635531,44.899024000281592],[-71.507573999619765,44.89928400012311],[-71.507371999953392,44.899488999927861],[-71.507136999776762,44.899667999764922],[-71.506678000192451,44.899929000160348],[-71.506161999808413,44.900206000030082],[-71.505562999583688,44.900498000140907],[-71.504980000150823,44.900703000071424],[-71.504823999616889,44.900760999853894],[-71.504123000183256,44.901048000275267],[-71.503641999959314,44.901266999994476],[-71.503277000086328,44.901503999692096],[-71.503000000076895,44.901736999945989],[-71.502574000104545,44.902154999842693],[-71.502427999616359,44.902310000185771],[-71.502200000010731,44.902553000198715],[-71.501654000387774,44.903197000239935],[-71.5012970000124,44.903669000123095],[-71.501095000346041,44.903924000154269],[-71.500674000396543,44.904537999713078],[-71.500522999885504,44.904713000205014],[-71.500056999730177,44.904750000004491],[-71.499414000022867,44.904710999802504],[-71.498917999730295,44.904665000068604],[-71.498337999772161,44.904560999953581],[-71.497840999654713,44.904342000056623],[-71.497450999667379,44.904049000168115],[-71.496898000371715,44.903704999739482],[-71.496608999768412,44.903603000237716],[-71.496422999995573,44.903592999939981],[-71.496177999773181,44.903623999775633],[-71.495792999808714,44.903728000313258],[-71.495346999744882,44.903930999749896],[-71.495099999872679,44.904103000181621],[-71.494909999901893,44.904299000016657],[-71.494811999992578,44.904562999725094],[-71.49470999988533,44.905083000309361],[-71.494690999618769,44.905546000206435],[-71.494834999558805,44.905918999943943],[-71.495279999797731,44.906435999837086],[-71.495724000211752,44.906977000242712],[-71.495950999992459,44.907359999882438],[-71.496093000282684,44.907848999892892],[-71.496084000061856,44.90839400027324],[-71.496017000114705,44.908897999777906],[-71.495857000281134,44.909138000200379],[-71.495792999808714,44.909235000084109],[-71.495723000386832,44.909340000134492],[-71.495646000393947,44.909457000146425],[-71.495114999941293,44.909915999997772],[-71.494715999733131,44.910101999933453],[-71.494261000346768,44.910172999886953],[-71.493654999551055,44.910217000091926],[-71.493269999586573,44.910271000037191],[-71.493082000163909,44.910394000041158],[-71.493019000414733,44.910640999993703],[-71.493058999699386,44.911055000312764],[-71.493123000171806,44.911238000116491],[-71.493169000202556,44.911370000092923],[-71.493363000371318,44.91161199989854],[-71.4936860004115,44.911779999937224],[-71.494057000132258,44.911874000221729],[-71.4940949997671,44.911875000298373],[-71.49460299975523,44.911878999968629],[-71.495325999828481,44.911793999759226],[-71.495945999969592,44.911642999863112],[-71.497746999943374,44.911112999830415],[-71.498424999810808,44.910944999750562],[-71.498926000126232,44.910916999689491],[-71.499309000440874,44.910936000186858],[-71.499552999940036,44.91099600000846],[-71.499944999577195,44.91117400019229],[-71.500311000173397,44.911531999707485],[-71.500547999999853,44.91195600008723],[-71.500645999909167,44.912346000111313],[-71.500628000365793,44.91271700013133],[-71.500552000197828,44.913088999720394],[-71.500440000044833,44.91349299973421],[-71.500456999763273,44.913848999987529],[-71.50049699994625,44.914229000169037],[-71.500700000335826,44.914628000295323],[-71.500959999728522,44.915043999927683],[-71.501518999770255,44.915710000204378],[-71.502159999827768,44.916343999804916],[-71.502340999577726,44.916635000011567],[-71.502646999899483,44.91708399992924],[-71.502986999658106,44.917617000169159],[-71.503328000139959,44.918083000151867],[-71.504380000101193,44.919183000254293],[-71.505045000448149,44.91974299975773],[-71.505586000048226,44.920119999966069],[-71.506160999983493,44.920497000245049],[-71.506564000389616,44.920773000313275],[-71.506870999637968,44.921009999735588],[-71.507147999647415,44.921291000083997],[-71.507881999591334,44.921942000040808],[-71.508372999861024,44.922459000192504],[-71.508702999573899,44.922909000281216],[-71.508894000267929,44.923332000165608],[-71.509050999728444,44.923647999944457],[-71.509336999958691,44.923955999690584],[-71.509716999900306,44.924215999983439],[-71.509931000160535,44.924304999705726],[-71.510202000322195,44.924417999711842],[-71.510608000203064,44.924513000169803],[-71.511049000244014,44.924583000272797],[-71.511338999773926,44.924642999838916],[-71.511546000361506,44.924760999714401],[-71.511707000019967,44.924886000207486],[-71.511866999853552,44.925085999794682],[-71.512001999572746,44.92535999975874],[-71.512088999611393,44.925690999919901],[-71.512200999764374,44.925965000178394],[-71.512496000215478,44.926203000270796],[-71.512681000163411,44.926306000197457],[-71.513080000371573,44.926415000153376],[-71.513350999634909,44.926441999836236],[-71.51387399969164,44.926472000246335],[-71.514467000068564,44.926492999697288],[-71.514837999789336,44.926570999771322],[-71.515185000118976,44.926731000146141],[-71.515437000014046,44.92692299988046],[-71.515723000244321,44.927231999685446],[-71.515800000237206,44.927522000277158],[-71.515760000054243,44.927786000165575],[-71.515605000243539,44.927991999881307],[-71.515440000387102,44.92814699987504],[-71.515145999760918,44.92828499982523],[-71.514773000390321,44.928365000225277],[-71.514082999929016,44.928524000268105],[-71.51368500044407,44.928661000164055],[-71.513450000267426,44.928808000097533],[-71.513271999992199,44.928987999996863],[-71.513221999763488,44.929210999845992],[-71.513276000190146,44.929442999947952],[-71.513432999650675,44.929758999818482],[-71.513672000025267,44.930082999844906],[-71.51388999958516,44.930292000130798],[-71.514292999991298,44.930568000204168],[-71.514740999704969,44.93088599973651],[-71.515305999594474,44.931189000130729],[-71.515651000274303,44.931447999748336],[-71.515868000009277,44.931714999865015],[-71.51603600023877,44.932072000146746],[-71.516145999843616,44.932452999725648],[-71.516169000308153,44.932796000082234],[-71.516140999820749,44.933113999997424],[-71.515997999705618,44.93360100023208],[-71.51593900015439,44.933821999951782],[-71.515919000062894,44.934143999937469],[-71.515960000070777,44.934502000065336],[-71.516058999804983,44.93484199996437],[-71.516227999859382,44.935158000018269],[-71.516432999898797,44.935432000267376],[-71.516708000258404,44.935666000002122],[-71.517077000329337,44.935875999979459],[-71.517621000302469,44.936046000246527],[-71.518269999857594,44.936267000095704],[-71.519091999665065,44.936512999833866],[-71.519727999699697,44.936749999817962],[-71.519982000142917,44.936909999817559],[-71.520176000311665,44.937117999786452],[-71.520346000190969,44.937401000093367],[-71.520487999582883,44.937616999764366],[-71.520781000384162,44.937797000035282],[-71.520910000255583,44.937841000072204],[-71.521250000014206,44.937957999919675],[-71.52143999998502,44.938087999682544],[-71.52161099968923,44.938287999721304],[-71.521763999850108,44.938533000091155],[-71.521763999850108,44.938554999831879],[-71.521959999668695,44.938792000290228],[-71.521999000026753,44.938839000294408],[-71.522060000126118,44.939076000216417],[-71.52225799959453,44.939266000179884],[-71.522501999992002,44.939442000073718],[-71.522701000183631,44.93967799982169],[-71.52283799955265,44.939915000095809],[-71.52279400007005,44.940029999723386],[-71.522779000001435,44.940070999927521],[-71.522723999749857,44.940096999964233],[-71.522640000084266,44.940167000151291],[-71.522440999892638,44.940289000164363],[-71.522288999556665,44.940564000306267],[-71.522228000355611,44.94063999992354],[-71.521999000026753,44.940716000076144],[-71.521541000267362,44.940693000316685],[-71.521296999869875,44.940624999923394],[-71.521174999671146,44.940518000020482],[-71.521126999990571,44.940356999683843],[-71.521128999640396,44.940202000212814],[-71.521128999640396,44.940159000297712],[-71.521143999709011,44.940060000030712],[-71.521214999854109,44.939853999724349],[-71.521235999770511,44.939792999923966],[-71.52121999987699,44.939624999763375],[-71.521153999754759,44.939519000135839],[-71.521115000295012,44.939473000284579],[-71.521091000005555,44.939443999903197],[-71.521019999860457,44.939358999775507],[-71.520993999921174,44.939169999721365],[-71.520959999585997,44.938918999983038],[-71.520361000259584,44.938582999778696],[-71.51989599992919,44.938487999699326],[-71.519127999650081,44.93849000019793],[-71.518474999897009,44.938574999704429],[-71.517982999802399,44.938745000247579],[-71.517068000108523,44.939116999830013],[-71.516692000364884,44.939345000310951],[-71.516396000088875,44.939607000080358],[-71.516182999653537,44.939862000256255],[-71.515893000123626,44.940430000200472],[-71.515698000129959,44.940957000070327],[-71.515487000242757,44.94174100004485],[-71.515178000446269,44.942655999895742],[-71.515174000248322,44.942668000107531],[-71.515155999806652,44.942722000075747],[-71.515043999653656,44.943014999901138],[-71.515006999843735,44.943111999821973],[-71.514899999713606,44.94339000028662],[-71.514790000108746,44.943694999878993],[-71.514797999606373,44.943909999879203],[-71.514933000223891,44.94415899975143],[-71.515199000362657,44.944302000116799],[-71.515556999664653,44.944437000232632],[-71.516264999669303,44.944575999968343],[-71.516822999886116,44.944646999923059],[-71.517288000216553,44.944691999938449],[-71.517576999921545,44.944809999952597],[-71.517795000379749,44.944993999835475],[-71.517976000129721,44.945284999883825],[-71.518019999612335,44.945466999896183],[-71.5180039997188,44.945689999973602],[-71.517848000083191,44.945961999955934],[-71.517551999807182,44.94623199969223],[-71.517254999706253,44.946634999879805],[-71.516895999681068,44.947160999914871],[-71.516703000235552,44.947589000305484],[-71.516671000448497,44.947750000070549],[-71.516663000052574,44.947863999812796],[-71.516668000075427,44.947891000220501],[-71.516694000014709,44.948068999906177],[-71.516757999588805,44.948417000190247],[-71.5169180003207,44.948599999882283],[-71.517138000428716,44.948709000123408],[-71.517508000324568,44.948811999741061],[-71.518019999612335,44.948882000110288],[-71.518611000339433,44.949036000240547],[-71.518922999610652,44.949155000289409],[-71.519163999635097,44.949387999985817],[-71.519240999627982,44.949619999952532],[-71.519178999703684,44.949867999800723],[-71.519069000098838,44.950172999941792],[-71.518821000401715,44.950385999754481],[-71.518315000063424,44.950662999922343],[-71.517750999998825,44.950996999935185],[-71.517092000397952,44.951354999884465],[-71.516621000219772,44.95168200018469],[-71.516278000088093,44.952000999782634],[-71.516015000322383,44.952378999976304],[-71.51585700013861,44.952758000224023],[-71.515792999666189,44.953105000055821],[-71.515796999864151,44.953592999825162],[-71.515842000069995,44.954354000137783],[-71.51584399971982,44.954908000248167],[-71.515724000069227,44.955815999738469],[-71.515502000311386,44.95654200020055],[-71.515284999678073,44.956928999714542],[-71.515185999943881,44.957283999764286],[-71.515132000415505,44.957753999880495],[-71.515067000118194,44.958150999823658],[-71.515000999995962,44.958596999717976],[-71.51504000035402,44.959035000193801],[-71.515182999570825,44.959532999851199],[-71.515417999747484,44.960072000174762],[-71.515674999665436,44.960711000167485],[-71.515920999712719,44.961284000298136],[-71.516041000261623,44.961781000296291],[-71.516194000422516,44.962361000015832],[-71.516298000179589,44.963121999732699],[-71.516300999654305,44.963601999723885],[-71.516246000301038,44.964089000042549],[-71.516299000004494,44.964404000125974],[-71.516320999745801,44.964477999731216],[-71.516412999807315,44.964554000102531],[-71.516771999832514,44.964647999837105],[-71.517087000375099,44.964641999804527],[-71.517320999828513,44.964570000000585],[-71.517674000005925,44.964382999919948],[-71.518118000419932,44.964065000310335],[-71.518565000308683,44.963784000129699],[-71.518864000059423,44.963626000285402],[-71.519096999687946,44.963552000216715],[-71.519784999601114,44.963491000174258],[-71.520215999596317,44.963487000283834],[-71.520751000246932,44.963525000185115],[-71.521261999709793,44.963611999747179],[-71.521702999750744,44.9636980000029],[-71.522133999745975,44.963742999701012],[-71.522749999689111,44.963814000099276],[-71.523040000117334,44.963857999899119],[-71.523375999678009,44.963959999854247],[-71.523594999961134,44.964118999852644],[-71.52370899976394,44.964277000245971],[-71.523706000289209,44.964451000135384],[-71.523563000174079,44.964607000025886],[-71.523352000286891,44.964720999970972],[-71.522871999887855,44.964815999858061],[-71.522311000196297,44.964951999817401],[-71.521994000003886,44.965081000317376],[-71.521805999682911,44.965220000270328],[-71.521768999872975,44.965332999851263],[-71.521692999704996,44.965381999932198],[-71.52156499965848,44.965517000042468],[-71.521541000267362,44.965542000216338],[-71.521311999938504,44.965878000250321],[-71.52126599990774,44.966015000003893],[-71.521084000332877,44.966182999834977],[-71.520731999980356,44.966290000201099],[-71.519938999586884,44.966502999937816],[-71.519664000125587,44.96654099974802],[-71.519496999721014,44.966548999738301],[-71.51916899965795,44.966592999982723],[-71.518717999571251,44.966724999877947],[-71.518259999811832,44.966953000021526],[-71.518016000312699,44.967144000258187],[-71.51795500021332,44.967236000065419],[-71.517894000113955,44.96753300020444],[-71.51795500021332,44.967654999890883],[-71.518091999582353,44.967784999771311],[-71.51835199987336,44.967869000016485],[-71.518946999900109,44.967869000016485],[-71.519618000094837,44.967671000195168],[-71.519824999784078,44.967571999710458],[-71.5203970002446,44.967296999939123],[-71.520519000443343,44.967182000279344],[-71.520778000011106,44.966854000204314],[-71.520961000309214,44.966617999687692],[-71.521296999869875,44.966350999809627],[-71.521677999636381,44.966220999857171],[-71.521747000131697,44.966206000185934],[-71.522410999755408,44.966037999786614],[-71.522506000189964,44.966029999725066],[-71.522641999734091,44.966062999733417],[-71.522919999568416,44.966155999770471],[-71.52309199999587,44.96631500003808],[-71.523146000422557,44.966555000206966],[-71.523117000110247,44.96685200005858],[-71.523083999599962,44.967471999946127],[-71.523097000018751,44.967820999891451],[-71.523100000391807,44.967893999800879],[-71.523113999737191,44.96794399997254],[-71.522999000109465,44.968022000305808],[-71.522947000230928,44.968066000055913],[-71.522809000138665,44.968090000020915],[-71.522175999578764,44.968317999823391],[-71.522014000095368,44.968471999913035],[-71.521845999865874,44.968700999826623],[-71.521845999865874,44.968884000299241],[-71.521952999995989,44.969188999789445],[-71.522197000393476,44.969455999803927],[-71.522501999992002,44.969653999818959],[-71.522686000115016,44.96974600004917],[-71.523127999980886,44.969883000097717],[-71.523265000248244,44.969921000210931],[-71.523508999747406,44.969928999729859],[-71.523914999628261,44.969864999734256],[-71.524318000034384,44.96971500029894],[-71.524409000270992,44.969670999907123],[-71.524502999982332,44.969623999725819],[-71.524580999800136,44.96957399974751],[-71.524899999642372,44.969533999987746],[-71.525005000122661,44.969516999858932],[-71.525304999698321,44.969549000059793],[-71.525524999806336,44.969623999725819],[-71.525814000409639,44.969861000288262],[-71.526272000169058,44.97033400005197],[-71.526484999706057,44.970624000306643],[-71.52657699976757,44.970905999713501],[-71.526606999904814,44.971264999697176],[-71.526729000103543,44.97194299992757],[-71.526928000295172,44.972400999722254],[-71.527447000153941,44.973186999725712],[-71.527721999615238,44.973392999877369],[-71.528057000249305,44.973546000047897],[-71.528305999771334,44.97357000026193],[-71.52851500000871,44.973621999843807],[-71.529582999863479,44.974056999839831],[-71.530147999752998,44.974315999893399],[-71.530392000150471,44.974452999829033],[-71.530803000054206,44.974720999740128],[-71.530911000009255,44.974796999885314],[-71.531178999797845,44.975014999776469],[-71.531398999905875,44.975262000202498],[-71.531658000371962,44.975583000095213],[-71.53190299969603,44.975971999999999],[-71.532009000001224,44.97626900002124],[-71.532238000330082,44.977353000093075],[-71.532269000292231,44.978207000012326],[-71.532269000292231,44.978482000215898],[-71.532285000185766,44.978540000277562],[-71.532435999798494,44.979084999733409],[-71.532573999890758,44.979405000293887],[-71.532879000387609,44.979793999688155],[-71.532971000449109,44.979893000045408],[-71.533214999948271,44.980052999882716],[-71.533597000438021,44.980220999898528],[-71.53380999997502,44.980328000128615],[-71.534543000094047,44.98061800004502],[-71.534892999898403,44.980709999843512],[-71.53519900022016,44.980701999922132],[-71.535380999795024,44.98061800004502],[-71.535527000283224,44.980489999693077],[-71.535687000116766,44.980443000117603],[-71.535809000315524,44.980488000022874],[-71.535945999684557,44.980510999720757],[-71.536067999883301,44.980488000022874],[-71.536251000181409,44.980427000199256],[-71.536328000174294,44.980435000158963],[-71.536555999779921,44.980519000304177],[-71.536984000300407,44.980587999968328],[-71.537196999837434,44.980731999939181],[-71.537334999929698,44.980885000226792],[-71.537396000029048,44.980983999971095],[-71.537411000097677,44.981091000048046],[-71.537303999967548,44.981380999917668],[-71.536938000269657,44.981891999786171],[-71.536801000002299,44.982136000081425],[-71.536770000040164,44.982235000207169],[-71.536737000428204,44.982569000069674],[-71.536601999810671,44.983204000017736],[-71.536601999810671,44.983371999695962],[-71.536616999879286,44.983670000243826],[-71.536754999971549,44.98389899983404],[-71.536984000300407,44.984074000014068],[-71.537457000128427,44.984317999918019],[-71.537822999826304,44.984394000050983],[-71.538189000422534,44.984372000089756],[-71.538577999686623,44.984248000208062],[-71.538846000373553,44.984074000014068],[-71.539288000239424,44.983883999702954],[-71.540111999696734,44.983662000100111],[-71.540526999798416,44.983611000190109],[-71.540920999983726,44.983655000052863],[-71.541150000312598,44.983769000262164],[-71.541332999712367,44.983937000190807],[-71.541423999948961,44.984074000014068],[-71.541454999911096,44.984165999985258],[-71.54148500004834,44.984349000034584],[-71.541516000010475,44.984425000126443],[-71.54153100007909,44.984478000114137],[-71.541516000010475,44.98476800000649],[-71.541510999987594,44.984783999984096],[-71.541324000389849,44.985071000016013],[-71.541316999818847,44.985301999865833],[-71.541160000358332,44.985384999801894],[-71.541095999885897,44.985382000234956],[-71.540859999884361,44.985371000127309],[-71.540830999572037,44.985389000071329],[-71.540804999632783,44.985411000277644],[-71.540710000096524,44.985480999838259],[-71.540577000027142,44.985566000279007],[-71.540114000244856,44.985845999792943],[-71.540040999551621,44.985921999806244],[-71.539959000434166,44.986011999875558],[-71.539935999969629,44.986047999990816],[-71.539932999596601,44.986058999968556],[-71.539874000045359,44.986141000025071],[-71.539807999923113,44.986240000223638],[-71.539669999830849,44.986332999946391],[-71.539150000147174,44.986683000160248],[-71.538829999581708,44.987004000285665],[-71.538647000181939,44.987256000068726],[-71.538601000151175,44.987544999855402],[-71.538693000212689,44.987819999743898],[-71.538723000349904,44.987926999769044],[-71.538769000380654,44.988064000222202],[-71.538800000342817,44.988469000171044],[-71.538783999550958,44.989170999699191],[-71.538769000380654,44.989284999739631],[-71.538647000181939,44.989521999733405],[-71.538432999921696,44.989703999846128],[-71.538143000391784,44.989849999770136],[-71.537610000289305,44.989894999915407],[-71.536494999680542,44.989963999730747],[-71.535923000118345,44.990073000172046],[-71.53474099956243,44.990291999779323],[-71.534358999971019,44.99037600009418],[-71.534008000341743,44.990413999969249],[-71.533963000135898,44.990444999965746],[-71.533687999776291,44.990505999930328],[-71.533611999608297,44.990552000173132],[-71.533368000109149,44.990672999834509],[-71.533295000314197,44.990732000243604],[-71.533137999955358,44.990857000048138],[-71.533046999718778,44.991165000105738],[-71.533046999718778,44.991292000165231],[-71.533107999818156,44.991390999726299],[-71.533534999615412,44.991650000258971],[-71.533993000273128,44.991802999996708],[-71.534619000262012,44.99194000007963],[-71.536098999845436,44.992161000074937],[-71.536556999604841,44.992306000146463],[-71.536801000002299,44.992404999861833],[-71.537091000430522,44.992611000216677],[-71.537196999837434,44.992970000265039],[-71.537151999631575,44.993251999683309],[-71.537014000437637,44.993480999746652],[-71.536632999772806,44.993961999688139],[-71.536374000205043,44.99428199979414],[-71.536297000212159,44.994442000129986],[-71.536188000432219,44.994592000317049],[-71.536053999639577,44.99477600001876],[-71.535976999646692,44.994885000202117],[-71.534901000294326,44.995740999831654],[-71.534680000361377,44.99590000002145],[-71.534420000070384,44.996029000150983],[-71.534100000403242,44.996257999916715],[-71.533917000105149,44.996350000025359],[-71.53376399994427,44.996411000057428],[-71.533520000445108,44.996478999777125],[-71.533235000039753,44.996588999769351],[-71.533214000123351,44.99659700001466],[-71.533195999681695,44.996603999751926],[-71.533122999886757,44.996631999963022],[-71.532405999661265,44.997036999716343],[-71.531993999932638,44.997196999982926],[-71.531747000060406,44.997324999874508],[-71.531563999762298,44.997608999804029],[-71.530572999900443,44.999146000176069],[-71.530495999907558,44.999266000288856],[-71.530403000021124,44.999364000226251],[-71.529961999980159,44.999575000073584],[-71.529776000207335,44.999660999758348],[-71.529539000380865,44.99977000017784],[-71.529521999764114,44.999771999810598],[-71.529305000029126,44.99980100019512],[-71.529132999601671,44.999833999826322],[-71.529120000081207,44.99983600009211],[-71.528930999935312,44.999873000232164],[-71.528474000000827,45.000026000248567],[-71.527709999919665,45.000408000187456],[-71.526453999743921,45.000975999837415],[-71.526030000319707,45.001187000100231],[-71.525324999789788,45.001562000154777],[-71.524794000235445,45.001921000024637],[-71.524453999578526,45.002066999949278],[-71.524184999965001,45.002121999689543],[-71.523811999696107,45.002118999728168],[-71.523300000408327,45.002081999768166],[-71.522625000015651,45.002026000212474],[-71.521995999653711,45.001987999779537],[-71.521563999833589,45.002017000312797],[-71.521178000044202,45.002087999694631],[-71.520815999645933,45.002176000237753],[-71.519996000386612,45.002416999993791],[-71.519175000404047,45.002723999769721],[-71.518294999971957,45.003064000117611],[-71.517380000278052,45.003379000171051],[-71.516653000006812,45.003670000090814],[-71.516194000422516,45.003913999781275],[-71.515877000230091,45.004044000030262],[-71.515200000187576,45.004107999985834],[-71.514861000253887,45.004166999901365],[-71.514451999999949,45.004259000014457],[-71.514036000073347,45.004384000166105],[-71.513776999607273,45.004504999839661],[-71.513513000016616,45.004635000017799],[-71.512994000157846,45.004962000211989],[-71.512498999690209,45.005304999775348],[-71.51196700031096,45.005755000228262],[-71.511769999769157,45.0058940000375],[-71.511411999568864,45.006147000305035],[-71.510881000014535,45.006506000024693],[-71.510387000270129,45.006798999961234],[-71.510080000123452,45.00700300000107],[-71.509748999687361,45.007265000163322],[-71.509407000278898,45.007518999772941],[-71.509076999667698,45.007730999749981],[-71.508783999764745,45.007844000031291],[-71.508737999733995,45.007853000285778],[-71.508612000235615,45.007877000110739],[-71.508537999717447,45.007891000003987],[-71.508437000333416,45.007902000235269],[-71.508129000361848,45.007937000264214],[-71.507911999728563,45.007945000195228],[-71.50775600009294,45.007951000142796],[-71.507631000419494,45.007945999869008],[-71.507478000258601,45.007939999920922],[-71.507433999877662,45.007937999938122],[-71.507243999906876,45.00793000000607],[-71.506731999720799,45.00788399974023],[-71.505861000407833,45.007853999961156],[-71.505714999919661,45.007859000242973],[-71.505556999735902,45.007892000313774],[-71.505343000373983,45.007970999963412],[-71.505068999839295,45.008121999971301],[-71.50481199992133,45.008271000245067],[-71.504668999806199,45.008315000230475],[-71.504610000254957,45.008315000230475],[-71.504370000055459,45.008273000216292],[-71.504251000229772,45.008223000280182],[-71.503938000235323,45.008040000243525],[-71.503735999670639,45.007910999845507],[-71.503563000316589,45.007747999980765],[-71.503360999751933,45.007629000164542],[-71.503180000001962,45.007568999688402],[-71.502846000091097,45.007470000130944],[-71.502609000264641,45.007410000123429],[-71.502178000269438,45.007297999941208],[-71.501948999940566,45.007206000262855],[-71.50155200028054,45.007039000268925],[-71.501322999951668,45.006947000174542],[-71.50116999979079,45.006871000095614],[-71.50104799959206,45.006771000272721],[-71.500881000085798,45.006694999960274],[-71.500773999955669,45.00659600016251],[-71.500681999894169,45.006503999991779],[-71.500529999558196,45.006366999795091],[-71.500438000395008,45.006229999905855],[-71.500224000134764,45.006000999980728],[-71.500071999798791,45.005832999938825],[-71.499933999706528,45.005649999888298],[-71.499736000238144,45.005421000185102],[-71.499430999741293,45.005222999825783],[-71.49921700037936,45.005009000008755],[-71.498737999805243,45.004281999702066],[-71.498417000313196,45.003943999718338],[-71.497951000157883,45.003803999877675],[-71.497642000361409,45.003843000121726],[-71.497524000360627,45.003801999750422],[-71.497358999605865,45.00378899987443],[-71.497192000099602,45.003883000083889],[-71.497038000113804,45.003922000274194],[-71.496864000036538,45.00394700021932],[-71.496654999799162,45.004029999831971],[-71.496473000224299,45.004113999700124],[-71.496334000307115,45.004227000129973],[-71.496228999826812,45.004341000073559],[-71.496110000001138,45.004483999709926],[-71.495935000098939,45.004602999708183],[-71.495796000181755,45.004651999897128],[-71.495601000188103,45.00464200004344],[-71.495343000445246,45.004601999976074],[-71.495140999880562,45.004497999797273],[-71.494925999795399,45.004348999871631],[-71.49477299963452,45.004166000161689],[-71.494647999961074,45.003997999819532],[-71.494524000112506,45.003497999924008],[-71.494433999700831,45.003349999692084],[-71.494323000271052,45.003211000061675],[-71.494184000353883,45.003096999774939],[-71.494073000025807,45.00303800002775],[-71.493913000192222,45.002963000239866],[-71.493662000122058,45.002889000115836],[-71.493264999563721,45.002784000239281],[-71.492874999576372,45.002699999691359],[-71.492722000313819,45.002655000073055],[-71.492561999581937,45.002639999769016],[-71.492303999839066,45.002630000199311],[-71.492019000332036,45.002628999797579],[-71.491803000421967,45.002614000121909],[-71.491482000031596,45.002559000218781],[-71.491044000363672,45.002474999976144],[-71.490891000202794,45.002425000060541],[-71.490758000133411,45.002356000003765],[-71.490594999926785,45.002228999691212],[-71.490267999688641,45.002058000056039],[-71.49012600029674,45.001975999905063],[-71.490041999732838,45.001895000051228],[-71.490031999687105,45.001820999818037],[-71.490087999763588,45.001598000030874],[-71.490091999961535,45.001533999812025],[-71.490056999801453,45.001461999956781],[-71.490004999922917,45.001381000011399],[-71.489876999876401,45.001276999701972],[-71.489675000210042,45.001139999708556],[-71.489452999553876,45.001021000139282],[-71.489229999971116,45.000916999811523],[-71.488839000158848,45.000781999825243],[-71.488630999746377,45.000746000071572],[-71.488566000347376,45.000740000004612],[-71.488475000110796,45.000730999902906],[-71.488381000399457,45.000730999902906],[-71.48835600028508,45.000733000137338],[-71.48828099994202,45.000739000205087],[-71.488172000162066,45.000759999802028],[-71.48794799985609,45.000818999989548],[-71.487767000106118,45.000897999865614],[-71.487627000364043,45.000990999941976],[-71.487480999875856,45.001110000208769],[-71.487347999806474,45.001263000097886],[-71.48725699956988,45.001431000202942],[-71.487116999827791,45.001638000290143],[-71.486906999765509,45.001889999883957],[-71.486731999863309,45.002027999766547],[-71.48649500003684,45.002131000207882],[-71.485847000306649,45.00226400001052],[-71.485345000166319,45.002292999768891],[-71.485046000415579,45.00227700023256],[-71.484858000094604,45.002241999921196],[-71.484384000441693,45.002058999832499],[-71.484084999792614,45.002047999749557],[-71.483854999638865,45.002047999749557],[-71.48323500039605,45.002086999918689],[-71.482704999768316,45.002134999943813],[-71.481422999653319,45.002188000070383],[-71.481025999993278,45.002230999873383],[-71.480768000250407,45.002269999917935],[-71.480552000340339,45.002333999949762],[-71.480363000194458,45.002447999849274],[-71.480174000048564,45.002600999976337],[-71.480006999644004,45.002793000018471],[-71.479796999581708,45.003004999701261],[-71.479677999756035,45.003203000104691],[-71.479594000090444,45.003400999823761],[-71.479403000294738,45.00413700008108],[-71.479332000149626,45.00445299968581],[-71.479267999677205,45.004897999940169],[-71.479182000361789,45.005638999859691],[-71.479069000383888,45.006044000097496],[-71.478921000245876,45.006533000144373],[-71.478802000420188,45.006769999943302],[-71.478655000107096,45.007131000215495],[-71.478457999565279,45.00748600012237],[-71.478297999731723,45.007688999942658],[-71.478018000247559,45.007980000197954],[-71.477605999620593,45.008355000245636],[-71.477228000227129,45.008725000172888],[-71.476675999858074,45.009179000312791],[-71.476347999795024,45.009426000251196],[-71.475936000066383,45.009661999868371],[-71.475321999773058,45.009923000295927],[-71.474839999724196,45.01011499993151],[-71.474268000161985,45.010281999848651],[-71.473704000097371,45.010405000297638],[-71.47315299955325,45.010503000233967],[-71.472294999760763,45.010782999853866],[-71.472098999942176,45.010841999880434],[-71.471771999704032,45.010880999778514],[-71.471436999968262,45.010910000255443],[-71.470856000185222,45.010930000313024],[-71.470837999743551,45.010930000313024],[-71.470806999781416,45.010930999934651],[-71.470739999834279,45.01093400006966],[-71.470169000096973,45.010932999812994],[-71.469499999552056,45.010940999960667],[-71.469102999892016,45.010979999791338],[-71.468851999821865,45.011034000245793],[-71.468552000246206,45.011088000014297],[-71.468014999945765,45.011196000033593],[-71.467630999806204,45.011288999904657],[-71.466737999853621,45.011598999866102],[-71.465963999726725,45.01191899991008],[-71.465613999922354,45.012150000144459],[-71.465475000005185,45.012299000100953],[-71.465360000377459,45.012445000249173],[-71.465237000353824,45.012600000168909],[-71.465131000048601,45.01277700016648],[-71.465064999926369,45.012917999891435],[-71.465054000055716,45.012997000229696],[-71.465047000383009,45.013133000227157],[-71.465047000383009,45.013472000183071],[-71.465047000383009,45.013511999772028],[-71.465049999857754,45.013638000263221],[-71.465140000269429,45.013638000263221],[-71.465228000132996,45.013638000263221],[-71.465242000376676,45.013638000263221],[-71.46580600044129,45.013638000263221],[-71.466260000002734,45.013638999837589],[-71.466387000224344,45.013638999837589],[-71.466526999966433,45.013638999837589],[-71.49760999967603,45.013354999986674],[-71.499654000222378,45.01333599972056],[-71.499689000382475,45.01333599972056],[-71.499968999866624,45.013333999926175],[-71.500965999576295,45.013347000176253],[-71.501015999805006,45.013347000176253],[-71.501081999927251,45.013347000176253],[-71.501080000277426,45.013442999733293],[-71.501127999958001,45.013442999733293],[-71.5012970000124,45.013440999942645],[-71.502131000413755,45.013433999722125],[-71.504734000103511,45.013404999888166],[-71.505308000213887,45.013398999876912],[-71.505781999866812,45.013394000078733],[-71.506285999656967,45.013389000280071],[-71.506432999970059,45.013388000066278],[-71.515878999879916,45.013288000190002],[-71.518802000135153,45.013238999767708],[-71.526997999717054,45.01310400024078],[-71.530386000302684,45.013060000123907],[-71.538829999581708,45.012948000193532],[-71.548028999619376,45.012825999713876],[-71.556649000422127,45.012710999919186],[-71.556837999669696,45.01270900010293],[-71.557083999717008,45.012704999835179],[-71.557229000380261,45.01270300001876],[-71.559837000092912,45.012668999953171],[-71.560283999981664,45.012662000273359],[-71.56101000042797,45.012653000139444],[-71.572516999704305,45.012497999728083],[-71.582995000382255,45.012577000010637],[-71.587443000426731,45.012609000311137],[-71.595009999646706,45.012640999958684],[-71.597599999815984,45.012651999912805],[-71.597834999992628,45.012653000139444],[-71.604366999868105,45.012679000310762],[-71.609524999567071,45.012701999792988],[-71.612660000432712,45.012715000186525],[-71.613648999746459,45.012701000202227],[-71.633607999596038,45.012365000187962],[-71.634589000310484,45.012346999825382],[-71.637690999767557,45.012360999896188],[-71.639670000016565,45.012332999751123],[-71.640254999997566,45.012324000200586],[-71.6445370003607,45.012262999963681],[-71.653601999605741,45.012064999756909],[-71.661042000400727,45.011902999886836],[-71.666744000072811,45.011697999908002],[-71.670927999628333,45.011644999688762],[-71.676769999940817,45.011566000025823],[-71.683039999875476,45.011482999900799],[-71.686794999983917,45.011433999839412],[-71.689697000322738,45.011392000207074],[-71.696820000027003,45.011300000118446],[-71.697765999683057,45.011303999849247],[-71.697809000239062,45.011303999849247],[-71.698204000249277,45.011305999714516],[-71.703365000321284,45.011334999976299],[-71.709908999892335,45.011369000198755],[-71.714828999939911,45.011385999984874],[-71.723828999785937,45.011417000067539],[-71.733924000149258,45.011390999958401],[-71.74190100034636,45.011374000173724],[-71.744017999789321,45.011362999974196],[-71.754112000327694,45.011334999976299],[-71.763153000181617,45.011197999902642],[-71.771537999909413,45.0110699998854],[-71.780252000423502,45.010937000204514],[-71.790421000406639,45.01073800023412],[-71.792609999819632,45.010694999830513],[-71.793477999657853,45.010677999839253],[-71.79513499969157,45.010645000103402],[-71.795348000126921,45.010640999691482],[-71.796595999906742,45.01061699975449],[-71.796747000417795,45.010614000237972],[-71.796852999824679,45.010611999713433],[-71.797786999785146,45.010594000070043],[-71.798729999966454,45.010575999785949],[-71.799306999551547,45.010563999805093],[-71.801515000129413,45.010520999905957],[-71.804962000266258,45.010453999969236],[-71.805991999587889,45.010424000266006],[-71.816599999962165,45.010109999846641],[-71.821383999567317,45.009966000008916],[-71.829034000424599,45.009739999974762],[-71.838009999981182,45.009511000109626],[-71.84698600043609,45.00928199996406],[-71.857208999947588,45.009018999845949],[-71.864135999833294,45.00884100000809],[-71.867432000357411,45.008755999790495],[-71.877654999868895,45.008490999834095],[-71.887876999555488,45.008225999921919],[-71.896366999763572,45.008003999969645],[-71.897750000160926,45.007968000308324],[-71.899312999585021,45.007926999713753],[-71.899480999814514,45.007107999766362],[-71.90113700002334,44.998913999753533],[-71.90131100010062,44.998035000235248],[-71.902763000094936,44.990672999834509],[-71.902795999706896,44.990504999952279],[-71.902866999852009,44.990116000172584],[-71.903015999814926,44.989347000301777],[-71.903106000226614,44.988882999857687],[-71.903229000250263,44.988251999986439],[-71.90340599980226,44.987337000285592],[-71.903544999719443,44.986619999847441],[-71.903841999820372,44.985090000126824],[-71.904067999776174,44.983920999976796],[-71.90425899957188,44.982945000078715],[-71.904863999644377,44.979848999837102],[-71.905590999915603,44.976133000204548],[-71.906410000248343,44.97194699986391],[-71.906483999868186,44.971583999739146],[-71.906750999831871,44.970265999819446],[-71.907442999943001,44.966854999959381],[-71.907791000097561,44.965141000155462],[-71.908027000099111,44.963978000164019],[-71.908185000282856,44.963201999904193],[-71.908380000276523,44.962310000228513],[-71.910021000416734,44.954225000310601],[-71.910187999922996,44.953395000317407],[-71.910809999713948,44.950303000019979],[-71.910827000330698,44.950215999985573],[-71.911468000388183,44.946946000010335],[-71.911910000254068,44.944753000256249],[-71.91193299982028,44.944636000267181],[-71.911938999668067,44.944603000015206],[-71.912085000156239,44.943880999831499],[-71.912562000182234,44.941634000314224],[-71.913248000445577,44.937910000206756],[-71.914006999605547,44.933813000155332],[-71.914086999971488,44.933380000297909],[-71.914155999568464,44.933009999850974],[-71.914165999614198,44.93295600028766],[-71.914225999888657,44.932638000133515],[-71.914317999950171,44.932141999941763],[-71.914604000180432,44.930607999782161],[-71.916340999681793,44.921415999858432],[-71.91822000037169,44.91173600029262],[-71.919612000091561,44.904644000274629],[-71.920145000194026,44.901524999996766],[-71.916672000117913,44.899630999876287],[-71.916078999740975,44.899314999736944],[-71.914898999733211,44.898682000305236],[-71.914573000218283,44.898508000217518],[-71.914208000345312,44.89831300004203],[-71.910125000173807,44.896128999986075],[-71.905150999699558,44.893473000179469],[-71.902821999646179,44.892235000268755],[-71.897552999619123,44.889429000219458],[-71.897099000057693,44.889185000275816],[-71.895882000240007,44.888532999813663],[-71.895804000422203,44.888490999889711],[-71.895277000167511,44.888208999697127],[-71.895067999930134,44.888097000261681],[-71.88713099991601,44.883834000014403],[-71.886396999972064,44.883434000066963],[-71.886140999879032,44.883293000159284],[-71.883938000222344,44.882087999992578],[-71.877857000433579,44.878761999850489],[-71.87836700007152,44.878279000220211],[-71.881736000390575,44.874984000146185],[-71.885878000113308,44.870931999738488],[-71.88986800039838,44.867028000192526],[-71.892368999980903,44.864546000299974],[-71.898096999592255,44.858860999931629],[-71.899880000022691,44.857062000128984],[-71.904919999720875,44.851975000200049],[-71.905046000117579,44.851848000037741],[-71.907226000208041,44.849659999808807],[-71.907488999973751,44.84939600029044],[-71.907512000438302,44.849373000279918],[-71.907611999997414,44.849274000268217],[-71.907734000196157,44.849151999987619],[-71.90813300040432,44.848754000146783],[-71.908793999654989,44.848081000031748],[-71.909834999745584,44.847038999805612],[-71.910466999582255,44.846403999731372],[-71.911158999693384,44.845718000154413],[-71.912141000232737,44.844721999797862],[-71.919950000200359,44.836894999898718],[-71.919987999835186,44.836864999881278],[-71.92000100025399,44.836858999875922],[-71.920864999894249,44.836186000299492],[-71.922136999963527,44.835200000225207],[-71.924163999893111,44.833631000054424],[-71.925024000233748,44.832965000313692],[-71.925321000334648,44.832734000267386],[-71.926720999552131,44.831650000214772],[-71.92931599974429,44.829638999855995],[-71.930616000300972,44.828411000162554],[-71.933137999799868,44.826029999895297],[-71.936906000327127,44.822471999905872],[-71.938120999596649,44.821346000057638],[-71.939446000267694,44.820116999797605],[-71.939548000374927,44.820022999936818],[-71.940495999680778,44.819146999708565],[-71.941372999739841,44.818336000044695],[-71.942598999778369,44.817202999759914],[-71.945641999684199,44.814377000151971],[-71.945888999556388,44.814151000128824],[-71.946082999725164,44.813977999836894],[-71.948769999978822,44.811571999701947],[-71.954135000265339,44.806459000105818],[-71.954876999706855,44.805762999733048],[-71.957389000058356,44.803417999697821],[-71.958327000216769,44.802546999955055],[-71.959866000249733,44.801105000291152],[-71.964157999760289,44.797107000166356],[-71.97251200042426,44.78933900009747],[-71.974824999685794,44.787232000135077],[-71.974176000130697,44.786909000224917],[-71.973990000357844,44.786816999832936],[-71.973302000444676,44.786474000294668],[-71.970388000410281,44.785024000230038],[-71.969103999747134,44.784385000142407],[-71.967332999910582,44.783503999887934],[-71.962403999642177,44.78103500001297],[-71.959996999770993,44.77982800020316],[-71.954967000118543,44.777296000237705],[-71.954261999588624,44.776944000130285],[-71.953780000438087,44.77670300008193],[-71.953519000322174,44.776573000207101],[-71.953460999697555,44.776543999925337],[-71.952549000376706,44.776088000176159],[-71.951108000253043,44.775367000121911],[-71.950416999966819,44.775021999702901],[-71.945072999596704,44.772350000140818],[-71.939551999674578,44.769572000266038],[-71.939292000281881,44.769441000281056],[-71.935007000444045,44.76728299986042],[-71.930942999640806,44.765131000270209],[-71.927169999989019,44.763134000306387],[-71.923576000437379,44.761230999697112],[-71.921370000407634,44.760080000147397],[-71.913731000319331,44.756094999988001],[-71.905667999908488,44.75186200004201],[-71.902244000236166,44.750031000178602],[-71.897191999944113,44.747495000257324],[-71.891569999739644,44.744655000305698],[-71.88365899966476,44.740544000269495],[-71.882820999963783,44.740109999980398],[-71.882317000173629,44.739844999838354],[-71.879521999964908,44.738393999989277],[-71.874566999757235,44.735900000227865],[-71.874090999556174,44.735645999999761],[-71.871584999950784,44.734318999771737],[-71.865575000307132,44.731118000284731],[-71.861244000438518,44.728863000174861],[-71.857465000040619,44.726896000127063],[-71.856125000199299,44.726192000098614],[-71.855095999804263,44.725655999873055],[-71.852729000116042,44.724438999914703],[-71.842361999766197,44.719111000296081],[-71.837697999811652,44.716701999929796],[-71.837066999799887,44.716375999891447],[-71.841328000246619,44.71225999983659],[-71.846192000217698,44.707545999876167],[-71.851886000392184,44.702110000031887],[-71.852970999965379,44.701071999891468],[-71.854075999630069,44.700001000210953],[-71.855761999976139,44.698385999698971],[-71.858782000315728,44.695443000190537],[-71.859379999817222,44.694869000044612],[-71.865412999925425,44.689153000028533],[-71.87018499983499,44.68451399982353],[-71.874597999719384,44.680465999772295],[-71.881547000244694,44.673787999763313],[-71.883189000209796,44.67223799987805],[-71.883537000364356,44.67190899990625],[-71.885635000439066,44.669927000100479],[-71.886033999748918,44.669552000132242],[-71.886124999985512,44.669466000235367],[-71.887874000080743,44.667821999972794],[-71.888557999795964,44.66717800027903],[-71.888583999735232,44.667153999961677],[-71.888719000352765,44.667026999873869],[-71.888852000422148,44.666901999862816],[-71.890182000217735,44.665650999741956],[-71.890896999895091,44.664973999969384],[-71.89160400007485,44.664309999972581],[-71.894498000017734,44.661591999925122],[-71.901557999972823,44.654957999845429],[-71.901686999844244,44.654837999702615],[-71.903868999584546,44.652791000110618],[-71.910098000409633,44.646926000169159],[-71.910197999968744,44.646831000021116],[-71.909156999878149,44.646293000149242],[-71.907453999813654,44.645403000173978],[-71.907407999782905,44.645381999838776],[-71.901911999975155,44.642541999728458],[-71.899548999586585,44.641332999823092],[-71.895811000094895,44.639373999729038],[-71.894804000339491,44.638824999804498],[-71.894696000384471,44.638764999693471],[-71.894606999797688,44.638716999815635],[-71.894467999880519,44.638646000269809],[-71.894344999856855,44.638579000105558],[-71.893281000200048,44.638017000174983],[-71.884430000316939,44.633312999939015],[-71.878577999958708,44.630203000165466],[-71.874545000015914,44.628059999930052],[-71.871943000151077,44.626677000206335],[-71.863841000280487,44.622526000287756],[-71.862968000419386,44.622065000159694],[-71.857850000005087,44.61931099971931],[-71.851303000060994,44.61575199986563],[-71.849446999835635,44.614730000067972],[-71.848358999889371,44.614134000160966],[-71.842798999609187,44.611100000187143],[-71.842371999811945,44.610866999844035],[-71.849564999836403,44.604025000224098],[-71.854443000051191,44.599433000093789],[-71.856428000147986,44.597553999941908],[-71.862145999713604,44.59214099968387],[-71.862929999886234,44.591398999981791],[-71.868001000444877,44.586550999686068],[-71.872473999705392,44.582436999759331],[-71.874015000286505,44.58100099998267],[-71.874370999938648,44.580677999870097],[-71.874490999589256,44.580569999838261],[-71.874580000176039,44.580489000162594],[-71.874803999583705,44.580288000266712],[-71.876867000396629,44.578405000064485],[-71.878271999636965,44.577098000296765],[-71.880510000352047,44.575014999760697],[-71.890008000140469,44.566172999786424],[-71.890858000435344,44.565376999754719],[-71.896027000004963,44.56015400003934],[-71.897011000194141,44.559158000046317],[-71.89735699980055,44.558807000051793],[-71.898244999730252,44.557912999921982],[-71.898277000415618,44.557881000042158],[-71.898542999656087,44.557612999957826],[-71.898785000403734,44.557367999746553],[-71.900639000080957,44.555502999935023],[-71.901495000223619,44.554717999718115],[-71.90893799959504,44.547917000021947],[-71.908375000253642,44.547367999710197],[-71.903895000422111,44.543043000023346],[-71.897063999897583,44.536422999850977],[-71.889490000106605,44.52904200017656],[-71.884821999954099,44.524509999812494],[-71.881616999666576,44.521401000172283],[-71.8783029995991,44.518201999953128],[-71.877788999763197,44.517701999866858],[-71.876218999768085,44.516184000149678],[-71.874586000023811,44.514600000197952],[-71.869250000049618,44.509215000026003],[-71.864472000292253,44.504393000260606],[-71.86087000034469,44.500746999937014],[-71.858676999835424,44.498265000154412],[-71.856690999913738,44.496275000247984],[-71.85751600009425,44.495514000041112],[-71.862917000365783,44.490747999796199],[-71.865803999737679,44.488196000180075],[-71.868253000339962,44.486033000104158],[-71.874560999909463,44.480345000048722],[-71.880748999828342,44.474707999921989],[-71.885546999677203,44.470491000214281],[-71.88826599971793,44.468097999834256],[-71.888869999965493,44.467562000313535],[-71.891866000015668,44.464874999767545],[-71.891880000259349,44.464863000116843],[-71.89221800036816,44.464591999815781],[-71.893061000092032,44.463840999980235],[-71.895459999567294,44.461713999960423],[-71.900307999644866,44.457383000144567],[-71.903264000410346,44.45474199973637],[-71.903434000289664,44.454664000287757],[-71.904339999762726,44.454247999758991],[-71.90515200042276,44.453874000083367],[-71.909604999591821,44.451827999826314],[-71.911106999814848,44.451137000180296],[-71.912923999682164,44.450326000072188],[-71.916143000213395,44.448892000162303],[-71.919130999867633,44.447564000206256],[-71.921321000003843,44.446545999818042],[-71.922078000412284,44.446196999937925],[-71.922152999857047,44.446159999912915],[-71.922239000070775,44.446121000242535],[-71.9240850002504,44.445264999916027],[-71.92496700033233,44.444852999749685],[-71.926263999617646,44.444250000036455],[-71.92636700044811,44.444202999699456],[-71.926897000177533,44.443956999761348],[-71.933222000363784,44.441137999700786],[-71.922993000106189,44.431154000138967],[-71.921993000023463,44.430188999872023],[-71.917394000366258,44.425747000292283],[-71.914739999724546,44.423132999895202],[-71.911382999999361,44.419825999731046],[-71.909013999763033,44.417500000280697],[-71.90841999956119,44.416927999979308],[-71.908186999932681,44.416688000030625],[-71.907979000418536,44.41648400029429],[-71.905876000320944,44.414422000291914],[-71.905102000194063,44.413671999930735],[-71.903324999611414,44.411980000031356],[-71.902305000335531,44.410996000109542],[-71.898321999723166,44.407138999745484],[-71.897679000015827,44.406514999779013],[-71.890157999928292,44.399174000182605],[-71.88796000029447,44.397053999815242],[-71.883303999837537,44.392563000030229],[-71.881193000242362,44.390517000188467],[-71.878398000033656,44.38781300013089],[-71.874553000411851,44.383929000013012],[-71.871031999756838,44.380494000023745],[-71.86777799996382,44.377293999756709],[-71.867572000099486,44.377087000273519],[-71.865746999836261,44.375093999936439],[-71.863940999839599,44.373253000223244],[-71.860447999671976,44.369954000065725],[-71.858654000269212,44.36819199983038],[-71.856942999808808,44.366509999997383],[-71.854525000066957,44.364139999809161],[-71.853677000320232,44.363324000272591],[-71.850467000009829,44.360229999692997],[-71.849871999983066,44.359639000040403],[-71.847440999822439,44.357216000096606],[-71.84690799971996,44.356685999820947],[-71.84629199977681,44.356094999747796],[-71.844965000354279,44.354825999848138],[-71.843372999719563,44.353304000140987],[-71.840692000211988,44.350664999843119],[-71.840503999890998,44.35048200006505],[-71.837898999653106,44.347969999683869],[-71.837852999622356,44.347992999890302],[-71.837635999887368,44.348101000012861],[-71.837316000220241,44.34822300017364],[-71.836277999604377,44.348727000063128],[-71.835276999696745,44.349211999844208],[-71.83406599972686,44.349871000145953],[-71.833700000028969,44.350045999835871],[-71.833089000108686,44.350236999734342],[-71.832021000253903,44.350466000043248],[-71.830571999734332,44.350733000317049],[-71.829503000054643,44.350985000289768],[-71.828420000131274,44.351236999821339],[-71.827564999813518,44.351556999714326],[-71.826726000287607,44.351893000066156],[-71.825840999832621,44.352183000109505],[-71.82497100034459,44.352465000263962],[-71.82413199992034,44.352648000273732],[-71.823291999671227,44.352815999811213],[-71.822972000004071,44.352862000265844],[-71.821705999782608,44.352830999712054],[-71.820453999804798,44.352830999712054],[-71.81976800043978,44.352862000265844],[-71.819478000011557,44.352892000040207],[-71.818622999693801,44.353045000320591],[-71.817585999801167,44.353387999993139],[-71.816716000313122,44.353693000026986],[-71.815845999926765,44.354005999929797],[-71.814747000109861,44.354493999985145],[-71.814229000075997,44.354737999773576],[-71.813725000285842,44.355058999903683],[-71.813160000396323,44.355539000221363],[-71.812992999991749,44.355714999759535],[-71.812671999601378,44.356202999713922],[-71.812504000270209,44.356660999701703],[-71.812459000064365,44.356859000251326],[-71.812413000033615,44.357324999968576],[-71.812489000201595,44.357911999699667],[-71.812642000362473,44.358422999950633],[-71.813023000128965,44.359300999761231],[-71.814198000113862,44.361826000245358],[-71.814732000041246,44.362740999982172],[-71.815449000266725,44.364466000068354],[-71.816045000118393,44.366068000195149],[-71.816136000355002,44.366297000291084],[-71.816182000385751,44.366494999744944],[-71.816196999556041,44.366846000021816],[-71.816288999617569,44.367403000013574],[-71.816242999586777,44.367830000106636],[-71.816182000385751,44.36810499978349],[-71.816075000255623,44.36825800015621],[-71.8158769998889,44.368592999933632],[-71.815465000160259,44.368937000270201],[-71.814198000113862,44.369683999892587],[-71.813465999819755,44.370195000213023],[-71.8130540000911,44.37052299980617],[-71.812717999632127,44.370866999723937],[-71.812535000232344,44.371125999751186],[-71.812428000102216,44.371331999951728],[-71.812320999972101,44.371636999691162],[-71.812305999903487,44.371972999843379],[-71.812505000095101,44.372400000011119],[-71.812625999570614,44.372606000225431],[-71.812870999793006,44.372819999886424],[-71.813373999758241,44.37323199984629],[-71.813846999586247,44.373551999697952],[-71.81485400023999,44.374154999919789],[-71.815067999601922,44.374307999898946],[-71.81535800003013,44.374590000160289],[-71.815633000389738,44.374948000220797],[-71.815677999697286,44.37502499973796],[-71.815681000070327,44.375041999859562],[-71.81570399963654,44.375239999930159],[-71.815708999659421,44.375283999997627],[-71.815738999796636,44.376055000046428],[-71.815662999628657,44.376658000178054],[-71.815585999635772,44.377008000197215],[-71.815511000191009,44.377329000307256],[-71.815204999869266,44.378190999762055],[-71.815204999869266,44.37828999969372],[-71.815082999670508,44.378503999771667],[-71.814915000339354,44.379037999759667],[-71.81485400023999,44.379274000128689],[-71.81485400023999,44.3798619998162],[-71.814793000140611,44.38074700005177],[-71.814701999904017,44.381235000156742],[-71.81442700044272,44.381922000263721],[-71.814306000068896,44.382047000141569],[-71.814121999945868,44.382235000230843],[-71.813907999685625,44.38239500017275],[-71.813206000427073,44.382691999969104],[-71.812596000331709,44.382883000023462],[-71.811314000216697,44.383226000281127],[-71.810017000033071,44.383562000065538],[-71.80962000037303,44.383668999876761],[-71.809131999578099,44.383760000216284],[-71.8086899997122,44.383782999856429],[-71.807483999765182,44.383760000216284],[-71.80621800044203,44.38358499978348],[-71.804951000395633,44.383410000111517],[-71.804004999841254,44.383347999856433],[-71.803074000253844,44.383279999998223],[-71.80237200009698,44.383379000313163],[-71.80136500034159,44.383684000224648],[-71.800571999948119,44.384027999872437],[-71.800342999619261,44.384234000269025],[-71.800145000150849,44.384530999723673],[-71.799961000027835,44.384881999762875],[-71.799921999669763,44.38500900016944],[-71.799854999722612,44.385224999864086],[-71.799853999897721,44.385583999947364],[-71.799884999859856,44.386072000178139],[-71.800063999960003,44.386324000304128],[-71.800460999620043,44.38688699974368],[-71.800679000078233,44.387193999707378],[-71.800740000177612,44.387339000169668],[-71.800983999676745,44.387667000031819],[-71.801555000312376,44.388231999712062],[-71.801838000169582,44.388513000163989],[-71.802692999589027,44.389359999763478],[-71.802983000017264,44.389687999855482],[-71.803424999883134,44.390276000225917],[-71.803685000174127,44.390711000097987],[-71.803700000242756,44.390962000039195],[-71.803690000197008,44.391118000081669],[-71.803701999892567,44.391182000028195],[-71.803487999632324,44.391889999701917],[-71.80306300038319,44.392596000269776],[-71.802807000290159,44.392906000055831],[-71.802615999596128,44.393136999988293],[-71.802204999692393,44.393549000133063],[-71.801792999963752,44.393810000098192],[-71.801532999672759,44.393976000222999],[-71.800983999676745,44.394365000271605],[-71.79999199998997,44.394936999796464],[-71.799213999665113,44.395388000281514],[-71.798313000214918,44.396082000070571],[-71.797534999890061,44.396714999768726],[-71.796742000394914,44.397355999707756],[-71.796196999698566,44.397764999685116],[-71.796009000275916,44.397905000304299],[-71.795536000447896,44.398293999908702],[-71.794482999763417,44.399004000140032],[-71.793675000199656,44.399460999892568],[-71.793619000123158,44.399469000273569],[-71.792819999881885,44.399804999883784],[-71.79228599995453,44.399994999978347],[-71.792056999625657,44.400053000100513],[-71.791583999797652,44.400171000083013],[-71.791430999636759,44.400193999692888],[-71.790821000439706,44.400246999847809],[-71.790428000079331,44.400251000305616],[-71.789982000015485,44.400255000121327],[-71.789732999595159,44.400227000121951],[-71.789402000057365,44.400193999692888],[-71.788135000010939,44.400071999928826],[-71.786853999720861,44.399933999920663],[-71.78557199960585,44.399819999947461],[-71.784061000060291,44.399842999695316],[-71.782566000408266,44.399751999970263],[-71.781527999792416,44.399713000136494],[-71.780689000266491,44.399698000045383],[-71.779864999910885,44.399698000045383],[-71.779742999712141,44.399706999715413],[-71.778858000155495,44.399773999782795],[-71.778534000290406,44.399821999870078],[-71.778446000426854,44.399835000007293],[-71.777941999738374,44.399973000248956],[-71.777802999821205,44.40004900027099],[-71.777011000150949,44.400484000025941],[-71.776187999620262,44.400826999834685],[-71.776001000022504,44.400903999973806],[-71.775379000231567,44.401162999989801],[-71.774692000143318,44.401559999850377],[-71.77402099994859,44.4021170001703],[-71.773517000158435,44.402596999944791],[-71.773044000330415,44.402933000203411],[-71.772906000238152,44.403007999682494],[-71.772524999573335,44.403214999928046],[-71.771182000257255,44.403787000224106],[-71.771031999571122,44.403866999994747],[-71.770967999997026,44.403892999752223],[-71.770145000364636,44.404328999690748],[-71.770053000303122,44.404359999945335],[-71.76981399992853,44.404503999711906],[-71.769069000113944,44.404899000255611],[-71.768648999989381,44.405092999978194],[-71.767382999767889,44.405724999878863],[-71.765734999955001,44.406351000271101],[-71.765683999901356,44.406295000318188],[-71.764976999721611,44.406587000262938],[-71.764744999918022,44.406634999894607],[-71.764101000385779,44.406770999813567],[-71.762897999913491,44.406939000069713],[-71.761965999602836,44.407027000011311],[-71.761010999725983,44.407034000161381],[-71.760213000207955,44.406968999743796],[-71.759475000066075,44.406787999701017],[-71.759157999873679,44.406709999761645],[-71.757910999918749,44.406700000041624],[-71.757224999655406,44.406634999894607],[-71.756090999678392,44.406400999794108],[-71.755203999573595,44.406069000261319],[-71.755047999937986,44.405980000306002],[-71.753679999609261,44.40499299993688],[-71.752276000193831,44.403992999748596],[-71.751482999800345,44.403383000128343],[-71.750674000411664,44.402787999868146],[-71.750383999983455,44.40261299984806],[-71.750054000270566,44.402358000146897],[-71.749702999742951,44.402086999933282],[-71.749559999627834,44.401925000056323],[-71.748460999810916,44.401437999725658],[-71.747760000377269,44.401208999704231],[-71.747438999986912,44.401071999750563],[-71.746905000059527,44.400980000070106],[-71.745959000403502,44.400941999713389],[-71.745243000002915,44.401021000224617],[-71.74492699963541,44.400988000243402],[-71.744546999693824,44.400948999949854],[-71.743725999711273,44.401026999869124],[-71.743425000310694,44.401091999829376],[-71.742892000208229,44.401172000076301],[-71.742317000272962,44.401410000292444],[-71.742027999669645,44.401650000042352],[-71.741827999653097,44.401894999720852],[-71.741724999720958,44.402020999871191],[-71.741579000131082,44.402251999762825],[-71.741553000191814,44.402293000309548],[-71.741367000418961,44.402586000249435],[-71.741020999914241,44.403245000228374],[-71.739958999907259,44.405047999980759],[-71.739686000095773,44.405508000248105],[-71.739297999758264,44.406309000150976],[-71.739281999864744,44.406340999847941],[-71.739040999840327,44.406838000134002],[-71.739024999946778,44.406870000183332],[-71.738732000043825,44.407476000058772]]]},"properties":{"NAME":"Essex County","BASENAME":"Essex","GEOID":"50009","STATE":"50","COUNTY":"009"}},{"type":"Feature","geometry":{"type":"Polygon","coordinates":[[[-72.816329999685863,43.937805000056855],[-72.816119999623581,43.937748999766583],[-72.811100000016864,43.936389000181094],[-72.811049999788153,43.93637500026523],[-72.809996000177108,43.93608900006145],[-72.807031999913988,43.940507000072003],[-72.806991999731011,43.940565999753417],[-72.806952000446358,43.940626000038122],[-72.803792000364695,43.94524300007199],[-72.803771000448293,43.94527400006244],[-72.803505000309499,43.945662000161569],[-72.801907999651888,43.947788000262214],[-72.801849000100674,43.947867000287076],[-72.801799999696868,43.947933000317427],[-72.801361000204039,43.948515999881892],[-72.801319000371251,43.948571999732032],[-72.801268000317634,43.948640000033542],[-72.796888000045215,43.95446899968541],[-72.791336000160939,43.96185499974419],[-72.791043000257986,43.962243999882858],[-72.788765000258238,43.965276000164216],[-72.788007000024862,43.966283999955415],[-72.787976000062713,43.966325000316104],[-72.785291000357191,43.969895999687814],[-72.785265000417922,43.969930999777205],[-72.780715000266198,43.97598199997892],[-72.779730000252087,43.97731800023945],[-72.774727000363839,43.98409800006808],[-72.773629000371841,43.985585000031435],[-72.77116999972381,43.988916000102634],[-72.769682999569383,43.990929999990833],[-72.769428000199568,43.991274999732454],[-72.769374999597815,43.991347000156154],[-72.769363999727148,43.991361000048911],[-72.769357000054455,43.991378000006542],[-72.769105000159371,43.991712999774684],[-72.768562999836078,43.992447000220686],[-72.768157999780129,43.992996000259495],[-72.764801999879865,43.997541000033351],[-72.762631000010231,44.00047999981453],[-72.761440999956719,44.002091999686776],[-72.761188000236743,44.00243400029143],[-72.76086299964841,44.00287300029408],[-72.760804999922087,44.00295200008658],[-72.760554999676827,44.003291000144714],[-72.755268999931346,44.010445999923675],[-72.755080999610371,44.010699999978613],[-72.754730999806,44.011174999987965],[-72.754109000015077,44.012015999795175],[-72.75396000005216,44.012219000211992],[-72.753626999966215,44.01271300017887],[-72.752558000286541,44.014303000171857],[-72.74706900015147,44.022460000151604],[-72.744976000099655,44.02557000023905],[-72.74294400014719,44.028588999682214],[-72.742893999918479,44.02866299968435],[-72.742241000165393,44.029636999986351],[-72.742303000089692,44.029654999764425],[-72.742462999923248,44.029703000222206],[-72.742615000259221,44.029747999929896],[-72.742678000008411,44.029767000126306],[-72.754796000103326,44.033361999848189],[-72.755063000067025,44.033439999972359],[-72.756043999883161,44.033722000160843],[-72.756060999601587,44.033727000149788],[-72.758745000380529,44.034501999794216],[-72.759044000131283,44.034588000092491],[-72.75908099994119,44.034599000294349],[-72.759312999744793,44.0346659998946],[-72.759465999905657,44.034709999986099],[-72.759527999829942,44.034728000160861],[-72.75958399990644,44.034744000239876],[-72.759604999822841,44.034749999864786],[-72.759665999922206,44.03476700030555],[-72.762902000171877,44.035700000188314],[-72.763226999861885,44.035794000259671],[-72.763293999809036,44.035814000159441],[-72.763627999719873,44.035908999752657],[-72.764083999829452,44.036040000043087],[-72.765118000247355,44.036339999814459],[-72.766872000365467,44.036845999776183],[-72.776902000431434,44.039737999855895],[-72.777618999758616,44.039945000115473],[-72.77769699957642,44.039968000099684],[-72.79076000040078,44.043732999816434],[-72.791246999574184,44.04387300023248],[-72.804039000236898,44.047557999908541],[-72.804578000187135,44.04771400012946],[-72.807425000274378,44.048538999879632],[-72.814485000229453,44.050585999722152],[-72.818961999687943,44.051883999869041],[-72.819191000016801,44.051949999860639],[-72.82155299968214,44.052633999902909],[-72.823204999693019,44.053111999834123],[-72.829216000059901,44.054852000214836],[-72.829337000433725,44.054886999913165],[-72.830360999907555,44.055183999730197],[-72.83039199986969,44.055192999936182],[-72.830738000374424,44.055293000195839],[-72.830892000360208,44.055337999837981],[-72.832731999793737,44.055869999887172],[-72.833177999857568,44.055998999923048],[-72.83332599999558,44.056042000302895],[-72.837630999924926,44.057287999685734],[-72.838061000095223,44.057411999933848],[-72.838173000248233,44.057445000086275],[-72.843672000429038,44.059035999682436],[-72.844510999954949,44.059278999929944],[-72.844647000397373,44.05931800005208],[-72.845061999600759,44.059438000117972],[-72.845259000142562,44.059494999886475],[-72.845275999861002,44.059500000282632],[-72.84545999998403,44.059554000144061],[-72.847153999827682,44.060044000317895],[-72.848655000225818,44.06047900011739],[-72.850561999606498,44.060977999708975],[-72.850985999929023,44.061091000176013],[-72.851513000183715,44.061228999745524],[-72.851820000330363,44.061308999816433],[-72.851864999637911,44.061322000059796],[-72.85190599964578,44.061332999816642],[-72.852104999837408,44.061385000106455],[-72.852468999885488,44.061480000008977],[-72.853248999860156,44.061684999992792],[-72.853884999894788,44.06185200010362],[-72.853911999658976,44.06185900012116],[-72.854058000147162,44.0618989997445],[-72.854541999845821,44.062030999923508],[-72.854622000211776,44.062055000276558],[-72.854920999962516,44.062138000239017],[-72.859162000317752,44.063303000062909],[-72.863627000080669,44.064525000288995],[-72.86635600016713,44.065273999802493],[-72.876180000368777,44.067972000085042],[-72.877295999904135,44.068278000257237],[-72.879117999794303,44.068777999741435],[-72.879323999658624,44.068835000199329],[-72.882057999767966,44.069586000245202],[-72.883760000007541,44.070064000162333],[-72.886427999994638,44.070785000228348],[-72.886452000284081,44.07079100007568],[-72.886465999629465,44.070794999758419],[-72.886853999966988,44.070900000208184],[-72.887565000344694,44.071096999873234],[-72.896904000124437,44.073659999808974],[-72.904030000201757,44.073043999788773],[-72.908345000176851,44.072649999856509],[-72.908586000201268,44.072628000028701],[-72.909018999846325,44.072587000181059],[-72.909105999884943,44.072580000141251],[-72.91023200036436,44.072477000197637],[-72.911435999763242,44.072367999742497],[-72.916777999585236,44.071886000107476],[-72.916991999845465,44.072840000141504],[-72.918433999794033,44.079390000062396],[-72.918484999847678,44.079621000168359],[-72.919065999630718,44.082261000199011],[-72.919350000211168,44.083551000060815],[-72.919720999931926,44.08527299988841],[-72.920347999745729,44.088172999729878],[-72.920833999992524,44.090423000054358],[-72.920866999604499,44.090581999815839],[-72.920883000396344,44.090653000240877],[-72.920888000419211,44.090672999681814],[-72.920960000389229,44.090986999760752],[-72.921473000400226,44.093358999872066],[-72.921762000105232,44.094720999711967],[-72.921789999694326,44.094902000117962],[-72.921794999717179,44.094939999997393],[-72.922060000031053,44.096790000077696],[-72.922069000251895,44.096853999752625],[-72.92227199974316,44.098257999829073],[-72.922608000202146,44.100583999941598],[-72.92261800024788,44.100649999825649],[-72.922722999829858,44.101376000137975],[-72.922757999989955,44.101618000196261],[-72.922932000067249,44.102818999761851],[-72.923015999732812,44.103400999883377],[-72.923419999963869,44.106199000228926],[-72.923913999708276,44.109616999771148],[-72.924139999664092,44.111181000120901],[-72.924316000289508,44.112397999920745],[-72.924379999863604,44.112784000077347],[-72.924508999735039,44.113571000304091],[-72.924736000414072,44.114933000203806],[-72.924880000354108,44.115798000182927],[-72.925026999768903,44.116686999875938],[-72.925101000287057,44.117131999999337],[-72.925150999617458,44.117496000280923],[-72.925447999718358,44.119226000247572],[-72.925497999947083,44.119528999701338],[-72.925580999787769,44.119977999929446],[-72.925632999666291,44.120257000088792],[-72.925666000176577,44.120435999927153],[-72.925673999674189,44.120480999693143],[-72.925759999887916,44.120884999711386],[-72.927248999692154,44.129003000157788],[-72.928119000078524,44.133708999733955],[-72.930103000350414,44.144438999770884],[-72.932146999998423,44.155497999849949],[-72.934076999843654,44.162823999716863],[-72.935839000357689,44.162686000023889],[-72.93624900043649,44.162655000216539],[-72.9397540002997,44.16238200014979],[-72.949481000416952,44.161624000047468],[-72.95220399975733,44.161411999884557],[-72.952683000331447,44.163728999845937],[-72.953930000286334,44.169738000262633],[-72.953936999959041,44.169772000270697],[-72.954487999604851,44.172654999760496],[-72.954496999825693,44.172693999866944],[-72.954568999795725,44.172987999789633],[-72.954725000329631,44.173625000070665],[-72.954788000078821,44.173956999829109],[-72.954793000101702,44.173985000297691],[-72.954815999667929,44.174105000314519],[-72.954973999851674,44.174937999875034],[-72.95681800038146,44.184682000132803],[-72.957025999895606,44.185778000244461],[-72.957348000110883,44.187519999702744],[-72.957360999631376,44.187591000246108],[-72.957560999647896,44.188675000135284],[-72.958461000171511,44.193553000262256],[-72.95859900026376,44.194300000155899],[-72.958851000158845,44.195668000150825],[-72.959231999925336,44.197732999728416],[-72.959735999715505,44.200459999844185],[-72.959746999586173,44.20051899984702],[-72.960249999551394,44.203248000004194],[-72.960286000434735,44.203444000290418],[-72.960334999940216,44.20370800010528],[-72.960344999985963,44.203761000201155],[-72.960353000381886,44.203804000037337],[-72.960358000404739,44.203831999853868],[-72.960462000161826,44.204398000283803],[-72.960623999645222,44.205277000287651],[-72.961078000104962,44.207732000205937],[-72.961097000371538,44.20783300010617],[-72.961145999877033,44.208104000302598],[-72.9611659999685,44.208210000263534],[-72.961516999597791,44.210113999865783],[-72.961699999895899,44.211106999819627],[-72.962691999582688,44.216480000268341],[-72.962699999978611,44.216521000093785],[-72.962701999628422,44.216532999817488],[-72.963059999828729,44.218472000197139],[-72.963075999722236,44.218558000249267],[-72.963541999877563,44.221080999688859],[-72.964500999952392,44.226277999876778],[-72.964573999747316,44.226673000108228],[-72.965163999751212,44.229861999831641],[-72.965212000330098,44.230125000030007],[-72.965249999964939,44.230325999810276],[-72.965276999729113,44.230471999812757],[-72.965306999866328,44.230637999781131],[-72.965446999608417,44.231393000116476],[-72.965456999654165,44.231458000302077],[-72.9655799996778,44.232178999734955],[-72.965669000264583,44.232691000010014],[-72.965672999564234,44.232716999776883],[-72.966512999813375,44.237735999918598],[-72.966546000323632,44.237930999837779],[-72.967010999755729,44.240700999972077],[-72.967143999825126,44.241496000280051],[-72.967151000396143,44.241540999769789],[-72.967158999893741,44.241590000219055],[-72.967633000444977,44.244418000300506],[-72.967681999950486,44.244714999693301],[-72.967696000194181,44.244796999885509],[-72.96770899971466,44.244873999804959],[-72.967713999737512,44.244901000011971],[-72.967717000110582,44.24492099999047],[-72.967718999760393,44.244931000298912],[-72.967722000133449,44.244949000206326],[-72.967760999593182,44.24517899968253],[-72.967820999867641,44.24555200003536],[-72.967828000438644,44.245584000029666],[-72.967830000088483,44.24559999969852],[-72.967830999913389,44.245612999949117],[-72.969042999708194,44.252849999743553],[-72.970320999625258,44.260436000314172],[-72.970801000024281,44.263337999869748],[-72.971290999570712,44.266405999682569],[-72.971659999641673,44.268631999942471],[-72.973438000049228,44.279711000196535],[-72.973736999799982,44.281607999951476],[-72.973756999891449,44.281809000045961],[-72.975727999744549,44.294068999908056],[-72.975863000362082,44.294938999802639],[-72.975879000255603,44.295014999821262],[-72.975882999555253,44.295035999936005],[-72.985981000291588,44.297041000182048],[-72.987219999850581,44.297286000315594],[-72.987253000360866,44.297293000083918],[-72.987361000315886,44.297314000026923],[-72.996999999671303,44.299225000049034],[-72.998858000444798,44.299596999831941],[-73.005847000254761,44.300974000097952],[-73.010356000398616,44.301834000281367],[-73.010388000185671,44.301839999801828],[-73.011799999997024,44.302108999745073],[-73.011820999913425,44.302112999835302],[-73.011850000225735,44.302118999970155],[-73.012103999770645,44.302166999741019],[-73.012189000159438,44.302183000084483],[-73.012280000396046,44.302200999822816],[-73.012313000008007,44.302206999948638],[-73.01233999977218,44.30221199973159],[-73.01235300019097,44.302213999773272],[-73.012367000434693,44.302217000157022],[-73.012380999780063,44.302219999897765],[-73.01262500017755,44.302266999887593],[-73.012672999858125,44.302275999744595],[-73.012714999690928,44.302283999901988],[-73.012743000178318,44.302289000321295],[-73.012769999942506,44.302294000097262],[-73.013570999833576,44.302446000284014],[-73.013682000161666,44.302468000007742],[-73.015305999685125,44.302777000107284],[-73.015401999944586,44.302795000306396],[-73.015427000058935,44.302800000039277],[-73.019172000121628,44.303514000209972],[-73.020371000395983,44.303742999777953],[-73.020286000007161,44.303322999833789],[-73.020265999915665,44.303225999889456],[-73.020260999892798,44.303203000124419],[-73.020096000036375,44.302427999977894],[-73.020029000089224,44.302108000043908],[-73.019875000103426,44.301367000150975],[-73.019408999948098,44.29913900024772],[-73.018859999952113,44.296437999884461],[-73.018249999856749,44.293496999745102],[-73.017792999922236,44.291391000287774],[-73.017782000051596,44.291342000182127],[-73.017761000135195,44.291242000075854],[-73.017745000241661,44.291168999980748],[-73.01766700042387,44.290798999961979],[-73.017664000050829,44.290786000056208],[-73.017655999654906,44.290773000147617],[-73.017647000332374,44.290719999946205],[-73.017563999593392,44.290329999711297],[-73.017304000200724,44.289109000304386],[-73.016518000378241,44.285357000262543],[-73.017371000147861,44.285261000207626],[-73.019407000298287,44.285065000305053],[-73.020469000305269,44.284953999876585],[-73.020573999887247,44.28494399994355],[-73.020759999660072,44.284925000066124],[-73.022875000351533,44.284702999756533],[-73.023184999972955,44.284670999828109],[-73.02570399999712,44.284406999753593],[-73.029192999966767,44.284062999805656],[-73.029220999555875,44.284059999780382],[-73.029396000356357,44.284043000277606],[-73.031852999557955,44.283793000136662],[-73.038002000017102,44.283173999772885],[-73.042099000432302,44.282763000245119],[-73.048523000352745,44.282121000299028],[-73.052542999876735,44.28170799973887],[-73.055109999581489,44.281453999740179],[-73.055304999575156,44.281435000020224],[-73.056678999751668,44.281306000100486],[-73.060776000166882,44.280875999823174],[-73.064539999597841,44.280490000103313],[-73.064880000254774,44.280455000243265],[-73.064980999638792,44.280444000117562],[-73.066955999689853,44.280238000130915],[-73.068462999935761,44.280085000263476],[-73.068761999686501,44.280053999825668],[-73.069013999581585,44.280027999757046],[-73.070011000189567,44.279925000089463],[-73.070029999557818,44.28005599997887],[-73.070280999627983,44.281814999683036],[-73.070293000221866,44.281896000190336],[-73.070340000077522,44.282223999975514],[-73.070586999949754,44.28383299999922],[-73.070591000147701,44.283860999693857],[-73.072040999593895,44.283620000208607],[-73.072060999685363,44.283617000160717],[-73.072214999671161,44.283593999788749],[-73.072300999884888,44.28358000020102],[-73.072407000190097,44.283561999899376],[-73.072453000220847,44.283553999763498],[-73.0726540000623,44.283520999834671],[-73.074393999936717,44.283253000291481],[-73.075105000314409,44.283142000297794],[-73.075248000429553,44.283119999764274],[-73.075912999878184,44.283015000320042],[-73.076393000277193,44.28294000023466],[-73.077287000054696,44.282799000046396],[-73.077988000386668,44.282687999838025],[-73.080062000171921,44.282361000108267],[-73.080344000204221,44.28231699973432],[-73.080493999992058,44.282295000178088],[-73.080543000395863,44.282287999908306],[-73.080606999969973,44.282278000164581],[-73.080990000284601,44.282220999856371],[-73.082366999935857,44.28201500031232],[-73.083496999714896,44.281842000293281],[-73.084388999842574,44.281706000284991],[-73.084415999606762,44.281703000139402],[-73.086501999985899,44.281404000294678],[-73.087190999723987,44.281306000100486],[-73.089544000066809,44.280970999908511],[-73.089560999785235,44.280968999786417],[-73.089606999815985,44.280964000124108],[-73.089708999923246,44.280947999786839],[-73.089822999726053,44.280931000026705],[-73.09049200027097,44.280835999876679],[-73.094543999582015,44.280259999814255],[-73.096347000103947,44.28001700019454],[-73.09646599992962,44.280001000242528],[-73.096595999625961,44.27998400020838],[-73.101246000235122,44.279322000273339],[-73.101293000090777,44.279315000292485],[-73.101862000178272,44.279235000176193],[-73.10190499983598,44.279229000275649],[-73.101936999623021,44.279224999912827],[-73.101953000414866,44.279222999731303],[-73.102664999719167,44.279123000216323],[-73.103447000241985,44.279013000231664],[-73.104729000356997,44.27883200024133],[-73.106027000365529,44.278658999853782],[-73.106112999680946,44.278648000034984],[-73.106750000438794,44.278563999889037],[-73.107553999804608,44.278455000248002],[-73.107651999713894,44.278442000182935],[-73.109630999962917,44.278176000198442],[-73.109726000397472,44.27816300007165],[-73.109887999880868,44.278140000137078],[-73.110044000414788,44.278117000193454],[-73.110193000377706,44.27809599981768],[-73.111076000284555,44.277968999865806],[-73.111092000178076,44.277967000284683],[-73.111202999607841,44.277951999886845],[-73.112079999666889,44.277841000168266],[-73.11208499968977,44.277831999782116],[-73.112097000283654,44.277809999832776],[-73.112115999651905,44.277771999959413],[-73.112118000200056,44.27773600029365],[-73.112136999568307,44.27773699976656],[-73.112190000170074,44.277747999755903],[-73.112233999652688,44.277756000039226],[-73.11230399997288,44.277768000140568],[-73.112421000148743,44.277752000219287],[-73.112488000095908,44.277745000051382],[-73.112688000112442,44.277729000123834],[-73.112890999603721,44.27770800025251],[-73.1130589998332,44.277698999845995],[-73.113227999887613,44.277675999729794],[-73.114792000034925,44.277471999926924],[-73.116507999619884,44.27725200000161],[-73.117017000331245,44.277186000120629],[-73.117058000339114,44.277181000136409],[-73.119117000055766,44.276912999971742],[-73.123169000265122,44.276362999813443],[-73.12675399959592,44.275895999724838],[-73.128509000437276,44.275663000294038],[-73.130512999902322,44.275395999793766],[-73.130737000208313,44.275366000254387],[-73.130953999943287,44.275337000213334],[-73.133082999980118,44.275055000310445],[-73.135566999844201,44.274730000240012],[-73.138817000337596,44.274290000259235],[-73.139017000354116,44.274263000037628],[-73.139066999684516,44.274256000097282],[-73.13930299968608,44.274224000267438],[-73.139326999975509,44.274220999739747],[-73.139372000181368,44.274214999970432],[-73.143843999616976,44.273609000171611],[-73.14508200024936,44.273403000020487],[-73.145248999755637,44.273374999844251],[-73.151207000419078,44.272575999945019],[-73.151229000160399,44.27257400018037],[-73.152194999907891,44.272451000052818],[-73.153174999899107,44.272396000273311],[-73.153249000417276,44.272390999881466],[-73.15343600001502,44.272377000197174],[-73.153726000443257,44.272355000135207],[-73.155890999566793,44.27219200015044],[-73.15911099992293,44.27182599981996],[-73.159207000182391,44.271815000008516],[-73.159885999874732,44.271742000213408],[-73.159932999730415,44.27173699976592],[-73.16181999991791,44.271531999706852],[-73.163436999768678,44.271252000008268],[-73.168510999802066,44.270518000320095],[-73.169197999890301,44.270418999739448],[-73.171569999601402,44.270077000076085],[-73.173415999781028,44.269809000318389],[-73.175047999700411,44.269650999686974],[-73.178108000222963,44.269221999930167],[-73.180679999950598,44.268865000233106],[-73.18081200019509,44.268846999926048],[-73.183152999944028,44.268520999987167],[-73.183189999753949,44.268515999908907],[-73.183243000355716,44.268508999927263],[-73.183784999780698,44.268433999979962],[-73.183809999895061,44.268430000168792],[-73.185940999581732,44.268135000156505],[-73.186010999901924,44.268124999933889],[-73.188103000128848,44.267836999739913],[-73.189446000343224,44.2676520001977],[-73.18955900032114,44.26763600009518],[-73.196800000026158,44.26663400019612],[-73.198738000267298,44.266447999775899],[-73.198792999620565,44.26644300016455],[-73.198877000184467,44.26643500027096],[-73.199001000033022,44.266422999785192],[-73.199124000056685,44.266412000249098],[-73.199288999913122,44.266395000143248],[-73.199386999822408,44.266387999909057],[-73.201793999693592,44.266166999989267],[-73.202537999683258,44.266098000225441],[-73.203229999794402,44.266034999699023],[-73.205429000151454,44.265833000006644],[-73.209179000237,44.265478999998834],[-73.209974000280297,44.265404000045187],[-73.210175000121751,44.265385000281874],[-73.210263999810209,44.265375999917865],[-73.210370000115432,44.265365999869168],[-73.210668000041252,44.265337999723741],[-73.210992999731261,44.265304999856895],[-73.211264999717827,44.265280999708146],[-73.212196000203548,44.265192999722267],[-73.212306999633313,44.26518300028571],[-73.212427000182231,44.265171999874319],[-73.213237000294143,44.265095000153124],[-73.213585000448688,44.265062000149861],[-73.215721000158226,44.264859999687083],[-73.218594000184737,44.264600000088834],[-73.218637999667351,44.264596000016766],[-73.219368000311633,44.264530000074728],[-73.22136099990604,44.26434699981877],[-73.221379000347696,44.264344999774139],[-73.221941999689079,44.264292000175352],[-73.223253999941335,44.264167999737857],[-73.224526000010584,44.264047999791728],[-73.225646999568809,44.263966000062979],[-73.226234000097946,44.263911999771146],[-73.226814000056095,44.263853999950477],[-73.227372000272922,44.263803999682047],[-73.227820999811485,44.263760999918937],[-73.228415999838234,44.263698000104476],[-73.228928000024311,44.263642999853907],[-73.229446000058161,44.263597000189655],[-73.22974599963382,44.26356199991752],[-73.229834000395698,44.263554000275136],[-73.229861999984777,44.263557000060715],[-73.230345999683436,44.263505999824744],[-73.230889999656569,44.263455000187847],[-73.231432999804781,44.263405000223344],[-73.231495999553985,44.263398999993143],[-73.241585000069506,44.262457000003721],[-73.243584000409996,44.262273999727867],[-73.24375299956607,44.262258999827687],[-73.249151000362872,44.261808999754898],[-73.249224999982715,44.261803999749041],[-73.249238000401505,44.261803000005152],[-73.249515000410938,44.261787999984747],[-73.25247200010304,44.261565000002314],[-73.252539000050191,44.261559999975709],[-73.254246000312634,44.261431000171456],[-73.254335000001092,44.261423999989447],[-73.254674999759729,44.261398999792178],[-73.256874999941672,44.261198999761348],[-73.256939000414107,44.261192999949344],[-73.257175000415643,44.261171999959174],[-73.257450999701859,44.261148000053147],[-73.259717000006049,44.261003999767816],[-73.260455999972834,44.260934999733983],[-73.261101000228308,44.260883999796782],[-73.261261000061879,44.2608709997048],[-73.262375999772303,44.260767999913618],[-73.263092000172875,44.260702000177432],[-73.264189000339968,44.260610999834817],[-73.264647999924279,44.260579000295891],[-73.264697000328084,44.260574999950222],[-73.266805000448514,44.260399999679116],[-73.267802999983104,44.260317000239681],[-73.270378000083767,44.260106000315609],[-73.270542000115299,44.260121000121742],[-73.278500999870758,44.260869000185259],[-73.285810000246173,44.261555999696739],[-73.285859999576559,44.261560999723734],[-73.285979000300586,44.261572000167526],[-73.286018999585224,44.261575999802005],[-73.286052000095509,44.261578999688567],[-73.286067999989029,44.261580000079569],[-73.286124000065513,44.261585000104525],[-73.286458999801297,44.261616999739203],[-73.299212999930845,44.262816000116814],[-73.311966000235486,44.264014000137735],[-73.312622000361614,44.264075999908314],[-73.313282999612284,44.264130000049455],[-73.31454700018395,44.261490000201839],[-73.316426999800456,44.25773700005707],[-73.319602999775654,44.249909000055439],[-73.31966800007298,44.249865999782187],[-73.31973199964709,44.249822000173367],[-73.320053000037447,44.249607000105108],[-73.32140399974945,44.249275999861297],[-73.322479000175221,44.248733000170382],[-73.323066999630953,44.247896000046531],[-73.323363999731882,44.246910000213276],[-73.323333999594652,44.245982000072658],[-73.323173999761082,44.245061000292992],[-73.323715000259483,44.24415999984496],[-73.324407000370613,44.243685000257415],[-73.324653000417911,44.243517000300734],[-73.326102999864077,44.243610000175124],[-73.327675000407325,44.243974999804514],[-73.328956999624026,44.244218999829442],[-73.330262000203561,44.244305000235258],[-73.330375000181462,44.244311999881141],[-73.330494000007178,44.244263999810514],[-73.331367999693171,44.243740999921833],[-73.33238899969227,44.242982000084474],[-73.333228999941412,44.242093999713212],[-73.334136999962595,44.241297000221678],[-73.335213000213287,44.240475000147285],[-73.336403000266785,44.239781000009238],[-73.337723000016638,44.239350000214358],[-73.33911899993447,44.238893000235485],[-73.340241000215912,44.238692000109523],[-73.34089999981677,44.238573999936598],[-73.341344000230777,44.238544000269442],[-73.342171000061114,44.238487000022992],[-73.342662000330805,44.238366000299145],[-73.342735999950648,44.238347000165639],[-73.343376000183241,44.238190000081104],[-73.343566999978961,44.237219999767589],[-73.342978999624904,44.236239000165718],[-73.342636000391522,44.235334000281419],[-73.34283499968484,44.234445999688511],[-73.343941000072761,44.233696999943696],[-73.345054999958279,44.233113999742045],[-73.345583000037891,44.232841000240064],[-73.346282999646618,44.232478999848091],[-73.347373999965924,44.231964000193592],[-73.348404000185852,44.231428999841953],[-73.349222999620295,44.231040999923948],[-73.349509999675462,44.23090500016351],[-73.350478999796024,44.22989299970564],[-73.35069999972896,44.22900500004782],[-73.350791999790474,44.227902999968329],[-73.351021000119331,44.226939000116673],[-73.351379000319625,44.225979999760241],[-73.352241000310045,44.225290999793209],[-73.353279000027612,44.224566999824837],[-73.354445999616573,44.223873000044961],[-73.355377000102308,44.223157000006921],[-73.355690000096757,44.222071999933334],[-73.35571299966297,44.221019000299471],[-73.355659999959528,44.220054999732817],[-73.356224000024127,44.218956000262011],[-73.357002000348984,44.21820199990605],[-73.357465999956162,44.217709999997695],[-73.357568000063409,44.217602000048537],[-73.357607000421481,44.217560999688111],[-73.357825999806266,44.217330999774944],[-73.358177000333882,44.216355000231616],[-73.358902000056986,44.215474000302351],[-73.359740999582883,44.214693999793703],[-73.360561999565434,44.214125999965034],[-73.360672000068618,44.21405000028426],[-73.361140999698662,44.213713000094515],[-73.361640000364275,44.213354000306268],[-73.361883000038517,44.21298099995682],[-73.362220000322395,44.212460999999685],[-73.362221000147315,44.211371000061753],[-73.361854999551113,44.210411999804293],[-73.361848999703327,44.209642999712244],[-73.361847000053501,44.209420999703717],[-73.362266000353145,44.208518000233958],[-73.363392999759157,44.207737000300661],[-73.364761999912801,44.20719199970717],[-73.364776999981416,44.207186000181821],[-73.365450999650875,44.20686399985896],[-73.365711999766802,44.206735999909633],[-73.366052000423736,44.206570000154748],[-73.367441999595457,44.20621600019328],[-73.36829000024052,44.205877000151595],[-73.368660000136373,44.205729000220643],[-73.369765999625983,44.205163999762505],[-73.370865000341198,44.204527000235231],[-73.371727000331646,44.203629999683045],[-73.372291000396245,44.202727999764711],[-73.373084999716326,44.201838999820644],[-73.373318000243145,44.201520999747338],[-73.373437999893724,44.201356999719081],[-73.373548000396909,44.201212999899084],[-73.373739000192614,44.200963999929918],[-73.374315999777707,44.20057200023583],[-73.374802000024516,44.200243000089486],[-73.374853000078133,44.200231000266726],[-73.376396000309057,44.199852000259185],[-73.377875999892467,44.199566999823418],[-73.379296000099743,44.199060000169162],[-73.38066100005544,44.198404000184908],[-73.381934999774515,44.19773399991719],[-73.382781999696363,44.196844999970708],[-73.383391999791712,44.195936000263877],[-73.383452000066171,44.195579999713289],[-73.38356000002122,44.194938999953443],[-73.383682000219949,44.194384000234535],[-73.383759000212834,44.194031999687247],[-73.384581999845224,44.193192999710341],[-73.385913000364042,44.192769999762106],[-73.385925000059615,44.192765999958233],[-73.38762700029919,44.192798999942269],[-73.388892999622357,44.192619000214613],[-73.39002199957649,44.191887999724983],[-73.39038599962457,44.191393000033784],[-73.390624999999162,44.191068000083554],[-73.390808000297255,44.190007999712236],[-73.390839000259419,44.189099000180072],[-73.390907000031461,44.188109999742615],[-73.390679000425834,44.187018000025624],[-73.390570999572489,44.186131000231256],[-73.390566000447933,44.186087999736465],[-73.390541000333585,44.185890000199144],[-73.390265999973963,44.184922999950231],[-73.389983999941663,44.183771000068845],[-73.389869000313922,44.18281999983224],[-73.38985000004736,44.18235599977811],[-73.389824000108078,44.181756999851842],[-73.390228000339135,44.180331000012536],[-73.390876000069326,44.179350000136616],[-73.391907000114173,44.178428000260638],[-73.393340999666833,44.177983999959444],[-73.394652999919074,44.177377000304844],[-73.395340000007323,44.17662100005753],[-73.396064999730427,44.175776000140182],[-73.396744000321078,44.174760000236645],[-73.396936999766609,44.174342999732872],[-73.397171000118348,44.17383800010537],[-73.397354000416442,44.172868000077102],[-73.397567999778374,44.171871999997947],[-73.397496999633262,44.170980999776141],[-73.397491999610395,44.170911999846098],[-73.397094999950355,44.170038000187994],[-73.396883000238248,44.169584000283827],[-73.396647000236698,44.16907699979302],[-73.39600700000409,44.168232000029626],[-73.395931999661045,44.167901000311296],[-73.395781999873208,44.167236999689109],[-73.395812999835357,44.166265999914437],[-73.396232999959935,44.165343999735683],[-73.396759000389693,44.164514000313154],[-73.397613999809138,44.163796999681502],[-73.398307999570093,44.16290599991386],[-73.398541000096913,44.162480000021681],[-73.398602000196277,44.162373000140242],[-73.398684000212043,44.162223000208634],[-73.398766000227795,44.162072999895585],[-73.398856999566078,44.161914999918181],[-73.398885000053497,44.161523000210771],[-73.398958999673326,44.160617999751928],[-73.398979999589727,44.160466999692687],[-73.399100999963565,44.159608999774029],[-73.399245999728521,44.158912999863375],[-73.399300000155193,44.158653000001586],[-73.39961999982232,44.157585999771747],[-73.399738999648008,44.157124000124412],[-73.399864000219793,44.156635000009707],[-73.400077999581725,44.155405000005288],[-73.400291000017063,44.154363000255827],[-73.400656999714954,44.153412999763994],[-73.400932999899482,44.15269800018968],[-73.401415999773235,44.152315000088258],[-73.401851999791333,44.151970000031483],[-73.402396999589371,44.151539000106887],[-73.402876999988393,44.15048300008862],[-73.402620000070442,44.149650000001024],[-73.402455000214005,44.1491049998059],[-73.402336000388303,44.148703999916485],[-73.402146000417517,44.148059999814969],[-73.402214000189574,44.146944000248503],[-73.403045000217887,44.144983999859484],[-73.404036999904662,44.143899999974266],[-73.404084999585237,44.143852999727613],[-73.405091000414046,44.142851999881337],[-73.406982999726111,44.141104999903234],[-73.408126999748859,44.139896999809721],[-73.409156999968786,44.139316999796584],[-73.410887999622375,44.138503000197034],[-73.411972000268989,44.13777999989648],[-73.412892999810651,44.136731000186124],[-73.41326899955429,44.136304000288384],[-73.414504999638552,44.134708999892219],[-73.4156489996613,44.13345099970973],[-73.416138000281151,44.132355000092495],[-73.415796999799298,44.131505999802989],[-73.415595999957858,44.131005999867746],[-73.415066000228421,44.130074000202711],[-73.414686000286835,44.129405999870869],[-73.414390000010826,44.128700999714439],[-73.414162000405184,44.128158999794785],[-73.413985999779783,44.126931999901146],[-73.413953000167808,44.125482000004965],[-73.413969000061343,44.125022000170006],[-73.414022999589719,44.12437899981434],[-73.414049000427283,44.124081999685927],[-73.413239000315386,44.122595000158697],[-73.412496000150611,44.121275000029456],[-73.412026999622256,44.11963100004261],[-73.411921000215344,44.118533000163765],[-73.411902999773687,44.118351000272867],[-73.411835999826536,44.117595000132653],[-73.411812000435404,44.117331999992196],[-73.411657999551309,44.116317000026044],[-73.411572000235907,44.115731999797895],[-73.411414000052147,44.114661000278517],[-73.411224999906253,44.113767000093347],[-73.41134399973194,44.113011999687224],[-73.411378999892065,44.112792000214341],[-73.411495000243022,44.11207599978956],[-73.411511999961434,44.111951999912087],[-73.411516000159409,44.111936000054634],[-73.41154799994645,44.111865000030043],[-73.41157700025876,44.111791999852251],[-73.411633000335272,44.111654999876009],[-73.411689000411769,44.111518000227193],[-73.41184800042042,44.111125999915409],[-73.412007000429085,44.110732999854207],[-73.412044000239007,44.110641000168087],[-73.412770999611908,44.109471000222094],[-73.412951000435299,44.109211999710652],[-73.413441999806651,44.108528000058222],[-73.413933000076327,44.107845000008865],[-73.414174000100758,44.106947000101869],[-73.414208000435934,44.106821999988476],[-73.414589000202454,44.105242999844101],[-73.414786999670852,44.103724000034376],[-73.41479300041695,44.103665999793783],[-73.414902000196903,44.102554999792908],[-73.415215000191338,44.101343999853547],[-73.415687000194453,44.100486999782881],[-73.416572999576019,44.099237999742684],[-73.41758699990244,44.097964999794065],[-73.417986000110602,44.097432000069894],[-73.418578999589215,44.096637000039834],[-73.420234999798041,44.093814999679225],[-73.420499000286995,44.093424000056622],[-73.42078399979404,44.09300100014601],[-73.421485999950917,44.091959999844647],[-73.423247999566641,44.088950000165738],[-73.424369000023148,44.087182999700808],[-73.425765999765915,44.085032000207285],[-73.426673999787113,44.08358200010656],[-73.42774900021287,44.082043000285225],[-73.428498000225417,44.080936999779034],[-73.429214999552599,44.07983099989282],[-73.429367999713463,44.079451999981011],[-73.429718000416145,44.078586000271216],[-73.430038000083272,44.077194999746176],[-73.43008400011405,44.076295000297677],[-73.430028999862458,44.07406399973943],[-73.430136999817478,44.072950000095581],[-73.430233999901873,44.071941000028588],[-73.430602999972805,44.070018000322008],[-73.430689000186533,44.069642999924923],[-73.431121999831589,44.067766000115945],[-73.431663000329976,44.065944999693635],[-73.432350000418239,44.063956000022607],[-73.432541000213931,44.062328999959462],[-73.433464000303758,44.059272000252875],[-73.434105000361257,44.057057000202327],[-73.434654000357256,44.055299999697688],[-73.435447999677322,44.053023999834025],[-73.435885000418651,44.051707999962389],[-73.43619599986495,44.050774000259651],[-73.437210000191371,44.048437999700226],[-73.437530999683418,44.047263000255107],[-73.437636000163707,44.046568999776788],[-73.437705999585603,44.046103999694942],[-73.437904999777231,44.045124999815179],[-73.437597999630569,44.043864000243374],[-73.437565999843514,44.043732999816434],[-73.437534000056473,44.043601999745498],[-73.437499999721283,44.04346000018429],[-73.437323000169272,44.043269999875278],[-73.436728999967414,44.042633000255492],[-73.435709999618155,44.041880000047904],[-73.434045999911717,44.04084199998659],[-73.432531999993117,44.03994599974996],[-73.431336000091832,44.03914999991855],[-73.431235999634396,44.039096000178695],[-73.430151999886093,44.038514000217475],[-73.429381999957158,44.038211000191737],[-73.428543000431262,44.037847999725642],[-73.427489999746783,44.037109000127479],[-73.426898999918009,44.036692000020594],[-73.425748000222555,44.035295999997594],[-73.425090000446616,44.034375999912825],[-73.424577000435619,44.033924000153469],[-73.423784999867067,44.033225000317238],[-73.423249000289857,44.03282199979958],[-73.422881999868736,44.032547999861805],[-73.421482999577862,44.031862000193897],[-73.419756000122234,44.031422999692126],[-73.418350000158668,44.030935999747413],[-73.416690999576801,44.03038000023767],[-73.41534700043583,44.029869000294802],[-73.414058999574706,44.029308999916196],[-73.412634000242889,44.028422000071131],[-73.41251200004416,44.028346000107796],[-73.410640999750171,44.026725000019738],[-73.410384999657126,44.02650300022863],[-73.410201000432423,44.026059999958555],[-73.410059999967103,44.025719999687006],[-73.409798000026285,44.025101999754469],[-73.409095999869422,44.023748999869206],[-73.408310999871873,44.022442000126496],[-73.407746999807273,44.021314000140123],[-73.407723000416127,44.021265000044892],[-73.407644999699997,44.021110999851011],[-73.407591000171649,44.020913999892358],[-73.407581999950821,44.02088000010211],[-73.407503000308111,44.020593999688927],[-73.407412999896408,44.020271999763558],[-73.407395000353077,44.020206000008301],[-73.407288000222962,44.019822000268377],[-73.406914000129134,44.018479999997489],[-73.406494000004571,44.017365999784303],[-73.406120999735663,44.016371000031185],[-73.405898999977822,44.015340999947256],[-73.405837999878443,44.014071000315731],[-73.4059059996505,44.01283800014982],[-73.406008999582667,44.01141700005607],[-73.406355000087387,44.009960000286824],[-73.406828999740313,44.00844899973346],[-73.407166000024219,44.006949999809351],[-73.407207999857008,44.00637999996048],[-73.407253000062838,44.005760999818733],[-73.407544000315994,44.004362999689278],[-73.407942999625831,44.003166999692425],[-73.408340000184182,44.001662999938404],[-73.408411000329295,44.001510000167883],[-73.408503000390809,44.001313999995183],[-73.408804999616294,44.000678999755735],[-73.408920000142331,43.999293999697571],[-73.408945000256679,43.99879999976104],[-73.408968999647811,43.998306000235075],[-73.409011000378911,43.996971999962945],[-73.409057000409689,43.996012000143551],[-73.409381000274777,43.994863000301969],[-73.409443000199062,43.994644999782345],[-73.409629999796806,43.993992000290419],[-73.410080000058613,43.992944999823628],[-73.410408000121677,43.991851000030252],[-73.410660000016733,43.990386999819648],[-73.410706000047497,43.989351999774556],[-73.410858000383456,43.988246999922808],[-73.411110000278541,43.987223999868654],[-73.411162999981997,43.986490999998622],[-73.411177000225692,43.986292000304871],[-73.411512999786353,43.98528799975081],[-73.411850999895165,43.984719999752613],[-73.412048000436968,43.984387999717704],[-73.412342000164841,43.98337599974333],[-73.412369999753921,43.983280000055778],[-73.412440000074128,43.982753000244649],[-73.41251000039432,43.982216000018376],[-73.412481999906916,43.981049999718088],[-73.412466000013396,43.980013999762051],[-73.412265000171956,43.978857999708566],[-73.412048000436968,43.977603999882575],[-73.411983999964534,43.977467000159848],[-73.411527000030063,43.976488999907559],[-73.411040999783239,43.975594000019242],[-73.410661999666559,43.974904999930835],[-73.409736000102015,43.973617000287732],[-73.409006000356058,43.972147000184542],[-73.408654999828457,43.971082000258221],[-73.408163999558766,43.970159000261198],[-73.407560000209514,43.969125000078996],[-73.407068999939838,43.968171999939123],[-73.406972999680363,43.967597999817187],[-73.406859999702462,43.966921000109018],[-73.406719000135467,43.965809000052701],[-73.406468999890208,43.962972000239986],[-73.406480999585767,43.962376000268648],[-73.406502000400479,43.96138300028138],[-73.406447999973821,43.959581999988977],[-73.406433999730126,43.959513999920915],[-73.406202999751429,43.958370000268374],[-73.405735999771181,43.955931999895654],[-73.405596000029107,43.954136999946371],[-73.405637999861909,43.952990999982084],[-73.405524999883994,43.951328000153651],[-73.405510999640299,43.949725999727363],[-73.405545999800395,43.949284000249122],[-73.405553000371413,43.949201000037604],[-73.405589000356414,43.948748999812395],[-73.405626000166336,43.9482970000305],[-73.405646000257832,43.948068999717691],[-73.405708000182102,43.947871999752991],[-73.406043999742778,43.946799999867899],[-73.406074999704913,43.946723000190211],[-73.406113000238065,43.946626000193838],[-73.406601000134685,43.945389999737344],[-73.407119000168535,43.943637000067888],[-73.407448000056505,43.942480000273477],[-73.407883000249697,43.940572999865203],[-73.40824099955168,43.938840000073107],[-73.408554000444425,43.937310000064862],[-73.40876000030876,43.935908000074427],[-73.408859000042966,43.934504999902479],[-73.408775000377375,43.933386999822865],[-73.408554000444425,43.931894000069093],[-73.408503000390809,43.931729000301274],[-73.408142999642379,43.930547000306461],[-73.408110999855325,43.930443999972006],[-73.408079000068298,43.930370999915837],[-73.407863999983121,43.929879000089706],[-73.407715000020218,43.929540000042465],[-73.407698000301764,43.929502000138122],[-73.407531999722096,43.929125999946251],[-73.407465999599864,43.928974999983147],[-73.407342999576215,43.928697000205347],[-73.407134000237164,43.92818599974261],[-73.40638000020175,43.92674500012015],[-73.405769000281481,43.925673999988305],[-73.404938000253168,43.924186000236588],[-73.404682000160136,43.923775000003921],[-73.404653999672732,43.923737000298715],[-73.404200999936194,43.923111000026566],[-73.403553000206003,43.922178999897156],[-73.40248500035122,43.920135999797452],[-73.40236399997741,43.919906000117265],[-73.40196700031737,43.918914999853897],[-73.401773000148609,43.918432000004636],[-73.40119400001538,43.917008000183749],[-73.400505000277306,43.91474099969178],[-73.39961999982232,43.912189999949092],[-73.399089000267992,43.911135000303005],[-73.398900999947017,43.910767000117346],[-73.397956000115911,43.908507999948007],[-73.397356000066267,43.906519999711662],[-73.397108000369158,43.905817999896669],[-73.396782999780839,43.9047659998323],[-73.39667300017598,43.904472999913907],[-73.396179000431573,43.90326400021884],[-73.392662999799398,43.899890999773099],[-73.391851000037676,43.899112000275494],[-73.383693999915508,43.891283999824061],[-73.38326000044556,43.890607999927489],[-73.382272000058421,43.889069000260228],[-73.38036099958147,43.886105000238551],[-73.378891999868699,43.883825999839438],[-73.3777729999603,43.882081999876306],[-73.375511999678992,43.878559999887088],[-73.37530300033994,43.878232000201706],[-73.37506800016331,43.877863999953142],[-73.374863000123881,43.877540000091038],[-73.374678000175948,43.877248000025027],[-73.374494000052934,43.876955999823117],[-73.374161999791909,43.876240999806853],[-73.37413300037791,43.875891999807564],[-73.374099999867639,43.875304000304958],[-73.374161999791909,43.875050000022661],[-73.374344000265125,43.874307999737752],[-73.375197999859651,43.872856999834681],[-73.375658999992083,43.871769000167149],[-73.376038999933698,43.870857000199656],[-73.376553999594492,43.869607000263848],[-73.377521000065229,43.867849999971895],[-73.378130000335688,43.866852999862715],[-73.378173999818316,43.866781000126416],[-73.378573000026478,43.866085999891652],[-73.379089000410502,43.865187000240624],[-73.379267999612352,43.86480099985237],[-73.379354999650971,43.864642999915489],[-73.379523999705384,43.864125999961978],[-73.379553999842614,43.86396100012162],[-73.37969699995773,43.863169999992884],[-73.380190999702151,43.861974999846701],[-73.38075200029202,43.860929000288266],[-73.380763999987607,43.860907999690603],[-73.381247999686266,43.860017999700908],[-73.381511000350315,43.859232000159977],[-73.381810000101055,43.858234000255173],[-73.381851000108952,43.858094999841406],[-73.382185999844694,43.857018999730251],[-73.382308999868329,43.856057999747186],[-73.38207799988966,43.85458500018332],[-73.382061999996125,43.854488000242135],[-73.382026999836043,43.854259999912628],[-73.382004000269831,43.854112999860199],[-73.381247999686266,43.85304500003511],[-73.381143999929193,43.852929999942624],[-73.380958999981274,43.852725000129027],[-73.380651999834612,43.852385999845453],[-73.380615999849596,43.852343999750715],[-73.380249000326785,43.851923000205112],[-73.379221999581603,43.851236000202846],[-73.37896200018892,43.851030999748808],[-73.378024000030479,43.850433000102711],[-73.376726999846866,43.849622000158092],[-73.375762999749156,43.849013999991747],[-73.374725000031617,43.848296999820946],[-73.373627000039619,43.8475210002183],[-73.373505999665795,43.847385000310148],[-73.372841000217164,43.846636000156806],[-73.37258900032208,43.845353999755986],[-73.372611000063401,43.845305999909343],[-73.373069999647711,43.844316000289915],[-73.373618999643696,43.843158999987111],[-73.37371099970521,43.842966000070639],[-73.373796000094032,43.842860999716166],[-73.373846000322743,43.842800000270749],[-73.374473000136533,43.84202700025957],[-73.375571999953451,43.840544000021673],[-73.376663000272757,43.839434000083997],[-73.376791000319258,43.83935299973367],[-73.37710099994068,43.839156000062466],[-73.37779300005181,43.838716000313106],[-73.378870999952312,43.838370000284037],[-73.379486000070543,43.838172999959077],[-73.381324999679151,43.837420000258085],[-73.383094999690812,43.836481999808989],[-73.384278999896523,43.835775000262061],[-73.385001999969788,43.835343000222338],[-73.386260999620276,43.834424000023198],[-73.387375000404106,43.83347200028691],[-73.387875999821219,43.83297100032199],[-73.388192000188695,43.832654999834098],[-73.389296999853414,43.83123500007968],[-73.390205999699504,43.829397000279435],[-73.390616999603225,43.828340000077446],[-73.391112999895796,43.827380000064004],[-73.391585999723816,43.82653100021529],[-73.391650000196222,43.826367000038395],[-73.392250000245852,43.82482899987162],[-73.392563000240287,43.823915999986809],[-73.392799000241837,43.82277100007191],[-73.392717000226099,43.822353000043108],[-73.392517000209537,43.821340000263433],[-73.392174000077858,43.820471000226547],[-73.391707999922531,43.819581999718878],[-73.391521000324801,43.819266000290334],[-73.39101400016159,43.818411000321603],[-73.39090500038165,43.818307999789454],[-73.389731000221673,43.817197000293262],[-73.389564999642005,43.817040000133225],[-73.387809999698973,43.815952000290707],[-73.385665999593513,43.814805999783495],[-73.384905999710313,43.814255000080671],[-73.384551999707995,43.813997999715809],[-73.383643999686797,43.813353999810253],[-73.382307000218518,43.812395000171499],[-73.382056999973244,43.812215999884685],[-73.381343999945742,43.811469999789296],[-73.380722000154805,43.810819000037171],[-73.380656999857479,43.810724999703751],[-73.379600999698269,43.8092009998064],[-73.379281000031128,43.808481000070678],[-73.379143999763784,43.808169999773277],[-73.379007000394751,43.807858999801446],[-73.378921000181023,43.807680000182003],[-73.378825999746468,43.807504999955782],[-73.378562999980744,43.806970999845248],[-73.378195999559622,43.805930000131738],[-73.377890999961096,43.804881999921449],[-73.377639999890931,43.8036170002689],[-73.37751000019459,43.802679000244275],[-73.377341999965097,43.801646000291463],[-73.377211000443836,43.800580000314049],[-73.377203999872819,43.800521999770879],[-73.377197000200127,43.80046300004372],[-73.377189999629124,43.800405999812419],[-73.376792999969084,43.799157999852959],[-73.376429999745937,43.798874000159245],[-73.375400000424307,43.798068999917355],[-73.374892000436191,43.797738000204866],[-73.374516999619161,43.797500999850413],[-73.374066000430759,43.797214999752335],[-73.372930999730528,43.796495999984174],[-73.37273400008705,43.796371999937641],[-73.370995000037553,43.795132000233643],[-73.369467999700149,43.794209000080663],[-73.369198000261704,43.794035999713962],[-73.368102999744451,43.793335000017258],[-73.367708999559156,43.793112000241649],[-73.366927999759568,43.792668999859032],[-73.366607000267507,43.792507999781741],[-73.365722999637455,43.792061999711116],[-73.364571999942001,43.791476000287354],[-73.364058999931032,43.791215000106554],[-73.363600000346693,43.790902000187991],[-73.362212999751378,43.789955000060992],[-73.36029799997479,43.788387999763643],[-73.359331000402364,43.787513000181427],[-73.359024000255701,43.787235000250611],[-73.35815399986933,43.786474999980868],[-73.357928999738434,43.786148000315038],[-73.357521000207768,43.785556999849668],[-73.357154999611538,43.784291000227995],[-73.356819000050876,43.783052999684443],[-73.35648400031512,43.781859000062603],[-73.356133999612453,43.780696000019176],[-73.355987000197672,43.780206000160142],[-73.355931000121174,43.779975999860596],[-73.355844000082541,43.779583999984361],[-73.355690000096757,43.778885999831921],[-73.355362000033679,43.777927000134092],[-73.355140000275838,43.777569000026794],[-73.354401000309053,43.77637300014311],[-73.353721999718388,43.775561999866312],[-73.35337799976179,43.775187999931923],[-73.352874999796555,43.774639999972784],[-73.352536999687757,43.774206000191604],[-73.352410000364472,43.774042000324116],[-73.352005000308509,43.77352000030708],[-73.351846000299844,43.773349000194173],[-73.350997999654794,43.772433999680757],[-73.35098199976126,43.772364000004345],[-73.350883999851973,43.771926999810674],[-73.350785000117767,43.771489000055162],[-73.35076199965323,43.771386999962587],[-73.351264999618493,43.769822999680613],[-73.352515999771356,43.768054000000156],[-73.352781999910135,43.767675000142823],[-73.353023999759472,43.767330999725253],[-73.353287000423521,43.76695700021363],[-73.353843999917117,43.765993000120076],[-73.354126999774337,43.765488000217623],[-73.354643999983296,43.764563999961787],[-73.35557000044615,43.763370000286514],[-73.355659000134608,43.763254999983303],[-73.356490999987827,43.762131999958036],[-73.357254000244055,43.761125999912494],[-73.359466000121586,43.75808699969879],[-73.360123000072619,43.756818000242312],[-73.360954000100918,43.755686999771378],[-73.361702000288545,43.754643999772568],[-73.36282299984677,43.753084000042598],[-73.36242600018673,43.753117999897867],[-73.36206200013865,43.753149999896657],[-73.362027999803473,43.753153000301239],[-73.35858300021475,43.753453999680836],[-73.355479000209556,43.753725000284746],[-73.355408999889349,43.753730999738302],[-73.355142999750569,43.753754000233542],[-73.355033999970615,43.753763999966537],[-73.354676999595242,43.753794999712106],[-73.353816000328038,43.753869999888344],[-73.353499000135628,43.753897999860847],[-73.351717000428422,43.754053000027731],[-73.351028999616929,43.75411300004734],[-73.350231999923821,43.754183000318648],[-73.347664000394147,43.754406999857849],[-73.345901000055207,43.754560000214092],[-73.336243000433228,43.755339000317015],[-73.327003000387677,43.756137000115046],[-73.325630000036071,43.756255000074809],[-73.321659000017576,43.756581999715181],[-73.319160000084878,43.756787999974001],[-73.319113000229208,43.756792000053885],[-73.316719999703423,43.756985000184912],[-73.314587000366927,43.75716899973353],[-73.313989999792042,43.757219000070279],[-73.311312999584118,43.757445000266543],[-73.311264999903528,43.757449000302508],[-73.311235999591204,43.757451999842708],[-73.305950999670628,43.757901000050495],[-73.300474000129455,43.758385000071776],[-73.282984000075331,43.759914999808188],[-73.281113999606262,43.760072000215601],[-73.280593000097682,43.760115000160269],[-73.280480000119752,43.760123999677063],[-73.280367999966771,43.760132999841261],[-73.27984499991004,43.76017700019208],[-73.278865999743743,43.760258000251923],[-73.278741999895175,43.760268999995276],[-73.272887999887118,43.760770999814483],[-73.272281999989715,43.760822999965988],[-73.270813000276959,43.760949000020908],[-73.270075000135066,43.761015000283649],[-73.26674900037203,43.761314000129218],[-73.266633000021073,43.761323999896426],[-73.266545000157521,43.761331000316417],[-73.266509999997425,43.761334000310761],[-73.266390000346831,43.761344999856291],[-73.266273000170969,43.761356000048593],[-73.266150000147306,43.761367000238877],[-73.266056000435995,43.761376000216089],[-73.265892000404449,43.761391000175138],[-73.264787999666368,43.761489000031261],[-73.26462399963485,43.761503999962017],[-73.26444899973265,43.761520000316452],[-73.264204000408583,43.761541999985887],[-73.264048999699568,43.761556000125189],[-73.262923000118491,43.76165599991279],[-73.262877000087713,43.761660000316034],[-73.262830000232071,43.761664000070269],[-73.26277900017844,43.761669000249228],[-73.262457999788069,43.76169800024087],[-73.262283999710789,43.761713999894674],[-73.262256000121695,43.761716999869812],[-73.262220999961599,43.76171999984485],[-73.262076000196643,43.761733000167339],[-73.261995999830702,43.761739999890672],[-73.261914999639856,43.761747000261934],[-73.261754999806286,43.761760999704521],[-73.261611999691155,43.761774000018086],[-73.261308999742454,43.761800999762052],[-73.259700000287623,43.761943999716628],[-73.259602000378308,43.761953000255843],[-73.259496999898005,43.761962000144955],[-73.259239999980068,43.761985000071576],[-73.259162999987183,43.761991999765428],[-73.258897999673309,43.762016000099763],[-73.258618000189131,43.762041000194493],[-73.258279000255428,43.762070999775354],[-73.257885999895024,43.762104999714708],[-73.252753000310435,43.76255600021117],[-73.252190000070726,43.762605999938884],[-73.249518999710588,43.762777000274824],[-73.245094000130635,43.763140999859445],[-73.23912100029689,43.763726000274985],[-73.238044000221294,43.763832000066337],[-73.237930000418487,43.763842999801369],[-73.235725000213677,43.764059000322021],[-73.234318000425176,43.764192000134528],[-73.234284999914905,43.764194999985421],[-73.231376999728283,43.764468999789855],[-73.230766999632934,43.764527000288325],[-73.229927000282103,43.764606000194576],[-73.225624999827502,43.765012999996209],[-73.225280999870918,43.765045000121418],[-73.224807000217993,43.765089999822493],[-73.224498000421505,43.765119000102111],[-73.223921999762993,43.765174000168727],[-73.2235200000801,43.765211999807768],[-73.223104000153484,43.765252000152898],[-73.222237000140169,43.765336000271652],[-73.220452000059908,43.765500999721297],[-73.215843000356955,43.76591699986389],[-73.215367000155894,43.765960000148723],[-73.21288199956858,43.766183999714535],[-73.212444999725591,43.766222999709626],[-73.212038000019817,43.766260000280241],[-73.206363999936826,43.766771000244994],[-73.206322000104024,43.766775000306204],[-73.208708999883711,43.779964999849462],[-73.209030000274083,43.781738999837856],[-73.20903399957372,43.781753999879108],[-73.209043999619496,43.781817999710235],[-73.209142000427093,43.78235800005708],[-73.209206000001174,43.782705999944454],[-73.209221999894709,43.782797000048667],[-73.209238999613149,43.782890000154623],[-73.209257000054805,43.782991000015087],[-73.209442999827644,43.784022000041602],[-73.209744000126534,43.785682999685086],[-73.209750999799226,43.785722999958196],[-73.209755999822093,43.7857519999611],[-73.210483999918225,43.789854000293872],[-73.210490999590931,43.789891999815339],[-73.21102299986849,43.79290099976344],[-73.211233999755692,43.794088000124219],[-73.211333000388208,43.794647000055669],[-73.211374000396077,43.794883000188733],[-73.21138699991657,43.794958999945294],[-73.211477000328244,43.795473999869756],[-73.211483000176017,43.795509000131631],[-73.212449999748443,43.801046000219777],[-73.212807000123831,43.803092999677901],[-73.214110000155245,43.810116999904949],[-73.214147999790072,43.810327999877465],[-73.214158999660725,43.810382999849239],[-73.215111999887768,43.815465999768122],[-73.215778000059643,43.819005000295029],[-73.216164999673936,43.821055000299729],[-73.216539999592655,43.823172000315211],[-73.216556000384486,43.823264999809034],[-73.217074000418336,43.826182000195097],[-73.217275000259818,43.827314999798674],[-73.217429000245588,43.828183000055894],[-73.217758000133557,43.830033000101793],[-73.217866000088591,43.830687000102181],[-73.218699999591621,43.835742999766417],[-73.218933000118454,43.837151999968178],[-73.218955999684667,43.837290999949673],[-73.218919999699651,43.83729199975722],[-73.212602000084416,43.837537999859002],[-73.212200000401509,43.837551999697318],[-73.20980900042386,43.837645999915203],[-73.207214000231701,43.837746999880856],[-73.206657999664685,43.83776800021154],[-73.202381000222744,43.837935000202116],[-73.200847000212647,43.837995000290213],[-73.194707999799249,43.838220999713386],[-73.192469000157558,43.838306999905477],[-73.189882000361322,43.838401000229887],[-73.187067000061106,43.838503999788024],[-73.185191999569184,43.838573999757351],[-73.184651999794013,43.838594000011213],[-73.184433000409214,43.838602000240485],[-73.171302999637717,43.839086999905447],[-73.168816000298889,43.839179000097083],[-73.158231000389137,43.839567999790205],[-73.157967999725088,43.839578000075335],[-73.157872000363923,43.839581999800181],[-73.157561999844219,43.839592999851952],[-73.155743000327092,43.839659999888127],[-73.155661000311341,43.839662999839625],[-73.15558000012048,43.839665999790981],[-73.155714000014783,43.840265999988596],[-73.156136999614077,43.842153999947392],[-73.156172999599093,43.842313999965057],[-73.152457999673629,43.842495999884676],[-73.148291999661438,43.842696999706043],[-73.14812500015519,43.842704000316182],[-73.147942999682002,43.84270999991292],[-73.147787000046378,43.842716000156969],[-73.142816999770091,43.842946999699294],[-73.142656000111614,43.842954999992784],[-73.133363000362621,43.843290999687916],[-73.126204999599935,43.843549999700123],[-73.106115000229082,43.844245000239454],[-73.104183999660634,43.844287000206528],[-73.101002999662569,43.844354000154432],[-73.0966400000069,43.844456000114434],[-73.092564000406398,43.844551999841237],[-73.090922000441267,43.844613999771667],[-73.089130999614923,43.844681999683971],[-73.088416999762487,43.844711999906444],[-73.084438000246379,43.844862999825416],[-73.084258000321327,43.84487000018138],[-73.07797699961769,43.845110999811212],[-73.05720699983128,43.845914999959106],[-73.057071000287166,43.845920000217795],[-73.051705000175744,43.846108000052986],[-73.043055000134075,43.84635099982362],[-73.042826999630137,43.846356999701413],[-73.042594999826534,43.846363999882094],[-73.042435999817883,43.846367999799845],[-73.034796999729579,43.846580999891685],[-73.034783000384195,43.846580999891685],[-73.034717000261935,43.846582999843292],[-73.034697000170453,43.846584000143011],[-73.034475000412598,43.846589999997413],[-73.030613999998963,43.846697000214888],[-73.029937999781353,43.846716000039699],[-73.030054000132324,43.845357000069072],[-73.030056999607041,43.845321000189486],[-73.030089000292421,43.844955999859948],[-73.030090999942232,43.84492700008763],[-73.030814000015496,43.844850999768596],[-73.030865999894047,43.84484499973933],[-73.030922999795436,43.84483899970941],[-73.030987000267857,43.844831999997659],[-73.031400999646337,43.844789000084539],[-73.032052999574489,43.8447210002942],[-73.032081999886813,43.844717999949133],[-73.033082999794416,43.844189000021409],[-73.031436999631339,43.842160999973316],[-73.030982000244975,43.841600999837532],[-73.030819999863269,43.841400999949862],[-73.030803999969763,43.841381999728007],[-73.030572999991065,43.841475000005886],[-73.030512999716635,43.841499999916486],[-73.030120000254541,43.841659000010011],[-73.029844000070028,43.841753999969605],[-73.029597000197811,43.841843999825869],[-73.029582999954116,43.841848999777916],[-73.029360000371355,43.841920000088336],[-73.029021000437638,43.84200199992187],[-73.028622000229461,43.842070999947339],[-73.028105999845423,43.842118000078656],[-73.0276740000253,43.842122000281094],[-73.027227999961468,43.842120999906562],[-73.026858999890507,43.842139000166704],[-73.026838999799025,43.842139000166704],[-73.026832999951253,43.842113000149148],[-73.026782999722542,43.841894999705751],[-73.026735000041967,43.841712999896465],[-73.026069999694997,43.839190999998969],[-73.02537500010915,43.836447000227373],[-73.0247109995871,43.833845999680179],[-73.024424000430244,43.832747000222632],[-73.024353000285146,43.832475000128795],[-73.024185000055638,43.831836000063028],[-73.024158000291465,43.831713999951091],[-73.023861000190536,43.830427000060467],[-73.02381299961165,43.830242999765296],[-73.023521000431913,43.829203999914149],[-73.023374000118821,43.828663999699678],[-73.023157000383847,43.827806000270307],[-73.022969999887778,43.827090999857447],[-73.022697000076306,43.826041000269328],[-73.022427999564471,43.825000999845692],[-73.022271999928876,43.824379999909908],[-73.022103999699382,43.823753999823523],[-73.021958999934427,43.823213000165659],[-73.021881999941542,43.822924999924687],[-73.021830000062977,43.82273400012388],[-73.021774999811413,43.82252900024141],[-73.021672999704151,43.822128000216033],[-73.021507999847728,43.821510999847881],[-73.021331000295703,43.820791000095113],[-73.021156000393532,43.820133000175865],[-73.021111000187688,43.819970000019779],[-73.021077999677402,43.819932000181858],[-73.020947999981061,43.819448999964266],[-73.020921000216887,43.819349000250909],[-73.020876000011043,43.819176000085577],[-73.020793000170372,43.818854999870815],[-73.020691999888029,43.818467000102196],[-73.020585999582806,43.818074999887074],[-73.020500000267404,43.81771299987642],[-73.01987299955529,43.815443000317543],[-73.019690000155478,43.814767999900141],[-73.019566000306938,43.814303000273362],[-73.019311000038812,43.813331000194538],[-73.019235999695738,43.813046999812556],[-73.019029999831417,43.812292999860148],[-73.018987999998615,43.812110999875998],[-73.018926999899264,43.811841999795519],[-73.018901999784902,43.811734999954439],[-73.018747999799103,43.811177000021225],[-73.018628999973416,43.810724999703751],[-73.01848500003338,43.810217000169182],[-73.018429999781802,43.810057000314274],[-73.018289000214793,43.809530000293599],[-73.018073000304739,43.808720999866502],[-73.018057000411204,43.808659999882821],[-73.017915999945899,43.808079999699871],[-73.017782999876502,43.807537999689444],[-73.017568999616245,43.806691999993966],[-73.017500999844202,43.806445999824746],[-73.017404999584727,43.806094999726795],[-73.017294999979882,43.805665000142561],[-73.017105000009067,43.804920000260218],[-73.017089999940467,43.804859999987258],[-73.017072000397107,43.804866999849331],[-73.017050999582395,43.804873999710573],[-73.01683100037269,43.80495300012533],[-73.013037999731111,43.806302000283438],[-73.010798000264487,43.807098000228919],[-73.010686000111505,43.807137999783393],[-73.010575999608335,43.80717700029566],[-73.003344999949036,43.809747999685186],[-73.00330899996402,43.809760999938945],[-72.995735000173042,43.812453000207256],[-72.995205000443619,43.812634000225025],[-72.994990000358456,43.812708000299942],[-72.994961999871052,43.812717999900066],[-72.993755000099114,43.813131000203121],[-72.99358400039489,43.813189000172336],[-72.989434000276233,43.814610999835828],[-72.988189999796063,43.815147000059774],[-72.987410999646286,43.815454999806519],[-72.98685300032777,43.815674999949437],[-72.98668599992321,43.815741000093524],[-72.983944000316257,43.816822000134806],[-72.983808999698738,43.816875999810136],[-72.981888999899269,43.817632999996967],[-72.980922000326842,43.818010999991159],[-72.98082199986942,43.818051000015203],[-72.980651999990101,43.818118000254586],[-72.978830000099919,43.818838999950273],[-72.978404000127568,43.819007999988528],[-72.977327000051972,43.819415999682015],[-72.975324000411817,43.820197999835635],[-72.971841000289942,43.821436000238272],[-72.967513999720978,43.823231999691643],[-72.959744000111414,43.826077000116555],[-72.961329000175141,43.83111800023849],[-72.964050999690585,43.839798999858523],[-72.96408300037595,43.83988000025132],[-72.964179999562035,43.840188000044947],[-72.964261999577801,43.840462000127978],[-72.964271999623534,43.840493000282748],[-72.965510000255932,43.844592999906936],[-72.968990000004752,43.854826000075491],[-72.969646999955785,43.856822000099271],[-72.971777999642441,43.863295999982512],[-72.97185499963534,43.863532000212892],[-72.972894000076096,43.866767999984823],[-72.980230000215712,43.86396600016274],[-72.980246000109233,43.871974999786971],[-72.98020500010135,43.874524999732287],[-72.98017599978904,43.876322999723513],[-72.9801590000706,43.8805869998262],[-72.9801590000706,43.880677999730388],[-72.98015800024568,43.882051999676783],[-72.980150999674677,43.882584999849193],[-72.980149999849758,43.882924000004579],[-72.974042000296819,43.881437999742424],[-72.969855000368241,43.879713000122187],[-72.969676000268095,43.879637999850353],[-72.969153000211378,43.879491000209157],[-72.968594999994536,43.879334000112571],[-72.96326400004321,43.877783999767267],[-72.954465000038638,43.875249999749208],[-72.954290999961358,43.87519999971861],[-72.953188999771399,43.874858000171663],[-72.952701999699684,43.87503100015941],[-72.952392000078291,43.875140999965232],[-72.952330999978912,43.875162999902081],[-72.951458999942744,43.875472999737497],[-72.951224999591005,43.8755569996909],[-72.94660699966721,43.877142000019582],[-72.946375999688541,43.877221999772374],[-72.946363999992968,43.877226000210442],[-72.945419999986754,43.877549999837321],[-72.942409999692899,43.878693999752322],[-72.937134999818085,43.880700000212883],[-72.933332999853974,43.88214599969033],[-72.932314000403011,43.882533000105468],[-72.928678000120257,43.883914999981585],[-72.927627999808834,43.88431399979936],[-72.924752000307606,43.885306000259256],[-72.92473200021611,43.885321999838936],[-72.924697999880919,43.885323999786081],[-72.924117999922785,43.885525000283366],[-72.922127999803124,43.886205999719238],[-72.91486899965642,43.88869099980154],[-72.914825999998712,43.888706000173748],[-72.912462999610128,43.889515000192979],[-72.912419999952419,43.889529999710255],[-72.911059000194712,43.889994999704612],[-72.906341999638386,43.891609999774587],[-72.902793000292576,43.89282400004307],[-72.901764999722474,43.89321400020237],[-72.899988000038135,43.893887999990731],[-72.899921999915904,43.893911999784883],[-72.899567999913572,43.894047000227168],[-72.899219999759026,43.894178999917777],[-72.898264999882159,43.894540000024485],[-72.896683000191487,43.895140000297154],[-72.886944000378676,43.898830999915539],[-72.876556000112402,43.902765000132106],[-72.876551999914454,43.902711999877212],[-72.875423999785227,43.886932000312292],[-72.875410000439842,43.886734000204093],[-72.875393999647997,43.886504000278819],[-72.875357999662981,43.886007000149192],[-72.875335000096769,43.885695999795594],[-72.875084000026618,43.883580000297144],[-72.874950999957207,43.881104000094588],[-72.874936999713512,43.880894000113337],[-72.874924000193033,43.880691000075331],[-72.874482000327163,43.872369999798117],[-72.875344000317611,43.867696000127459],[-72.875085999676429,43.866891000264154],[-72.87417600000542,43.864060000210159],[-72.873541999620599,43.863889000130591],[-72.865283000289494,43.861655999978247],[-72.862308999980655,43.866169000151942],[-72.86189800007692,43.866794000265109],[-72.861274999562767,43.867740000308657],[-72.859478999611852,43.870567000208354],[-72.859420000060609,43.870658999768906],[-72.85935999978615,43.870753000271279],[-72.857931000256372,43.873001000083114],[-72.857881999852566,43.873076000290538],[-72.857870999981913,43.873095999984535],[-72.8571529999315,43.874206000323774],[-72.856686999776201,43.874954999998316],[-72.856655999814038,43.875005000234474],[-72.856624000027011,43.875057000072992],[-72.855604999677723,43.876658999861888],[-72.855491999699808,43.876837000057826],[-72.853565000227661,43.879869000126263],[-72.853494999907454,43.879979000066179],[-72.853423999762342,43.88009000018824],[-72.852943000436724,43.880845999736195],[-72.850564999979539,43.884522999716452],[-72.84993700034083,43.885494000228334],[-72.847137000109242,43.889892999954007],[-72.838309999617252,43.903759000055906],[-72.837228000417099,43.905441000210878],[-72.837182000386349,43.905512999834009],[-72.832744000387606,43.912414999827931],[-72.832735000166792,43.912430000048481],[-72.832361999897884,43.913009000235661],[-72.832330999935749,43.913057999762721],[-72.832296999600544,43.913109000204919],[-72.83217899959979,43.913295000115056],[-72.832164000429486,43.913317000198191],[-72.8321159998506,43.913392000126329],[-72.832069999819836,43.913463999838946],[-72.832024999613978,43.913535000288199],[-72.831983999606109,43.913598999955219],[-72.828270000403862,43.919373999790935],[-72.826682999792013,43.921846000008827],[-72.82623300042853,43.92253999974762],[-72.826100000359148,43.922745000121409],[-72.825963000091789,43.922957000033257],[-72.82568100005949,43.923390999993032],[-72.823223000134675,43.927181999694589],[-72.823136000096042,43.927314999912397],[-72.82267300031377,43.928028999914034],[-72.822644000001446,43.928073999754815],[-72.821956999913198,43.92913300011093],[-72.821900999836686,43.929218999848487],[-72.821013999731889,43.93059399990365],[-72.819944000227295,43.932254999834946],[-72.819339999979718,43.933194000283343],[-72.819266000359875,43.933281000109751],[-72.817984000244849,43.935256999762871],[-72.816329999685863,43.937805000056855]]]},"properties":{"NAME":"Addison County","BASENAME":"Addison","GEOID":"50001","STATE":"50","COUNTY":"001"}},{"type":"Feature","geometry":{"type":"Polygon","coordinates":[[[-72.926270000424168,42.856356000272321],[-72.926017999630773,42.859392000251546],[-72.925497999947083,42.87003899968758],[-72.925465000335109,42.870756999933292],[-72.925453999566159,42.870945000150961],[-72.925444000418722,42.87119699983861],[-72.925439000395855,42.871297000307337],[-72.925414000281506,42.8718580001105],[-72.925347000334355,42.873184999922216],[-72.925022999570942,42.879836000088901],[-72.924062999671193,42.895405000273151],[-72.924016999640443,42.897072000027961],[-72.923332999925236,42.915160000000739],[-72.92376999976824,42.926884000175797],[-72.923789999859721,42.927442000222875],[-72.924924999661656,42.927482999800702],[-72.940058000073293,42.9280390001081],[-72.943918999588647,42.928178000058551],[-72.944029999916722,42.928181999858495],[-72.944142000069704,42.928186000315904],[-72.945425999834541,42.928233000080105],[-72.951552999654069,42.928417000309466],[-72.953838000224835,42.928482999678721],[-72.957687000044601,42.928657999846394],[-72.969928999988099,42.929162000234996],[-72.97204100030649,42.929251999823443],[-72.972221000231542,42.929259000173268],[-72.972370000194459,42.92926700029021],[-72.973078000199123,42.929298000322355],[-72.982201000068784,42.929695999858765],[-72.99240400038714,42.930136000309432],[-72.994443999837202,42.930224000285449],[-72.995648000134409,42.93028099995621],[-73.000569000006905,42.930517999787007],[-73.00671400026809,42.930747000097647],[-73.006752999727837,42.930742000062615],[-73.008030999644888,42.93057100019886],[-73.008132999752135,42.930556000049677],[-73.007655999726154,42.940046999970015],[-73.007565000387871,42.941725000289601],[-73.007285999830302,42.94649399981531],[-73.007227000279073,42.947395999774287],[-73.007134000392668,42.949061000304887],[-73.00661600035879,42.958075000242047],[-73.006106999647457,42.967083000305067],[-73.005976000126211,42.969601999689317],[-73.005946999813887,42.969845999678832],[-73.005850999554411,42.971547999705663],[-73.005778999584408,42.972880999682801],[-73.00578000030761,42.972949999833006],[-73.005608999705089,42.976059000054441],[-73.005360000183046,42.980573000172349],[-73.005100999716973,42.985084000239382],[-73.004858000042731,42.989594999832306],[-73.004617999843219,42.99411199970492],[-73.004375000168963,42.998625000218489],[-73.004149000213161,43.003096000079999],[-73.003230000321309,43.021464000228583],[-73.003201000008985,43.022055000217669],[-73.003168000397011,43.022726999897294],[-73.003159000176183,43.022897000251298],[-73.003153000328396,43.023000999749065],[-73.003119999818125,43.023683000311415],[-73.002749000097367,43.023664999916313],[-73.000598000319215,43.02356499974119],[-73.000608000364949,43.039119999998505],[-73.001172000429563,43.056704000175671],[-73.001345999608517,43.061842000275242],[-73.001362000400377,43.062414000216712],[-73.00152800008172,43.067549999955496],[-73.001769000106151,43.074810000276962],[-73.001774000129018,43.074945999866777],[-73.001779000151885,43.075124000089794],[-73.000339999678047,43.084042999858966],[-72.999397000395049,43.08990900015641],[-72.998317999771317,43.096596999996237],[-72.998696000063092,43.09748799987964],[-72.99744599973512,43.113839999976953],[-72.997377000138158,43.114697999698933],[-72.997320000236755,43.115444999761145],[-72.997182000144491,43.116994999766568],[-72.997138999588472,43.117456999890287],[-72.997079000212324,43.117521000307953],[-72.996756999997061,43.117863000298648],[-72.99596799980155,43.118699000097401],[-72.978851000016306,43.11826700003374],[-72.975608000093956,43.118184000224744],[-72.963167999783749,43.117864000278587],[-72.962596000221538,43.117847999942278],[-72.961510999750018,43.117820999816068],[-72.951360000208524,43.117558999745562],[-72.950928000388402,43.117547999910812],[-72.950489999822182,43.117549999880914],[-72.950195000269375,43.117529000191524],[-72.948416999861834,43.117484000177122],[-72.948260000401319,43.117475000301397],[-72.945296000138185,43.117321000255913],[-72.932328999573315,43.116583000151572],[-72.930407000124021,43.116472999960273],[-72.928290999607654,43.116351000172536],[-72.924065000219343,43.116111999910352],[-72.924033000432289,43.116109999893197],[-72.923977000355791,43.116106999867434],[-72.922082999597279,43.116000000163133],[-72.916273999795081,43.115667999754898],[-72.915164999932401,43.115604000022145],[-72.914386999607558,43.11555999992116],[-72.913864000449152,43.115532000078872],[-72.913664000432604,43.115518999843275],[-72.91333700019446,43.115499000131223],[-72.912852999597476,43.115473000299012],[-72.912471000006065,43.11544999985815],[-72.911589999749026,43.115400000181459],[-72.910504000350912,43.115338000210826],[-72.90933799968856,43.11527300011074],[-72.908804999586081,43.115243000091688],[-72.908337999605834,43.115217000150707],[-72.907838999838546,43.11518900015146],[-72.906761999762963,43.115127999991714],[-72.906546999677801,43.115115999695135],[-72.906384000369499,43.115107000126898],[-72.905790999992561,43.115072999924529],[-72.905686000410583,43.115066999771145],[-72.905663999770965,43.115065999745504],[-72.902567000336788,43.114891000255952],[-72.90066699973049,43.114782999706698],[-72.898275999752812,43.114648000063596],[-72.897550000204816,43.114631000165147],[-72.897154000369696,43.114621999869811],[-72.895658999819361,43.114585999986836],[-72.889091999783759,43.11442899977596],[-72.888933999600027,43.114426000323569],[-72.880117000052095,43.114215000214067],[-72.879178000068762,43.114192999996035],[-72.878910000280172,43.114185999716383],[-72.877989999665076,43.114164000143717],[-72.874633999764811,43.114084000140565],[-72.874550000099234,43.114082000057181],[-72.873745999835108,43.1140629999175],[-72.87292999987541,43.114042999729556],[-72.87023299957599,43.113978000221273],[-72.869122999888432,43.113951999742845],[-72.86869100006831,43.113941999959415],[-72.868241999631408,43.113931000130201],[-72.867394999709589,43.130307999979358],[-72.867315000241959,43.131849000033114],[-72.867140000339774,43.133461999844315],[-72.867039999882351,43.134864999726851],[-72.86657999957481,43.141283999921356],[-72.866531999894221,43.14195699969811],[-72.866476999642643,43.142729999962874],[-72.866330000227862,43.144782000003623],[-72.866320000182114,43.144924000046871],[-72.866223000097747,43.146249999733577],[-72.866166000196344,43.147070999848054],[-72.865813000018917,43.152005999697735],[-72.865798999775222,43.15221100009137],[-72.86577500038409,43.152555000252228],[-72.865746999896686,43.152918999723809],[-72.865546999880152,43.155722000303633],[-72.865412999985821,43.157560000029854],[-72.864803999715392,43.166151999767955],[-72.864801000240647,43.166185999751157],[-72.864800000415741,43.166201000046023],[-72.864688000262746,43.16761599994426],[-72.864667000346358,43.167880999936692],[-72.864623999790339,43.168430999849072],[-72.864605000422074,43.168660999880608],[-72.864587999805323,43.168892000157236],[-72.864520999858172,43.16973800002512],[-72.864283000206783,43.172752000186946],[-72.864249999696511,43.173174000017084],[-72.863730999837742,43.179743999736154],[-72.863538000392211,43.182359999969286],[-72.863421000216348,43.18366800030141],[-72.863028999680878,43.190211999884539],[-72.862664999632798,43.196203999721519],[-72.862659999609946,43.196276000289487],[-72.862596000035822,43.197330000188849],[-72.862553000378128,43.198048999913873],[-72.862517000393112,43.198654000122765],[-72.862395000194368,43.20062999984026],[-72.862221999942008,43.2037039998635],[-72.862153000345032,43.204914999864158],[-72.862135999728281,43.205215999953097],[-72.861984000290647,43.205210000133349],[-72.861626999915259,43.205197999837267],[-72.860030999980893,43.205140999871915],[-72.854455999632108,43.204936000314461],[-72.851746999637115,43.204837999678944],[-72.851719000048021,43.204835999944969],[-72.851628999636333,43.204832999689067],[-72.851627999811441,43.204845999923798],[-72.851626999986522,43.204860000022379],[-72.851626000161616,43.20487499998417],[-72.851601999872159,43.205234000063619],[-72.85145200008435,43.207482999730132],[-72.851420000297296,43.207961999793056],[-72.851412999726278,43.208070999912159],[-72.85133800028153,43.209190999980308],[-72.851201999839091,43.211228000118346],[-72.85119699981621,43.211300999740622],[-72.851182999572515,43.211590999807605],[-72.851057000074135,43.213386999845731],[-72.851056000249216,43.213431999976407],[-72.85097699970818,43.214589999816901],[-72.850919999806777,43.215335000320763],[-72.850725999638016,43.218338000063675],[-72.850635000299732,43.219699999797186],[-72.850556999583617,43.221319000223509],[-72.850411999818661,43.224350000240428],[-72.85026899970353,43.227321000127716],[-72.85026299985573,43.227439999884616],[-72.850234000441745,43.22793100004408],[-72.850179000190153,43.229240999759199],[-72.850123999938575,43.230325000019697],[-72.850120999565533,43.230406999955477],[-72.850103999847079,43.230740999831127],[-72.850093999801345,43.230951000167892],[-72.850086000303747,43.231122000188087],[-72.850084999580517,43.231135000055204],[-72.850082000105786,43.23119199994315],[-72.850081000280866,43.231215000032122],[-72.85007999955765,43.231233999757613],[-72.84987100021857,43.234780999887221],[-72.849766999563201,43.236593000131862],[-72.849757000415778,43.236759000038198],[-72.848558000141423,43.255718999769989],[-72.848435000117789,43.257670000068423],[-72.848327000162755,43.259410000069032],[-72.848257999667467,43.260512999822033],[-72.848254000367831,43.260582000222506],[-72.84824900034495,43.260663999999494],[-72.848242999598853,43.26075800015046],[-72.848236999751066,43.260854000015634],[-72.848219000207735,43.261140999759327],[-72.848205999788931,43.261352999834088],[-72.848198000291333,43.26148299995296],[-72.84818700042068,43.261645999996681],[-72.848112000077606,43.262847000245443],[-72.846454000218955,43.262447999831558],[-72.846137000026545,43.262371999923481],[-72.842426000299042,43.261481000114287],[-72.839045000284401,43.26067000025008],[-72.837875000322398,43.2603900001372],[-72.837426999710416,43.260281000006756],[-72.819618999638976,43.256006000165591],[-72.819724000119265,43.264987999993586],[-72.819726999594025,43.265499000148104],[-72.819825000401622,43.273927000021985],[-72.819899000021465,43.280356000121863],[-72.819909000067213,43.281351999811967],[-72.82000500032666,43.289593999912505],[-72.820018999672058,43.290808000114865],[-72.820030000441022,43.291824000187447],[-72.819914000090066,43.298387000211925],[-72.819894999823489,43.29937199975096],[-72.830560999924103,43.299661999773846],[-72.830981999873586,43.299673999776523],[-72.831258999883005,43.299680999722554],[-72.840631999997953,43.299936000008003],[-72.844649999872132,43.300047000259674],[-72.844762000025113,43.300051000017589],[-72.848986999588504,43.300163000323842],[-72.859912000155205,43.300366999674331],[-72.862396999844194,43.300401000044339],[-72.866027000279161,43.300479000052214],[-72.868646999687371,43.300528999920765],[-72.869515000423903,43.300563000200235],[-72.882860000382266,43.30108799996686],[-72.883380999890861,43.301105000279527],[-72.892538999920646,43.301464999939064],[-72.898873000327711,43.301713000222357],[-72.90676799961075,43.301950000177811],[-72.941490999801061,43.302992999770908],[-72.948173000362658,43.303213000248],[-72.955187000286998,43.30343899988528],[-72.958831000067349,43.303557999987227],[-72.959344999903237,43.30357299984621],[-72.959897000272292,43.303590000117758],[-72.975295000099507,43.30415900015695],[-72.975849999943307,43.291353999860512],[-72.975885000103389,43.290550999936784],[-72.986294000286051,43.290669999762429],[-72.986738999626667,43.290674999903871],[-72.992327000394226,43.290716000132683],[-72.987646999647865,43.304830999907807],[-72.987589999746447,43.305005000284375],[-72.991580000031519,43.305059999965451],[-72.993064999637795,43.305091999959025],[-72.994018999689757,43.305112999884358],[-72.994079999789136,43.305114000067427],[-72.994987999810334,43.305133000273479],[-72.996293000389869,43.305161999681985],[-72.996787000134276,43.305172999724512],[-72.996834999814865,43.3051739999066],[-73.00360900043799,43.305420999917288],[-73.009804999854481,43.305649999713467],[-73.020727999873046,43.306064999994746],[-73.022138000034573,43.306118999857688],[-73.034473999689382,43.306596000267923],[-73.046797999648632,43.307059000051865],[-73.048403999628732,43.307061999851179],[-73.059115999760095,43.30708299974966],[-73.071448999940174,43.307030999738743],[-73.080385000212118,43.306990000050732],[-73.083781000295346,43.30696900012007],[-73.088467999816118,43.306953999791652],[-73.089764000174824,43.306949999834174],[-73.092569000429279,43.306930000042883],[-73.092816000301482,43.306947000029339],[-73.093197999892908,43.306966999815046],[-73.093952999753228,43.307013999775769],[-73.096099000406824,43.307144999905717],[-73.098451999851321,43.307285999919777],[-73.110444000447885,43.308010000273804],[-73.114634999676099,43.308263000007507],[-73.116674000199552,43.308369000097095],[-73.119241999729212,43.30849800032054],[-73.120021999703923,43.308534000318822],[-73.122462000085378,43.308668000161433],[-73.122658999728856,43.308679000223165],[-73.1227039999347,43.308681999942564],[-73.124550000114311,43.308797999872716],[-73.12495900036825,43.30882200019127],[-73.126657000409864,43.308936000267693],[-73.132421000006232,43.309303000110837],[-73.133349000118912,43.309360000051512],[-73.133442000005317,43.309364999963485],[-73.133602999663822,43.309374999786186],[-73.13635299966667,43.309531000206512],[-73.145435000426787,43.310049000255354],[-73.152296000190233,43.310435999866293],[-73.153081000187797,43.310477999939366],[-73.157761000035862,43.310742000200754],[-73.160818000185387,43.310924000045013],[-73.161701999917128,43.310975999993808],[-73.164820000166031,43.311161000041629],[-73.164933000143932,43.311166999888911],[-73.165025000205432,43.311172000305838],[-73.168165000195657,43.311358999917701],[-73.16855099998503,43.311375999972725],[-73.170101999713538,43.311434000009328],[-73.172794999815011,43.311521000287243],[-73.17326299962015,43.311536000142247],[-73.173885000309383,43.311556999802328],[-73.174663999560835,43.311580999685098],[-73.17598699968373,43.311623999696486],[-73.182438000266686,43.311832000097212],[-73.193901000060379,43.31221599992211],[-73.194769999723533,43.312245999939009],[-73.206415999815349,43.312619999821841],[-73.207087000010077,43.312647000115746],[-73.207579999929578,43.312661999692899],[-73.208683999769363,43.312702000072242],[-73.210967999616912,43.312763999725789],[-73.220802999689198,43.313072000208791],[-73.223289000101417,43.313165999803388],[-73.231764000240915,43.31348800019132],[-73.237634999967383,43.313703999775548],[-73.237812000417705,43.313712000108524],[-73.238307999811951,43.313729000159007],[-73.241637999772934,43.313851999882644],[-73.242267000134888,43.313875000127481],[-73.244100999720644,43.313942000080687],[-73.249137000119163,43.314208999774948],[-73.254571000002642,43.314496000179851],[-73.254608999637483,43.314498000237094],[-73.254641000322849,43.314499000265734],[-73.254646000345716,43.314386000196222],[-73.254697000399347,43.313241000279596],[-73.254877000324399,43.308145000097376],[-73.255130999869294,43.302140000092727],[-73.255237999999409,43.298034000115251],[-73.255395000358263,43.29274500025803],[-73.255531999727282,43.28809300019968],[-73.255586999978888,43.285202999906723],[-73.255621000314065,43.283901999868192],[-73.25566899999464,43.282099000160258],[-73.255716999675215,43.28029599999018],[-73.25573400029198,43.279675999742523],[-73.255750000185486,43.279056999674545],[-73.255790000368464,43.277564000110964],[-73.25611199968543,43.270493999849123],[-73.25612799957895,43.270212999684468],[-73.256345000212249,43.265373000176936],[-73.256346000037169,43.265349999899634],[-73.256464000037937,43.260539000095889],[-73.25647499990859,43.260093000049402],[-73.257090999851741,43.252530999946721],[-73.257613000083552,43.245188000214611],[-73.258696999831855,43.230554999863593],[-73.258721000121298,43.229951000031093],[-73.258722999771109,43.229892000070052],[-73.258735000365007,43.229413000114008],[-73.258800999588914,43.227461999929766],[-73.258802000312158,43.227424000084845],[-73.259158999789221,43.216847999828474],[-73.259650999883803,43.207421000157815],[-73.259706999960287,43.206373999954131],[-73.260035000023365,43.200002000165043],[-73.260040999871137,43.199882999898556],[-73.260046999718924,43.199764000054785],[-73.260070000183447,43.199327999937474],[-73.260092999749673,43.198891999978827],[-73.260324999553276,43.194484000192375],[-73.260541000361656,43.19036799995164],[-73.26055600043027,43.190075000181125],[-73.260595999714937,43.189307000122703],[-73.261630999957717,43.169499000035678],[-73.262275000388286,43.157158000308129],[-73.262437999696587,43.154023000078695],[-73.262439000419803,43.153987999835145],[-73.263307000258052,43.137386999922256],[-73.263950999790282,43.125081000082531],[-73.264062000118372,43.123394999786001],[-73.264117000369936,43.122392000100128],[-73.264406000074942,43.117081999847805],[-73.26444899973265,43.116530000084111],[-73.264545999817031,43.115430000123503],[-73.264913000238153,43.108598999872868],[-73.265025000391148,43.106435000142021],[-73.265028999690799,43.106400999712776],[-73.26503100023892,43.106237000270646],[-73.265041000284668,43.106153999885642],[-73.265043999759413,43.106099999796001],[-73.265595000303534,43.09592600032061],[-73.266130000055838,43.088468999997708],[-73.266164000391029,43.087997999913213],[-73.266167999690666,43.087938000022632],[-73.266170000238802,43.087906999913947],[-73.266171000063707,43.087877000259489],[-73.266222999942258,43.087158000033135],[-73.266443999875193,43.084084999900391],[-73.266679999876743,43.080804999713571],[-73.26675000019695,43.079833999739371],[-73.266773999588068,43.079485000205764],[-73.268050999680213,43.060764000015972],[-73.268742999791357,43.050939999954366],[-73.268776000301628,43.050466000269367],[-73.268897999602046,43.048659999885516],[-73.269027000371779,43.046808000236275],[-73.269777000209245,43.035975999911614],[-73.270040999799889,43.030716000068374],[-73.270075000135066,43.030042000303105],[-73.270702999773775,43.017564999843337],[-73.270824999972518,43.015147000307898],[-73.271426999671959,43.000082999997836],[-73.271837999575695,42.99563299976041],[-73.271839000298925,42.995616999693112],[-73.271845999971632,42.995467000173605],[-73.271859000390407,42.995103999926414],[-73.271862999690057,42.995037999710803],[-73.271866999888033,42.994973000096223],[-73.271892999827287,42.994360999807924],[-73.272514999618224,42.982091000102066],[-73.272695000441587,42.977250000017037],[-73.272759000015682,42.975495000237004],[-73.273324999730136,42.964781999904346],[-73.273268999653624,42.963663000053131],[-73.273261000156026,42.963434999762178],[-73.273302999988815,42.963074999969663],[-73.273429000385519,42.961930000073728],[-73.273473999693039,42.961524999866029],[-73.273476000241189,42.961409999905442],[-73.273514999700922,42.960152000082417],[-73.273627999678837,42.957147999683443],[-73.273640000272707,42.956782000049436],[-73.273703000021911,42.95575300029509],[-73.273879999573907,42.95289799996096],[-73.27417000000213,42.949028000148921],[-73.274199000314454,42.947738000274491],[-73.274243999621987,42.945782999891293],[-73.274293999850698,42.943651999892303],[-73.274392999584904,42.942485000225197],[-73.274399000330988,42.942293999755996],[-73.274400999980827,42.942222000086403],[-73.274404000353854,42.942150999891332],[-73.274405000178788,42.942119000193465],[-73.274462000080177,42.940457000048369],[-73.274483999821484,42.939847000176137],[-73.274527000377518,42.938618999841381],[-73.27453200040037,42.938522000176512],[-73.274569000210306,42.93778399973602],[-73.274570000035212,42.937754000317],[-73.274575000058078,42.937658999868177],[-73.274578000431148,42.937594000099644],[-73.274741999564341,42.934433000051371],[-73.274743000287586,42.934416999843116],[-73.274771999701585,42.933858000152149],[-73.275140999772518,42.923080000210675],[-73.275385000170004,42.916016999889806],[-73.275426000177873,42.914791000060433],[-73.27570099963917,42.90649399968688],[-73.275960000105258,42.90125199982306],[-73.275960999930177,42.901224999732001],[-73.275836000256703,42.897646000131729],[-73.275803999571337,42.897248999828356],[-73.27581100014234,42.897109000229008],[-73.275996999915179,42.892697000140103],[-73.276747999577552,42.875074999690881],[-73.276856000430897,42.874012999872804],[-73.276859999730533,42.873957000172361],[-73.276981000104371,42.871210999900839],[-73.277121999671365,42.868006000297576],[-73.277073999990776,42.866914000312818],[-73.277069999792829,42.866826000138595],[-73.277438999863762,42.858068999972502],[-73.277644999728096,42.853209000078643],[-73.277655999598736,42.852940000083322],[-73.278305999877077,42.837558000023343],[-73.278320000120772,42.837391000313353],[-73.278673000298198,42.833409999813064],[-73.284311000396187,42.834953999897301],[-73.285387999573459,42.834093000021575],[-73.286269999655403,42.826300999741868],[-73.286627000030776,42.823151999903423],[-73.287063000048875,42.820139999698391],[-73.286051000270589,42.818262000310924],[-73.285646000214641,42.817482999696239],[-73.285574000244623,42.817345000211859],[-73.285322000349552,42.816860999977607],[-73.284991999738338,42.816238999932963],[-73.284328000114613,42.814900999986236],[-73.284221999809404,42.814684999774876],[-73.284138999968732,42.814514999932193],[-73.284099999610675,42.814435000077125],[-73.283694999554726,42.813856000001458],[-73.284559000093296,42.81266300001618],[-73.284759999934749,42.812320999916828],[-73.285113999937096,42.811780999828727],[-73.285194000303022,42.811667000137298],[-73.285262000075093,42.811569000038105],[-73.285313999953615,42.811496999906595],[-73.285406999840049,42.81136600013879],[-73.285856000276922,42.810730000250352],[-73.286168000446452,42.810194000314361],[-73.286272000203539,42.810016999942313],[-73.286308000188541,42.809954000145595],[-73.286546999664836,42.809484000275475],[-73.286343000348637,42.808062999717009],[-73.289305000063607,42.804096999867568],[-73.290943999655681,42.80192000022538],[-73.289479000140886,42.79633700009412],[-73.287361999799614,42.788263000192259],[-73.285858999751667,42.78254900001312],[-73.281557000195363,42.766139999972062],[-73.276421000237704,42.746018999989538],[-73.265066000399017,42.745855000130923],[-73.264827000024425,42.745850999726713],[-73.264678999886428,42.74584900018418],[-73.260834000264609,42.745777000118316],[-73.245294999972074,42.745488000231056],[-73.238731000309556,42.745361999821974],[-73.23737100037674,42.745336999731293],[-73.236942000031348,42.745331999843891],[-73.23538899975469,42.745300999741325],[-73.21490000017566,42.744909000256676],[-73.214782000174893,42.744905999907729],[-73.21466400017411,42.744904999791409],[-73.214535000302675,42.74490099998556],[-73.214403999883118,42.744898999752706],[-73.213731999863469,42.744885000100012],[-73.213572000029885,42.744885000100012],[-73.213171000171911,42.744875000251845],[-73.210473000047571,42.744826999902919],[-73.207604000219035,42.744773000125583],[-73.206977000405232,42.744759999903394],[-73.198954000177366,42.744610999851716],[-73.188907000392959,42.744421000302339],[-73.18774499992854,42.744400999795083],[-73.184317000058272,42.744333999994879],[-73.181799999683903,42.744288000139377],[-73.180547999706107,42.744263999742302],[-73.17411000044028,42.744141999999059],[-73.163640999983173,42.743943999937144],[-73.16356900001314,42.743942999805263],[-73.153065000294262,42.743739999751718],[-73.142670000355309,42.743532999799136],[-73.142492999904974,42.743528999904761],[-73.141599999952405,42.743574000185653],[-73.120096000222063,42.743087999909896],[-73.1192250000108,42.743071000070174],[-73.117968999835043,42.74304299993598],[-73.11658999963565,42.743015999935942],[-73.100150999717869,42.742696999778623],[-73.097609999952383,42.742644999771109],[-73.089903000091994,42.742490000301942],[-73.088814000320838,42.742463000061065],[-73.07969399992588,42.742287000108838],[-73.079418999566272,42.742281999975447],[-73.07301599956223,42.742151000163418],[-73.072279000143567,42.742135999729143],[-73.071488000298231,42.742118000126808],[-73.070300999719478,42.742095999872767],[-73.069447000124939,42.742078999761048],[-73.068847999900228,42.742066999795838],[-73.067442999761568,42.742037999705332],[-73.066209000225456,42.742013000253401],[-73.062160000389142,42.741933999860713],[-73.054578000202255,42.741774999925973],[-73.048468000101167,42.741652999902904],[-73.048438999788843,42.741651999734103],[-73.047994000448227,42.741643000193214],[-73.042194999793452,42.741526000105168],[-73.033709999608234,42.741357000028046],[-73.032815999830731,42.74134799978458],[-73.025114999818157,42.741178999881981],[-73.023015000093636,42.741135000019185],[-73.02261599988546,42.74112800009808],[-73.019567999956749,42.74107499991598],[-73.01864499986695,42.741058999702723],[-73.015648999816776,42.740978999894018],[-73.010825000028674,42.740849999671667],[-73.010661999822048,42.740839999832474],[-73.009450999852149,42.740813999715179],[-73.006043999898253,42.740724999916225],[-72.999385999626099,42.740591999741305],[-72.998956000354099,42.740585999944997],[-72.979548000150317,42.740218999861867],[-72.967193000228932,42.740006000176507],[-72.962978999637869,42.739932999725688],[-72.948354000112644,42.739647000249512],[-72.947980000018816,42.739638999959155],[-72.930258000161103,42.739292999938392],[-72.930101999627169,42.739289999977437],[-72.930098000327533,42.739416000191746],[-72.929965000258136,42.744700000009786],[-72.929961999885094,42.744892999713471],[-72.929910999831463,42.747209000086698],[-72.929812000097257,42.751344000242597],[-72.929690999723434,42.754024000113624],[-72.929637000195086,42.755535999777393],[-72.929602000034976,42.756341000263753],[-72.929587999791281,42.756601999732503],[-72.929580000293683,42.756864999927544],[-72.929510999798381,42.758506000214773],[-72.9294909997069,42.758982000098158],[-72.929479000011327,42.759270999727356],[-72.929223999743215,42.765237999679044],[-72.929125999833914,42.767697999759037],[-72.929078999978259,42.768728999686658],[-72.92903100029767,42.769850000286837],[-72.928866000441232,42.773811000286251],[-72.928469999707801,42.783194000276133],[-72.928351999707019,42.786001000271725],[-72.928252999972813,42.788220000212831],[-72.928251000322987,42.788300999765923],[-72.928247000125026,42.78844000017623],[-72.928242999927079,42.788561000317237],[-72.928216000162891,42.789024999885747],[-72.928191999873448,42.789531999688464],[-72.927821000152676,42.797410000069654],[-72.927703000151922,42.799906000142975],[-72.927637000029662,42.801303000177732],[-72.927417999746552,42.805951000143381],[-72.926597999588907,42.823364999686163],[-72.926751999574691,42.824704999943222],[-72.927404000401168,42.829805000321159],[-72.927402999677952,42.829826999731161],[-72.927397999655071,42.829953999675801],[-72.92717599989723,42.835662000043669],[-72.927088999858583,42.837831000210258],[-72.926913000131478,42.842057999988491],[-72.926714999764755,42.846345999795844],[-72.926276000271955,42.856219000283453],[-72.926270000424168,42.856356000272321]]]},"properties":{"NAME":"Bennington County","BASENAME":"Bennington","GEOID":"50003","STATE":"50","COUNTY":"003"}},{"type":"Feature","geometry":{"type":"MultiPolygon","coordinates":[[[[-71.98455199980306,44.336131000309265],[-71.984383999573566,44.336245000298653],[-71.984125000005804,44.336367000075604],[-71.983987999738446,44.336482000006875],[-71.982842999890806,44.336931999972435],[-71.982416000093522,44.337068999684611],[-71.982186999764693,44.337167999727576],[-71.981683999799429,44.337282000270953],[-71.981424000406733,44.337365999954613],[-71.980935999611802,44.337420000192559],[-71.980477999852397,44.337405000202835],[-71.979471000097007,44.337298000036398],[-71.97826599997488,44.337465999880102],[-71.977808000215489,44.337488999710331],[-71.977029000065713,44.337388999824071],[-71.975762999844221,44.337144999771439],[-71.974480999729209,44.336893000052122],[-71.973703000302677,44.336794000187382],[-71.972543000386395,44.336718000288094],[-71.971368000401498,44.336664999801236],[-71.971322000370748,44.336656999832698],[-71.9700860002865,44.336625999703351],[-71.968850000202238,44.336603999933267],[-71.967630000011511,44.336572999775854],[-71.966439000133093,44.336550000228854],[-71.966393999927263,44.336550000228854],[-71.965157999843001,44.336527000030301],[-71.964089999988218,44.336511999812181],[-71.963037000202078,44.336511999812181],[-71.962075999579113,44.336558000211987],[-71.961052999930203,44.336726000248312],[-71.959786999708697,44.337031000246753],[-71.958534999730915,44.337320999932537],[-71.958046999834281,44.33742700031496],[-71.957131000315485,44.337495999824505],[-71.955880000162608,44.337534000246002],[-71.954613999941131,44.337572999739969],[-71.953361999963334,44.337611000111622],[-71.951928000410689,44.337633999884979],[-71.950509000028319,44.337640999981787],[-71.949074999577348,44.337655999911142],[-71.948558000266715,44.337667000242384],[-71.947914999661066,44.337679000309365],[-71.946754999744783,44.337702000056055],[-71.945594999828515,44.337709999882016],[-71.945106999931895,44.337679000309365],[-71.944619000035246,44.337633000146404],[-71.944343999675638,44.337557000049564],[-71.943566000249106,44.337243999686102],[-71.942772000030729,44.336908999923708],[-71.942008999774487,44.336642000290311],[-71.941689000107345,44.336543000001797],[-71.94069700042057,44.336259999942584],[-71.93970499983547,44.335992999924152],[-71.939216999938836,44.335862999934712],[-71.938606999843472,44.335779999795712],[-71.937706000393277,44.335719000292094],[-71.936805999869676,44.335664999772732],[-71.936073999575569,44.335680999979395],[-71.935250000118288,44.335756999937672],[-71.934532999892809,44.33589399982494],[-71.934105000270634,44.336000999983277],[-71.934044000171255,44.336000999983277],[-71.932624999788885,44.336381999688335],[-71.932517999658771,44.336381999688335],[-71.931145000205461,44.336825000227911],[-71.930611000278091,44.337031000246753],[-71.930183999582511,44.337191000317233],[-71.929375000193829,44.337480999854222],[-71.929099999834222,44.337626000048594],[-71.928780000167094,44.337877999830276],[-71.928001000017318,44.3386099999991],[-71.92723799976109,44.339579000064845],[-71.926460000334529,44.340548000178217],[-71.926032999638963,44.341029000165754],[-71.9254379996122,44.341654000259666],[-71.925225000075187,44.341852999781345],[-71.924933999822045,44.342051000249214],[-71.924592000413611,44.342258999858316],[-71.924399999894661,44.342379000013658],[-71.924141000326898,44.34251599984794],[-71.923301999902677,44.342897999913049],[-71.922463000376766,44.34329400018845],[-71.921521999845282,44.343822000249325],[-71.921317999630787,44.343936000061696],[-71.921150000299605,44.344019000219554],[-71.920479000104876,44.344423999807148],[-71.919878000230355,44.344798999762027],[-71.919426000318722,44.345079999857056],[-71.918749000276222,44.345554999732578],[-71.918601999963116,44.345659999760393],[-71.917396000016097,44.346522000190234],[-71.917212999717989,44.346635999891255],[-71.916816000057949,44.346796000089476],[-71.916344000054849,44.346972000188543],[-71.916098999832457,44.347033000190805],[-71.915993000425559,44.347039999807869],[-71.915626000004437,44.347253999720053],[-71.915061999939837,44.34745999971399],[-71.914221999690696,44.347734999934097],[-71.913353000027556,44.347948000315867],[-71.912422000440145,44.348124000167886],[-71.91149099995441,44.348246000280795],[-71.910620999568053,44.348375999795202],[-71.909416000344237,44.348398000287368],[-71.908423999759151,44.348414000231308],[-71.907646000332605,44.348405999938706],[-71.906912000388687,44.348336000222403],[-71.90668399988472,44.34831499990581],[-71.906027999758606,44.348253999952874],[-71.905356999563892,44.34822300017364],[-71.90511300006473,44.348191999735597],[-71.904594000205933,44.348101000012861],[-71.903754999781711,44.347886999981007],[-71.903006999594098,44.347681000202947],[-71.902717000064186,44.347559000198821],[-71.901741000270931,44.347262000169884],[-71.900564999562818,44.347041000028405],[-71.899527999670184,44.346742999718842],[-71.898765000312267,44.346438000133453],[-71.89800200005601,44.346078999681232],[-71.897238999799768,44.345712999825388],[-71.896731999636557,44.345528999757803],[-71.89670499987237,44.3455070001161],[-71.896688999978863,44.345453999864844],[-71.896490999612141,44.345354999679294],[-71.895774000284959,44.34500399977675],[-71.894995999960116,44.344637000014146],[-71.894201999741725,44.344278999721141],[-71.893302000116449,44.343775000132545],[-71.892722000158315,44.343585000014485],[-71.891973999970688,44.343439999780564],[-71.891638000410012,44.343396000205807],[-71.891563000066952,44.343385999947436],[-71.891407000431357,44.343351999955573],[-71.890870000130903,44.343233000149986],[-71.89035700011992,44.343119000255477],[-71.889039000019892,44.343056999746373],[-71.888556000146139,44.343027999724093],[-71.887808999783417,44.342844000223096],[-71.886832000165256,44.342614999688351],[-71.886541999737034,44.342524000302014],[-71.88588599961092,44.342256999896463],[-71.885825000409852,44.342249000048419],[-71.884635000356354,44.341691999913806],[-71.884329999859517,44.341563000024109],[-71.884222999729403,44.34147899992842],[-71.88410100042897,44.341372000129368],[-71.883978000405321,44.341311000018436],[-71.883826000069362,44.341295999739209],[-71.883749999901383,44.341287999760034],[-71.883734000007848,44.341235000191638],[-71.883688999802004,44.341181000254863],[-71.883581999671875,44.341127999947311],[-71.882742000321073,44.340815000014778],[-71.882467999786357,44.340647000129508],[-71.881963999996202,44.340319000312284],[-71.881780999698094,44.34017399971021],[-71.881461000030953,44.339952999830906],[-71.880957000240798,44.339724000210936],[-71.880041999648597,44.339456999903391],[-71.878896999800943,44.338946000039435],[-71.877752999778195,44.338449999945631],[-71.877248999988041,44.338290000098063],[-71.877090999804281,44.338262000015632],[-71.877033000077972,44.33825099979601],[-71.876715000060656,44.338191000021951],[-71.876653999961277,44.338190000292883],[-71.876470999663169,44.338212999839129],[-71.876364000431366,44.338183000261616],[-71.876227000164022,44.338076000229869],[-71.876012999903793,44.337884999897994],[-71.875829999605685,44.337801000315324],[-71.875478999976394,44.337739999701533],[-71.875220000408618,44.337716999969757],[-71.87499100007976,44.337603000272146],[-71.874700999651537,44.337390000209318],[-71.874586000023811,44.337331999684103],[-71.87456400028249,44.337320000188683],[-71.874181999792754,44.337159999827676],[-71.874032999829836,44.337101999717476],[-71.873984000324356,44.337083000012342],[-71.873831000163491,44.33702299968563],[-71.87305299983862,44.336755999928791],[-71.872503999842635,44.336703000118796],[-71.871892999922352,44.336695000155444],[-71.871703999776457,44.336685999793815],[-71.871588000323825,44.336679999980262],[-71.871451000056481,44.336695000155444],[-71.870245000109463,44.33694700008315],[-71.86917700025468,44.337366999697728],[-71.868140000362061,44.33778599978055],[-71.867604999711446,44.338045999939695],[-71.866948999585333,44.338403999745069],[-71.866385000419029,44.338679000044017],[-71.865561000063423,44.339036999839458],[-71.864751999776431,44.339403999964816],[-71.864110999718903,44.339624999986079],[-71.863134000100743,44.339898999998304],[-71.861699999649787,44.340219999807111],[-71.860235000134978,44.340395000041511],[-71.85909100011223,44.340388000273443],[-71.858296999893852,44.340418000007752],[-71.857183999833225,44.340472000004844],[-71.856069999947707,44.340517999867949],[-71.855001000268032,44.340639000061763],[-71.853933000413264,44.340745999913608],[-71.852849999591569,44.340922000187902],[-71.852315999664171,44.341173000259992],[-71.851796999805416,44.341311000018436],[-71.851323999977396,44.341494000160829],[-71.850453999591039,44.341867999918058],[-71.849858999564276,44.342135000167815],[-71.848729999610143,44.342584999793331],[-71.84761599972461,44.343027000077541],[-71.846777000198713,44.343385999947436],[-71.845587000145201,44.343843999880995],[-71.845176000241466,44.344007000165256],[-71.844396000266798,44.344317000243571],[-71.843679000041305,44.34449199981259],[-71.843022999915192,44.344706000032879],[-71.842550000087172,44.344935000108819],[-71.842153000427132,44.345170999772854],[-71.84126799997216,44.345736000275011],[-71.840550999746668,44.346171000208869],[-71.839620000159258,44.346826999981012],[-71.83830799990703,44.347703999880373],[-71.83795700027774,44.347941000164838],[-71.837898999653106,44.347969999683869],[-71.840503999890998,44.35048200006505],[-71.840692000211988,44.350664999843119],[-71.843372999719563,44.353304000140987],[-71.844965000354279,44.354825999848138],[-71.84629199977681,44.356094999747796],[-71.84690799971996,44.356685999820947],[-71.847440999822439,44.357216000096606],[-71.849871999983066,44.359639000040403],[-71.850467000009829,44.360229999692997],[-71.853677000320232,44.363324000272591],[-71.854525000066957,44.364139999809161],[-71.856942999808808,44.366509999997383],[-71.858654000269212,44.36819199983038],[-71.860447999671976,44.369954000065725],[-71.863940999839599,44.373253000223244],[-71.865746999836261,44.375093999936439],[-71.867572000099486,44.377087000273519],[-71.86777799996382,44.377293999756709],[-71.871031999756838,44.380494000023745],[-71.874553000411851,44.383929000013012],[-71.878398000033656,44.38781300013089],[-71.881193000242362,44.390517000188467],[-71.883303999837537,44.392563000030229],[-71.88796000029447,44.397053999815242],[-71.890157999928292,44.399174000182605],[-71.897679000015827,44.406514999779013],[-71.898321999723166,44.407138999745484],[-71.902305000335531,44.410996000109542],[-71.903324999611414,44.411980000031356],[-71.905102000194063,44.413671999930735],[-71.905876000320944,44.414422000291914],[-71.907979000418536,44.41648400029429],[-71.908186999932681,44.416688000030625],[-71.90841999956119,44.416927999979308],[-71.909013999763033,44.417500000280697],[-71.911382999999361,44.419825999731046],[-71.914739999724546,44.423132999895202],[-71.917394000366258,44.425747000292283],[-71.921993000023463,44.430188999872023],[-71.922993000106189,44.431154000138967],[-71.933222000363784,44.441137999700786],[-71.926897000177533,44.443956999761348],[-71.92636700044811,44.444202999699456],[-71.926263999617646,44.444250000036455],[-71.92496700033233,44.444852999749685],[-71.9240850002504,44.445264999916027],[-71.922239000070775,44.446121000242535],[-71.922152999857047,44.446159999912915],[-71.922078000412284,44.446196999937925],[-71.921321000003843,44.446545999818042],[-71.919130999867633,44.447564000206256],[-71.916143000213395,44.448892000162303],[-71.912923999682164,44.450326000072188],[-71.911106999814848,44.451137000180296],[-71.909604999591821,44.451827999826314],[-71.90515200042276,44.453874000083367],[-71.904339999762726,44.454247999758991],[-71.903434000289664,44.454664000287757],[-71.903264000410346,44.45474199973637],[-71.900307999644866,44.457383000144567],[-71.895459999567294,44.461713999960423],[-71.893061000092032,44.463840999980235],[-71.89221800036816,44.464591999815781],[-71.891880000259349,44.464863000116843],[-71.891866000015668,44.464874999767545],[-71.888869999965493,44.467562000313535],[-71.88826599971793,44.468097999834256],[-71.885546999677203,44.470491000214281],[-71.880748999828342,44.474707999921989],[-71.874560999909463,44.480345000048722],[-71.868253000339962,44.486033000104158],[-71.865803999737679,44.488196000180075],[-71.862917000365783,44.490747999796199],[-71.85751600009425,44.495514000041112],[-71.856690999913738,44.496275000247984],[-71.858676999835424,44.498265000154412],[-71.86087000034469,44.500746999937014],[-71.864472000292253,44.504393000260606],[-71.869250000049618,44.509215000026003],[-71.874586000023811,44.514600000197952],[-71.876218999768085,44.516184000149678],[-71.877788999763197,44.517701999866858],[-71.8783029995991,44.518201999953128],[-71.881616999666576,44.521401000172283],[-71.884821999954099,44.524509999812494],[-71.889490000106605,44.52904200017656],[-71.897063999897583,44.536422999850977],[-71.903895000422111,44.543043000023346],[-71.908375000253642,44.547367999710197],[-71.90893799959504,44.547917000021947],[-71.901495000223619,44.554717999718115],[-71.900639000080957,44.555502999935023],[-71.898785000403734,44.557367999746553],[-71.898542999656087,44.557612999957826],[-71.898277000415618,44.557881000042158],[-71.898244999730252,44.557912999921982],[-71.89735699980055,44.558807000051793],[-71.897011000194141,44.559158000046317],[-71.896027000004963,44.56015400003934],[-71.890858000435344,44.565376999754719],[-71.890008000140469,44.566172999786424],[-71.880510000352047,44.575014999760697],[-71.878271999636965,44.577098000296765],[-71.876867000396629,44.578405000064485],[-71.874803999583705,44.580288000266712],[-71.874580000176039,44.580489000162594],[-71.874490999589256,44.580569999838261],[-71.874370999938648,44.580677999870097],[-71.874015000286505,44.58100099998267],[-71.872473999705392,44.582436999759331],[-71.868001000444877,44.586550999686068],[-71.862929999886234,44.591398999981791],[-71.862145999713604,44.59214099968387],[-71.856428000147986,44.597553999941908],[-71.854443000051191,44.599433000093789],[-71.849564999836403,44.604025000224098],[-71.842371999811945,44.610866999844035],[-71.842798999609187,44.611100000187143],[-71.848358999889371,44.614134000160966],[-71.849446999835635,44.614730000067972],[-71.851303000060994,44.61575199986563],[-71.857850000005087,44.61931099971931],[-71.862968000419386,44.622065000159694],[-71.863841000280487,44.622526000287756],[-71.871943000151077,44.626677000206335],[-71.874545000015914,44.628059999930052],[-71.878577999958708,44.630203000165466],[-71.884430000316939,44.633312999939015],[-71.893281000200048,44.638017000174983],[-71.894344999856855,44.638579000105558],[-71.894467999880519,44.638646000269809],[-71.894606999797688,44.638716999815635],[-71.894696000384471,44.638764999693471],[-71.894804000339491,44.638824999804498],[-71.895811000094895,44.639373999729038],[-71.899548999586585,44.641332999823092],[-71.901911999975155,44.642541999728458],[-71.907407999782905,44.645381999838776],[-71.907453999813654,44.645403000173978],[-71.909156999878149,44.646293000149242],[-71.910197999968744,44.646831000021116],[-71.910098000409633,44.646926000169159],[-71.903868999584546,44.652791000110618],[-71.901686999844244,44.654837999702615],[-71.901557999972823,44.654957999845429],[-71.894498000017734,44.661591999925122],[-71.89160400007485,44.664309999972581],[-71.890896999895091,44.664973999969384],[-71.890182000217735,44.665650999741956],[-71.888852000422148,44.666901999862816],[-71.888719000352765,44.667026999873869],[-71.888583999735232,44.667153999961677],[-71.888557999795964,44.66717800027903],[-71.887874000080743,44.667821999972794],[-71.886124999985512,44.669466000235367],[-71.886033999748918,44.669552000132242],[-71.885635000439066,44.669927000100479],[-71.883537000364356,44.67190899990625],[-71.883189000209796,44.67223799987805],[-71.881547000244694,44.673787999763313],[-71.874597999719384,44.680465999772295],[-71.87018499983499,44.68451399982353],[-71.865412999925425,44.689153000028533],[-71.859379999817222,44.694869000044612],[-71.858782000315728,44.695443000190537],[-71.855761999976139,44.698385999698971],[-71.854075999630069,44.700001000210953],[-71.852970999965379,44.701071999891468],[-71.851886000392184,44.702110000031887],[-71.846192000217698,44.707545999876167],[-71.841328000246619,44.71225999983659],[-71.837066999799887,44.716375999891447],[-71.837697999811652,44.716701999929796],[-71.842361999766197,44.719111000296081],[-71.852729000116042,44.724438999914703],[-71.855095999804263,44.725655999873055],[-71.856125000199299,44.726192000098614],[-71.857465000040619,44.726896000127063],[-71.861244000438518,44.728863000174861],[-71.865575000307132,44.731118000284731],[-71.871584999950784,44.734318999771737],[-71.874090999556174,44.735645999999761],[-71.874566999757235,44.735900000227865],[-71.879521999964908,44.738393999989277],[-71.882317000173629,44.739844999838354],[-71.882820999963783,44.740109999980398],[-71.88365899966476,44.740544000269495],[-71.891569999739644,44.744655000305698],[-71.897191999944113,44.747495000257324],[-71.902244000236166,44.750031000178602],[-71.905667999908488,44.75186200004201],[-71.913731000319331,44.756094999988001],[-71.921370000407634,44.760080000147397],[-71.923576000437379,44.761230999697112],[-71.927169999989019,44.763134000306387],[-71.930942999640806,44.765131000270209],[-71.935007000444045,44.76728299986042],[-71.939292000281881,44.769441000281056],[-71.940038999746292,44.768729000268827],[-71.94192400028399,44.766918000004843],[-71.942996000336706,44.765890999817579],[-71.943454999921016,44.765450999989135],[-71.94348400023334,44.765422999933044],[-71.943516000020395,44.765392999721151],[-71.943730000280638,44.76518399979004],[-71.944063000366569,44.764851000098446],[-71.944829000097542,44.764087999981612],[-71.945111999954761,44.763806000297684],[-71.94515399978755,44.763763999969186],[-71.945670000171589,44.763250000217695],[-71.94622800038843,44.762693999889201],[-71.946902999882795,44.762021999719707],[-71.947418000441914,44.761507999777649],[-71.948153000210752,44.760774000080815],[-71.948492000144469,44.760432999865749],[-71.949033999569465,44.759886000077728],[-71.949585999938506,44.759328000191609],[-71.950149000178214,44.758757999702915],[-71.950602999739644,44.75829899991227],[-71.950748000402925,44.758154000318427],[-71.95139399958498,44.757500000202135],[-71.954670000017629,44.754392999702695],[-71.958324999668648,44.750873999979845],[-71.959109999666182,44.750063999807246],[-71.9592589996291,44.749910000103192],[-71.960200999985489,44.749007999794131],[-71.965321000049599,44.744058999959897],[-71.97301799986424,44.736631000200639],[-71.973514000156783,44.736152000100304],[-71.973879000029768,44.735800000055136],[-71.974207999917752,44.735483999929762],[-71.974402999911419,44.735294000065146],[-71.974557999722123,44.735144999721122],[-71.974588999684244,44.735114999742471],[-71.974622000194515,44.73508299983316],[-71.974685999768639,44.735020999878728],[-71.975084000151895,44.734636999812444],[-71.975927999700673,44.733817000141798],[-71.97597899975429,44.733766999871399],[-71.977167999982882,44.732609000224926],[-71.977203999967898,44.732577000205261],[-71.977364999626388,44.732420999855812],[-71.977768000032512,44.732029000311385],[-71.978163000042741,44.731645000161045],[-71.978405999716969,44.73140900013324],[-71.978799999902265,44.731026999750853],[-71.979044000299751,44.730788000296791],[-71.979429000264204,44.730416000025357],[-71.980421999775913,44.729450000313676],[-71.980757000409966,44.729122999925394],[-71.98080099989258,44.729081999978526],[-71.980878999710399,44.729006999798166],[-71.981046999939878,44.728843000145631],[-71.981315999553402,44.728581999704723],[-71.98174700044693,44.728163000143084],[-71.982124000015489,44.727797000083513],[-71.982551999637664,44.727381000213455],[-71.982822999799296,44.727116999910123],[-71.983090999587915,44.726852000216731],[-71.983437000092636,44.726511000255613],[-71.983760999957724,44.726192000098614],[-71.984139000249499,44.725819000146849],[-71.984449999695812,44.725512000204468],[-71.984674000001803,44.725291000033586],[-71.984945000163449,44.725024000009206],[-71.985320000082183,44.724653999960559],[-71.985710000069503,44.724268999847141],[-71.986035999584445,44.723947999791449],[-71.986326999837573,44.723661000044892],[-71.986705999954268,44.723287000206668],[-71.987039000040198,44.722958999914908],[-71.987418999981784,44.722583999832672],[-71.987710000234927,44.72229699970206],[-71.988039000122896,44.721973000279021],[-71.988102999697006,44.721910000127288],[-71.988311999934368,44.721702999692859],[-71.988455999874432,44.721561000141342],[-71.988756000348388,44.721265999747736],[-71.989890000325389,44.720147000157006],[-71.99098400011944,44.719067999805375],[-71.99099699963989,44.719054999947666],[-71.991050000241657,44.719002000251869],[-71.991195999831547,44.718857999978205],[-71.99123699983943,44.718816999777147],[-71.991861000178503,44.718229000002559],[-71.992457000030157,44.717666000086844],[-71.993128000224885,44.717031999848565],[-71.994108000216102,44.7161059999965],[-71.994971999856375,44.715289999891731],[-71.995012999864258,44.715251000316734],[-71.995033999780645,44.715231000049855],[-71.995315999812959,44.714966999836612],[-71.996481999577014,44.713865000124429],[-71.997634999820605,44.712773999801854],[-71.999537999901634,44.711077000169254],[-71.999564999665807,44.711043000259515],[-72.003118999932795,44.70733700017103],[-72.003489999653553,44.706951999746849],[-72.003625000271086,44.706812000002458],[-72.005567999636781,44.704796999692924],[-72.006345999961638,44.703989999738369],[-72.006484999878808,44.703845999778942],[-72.006731999751011,44.703590000172646],[-72.007125000111415,44.703191000267473],[-72.007192999883458,44.7031220002306],[-72.010696000096814,44.699614000298951],[-72.01145400033019,44.698833000119485],[-72.011996999580077,44.699102000200696],[-72.013092999922264,44.699646999966646],[-72.016759000342248,44.701467000114576],[-72.017730000112635,44.701951000213469],[-72.019324000397177,44.702745000168541],[-72.020290000144698,44.703226000189936],[-72.021049000202979,44.703604000175382],[-72.023029000276907,44.704588000277795],[-72.023569000052078,44.704859000119669],[-72.023923999879315,44.705044999724606],[-72.024251000117459,44.705199000167241],[-72.024475000423436,44.705309999701541],[-72.025574000240354,44.705858999704191],[-72.025718000180404,44.705929999955792],[-72.026246000259988,44.706193000075139],[-72.026549000208703,44.706340000029037],[-72.032571000446225,44.709314999950017],[-72.033168999947719,44.709610999745628],[-72.033560999584878,44.70980400025077],[-72.033650999996581,44.709847999720111],[-72.033717999943732,44.709880999938598],[-72.033901000241826,44.70997100014862],[-72.034511000337204,44.710273000185374],[-72.036159999975013,44.711085999691363],[-72.036349999945813,44.711180000149369],[-72.03736400027222,44.711680000169174],[-72.039106999621367,44.712540000083195],[-72.040315000116536,44.713135999717913],[-72.042651999667513,44.714289000139807],[-72.046478999745972,44.716178999737728],[-72.04762500031687,44.716745000263778],[-72.049427000115557,44.717634999719209],[-72.052162000049805,44.718985000074206],[-72.056082000014683,44.720947000028879],[-72.061269999850879,44.723537999991187],[-72.06749700012783,44.726634999835831],[-72.067839000434589,44.726804999970973],[-72.071468000146325,44.728600999754562],[-72.073034999768382,44.729377000084803],[-72.073347999762817,44.729532000294832],[-72.073757000016727,44.729733999908149],[-72.074290999944125,44.729997999754602],[-72.074921000130971,44.730309999702129],[-72.076799999922571,44.731240000151679],[-72.07849899978909,44.732084000217235],[-72.081868999933064,44.733760000008765],[-72.083598999761719,44.734620999727767],[-72.08417100022227,44.734904000133611],[-72.085276999711866,44.735453000175866],[-72.089672999877806,44.737639000140142],[-72.091755999883887,44.738661000192089],[-72.099516000346028,44.742466000035222],[-72.114360000154377,44.749811999961857],[-72.114247000176476,44.749499000259533],[-72.112077999956639,44.743499000112294],[-72.11153200033371,44.742084999788517],[-72.108947000187285,44.735558000057424],[-72.108226999588751,44.733686000132884],[-72.10568400017344,44.727050999965172],[-72.10172700039864,44.71718100025717],[-72.101663999751139,44.717014999730452],[-72.101471000305594,44.716516000121132],[-72.101267999916018,44.715989999938486],[-72.101174000204665,44.715753999873058],[-72.100886000324593,44.715000999994515],[-72.100716000445274,44.71455900021386],[-72.100631999881372,44.714346999987733],[-72.100169999924006,44.713145999895083],[-72.099836999838075,44.712283999983789],[-72.097517999830444,44.706288999813694],[-72.09696700018462,44.704870000291457],[-72.095107999586205,44.700080999941122],[-72.095076999624055,44.700005999838154],[-72.095001000354401,44.69981000008103],[-72.094724000344968,44.699096999856891],[-72.09471199975107,44.699064999817381],[-72.094668000268456,44.698951999915501],[-72.094658000222722,44.69892400021088],[-72.094580000404903,44.698700000170696],[-72.094361000121793,44.698161000174387],[-72.094243000121025,44.697855000311847],[-72.094236000448333,44.697833999817504],[-72.094178999648605,44.697689999871379],[-72.094151000059526,44.697615999830731],[-72.094125999945163,44.697550000077086],[-72.094100000005881,44.697484000248224],[-72.093726999736987,44.696514999876861],[-72.093519000222841,44.695975999975175],[-72.093115999816703,44.694929000221549],[-72.092991000143257,44.69460500018775],[-72.091025000313024,44.689498999709812],[-72.090327000354094,44.68768800015976],[-72.089296000309261,44.685080999767337],[-72.089385999822639,44.685111999687599],[-72.09003299972791,44.685334000197741],[-72.0908980000914,44.685631999688802],[-72.098815000014071,44.688354000176417],[-72.101161999610795,44.689161000291847],[-72.102293999937984,44.68955700012966],[-72.103313000287258,44.689913000311257],[-72.108009999853763,44.691554000155598],[-72.108225999763818,44.691628999711085],[-72.108625999796914,44.691769999838563],[-72.114571000041565,44.693837999946574],[-72.115196000205543,44.694056000107643],[-72.124521999566497,44.697289000227315],[-72.126524000280043,44.697907000256478],[-72.133166999585299,44.70019400019369],[-72.135843999793224,44.701104000098752],[-72.137562999751239,44.701681000063644],[-72.138408999848139,44.701964999974095],[-72.140690000220957,44.702730999958085],[-72.141205999706671,44.702905000235624],[-72.143040000190737,44.703520000108149],[-72.143129999704101,44.703549999872479],[-72.144525999621948,44.704018000185464],[-72.145956999699862,44.704497999997876],[-72.146431000251113,44.703711999991526],[-72.146494999825208,44.703605000038621],[-72.146569000343376,44.703481000263544],[-72.146788999553067,44.703118000105633],[-72.146807999819657,44.703084999862327],[-72.147089999851957,44.702618000187627],[-72.147135999882721,44.702539999895308],[-72.147535999915803,44.701876999872006],[-72.147598999664979,44.701773000043325],[-72.149958999680493,44.697856000274378],[-72.152194999847481,44.694759999681146],[-72.15660400043221,44.688632999702619],[-72.158817000134633,44.685537999899111],[-72.162441999648422,44.680495999983648],[-72.163906000236622,44.678465999829371],[-72.163949999719236,44.678405000184362],[-72.164639000355649,44.677449999913954],[-72.165339999789282,44.676477000293886],[-72.166163000319983,44.67533400022544],[-72.169436000379562,44.670777000074956],[-72.170110999873941,44.669838000060153],[-72.17215799989502,44.667024000306057],[-72.17274100022621,44.666221999757703],[-72.173631999630658,44.664996000129712],[-72.173927000081761,44.664591000080655],[-72.173970999564375,44.664530999785406],[-72.174091000113279,44.664363999808053],[-72.174189000022579,44.664230999933388],[-72.174835999927865,44.663340999841843],[-72.17530600028114,44.662688000186826],[-72.178678000074939,44.657971000187629],[-72.182326999878171,44.652890999942414],[-72.184956000405521,44.649248000314891],[-72.189185000166887,44.643069999741428],[-72.189729000140005,44.642275000267496],[-72.190504000091821,44.641151000088499],[-72.193068000321858,44.637435000264645],[-72.193150000337596,44.637316000030992],[-72.193586000355708,44.636683999722415],[-72.194207000321725,44.63578300012788],[-72.19456700017183,44.635248999773999],[-72.196625000063563,44.632195000208924],[-72.199261000263604,44.628281999685804],[-72.201710999792496,44.625153999957824],[-72.202126999719113,44.624589999903918],[-72.202151000008541,44.624556999683477],[-72.202486999569217,44.624097000295194],[-72.202522999554233,44.624040000174205],[-72.202947999701649,44.623366999774554],[-72.206685000266759,44.617429999739443],[-72.207122999934683,44.61673300000448],[-72.208323000033928,44.615149000080052],[-72.208775999770452,44.614552999997038],[-72.208938999977065,44.614335000035339],[-72.209708999905999,44.613318999814972],[-72.210363000382301,44.612455999687199],[-72.213549000403248,44.608251000251421],[-72.216043000313078,44.604957999893216],[-72.216691000043269,44.604101999796839],[-72.21811500044852,44.602257999843928],[-72.218154999733159,44.602205999780573],[-72.218701000254427,44.601448999947308],[-72.219138000097445,44.600871000017484],[-72.219332000266192,44.600613999868465],[-72.220817999697388,44.598655999730703],[-72.224587999874444,44.593672000316751],[-72.225561000192968,44.592385000068028],[-72.226065999808029,44.591756000224287],[-72.226096999770164,44.591711000120974],[-72.226711000063489,44.590904000285676],[-72.227131000188066,44.590335000099934],[-72.227895000269228,44.589299000151982],[-72.228077999669011,44.589056000166863],[-72.228819000183947,44.588075000228464],[-72.228857999643679,44.588024000205422],[-72.229174000011199,44.5875989999792],[-72.229722000182264,44.586857999828354],[-72.23261000027739,44.582958999953384],[-72.232700999615659,44.582834999883097],[-72.232882000263956,44.582594999842023],[-72.233134000159041,44.582251000124103],[-72.236982000153901,44.577062000224714],[-72.237239999896758,44.576715000005173],[-72.237295000148336,44.576639000108472],[-72.237338999630964,44.576577000085479],[-72.237364999570218,44.576540999690884],[-72.239011999558201,44.574324000217864],[-72.241562000442855,44.57088399994857],[-72.241701000360024,44.570695999999757],[-72.242534000038162,44.569570999831512],[-72.247187999946959,44.563291000082657],[-72.249276999800827,44.56047200008225],[-72.253653999700205,44.554551999797518],[-72.255524999994165,44.551991999902015],[-72.257721999803081,44.549050999982512],[-72.257794999598005,44.548955999724427],[-72.257869999941079,44.548852000207482],[-72.25798299991898,44.548701999788989],[-72.260180999552816,44.545758000006195],[-72.261255000153668,44.544318000291604],[-72.261329999598416,44.544216999684394],[-72.261379000002222,44.544145999843586],[-72.261478999561348,44.544019000083722],[-72.261599999935186,44.543855999910356],[-72.26167100008027,44.543761000136897],[-72.262368000214281,44.543037000234762],[-72.262759999851454,44.542613999816105],[-72.262786999615628,44.542584000005675],[-72.262875000377477,44.54248900007731],[-72.263046000081701,44.542549999860448],[-72.263381999642377,44.542670999797402],[-72.26346799985609,44.542702000280485],[-72.264853999728189,44.543200000140281],[-72.265048999721856,44.543269999786823],[-72.265176999768372,44.5433169997401],[-72.266352999578174,44.543760000077803],[-72.266750999961417,44.543909999786599],[-72.266812000060796,44.543932999801676],[-72.26687300016016,44.543955999807665],[-72.267526999738152,44.544202000194161],[-72.268028000053576,44.544391000019147],[-72.268213000001509,44.544458000013059],[-72.268573999676519,44.544590000320113],[-72.268638999973845,44.544615000155432],[-72.270044999937411,44.54514800026098],[-72.270105000211885,44.545171999821775],[-72.270142000021792,44.545186999702324],[-72.270212000341999,44.545212999955588],[-72.270229000060439,44.545219000160152],[-72.2705920002836,44.545356000180711],[-72.271464000319781,44.54568400004613],[-72.276422999827105,44.547551000176028],[-72.281002000291153,44.54927500011209],[-72.281597000317902,44.5494990000198],[-72.281699000425164,44.549536999787151],[-72.281835999794211,44.549589000237226],[-72.282171000428278,44.549715000051727],[-72.282230999804412,44.549737999693725],[-72.282342999957407,44.549778999812396],[-72.283682999798728,44.550286000110887],[-72.284882999897974,44.550739999880221],[-72.287771999818005,44.551832000050396],[-72.289181000154642,44.552376000311803],[-72.29284599985138,44.553795000229769],[-72.297936999603181,44.555750000023686],[-72.299496999552545,44.556352999860806],[-72.299585000314408,44.556387000265303],[-72.302424999830649,44.557480999739617],[-72.303197000307719,44.557779999926012],[-72.306227999619651,44.558890000083018],[-72.31205700041167,44.561025999769399],[-72.312177000062263,44.56107000018158],[-72.314651999705518,44.561978000095031],[-72.315415999786651,44.562257000270947],[-72.317204000239968,44.562911999945435],[-72.320095999634731,44.563971000117768],[-72.322602999963351,44.564888999717219],[-72.32269699967469,44.564923000253827],[-72.322771000192844,44.564949000010749],[-72.323095000057947,44.565068999772159],[-72.325153999774571,44.56582300019285],[-72.326231999675088,44.566217000145876],[-72.327466000109524,44.566668999816748],[-72.328179000137041,44.566930999901132],[-72.33054500000037,44.567797000015233],[-72.333120000101033,44.568739000116729],[-72.334038999992885,44.569072000075657],[-72.340980999947206,44.571616000141162],[-72.345367000067398,44.573221999795081],[-72.346692999665009,44.573707999944745],[-72.346732000023096,44.57372199996523],[-72.349430999972327,44.574704999925608],[-72.349694999562956,44.574802000072303],[-72.350338999993511,44.575037000119686],[-72.351679999659765,44.575525000125204],[-72.352748000412845,44.575914000175494],[-72.354032000177668,44.576382999792962],[-72.354169000445026,44.576432000155499],[-72.35457500032588,44.5765759999504],[-72.356627000369826,44.57729800021994],[-72.358322999863319,44.577896000116418],[-72.35974300007058,44.578395999770926],[-72.360948000192707,44.578819999999418],[-72.361662999870049,44.579072000094911],[-72.362491000423631,44.579362999950845],[-72.362934999939327,44.579519999985095],[-72.363436000254751,44.579695999865891],[-72.36365499963955,44.579772999686227],[-72.364001000144285,44.579894999732907],[-72.364162999627652,44.579952000312005],[-72.36422000042738,44.579971999929512],[-72.365367999749779,44.58037600007107],[-72.366516999795394,44.580781000027585],[-72.367456999603647,44.581211999887458],[-72.373859999607703,44.584162000026112],[-72.37408999976148,44.583865999828788],[-72.374947999553953,44.582743999874857],[-72.381379999870305,44.574332999861859],[-72.38713400031925,44.566800000006452],[-72.390691999885888,44.562141000082704],[-72.392968000235825,44.559154000227906],[-72.39465299985865,44.556943000107538],[-72.39552099969687,44.555802999895711],[-72.398566000150836,44.551806000193011],[-72.401800999677278,44.547608999797816],[-72.407442000148308,44.540286999821006],[-72.410869000193685,44.535777999809653],[-72.41402400025251,44.531636000295052],[-72.414598000362858,44.530880999750757],[-72.415534999798055,44.529650000282942],[-72.419108000331619,44.524944999923378],[-72.419688000289753,44.524175000222165],[-72.419776999978197,44.524070000231283],[-72.419854999796016,44.523959000218071],[-72.420849000030955,44.522651999873631],[-72.427729000060964,44.513549999848969],[-72.428477000248591,44.512557999743862],[-72.429792999800483,44.512024999845451],[-72.42981100024214,44.512018000100412],[-72.430059999764154,44.511671000154017],[-72.433056999639234,44.507489999748223],[-72.434116000171485,44.506018999835334],[-72.434682999710844,44.505238999715765],[-72.426951999561027,44.503166000222606],[-72.426251999952271,44.502979000105981],[-72.426159999890771,44.502943999784549],[-72.425897000125047,44.50284000009664],[-72.424230999870488,44.50218999976601],[-72.42114699995679,44.50101000027135],[-72.418102000401134,44.499836999887293],[-72.414268999576578,44.498369999871507],[-72.410969999577716,44.497103999722285],[-72.408781000164723,44.496264999832242],[-72.405436000135126,44.494980999997821],[-72.403999000209424,44.494441999900026],[-72.403240000151115,44.494137000249466],[-72.40262699968271,44.493890000222734],[-72.390346000279479,44.48915900019643],[-72.388209999671631,44.488336000223178],[-72.3838279997494,44.486666000099405],[-72.381536000404239,44.485796000012101],[-72.381435000121911,44.485756999896587],[-72.381363999976799,44.485728999830464],[-72.381228000432685,44.485677000038145],[-72.379748999775856,44.485107000114191],[-72.376871999551383,44.484006000251256],[-72.375900999780995,44.483633999835909],[-72.374915999766898,44.48325600007481],[-72.374807999811878,44.483214999909386],[-72.374555000091874,44.483118000294354],[-72.373335999726052,44.482650000057312],[-72.368390999564113,44.480751999848003],[-72.36700800006507,44.480234000076905],[-72.361734999840081,44.478199000129976],[-72.360738000130425,44.477817000129868],[-72.356196000374624,44.476077999887735],[-72.355007999970937,44.475636000128802],[-72.353765000213983,44.475148999703983],[-72.351308999938993,44.474204999907556],[-72.35060599995721,44.473935999982402],[-72.346763999810122,44.472460999709178],[-72.344064999860905,44.471430999755469],[-72.341139999955857,44.470314000189113],[-72.337634000267769,44.468975000141775],[-72.337185999655787,44.468803999748324],[-72.333621000416471,44.467441000156938],[-72.325905000335268,44.464500000061527],[-72.32584699971062,44.464483000286165],[-72.321380000297893,44.463159000313965],[-72.319059999567031,44.461944999973475],[-72.317543999998591,44.461152000233561],[-72.311397000087581,44.458801000042016],[-72.304595999700283,44.456217999849812],[-72.300763999598942,44.454758999783202],[-72.300243999915267,44.45455700015124],[-72.299452000245012,44.454251999728868],[-72.29673700040226,44.453208000220613],[-72.288336999707539,44.449980000208548],[-72.286191999777159,44.449155999993984],[-72.278152999655788,44.446074999940073],[-72.276411000131532,44.445403999886345],[-72.269863000362534,44.442883999683843],[-72.268613000034591,44.442404000269676],[-72.26563000040322,44.441256000170441],[-72.261579999843676,44.439686000132703],[-72.260193999971605,44.439143999957402],[-72.252403000445639,44.436092999858879],[-72.251986999620712,44.435929999898633],[-72.25182500013733,44.435868000128863],[-72.251554999800575,44.435763000172166],[-72.249510000327646,44.434962000230904],[-72.244882000358118,44.433096000108073],[-72.242863999751037,44.432316999934372],[-72.241883999759821,44.431940000154128],[-72.236586000318781,44.429891999933098],[-72.235002999904879,44.429282999815719],[-72.233637000124276,44.428744999806426],[-72.231142000389553,44.427765999713756],[-72.229831999787123,44.42725299999961],[-72.229472999761924,44.4271060000207],[-72.229081000124765,44.426957000035806],[-72.22584999989796,44.425695000307201],[-72.225196000319997,44.425435999852766],[-72.224326999758546,44.425094000169857],[-72.2239440003422,44.424939999963165],[-72.223806000249937,44.424887999901756],[-72.223515999821714,44.424565999971804],[-72.223498000278369,44.424314000295752],[-72.223335999896662,44.424066000287127],[-72.223141999727915,44.423800999798175],[-72.223175000238186,44.423671000232744],[-72.223220000444016,44.423497000016575],[-72.22342700013327,44.423195999905666],[-72.223761000044107,44.4229249999998],[-72.223877000395049,44.422930999963953],[-72.224016000312233,44.422939999909055],[-72.224131999764865,44.423113999858366],[-72.224017000137124,44.423238000088766],[-72.224022000160005,44.423381000012412],[-72.224237000245168,44.423430999732723],[-72.224588999699364,44.423395000246344],[-72.224696999654384,44.423378000053532],[-72.224823999875994,44.42335499993569],[-72.224859000036091,44.42315000015931],[-72.224934000379164,44.422972000130351],[-72.225217000236398,44.422852000172576],[-72.225637000360948,44.422645999702837],[-72.22589699975363,44.422463999842478],[-72.2261970002276,44.422330000281093],[-72.226280999893177,44.422445000229764],[-72.226465000016205,44.422459000046274],[-72.226681999751179,44.422338000100737],[-72.226973999829227,44.422276000026308],[-72.227003000141551,44.422269999994882],[-72.227025999707763,44.422265000182136],[-72.227040999776378,44.422262000165929],[-72.227060000042968,44.422257999930274],[-72.22714200005872,44.42226099994668],[-72.227803000207714,44.42229400011675],[-72.228188999997101,44.422204000250574],[-72.22835700022658,44.422099999705082],[-72.228444000265213,44.422047000102417],[-72.228650999954468,44.421919000294864],[-72.228924999590831,44.421709000113829],[-72.228995999735943,44.4214489997306],[-72.228984000040384,44.421214999872738],[-72.22898700041344,44.421198999925032],[-72.228994000086132,44.421168000254482],[-72.228973000169717,44.421007000210885],[-72.228980999667328,44.420856000233364],[-72.22898700041344,44.420741999970751],[-72.228993000261227,44.420631999833041],[-72.229014000177614,44.420234999807803],[-72.228543999824339,44.419853999973434],[-72.228501999991536,44.419538000217784],[-72.228383000165863,44.419444000172071],[-72.228219999959236,44.419315000170457],[-72.227836999644595,44.419306000308943],[-72.227487999665129,44.419330999992127],[-72.227363999816561,44.419339999849797],[-72.227203000158099,44.41938999981808],[-72.227135000386028,44.419567999845633],[-72.226993999920722,44.419798999736692],[-72.226728999606848,44.41989999974674],[-72.226430999681028,44.419983000069038],[-72.226309000380596,44.420078999761529],[-72.226355000411345,44.420206000135032],[-72.226304000357729,44.420366999817979],[-72.22613299975518,44.420443999900151],[-72.225774999554915,44.420425999881694],[-72.225548999599084,44.420476000204438],[-72.225444000017092,44.420499000171709],[-72.225198999794728,44.420727000139117],[-72.225228000107023,44.420880999895417],[-72.225305000099937,44.421036000127955],[-72.225218999886209,44.421295000187222],[-72.225232000304985,44.421465999842816],[-72.225218999886209,44.421681999705847],[-72.225037000311332,44.421965999950999],[-72.22498200005974,44.422016999821757],[-72.224763999601535,44.422048999906686],[-72.224726999791628,44.421876999805718],[-72.224438999911527,44.421879000257434],[-72.22428999994861,44.42195000020881],[-72.2242110003059,44.421987999749746],[-72.224026000357966,44.422076000145168],[-72.223776999937627,44.422169000229523],[-72.223033999772866,44.422142000034029],[-72.222940999886433,44.422356000172094],[-72.222977999696383,44.422528000146997],[-72.222974000396732,44.422699000045647],[-72.222870999566268,44.422714000012888],[-72.222534000180673,44.422679000297215],[-72.222295999630987,44.42269199984576],[-72.222534000180673,44.423056999710752],[-72.222452999989827,44.423078000176837],[-72.222420000377866,44.423084999688932],[-72.222268000041893,44.423122999775302],[-72.221931999582907,44.422836000031275],[-72.221718000220989,44.422415999728457],[-72.221605000243073,44.422071999896737],[-72.221555000014362,44.421831999889768],[-72.221514999831399,44.421789999979723],[-72.221474999648422,44.421667000115413],[-72.221103999927664,44.421581999797198],[-72.221363000393737,44.421839999777568],[-72.221406000051445,44.421913000226802],[-72.221454999556954,44.422022999879154],[-72.221144000110641,44.421942999919231],[-72.220925999652437,44.422073000119262],[-72.220626999901683,44.421525000080635],[-72.2203189999301,44.421328999854666],[-72.220114999715605,44.421162000109391],[-72.220137000355237,44.42087400011944],[-72.220389000250321,44.420761000136864],[-72.220443999603575,44.42073800027265],[-72.220581999695852,44.420651000034901],[-72.220507000251075,44.420405999997243],[-72.220061000187243,44.419833000274096],[-72.219698999789003,44.419368999952098],[-72.219554999848953,44.418978000061742],[-72.219345999611591,44.418649000259961],[-72.21931200017471,44.418368999803235],[-72.219461999962547,44.418138999685283],[-72.219805999919132,44.418101999858017],[-72.2203039998615,44.418339000201769],[-72.220846000184793,44.418442999738062],[-72.221118000171359,44.41841300017461],[-72.221355999822748,44.418203000232957],[-72.221257000088542,44.417938999767948],[-72.220899999713154,44.417768999717389],[-72.220699999696606,44.417493999759174],[-72.220376999656423,44.41690099993],[-72.220205999952199,44.416652999915691],[-72.220161999571275,44.416480999981452],[-72.220375999831518,44.41620700006343],[-72.220642999795217,44.416079000303419],[-72.220929999850384,44.416049999852618],[-72.221269999609021,44.41623799979773],[-72.221353000347989,44.416419999790001],[-72.221566999709935,44.416524000172856],[-72.221702000327454,44.416508000224731],[-72.221919999887348,44.416478999986694],[-72.222274999714585,44.416353000179562],[-72.222524999959845,44.416251000136796],[-72.222648999808385,44.416055999880712],[-72.222272000239855,44.415802999767124],[-72.222011000123956,44.415607999942019],[-72.221961999720151,44.415346999681674],[-72.222140999820283,44.415178999834495],[-72.222082000269054,44.414935000312184],[-72.221887000275387,44.414740999865522],[-72.221888999925213,44.414597999984217],[-72.22197400031402,44.414429000198623],[-72.222042000086091,44.41424100021262],[-72.2220079997509,44.414165999735545],[-72.22194500000171,44.41416500001943],[-72.221658999771435,44.414196000194607],[-72.221236999997032,44.41411299999919],[-72.220764999993932,44.413796000294816],[-72.2203039998615,44.413641000119462],[-72.22008499957839,44.413463999743904],[-72.220065000385205,44.413265999983146],[-72.22006799985995,44.413095000087793],[-72.219836999881267,44.413097999932667],[-72.21961199975037,44.413138000202345],[-72.219167000409755,44.413063999970717],[-72.218873999608491,44.412886000035783],[-72.218790999767791,44.412693999974529],[-72.21869500040664,44.412358999701745],[-72.21850700008568,44.412101999988451],[-72.217825000020284,44.411888000179381],[-72.217446999728509,44.411616999837328],[-72.217077999657576,44.411311000060834],[-72.218491000192145,44.409370999781608],[-72.220055000339471,44.407223999881928],[-72.222441000294253,44.404060000042008],[-72.22265399983128,44.40377199989392],[-72.222961999802834,44.40336200029013],[-72.223551999806716,44.402569999696972],[-72.225434999796278,44.400048000313575],[-72.225445999666931,44.400033000308348],[-72.225460999735546,44.400012999867521],[-72.226191000379828,44.399033000057628],[-72.227423000266114,44.397381999791421],[-72.227783999941138,44.396897000179877],[-72.227840999842542,44.396819999902213],[-72.227864000307093,44.396789000145255],[-72.228128999722642,44.396434000184115],[-72.228167000255795,44.396382999824709],[-72.228213000286544,44.396321999852525],[-72.232286000412287,44.390857999779833],[-72.234728000443582,44.387577999687267],[-72.236355000340083,44.385395000133244],[-72.239984000051834,44.38052100018546],[-72.240057999671677,44.380422000173773],[-72.240133000014751,44.380321999700222],[-72.241999000285858,44.377814999975229],[-72.243936999628673,44.375212000161902],[-72.245838999884811,44.372681999828494],[-72.246997000151239,44.371142999720348],[-72.247245999673282,44.370810999845155],[-72.247715000201637,44.370188000150804],[-72.247915000218185,44.369912000149071],[-72.24796399972368,44.369843000266506],[-72.247998999883777,44.369810000042662],[-72.248620999674714,44.368983000270347],[-72.249372000235397,44.367985000281735],[-72.249999999874092,44.367147999729291],[-72.250882999780927,44.365970999946271],[-72.251300000430774,44.36541600027995],[-72.252086000253229,44.364367999810817],[-72.252983000403788,44.363171999802056],[-72.253424000444724,44.362584000149468],[-72.25415300036579,44.361612000234139],[-72.254519999888601,44.361127000310567],[-72.255662000261538,44.359581999696772],[-72.255709000117179,44.359530999984564],[-72.267524000263407,44.34380100024282],[-72.267559000423503,44.343754000109207],[-72.269224999779766,44.341543000165217],[-72.269988000036008,44.340530999683047],[-72.270127999778097,44.340384999913674],[-72.270424999879012,44.340075999942108],[-72.270995999616318,44.339559000171612],[-72.271132999883676,44.339419000085655],[-72.271233000341098,44.339317000216376],[-72.274771999641146,44.336110999882457],[-72.275118999970786,44.335795999970991],[-72.27513200038959,44.33578400016119],[-72.277084999801005,44.333937999748883],[-72.28039499967052,44.330810999772325],[-72.2804420004245,44.33076599986061],[-72.282025999764997,44.329271999897593],[-72.283691000194651,44.327877000098461],[-72.283887999838129,44.327713000046835],[-72.283928999846026,44.327684000146739],[-72.284108999771078,44.327557000105081],[-72.285719999774059,44.326420999717506],[-72.285882999980686,44.326305999978224],[-72.288709999976433,44.323777000061199],[-72.289258000147527,44.323290000046356],[-72.28965999983042,44.322930999885614],[-72.291880999928779,44.320956000210309],[-72.292276999763899,44.320607000195146],[-72.294570999657182,44.318568999941007],[-72.295984000191751,44.317312999891413],[-72.298590000254578,44.314996999768603],[-72.300063999990215,44.313687999710069],[-72.305456999865811,44.308885999852684],[-72.305748999943859,44.308634999801527],[-72.305835000157586,44.30855799982168],[-72.305866999944641,44.308529999687067],[-72.305984999945409,44.308426000264021],[-72.307347000426361,44.307209999765142],[-72.307543000244948,44.307040999781691],[-72.307710999576116,44.306890999803365],[-72.308021999920754,44.306613999705938],[-72.309068999859107,44.30568299998464],[-72.312514000346155,44.302623000106991],[-72.31683400034413,44.298780999960485],[-72.316835000169021,44.298251999679884],[-72.316821999750232,44.295890999974425],[-72.31681599990246,44.295133999729067],[-72.316808000404848,44.294284000057438],[-72.316697999901677,44.280350999966387],[-72.316651999870913,44.272227999996552],[-72.319478999866675,44.268392000019119],[-72.319948000395044,44.267773999790798],[-72.323540000296873,44.262919000180013],[-72.326630999883264,44.258795999694776],[-72.32964399965185,44.254778000157224],[-72.329662000093521,44.254754000214838],[-72.331761999818056,44.251895999730372],[-72.333122999575778,44.250043999706492],[-72.335094000327189,44.24751499986246],[-72.335387000230142,44.24730099971714],[-72.336583999956332,44.246424000250009],[-72.336869000361702,44.246215000041396],[-72.343274000015569,44.237822000147403],[-72.350607999607021,44.228212000252007],[-72.354345999997037,44.223246999963315],[-72.357027000402923,44.219678999889204],[-72.357974999708773,44.218420000299346],[-72.362915999672765,44.211836000222476],[-72.363282000268967,44.211347999753592],[-72.368880000183978,44.203888000091048],[-72.343817999988687,44.195810000199145],[-72.343710999858558,44.195775000169093],[-72.343486999552582,44.195700000218814],[-72.343280999688247,44.195634999841118],[-72.34204999962688,44.195229000100582],[-72.336691000086461,44.193461000130036],[-72.332828000023,44.192201000136208],[-72.328262999802647,44.190690000061167],[-72.324356000256543,44.189405999896266],[-72.321557999674795,44.188486999862512],[-72.316509999580703,44.186818000287566],[-72.312658000286206,44.185544000250523],[-72.312224999742838,44.185401000190659],[-72.305200999772765,44.183086999955968],[-72.304698999632421,44.183123000227553],[-72.2982680000393,44.183580000261472],[-72.2977960000362,44.183614000019475],[-72.293814000147037,44.183906999831066],[-72.283199000100055,44.184693999901128],[-72.28030299960902,44.184906000129061],[-72.268016000358017,44.185822000067994],[-72.257172999807096,44.186634999842553],[-72.254415000306622,44.18683800003425],[-72.248239999908193,44.187281000284429],[-72.237536999997687,44.188047999782491],[-72.23732199991251,44.188056999739167],[-72.237111000025322,44.188071999878659],[-72.229409000187829,44.188624999737527],[-72.221108999950545,44.18917299982359],[-72.220036000072895,44.189232999866796],[-72.217178000114998,44.189530000115077],[-72.210631000170906,44.1899979997334],[-72.209580000034578,44.190072000180621],[-72.206374999747041,44.190302000263699],[-72.19992499988733,44.190762000313676],[-72.198881000322018,44.190839000074895],[-72.191985000398461,44.191354000057046],[-72.18659400017269,44.191743999950873],[-72.183177000173046,44.19199700009387],[-72.183136000165149,44.19199700009387],[-72.17436499974967,44.192661000178781],[-72.171170000406207,44.192061999975635],[-72.17069099983209,44.191972000021195],[-72.170311999715423,44.19187200026844],[-72.166327000351515,44.190774000132542],[-72.166084999603854,44.190707000146638],[-72.155288999806913,44.187702000261929],[-72.142302000048858,44.184143000075878],[-72.140424999907083,44.183628000217283],[-72.139571000312571,44.183394000063409],[-72.139434999870133,44.183357000168748],[-72.139388999839369,44.183343999695381],[-72.138999999676955,44.183238000088984],[-72.138377000061112,44.183067000225051],[-72.138105000074546,44.182992000207335],[-72.137999999594228,44.182964000150541],[-72.11977499977128,44.177969999709831],[-72.117018999920617,44.177214999871289],[-72.116720999994797,44.1771340001319],[-72.11646099970379,44.177062999879055],[-72.116223999877349,44.176998000207867],[-72.115371999932634,44.176765000054232],[-72.114977999747339,44.176655999865361],[-72.114901999579345,44.176635999885669],[-72.110367000394561,44.175391999799309],[-72.110086000187152,44.175315999757522],[-72.10984500016275,44.175250000167388],[-72.104867000388836,44.173885000311891],[-72.104019999568692,44.173653000052624],[-72.10268800012328,44.173287999935617],[-72.101292000205447,44.17290999993984],[-72.101204000341909,44.172885000147851],[-72.097814000106453,44.171967000267351],[-72.096096999798249,44.171500999874297],[-72.091777999625208,44.170310000253302],[-72.089789000228762,44.169762000080837],[-72.088661000099535,44.169453999846496],[-72.087389999855176,44.16910700006158],[-72.087141000333162,44.169038999903485],[-72.085444999941345,44.168575999689971],[-72.083448000148991,44.168031000305355],[-72.083195000429015,44.167962000145948],[-72.081672000289572,44.167545999958428],[-72.071704999972795,44.164813999744055],[-72.071206000205507,44.164677000300621],[-72.070620000399586,44.164516999992806],[-72.070376999827019,44.164449999807509],[-72.068154000078863,44.163836999965135],[-72.067657999786306,44.163700000185976],[-72.065877999728926,44.163208000049551],[-72.065202000409627,44.163020999895998],[-72.063704000384561,44.162606999942248],[-72.059426000219403,44.161458000166988],[-72.058380999930847,44.161170999990041],[-72.056775999775638,44.160729000283141],[-72.052473000394428,44.159544999747226],[-72.048467000215823,44.158444000107458],[-72.047272999964349,44.158107000236072],[-72.046396999730206,44.157863999933873],[-72.046190000040966,44.157805999989627],[-72.045722000235827,44.157674000215081],[-72.045077999805272,44.157491000185701],[-72.04363800040484,44.157089999915392],[-72.043582000328328,44.157072999803532],[-72.043788000192663,44.157314999910817],[-72.043941000353527,44.157780000018342],[-72.043911000216312,44.158053999685286],[-72.04349799976444,44.15882499997894],[-72.043209000059434,44.159335999790422],[-72.042964999661962,44.159892999901295],[-72.042644000169915,44.160350999709046],[-72.042261999680179,44.161006999814518],[-72.042186000410524,44.161227999684996],[-72.042034000074551,44.161526000042549],[-72.042110000242531,44.161594999997206],[-72.042217000372659,44.161647999944925],[-72.042338999673078,44.161778000186658],[-72.042353999741678,44.161854000274559],[-72.042338999673078,44.161922999845608],[-72.042292999642314,44.162045000215961],[-72.042353999741678,44.162113000059342],[-72.042445999803192,44.162127999710947],[-72.042598999964085,44.162037000305027],[-72.042720000337894,44.161922999845608],[-72.043116999997935,44.161754999852455],[-72.044596999581344,44.161770000239514],[-72.04496400000248,44.161746999902192],[-72.045298999738222,44.161694000043404],[-72.045742000327323,44.16158700002525],[-72.046184000193193,44.161464999996724],[-72.046427999692355,44.161381000052216],[-72.046638999579542,44.161450000176501],[-72.047190999948597,44.161633000171278],[-72.047587999608623,44.161906999989618],[-72.047816999937481,44.162205000139643],[-72.047908999998995,44.162518000270175],[-72.047954000204825,44.163112999849197],[-72.047975999946146,44.1632050003033],[-72.048122000434319,44.163829999772467],[-72.048274999696886,44.164227000181477],[-72.048641000293102,44.164882999719552],[-72.048716999562771,44.164928999873219],[-72.048808999624271,44.165088999707933],[-72.048945999891629,44.165241000276687],[-72.049037999953143,44.165316999769779],[-72.049602000017742,44.165469999842855],[-72.05027400003739,44.165698999808811],[-72.05123499976203,44.166157000295691],[-72.051829999788779,44.166499999739905],[-72.052059000117652,44.166782000064039],[-72.0523179996854,44.167155999776142],[-72.052973999811528,44.168200999914873],[-72.053249000171164,44.168666999963229],[-72.053543999723928,44.169566999905911],[-72.053798999992068,44.170344999940852],[-72.05413399972781,44.171780000174472],[-72.054347999988053,44.172436000121159],[-72.05514200020643,44.173809000260825],[-72.056255000267043,44.175571000027745],[-72.056452999735455,44.176013999901556],[-72.056666999995699,44.17675399986107],[-72.056835000225192,44.177441000313678],[-72.056911000393157,44.177677000027778],[-72.056896000324542,44.177769000315642],[-72.057216999816589,44.178760999903041],[-72.057476000282691,44.179501000177574],[-72.05756800034419,44.179676000125191],[-72.057704999713238,44.180103000007911],[-72.057796999774737,44.18025599973533],[-72.058330999702122,44.181324000125869],[-72.058575000099594,44.181660000258084],[-72.058804000428452,44.182025999902642],[-72.05898699982825,44.182255000008482],[-72.059596999923613,44.183055999919226],[-72.060145999919598,44.183864000290647],[-72.060528000409334,44.184214999951557],[-72.06086300014509,44.184521000213664],[-72.061504000202603,44.185291000106723],[-72.06289300044773,44.186466000285655],[-72.064099000394748,44.187594999757039],[-72.064337000046137,44.187824999843833],[-72.064638000345013,44.188115999922324],[-72.064810999699063,44.188282999847566],[-72.064983999951423,44.188449999943806],[-72.065852999614563,44.189327000176675],[-72.066005999775427,44.189625000277644],[-72.0661580001114,44.190127999969839],[-72.0661580001114,44.190349000229062],[-72.066081999943421,44.190715999697304],[-72.065898999645313,44.191242000178732],[-72.065425999817307,44.192408999944888],[-72.064999000020038,44.193339999954453],[-72.064754999622579,44.194561000284331],[-72.064373000031154,44.195369000105025],[-72.064311999931775,44.195674999784778],[-72.064352000114752,44.196077000093617],[-72.064388000099768,44.196437999983544],[-72.064357999962539,44.196522000234836],[-72.064388999924674,44.197170000264833],[-72.064347999916791,44.197465000059786],[-72.064327000000404,44.197573999774114],[-72.064036999572167,44.197956000176951],[-72.063793000073005,44.198185000224179],[-72.063305000176385,44.198536000262102],[-72.062938999580169,44.198658000246141],[-72.062832000348351,44.198673000263675],[-72.062587999950892,44.198635000125947],[-72.062465999752163,44.198635000125947],[-72.062327999659885,44.198710999732917],[-72.061946999893379,44.198932000007467],[-72.061520000096124,44.199200000087963],[-72.06084800007649,44.199496999697573],[-72.06037500024847,44.199824999992273],[-72.059795000290336,44.200466000054554],[-72.059367999594755,44.201023000072055],[-72.059292000325073,44.201160000086908],[-72.059100999631042,44.201598999741897],[-72.059016999965479,44.201731999866055],[-72.058743000329088,44.202029999707882],[-72.058651000267574,44.202655999964193],[-72.058360999839351,44.203365000069496],[-72.05804000034729,44.204311000082193],[-72.057964000179311,44.204608999757973],[-72.057750999743988,44.20583700005028],[-72.057780999881231,44.206073000062176],[-72.057903000079946,44.206294999810638],[-72.058071000309425,44.206462999777699],[-72.058345999770722,44.206638000172951],[-72.058605000236824,44.20691300020362],[-72.058743000329088,44.207240999778968],[-72.058787999636607,44.2075539997752],[-72.058758000397702,44.207614999798878],[-72.058636000198959,44.207607000274429],[-72.058498000106695,44.20765299994008],[-72.058390999976581,44.207781999846667],[-72.058314999808587,44.207850999770557],[-72.058268999777837,44.207996000121881],[-72.058178000439554,44.208110999747007],[-72.058161999647723,44.208194000087239],[-72.058238999640608,44.20823199985486],[-72.058513000175324,44.208210000263534],[-72.058620000305439,44.208239999938414],[-72.058697000298338,44.208256000102168],[-72.058697000298338,44.208317000042783],[-72.058544000137445,44.20843899973449],[-72.058498000106695,44.208515000216941],[-72.05851400000023,44.208598999992162],[-72.058789000359837,44.208720999743711],[-72.059001999896864,44.208857999886561],[-72.059093000133458,44.209034000246312],[-72.059323000287236,44.209453000029221],[-72.059535999824234,44.209598000300232],[-72.059632000083695,44.209646000315772],[-72.059642999954363,44.209652000234428],[-72.059780000221707,44.209719999914249],[-72.059856000389701,44.209781000270389],[-72.059826000252471,44.209827000169938],[-72.059611999992228,44.21002599975548],[-72.059535999824234,44.210314999719706],[-72.059535999824234,44.210399000147412],[-72.05947499972487,44.210560000202953],[-72.059124000095593,44.21107099989981],[-72.058925999728871,44.211283999856583],[-72.058636000198959,44.21152800021774],[-72.058391999801486,44.211788000060096],[-72.058284999671372,44.211802999954052],[-72.05794900011071,44.211811000196427],[-72.056728000095063,44.212055000305867],[-72.056240000198429,44.212230000184086],[-72.055873999602213,44.212451999906776],[-72.055507999904322,44.212703000122481],[-72.055369999812072,44.212832999847059],[-72.054606999555816,44.213915999727121],[-72.054606999555816,44.213962000260274],[-72.053936000259398,44.214939000088251],[-72.053433000294163,44.215847000313744],[-72.052958999742927,44.216915000259014],[-72.052837000442494,44.217174000281247],[-72.05282200037388,44.217289000012954],[-72.052608000113636,44.217777000182522],[-72.052577999976393,44.217829999851894],[-72.052528999572615,44.218033000100064],[-72.052470999846278,44.218273000178876],[-72.052455999777678,44.21858600013433],[-72.052501999808428,44.218875999770233],[-72.052639000075771,44.219516000017322],[-72.052670000037935,44.21961100011994],[-72.052678000433843,44.219653000157102],[-72.052702999649881,44.219707999700596],[-72.052730000312366,44.219790999792359],[-72.052868000404629,44.220073000168526],[-72.053065999873041,44.220553999901036],[-72.053234000102535,44.220813000011219],[-72.053341000232649,44.221103000266432],[-72.053538999701047,44.221781999944739],[-72.053752999961304,44.222674999887211],[-72.053814000060655,44.222857999778995],[-72.053859000266513,44.223369000271127],[-72.053814000060655,44.224230999695251],[-72.053752999961304,44.224734999814217],[-72.053630999762561,44.225345000143541],[-72.053553999769662,44.225612000074896],[-72.05321900003392,44.226534999867432],[-72.053004999773677,44.227023000005161],[-72.052851999612798,44.227680000239076],[-72.052761000274515,44.227892999984107],[-72.052715000243765,44.227938999897347],[-72.052333999578948,44.228747999898545],[-72.052227000347131,44.229007000007002],[-72.052181000316381,44.229327999978963],[-72.051967999881043,44.229618000128802],[-72.051860999750929,44.229868999908433],[-72.051676999627915,44.230364999736203],[-72.051449000022288,44.2308609998897],[-72.051219999693416,44.231243000057773],[-72.05112799963193,44.23153299978339],[-72.051006000331498,44.231730999782819],[-72.050991000262869,44.231905999757679],[-72.050746999865396,44.232296000257072],[-72.050624999666667,44.232860000220462],[-72.050547999673782,44.232973999974092],[-72.050258000143856,44.233851999992581],[-72.050228000006641,44.23392100026502],[-72.050059999777147,44.234545999905826],[-72.049937999578418,44.234951000078091],[-72.049877000377364,44.235087999697775],[-72.049556999811884,44.235446000007613],[-72.048960999960229,44.236269999898866],[-72.048611000155859,44.236720999920301],[-72.048213999597507,44.237338000081429],[-72.047954000204825,44.237849999880488],[-72.047913000196957,44.238016000276879],[-72.047893000105461,44.238094000208385],[-72.047755999838131,44.23845200025076],[-72.047663999776617,44.23895600023932],[-72.047709999807367,44.23937600025711],[-72.047847999899631,44.239932999775149],[-72.048046000266353,44.240458999728077],[-72.049282000350587,44.242876999717474],[-72.049571999880513,44.243564000283335],[-72.049801000209371,44.243900000091983],[-72.050120999876526,44.244311999881141],[-72.050549000396998,44.244747000142908],[-72.050884000132754,44.244991000183404],[-72.050915000094889,44.245012000160656],[-72.050977999844079,44.245063999735045],[-72.051062000407981,44.245108999713317],[-72.051479000159503,44.245387999710921],[-72.052516999877056,44.246043000184038],[-72.052639000075771,44.246173000294704],[-72.052730000312366,44.246211000005516],[-72.053203999965305,44.24637199994725],[-72.053356000301264,44.246454999765085],[-72.053553999769662,44.246668999770741],[-72.054103999590581,44.247286999848903],[-72.05413399972781,44.247401999954931],[-72.054103999590581,44.24755399997948],[-72.054194999827189,44.247669000207011],[-72.054270999995168,44.24770700023835],[-72.054577000316911,44.24779100008508],[-72.054729999579479,44.247874999811849],[-72.054774999785309,44.247951000227317],[-72.054820999816059,44.248157000131485],[-72.055201999582579,44.248897000177621],[-72.055201999582579,44.248972999916049],[-72.055369999812072,44.249500000074519],[-72.055354999743457,44.249865999782187],[-72.055671999935853,44.250050000012656],[-72.055888999670827,44.250727999782121],[-72.055995999800956,44.250910999960603],[-72.056331000435023,44.251276999896263],[-72.056759000057198,44.251909999788509],[-72.056774000125827,44.251956000231758],[-72.057246999953833,44.252651000130577],[-72.057551999552359,44.253345000293088],[-72.057903000079946,44.253977999803432],[-72.058086000378054,44.254176000199919],[-72.058314999808587,44.254511999873621],[-72.058712000366953,44.254992999981205],[-72.058910999660256,44.255251999745845],[-72.05898699982825,44.25553400008291],[-72.059155999882634,44.255737000266407],[-72.059228999677572,44.255825000251853],[-72.059323000287236,44.255938999905553],[-72.059566999786369,44.256121999954196],[-72.059704000053728,44.256365999776534],[-72.059780000221707,44.256885000052755],[-72.059719000122342,44.257366000051711],[-72.059765000153092,44.25752599988153],[-72.060069999751633,44.258105000231446],[-72.060069999751633,44.258235000060701],[-72.059857000214606,44.258395000099398],[-72.059765000153092,44.258623999956185],[-72.059780000221707,44.259006000025046],[-72.059807999810801,44.259250000104011],[-72.059841000321086,44.259531999925294],[-72.05994799955289,44.259752999697746],[-72.059977999690105,44.259921000246976],[-72.059993999583654,44.259951999725281],[-72.060084999820234,44.260133999736247],[-72.060207000018963,44.260387000123423],[-72.060272000316303,44.260702999940051],[-72.060513000340734,44.260912999892625],[-72.060808999718418,44.260936000135985],[-72.061213999774367,44.260936000135985],[-72.06147400006536,44.260997000178321],[-72.061513000423432,44.261061999826865],[-72.061520000096124,44.261072999720724],[-72.061505999852415,44.261088999679544],[-72.06147400006536,44.261127000046898],[-72.061397999897395,44.261111000098403],[-72.061090999750732,44.261066999895867],[-72.061016000305969,44.261103999878294],[-72.060909000175855,44.261142000235942],[-72.060833000007875,44.261095999901443],[-72.060756999839882,44.261088999679544],[-72.060679999846982,44.261148999808178],[-72.060559000371498,44.26147000006732],[-72.060528000409334,44.261577000193114],[-72.060391000141991,44.261606999694372],[-72.060191999950348,44.261646000116833],[-72.060084999820234,44.261646000116833],[-72.060115999782383,44.261577000193114],[-72.060268000118342,44.261400999937038],[-72.060207000018963,44.261333000120977],[-72.059962999621519,44.26154600028493],[-72.059887000351836,44.261585000104525],[-72.059765000153092,44.261630000309538],[-72.059673000091593,44.261606999694372],[-72.059565999961478,44.26172900025346],[-72.059562999588422,44.261737999889149],[-72.059459999656255,44.261997000181346],[-72.059596999923613,44.262004000295114],[-72.060360000179841,44.261912000295709],[-72.060421000279206,44.261897000303115],[-72.060771999908496,44.261850999915993],[-72.060833000007875,44.261950999872461],[-72.060970000275219,44.262180000032735],[-72.061152999675002,44.262439000307651],[-72.061244999736516,44.262500000077274],[-72.061137999606402,44.262553000004971],[-72.061062000336733,44.262691000053785],[-72.061123000436098,44.262950000007507],[-72.061183999637151,44.263071999709616],[-72.061244999736516,44.263126000129709],[-72.061596000264103,44.263262999757778],[-72.061657000363468,44.263385000097003],[-72.061657000363468,44.263552999917678],[-72.061627000226252,44.263629000015818],[-72.061550000233353,44.263606000182719],[-72.061550000233353,44.263521999764812],[-72.061412999966009,44.263353999855504],[-72.061259999805117,44.263248000109918],[-72.061108000367483,44.263202000136545],[-72.060986000168754,44.263232999814868],[-72.060879000038625,44.263369999836897],[-72.060680999671902,44.263895999937269],[-72.060633999816233,44.264201000242991],[-72.060542999579638,44.264491000278873],[-72.060513000340734,44.264589999908125],[-72.06037500024847,44.264804000187489],[-72.059673000091593,44.265635999943747],[-72.059489999793485,44.26576500017056],[-72.059413999625505,44.265787999802264],[-72.059353000424451,44.2657579998613],[-72.059323000287236,44.265673999945221],[-72.05944499958764,44.265369000205595],[-72.059443999762735,44.265269000273399],[-72.059384000386586,44.265093999821936],[-72.059277000256472,44.264971999812843],[-72.059353000424451,44.26490299993295],[-72.059443999762735,44.264896000164356],[-72.059504999862099,44.264833999972019],[-72.059550999892849,44.26468999970875],[-72.059413999625505,44.264453000155981],[-72.059457000181524,44.264385999710164],[-72.059463000029311,44.264370000005236],[-72.059673000091593,44.264010999732157],[-72.059642999954363,44.263964999712528],[-72.059535999824234,44.264010999732157],[-72.059323000287236,44.264247000077951],[-72.059062999996229,44.26468999970875],[-72.058970999934701,44.264835000307677],[-72.059016999965479,44.264979000215703],[-72.059001999896864,44.265033000170668],[-72.0589409997975,44.265017999687814],[-72.058727000435567,44.265010000243556],[-72.058605000236824,44.265056000088791],[-72.058681000404817,44.265284999733595],[-72.058879999698121,44.265589999909061],[-72.059001999896864,44.265894999788593],[-72.05898699982825,44.266069999785387],[-72.058894999766736,44.266504999946456],[-72.058789000359837,44.266818000067289],[-72.058741999605857,44.266977999906651],[-72.058818999598756,44.267115999860501],[-72.059307000393687,44.267252999839208],[-72.059398999556876,44.26732900030008],[-72.059507000410235,44.267569999706701],[-72.059550999892849,44.267717999850824],[-72.059596999923613,44.267757000078845],[-72.059658000022978,44.267755999792961],[-72.059720999772168,44.267704999983508],[-72.059744000236691,44.267686999964504],[-72.059780000221707,44.267656999706169],[-72.059842000145991,44.267589000050293],[-72.059933000382586,44.267481999931142],[-72.060023999720869,44.26752000002579],[-72.060054999683004,44.267589000050293],[-72.059962999621519,44.267764000150038],[-72.059688999985113,44.267993000180972],[-72.058955999866114,44.268709999803015],[-72.058559000206074,44.269076999860658],[-72.058360999839351,44.2692289998269],[-72.058299999739972,44.269351000006345],[-72.05851400000023,44.269778000248337],[-72.058345999770722,44.270038000100897],[-72.058330999702122,44.270083000267853],[-72.058397999649287,44.270083000267853],[-72.058427999786502,44.270073999979914],[-72.058636000198959,44.269984000240989],[-72.059200000263559,44.269885000047367],[-72.059642999954363,44.269922999875014],[-72.060038999789484,44.26985500026764],[-72.060299000080477,44.269801000239596],[-72.060865999619836,44.269530999998487],[-72.06094000013799,44.269496000043176],[-72.061259999805117,44.269434999813981],[-72.061749000424982,44.269449999812956],[-72.062023000061373,44.269426999684292],[-72.062216000405215,44.269364000152891],[-72.062960000394881,44.269118999975248],[-72.063152000015506,44.269046000047794],[-72.06329000010777,44.268908999745335],[-72.063320000245,44.268702000217907],[-72.063366000275749,44.268611000036536],[-72.063502999644768,44.26849600023489],[-72.06377800000439,44.268404999734543],[-72.063839000103755,44.268358999936964],[-72.063961000302498,44.26813000004541],[-72.064238000311931,44.267991999899046],[-72.064617000428612,44.267879000097338],[-72.064574999697513,44.267751999935598],[-72.064577000245649,44.267717999850824],[-72.06463099977401,44.267694000044024],[-72.064753999797659,44.26768800025161],[-72.065136000287396,44.267794999995765],[-72.065364999717929,44.267940000011606],[-72.065425999817307,44.267993000180972],[-72.065685000283381,44.268579999977902],[-72.065746000382759,44.268657000280122],[-72.065869000406408,44.268664000244137],[-72.066081999943421,44.268534999946702],[-72.066432999572712,44.26813000004541],[-72.066508999740691,44.268076999999586],[-72.066661999901569,44.268062000293497],[-72.066891000230427,44.268091999701845],[-72.067134999729561,44.268237000271519],[-72.067578000318676,44.268809000046012],[-72.067978000351772,44.26951299989544],[-72.068118999918752,44.269832000297512],[-72.068248999615093,44.270198000180685],[-72.068416999844573,44.270502999950445],[-72.068477999943951,44.27080099971527],[-72.068431999913201,44.271296000306556],[-72.068217999652958,44.272455999796335],[-72.068081000283911,44.272884000191375],[-72.067851999955082,44.273401999830632],[-72.067723999908551,44.273561999757334],[-72.067547000356541,44.273783999714027],[-72.067501000325791,44.273861999812631],[-72.067180999760325,44.27442499989472],[-72.066906000299028,44.274874999870114],[-72.066784000100299,44.274959000144214],[-72.066539999702826,44.274982000037554],[-72.066418000402408,44.275043000298247],[-72.066235000104285,44.275232999882107],[-72.065898999645313,44.276134000235118],[-72.065913999713928,44.276202000295726],[-72.06596999979044,44.276328000067643],[-72.065977000361428,44.276379000112939],[-72.065937000178465,44.276504000011442],[-72.065891999972635,44.276568999879323],[-72.06573100031413,44.276752000031472],[-72.065701000176915,44.276851000234714],[-72.065594000046801,44.276995999776595],[-72.064708999591815,44.278636000113352],[-72.064557000154167,44.279018000059992],[-72.064388999924674,44.279322999719277],[-72.064068000432613,44.279696000243938],[-72.06377800000439,44.280124000002715],[-72.063393000039937,44.280635999735701],[-72.063275000039155,44.280794999838946],[-72.06289300044773,44.281290999912002],[-72.062645999677216,44.281564000299788],[-72.062511999782913,44.281709999835762],[-72.061657000363468,44.282260000107073],[-72.06133699979803,44.282686999806209],[-72.060925000069375,44.283327999977274],[-72.060725999877747,44.283542000200768],[-72.060603999679003,44.283755000274184],[-72.060574000440084,44.283976000297912],[-72.060482000378585,44.28412899967887],[-72.060299000080477,44.284358000252347],[-72.060222999912511,44.284830999938961],[-72.060003999629387,44.285099000000386],[-72.059940999880197,44.285159000057781],[-72.059782999696438,44.285370000083752],[-72.059611999992228,44.285579000029806],[-72.059139000164208,44.286052000174287],[-72.058636000198959,44.286501999848916],[-72.05856000003098,44.286516999993033],[-72.058345999770722,44.286693000283506],[-72.058117000340204,44.286821999949552],[-72.057964000179311,44.286951999934608],[-72.057709999736105,44.287102000054489],[-72.057537000382055,44.287204000045811],[-72.057396999741655,44.287243000203752],[-72.057323999946718,44.287262999928444],[-72.056988000386056,44.287356000069956],[-72.056376999567462,44.287601000097396],[-72.056225000129814,44.287707000293906],[-72.056210000061185,44.288034999787193],[-72.056117999999699,44.288157000150854],[-72.05555300011018,44.288462999884928],[-72.055141000381525,44.288768000025655],[-72.054623000347661,44.289286999740789],[-72.054455000118182,44.28949300014915],[-72.054271999820074,44.289767000271901],[-72.053721999999155,44.290179000214252],[-72.053463000431393,44.290354999820536],[-72.053157999934541,44.290454000251465],[-72.052958999742927,44.290476999866513],[-72.052897999643548,44.290492000281603],[-72.052577999976393,44.290507000049836],[-72.052044000049037,44.290560999698158],[-72.051219999693416,44.290689999871688],[-72.05041100030472,44.290811999864864],[-72.049862000308735,44.290918999945411],[-72.049319000160523,44.291103000301135],[-72.048733000354602,44.291300999760473],[-72.047604000400469,44.291521999687141],[-72.047092000214391,44.291718999784912],[-72.046992999581875,44.291758000159987],[-72.046672999914733,44.291835000313434],[-72.046383000384822,44.291995000200885],[-72.045788000358073,44.292430000082462],[-72.045497999929836,44.292773000039382],[-72.045298999738222,44.293169999743462],[-72.045162000369174,44.293863999959676],[-72.045040000170445,44.294245000073843],[-72.044917999971702,44.294466999684076],[-72.044506000243061,44.294963000056022],[-72.044001999554595,44.295337000111985],[-72.04363599985669,44.295451000294911],[-72.043116999997935,44.295542000062106],[-72.042812000399394,44.295520000315022],[-72.042263000403409,44.295435999860501],[-72.041758999714943,44.295442999849364],[-72.041209999718944,44.295520000315022],[-72.040233000100756,44.295686999767227],[-72.039852000334264,44.295801999722173],[-72.039623999830326,44.295898999715959],[-72.039505999829544,44.295943000203856],[-72.039467000369797,44.295964999792467],[-72.039150000177386,44.29609999977631],[-72.038524000188488,44.296443000158696],[-72.038111999561522,44.296732999904854],[-72.037211999936247,44.29741199987599],[-72.037028999638139,44.297647999825365],[-72.036785000138991,44.297861999956517],[-72.036673999810915,44.29809700025659],[-72.03660799968867,44.29818600024511],[-72.036052000019964,44.298876000021409],[-72.035778000383587,44.299273000257131],[-72.035467999863883,44.299805000204074],[-72.035405999939599,44.299892999793514],[-72.035135999602858,44.300127999679958],[-72.03503000019596,44.300204000054755],[-72.034877000035081,44.300273000275993],[-72.034661999949932,44.3004150000382],[-72.034220999908968,44.300700000186268],[-72.033794000111698,44.301111999935294],[-72.032877999694591,44.302164999697737],[-72.032734999579446,44.30245199974194],[-72.03273200010473,44.30246300024659],[-72.032725000432023,44.302470999735654],[-72.032419999935172,44.303164000278571],[-72.032298999561363,44.30398000030754],[-72.032343999767193,44.304331000180319],[-72.032267999599227,44.305055999749591],[-72.032328999698592,44.306002000082707],[-72.032267999599227,44.306696999974434],[-72.032267999599227,44.306895000210652],[-72.032389999797971,44.307482000287706],[-72.032450999897335,44.30803200029618],[-72.032542999958849,44.309542000201255],[-72.03255800002745,44.310304999756625],[-72.032450999897335,44.310907999694031],[-72.032236999637078,44.311900000018568],[-72.032207000398174,44.311967999815529],[-72.031794999771193,44.312610000045915],[-72.031490000172695,44.313600999735947],[-72.031444000141917,44.314111999969128],[-72.03159700030281,44.314699999988235],[-72.031413000179782,44.315248999727928],[-72.031490000172695,44.315416999742347],[-72.031566000340661,44.315477999793096],[-72.031901999901322,44.315652999944959],[-72.032115000336674,44.315730000257822],[-72.032984999824706,44.31609600022977],[-72.033122000092078,44.316194999682423],[-72.033290000321557,44.31640100017659],[-72.033382000383071,44.316545999784964],[-72.033444000307327,44.316708000014117],[-72.033609999988684,44.317140999811912],[-72.033656000019434,44.317614000263426],[-72.033625999882219,44.318056999883609],[-72.033122000092078,44.318986999944094],[-72.033030999855455,44.31948300011905],[-72.033030999855455,44.319803999853001],[-72.032815999770307,44.320445999836465],[-72.032802000424923,44.320489999922458],[-72.032726000256929,44.32053600003556],[-72.03265299956368,44.320540000155468],[-72.032405999691477,44.320548999781522],[-72.032358999835822,44.320550999841068],[-72.032342000117367,44.320555999989651],[-72.032054000237295,44.320628000153512],[-72.031444000141917,44.320849000238496],[-72.031107999682945,44.321009000112078],[-72.030466999625446,44.321642000306689],[-72.030100999927555,44.321932000254904],[-72.029871999598683,44.322062000276119],[-72.029765000366893,44.322168999963708],[-72.029306999709164,44.322345000082478],[-72.029002000110637,44.322383000038805],[-72.027812000057139,44.322337000088524],[-72.027475999598153,44.322299000102397],[-72.026241000237121,44.322130999868762],[-72.025904999778135,44.322047000214184],[-72.02537099985075,44.321878999901607],[-72.023952000366705,44.321536000313593],[-72.023860000305206,44.321513000010903],[-72.022775999658606,44.321269000100649],[-72.021677999666608,44.321017000287121],[-72.021434000167432,44.320993999780967],[-72.021082999639845,44.320886999878454],[-72.021022000438791,44.32086399996399],[-72.020808000178562,44.320750000282999],[-72.020761000322878,44.320742000071554],[-72.020670999911204,44.320727000314868],[-72.020366000312677,44.320742000071554],[-72.020274000251163,44.320779999780804],[-72.020228000220413,44.320779999780804],[-72.020110000219645,44.320795000166633],[-72.019861999624212,44.320826000309189],[-72.019755000392394,44.320796000192196],[-72.019694000293043,44.320656999685731],[-72.019633000193664,44.320444999804934],[-72.019603000056435,44.320414000103739],[-72.019449999895556,44.320301000225086],[-72.019388999796192,44.320253999892948],[-72.019252000427159,44.320193000308265],[-72.018900999899557,44.320215999843072],[-72.017421000316133,44.320467999883611],[-72.017232999995173,44.320485999799196],[-72.016795000327264,44.320528999825093],[-72.015940000009508,44.320642999935494],[-72.014505999558523,44.320878999685689],[-72.013513999871734,44.321078000300453],[-72.012522000184944,44.321268000083151],[-72.011515000429569,44.321536000313593],[-72.010492999707225,44.321794999886272],[-72.009089000291794,44.322222000055014],[-72.008525000227181,44.322427999955245],[-72.007120999913425,44.323091999851677],[-72.007013999783311,44.323115000178007],[-72.006797000048337,44.323189999726452],[-72.00650999999317,44.323290000046356],[-72.006022000096536,44.323458000174369],[-72.0050909996108,44.323732999869669],[-72.004938000348247,44.323755999944694],[-72.0046610003388,44.323844000260202],[-72.003881000364132,44.324089999682407],[-72.003442999797883,44.324228999767151],[-72.002267999812986,44.324702000274385],[-72.00192300003151,44.324868000302381],[-72.001841000015744,44.324903000043122],[-72.001659000440867,44.325032999907258],[-72.001629000303637,44.325045999942098],[-72.001565999656123,44.32509900000484],[-72.001490000386468,44.325281999974678],[-72.001312999936147,44.325375000309499],[-72.001230000095461,44.32541899991206],[-72.001077999759517,44.325495000316323],[-72.00077200033607,44.325550999807078],[-72.000618000350286,44.325579000175019],[-72.000239000233591,44.325648000129661],[-71.999567000213958,44.325812000171048],[-71.998132999762973,44.326326999824474],[-71.996760000309678,44.326823000281301],[-71.995386000133166,44.327295999793876],[-71.994027999850161,44.327791999768444],[-71.993478999854176,44.328065999808629],[-71.992715999597934,44.328630999999518],[-71.992318999937879,44.328813999874875],[-71.991785000010509,44.329005000192829],[-71.990975999723503,44.329211000050478],[-71.990168000159741,44.329424000262421],[-71.989968999968113,44.329454999700793],[-71.988870999976115,44.329736999954704],[-71.988291000017981,44.329989000223918],[-71.988137999857088,44.330064999847814],[-71.987618999998347,44.330424000045809],[-71.986779999574097,44.331071999864591],[-71.986474999975584,44.331491999790416],[-71.986032000284794,44.332330999785945],[-71.985650999619963,44.333155000195688],[-71.985498000357396,44.333544000152074],[-71.985131999761208,44.334704000156378],[-71.985024999631079,44.33504000009043],[-71.984781000131917,44.335795000201138],[-71.984724000230514,44.335898000182638],[-71.984658999933188,44.336015999689621],[-71.98455199980306,44.336131000309265]]],[[[-72.041866999669978,44.156652000247753],[-72.041956000256747,44.15663099968765],[-72.041861999647097,44.156635000009707],[-72.041254000099869,44.156458999759607],[-72.041229999810412,44.156451999980447],[-72.040688000385444,44.156301000215734],[-72.039598999715963,44.15599700031121],[-72.039560000256202,44.155989000224722],[-72.039535000141854,44.1560079998644],[-72.039347999645784,44.156146999959496],[-72.039180000314602,44.156246000124327],[-72.038920999848528,44.156330000290126],[-72.038920999848528,44.15642199972077],[-72.038997000016508,44.156796000020485],[-72.039027999978643,44.156848999767803],[-72.039135000108772,44.156886999776226],[-72.039484999913142,44.156826000090021],[-72.039623000005406,44.156848999767803],[-72.039684000104756,44.156894999740963],[-72.03976000027275,44.156932999719757],[-72.039745000204135,44.156985999988464],[-72.039592000043271,44.157154000027191],[-72.039592000043271,44.157215000018759],[-72.039669000036156,44.157222999939037],[-72.040844000021039,44.156810999734915],[-72.041804999745693,44.156665999757728],[-72.041866999669978,44.156652000247753]]]]},"properties":{"NAME":"Caledonia County","BASENAME":"Caledonia","GEOID":"50005","STATE":"50","COUNTY":"005"}},{"type":"Feature","geometry":{"type":"Polygon","coordinates":[[[-72.549142999565319,43.235897000182909],[-72.549099999907611,43.235896000170676],[-72.54892400018052,43.23589300013392],[-72.547687000271338,43.235875999922662],[-72.547079999650734,43.235863999770707],[-72.546125999598772,43.235845000179758],[-72.545344999799184,43.235830999995109],[-72.544640000167576,43.235816999807298],[-72.5426500000479,43.23577299985039],[-72.541284000267297,43.235751000187314],[-72.541054999938439,43.235746000114034],[-72.540624999768127,43.235736999981071],[-72.540064000076583,43.235723999786686],[-72.539864999884955,43.235719999726335],[-72.53967200043941,43.23571500030495],[-72.539604999593948,43.235714000289768],[-72.539458000179181,43.235711000244009],[-72.537095999615502,43.23566800022661],[-72.534399000214407,43.235613999994321],[-72.533139999665622,43.23558900022207],[-72.526785000240466,43.235459999820534],[-72.521691000115609,43.235354000290727],[-72.52041800022144,43.235331999821902],[-72.518301999705059,43.235288000169341],[-72.51676299967211,43.235258000149976],[-72.515005000254348,43.235215999836342],[-72.51234999978773,43.235166999979185],[-72.509886000015129,43.235116000032619],[-72.507957999819737,43.23507799972387],[-72.50785499988757,43.235076000326977],[-72.505149000265646,43.235003999743498],[-72.503604000384911,43.234964999991867],[-72.502066000176853,43.234933999785518],[-72.500691000175422,43.234908999734294],[-72.49860399997138,43.234866999834551],[-72.498569999636189,43.234865999805415],[-72.497140000281476,43.234838000292029],[-72.496521999790204,43.23482699996547],[-72.494926999680743,43.234797999749475],[-72.492513999961773,43.234752000303772],[-72.490487000032175,43.234717999894471],[-72.487246999584556,43.234645000164157],[-72.484756000047781,43.23456700017644],[-72.482833999700176,43.234499999821971],[-72.48101699983286,43.23445100004362],[-72.479687000037273,43.234404999681558],[-72.479208000361481,43.234389999783623],[-72.478548000037406,43.234370999733088],[-72.477428000304101,43.234339999879005],[-72.475281999650491,43.23428100023991],[-72.473997999885668,43.234242000025574],[-72.473016000244641,43.234213000185626],[-72.472788999565594,43.234204999866257],[-72.472225000399305,43.234189999919089],[-72.47135500001292,43.23416400017647],[-72.470050000331696,43.234120999721959],[-72.469974000163717,43.234118000252252],[-72.469897000170832,43.234115000127915],[-72.468831999790794,43.234076999849457],[-72.468179000037722,43.23405400018607],[-72.466084000336068,43.233989000009196],[-72.464291999684818,43.23393000003022],[-72.463000000422355,43.233893999726632],[-72.460204000388757,43.233805000230042],[-72.459224000397526,43.233771999993884],[-72.458852999778443,43.233760000082107],[-72.457204999965541,43.233714999900982],[-72.456490000288198,43.233695000246136],[-72.455269000272551,43.233699999833206],[-72.454860999843547,43.233701999929728],[-72.454078000394134,43.233681000222042],[-72.450307000392158,43.233574000165376],[-72.448689999643094,43.233524000245758],[-72.448096000339561,43.233509000130979],[-72.447579999955536,43.233496000115785],[-72.447565999711827,43.233495000064153],[-72.447317000189784,43.233487999702334],[-72.446069000409977,43.233454999949011],[-72.444084000313168,43.233401999772376],[-72.438225000282259,43.233246999843296],[-72.437939000051983,43.233237999995744],[-72.436221999743793,43.233257999800564],[-72.434619999961654,43.233256999745073],[-72.43466900036546,43.233511000233776],[-72.434805999734479,43.233801000043691],[-72.43523300043006,43.234213000185626],[-72.435379000019935,43.234381000104868],[-72.4356300000901,43.234709000264154],[-72.435782000426045,43.235045000177095],[-72.435842999627113,43.235236000300972],[-72.436026999750126,43.235609999926744],[-72.436437999653847,43.236266000302436],[-72.436789000181449,43.236655000149796],[-72.436836000037133,43.236739000073435],[-72.436878999694827,43.236770000016016],[-72.436988000373091,43.236891000295444],[-72.437063999642746,43.237089999810507],[-72.43710999967351,43.237310999746924],[-72.437643999600894,43.238386000051882],[-72.437980000059881,43.239104000135683],[-72.438223999559028,43.239821000318358],[-72.438330999689143,43.240401000015538],[-72.438375999895001,43.240942000228493],[-72.438467999956501,43.24154499984143],[-72.438560000018001,43.242048999734848],[-72.438804000415487,43.242758000092522],[-72.438910999647291,43.242933999839821],[-72.439474999711905,43.244139000249739],[-72.43950599967404,43.244307000286184],[-72.43955199970479,43.244695999838584],[-72.43950599967404,43.245665000148989],[-72.439338000342858,43.246420000135025],[-72.439246000281358,43.246778999699693],[-72.439082000249812,43.247116000280279],[-72.438986999815285,43.247313000121174],[-72.438688000064531,43.248258000025544],[-72.43857500008663,43.248617999684704],[-72.43849800009373,43.249006999843722],[-72.438544000124494,43.249227999739112],[-72.438590000155244,43.249486999993387],[-72.438658999752207,43.249932000079177],[-72.438686000414705,43.250054999951367],[-72.438682000216744,43.250226999792282],[-72.438743000316123,43.250601000311157],[-72.438831000179675,43.250753999742521],[-72.43897199974667,43.250990000237181],[-72.438986999815285,43.251189000157083],[-72.438873999837355,43.251562000247908],[-72.438838999677259,43.251719999953693],[-72.438772999555013,43.251958999876713],[-72.438605000223859,43.252424000278062],[-72.438399000359539,43.252851999787623],[-72.438178000426575,43.253309999866097],[-72.437964999991266,43.253652999930587],[-72.437614000361975,43.254034000312558],[-72.437385000033117,43.254407999698259],[-72.437292999971604,43.254735999998005],[-72.437231999872253,43.25507200003711],[-72.437195000062331,43.255703000198231],[-72.437139999810739,43.25605599995486],[-72.436846999907786,43.256448999721165],[-72.436667999807625,43.256666999768051],[-72.436454000445707,43.2569489999794],[-72.436215000071115,43.257118999995548],[-72.435798000319593,43.257422000113621],[-72.435476999929207,43.257726999994425],[-72.435264000392195,43.257864000183666],[-72.435080000269181,43.258023999847367],[-72.434281999852843,43.258495999840378],[-72.433860999903374,43.258745000291817],[-72.433645999818211,43.258871000242621],[-72.433004999760698,43.259215000016312],[-72.432914000422414,43.259229999690277],[-72.432761000261536,43.259290999940013],[-72.432593000032057,43.259336999830552],[-72.432245999702417,43.259460999959657],[-72.431859000088139,43.259598999795827],[-72.430792000058261,43.259972000058646],[-72.429981000121458,43.260196000219743],[-72.429083999970914,43.260442999734039],[-72.428717000448117,43.260519000087498],[-72.427970000085409,43.26079400028118],[-72.427862999955281,43.26085500027235],[-72.427708999969482,43.260913999690956],[-72.427579000273141,43.260949999729441],[-72.427038999599645,43.261168000016582],[-72.426261000173113,43.261540999825904],[-72.426005000080082,43.261709000273854],[-72.425778000299346,43.26185800027551],[-72.425738000116382,43.261860000101798],[-72.425461999931869,43.261796999980874],[-72.425420999923986,43.261777999973141],[-72.425222999557263,43.261815999982673],[-72.424567000329446,43.262014000268415],[-72.42413999963388,43.262129000019833],[-72.423239000183685,43.262487999882801],[-72.422690000187686,43.262754999845868],[-72.421926999931458,43.263151000207387],[-72.421561000233552,43.263373000016763],[-72.421194999637351,43.263707999940976],[-72.421027000306182,43.264028999738194],[-72.420905000107439,43.264363999977505],[-72.420860999726514,43.264745000065318],[-72.420904000282519,43.265020000140694],[-72.420935000244683,43.265402000229734],[-72.420920000176054,43.265524000075054],[-72.42075199994656,43.265691999998076],[-72.420551999930026,43.26595900030015],[-72.420295000012075,43.266240999994288],[-72.420231000437965,43.266302999928122],[-72.419768999582288,43.266844999847237],[-72.419378999594954,43.267301999841493],[-72.419058000102893,43.267606999942494],[-72.418817999903396,43.267791999816772],[-72.418027999882966,43.268398000244126],[-72.417652999964247,43.2686740002978],[-72.417278999870433,43.26902900032082],[-72.416842999852335,43.269435000274385],[-72.416284999635508,43.269949000049344],[-72.416036999938385,43.270231000227362],[-72.415853999640277,43.270552000294238],[-72.415749999883218,43.270777000212135],[-72.41557900017898,43.271153999710108],[-72.415410999949486,43.271620000121629],[-72.415166999552028,43.272206999695584],[-72.414851000082848,43.272597999733257],[-72.414824000318674,43.27265400000973],[-72.414666000134929,43.272831999822245],[-72.413457999639746,43.274282000146243],[-72.413153000041234,43.274595000183169],[-72.412726000243964,43.275128999994472],[-72.412558000014471,43.275571999716107],[-72.41252600022743,43.275677999897709],[-72.412368999868576,43.276168999811276],[-72.412221999555499,43.27659399984644],[-72.411733999658864,43.277425999796421],[-72.411138999632129,43.278287999912592],[-72.410527999711846,43.279135000245446],[-72.410177000082555,43.279692000208051],[-72.409871999585718,43.280187000188143],[-72.4092930003508,43.281003999866698],[-72.408890999769596,43.281966999781012],[-72.408017999908481,43.284134999775112],[-72.407094999818668,43.287031000069931],[-72.40637799959319,43.289120999977008],[-72.405965999864534,43.290067000092897],[-72.405523000173758,43.290785000295827],[-72.405277999951366,43.291267000143115],[-72.404913000078395,43.291982000021406],[-72.404821000016881,43.292379000230227],[-72.404840000283457,43.29265700018091],[-72.404861000199844,43.292979000021894],[-72.404865000397805,43.293080999737796],[-72.404860000374924,43.293101999888847],[-72.404713999886766,43.293905000130813],[-72.404619000350522,43.294148999720235],[-72.404421999808719,43.294654000039927],[-72.40414300014946,43.295358000126761],[-72.403875000360856,43.296033999761512],[-72.403591999605325,43.297002000003296],[-72.403523999833254,43.297246999901056],[-72.40343299959666,43.297680999930655],[-72.403403000357741,43.298017000251512],[-72.403235000128262,43.298528000272313],[-72.403129999647959,43.299137000115529],[-72.402984000058083,43.299895000111199],[-72.402913999737891,43.300194000016035],[-72.402594000070735,43.300855000278816],[-72.40260900013935,43.301053999981036],[-72.402742000208761,43.301434999830938],[-72.402867999707141,43.30183199978034],[-72.402837999569911,43.30217499970265],[-72.402792000437458,43.302442000098075],[-72.402670000238729,43.302625000176675],[-72.402486999940621,43.302786000068927],[-72.402228000372858,43.30298399977012],[-72.401779999760876,43.303277999761093],[-72.401585999592129,43.303403000138182],[-72.40146400029171,43.303480000007156],[-72.401342999917887,43.30361699984703],[-72.401313999605549,43.303716000059296],[-72.401204999825609,43.303960000158263],[-72.400946000257846,43.304311000104761],[-72.400747000066218,43.304547999738183],[-72.400290000131719,43.305280000153211],[-72.400140000343896,43.305449999842125],[-72.399541999944091,43.306126999881705],[-72.399373999714612,43.306371000109102],[-72.399327999683848,43.306554000127157],[-72.399280999828179,43.307043999745609],[-72.399266999584484,43.30762999993533],[-72.399160000352666,43.307981000262927],[-72.398961999985943,43.308141000218328],[-72.398837000312483,43.308220999711217],[-72.398611000356681,43.308346999859339],[-72.398305999859829,43.308591999799127],[-72.398213999798344,43.308752000107198],[-72.398198999729715,43.308964999822948],[-72.398209999600383,43.309029999722604],[-72.398259999829079,43.309286000129653],[-72.398198999729715,43.309369999875038],[-72.398063000185587,43.309503999835599],[-72.397930000116204,43.30963300026486],[-72.396996000155724,43.310554999997883],[-72.396719000146305,43.310826999983966],[-72.396479999771699,43.311114000019252],[-72.396413999649468,43.311193000091698],[-72.396246000318285,43.311330000197351],[-72.395925999752833,43.311681000075076],[-72.39582299982068,43.311818999807059],[-72.395635000398002,43.312069999889843],[-72.395452000099894,43.312405999779088],[-72.395314999832564,43.312695999722848],[-72.395238999664571,43.313306000181683],[-72.395329999901179,43.313863000313418],[-72.395559000230008,43.314351999804515],[-72.395651000291551,43.314511999982599],[-72.39583399969132,43.314755999884312],[-72.396145000035943,43.315251000130672],[-72.396487000342717,43.315795999996688],[-72.397069999775582,43.316724000303829],[-72.397222999936446,43.3170069999926],[-72.397482000402547,43.31728899968784],[-72.397710999833095,43.31750300018232],[-72.398245999585399,43.317862000140764],[-72.39857600019657,43.318091000122251],[-72.398992999948106,43.31834900020052],[-72.3993029995695,43.318486999823122],[-72.399663000317915,43.318647000224537],[-72.399839999869926,43.318728000226265],[-72.399953999672761,43.318777000158754],[-72.400228000207449,43.318853000202616],[-72.400885000158482,43.319074000091007],[-72.401404000017251,43.319294999829189],[-72.40164800041471,43.319454000116551],[-72.401692999722243,43.319485999721223],[-72.40198300015048,43.319807000011153],[-72.402151000379973,43.320034999913872],[-72.402533999796304,43.32037699979761],[-72.402640000101485,43.320469999926075],[-72.402805999782842,43.32070300024133],[-72.40300499997447,43.320981000087862],[-72.403086999990251,43.321109999683316],[-72.403162000333324,43.321228999827227],[-72.403189000097498,43.321271000283645],[-72.403305000448441,43.321429000060228],[-72.403341000433457,43.321476999861339],[-72.403372000395606,43.3215759997398],[-72.403723000024883,43.322111000047748],[-72.403937000285126,43.32238499973834],[-72.405303999890648,43.323626999931392],[-72.405447000005779,43.323758000196229],[-72.405600000166658,43.323858000153422],[-72.405753000327536,43.324055999831387],[-72.406042000032528,43.324345999726361],[-72.406836000250919,43.325361000219743],[-72.407492000377033,43.326024000300386],[-72.40785800007491,43.326474999828349],[-72.408448999903712,43.327373999844468],[-72.408457000299634,43.327387999890675],[-72.408468000170302,43.32740500003586],[-72.408496999584287,43.327432000295033],[-72.408593999668668,43.327515999790336],[-72.408971999960443,43.327885999903138],[-72.409352999726948,43.328434999991842],[-72.410131999876725,43.329975999774213],[-72.410468000335698,43.330739000190171],[-72.410558999673981,43.331120999948418],[-72.410466999612467,43.331525000267],[-72.410285000037604,43.331983000263392],[-72.410114000333365,43.332333000029685],[-72.409413999826327,43.333363999772615],[-72.409031000409982,43.334016999716638],[-72.408877000424212,43.334279999938005],[-72.408565000254654,43.334825999995417],[-72.408561000056693,43.334836999895913],[-72.408545000163187,43.334866999851869],[-72.408529000269652,43.33488700024985],[-72.407934000242903,43.33567599991467],[-72.407355000109675,43.336377000268484],[-72.406494999769052,43.337553000222314],[-72.406339000133428,43.337781000164298],[-72.406302000323521,43.337834999939183],[-72.405309999738421,43.339138999981742],[-72.405050000345739,43.33936800012107],[-72.404547000380504,43.340146000120001],[-72.403935999561909,43.341176000252915],[-72.403615999894754,43.341702999844273],[-72.402685000307343,43.343083000221071],[-72.402287999748992,43.343564000048211],[-72.401860999951737,43.344036999725667],[-72.401587000315345,43.344441999888048],[-72.40108299962688,43.345464000235495],[-72.400701000035468,43.346043999991153],[-72.399661999594699,43.347197000163824],[-72.399289000224115,43.347580999881657],[-72.39897399968153,43.347820000216387],[-72.397812000115422,43.348701000262167],[-72.397023999744832,43.349126000290667],[-72.396025000385336,43.34975500009741],[-72.395666000360137,43.349980999747828],[-72.394581999713537,43.350789000194098],[-72.394216000015632,43.351140000076377],[-72.392537000240608,43.353122000154315],[-72.39198999989442,43.353766000232262],[-72.391621999648393,43.354199000292681],[-72.39132799992052,43.354477000324572],[-72.390310000294477,43.355413000237604],[-72.38997399983549,43.355756000136793],[-72.389822000397842,43.356023000241692],[-72.389793999910438,43.356282999868021],[-72.389868000428592,43.356572000031932],[-72.390050999828389,43.356792999843343],[-72.390106000079953,43.356834999873094],[-72.390523999656395,43.357159999944912],[-72.390599999824389,43.357227999816089],[-72.390813000259712,43.357350000316082],[-72.390905000321226,43.357434000228679],[-72.391359999707575,43.357648999685132],[-72.391774999809272,43.357822999683911],[-72.392232999568677,43.357930000141081],[-72.39284299966404,43.357968000172619],[-72.393010999893534,43.357937999874721],[-72.39335999987297,43.357829000147952],[-72.393667000019647,43.35773900030987],[-72.393728999943932,43.357728999956727],[-72.394231000084261,43.357633000140652],[-72.395025000302638,43.357594999899376],[-72.395498000130658,43.357601999704968],[-72.396658000046941,43.357662999936231],[-72.397588999634365,43.357754999826348],[-72.398335999997073,43.357624999713693],[-72.39920600038343,43.35744999982559],[-72.399679000211449,43.357426999750537],[-72.400396000436928,43.357442000027667],[-72.401296999887123,43.357502999766609],[-72.402075000211994,43.357578999687483],[-72.402733999812838,43.357688999834089],[-72.403081999967384,43.357747000068642],[-72.403882999858453,43.358084000052848],[-72.40390700014791,43.358092999730218],[-72.403935999561909,43.358105999915011],[-72.404246000081613,43.358253000303492],[-72.404555999703007,43.358401000294862],[-72.404607999581543,43.358425999917969],[-72.404867000047645,43.358586000266264],[-72.405066000239259,43.358891999732926],[-72.405217999676921,43.35908199990579],[-72.405431999937164,43.359287999902286],[-72.406149000162642,43.359768999983189],[-72.406282000232039,43.359835000325475],[-72.40637799959319,43.35988299981679],[-72.406749000212258,43.360095999877281],[-72.40729400001031,43.360410000279977],[-72.407475999585174,43.360456000119299],[-72.40776699983833,43.36061599968636],[-72.408047000220805,43.360745999921967],[-72.408898000340599,43.361141999746962],[-72.408952999693852,43.361159000239049],[-72.409664999896478,43.361464999791451],[-72.410162000013941,43.361707000026428],[-72.410711999834859,43.361835999981274],[-72.411809000001938,43.362052999964966],[-72.411988000102085,43.362087999678948],[-72.41203599978266,43.362097000068637],[-72.412389999784978,43.362163999734783],[-72.412649000251079,43.362279000188245],[-72.412836999673729,43.362440999957414],[-72.413091999941869,43.362660000167175],[-72.413168000109849,43.36277499968044],[-72.413380999646861,43.36291400013004],[-72.413428000400842,43.362995999757295],[-72.413886000160232,43.363400000236979],[-72.413977000396841,43.363515000306769],[-72.414527000217745,43.364071999808736],[-72.414695000447239,43.364238999981936],[-72.414805999877004,43.364370000151908],[-72.41496900008363,43.364765999833054],[-72.415227999651407,43.365605000278045],[-72.415273999682142,43.36592599974859],[-72.415190999841471,43.366241999677911],[-72.415121000419603,43.366505999877788],[-72.415098999779971,43.366576000025034],[-72.414693999724008,43.367809999842805],[-72.414663999586779,43.36810800010835],[-72.414697999921955,43.369257999700089],[-72.414739999754772,43.370083999824573],[-72.414918999854905,43.370917999782421],[-72.415001999695576,43.371320000251082],[-72.415244000443238,43.372356999711265],[-72.415288999750771,43.37276099988128],[-72.415610000141129,43.373928999936709],[-72.41592999980827,43.37497399993952],[-72.415914999739655,43.375050000175193],[-72.41602199986977,43.376003999962812],[-72.416036999938385,43.37645400011089],[-72.41602400041792,43.377058999900605],[-72.41602199986977,43.377163999778183],[-72.41597699966394,43.377398999933654],[-72.415947000425021,43.377538000172116],[-72.415769000149794,43.378298000060006],[-72.415732000339858,43.378453000130584],[-72.415610000141129,43.37877299988633],[-72.415410999949486,43.37943700004746],[-72.415244000443238,43.379734999987818],[-72.415258999613542,43.379994000244956],[-72.415212999582792,43.380284000008942],[-72.414984000152231,43.380765000100695],[-72.414647999693258,43.381176999686097],[-72.414497999905436,43.381385999781003],[-72.414374000056867,43.381725999707953],[-72.413727999976501,43.382958999884956],[-72.413531000333009,43.383283999718408],[-72.413397000438692,43.383480999962515],[-72.412877999681612,43.384061000000159],[-72.41263400018245,43.384220999979512],[-72.41223800034733,43.384503000269795],[-72.412069000292931,43.384709000115713],[-72.411825999720364,43.384991000094509],[-72.411612000358446,43.385205000295592],[-72.411245999762244,43.38557100004796],[-72.411063000362446,43.385730999959037],[-72.410895000132953,43.385913999829199],[-72.410466999612467,43.386311000013549],[-72.410192999976076,43.386509999857758],[-72.409903000446178,43.386745999839924],[-72.408606000262537,43.387676999999925],[-72.407689999845431,43.388211000067315],[-72.407135999826551,43.38857099991511],[-72.406529999929148,43.388966000107878],[-72.406164000231257,43.38918800016711],[-72.40585899973442,43.389348000323174],[-72.405431999937164,43.389523000234583],[-72.405202999608306,43.389606999986498],[-72.405081000307874,43.389691000274809],[-72.404913000078395,43.389805000013588],[-72.404729999780272,43.389942999788431],[-72.404516000418354,43.390164000097847],[-72.404333000120246,43.390378000314847],[-72.403906000322991,43.390896000176724],[-72.403600999826139,43.391407999775183],[-72.403508999764639,43.391583000266628],[-72.40343299959666,43.391850000001753],[-72.403399999984686,43.392182000205203],[-72.403296000227627,43.392796000119027],[-72.403235000128262,43.393467999709586],[-72.403219000234714,43.393611999818027],[-72.403219000234714,43.393985999924723],[-72.403174000028883,43.394387000187223],[-72.403143000066748,43.394665000125443],[-72.403143000066748,43.394916999845655],[-72.403204000166127,43.395160999778021],[-72.403311000296256,43.395390000005946],[-72.403386999565896,43.395664999919951],[-72.403372000395606,43.39603099982795],[-72.403280000334092,43.396457999863934],[-72.403051000005249,43.39680200002492],[-72.402670000238729,43.397244000074735],[-72.402471999872006,43.397579999963952],[-72.402059000318445,43.398655000023041],[-72.402059000318445,43.39900599970931],[-72.40202900018123,43.399654999895212],[-72.401845999883136,43.400089999896871],[-72.401738999753007,43.40075400022873],[-72.401738999753007,43.401333000208083],[-72.401706999965953,43.401626999952988],[-72.401677999653629,43.401890000238502],[-72.401434000154467,43.402675999821135],[-72.401388000123717,43.40285900008891],[-72.401342999917887,43.402919999837813],[-72.401248000381642,43.403186999877491],[-72.401158999794859,43.403583999828847],[-72.401161000342981,43.403625000224686],[-72.401189999756994,43.404271000315489],[-72.401128999657644,43.404567999712683],[-72.401022000425826,43.404872999681068],[-72.400823000234183,43.406132000215393],[-72.400533999630881,43.406964000038855],[-72.400441999569367,43.407360000233027],[-72.400305000200333,43.408238000299896],[-72.40021300013882,43.408497000152082],[-72.400106000008705,43.408612000189976],[-72.400044999909341,43.409122999772066],[-72.40004200043461,43.409257999959586],[-72.400060999802861,43.409657000118138],[-72.400029999840726,43.409909000134796],[-72.40012100007732,43.410443000076953],[-72.40004599973426,43.410817000055907],[-72.399832000372328,43.411106999831858],[-72.399786000341578,43.411282000206249],[-72.399832000372328,43.411472999776691],[-72.400014999772111,43.411723999683446],[-72.400060999802861,43.411991000072561],[-72.399907999641997,43.412624999821901],[-72.399907999641997,43.413136000132283],[-72.399968999741347,43.414226999819419],[-72.399771000272949,43.414463000184703],[-72.399725000242199,43.414638999681515],[-72.399786000341578,43.414790999784408],[-72.399847000440943,43.414890999850108],[-72.399938999604132,43.41513500025706],[-72.399771000272949,43.415736999970846],[-72.399069000116071,43.417630000013979],[-72.398961999985943,43.418262999828876],[-72.398824999718613,43.41856800000167],[-72.398686999626335,43.418781999734151],[-72.398596000288066,43.419026000122322],[-72.398550000257316,43.419543999756634],[-72.398586000242332,43.41984900000152],[-72.398596000288066,43.419933999721131],[-72.398366999959208,43.420505999996777],[-72.398016000329918,43.421871000143177],[-72.397679999870945,43.422657000125554],[-72.397618999771581,43.422978000271527],[-72.397421000303169,43.423542000283639],[-72.397238000005075,43.423763000049398],[-72.397069999775582,43.424030000204738],[-72.396993999607588,43.424572000321938],[-72.396872000307184,43.425099000305259],[-72.396673000115541,43.42567100006174],[-72.396489999817447,43.42609799995175],[-72.396275999557204,43.426936999784097],[-72.396212999808014,43.427459000082784],[-72.396108000226022,43.428318000232487],[-72.3960560003475,43.428625000196817],[-72.396037999905829,43.428730000116289],[-72.396027000035161,43.428796999870251],[-72.396018999639239,43.428834999853564],[-72.396016000164522,43.428852000284763],[-72.395879999722069,43.429523999842381],[-72.395772999591955,43.43033999999237],[-72.39574199962982,43.430911999803385],[-72.395818999622705,43.431521999680726],[-72.395817999797799,43.431627999849425],[-72.395816000147974,43.431744999777045],[-72.395813999599852,43.431961000002559],[-72.395802999729185,43.432994999784491],[-72.395811999950013,43.433188000074246],[-72.395817999797799,43.433323000103748],[-72.395808999576971,43.433481999795816],[-72.39580399955409,43.433555000306285],[-72.395802999729185,43.433575000135932],[-72.395815000323054,43.433636000260343],[-72.395848999759934,43.433833999909034],[-72.395866000376699,43.434037000296193],[-72.395917000430316,43.434397999884212],[-72.395924999927928,43.434459999840712],[-72.395953000415332,43.434987999842264],[-72.395955999890049,43.43503199985188],[-72.395944000194504,43.435555000125348],[-72.395940999821434,43.435710999858038],[-72.395940999821434,43.43614699985509],[-72.395940999821434,43.436268000096305],[-72.395879999722069,43.436817000011281],[-72.395879999722069,43.437176000046023],[-72.395816000147974,43.437489999801961],[-72.395731999584072,43.437776999815533],[-72.395437000031293,43.438579999691306],[-72.395283999870401,43.439480000107572],[-72.395071000333402,43.440120999726432],[-72.394507000268788,43.441607999678858],[-72.394246999977781,43.442188000312186],[-72.393850000317755,43.443440000216455],[-72.393559999889519,43.444454000032799],[-72.393316000390357,43.44506500020303],[-72.392645000195628,43.446490999799344],[-72.392117999940936,43.447159999746269],[-72.392050000168894,43.447246000044032],[-72.391973000175994,43.447307000082567],[-72.391872999718558,43.447450000231058],[-72.391255999950502,43.448322000077681],[-72.390936000283361,43.449038999978164],[-72.39053899972501,43.450183999777941],[-72.390371000393827,43.450909000287588],[-72.390310000294477,43.451557000153898],[-72.390341000256612,43.451815999907538],[-72.390385999564131,43.453029999677675],[-72.390310000294477,43.453442000213826],[-72.390371000393827,43.453960000073764],[-72.390341000256612,43.454020999862173],[-72.390402000355962,43.454364999772828],[-72.391011999553029,43.455959000010935],[-72.391240999881887,43.456981000293908],[-72.391255999950502,43.457385999974889],[-72.391408000286475,43.45802400010259],[-72.391582000363741,43.458841999845035],[-72.391592000409474,43.458889000233029],[-72.391606999579778,43.458950000265851],[-72.391652999610528,43.45920900030783],[-72.391561000447339,43.45953000024015],[-72.391408000286475,43.459842999794617],[-72.391561000447339,43.461253999801365],[-72.391546000378725,43.461879000096872],[-72.391652999610528,43.462130999857173],[-72.391652999610528,43.462558000023506],[-72.391728999778522,43.462749000163036],[-72.392049000343974,43.463199000253461],[-72.39241599986677,43.464488999900155],[-72.392627999578878,43.465078000295421],[-72.392736000432222,43.465397000063028],[-72.392721000363622,43.466059999983145],[-72.392706000295007,43.466274000001029],[-72.392619000256374,43.466661000312179],[-72.392569000027649,43.466883999982898],[-72.39254499973822,43.466912999698351],[-72.392293999668055,43.467304000303976],[-72.391850999977251,43.467806999726072],[-72.391347000187096,43.468211999908959],[-72.391133999751759,43.468342000165066],[-72.390431999594895,43.469012999799034],[-72.390173000027104,43.469325999805861],[-72.390034999934855,43.46951700007596],[-72.389952000094183,43.469593999802527],[-72.389802000306346,43.469735999980848],[-72.389673000434925,43.469819999965985],[-72.389427000387627,43.469986000090039],[-72.389099000324563,43.470213000161841],[-72.389059000141586,43.470241000166155],[-72.389045999722811,43.470253999767969],[-72.388772999911339,43.470511000147923],[-72.388264999923223,43.471012000149237],[-72.387608999797109,43.471446999916701],[-72.387283000282167,43.471731999752734],[-72.387082000440728,43.471908000263483],[-72.386878000226218,43.472085999688289],[-72.386816000301948,43.472140999866021],[-72.386785000339799,43.472193999918815],[-72.386663000141056,43.472277999747362],[-72.386506999607136,43.47241600000384],[-72.386280999651319,43.472613999849806],[-72.385534000186937,43.472988000324086],[-72.384985000190923,43.473330999869567],[-72.384785999999309,43.473483999920809],[-72.38436199967677,43.473871999711633],[-72.384083999842446,43.474131999716576],[-72.383825000274655,43.47442199993182],[-72.383337000378035,43.474826000123763],[-72.383031999881197,43.475139000013108],[-72.382904999659587,43.475319000323225],[-72.382757000419886,43.47552800024237],[-72.382543000159643,43.475910000091787],[-72.382451000098143,43.476223000233247],[-72.38228399969357,43.476589000166825],[-72.382101000293773,43.477054000229863],[-72.382009000232259,43.477534999813024],[-72.381871999964915,43.477970000213993],[-72.381815999888417,43.478572999964577],[-72.381734999697557,43.479441999719739],[-72.381536000404239,43.479862000119951],[-72.381475000304874,43.480029999853684],[-72.38146000023626,43.480533000263549],[-72.381383000243375,43.481921999783317],[-72.381444000342739,43.482753000270179],[-72.381355999580876,43.483773000245115],[-72.381350999558009,43.483840000307822],[-72.381347000258359,43.483888000005479],[-72.381314999572993,43.484192000029488],[-72.381108999708687,43.484928000167137],[-72.380972000339639,43.48523299999345],[-72.380819000178761,43.48564500007263],[-72.380513999681909,43.4867130001603],[-72.380512999857004,43.487285000058513],[-72.38046799965116,43.487559999710889],[-72.380315000388606,43.488155000065518],[-72.380343999802605,43.488386999819411],[-72.380361000419356,43.488529000156198],[-72.380275000205629,43.488932000115398],[-72.379994999823154,43.490032000322806],[-72.379947000142565,43.490684999880429],[-72.379933999723775,43.491167999878321],[-72.380040999853904,43.491817000033805],[-72.380147000159113,43.492229000172735],[-72.381062999677908,43.494036999839203],[-72.381569000016199,43.494863999890491],[-72.3817649998348,43.495128999737851],[-72.382051000065061,43.495518000291852],[-72.382384999975898,43.495970000052957],[-72.383062000018413,43.49687500013237],[-72.383412999647689,43.497592000278928],[-72.383718000144526,43.498415999751977],[-72.383750999756501,43.498564999781578],[-72.38379400031252,43.498858999701724],[-72.383992999605823,43.49923999970941],[-72.384527000431532,43.500018000080942],[-72.384582999609719,43.500070999790069],[-72.384751999664104,43.500272000256018],[-72.38510599966645,43.500697999838771],[-72.385700999693185,43.501191000038055],[-72.386041000350133,43.501475000115001],[-72.386683000232551,43.50204199997561],[-72.387380000366562,43.502657999677446],[-72.387975000393297,43.503085999721407],[-72.388372000053337,43.503345000236706],[-72.389547000038235,43.503963000001313],[-72.390584999755774,43.504648999892623],[-72.391652999610528,43.505312999970769],[-72.392813000425122,43.506122000319394],[-72.393583000354056,43.506645000192272],[-72.393637999707337,43.506684000250381],[-72.393683999738087,43.506713999877007],[-72.394087000144225,43.506983000293253],[-72.394442999796368,43.507219999933071],[-72.394833999608622,43.507478000198574],[-72.395237999839651,43.507726000308239],[-72.395473999841215,43.507869000226229],[-72.395623999629038,43.507955000164102],[-72.395818999622705,43.50806699985408],[-72.396581999878961,43.508433999796026],[-72.397201000195153,43.508920000103728],[-72.397299000104439,43.508997999861094],[-72.397833000031838,43.509708000201051],[-72.398187000034156,43.510420000119574],[-72.398499000203685,43.511072000019709],[-72.398854999855828,43.512156999791088],[-72.398870999749363,43.512653000281766],[-72.398763999619248,43.51311000016365],[-72.398580000394546,43.513660000148505],[-72.39843899992924,43.513974000123675],[-72.398431000431628,43.514014999999837],[-72.397961999903259,43.515040000228673],[-72.397614999573605,43.515812999745954],[-72.397294000081558,43.516521000131227],[-72.397165000210137,43.517007999757801],[-72.397005000376566,43.517619000136193],[-72.396870999583953,43.518130000262786],[-72.396719000146305,43.518870000102361],[-72.39666899991758,43.519019999720641],[-72.396647000176273,43.519084000026204],[-72.396627999909711,43.519141000230988],[-72.396593999574506,43.519236000235551],[-72.396447000159739,43.519643999966917],[-72.396360999946012,43.519887000095764],[-72.396218999655801,43.520314999786997],[-72.396145000035943,43.520566000226928],[-72.396124000119556,43.520638999829252],[-72.396063000020177,43.520846000157647],[-72.396093000157407,43.521345999733157],[-72.396078000088806,43.522104999861519],[-72.396108000226022,43.52286100001028],[-72.396092000332487,43.523416000212613],[-72.396021000187389,43.523642000296782],[-72.395949000217371,43.523826000005215],[-72.395703999994979,43.524331999892155],[-72.395469999643254,43.524814999733124],[-72.395307000334952,43.525197999677715],[-72.395180000113342,43.525496000030721],[-72.394976999723767,43.525999000194005],[-72.394857000073145,43.526317000264612],[-72.394540999705669,43.526892000162896],[-72.39426200004641,43.527399999934929],[-72.394108999885518,43.527537000192311],[-72.394002999580323,43.527568000297705],[-72.393718000073278,43.527554000231085],[-72.39293499972554,43.527506999844022],[-72.392553000134129,43.527537000192311],[-72.392406999645956,43.527580000166139],[-72.392368000186195,43.527586000099461],[-72.392187000436238,43.527643999858384],[-72.391989000069515,43.527666999792267],[-72.391835999908636,43.527643999858384],[-72.391570999594762,43.527503999873531],[-72.391500000347961,43.527468999989374],[-72.391363000080617,43.527414999811846],[-72.391276000041984,43.527422000187414],[-72.39099700038274,43.527437999833047],[-72.390417000424591,43.527560000166986],[-72.390014999843373,43.527789000314314],[-72.389133999586363,43.528382000073904],[-72.38880499969838,43.528660000043075],[-72.388361000182684,43.529036000136998],[-72.387654999827859,43.529634999741099],[-72.387373999620465,43.529953999914426],[-72.387227000205684,43.530121999676574],[-72.386983999633117,43.530397999991202],[-72.386802000058225,43.530635000159599],[-72.38653599991946,43.530979000310715],[-72.386253999887145,43.531346999996593],[-72.386062000266534,43.53160299995448],[-72.385869999747584,43.531859999829173],[-72.385483000133306,43.532383999728658],[-72.385258999827329,43.532741000154793],[-72.384979000343151,43.533074000272762],[-72.384339000110543,43.533833000024053],[-72.38428300003406,43.533899999897628],[-72.384251000247005,43.533948999845549],[-72.383718000144526,43.534778000119459],[-72.382959000086245,43.536111999833764],[-72.382354000013763,43.537215999780727],[-72.382145999601292,43.537631000178678],[-72.382116000362387,43.53769200016113],[-72.381584999909748,43.538432999931196],[-72.381170999632957,43.539154999881148],[-72.380922999935834,43.539782000243733],[-72.38080199956201,43.540087999944397],[-72.380696999980017,43.540355000285039],[-72.380639000253709,43.540582999830164],[-72.380638000428789,43.540629999794888],[-72.380609999941385,43.540693999964958],[-72.380482999719788,43.541193999769312],[-72.380496000138578,43.54176599987791],[-72.380497999788403,43.541858000158328],[-72.380666000017882,43.542811000225186],[-72.380742000185862,43.543078000227595],[-72.380712000048646,43.543109000158601],[-72.380784000018679,43.543429999704045],[-72.38080199956201,43.543508999938652],[-72.38083199969924,43.543644999910406],[-72.380918999737872,43.544032000042584],[-72.380968000141678,43.544253000284009],[-72.381049000332524,43.544620999707313],[-72.381229000257576,43.545437000068915],[-72.381245999976002,43.5455119997753],[-72.381487000000433,43.546871000298211],[-72.381490000373489,43.546892999958871],[-72.381483999627392,43.546938000009177],[-72.381461999886071,43.547089000250907],[-72.381450000190526,43.547175000284142],[-72.381429000274125,43.547320000009449],[-72.381358000129012,43.547578000054592],[-72.381230000082496,43.54807100013096],[-72.381026999692921,43.548674999845808],[-72.380834000247376,43.549250000132787],[-72.380723999744191,43.549821999980587],[-72.380732999965034,43.549852000296298],[-72.380681000086511,43.550043999879804],[-72.380712000048646,43.550707999800835],[-72.380941000377504,43.551859999761582],[-72.381036999738654,43.552231000314414],[-72.381383000243375,43.553575999855099],[-72.381292000006766,43.554415000229383],[-72.381281000136127,43.555257999846233],[-72.381276999938166,43.555383999732761],[-72.381384000068294,43.556078999833758],[-72.381490000373489,43.556590000291102],[-72.382009000232259,43.558070000249209],[-72.382176999563441,43.558665000192207],[-72.382191999632042,43.559160999762419],[-72.382256999929368,43.559423000126444],[-72.382574000121778,43.56068699978961],[-72.382696000320522,43.561251000229696],[-72.382723999909615,43.562093000050609],[-72.382725999559426,43.562167000011947],[-72.382769000115445,43.562461999754831],[-72.382778000336273,43.562511999766713],[-72.382775999788151,43.562539999937485],[-72.382795999879647,43.562649000315609],[-72.382985999850433,43.563418000317782],[-72.382954999888298,43.563722999981913],[-72.382893999788934,43.563883000169973],[-72.382507000174627,43.564279000174871],[-72.382451999923049,43.564332999885053],[-72.382439000402584,43.564366000226599],[-72.38234499979292,43.564601000045016],[-72.382055000263009,43.5651270000888],[-72.381338000037516,43.565660999729118],[-72.381215999838801,43.565706999876454],[-72.381077999746523,43.565721999987666],[-72.381016999647144,43.565653000096091],[-72.381050000157444,43.565455999848012],[-72.381077999746523,43.565340999910916],[-72.381093999640058,43.56511199982944],[-72.380972000339639,43.564837000053586],[-72.380712000048646,43.564608000008946],[-72.38065699979704,43.564597999967241],[-72.380451999757653,43.564562000324194],[-72.380285000251376,43.564662000075202],[-72.380147000159113,43.564973999871633],[-72.380144999610962,43.565104999924074],[-72.380142999961151,43.565198999979998],[-72.380132000090498,43.566073000221863],[-72.38002999998325,43.56629299992494],[-72.37990299976164,43.566545999924521],[-72.379826999593675,43.56676700027667],[-72.379817000446224,43.566979999710341],[-72.379812000423371,43.567088000097982],[-72.379979999754539,43.567900999675473],[-72.380254000289227,43.569346000051915],[-72.380300000319977,43.570086000204519],[-72.380285000251376,43.570895000200856],[-72.380307999817589,43.571203999856039],[-72.380341000327874,43.571889000225454],[-72.380336000304993,43.572255000105322],[-72.380315000388606,43.573176000114138],[-72.380236999672476,43.573434999765603],[-72.380009999891755,43.573884999712455],[-72.379826999593675,43.574168000288083],[-72.379414999865006,43.574603000115864],[-72.378310000200315,43.575482000016407],[-72.377106999728028,43.576401000256944],[-72.376319000255748,43.576978000053657],[-72.375192999776331,43.577960999883565],[-72.374632999909679,43.578460000058875],[-72.374119999898696,43.578837000205858],[-72.373800000231554,43.579119000067173],[-72.372487999979327,43.57995099992273],[-72.371738999966794,43.580324999899325],[-72.371662999798801,43.580340000274489],[-72.37082400027289,43.58074199995626],[-72.37036800016331,43.580942999766705],[-72.369753999869985,43.581183999787875],[-72.369491999929181,43.581261999804113],[-72.366776000261495,43.582096000318465],[-72.36653600006197,43.582248999989666],[-72.365956000103836,43.582513999984506],[-72.365833999905107,43.582629000319194],[-72.365604999576249,43.582804000152358],[-72.365521999735577,43.582858999678756],[-72.365284999909107,43.58301800028692],[-72.364904000142587,43.583185999883888],[-72.364750999981723,43.583239000062292],[-72.364056000395877,43.583478999856396],[-72.362919999870712,43.583872000096619],[-72.361960999795897,43.584130999943525],[-72.361503999861412,43.584248000059169],[-72.360653999566523,43.584467999744305],[-72.360109999593391,43.584610999921878],[-72.359921000345821,43.584660000291372],[-72.359668999552426,43.584722999778251],[-72.359522000137659,43.584759999859251],[-72.359379999847434,43.584795000319524],[-72.3587999998893,43.58493999996432],[-72.35828100003053,43.585138999837191],[-72.358051999701658,43.585275999674742],[-72.357874000324756,43.585423999804291],[-72.357758999798719,43.585520000256537],[-72.357676999782953,43.585589000161647],[-72.357546000261692,43.585697999822365],[-72.356648000286228,43.586442999937368],[-72.356220999590661,43.58661099973645],[-72.355946000129364,43.586649000052063],[-72.355519000332094,43.5866420000471],[-72.355473000301345,43.586614000019118],[-72.35545800023273,43.58661099973645],[-72.355428999920406,43.586608000104384],[-72.355408000004005,43.586604999821418],[-72.355382000064751,43.586602000189046],[-72.355345000254815,43.586597999811389],[-72.354873000251715,43.586541999701424],[-72.354526999746994,43.586541999701424],[-72.354005000413494,43.586706000155104],[-72.353485999656399,43.586879999759041],[-72.352802999766112,43.587115000224536],[-72.352389000387646,43.587190000110745],[-72.352249999572152,43.587214000184701],[-72.351740999759116,43.587299000125768],[-72.351282000174805,43.587374999864288],[-72.35101500021112,43.587420999693649],[-72.350487000131523,43.587556000036592],[-72.350421999834197,43.587571999989684],[-72.350330999597602,43.587579999964618],[-72.350001999709619,43.587693000229294],[-72.34964400040765,43.587816999797681],[-72.349583000308286,43.58787799973824],[-72.349231999780685,43.588114000280683],[-72.349057999703419,43.588255000121826],[-72.348789999914814,43.588473000001393],[-72.348288999599376,43.588820000145013],[-72.34820999995668,43.588900000139986],[-72.348087999757936,43.589152000112357],[-72.347995999696423,43.589281000177877],[-72.347905000358139,43.589341999936089],[-72.347553999830566,43.589670000103816],[-72.347081000002532,43.590044000212771],[-72.346820999711539,43.59027299983692],[-72.346352000081495,43.590472000297233],[-72.345658000320526,43.590749000185909],[-72.345081999662042,43.590951999811537],[-72.344439999779624,43.591217999899989],[-72.343736999797841,43.591508999790015],[-72.343133000448574,43.591790000143845],[-72.342969000417028,43.591897000274024],[-72.342151999734114,43.592462999938377],[-72.341923000303595,43.592593000059068],[-72.34147999971448,43.592913000160692],[-72.341206000078088,43.593309999898075],[-72.341068999810744,43.593562000273586],[-72.340763000387312,43.593805999796899],[-72.340078999773766,43.594215999733095],[-72.339154999859062,43.594806999965513],[-72.337543000031161,43.59583500011221],[-72.337088999571407,43.596179000292572],[-72.336615999743387,43.596567999872825],[-72.336143999740287,43.596933000098865],[-72.335597000292424,43.597385999820624],[-72.334777000134778,43.598028999757943],[-72.33333199981314,43.599099999855895],[-72.331776000061737,43.599870999951172],[-72.331425000432475,43.599962000117181],[-72.330509000015354,43.600092000301437],[-72.32989899991999,43.60021399995864],[-72.329837999820626,43.60022999979936],[-72.329181999694484,43.600451000132047],[-72.329031999906675,43.600522000210873],[-72.328797999554936,43.600650000113831],[-72.328480000435931,43.600908999973839],[-72.328327000275067,43.601114000162589],[-72.328174000114188,43.601472999749724],[-72.328128999908344,43.601670999759726],[-72.327960999678851,43.602526000156352],[-72.327899999579472,43.603182000055433],[-72.328021999778215,43.603845999720988],[-72.328220000144938,43.604441000184117],[-72.328358000237202,43.60497499985366],[-72.328391999674082,43.6051690002529],[-72.328448999575485,43.605494000029459],[-72.328448999575485,43.605732999771462],[-72.32843000020722,43.605902000137235],[-72.328403000443046,43.6061419999793],[-72.328404000267952,43.606240999862884],[-72.32840000006999,43.60631300003066],[-72.328373000305817,43.606836999812167],[-72.328419000336567,43.607057999941638],[-72.328451999948527,43.607137999758869],[-72.328532000314468,43.607328999786716],[-72.328580999819977,43.607408000145398],[-72.328785000034472,43.60759199979632],[-72.329211999831728,43.607995999727727],[-72.329288999824612,43.608049000174276],[-72.329867999957841,43.608538000152116],[-72.330235000378963,43.60871300010534],[-72.330769000306361,43.608973000099262],[-72.331913000329109,43.609483999939208],[-72.332019999560913,43.609499000202383],[-72.332629999656277,43.609797000059594],[-72.332966000115249,43.610017999720448],[-72.333195000444107,43.610284999784419],[-72.333469999905418,43.611146999788389],[-72.333515000111248,43.611452000307665],[-72.333653000203512,43.612101000133563],[-72.333835999603295,43.612444000004828],[-72.334232000336726,43.61298600002111],[-72.334445999698659,43.613381999697538],[-72.334721000058281,43.614390000056005],[-72.334745000347723,43.614518999999277],[-72.334772999936803,43.614666999754689],[-72.334919000425003,43.615441999768073],[-72.335086999756186,43.615876999859402],[-72.335147999855536,43.616158999829679],[-72.335055999794037,43.617021999776327],[-72.334827000363489,43.617951999762347],[-72.334613999928152,43.618670000022547],[-72.334415999561443,43.619249000190159],[-72.33426300029889,43.619576999914948],[-72.333789999572545,43.620729000203028],[-72.333209999614397,43.622079999847536],[-72.333088000313992,43.622636999739875],[-72.333058000176763,43.623368999898979],[-72.332782999817141,43.624361000043976],[-72.332493000287229,43.624818999908861],[-72.332294000095615,43.625047999833356],[-72.33226099958533,43.625063000116008],[-72.331607999832258,43.625360000129653],[-72.330601000076854,43.625887000051577],[-72.330264999617881,43.62609999970099],[-72.330051000255949,43.626223000015727],[-72.329441000160585,43.626595999769521],[-72.329349000099086,43.626702999771979],[-72.329165999800978,43.626825000077247],[-72.329074999564369,43.627008000070795],[-72.329120999595133,43.627245000012628],[-72.329242999793863,43.627420000149137],[-72.329441000160585,43.627709999792394],[-72.329517000328565,43.627938999757532],[-72.329364999992592,43.62822900014794],[-72.329242999793863,43.628335999844495],[-72.328861000202437,43.628527000172291],[-72.328800000103072,43.628595000132293],[-72.328662999835728,43.628694000118202],[-72.328494999606235,43.628838999967414],[-72.328220000144938,43.629029999997293],[-72.327991999640986,43.629357999677595],[-72.327763000210453,43.62972399993955],[-72.327456999888696,43.630449000169087],[-72.327411999682866,43.630632000182793],[-72.327380999720731,43.630662999920311],[-72.327350999583487,43.630982999736986],[-72.327441999820081,43.631197000187626],[-72.327793000347683,43.631410999876238],[-72.328052999740351,43.631478999824402],[-72.328388000374431,43.631532999728371],[-72.328723999935093,43.631738000222626],[-72.328968000332566,43.632051000243642],[-72.329364999992592,43.632653999781105],[-72.329502000259964,43.632814000128519],[-72.329594000321464,43.633098999895367],[-72.329761999652632,43.633447000098045],[-72.329760999827712,43.633905000301439],[-72.329669999591133,43.634241000306417],[-72.329514999780429,43.63468299988611],[-72.329442999810396,43.634892999747493],[-72.329395000129836,43.635027000260024],[-72.329135999663734,43.63553000029907],[-72.328754000072308,43.63589600003354],[-72.328312000206452,43.636117999916095],[-72.327854000447033,43.636330999717757],[-72.327365999652102,43.636713000312483],[-72.327213000389548,43.636849999745188],[-72.32703000009144,43.636933999869328],[-72.326938999854832,43.636933999869328],[-72.326861999861947,43.636972000258396],[-72.326312999865948,43.637147999933518],[-72.326115000397536,43.637239000261552],[-72.325855000106543,43.637330999702897],[-72.325245000011193,43.637552000237456],[-72.324588999885052,43.637888000004736],[-72.324389999693423,43.637918000008696],[-72.323870999834668,43.638193000105403],[-72.323413000075263,43.638468000243776],[-72.323093000408107,43.638574000034289],[-72.322879999972798,43.638703999975995],[-72.322406000319859,43.638863999818113],[-72.321536999758408,43.639100999817146],[-72.320698000232497,43.639344999906527],[-72.319400000223979,43.6396430000731],[-72.319189000336763,43.639687999734164],[-72.318545999731128,43.639826000044977],[-72.317809000312465,43.639991000085303],[-72.317691000311697,43.640015999756386],[-72.316974000086205,43.640282999885414],[-72.316333999853612,43.640572999871914],[-72.316134999661983,43.64067999969501],[-72.315952000262186,43.640725999724395],[-72.315447999573706,43.64106900011938],[-72.314966000423183,43.641516999822173],[-72.314694000436631,43.641857999949941],[-72.314516999986296,43.642145000021586],[-72.314410999681087,43.642258999680934],[-72.314167000181939,43.642670999873651],[-72.314014000021061,43.643159999772742],[-72.313891999822317,43.643823000274253],[-72.313814999829432,43.644227999686748],[-72.313830999722953,43.644724000311676],[-72.313892999647223,43.645519999899953],[-72.313937999853081,43.645853000032361],[-72.313951000271871,43.645966000048254],[-72.31409000018904,43.646851999754261],[-72.314138999694521,43.647092999699609],[-72.314146000265538,43.64712800029907],[-72.314163999808883,43.64721599995174],[-72.314299000426416,43.647497000084897],[-72.314307999748934,43.647504999891282],[-72.314425999749702,43.647752999862178],[-72.314578000085675,43.648034999806384],[-72.314792000345918,43.648325000073882],[-72.314870000163722,43.648620000108579],[-72.314884000407417,43.648676000284262],[-72.314829999980745,43.649357999882113],[-72.314823000308053,43.649446999867436],[-72.314810999714183,43.649601999914132],[-72.314777000277289,43.650040999875813],[-72.314749999614804,43.650638999878929],[-72.314739999569071,43.650866999892727],[-72.314731000246539,43.651056000111794],[-72.314659000276521,43.651785999967487],[-72.314578999910566,43.652589999997147],[-72.314532999879816,43.65302400006707],[-72.314471999780451,43.654428000298616],[-72.314410999681087,43.654634000288596],[-72.314379999718952,43.654938999865827],[-72.314274000312054,43.655138000218834],[-72.313632000429649,43.656824000043699],[-72.313633000254541,43.656937999791936],[-72.313388000032162,43.657456999878029],[-72.31309799960394,43.657952999797878],[-72.312854000104778,43.658310999746632],[-72.312519000369022,43.658600999788597],[-72.31169400018851,43.659043999719209],[-72.311099999986666,43.65942499998657],[-72.310916999688558,43.659569999767015],[-72.310581000127897,43.660050999785199],[-72.310535000097147,43.660172999974364],[-72.310093000231262,43.660883000204052],[-72.30994000007037,43.661119000260939],[-72.309801999978134,43.661271999771913],[-72.309513000273128,43.661386000173401],[-72.309176999814142,43.661737000084607],[-72.309084999752642,43.661866999940088],[-72.309100999646162,43.662021999774865],[-72.308992999691128,43.662262999934775],[-72.308872000215629,43.662522999685777],[-72.308108999959373,43.663354000172241],[-72.30789499969913,43.663545000312268],[-72.30736099977176,43.663957000065942],[-72.307253999641645,43.664032999774655],[-72.30693399997449,43.664316000058584],[-72.306734999782861,43.664453000226516],[-72.306566999553368,43.664789000291812],[-72.306154999824713,43.665192999907127],[-72.306078999656748,43.665384000044597],[-72.306032999625998,43.665741999872921],[-72.305866000119721,43.666238000230919],[-72.305728000027457,43.666849000226065],[-72.305544999729364,43.667206999764865],[-72.305271000092972,43.66738299988063],[-72.304187000344697,43.667649999875842],[-72.304004000046575,43.667702999714152],[-72.303684000379434,43.667802000243078],[-72.303547999936981,43.667898999874375],[-72.303481999814764,43.667946999935403],[-72.303439000157042,43.667977999913809],[-72.303271999752482,43.668335999866862],[-72.303253000384217,43.668379000057001],[-72.303148999728819,43.668619000008441],[-72.30307299956084,43.668977000037039],[-72.303164999622354,43.669641000168923],[-72.303182000239104,43.669709999744668],[-72.303270999927562,43.670114000028811],[-72.303225999721732,43.670891999821443],[-72.303164999622354,43.671525000130202],[-72.302997000291185,43.67203699970959],[-72.302844000130307,43.672341999899615],[-72.302752999893713,43.672708000160718],[-72.302767999962313,43.673035999847471],[-72.302737000000178,43.673676999852553],[-72.302538999633455,43.674112000131366],[-72.302218999966314,43.674356000287567],[-72.302004999706057,43.674431999824677],[-72.301608000046045,43.674431999824677],[-72.301394999610693,43.674431999824677],[-72.301348999579943,43.674538999753622],[-72.301348999579943,43.674660999737334],[-72.301424999747937,43.675760000035972],[-72.301470999778687,43.675844000323337],[-72.301562999840201,43.675835999744145],[-72.301608000046045,43.675767000064404],[-72.301669000145424,43.675706000253214],[-72.301700000107544,43.675667999679149],[-72.301792000169058,43.675683000318969],[-72.301852000443503,43.675729000178649],[-72.301837000374903,43.675835999744145],[-72.301837000374903,43.675973000257251],[-72.301883000405653,43.676033999796978],[-72.30198999963747,43.676041999700082],[-72.302203999897699,43.676041999700082],[-72.302295000134293,43.676102999819435],[-72.302356000233658,43.676163999876721],[-72.302446999571941,43.676133000228155],[-72.302569999595605,43.676126000242377],[-72.302675999900814,43.676195000159048],[-72.302706999862949,43.676392999677013],[-72.302767999962313,43.67685099990436],[-72.302752999893713,43.676918999745027],[-72.302706999862949,43.677483999731152],[-72.302767999962313,43.677911000047807],[-72.302783000030928,43.678253999880006],[-72.302446999571941,43.679260999946464],[-72.302492999602705,43.679399000286601],[-72.302538999633455,43.679505999804597],[-72.302890000161057,43.67983400001598],[-72.303424000088441,43.680695999827151],[-72.303728999686967,43.680924999872275],[-72.303927000053676,43.680986000224827],[-72.304187000344697,43.681123000023732],[-72.304308999645102,43.681123000023732],[-72.30452299990533,43.681245000264184],[-72.304752000234188,43.681496999826251],[-72.305423000428931,43.682458000171223],[-72.305544999729364,43.682648999936454],[-72.305820000088971,43.683106999834926],[-72.306017999557383,43.683350999794385],[-72.306000000014023,43.68349900024473],[-72.3059420002877,43.683969000044065],[-72.305789000126836,43.684923000159323],[-72.305743000096086,43.685182000092247],[-72.305590999760113,43.685655000236572],[-72.305529999660735,43.686211999963064],[-72.30545299966785,43.686432999924655],[-72.305423000428931,43.687676999713929],[-72.305483999629985,43.687943999713475],[-72.30545400039108,43.688195000013629],[-72.305514999592134,43.688905000066072],[-72.305483999629985,43.68922500011422],[-72.3054989996986,43.689720999965381],[-72.305483999629985,43.690316000024893],[-72.30546899956137,43.69092699976288],[-72.305423000428931,43.69126200005811],[-72.30540800036033,43.691507000272111],[-72.305390999743565,43.691548000151847],[-72.305071999901344,43.692308000118942],[-72.305061999855582,43.692329999890816],[-72.305030999893447,43.692399000008642],[-72.30499599973335,43.692475000074822],[-72.304918999740465,43.692619999908302],[-72.304964999771229,43.693498000164304],[-72.30499599973335,43.693887000093774],[-72.305056999832729,43.694199999716126],[-72.305086999969973,43.694458999861766],[-72.305056999832729,43.694962999923021],[-72.305133000000723,43.695320999965787],[-72.304537999973959,43.696199000296552],[-72.304415999775216,43.696312999955822],[-72.304172000276068,43.696679000131631],[-72.304034000183805,43.696839000088815],[-72.303958000015825,43.696968999902019],[-72.303638000348684,43.697381000115932],[-72.303270999927562,43.697633000087343],[-72.303012000359786,43.697793000096851],[-72.302752999893713,43.697960999907117],[-72.30255399970207,43.698204999844833],[-72.302387000195793,43.698579000308044],[-72.302004999706057,43.699258000141064],[-72.301776000275538,43.699654999726626],[-72.301028000087896,43.701424000024794],[-72.300804999606811,43.70194600028556],[-72.30033199977882,43.703052000260584],[-72.300280999725189,43.703171999852934],[-72.300113000394006,43.703523000204058],[-72.30006200034039,43.703669000044691],[-72.300049999746491,43.703703000036583],[-72.300039999700758,43.703731000091842],[-72.300006000263892,43.703828000089345],[-72.300006000263892,43.703888999880135],[-72.299991000195263,43.70403400003876],[-72.300036000401107,43.705117000118406],[-72.300021000332507,43.705255000070537],[-72.299991000195263,43.705392000287539],[-72.299976000126676,43.70552900019149],[-72.299868999996548,43.705826999844547],[-72.299700999767055,43.70610899973839],[-72.299564000398007,43.706277000274262],[-72.29916699983967,43.706643000020151],[-72.298175000152881,43.707253000258518],[-72.297854999587415,43.707437000061354],[-72.297137000435356,43.707802999867539],[-72.296908000106484,43.707878999891278],[-72.296770999839126,43.707940000105481],[-72.296487000157015,43.70806199969833],[-72.295810000114486,43.708359999746243],[-72.29487899962875,43.708886000037282],[-72.294711000297582,43.709053999932905],[-72.294574000030224,43.709130000318531],[-72.29445199983148,43.709252000086671],[-72.29412200011862,43.709611999871072],[-72.293963000109954,43.709747999876235],[-72.293886999941975,43.709794000237871],[-72.292438000320686,43.710884999948412],[-72.292178000029679,43.711068000317745],[-72.292116999930329,43.711205000235587],[-72.292070999899579,43.711312000157434],[-72.292040999762364,43.711556000302373],[-72.291994999731585,43.711816000108747],[-72.291843000293937,43.712159000213077],[-72.291613000140188,43.712524999755338],[-72.29103400000696,43.713159000315102],[-72.289675999723968,43.714639000152772],[-72.28952299956309,43.714837000036013],[-72.288957999673556,43.715340000309425],[-72.288775000273759,43.715478000099459],[-72.288499999914137,43.715668999891435],[-72.287859999681558,43.716126000312023],[-72.287051000292877,43.716805000081379],[-72.286607999703776,43.717270999746127],[-72.286456000266142,43.717522999866262],[-72.285951999577662,43.71848400014035],[-72.285922000338743,43.718582999979333],[-72.285539999849007,43.718972000116842],[-72.285463999681028,43.719101999980282],[-72.285463999681028,43.719148000303868],[-72.285388000411359,43.719201000096611],[-72.285281000281245,43.719704000095469],[-72.285113000051751,43.720116999703549],[-72.284883999722894,43.720475000165067],[-72.284441999857009,43.721031999783591],[-72.283815999868125,43.721535999789488],[-72.283250999978605,43.721832999917538],[-72.282901000174235,43.722169000012066],[-72.282763000081971,43.722410999882712],[-72.282671999845377,43.722571999759509],[-72.282579999783863,43.722732999852802],[-72.282060999925093,43.723481000111711],[-72.281741000257952,43.72376300003819],[-72.280794999703616,43.724342999710643],[-72.280459000142955,43.724510999771276],[-72.280387999997842,43.724535999952536],[-72.280137999752583,43.724625000123702],[-72.279649999855948,43.724808999824887],[-72.279084999966429,43.724969000008905],[-72.278612999963329,43.725167000164291],[-72.277742999576944,43.725586999822504],[-72.27759000031439,43.72567799983635],[-72.277299999886154,43.72582299986535],[-72.27710200041777,43.725938000041694],[-72.276781000027398,43.726243000117499],[-72.276415000329493,43.726532999685816],[-72.2756830000354,43.727105000220881],[-72.275346999576414,43.727440999958759],[-72.275271000306759,43.727531999752763],[-72.274965999809922,43.728013000262116],[-72.274766999618279,43.728439999812593],[-72.274676000279996,43.728767999841608],[-72.274615000180631,43.729127000209203],[-72.274508000050503,43.729469999892025],[-72.274278999721645,43.729957999963517],[-72.274020000153882,43.730401000164917],[-72.273652999732775,43.730888999791155],[-72.273547000325863,43.731086999851698],[-72.273409000233613,43.731270999826073],[-72.27284400034408,43.731887999907336],[-72.27278400006962,43.732049000277783],[-72.272477999747878,43.732591000000966],[-72.272462999679263,43.732659000254635],[-72.272204000111472,43.732948999916104],[-72.272158000080722,43.733024999854777],[-72.272020999813392,43.733193000231047],[-72.271775999590986,43.73340699989653],[-72.271105000294568,43.733918000023365],[-72.270631999568252,43.734101000150353],[-72.26996100027182,43.734253999838003],[-72.268983999755335,43.734330000067786],[-72.2683889997286,43.734292000289479],[-72.267473000209776,43.734109000097057],[-72.266557999617575,43.733918000023365],[-72.265885999597941,43.733819000211035],[-72.265504999831421,43.733795999844389],[-72.264970999904037,43.733833999937438],[-72.264467000113882,43.733894999694741],[-72.263872000087147,43.734109000097057],[-72.263430000221263,43.734306999897399],[-72.262712000170865,43.734710999996665],[-72.262300000442224,43.734909999977063],[-72.262010000013987,43.735084999853719],[-72.261954999762409,43.735116000186558],[-72.260942999984138,43.735672999977069],[-72.260470000156104,43.735855999933541],[-72.260286000033105,43.735977999810167],[-72.259905000266585,43.736107000212684],[-72.258623000151587,43.736679999728715],[-72.257494000197454,43.737152999925975],[-72.256669999841833,43.73750399986789],[-72.255860999554841,43.737854999699401],[-72.255067000234774,43.738166999985808],[-72.254289999734837,43.738473000260193],[-72.252915999558297,43.739036999760962],[-72.252366999562312,43.739304000140152],[-72.251497000074266,43.73967799986773],[-72.251054000383476,43.739906999875323],[-72.250794999917375,43.740066999967411],[-72.250718999749409,43.740112999768705],[-72.250398000257363,43.740272999959259],[-72.249818000299214,43.740601000084077],[-72.249573999901742,43.740632000157277],[-72.249238000341094,43.740876000319545],[-72.248948999737763,43.741044000087321],[-72.248781000406581,43.741089999787015],[-72.248201000448447,43.741425000131713],[-72.248005999556483,43.741575000240331],[-72.24799300003599,43.74158299983749],[-72.247560000390948,43.741822000128074],[-72.247355000351533,43.741998000028012],[-72.247324000389398,43.742019000280209],[-72.247260999741897,43.742075000267754],[-72.246659999867347,43.742485999905924],[-72.246355000268835,43.742591999683391],[-72.245775000310701,43.742799000164773],[-72.245530999913214,43.74292800014986],[-72.245103000291039,43.743042999932335],[-72.245042000191674,43.743057999944121],[-72.244828999756351,43.743142000070378],[-72.244112000429183,43.743331999844003],[-72.243683999908683,43.743377999732672],[-72.24313499991267,43.743470000052973],[-72.242738000252658,43.743599999968282],[-72.242570000023179,43.743683999983027],[-72.242265000424638,43.743813000008032],[-72.242204000325259,43.743827999826884],[-72.242005999958536,43.743928000037435],[-72.24159400022991,43.744073000013564],[-72.241181999602944,43.744117999912369],[-72.240723999843553,43.744079999855799],[-72.240220999878289,43.744155999944766],[-72.239380999629162,43.744332000121901],[-72.238725000401359,43.744568999697741],[-72.238465000110352,43.744576000130969],[-72.237489000317098,43.744667999908152],[-72.236512999625532,43.74489600024193],[-72.235932999667384,43.745086999693726],[-72.2353219997471,43.745353999699987],[-72.235078000247952,43.74550699983768],[-72.234177999724352,43.745964999812649],[-72.233140000006813,43.746711999995277],[-72.232575999942213,43.747017000055045],[-72.231630000286174,43.747612999901087],[-72.231323999964431,43.747842000057133],[-72.230943000197911,43.748192000280369],[-72.230409000270541,43.748870999990544],[-72.230363000239777,43.749085000080406],[-72.230439000407756,43.749351999774696],[-72.230576999601709,43.749542999933517],[-72.230744000006283,43.749725999676976],[-72.230759999899831,43.749787000116022],[-72.230723000089881,43.749939999954442],[-72.230698999800452,43.750038999717837],[-72.230682999906918,43.750054999893642],[-72.229830999962203,43.75095700004784],[-72.229264000422873,43.751557000025741],[-72.22915800011765,43.751692000262437],[-72.229035999918921,43.751856999705659],[-72.228828000404761,43.752131000210461],[-72.228404000082264,43.752688999964768],[-72.228149999639044,43.753021999798776],[-72.227983999957686,43.753229999818856],[-72.227701000100467,43.753585999797863],[-72.227556000335511,43.753769000156829],[-72.22737899988519,43.753992000043446],[-72.227260000059502,43.754140999906141],[-72.227081999784275,43.754365000251433],[-72.22706699971566,43.754410000199371],[-72.226731000154999,43.755219000080636],[-72.226624999849776,43.75536399995746],[-72.226608999956241,43.755409999683877],[-72.226364999558768,43.755638999855059],[-72.225372999871979,43.756362999856002],[-72.224672000438346,43.757073000293509],[-72.224381000185218,43.757317000271662],[-72.224303000367414,43.757404000044552],[-72.223954000387963,43.757996000270992],[-72.223572999723118,43.758575999950551],[-72.223268000124591,43.758835000239024],[-72.222946999734233,43.759140000158219],[-72.222688000166457,43.759461000076662],[-72.222473999906214,43.759643999987041],[-72.22238299966962,43.759880000115821],[-72.222280999562372,43.760092999966105],[-72.222273000064774,43.760116999764655],[-72.222259999645985,43.76013400029197],[-72.222199000444931,43.760262000099836],[-72.221740999787201,43.760887999929636],[-72.221360000020695,43.7614899998105],[-72.221137000437921,43.761894999856906],[-72.221124000019131,43.761925999931726],[-72.221041000178474,43.762207000065523],[-72.221015000239191,43.762262000214328],[-72.220887000192675,43.762679999692772],[-72.220780000062561,43.762893999710919],[-72.220277000097312,43.763389999780735],[-72.219819000337907,43.763824999939054],[-72.219661000154176,43.763990000312589],[-72.219619000321387,43.764256999681649],[-72.219600999879702,43.76427900029087],[-72.219574999940448,43.764359000255922],[-72.219010000050915,43.765038000136009],[-72.21893200023311,43.765107999952946],[-72.218892000050147,43.765158000142797],[-72.218763000178711,43.765261000194471],[-72.218537000222895,43.765464999691481],[-72.218200999763937,43.765701999922136],[-72.2181430000376,43.765726000065605],[-72.218107999877503,43.765739999874526],[-72.217696000148848,43.765909999980529],[-72.217553999858637,43.765958000090919],[-72.217265999978537,43.766107999701021],[-72.216941000288529,43.766331000311794],[-72.216583999913141,43.766464999958899],[-72.216095000191615,43.766601999684802],[-72.215408999928258,43.766738999745627],[-72.215332999760278,43.766746999872055],[-72.215209999736643,43.766776999687998],[-72.214737999733529,43.766876999830629],[-72.214548999587649,43.766924000125393],[-72.214233999943374,43.766999000063741],[-72.213929000344862,43.767098000149737],[-72.213409999587768,43.767174000202893],[-72.213181000157221,43.767242999783427],[-72.212966999896977,43.767250000159493],[-72.212541999749547,43.767334999749018],[-72.212444999665166,43.767346000137351],[-72.211703000223636,43.767526000248189],[-72.211135999785967,43.76768500014424],[-72.210358000359435,43.767989999708377],[-72.210098999893347,43.76812000020908],[-72.209656000202543,43.768363999897005],[-72.209518999935213,43.768425000149954],[-72.209457999835834,43.76844800018668],[-72.208862999809085,43.76868500027534],[-72.208221999751586,43.769073999989281],[-72.207901000259525,43.769341000019686],[-72.207565999625444,43.76958499991629],[-72.207000999735939,43.769958999862084],[-72.206757000236777,43.770110999737113],[-72.206732000122429,43.770117999777518],[-72.206696000137413,43.770126999735623],[-72.206487999724956,43.770209000228455],[-72.206330000439522,43.770271999810831],[-72.205947999949785,43.77038599996758],[-72.205923999660328,43.770422999909165],[-72.205882999652459,43.770508000179163],[-72.205779999720292,43.770614999904673],[-72.205718999620927,43.770646000001548],[-72.20552399962726,43.770758999821119],[-72.205245999792893,43.770918999826243],[-72.205229999899387,43.770930000204125],[-72.20521900002872,43.770964000297845],[-72.205213000180947,43.770985000117157],[-72.205187000241665,43.771063999927385],[-72.205169999624914,43.771118000098873],[-72.205169999624914,43.771260999837068],[-72.205316000113115,43.771299999765276],[-72.205398999953772,43.7713210001153],[-72.20563199958228,43.771378999808057],[-72.205894000421424,43.77144399997853],[-72.206629000190262,43.77162599995021],[-72.206846999750141,43.771680000262954],[-72.207024000200477,43.771733000270267],[-72.207234000262758,43.771796000193348],[-72.207261000026946,43.771811999741089],[-72.207285000316375,43.771819999837696],[-72.20871999969394,43.772259000011765],[-72.210129000030577,43.77264799983287],[-72.214576000250133,43.773947999857207],[-72.219165999686538,43.775294000168195],[-72.221698999954398,43.776039999894337],[-72.222324999943297,43.776222999682084],[-72.222362999578138,43.776234999914401],[-72.222576000013461,43.776297000103561],[-72.222587999709049,43.776301000176332],[-72.222612999823397,43.776308000140872],[-72.235993999766762,43.780223000166856],[-72.23601499968315,43.780229000206283],[-72.236070999759647,43.780236999825433],[-72.237266999660932,43.780584999735815],[-72.237930000358062,43.780779999851198],[-72.238788000150535,43.781030999835188],[-72.241632999689642,43.781861999675989],[-72.254375999948564,43.78558599993309],[-72.254442999895716,43.785604999756522],[-72.254517000413855,43.785627000295449],[-72.25456300044462,43.785640999985631],[-72.254637999889383,43.785662999862787],[-72.254721999554974,43.78568699977847],[-72.254811000141743,43.785712999730279],[-72.255458999871934,43.785902999883064],[-72.255634999599039,43.785954000217217],[-72.257065999676954,43.78637100013438],[-72.258023000101957,43.786651000206795],[-72.258435999655532,43.78677200030468],[-72.258695999946525,43.786859000041517],[-72.259850999839927,43.787183999712397],[-72.269691999759999,43.790045000204032],[-72.284111000319214,43.794252000124118],[-72.285304999672363,43.794609000315269],[-72.285477000099817,43.794659999705338],[-72.285585999879757,43.794689999783913],[-72.285636000108468,43.794703999945135],[-72.286123000180197,43.794839000080742],[-72.287199000430874,43.795152000129768],[-72.289326999744489,43.795784000271745],[-72.290152999749921,43.79603000025368],[-72.291234000023479,43.796350999956559],[-72.292357999954731,43.79668499973782],[-72.292780999554054,43.796814000265982],[-72.294507999908006,43.797323000145227],[-72.297288000048084,43.7981490000683],[-72.300469999871069,43.799093999784141],[-72.302174999585375,43.799605999712213],[-72.304511000209786,43.800294000041248],[-72.304846999770447,43.800393000116067],[-72.305118999756999,43.800474000173097],[-72.30570499956292,43.800644999860893],[-72.306357000389397,43.800828999960373],[-72.310797000037965,43.802130000319679],[-72.311289999957467,43.802274000192796],[-72.315195999678636,43.803410999859814],[-72.318358000308464,43.804333000143721],[-72.319489999737328,43.804664000274741],[-72.322273000250476,43.805474000236039],[-72.325538999739067,43.806425999819162],[-72.326449000308401,43.806699000289619],[-72.326466999851732,43.806705999936199],[-72.326597000446384,43.806733000139751],[-72.327738000096105,43.807065999917782],[-72.328686000300266,43.807341999687672],[-72.328924999776547,43.80741199990107],[-72.334284000215277,43.808973000137627],[-72.334604999707338,43.809066999987095],[-72.334855999777488,43.809140999943814],[-72.335554999561325,43.80934599976564],[-72.335799999783688,43.809418000124296],[-72.336106999930379,43.809508000126407],[-72.336399000008413,43.809594000203447],[-72.336731000269438,43.809690999885404],[-72.336941000331706,43.809752999733234],[-72.337312999877398,43.80986199976978],[-72.337645999963314,43.809959000313029],[-72.33803000010289,43.810071999731385],[-72.338242999639917,43.810135000094498],[-72.33850299993091,43.81021099989875],[-72.33887899967452,43.810321000007072],[-72.339164000079904,43.810404999694079],[-72.339337000332236,43.810455999863173],[-72.339343000180037,43.810447000141558],[-72.339610999968642,43.810493000289043],[-72.344171000166114,43.811268000209289],[-72.346102999661142,43.811596999682514],[-72.348209000131774,43.812092000052246],[-72.348363999942464,43.812127000302873],[-72.348393000254788,43.81213500019058],[-72.355320000140466,43.813760000137002],[-72.35690799967891,43.814133999882706],[-72.360767000442735,43.815042000018707],[-72.36743499986234,43.816611999924881],[-72.367610999589431,43.81665299974302],[-72.368250999822038,43.816804000016099],[-72.36844400016588,43.816849000302675],[-72.372332000343718,43.817763000151771],[-72.3788440001277,43.819295000219412],[-72.382314999655705,43.820111000025655],[-72.382506000349736,43.820156999859044],[-72.383691000380352,43.820435000239307],[-72.390592000326777,43.822056999688435],[-72.39233800004898,43.822467000046608],[-72.39254499973822,43.822516000174524],[-72.398048999941892,43.823808999744237],[-72.403268999565142,43.82503600030725],[-72.403391999588777,43.825064000013612],[-72.403446999840369,43.825078000185918],[-72.405066000239259,43.825457999720328],[-72.408997999899711,43.826270000223602],[-72.409204999588937,43.826311999882158],[-72.415246999917969,43.827560000230015],[-72.420589999564854,43.828654000177686],[-72.421748999656231,43.828891000063436],[-72.42877500017444,43.83032899979073],[-72.434916000237664,43.831586000171086],[-72.435457999662646,43.831698000236635],[-72.43551899976201,43.831708999797769],[-72.438313000145797,43.832280000213473],[-72.441063999973579,43.832821999877972],[-72.453006000341418,43.835171000242049],[-72.454783999850648,43.835521000026574],[-72.454927999790698,43.835549999835166],[-72.456989000055472,43.835953999903623],[-72.460694999760122,43.836713000161396],[-72.461565000146464,43.836851000054601],[-72.459518999950305,43.838088000016022],[-72.460144000114298,43.838275999910792],[-72.46621900005529,43.840102999732743],[-72.466275000131773,43.840121999713958],[-72.467455000139537,43.840523999773517],[-72.49902999994373,43.850223999820969],[-72.499054000233158,43.850234000263391],[-72.49929500025759,43.850304000074225],[-72.499491999901082,43.850360999970533],[-72.499744999621086,43.850434999925149],[-72.50078200041203,43.8507540002281],[-72.501949000000977,43.851114000238752],[-72.502554999898379,43.851300000105454],[-72.502785000052157,43.85136800016965],[-72.503060000411779,43.851454000196973],[-72.503365999835211,43.851550000322042],[-72.503784000309963,43.851679000246762],[-72.50420299971131,43.851807999892458],[-72.504444999560633,43.851881999995122],[-72.504842999943889,43.852003999683816],[-72.505111999557414,43.852085999907821],[-72.505478000153602,43.852200000126665],[-72.505656000428857,43.852252999983754],[-72.505858000095216,43.852314000127599],[-72.506024999601493,43.852365000125666],[-72.50621899977024,43.852436999781943],[-72.506414999588827,43.852494000230976],[-72.506443000076217,43.852503000092291],[-72.507422000242542,43.852805999814102],[-72.50813799974479,43.853026999826845],[-72.509844000182326,43.853537000168835],[-72.509953999787186,43.853569999724456],[-72.510040999825819,43.853595999930754],[-72.510526000247708,43.853741999782351],[-72.511035000060744,43.853896000045978],[-72.512312999977809,43.854285000295285],[-72.512616999751415,43.854376999721829],[-72.513682000131439,43.854702000002661],[-72.520517999780552,43.856782000147312],[-72.521992000414485,43.857230999881821],[-72.522324999602105,43.857331999725623],[-72.522457999671488,43.857386999793057],[-72.522847999658822,43.857505000061053],[-72.522902000085509,43.857520999980608],[-72.525148000298216,43.858202000146669],[-72.526021999984223,43.858467000142738],[-72.526046000273666,43.858474000197567],[-72.526078999885627,43.858483999904287],[-72.526129000114352,43.858499000109013],[-72.526302000366698,43.858545000151842],[-72.526354000245234,43.858560999792331],[-72.52646600039823,43.858594999904724],[-72.526646000323282,43.858650000102664],[-72.526784000415546,43.858692999739247],[-72.52686300005827,43.85871700011036],[-72.527305999749061,43.858851999993867],[-72.527874999836527,43.859025999896623],[-72.529424999740158,43.859499999713933],[-72.531382000247859,43.860096000271888],[-72.535487999985591,43.86134300001175],[-72.53848900005859,43.862251999710274],[-72.540422000276862,43.862837000311394],[-72.542715000345225,43.863527000135363],[-72.543311000196894,43.86371400015868],[-72.543719999552494,43.863838000273262],[-72.544312999929446,43.864021999947042],[-72.544718999810286,43.864141000042572],[-72.545774000144576,43.864465000214622],[-72.548345000047306,43.865271999782266],[-72.551748999628145,43.866343000072774],[-72.553480000180031,43.866906000296602],[-72.556830000232523,43.867939000015973],[-72.564348999771909,43.870215000297158],[-72.569559000247722,43.871878000290444],[-72.569673000050543,43.871904000284459],[-72.569796999899097,43.871932999890824],[-72.569811000142806,43.871947000075338],[-72.569828999686152,43.871952999968393],[-72.569954000257923,43.87199099970875],[-72.57023499956702,43.872078000301237],[-72.570360000138805,43.872116999833331],[-72.570633999775183,43.872201999854305],[-72.571103000303566,43.872345999742613],[-72.571448999909975,43.872452999726647],[-72.571847000293218,43.87257699979461],[-72.57226400004474,43.87270499969862],[-72.572423999878325,43.872754000019164],[-72.573346000143218,43.873040000306382],[-72.573499000304096,43.873086999993568],[-72.573507999626614,43.873073000076843],[-72.573521999870323,43.873059000156793],[-72.573596000388477,43.873082000069928],[-72.573926000101352,43.873185999819654],[-72.574292999624149,43.873300999698955],[-72.57444300031031,43.873347999827878],[-72.575449000240781,43.873645999948138],[-72.577013000388106,43.874092000086442],[-72.577737000286291,43.874298000094946],[-72.578882000133945,43.874625000236691],[-72.580292000295472,43.875046000086009],[-72.582049999713234,43.875578000308323],[-72.583199999583769,43.875925999748944],[-72.583265999706015,43.875945999781592],[-72.583378999683916,43.875979999692106],[-72.583905999938622,43.876138999816249],[-72.586179999740409,43.876827000191838],[-72.586404000046386,43.876896000074574],[-72.587585999703975,43.877254999817161],[-72.589358000263744,43.877788000167612],[-72.590079999613806,43.878012000143322],[-72.590156999606691,43.878035000087394],[-72.590194000314924,43.878049000133409],[-72.600484999598493,43.881162000051461],[-72.600563000314622,43.881185000074574],[-72.60087100028619,43.88127000011098],[-72.601857999950099,43.881568000111052],[-72.602638999749686,43.881803000157184],[-72.603405000378984,43.882018999698879],[-72.604155000216423,43.882229000247101],[-72.605114000291238,43.882486999796249],[-72.605850999709915,43.88268600011822],[-72.606853000340763,43.882955000102065],[-72.607568000018105,43.883148000095467],[-72.614395000344686,43.88498499969139],[-72.615890999821616,43.885395999781274],[-72.616347999756115,43.885520000108471],[-72.616383999741132,43.885529000163963],[-72.616628999963496,43.885595000097581],[-72.616689000237955,43.885611999892106],[-72.616721000025009,43.885620000288789],[-72.616781000299468,43.885637000076173],[-72.616803999865695,43.885642999885683],[-72.617742000024123,43.885896000044887],[-72.624519000121978,43.887692999784861],[-72.626689999991612,43.888284999730004],[-72.627844999885014,43.888596999756892],[-72.627952000015128,43.888626000303049],[-72.628009999741465,43.888642000285785],[-72.632918000093468,43.889965000253078],[-72.632964000124218,43.889977000294472],[-72.633450000371042,43.890093999923835],[-72.633930999696645,43.890227000175123],[-72.634558000408788,43.890393000018491],[-72.636099999916468,43.890816000214897],[-72.642345999561698,43.892506999912655],[-72.642411999683915,43.892524999852903],[-72.642492999874776,43.892546999844441],[-72.642590999784062,43.892574000058367],[-72.644940999753857,43.893209000025614],[-72.645108999983336,43.893254000306669],[-72.645283999885507,43.893304000075616],[-72.645998999562877,43.893494999881064],[-72.646068000058165,43.893514999842225],[-72.64614800042412,43.893538000274766],[-72.646246000333392,43.893562000209968],[-72.646721999636142,43.893692000014809],[-72.648048000132079,43.894051999686219],[-72.64851099991435,43.894177000267945],[-72.649968999756453,43.894569999760932],[-72.650018999985193,43.894583999805377],[-72.651532000078859,43.894994999690134],[-72.651675000194004,43.895033999758652],[-72.651785999623769,43.895066000160973],[-72.651815999760998,43.895075000068722],[-72.651901999974726,43.895100000164952],[-72.652002000432148,43.89512900013402],[-72.652112000037008,43.895159999705854],[-72.652298999634766,43.895213999694086],[-72.652329999596901,43.895223000226807],[-72.652379999825612,43.895238000248526],[-72.653805999880674,43.895610999962301],[-72.65615300037571,43.89627100016461],[-72.658540999980332,43.896943000104599],[-72.661063000377553,43.897652999785528],[-72.661908999576141,43.897891000070558],[-72.662348999792215,43.898015999714112],[-72.662460000120291,43.898046000288609],[-72.662490000257534,43.898054999745973],[-72.662573999923112,43.898077999719582],[-72.663840000144589,43.898434999831395],[-72.664947000357429,43.898745999692842],[-72.665985000074969,43.899044000298495],[-72.665999000318664,43.899042000164727],[-72.667100999610312,43.899352000030454],[-72.66769300016233,43.899518999742241],[-72.669268000180296,43.89996200023171],[-72.670394999586293,43.900278000115492],[-72.670648000204579,43.900350000157545],[-72.670869999962449,43.900412000321808],[-72.673235000000844,43.9010769999025],[-72.674004000104873,43.901294000134214],[-72.675949999843596,43.901840999931906],[-72.679915999839238,43.902956000012146],[-72.685584000074442,43.904549999932769],[-72.689457000183651,43.905639000259427],[-72.701108000298348,43.90891599980116],[-72.701977999786408,43.909169000113522],[-72.702070999672813,43.909195999909436],[-72.702838000127031,43.90940200020205],[-72.703690999896622,43.909645000208734],[-72.707538000066592,43.910739999739782],[-72.709306000428398,43.911242999728628],[-72.712284000036902,43.907962999759505],[-72.713700000046217,43.908347000321413],[-72.7151570000634,43.908741999939323],[-72.715598000104364,43.908861000041149],[-72.716527999866884,43.909113000042424],[-72.722838999809412,43.910821000188541],[-72.728942000237808,43.912474000198984],[-72.735411000364095,43.914225000005445],[-72.739199999909417,43.91525100001931],[-72.741076000226258,43.915759000286513],[-72.743272000210254,43.916354000095076],[-72.74415799959182,43.916594000226397],[-72.744446000370218,43.916679000202535],[-72.745192999834629,43.91687399980318],[-72.746849000043454,43.917322000009328],[-72.748287999618981,43.917707999873791],[-72.750793000297776,43.918389999860537],[-72.751364000035096,43.918544999767427],[-72.754708000239788,43.919450000221197],[-72.755167999649018,43.919574999891914],[-72.755234999596155,43.919593000060999],[-72.75674900041308,43.920002999705389],[-72.766854999748716,43.922739000167859],[-72.773501000325325,43.924538000220267],[-72.768900999944876,43.931612999849378],[-72.775144000115361,43.933656999910866],[-72.77107799966231,43.939064000041931],[-72.772095000361745,43.939415999951272],[-72.774056999994016,43.940050000238834],[-72.780095999950007,43.942049999847136],[-72.780583999846627,43.942211000131834],[-72.788700999785817,43.944897999983922],[-72.789958999611386,43.945315000045909],[-72.787432000089595,43.948981000248622],[-72.785220000212078,43.952191000238145],[-72.789783999709201,43.953428000055602],[-72.791774999653768,43.953967000219031],[-72.791639000109654,43.954166000250716],[-72.787893000222041,43.959628000219162],[-72.787304999867999,43.960485000018885],[-72.787283000126678,43.960478000312015],[-72.787016000162978,43.960846999807679],[-72.791043000257986,43.962243999882858],[-72.791336000160939,43.96185499974419],[-72.796888000045215,43.95446899968541],[-72.801268000317634,43.948640000033542],[-72.801319000371251,43.948571999732032],[-72.801361000204039,43.948515999881892],[-72.801799999696868,43.947933000317427],[-72.801849000100674,43.947867000287076],[-72.801907999651888,43.947788000262214],[-72.803505000309499,43.945662000161569],[-72.803771000448293,43.94527400006244],[-72.803792000364695,43.94524300007199],[-72.806952000446358,43.940626000038122],[-72.806991999731011,43.940565999753417],[-72.807031999913988,43.940507000072003],[-72.809996000177108,43.93608900006145],[-72.811049999788153,43.93637500026523],[-72.811100000016864,43.936389000181094],[-72.816119999623581,43.937748999766583],[-72.816329999685863,43.937805000056855],[-72.817984000244849,43.935256999762871],[-72.819266000359875,43.933281000109751],[-72.819339999979718,43.933194000283343],[-72.819944000227295,43.932254999834946],[-72.821013999731889,43.93059399990365],[-72.821900999836686,43.929218999848487],[-72.821956999913198,43.92913300011093],[-72.822644000001446,43.928073999754815],[-72.82267300031377,43.928028999914034],[-72.823136000096042,43.927314999912397],[-72.823223000134675,43.927181999694589],[-72.82568100005949,43.923390999993032],[-72.825963000091789,43.922957000033257],[-72.826100000359148,43.922745000121409],[-72.82623300042853,43.92253999974762],[-72.826682999792013,43.921846000008827],[-72.828270000403862,43.919373999790935],[-72.831983999606109,43.913598999955219],[-72.832024999613978,43.913535000288199],[-72.832069999819836,43.913463999838946],[-72.8321159998506,43.913392000126329],[-72.832164000429486,43.913317000198191],[-72.83217899959979,43.913295000115056],[-72.832296999600544,43.913109000204919],[-72.832330999935749,43.913057999762721],[-72.832361999897884,43.913009000235661],[-72.832735000166792,43.912430000048481],[-72.832744000387606,43.912414999827931],[-72.837182000386349,43.905512999834009],[-72.837228000417099,43.905441000210878],[-72.838309999617252,43.903759000055906],[-72.847137000109242,43.889892999954007],[-72.84993700034083,43.885494000228334],[-72.850564999979539,43.884522999716452],[-72.852943000436724,43.880845999736195],[-72.853423999762342,43.88009000018824],[-72.853494999907454,43.879979000066179],[-72.853565000227661,43.879869000126263],[-72.855491999699808,43.876837000057826],[-72.855604999677723,43.876658999861888],[-72.856624000027011,43.875057000072992],[-72.856655999814038,43.875005000234474],[-72.856686999776201,43.874954999998316],[-72.8571529999315,43.874206000323774],[-72.857870999981913,43.873095999984535],[-72.857881999852566,43.873076000290538],[-72.857931000256372,43.873001000083114],[-72.85935999978615,43.870753000271279],[-72.859420000060609,43.870658999768906],[-72.859478999611852,43.870567000208354],[-72.861274999562767,43.867740000308657],[-72.86189800007692,43.866794000265109],[-72.862308999980655,43.866169000151942],[-72.865283000289494,43.861655999978247],[-72.873541999620599,43.863889000130591],[-72.87417600000542,43.864060000210159],[-72.875085999676429,43.866891000264154],[-72.875344000317611,43.867696000127459],[-72.874482000327163,43.872369999798117],[-72.874924000193033,43.880691000075331],[-72.874936999713512,43.880894000113337],[-72.874950999957207,43.881104000094588],[-72.875084000026618,43.883580000297144],[-72.875335000096769,43.885695999795594],[-72.875357999662981,43.886007000149192],[-72.875393999647997,43.886504000278819],[-72.875410000439842,43.886734000204093],[-72.875423999785227,43.886932000312292],[-72.876551999914454,43.902711999877212],[-72.876556000112402,43.902765000132106],[-72.886944000378676,43.898830999915539],[-72.896683000191487,43.895140000297154],[-72.898264999882159,43.894540000024485],[-72.899219999759026,43.894178999917777],[-72.899567999913572,43.894047000227168],[-72.899921999915904,43.893911999784883],[-72.899988000038135,43.893887999990731],[-72.901764999722474,43.89321400020237],[-72.902793000292576,43.89282400004307],[-72.906341999638386,43.891609999774587],[-72.911059000194712,43.889994999704612],[-72.912419999952419,43.889529999710255],[-72.912462999610128,43.889515000192979],[-72.914825999998712,43.888706000173748],[-72.91486899965642,43.88869099980154],[-72.922127999803124,43.886205999719238],[-72.924117999922785,43.885525000283366],[-72.924697999880919,43.885323999786081],[-72.92473200021611,43.885321999838936],[-72.924752000307606,43.885306000259256],[-72.927627999808834,43.88431399979936],[-72.928678000120257,43.883914999981585],[-72.932314000403011,43.882533000105468],[-72.933332999853974,43.88214599969033],[-72.937134999818085,43.880700000212883],[-72.942409999692899,43.878693999752322],[-72.945419999986754,43.877549999837321],[-72.946363999992968,43.877226000210442],[-72.946375999688541,43.877221999772374],[-72.94660699966721,43.877142000019582],[-72.951224999591005,43.8755569996909],[-72.951458999942744,43.875472999737497],[-72.952330999978912,43.875162999902081],[-72.952392000078291,43.875140999965232],[-72.952701999699684,43.87503100015941],[-72.953188999771399,43.874858000171663],[-72.954290999961358,43.87519999971861],[-72.954465000038638,43.875249999749208],[-72.96326400004321,43.877783999767267],[-72.968594999994536,43.879334000112571],[-72.969153000211378,43.879491000209157],[-72.969676000268095,43.879637999850353],[-72.969855000368241,43.879713000122187],[-72.974042000296819,43.881437999742424],[-72.980149999849758,43.882924000004579],[-72.980150999674677,43.882584999849193],[-72.98015800024568,43.882051999676783],[-72.9801590000706,43.880677999730388],[-72.9801590000706,43.8805869998262],[-72.98017599978904,43.876322999723513],[-72.98020500010135,43.874524999732287],[-72.980246000109233,43.871974999786971],[-72.980230000215712,43.86396600016274],[-72.972894000076096,43.866767999984823],[-72.97185499963534,43.863532000212892],[-72.971777999642441,43.863295999982512],[-72.969646999955785,43.856822000099271],[-72.968990000004752,43.854826000075491],[-72.965510000255932,43.844592999906936],[-72.964271999623534,43.840493000282748],[-72.964261999577801,43.840462000127978],[-72.964179999562035,43.840188000044947],[-72.96408300037595,43.83988000025132],[-72.964050999690585,43.839798999858523],[-72.961329000175141,43.83111800023849],[-72.959744000111414,43.826077000116555],[-72.958815999998734,43.826435000008352],[-72.952915000135022,43.828716999730538],[-72.946697999903805,43.831066000307452],[-72.94370600005162,43.832209000096029],[-72.937517000307807,43.834571999854269],[-72.928471000431031,43.837951000188333],[-72.928310999699136,43.838050999842899],[-72.927231999973714,43.838723999878056],[-72.917430000411699,43.842115000250587],[-72.910377999954221,43.844553999860921],[-72.900834000135063,43.848205999709663],[-72.900286999788889,43.848401999677144],[-72.899191000345027,43.848796000148774],[-72.892863999610654,43.85106299981868],[-72.891474000438919,43.851564000111438],[-72.886460999606584,43.853473000075645],[-72.883950999803261,43.854419999848687],[-72.877968999748674,43.856723999780634],[-72.876961999993284,43.857111000120788],[-72.874498000220669,43.858059999984356],[-72.874488000174935,43.857804999943333],[-72.874477000304282,43.857509999995877],[-72.874309999899708,43.853080999787544],[-72.8738100003075,43.83979200020341],[-72.873871000406879,43.839628000180049],[-72.871092999916613,43.838872000059474],[-72.868455999891651,43.838154000005211],[-72.866339000448704,43.837577999758636],[-72.86136099977648,43.836221999742371],[-72.851974000316162,43.833381000241083],[-72.850041999922809,43.83279599968845],[-72.849834000408663,43.832733999788935],[-72.838340999579401,43.829254000286966],[-72.835845000019745,43.832463000172382],[-72.83304300013836,43.836067000023512],[-72.830664999681176,43.839119999680634],[-72.82780800044651,43.838200000190106],[-72.825382000308736,43.837417999999289],[-72.822387000083509,43.836451000162107],[-72.816025000087336,43.834654999918492],[-72.806257999787093,43.831901999839026],[-72.802922999803229,43.830912000071486],[-72.801448000242686,43.83047400029146],[-72.800418000022759,43.830168000109133],[-72.80019700008981,43.83010500014371],[-72.799510999826467,43.829910000261243],[-72.796924000030216,43.829157999923062],[-72.796902000288924,43.828217999947874],[-72.796530999669827,43.827344999680641],[-72.796457999874889,43.827238999727676],[-72.796142000405723,43.826774000008591],[-72.795948000236962,43.826490000051315],[-72.795935999643078,43.826470000277205],[-72.795579000166015,43.82589600001667],[-72.795410000111616,43.825625999814392],[-72.794536000425609,43.824958999912788],[-72.794287000005269,43.824815000288972],[-72.793560999558949,43.8243950002663],[-72.792343999741263,43.824192000308599],[-72.791173999779261,43.824136000064726],[-72.791064999999307,43.824097000257346],[-72.790532999721734,43.823332000030604],[-72.79050599995756,43.823293999740038],[-72.791290999955109,43.82259399988515],[-72.791439999918026,43.822558999936177],[-72.791668000421964,43.822506000270714],[-72.792435999802763,43.822325999771621],[-72.79252299984141,43.822305999898646],[-72.792715000360346,43.822266000132721],[-72.792942999965959,43.822217999859753],[-72.793724999590481,43.822053000085234],[-72.794291000203216,43.821237000247059],[-72.794260000241081,43.820692000122548],[-72.794237999601449,43.820313000157206],[-72.793805999781327,43.819432000096114],[-72.793134999586599,43.818640999849173],[-72.792657999560618,43.817749999695309],[-72.792116999960541,43.816501000228548],[-72.792055999861176,43.81646800026153],[-72.791095999961442,43.815948999795474],[-72.79045900010189,43.815956000302606],[-72.78992199980145,43.815961999995849],[-72.789786000257337,43.815963000160757],[-72.789016000328402,43.816014000120937],[-72.788796000220373,43.816036999999739],[-72.788531999731418,43.816053000022954],[-72.78730599969289,43.815746000288094],[-72.786215000271909,43.815227000028848],[-72.785255000372175,43.814527000230555],[-72.784594000223194,43.813987000132073],[-72.784574999956618,43.81396500031024],[-72.784401999704244,43.813831999711994],[-72.78440400025238,43.813652999842986],[-72.784364999894322,43.81349399967592],[-72.784350999650641,43.813261999997671],[-72.784363000244511,43.812997000125854],[-72.784400000054418,43.812823999707248],[-72.784411999750006,43.812764999813325],[-72.78446700000157,43.812002000054449],[-72.784349999825722,43.811083999849622],[-72.784388000358859,43.81096000025989],[-72.784509999659278,43.810551999834473],[-72.784616999789407,43.810197999742897],[-72.78549399984847,43.809558999764889],[-72.786763000443003,43.809416000223557],[-72.787847000191292,43.808959000078438],[-72.788299999927816,43.808477000206388],[-72.78855299964782,43.808207000318781],[-72.788696999587856,43.807298999988262],[-72.788300999752735,43.806443000148477],[-72.7875099999074,43.805705999696677],[-72.786426999984016,43.805258000196574],[-72.785237999755424,43.804942000172318],[-72.783953999990601,43.804603000037837],[-72.783605999836055,43.80441400004559],[-72.782972000349559,43.804070999997101],[-72.782855999998603,43.804007000004447],[-72.783021999679946,43.803732000106528],[-72.787915999788254,43.795623000157001],[-72.789951999938694,43.79224200000062],[-72.792892999737248,43.787412000178783],[-72.794111000278164,43.785422000148202],[-72.796971999710792,43.780745000043638],[-72.798103000213061,43.778942999834939],[-72.798162999589195,43.778851999701857],[-72.79821399964284,43.778772000311569],[-72.798264999696471,43.778693000305921],[-72.800469000076362,43.775298999856517],[-72.800562999787715,43.775169000041039],[-72.800618999864213,43.775079000202808],[-72.802425999685767,43.77228199987146],[-72.804030000016056,43.769807000249436],[-72.808278999868904,43.763254999983303],[-72.811777999884299,43.757859000301103],[-72.812434000010441,43.75684500027625],[-72.812679000232805,43.756471000091167],[-72.819262000161913,43.746312999913407],[-72.818139000055552,43.745915999846702],[-72.80639000003157,43.741830999799923],[-72.803927999908808,43.740972999903015],[-72.808133000279042,43.734646000159842],[-72.809190000263158,43.733062000182905],[-72.811125000131227,43.730168999895156],[-72.812495000109791,43.728103000148408],[-72.812551000186289,43.728020999723732],[-72.812629000004094,43.727904000269199],[-72.814189999778364,43.725547999959709],[-72.819915999739891,43.716801999802897],[-72.819985000235192,43.716696999700332],[-72.819954000273043,43.716688000146739],[-72.801131999875182,43.711657999786439],[-72.770680000177364,43.703517999713952],[-72.746869000134936,43.697157000262521],[-72.727626999612525,43.692015000321128],[-72.721647000106088,43.690421999891996],[-72.721549000196802,43.690396000101245],[-72.721498999968077,43.690376999922258],[-72.719971999630687,43.689969000301474],[-72.700253999805511,43.684698999894962],[-72.699909000024022,43.684607000251681],[-72.699795000221201,43.68457700018218],[-72.699923000267717,43.684349999971026],[-72.702926999815475,43.679024999749728],[-72.713464999869572,43.660749000171947],[-72.713593999740993,43.660524999993541],[-72.713829999742543,43.660115999948793],[-72.714510000158128,43.658934999728416],[-72.718460000260222,43.652088000092839],[-72.718634000337488,43.65178200002449],[-72.721145999790679,43.647390000052688],[-72.722993999620115,43.64416100030148],[-72.723197000009691,43.643805999886098],[-72.723523000422944,43.64323700025556],[-72.723534000293597,43.643217000291607],[-72.723628999829828,43.643052000009874],[-72.724209999612867,43.642035000088192],[-72.727563999863321,43.636173000123399],[-72.72872600032774,43.634069999696898],[-72.730440000262874,43.630848999960151],[-72.730497000164291,43.630750000272755],[-72.733371999840614,43.62628500012125],[-72.739973000211393,43.616043999828541],[-72.744700999740033,43.608668000017346],[-72.748659000238064,43.602496000051417],[-72.748771000391059,43.60231999974156],[-72.748910000308243,43.602104000254286],[-72.749034000156797,43.601912999898964],[-72.749870000207963,43.60060700022256],[-72.751538999937267,43.598005000093181],[-72.752190000040514,43.596892000000281],[-72.753616000095576,43.594546999900231],[-72.753684999692553,43.594433000177943],[-72.753867999990661,43.594131999770561],[-72.757947999789096,43.587423999935879],[-72.77150000033501,43.591090000102042],[-72.772332000188214,43.586373000262256],[-72.773488999731455,43.579817000301915],[-72.774343000224292,43.576166999885842],[-72.777366999863531,43.563243000122789],[-72.777940000148973,43.560788999858602],[-72.779262000446948,43.555142999973015],[-72.780399999723613,43.550287999987113],[-72.781234999949874,43.546699999998651],[-72.781884000403295,43.543933000063547],[-72.783342000245412,43.534931999812287],[-72.783764999844706,43.532347999727101],[-72.784040000204328,43.530670999881082],[-72.784149999809159,43.529995000004206],[-72.784816999805969,43.525921000264752],[-72.785002999578793,43.524785999803221],[-72.78505399963241,43.52449099997142],[-72.78629999976242,43.516921999690815],[-72.787776999871099,43.507900000013379],[-72.788890999756617,43.501021000087057],[-72.789079999902512,43.499843999811183],[-72.789233999888282,43.498906999845318],[-72.789577000019975,43.496771999813632],[-72.789885999816434,43.494819999746746],[-72.789930000197387,43.494546000233022],[-72.784985999860353,43.49382600007096],[-72.783641999821057,43.493630000021149],[-72.77697199985333,43.492656000153701],[-72.773688999747975,43.492176000097302],[-72.769140000319496,43.491510999845374],[-72.7701470000749,43.485791000239495],[-72.770202000326464,43.485463000254413],[-72.770285000167135,43.484992000123704],[-72.770521000168685,43.483647999832172],[-72.771370999565264,43.478799999723421],[-72.771410999748227,43.478570000168837],[-72.769078000395197,43.478101000280169],[-72.761069000411041,43.476325999744084],[-72.760993000243062,43.476308000297927],[-72.760912999877121,43.47629200013386],[-72.754248999757152,43.474938999981333],[-72.754027999824217,43.474894000322955],[-72.752729999815685,43.474605999760357],[-72.752498999837002,43.474554999864004],[-72.752206999758954,43.474488999934209],[-72.749805999735557,43.47395099977377],[-72.749172000249061,43.473808999720106],[-72.748989999775858,43.473767999918024],[-72.748875000148132,43.473743000279384],[-72.748896999889453,43.473771999963503],[-72.745351000018374,43.472946999964954],[-72.724223000031671,43.468173999881614],[-72.726877999599992,43.462168000219968],[-72.727054000225394,43.461770999691765],[-72.727367000219843,43.461061999933307],[-72.724792999944057,43.460532000114632],[-72.724309000245398,43.460430000000251],[-72.723727999564034,43.460316000167431],[-72.722562999624884,43.460076000262866],[-72.727311000143331,43.447181000095675],[-72.731187999552191,43.436709999826938],[-72.731656000255654,43.435422999836682],[-72.731794000347932,43.43505799984257],[-72.731932000440182,43.434675000155202],[-72.732012999732717,43.434459999840712],[-72.732118000213021,43.434184999917932],[-72.734951000056554,43.426456000149386],[-72.738403000216309,43.417035999964526],[-72.738580999593211,43.416700000315693],[-72.738949999664158,43.41597500030116],[-72.747228999985055,43.400001999959493],[-72.752052999773184,43.390780999800818],[-72.75258900024869,43.389761999868192],[-72.753355999804583,43.38830599968172],[-72.755221000250785,43.384717000235064],[-72.758684000281164,43.378255000239839],[-72.758689000304031,43.378246000288819],[-72.762355999650609,43.371413999817129],[-72.761097999825054,43.365336000198923],[-72.760865000196546,43.364205999929389],[-72.760445999896888,43.362175999803668],[-72.760255000101168,43.361312999792624],[-72.759388000087867,43.357383000178977],[-72.75867099986236,43.354127000175474],[-72.758490000112417,43.353306999890442],[-72.759626999564148,43.353767000267631],[-72.771100000301914,43.358622999931633],[-72.773719999710124,43.359728999899154],[-72.783618000429925,43.363914999817119],[-72.787271000431119,43.365532000139027],[-72.791799999768131,43.367533999781102],[-72.793045999898126,43.368083999702883],[-72.800596000297986,43.371421999731751],[-72.821561000078063,43.380452000192307],[-72.821932999623741,43.380611000310125],[-72.821935999996796,43.380437999977175],[-72.821955000263372,43.378725999948443],[-72.82198200002756,43.375709999969082],[-72.825893999596502,43.375785000262859],[-72.845264000165443,43.376145999786878],[-72.848558999966343,43.376207999973609],[-72.852384000394963,43.376278999688338],[-72.852634999566845,43.373470999691115],[-72.852848000002155,43.371103000113017],[-72.853515999823856,43.363727000153702],[-72.853764000419289,43.360697999807137],[-72.854520999929434,43.351462999801058],[-72.854700000029581,43.349277000006971],[-72.864133000418974,43.348745999714367],[-72.864971999944871,43.348699000024446],[-72.865101999641226,43.347018000320986],[-72.865557999750791,43.341160999875243],[-72.865650999637211,43.339949999843689],[-72.865927999646658,43.336369000306377],[-72.867124000446253,43.320981000087862],[-72.867680999939864,43.313534999685061],[-72.867778999849151,43.312237000000849],[-72.868089000368855,43.30808700019054],[-72.868138999699255,43.307417000117226],[-72.868561000371969,43.301699999729131],[-72.868629000144026,43.300773999990042],[-72.868646999687371,43.300528999920765],[-72.866027000279161,43.300479000052214],[-72.862396999844194,43.300401000044339],[-72.859912000155205,43.300366999674331],[-72.848986999588504,43.300163000323842],[-72.844762000025113,43.300051000017589],[-72.844649999872132,43.300047000259674],[-72.840631999997953,43.299936000008003],[-72.831258999883005,43.299680999722554],[-72.830981999873586,43.299673999776523],[-72.830560999924103,43.299661999773846],[-72.819894999823489,43.29937199975096],[-72.819914000090066,43.298387000211925],[-72.820030000441022,43.291824000187447],[-72.820018999672058,43.290808000114865],[-72.82000500032666,43.289593999912505],[-72.819909000067213,43.281351999811967],[-72.819899000021465,43.280356000121863],[-72.819825000401622,43.273927000021985],[-72.819726999594025,43.265499000148104],[-72.819724000119265,43.264987999993586],[-72.819618999638976,43.256006000165591],[-72.819372999591678,43.255940000171584],[-72.815640999947775,43.254970999756814],[-72.806698000003166,43.252646999680891],[-72.800412000174973,43.251010999868157],[-72.799319000205855,43.250727000101755],[-72.795434000401059,43.249720000152664],[-72.78929599981258,43.248123999907065],[-72.789217000169856,43.248105000213094],[-72.789113000412783,43.248077000240066],[-72.788274999813467,43.247860000012437],[-72.786047999867336,43.24730799968799],[-72.785970000049531,43.247287999914271],[-72.758522999724377,43.240129999772343],[-72.756828999880696,43.239687999914231],[-72.755812999904478,43.239448000315164],[-72.755200000334384,43.239303000276557],[-72.751974999955365,43.238540000029701],[-72.750707000084049,43.23824000012992],[-72.749368000067633,43.237916999893223],[-72.730241999896151,43.233299000099926],[-72.730211999758936,43.233291000315056],[-72.726961000338974,43.232503999738228],[-72.716137999879535,43.229888999737732],[-72.709959000181485,43.228400999957678],[-72.704824000048717,43.227169999755212],[-72.699334000088754,43.225840999949398],[-72.688094999702713,43.22320300030524],[-72.687975000052106,43.2231750000159],[-72.687816000043455,43.223137999683914],[-72.687221999841611,43.222997999923003],[-72.6869320003117,43.222929999717408],[-72.686076000169038,43.222728999984994],[-72.685805999832297,43.222665999971547],[-72.685750999580719,43.222653000262],[-72.685523999799983,43.222599999856492],[-72.685440000134406,43.22257999982736],[-72.685420999867816,43.22257999982736],[-72.685405999799215,43.22257999982736],[-72.684778999985411,43.222585999902229],[-72.68445799959504,43.222588999939468],[-72.683836999629023,43.222595000013449],[-72.683609000023395,43.222596999819793],[-72.677200999996472,43.222656999870814],[-72.676316000439812,43.22266499974225],[-72.676279999556485,43.223369000026665],[-72.676242999746577,43.224083000134357],[-72.673343999780784,43.224341999935554],[-72.664477000004155,43.225121999849719],[-72.660761000253771,43.225466999938952],[-72.652157000242852,43.226265000308295],[-72.642819000288,43.227107999905762],[-72.640231999593453,43.22734200006321],[-72.639591000434265,43.227399999722707],[-72.639184999655086,43.227437000086105],[-72.636079999824986,43.22772199992108],[-72.625422000120295,43.228700999859903],[-72.615341999825617,43.229626000135688],[-72.615295999794867,43.229631000056557],[-72.611205000125764,43.230003999936258],[-72.606403000078956,43.230441000151927],[-72.602920999782,43.230759000262324],[-72.599687000080465,43.231068999946054],[-72.587818000405875,43.232203000155671],[-72.579241999984063,43.233023000043119],[-72.574290000149432,43.233497000167411],[-72.560217000094923,43.234842999785371],[-72.559956999803916,43.234867999863674],[-72.555482999820185,43.235295999692056],[-72.552966000344142,43.235534999919821],[-72.550209999595182,43.235796000173934],[-72.549910999844428,43.235824999914996],[-72.549233999801913,43.235888000072244],[-72.549142999565319,43.235897000182909]]]},"properties":{"NAME":"Windsor County","BASENAME":"Windsor","GEOID":"50027","STATE":"50","COUNTY":"027"}}]}