state,county,municipality,ward,source_level,ballots_cast,registered_voters,registration_denominator_timing,denominator_type,coverage_status,warning_required,source_url,notes
WI,Milwaukee,City of Milwaukee,Ward 1,ward,1254,1486,preElectionDay,registered_voters,local_partial,true,https://city.milwaukee.gov/ImageLibrary/Groups/electionAuthors/Election-Results/2024/2024-November-4-General-Election-WardbyWard-Reults.pdf,Official City of Milwaukee ward-by-ward report. Registered voter counts are treated as pre-Election-Day unless a final-denominator source is found.
WI,Milwaukee,City of Milwaukee,Ward 2,ward,436,540,preElectionDay,registered_voters,local_partial,true,https://city.milwaukee.gov/ImageLibrary/Groups/electionAuthors/Election-Results/2024/2024-November-4-General-Election-WardbyWard-Reults.pdf,Official City of Milwaukee ward-by-ward report. Registered voter counts are treated as pre-Election-Day unless a final-denominator source is found.
WI,Milwaukee,City of Milwaukee,Ward 3,ward,803,1032,preElectionDay,registered_voters,local_partial,true,https://city.milwaukee.gov/ImageLibrary/Groups/electionAuthors/Election-Results/2024/2024-November-4-General-Election-WardbyWard-Reults.pdf,Official City of Milwaukee ward-by-ward report. Registered voter counts are treated as pre-Election-Day unless a final-denominator source is found.
WI,Milwaukee,City of Milwaukee,Ward 4,ward,1383,1700,preElectionDay,registered_voters,local_partial,true,https://city.milwaukee.gov/ImageLibrary/Groups/electionAuthors/Election-Results/2024/2024-November-4-General-Election-WardbyWard-Reults.pdf,Official City of Milwaukee ward-by-ward report. Registered voter counts are treated as pre-Election-Day unless a final-denominator source is found.
WI,Milwaukee,City of Milwaukee,Ward 5,ward,761,884,preElectionDay,registered_voters,local_partial,true,https://city.milwaukee.gov/ImageLibrary/Groups/electionAuthors/Election-Results/2024/2024-November-4-General-Election-WardbyWard-Reults.pdf,Official City of Milwaukee ward-by-ward report. Registered voter counts are treated as pre-Election-Day unless a final-denominator source is found.
WI,Milwaukee,City of Milwaukee,Ward 6,ward,1206,1345,preElectionDay,registered_voters,local_partial,true,https://city.milwaukee.gov/ImageLibrary/Groups/electionAuthors/Election-Results/2024/2024-November-4-General-Election-WardbyWard-Reults.pdf,Official City of Milwaukee ward-by-ward report. Registered voter counts are treated as pre-Election-Day unless a final-denominator source is found.
WI,Milwaukee,City of Milwaukee,Ward 7,ward,583,665,preElectionDay,registered_voters,local_partial,true,https://city.milwaukee.gov/ImageLibrary/Groups/electionAuthors/Election-Results/2024/2024-November-4-General-Election-WardbyWard-Reults.pdf,Official City of Milwaukee ward-by-ward report. Registered voter counts are treated as pre-Election-Day unless a final-denominator source is found.
WI,Milwaukee,City of Milwaukee,Ward 8,ward,1290,1422,preElectionDay,registered_voters,local_partial,true,https://city.milwaukee.gov/ImageLibrary/Groups/electionAuthors/Election-Results/2024/2024-November-4-General-Election-WardbyWard-Reults.pdf,Official City of Milwaukee ward-by-ward report. Registered voter counts are treated as pre-Election-Day unless a final-denominator source is found.
WI,Milwaukee,City of Milwaukee,Ward 9,ward,728,806,preElectionDay,registered_voters,local_partial,true,https://city.milwaukee.gov/ImageLibrary/Groups/electionAuthors/Election-Results/2024/2024-November-4-General-Election-WardbyWard-Reults.pdf,Official City of Milwaukee ward-by-ward report. Registered voter counts are treated as pre-Election-Day unless a final-denominator source is found.
WI,Milwaukee,City of Milwaukee,Ward 10,ward,1199,1352,preElectionDay,registered_voters,local_partial,true,https://city.milwaukee.gov/ImageLibrary/Groups/electionAuthors/Election-Results/2024/2024-November-4-General-Election-WardbyWard-Reults.pdf,Official City of Milwaukee ward-by-ward report. Registered voter counts are treated as pre-Election-Day unless a final-denominator source is found.
WI,Milwaukee,City of Milwaukee,Ward 11,ward,1051,1185,preElectionDay,registered_voters,local_partial,true,https://city.milwaukee.gov/ImageLibrary/Groups/electionAuthors/Election-Results/2024/2024-November-4-General-Election-WardbyWard-Reults.pdf,Official City of Milwaukee ward-by-ward report. Registered voter counts are treated as pre-Election-Day unless a final-denominator source is found.
WI,Milwaukee,City of Milwaukee,Ward 12,ward,758,973,preElectionDay,registered_voters,local_partial,true,https://city.milwaukee.gov/ImageLibrary/Groups/electionAuthors/Election-Results/2024/2024-November-4-General-Election-WardbyWard-Reults.pdf,Official City of Milwaukee ward-by-ward report. Registered voter counts are treated as pre-Election-Day unless a final-denominator source is found.
WI,Milwaukee,City of Milwaukee,Ward 13,ward,508,583,preElectionDay,registered_voters,local_partial,true,https://city.milwaukee.gov/ImageLibrary/Groups/electionAuthors/Election-Results/2024/2024-November-4-General-Election-WardbyWard-Reults.pdf,Official City of Milwaukee ward-by-ward report. Registered voter counts are treated as pre-Election-Day unless a final-denominator source is found.
WI,Milwaukee,City of Milwaukee,Ward 14,ward,923,1119,preElectionDay,registered_voters,local_partial,true,https://city.milwaukee.gov/ImageLibrary/Groups/electionAuthors/Election-Results/2024/2024-November-4-General-Election-WardbyWard-Reults.pdf,Official City of Milwaukee ward-by-ward report. Registered voter counts are treated as pre-Election-Day unless a final-denominator source is found.
WI,Milwaukee,City of Milwaukee,Ward 15,ward,774,852,preElectionDay,registered_voters,local_partial,true,https://city.milwaukee.gov/ImageLibrary/Groups/electionAuthors/Election-Results/2024/2024-November-4-General-Election-WardbyWard-Reults.pdf,Official City of Milwaukee ward-by-ward report. Registered voter counts are treated as pre-Election-Day unless a final-denominator source is found.
WI,Milwaukee,City of Milwaukee,Ward 16,ward,1340,1589,preElectionDay,registered_voters,local_partial,true,https://city.milwaukee.gov/ImageLibrary/Groups/electionAuthors/Election-Results/2024/2024-November-4-General-Election-WardbyWard-Reults.pdf,Official City of Milwaukee ward-by-ward report. Registered voter counts are treated as pre-Election-Day unless a final-denominator source is found.
WI,Milwaukee,City of Milwaukee,Ward 17,ward,588,687,preElectionDay,registered_voters,local_partial,true,https://city.milwaukee.gov/ImageLibrary/Groups/electionAuthors/Election-Results/2024/2024-November-4-General-Election-WardbyWard-Reults.pdf,Official City of Milwaukee ward-by-ward report. Registered voter counts are treated as pre-Election-Day unless a final-denominator source is found.
WI,Milwaukee,City of Milwaukee,Ward 18,ward,847,961,preElectionDay,registered_voters,local_partial,true,https://city.milwaukee.gov/ImageLibrary/Groups/electionAuthors/Election-Results/2024/2024-November-4-General-Election-WardbyWard-Reults.pdf,Official City of Milwaukee ward-by-ward report. Registered voter counts are treated as pre-Election-Day unless a final-denominator source is found.
WI,Milwaukee,City of Milwaukee,Ward 19,ward,669,820,preElectionDay,registered_voters,local_partial,true,https://city.milwaukee.gov/ImageLibrary/Groups/electionAuthors/Election-Results/2024/2024-November-4-General-Election-WardbyWard-Reults.pdf,Official City of Milwaukee ward-by-ward report. Registered voter counts are treated as pre-Election-Day unless a final-denominator source is found.
WI,Milwaukee,City of Milwaukee,Ward 20,ward,929,1136,preElectionDay,registered_voters,local_partial,true,https://city.milwaukee.gov/ImageLibrary/Groups/electionAuthors/Election-Results/2024/2024-November-4-General-Election-WardbyWard-Reults.pdf,Official City of Milwaukee ward-by-ward report. Registered voter counts are treated as pre-Election-Day unless a final-denominator source is found.
WI,Milwaukee,City of Milwaukee,Ward 21,ward,452,537,preElectionDay,registered_voters,local_partial,true,https://city.milwaukee.gov/ImageLibrary/Groups/electionAuthors/Election-Results/2024/2024-November-4-General-Election-WardbyWard-Reults.pdf,Official City of Milwaukee ward-by-ward report. Registered voter counts are treated as pre-Election-Day unless a final-denominator source is found.
WI,Milwaukee,City of Milwaukee,Ward 22,ward,691,873,preElectionDay,registered_voters,local_partial,true,https://city.milwaukee.gov/ImageLibrary/Groups/electionAuthors/Election-Results/2024/2024-November-4-General-Election-WardbyWard-Reults.pdf,Official City of Milwaukee ward-by-ward report. Registered voter counts are treated as pre-Election-Day unless a final-denominator source is found.
WI,Milwaukee,City of Milwaukee,Ward 23,ward,545,675,preElectionDay,registered_voters,local_partial,true,https://city.milwaukee.gov/ImageLibrary/Groups/electionAuthors/Election-Results/2024/2024-November-4-General-Election-WardbyWard-Reults.pdf,Official City of Milwaukee ward-by-ward report. Registered voter counts are treated as pre-Election-Day unless a final-denominator source is found.
WI,Milwaukee,City of Milwaukee,Ward 24,ward,218,350,preElectionDay,registered_voters,local_partial,true,https://city.milwaukee.gov/ImageLibrary/Groups/electionAuthors/Election-Results/2024/2024-November-4-General-Election-WardbyWard-Reults.pdf,Official City of Milwaukee ward-by-ward report. Registered voter counts are treated as pre-Election-Day unless a final-denominator source is found.
WI,Milwaukee,City of Milwaukee,Ward 25,ward,602,821,preElectionDay,registered_voters,local_partial,true,https://city.milwaukee.gov/ImageLibrary/Groups/electionAuthors/Election-Results/2024/2024-November-4-General-Election-WardbyWard-Reults.pdf,Official City of Milwaukee ward-by-ward report. Registered voter counts are treated as pre-Election-Day unless a final-denominator source is found.
WI,Milwaukee,City of Milwaukee,Ward 26,ward,388,494,preElectionDay,registered_voters,local_partial,true,https://city.milwaukee.gov/ImageLibrary/Groups/electionAuthors/Election-Results/2024/2024-November-4-General-Election-WardbyWard-Reults.pdf,Official City of Milwaukee ward-by-ward report. Registered voter counts are treated as pre-Election-Day unless a final-denominator source is found.
WI,Milwaukee,City of Milwaukee,Ward 27,ward,619,745,preElectionDay,registered_voters,local_partial,true,https://city.milwaukee.gov/ImageLibrary/Groups/electionAuthors/Election-Results/2024/2024-November-4-General-Election-WardbyWard-Reults.pdf,Official City of Milwaukee ward-by-ward report. Registered voter counts are treated as pre-Election-Day unless a final-denominator source is found.
WI,Milwaukee,City of Milwaukee,Ward 28,ward,434,550,preElectionDay,registered_voters,local_partial,true,https://city.milwaukee.gov/ImageLibrary/Groups/electionAuthors/Election-Results/2024/2024-November-4-General-Election-WardbyWard-Reults.pdf,Official City of Milwaukee ward-by-ward report. Registered voter counts are treated as pre-Election-Day unless a final-denominator source is found.
WI,Milwaukee,City of Milwaukee,Ward 29,ward,651,746,preElectionDay,registered_voters,local_partial,true,https://city.milwaukee.gov/ImageLibrary/Groups/electionAuthors/Election-Results/2024/2024-November-4-General-Election-WardbyWard-Reults.pdf,Official City of Milwaukee ward-by-ward report. Registered voter counts are treated as pre-Election-Day unless a final-denominator source is found.
WI,Milwaukee,City of Milwaukee,Ward 30,ward,566,681,preElectionDay,registered_voters,local_partial,true,https://city.milwaukee.gov/ImageLibrary/Groups/electionAuthors/Election-Results/2024/2024-November-4-General-Election-WardbyWard-Reults.pdf,Official City of Milwaukee ward-by-ward report. Registered voter counts are treated as pre-Election-Day unless a final-denominator source is found.
WI,Milwaukee,City of Milwaukee,Ward 31,ward,696,901,preElectionDay,registered_voters,local_partial,true,https://city.milwaukee.gov/ImageLibrary/Groups/electionAuthors/Election-Results/2024/2024-November-4-General-Election-WardbyWard-Reults.pdf,Official City of Milwaukee ward-by-ward report. Registered voter counts are treated as pre-Election-Day unless a final-denominator source is found.
WI,Milwaukee,City of Milwaukee,Ward 32,ward,975,1080,preElectionDay,registered_voters,local_partial,true,https://city.milwaukee.gov/ImageLibrary/Groups/electionAuthors/Election-Results/2024/2024-November-4-General-Election-WardbyWard-Reults.pdf,Official City of Milwaukee ward-by-ward report. Registered voter counts are treated as pre-Election-Day unless a final-denominator source is found.
WI,Milwaukee,City of Milwaukee,Ward 33,ward,2060,2280,preElectionDay,registered_voters,local_partial,true,https://city.milwaukee.gov/ImageLibrary/Groups/electionAuthors/Election-Results/2024/2024-November-4-General-Election-WardbyWard-Reults.pdf,Official City of Milwaukee ward-by-ward report. Registered voter counts are treated as pre-Election-Day unless a final-denominator source is found.
WI,Milwaukee,City of Milwaukee,Ward 34,ward,494,625,preElectionDay,registered_voters,local_partial,true,https://city.milwaukee.gov/ImageLibrary/Groups/electionAuthors/Election-Results/2024/2024-November-4-General-Election-WardbyWard-Reults.pdf,Official City of Milwaukee ward-by-ward report. Registered voter counts are treated as pre-Election-Day unless a final-denominator source is found.
WI,Milwaukee,City of Milwaukee,Ward 35,ward,1422,1606,preElectionDay,registered_voters,local_partial,true,https://city.milwaukee.gov/ImageLibrary/Groups/electionAuthors/Election-Results/2024/2024-November-4-General-Election-WardbyWard-Reults.pdf,Official City of Milwaukee ward-by-ward report. Registered voter counts are treated as pre-Election-Day unless a final-denominator source is found.
WI,Milwaukee,City of Milwaukee,Ward 36,ward,697,867,preElectionDay,registered_voters,local_partial,true,https://city.milwaukee.gov/ImageLibrary/Groups/electionAuthors/Election-Results/2024/2024-November-4-General-Election-WardbyWard-Reults.pdf,Official City of Milwaukee ward-by-ward report. Registered voter counts are treated as pre-Election-Day unless a final-denominator source is found.
WI,Milwaukee,City of Milwaukee,Ward 37,ward,687,901,preElectionDay,registered_voters,local_partial,true,https://city.milwaukee.gov/ImageLibrary/Groups/electionAuthors/Election-Results/2024/2024-November-4-General-Election-WardbyWard-Reults.pdf,Official City of Milwaukee ward-by-ward report. Registered voter counts are treated as pre-Election-Day unless a final-denominator source is found.
WI,Milwaukee,City of Milwaukee,Ward 38,ward,456,615,preElectionDay,registered_voters,local_partial,true,https://city.milwaukee.gov/ImageLibrary/Groups/electionAuthors/Election-Results/2024/2024-November-4-General-Election-WardbyWard-Reults.pdf,Official City of Milwaukee ward-by-ward report. Registered voter counts are treated as pre-Election-Day unless a final-denominator source is found.
WI,Milwaukee,City of Milwaukee,Ward 39,ward,745,865,preElectionDay,registered_voters,local_partial,true,https://city.milwaukee.gov/ImageLibrary/Groups/electionAuthors/Election-Results/2024/2024-November-4-General-Election-WardbyWard-Reults.pdf,Official City of Milwaukee ward-by-ward report. Registered voter counts are treated as pre-Election-Day unless a final-denominator source is found.
WI,Milwaukee,City of Milwaukee,Ward 40,ward,628,767,preElectionDay,registered_voters,local_partial,true,https://city.milwaukee.gov/ImageLibrary/Groups/electionAuthors/Election-Results/2024/2024-November-4-General-Election-WardbyWard-Reults.pdf,Official City of Milwaukee ward-by-ward report. Registered voter counts are treated as pre-Election-Day unless a final-denominator source is found.
WI,Milwaukee,City of Milwaukee,Ward 41,ward,883,1028,preElectionDay,registered_voters,local_partial,true,https://city.milwaukee.gov/ImageLibrary/Groups/electionAuthors/Election-Results/2024/2024-November-4-General-Election-WardbyWard-Reults.pdf,Official City of Milwaukee ward-by-ward report. Registered voter counts are treated as pre-Election-Day unless a final-denominator source is found.
WI,Milwaukee,City of Milwaukee,Ward 42,ward,1140,1227,preElectionDay,registered_voters,local_partial,true,https://city.milwaukee.gov/ImageLibrary/Groups/electionAuthors/Election-Results/2024/2024-November-4-General-Election-WardbyWard-Reults.pdf,Official City of Milwaukee ward-by-ward report. Registered voter counts are treated as pre-Election-Day unless a final-denominator source is found.
WI,Milwaukee,City of Milwaukee,Ward 43,ward,878,1086,preElectionDay,registered_voters,local_partial,true,https://city.milwaukee.gov/ImageLibrary/Groups/electionAuthors/Election-Results/2024/2024-November-4-General-Election-WardbyWard-Reults.pdf,Official City of Milwaukee ward-by-ward report. Registered voter counts are treated as pre-Election-Day unless a final-denominator source is found.
WI,Milwaukee,City of Milwaukee,Ward 44,ward,854,1065,preElectionDay,registered_voters,local_partial,true,https://city.milwaukee.gov/ImageLibrary/Groups/electionAuthors/Election-Results/2024/2024-November-4-General-Election-WardbyWard-Reults.pdf,Official City of Milwaukee ward-by-ward report. Registered voter counts are treated as pre-Election-Day unless a final-denominator source is found.
WI,Milwaukee,City of Milwaukee,Ward 45,ward,863,1065,preElectionDay,registered_voters,local_partial,true,https://city.milwaukee.gov/ImageLibrary/Groups/electionAuthors/Election-Results/2024/2024-November-4-General-Election-WardbyWard-Reults.pdf,Official City of Milwaukee ward-by-ward report. Registered voter counts are treated as pre-Election-Day unless a final-denominator source is found.
WI,Milwaukee,City of Milwaukee,Ward 46,ward,417,500,preElectionDay,registered_voters,local_partial,true,https://city.milwaukee.gov/ImageLibrary/Groups/electionAuthors/Election-Results/2024/2024-November-4-General-Election-WardbyWard-Reults.pdf,Official City of Milwaukee ward-by-ward report. Registered voter counts are treated as pre-Election-Day unless a final-denominator source is found.
WI,Milwaukee,City of Milwaukee,Ward 47,ward,481,592,preElectionDay,registered_voters,local_partial,true,https://city.milwaukee.gov/ImageLibrary/Groups/electionAuthors/Election-Results/2024/2024-November-4-General-Election-WardbyWard-Reults.pdf,Official City of Milwaukee ward-by-ward report. Registered voter counts are treated as pre-Election-Day unless a final-denominator source is found.
WI,Milwaukee,City of Milwaukee,Ward 48,ward,1142,1532,preElectionDay,registered_voters,local_partial,true,https://city.milwaukee.gov/ImageLibrary/Groups/electionAuthors/Election-Results/2024/2024-November-4-General-Election-WardbyWard-Reults.pdf,Official City of Milwaukee ward-by-ward report. Registered voter counts are treated as pre-Election-Day unless a final-denominator source is found.
WI,Milwaukee,City of Milwaukee,Ward 49,ward,813,1037,preElectionDay,registered_voters,local_partial,true,https://city.milwaukee.gov/ImageLibrary/Groups/electionAuthors/Election-Results/2024/2024-November-4-General-Election-WardbyWard-Reults.pdf,Official City of Milwaukee ward-by-ward report. Registered voter counts are treated as pre-Election-Day unless a final-denominator source is found.
WI,Milwaukee,City of Milwaukee,Ward 50,ward,589,751,preElectionDay,registered_voters,local_partial,true,https://city.milwaukee.gov/ImageLibrary/Groups/electionAuthors/Election-Results/2024/2024-November-4-General-Election-WardbyWard-Reults.pdf,Official City of Milwaukee ward-by-ward report. Registered voter counts are treated as pre-Election-Day unless a final-denominator source is found.
WI,Milwaukee,City of Milwaukee,Ward 51,ward,739,903,preElectionDay,registered_voters,local_partial,true,https://city.milwaukee.gov/ImageLibrary/Groups/electionAuthors/Election-Results/2024/2024-November-4-General-Election-WardbyWard-Reults.pdf,Official City of Milwaukee ward-by-ward report. Registered voter counts are treated as pre-Election-Day unless a final-denominator source is found.
WI,Milwaukee,City of Milwaukee,Ward 52,ward,729,835,preElectionDay,registered_voters,local_partial,true,https://city.milwaukee.gov/ImageLibrary/Groups/electionAuthors/Election-Results/2024/2024-November-4-General-Election-WardbyWard-Reults.pdf,Official City of Milwaukee ward-by-ward report. Registered voter counts are treated as pre-Election-Day unless a final-denominator source is found.
WI,Milwaukee,City of Milwaukee,Ward 53,ward,658,777,preElectionDay,registered_voters,local_partial,true,https://city.milwaukee.gov/ImageLibrary/Groups/electionAuthors/Election-Results/2024/2024-November-4-General-Election-WardbyWard-Reults.pdf,Official City of Milwaukee ward-by-ward report. Registered voter counts are treated as pre-Election-Day unless a final-denominator source is found.
WI,Milwaukee,City of Milwaukee,Ward 54,ward,793,947,preElectionDay,registered_voters,local_partial,true,https://city.milwaukee.gov/ImageLibrary/Groups/electionAuthors/Election-Results/2024/2024-November-4-General-Election-WardbyWard-Reults.pdf,Official City of Milwaukee ward-by-ward report. Registered voter counts are treated as pre-Election-Day unless a final-denominator source is found.
WI,Milwaukee,City of Milwaukee,Ward 55,ward,591,708,preElectionDay,registered_voters,local_partial,true,https://city.milwaukee.gov/ImageLibrary/Groups/electionAuthors/Election-Results/2024/2024-November-4-General-Election-WardbyWard-Reults.pdf,Official City of Milwaukee ward-by-ward report. Registered voter counts are treated as pre-Election-Day unless a final-denominator source is found.
WI,Milwaukee,City of Milwaukee,Ward 56,ward,1239,1495,preElectionDay,registered_voters,local_partial,true,https://city.milwaukee.gov/ImageLibrary/Groups/electionAuthors/Election-Results/2024/2024-November-4-General-Election-WardbyWard-Reults.pdf,Official City of Milwaukee ward-by-ward report. Registered voter counts are treated as pre-Election-Day unless a final-denominator source is found.
WI,Milwaukee,City of Milwaukee,Ward 57,ward,712,891,preElectionDay,registered_voters,local_partial,true,https://city.milwaukee.gov/ImageLibrary/Groups/electionAuthors/Election-Results/2024/2024-November-4-General-Election-WardbyWard-Reults.pdf,Official City of Milwaukee ward-by-ward report. Registered voter counts are treated as pre-Election-Day unless a final-denominator source is found.
WI,Milwaukee,City of Milwaukee,Ward 58,ward,623,814,preElectionDay,registered_voters,local_partial,true,https://city.milwaukee.gov/ImageLibrary/Groups/electionAuthors/Election-Results/2024/2024-November-4-General-Election-WardbyWard-Reults.pdf,Official City of Milwaukee ward-by-ward report. Registered voter counts are treated as pre-Election-Day unless a final-denominator source is found.
WI,Milwaukee,City of Milwaukee,Ward 59,ward,533,718,preElectionDay,registered_voters,local_partial,true,https://city.milwaukee.gov/ImageLibrary/Groups/electionAuthors/Election-Results/2024/2024-November-4-General-Election-WardbyWard-Reults.pdf,Official City of Milwaukee ward-by-ward report. Registered voter counts are treated as pre-Election-Day unless a final-denominator source is found.
WI,Milwaukee,City of Milwaukee,Ward 60,ward,461,628,preElectionDay,registered_voters,local_partial,true,https://city.milwaukee.gov/ImageLibrary/Groups/electionAuthors/Election-Results/2024/2024-November-4-General-Election-WardbyWard-Reults.pdf,Official City of Milwaukee ward-by-ward report. Registered voter counts are treated as pre-Election-Day unless a final-denominator source is found.
WI,Milwaukee,City of Milwaukee,Ward 61,ward,882,1183,preElectionDay,registered_voters,local_partial,true,https://city.milwaukee.gov/ImageLibrary/Groups/electionAuthors/Election-Results/2024/2024-November-4-General-Election-WardbyWard-Reults.pdf,Official City of Milwaukee ward-by-ward report. Registered voter counts are treated as pre-Election-Day unless a final-denominator source is found.
WI,Milwaukee,City of Milwaukee,Ward 62,ward,959,1170,preElectionDay,registered_voters,local_partial,true,https://city.milwaukee.gov/ImageLibrary/Groups/electionAuthors/Election-Results/2024/2024-November-4-General-Election-WardbyWard-Reults.pdf,Official City of Milwaukee ward-by-ward report. Registered voter counts are treated as pre-Election-Day unless a final-denominator source is found.
WI,Milwaukee,City of Milwaukee,Ward 63,ward,541,700,preElectionDay,registered_voters,local_partial,true,https://city.milwaukee.gov/ImageLibrary/Groups/electionAuthors/Election-Results/2024/2024-November-4-General-Election-WardbyWard-Reults.pdf,Official City of Milwaukee ward-by-ward report. Registered voter counts are treated as pre-Election-Day unless a final-denominator source is found.
WI,Milwaukee,City of Milwaukee,Ward 64,ward,533,658,preElectionDay,registered_voters,local_partial,true,https://city.milwaukee.gov/ImageLibrary/Groups/electionAuthors/Election-Results/2024/2024-November-4-General-Election-WardbyWard-Reults.pdf,Official City of Milwaukee ward-by-ward report. Registered voter counts are treated as pre-Election-Day unless a final-denominator source is found.
WI,Milwaukee,City of Milwaukee,Ward 65,ward,946,1161,preElectionDay,registered_voters,local_partial,true,https://city.milwaukee.gov/ImageLibrary/Groups/electionAuthors/Election-Results/2024/2024-November-4-General-Election-WardbyWard-Reults.pdf,Official City of Milwaukee ward-by-ward report. Registered voter counts are treated as pre-Election-Day unless a final-denominator source is found.
WI,Milwaukee,City of Milwaukee,Ward 66,ward,750,954,preElectionDay,registered_voters,local_partial,true,https://city.milwaukee.gov/ImageLibrary/Groups/electionAuthors/Election-Results/2024/2024-November-4-General-Election-WardbyWard-Reults.pdf,Official City of Milwaukee ward-by-ward report. Registered voter counts are treated as pre-Election-Day unless a final-denominator source is found.
WI,Milwaukee,City of Milwaukee,Ward 67,ward,1072,1262,preElectionDay,registered_voters,local_partial,true,https://city.milwaukee.gov/ImageLibrary/Groups/electionAuthors/Election-Results/2024/2024-November-4-General-Election-WardbyWard-Reults.pdf,Official City of Milwaukee ward-by-ward report. Registered voter counts are treated as pre-Election-Day unless a final-denominator source is found.
WI,Milwaukee,City of Milwaukee,Ward 68,ward,644,772,preElectionDay,registered_voters,local_partial,true,https://city.milwaukee.gov/ImageLibrary/Groups/electionAuthors/Election-Results/2024/2024-November-4-General-Election-WardbyWard-Reults.pdf,Official City of Milwaukee ward-by-ward report. Registered voter counts are treated as pre-Election-Day unless a final-denominator source is found.
WI,Milwaukee,City of Milwaukee,Ward 69,ward,795,983,preElectionDay,registered_voters,local_partial,true,https://city.milwaukee.gov/ImageLibrary/Groups/electionAuthors/Election-Results/2024/2024-November-4-General-Election-WardbyWard-Reults.pdf,Official City of Milwaukee ward-by-ward report. Registered voter counts are treated as pre-Election-Day unless a final-denominator source is found.
WI,Milwaukee,City of Milwaukee,Ward 70,ward,1002,1146,preElectionDay,registered_voters,local_partial,true,https://city.milwaukee.gov/ImageLibrary/Groups/electionAuthors/Election-Results/2024/2024-November-4-General-Election-WardbyWard-Reults.pdf,Official City of Milwaukee ward-by-ward report. Registered voter counts are treated as pre-Election-Day unless a final-denominator source is found.
WI,Milwaukee,City of Milwaukee,Ward 71,ward,735,876,preElectionDay,registered_voters,local_partial,true,https://city.milwaukee.gov/ImageLibrary/Groups/electionAuthors/Election-Results/2024/2024-November-4-General-Election-WardbyWard-Reults.pdf,Official City of Milwaukee ward-by-ward report. Registered voter counts are treated as pre-Election-Day unless a final-denominator source is found.
WI,Milwaukee,City of Milwaukee,Ward 72,ward,685,782,preElectionDay,registered_voters,local_partial,true,https://city.milwaukee.gov/ImageLibrary/Groups/electionAuthors/Election-Results/2024/2024-November-4-General-Election-WardbyWard-Reults.pdf,Official City of Milwaukee ward-by-ward report. Registered voter counts are treated as pre-Election-Day unless a final-denominator source is found.
WI,Milwaukee,City of Milwaukee,Ward 73,ward,586,725,preElectionDay,registered_voters,local_partial,true,https://city.milwaukee.gov/ImageLibrary/Groups/electionAuthors/Election-Results/2024/2024-November-4-General-Election-WardbyWard-Reults.pdf,Official City of Milwaukee ward-by-ward report. Registered voter counts are treated as pre-Election-Day unless a final-denominator source is found.
WI,Milwaukee,City of Milwaukee,Ward 74,ward,634,743,preElectionDay,registered_voters,local_partial,true,https://city.milwaukee.gov/ImageLibrary/Groups/electionAuthors/Election-Results/2024/2024-November-4-General-Election-WardbyWard-Reults.pdf,Official City of Milwaukee ward-by-ward report. Registered voter counts are treated as pre-Election-Day unless a final-denominator source is found.
WI,Milwaukee,City of Milwaukee,Ward 75,ward,1080,1247,preElectionDay,registered_voters,local_partial,true,https://city.milwaukee.gov/ImageLibrary/Groups/electionAuthors/Election-Results/2024/2024-November-4-General-Election-WardbyWard-Reults.pdf,Official City of Milwaukee ward-by-ward report. Registered voter counts are treated as pre-Election-Day unless a final-denominator source is found.
WI,Milwaukee,City of Milwaukee,Ward 76,ward,1092,1253,preElectionDay,registered_voters,local_partial,true,https://city.milwaukee.gov/ImageLibrary/Groups/electionAuthors/Election-Results/2024/2024-November-4-General-Election-WardbyWard-Reults.pdf,Official City of Milwaukee ward-by-ward report. Registered voter counts are treated as pre-Election-Day unless a final-denominator source is found.
WI,Milwaukee,City of Milwaukee,Ward 77,ward,1124,1262,preElectionDay,registered_voters,local_partial,true,https://city.milwaukee.gov/ImageLibrary/Groups/electionAuthors/Election-Results/2024/2024-November-4-General-Election-WardbyWard-Reults.pdf,Official City of Milwaukee ward-by-ward report. Registered voter counts are treated as pre-Election-Day unless a final-denominator source is found.
WI,Milwaukee,City of Milwaukee,Ward 78,ward,625,683,preElectionDay,registered_voters,local_partial,true,https://city.milwaukee.gov/ImageLibrary/Groups/electionAuthors/Election-Results/2024/2024-November-4-General-Election-WardbyWard-Reults.pdf,Official City of Milwaukee ward-by-ward report. Registered voter counts are treated as pre-Election-Day unless a final-denominator source is found.
WI,Milwaukee,City of Milwaukee,Ward 79,ward,1478,1581,preElectionDay,registered_voters,local_partial,true,https://city.milwaukee.gov/ImageLibrary/Groups/electionAuthors/Election-Results/2024/2024-November-4-General-Election-WardbyWard-Reults.pdf,Official City of Milwaukee ward-by-ward report. Registered voter counts are treated as pre-Election-Day unless a final-denominator source is found.
WI,Milwaukee,City of Milwaukee,Ward 80,ward,695,788,preElectionDay,registered_voters,local_partial,true,https://city.milwaukee.gov/ImageLibrary/Groups/electionAuthors/Election-Results/2024/2024-November-4-General-Election-WardbyWard-Reults.pdf,Official City of Milwaukee ward-by-ward report. Registered voter counts are treated as pre-Election-Day unless a final-denominator source is found.
WI,Milwaukee,City of Milwaukee,Ward 81,ward,664,764,preElectionDay,registered_voters,local_partial,true,https://city.milwaukee.gov/ImageLibrary/Groups/electionAuthors/Election-Results/2024/2024-November-4-General-Election-WardbyWard-Reults.pdf,Official City of Milwaukee ward-by-ward report. Registered voter counts are treated as pre-Election-Day unless a final-denominator source is found.
WI,Milwaukee,City of Milwaukee,Ward 82,ward,330,369,preElectionDay,registered_voters,local_partial,true,https://city.milwaukee.gov/ImageLibrary/Groups/electionAuthors/Election-Results/2024/2024-November-4-General-Election-WardbyWard-Reults.pdf,Official City of Milwaukee ward-by-ward report. Registered voter counts are treated as pre-Election-Day unless a final-denominator source is found.
WI,Milwaukee,City of Milwaukee,Ward 83,ward,1541,1671,preElectionDay,registered_voters,local_partial,true,https://city.milwaukee.gov/ImageLibrary/Groups/electionAuthors/Election-Results/2024/2024-November-4-General-Election-WardbyWard-Reults.pdf,Official City of Milwaukee ward-by-ward report. Registered voter counts are treated as pre-Election-Day unless a final-denominator source is found.
WI,Milwaukee,City of Milwaukee,Ward 84,ward,750,935,preElectionDay,registered_voters,local_partial,true,https://city.milwaukee.gov/ImageLibrary/Groups/electionAuthors/Election-Results/2024/2024-November-4-General-Election-WardbyWard-Reults.pdf,Official City of Milwaukee ward-by-ward report. Registered voter counts are treated as pre-Election-Day unless a final-denominator source is found.
WI,Milwaukee,City of Milwaukee,Ward 85,ward,1386,1485,preElectionDay,registered_voters,local_partial,true,https://city.milwaukee.gov/ImageLibrary/Groups/electionAuthors/Election-Results/2024/2024-November-4-General-Election-WardbyWard-Reults.pdf,Official City of Milwaukee ward-by-ward report. Registered voter counts are treated as pre-Election-Day unless a final-denominator source is found.
WI,Milwaukee,City of Milwaukee,Ward 86,ward,812,949,preElectionDay,registered_voters,local_partial,true,https://city.milwaukee.gov/ImageLibrary/Groups/electionAuthors/Election-Results/2024/2024-November-4-General-Election-WardbyWard-Reults.pdf,Official City of Milwaukee ward-by-ward report. Registered voter counts are treated as pre-Election-Day unless a final-denominator source is found.
WI,Milwaukee,City of Milwaukee,Ward 87,ward,833,940,preElectionDay,registered_voters,local_partial,true,https://city.milwaukee.gov/ImageLibrary/Groups/electionAuthors/Election-Results/2024/2024-November-4-General-Election-WardbyWard-Reults.pdf,Official City of Milwaukee ward-by-ward report. Registered voter counts are treated as pre-Election-Day unless a final-denominator source is found.
WI,Milwaukee,City of Milwaukee,Ward 88,ward,1225,1508,preElectionDay,registered_voters,local_partial,true,https://city.milwaukee.gov/ImageLibrary/Groups/electionAuthors/Election-Results/2024/2024-November-4-General-Election-WardbyWard-Reults.pdf,Official City of Milwaukee ward-by-ward report. Registered voter counts are treated as pre-Election-Day unless a final-denominator source is found.
WI,Milwaukee,City of Milwaukee,Ward 89,ward,1010,1142,preElectionDay,registered_voters,local_partial,true,https://city.milwaukee.gov/ImageLibrary/Groups/electionAuthors/Election-Results/2024/2024-November-4-General-Election-WardbyWard-Reults.pdf,Official City of Milwaukee ward-by-ward report. Registered voter counts are treated as pre-Election-Day unless a final-denominator source is found.
WI,Milwaukee,City of Milwaukee,Ward 90,ward,921,1039,preElectionDay,registered_voters,local_partial,true,https://city.milwaukee.gov/ImageLibrary/Groups/electionAuthors/Election-Results/2024/2024-November-4-General-Election-WardbyWard-Reults.pdf,Official City of Milwaukee ward-by-ward report. Registered voter counts are treated as pre-Election-Day unless a final-denominator source is found.
WI,Milwaukee,City of Milwaukee,Ward 91,ward,383,545,preElectionDay,registered_voters,local_partial,true,https://city.milwaukee.gov/ImageLibrary/Groups/electionAuthors/Election-Results/2024/2024-November-4-General-Election-WardbyWard-Reults.pdf,Official City of Milwaukee ward-by-ward report. Registered voter counts are treated as pre-Election-Day unless a final-denominator source is found.
WI,Milwaukee,City of Milwaukee,Ward 92,ward,613,760,preElectionDay,registered_voters,local_partial,true,https://city.milwaukee.gov/ImageLibrary/Groups/electionAuthors/Election-Results/2024/2024-November-4-General-Election-WardbyWard-Reults.pdf,Official City of Milwaukee ward-by-ward report. Registered voter counts are treated as pre-Election-Day unless a final-denominator source is found.
WI,Milwaukee,City of Milwaukee,Ward 93,ward,968,1133,preElectionDay,registered_voters,local_partial,true,https://city.milwaukee.gov/ImageLibrary/Groups/electionAuthors/Election-Results/2024/2024-November-4-General-Election-WardbyWard-Reults.pdf,Official City of Milwaukee ward-by-ward report. Registered voter counts are treated as pre-Election-Day unless a final-denominator source is found.
WI,Milwaukee,City of Milwaukee,Ward 94,ward,880,994,preElectionDay,registered_voters,local_partial,true,https://city.milwaukee.gov/ImageLibrary/Groups/electionAuthors/Election-Results/2024/2024-November-4-General-Election-WardbyWard-Reults.pdf,Official City of Milwaukee ward-by-ward report. Registered voter counts are treated as pre-Election-Day unless a final-denominator source is found.
WI,Milwaukee,City of Milwaukee,Ward 95,ward,625,710,preElectionDay,registered_voters,local_partial,true,https://city.milwaukee.gov/ImageLibrary/Groups/electionAuthors/Election-Results/2024/2024-November-4-General-Election-WardbyWard-Reults.pdf,Official City of Milwaukee ward-by-ward report. Registered voter counts are treated as pre-Election-Day unless a final-denominator source is found.
WI,Milwaukee,City of Milwaukee,Ward 96,ward,1035,1244,preElectionDay,registered_voters,local_partial,true,https://city.milwaukee.gov/ImageLibrary/Groups/electionAuthors/Election-Results/2024/2024-November-4-General-Election-WardbyWard-Reults.pdf,Official City of Milwaukee ward-by-ward report. Registered voter counts are treated as pre-Election-Day unless a final-denominator source is found.
WI,Milwaukee,City of Milwaukee,Ward 97,ward,623,752,preElectionDay,registered_voters,local_partial,true,https://city.milwaukee.gov/ImageLibrary/Groups/electionAuthors/Election-Results/2024/2024-November-4-General-Election-WardbyWard-Reults.pdf,Official City of Milwaukee ward-by-ward report. Registered voter counts are treated as pre-Election-Day unless a final-denominator source is found.
WI,Milwaukee,City of Milwaukee,Ward 98,ward,899,1114,preElectionDay,registered_voters,local_partial,true,https://city.milwaukee.gov/ImageLibrary/Groups/electionAuthors/Election-Results/2024/2024-November-4-General-Election-WardbyWard-Reults.pdf,Official City of Milwaukee ward-by-ward report. Registered voter counts are treated as pre-Election-Day unless a final-denominator source is found.
WI,Milwaukee,City of Milwaukee,Ward 99,ward,1064,1288,preElectionDay,registered_voters,local_partial,true,https://city.milwaukee.gov/ImageLibrary/Groups/electionAuthors/Election-Results/2024/2024-November-4-General-Election-WardbyWard-Reults.pdf,Official City of Milwaukee ward-by-ward report. Registered voter counts are treated as pre-Election-Day unless a final-denominator source is found.
WI,Milwaukee,City of Milwaukee,Ward 100,ward,501,630,preElectionDay,registered_voters,local_partial,true,https://city.milwaukee.gov/ImageLibrary/Groups/electionAuthors/Election-Results/2024/2024-November-4-General-Election-WardbyWard-Reults.pdf,Official City of Milwaukee ward-by-ward report. Registered voter counts are treated as pre-Election-Day unless a final-denominator source is found.
WI,Milwaukee,City of Milwaukee,Ward 101,ward,1051,1322,preElectionDay,registered_voters,local_partial,true,https://city.milwaukee.gov/ImageLibrary/Groups/electionAuthors/Election-Results/2024/2024-November-4-General-Election-WardbyWard-Reults.pdf,Official City of Milwaukee ward-by-ward report. Registered voter counts are treated as pre-Election-Day unless a final-denominator source is found.
WI,Milwaukee,City of Milwaukee,Ward 102,ward,375,540,preElectionDay,registered_voters,local_partial,true,https://city.milwaukee.gov/ImageLibrary/Groups/electionAuthors/Election-Results/2024/2024-November-4-General-Election-WardbyWard-Reults.pdf,Official City of Milwaukee ward-by-ward report. Registered voter counts are treated as pre-Election-Day unless a final-denominator source is found.
WI,Milwaukee,City of Milwaukee,Ward 103,ward,443,634,preElectionDay,registered_voters,local_partial,true,https://city.milwaukee.gov/ImageLibrary/Groups/electionAuthors/Election-Results/2024/2024-November-4-General-Election-WardbyWard-Reults.pdf,Official City of Milwaukee ward-by-ward report. Registered voter counts are treated as pre-Election-Day unless a final-denominator source is found.
WI,Milwaukee,City of Milwaukee,Ward 104,ward,873,1154,preElectionDay,registered_voters,local_partial,true,https://city.milwaukee.gov/ImageLibrary/Groups/electionAuthors/Election-Results/2024/2024-November-4-General-Election-WardbyWard-Reults.pdf,Official City of Milwaukee ward-by-ward report. Registered voter counts are treated as pre-Election-Day unless a final-denominator source is found.
WI,Milwaukee,City of Milwaukee,Ward 105,ward,639,941,preElectionDay,registered_voters,local_partial,true,https://city.milwaukee.gov/ImageLibrary/Groups/electionAuthors/Election-Results/2024/2024-November-4-General-Election-WardbyWard-Reults.pdf,Official City of Milwaukee ward-by-ward report. Registered voter counts are treated as pre-Election-Day unless a final-denominator source is found.
WI,Milwaukee,City of Milwaukee,Ward 106,ward,431,623,preElectionDay,registered_voters,local_partial,true,https://city.milwaukee.gov/ImageLibrary/Groups/electionAuthors/Election-Results/2024/2024-November-4-General-Election-WardbyWard-Reults.pdf,Official City of Milwaukee ward-by-ward report. Registered voter counts are treated as pre-Election-Day unless a final-denominator source is found.
WI,Milwaukee,City of Milwaukee,Ward 107,ward,411,585,preElectionDay,registered_voters,local_partial,true,https://city.milwaukee.gov/ImageLibrary/Groups/electionAuthors/Election-Results/2024/2024-November-4-General-Election-WardbyWard-Reults.pdf,Official City of Milwaukee ward-by-ward report. Registered voter counts are treated as pre-Election-Day unless a final-denominator source is found.
WI,Milwaukee,City of Milwaukee,Ward 108,ward,491,702,preElectionDay,registered_voters,local_partial,true,https://city.milwaukee.gov/ImageLibrary/Groups/electionAuthors/Election-Results/2024/2024-November-4-General-Election-WardbyWard-Reults.pdf,Official City of Milwaukee ward-by-ward report. Registered voter counts are treated as pre-Election-Day unless a final-denominator source is found.
WI,Milwaukee,City of Milwaukee,Ward 109,ward,507,656,preElectionDay,registered_voters,local_partial,true,https://city.milwaukee.gov/ImageLibrary/Groups/electionAuthors/Election-Results/2024/2024-November-4-General-Election-WardbyWard-Reults.pdf,Official City of Milwaukee ward-by-ward report. Registered voter counts are treated as pre-Election-Day unless a final-denominator source is found.
WI,Milwaukee,City of Milwaukee,Ward 110,ward,474,605,preElectionDay,registered_voters,local_partial,true,https://city.milwaukee.gov/ImageLibrary/Groups/electionAuthors/Election-Results/2024/2024-November-4-General-Election-WardbyWard-Reults.pdf,Official City of Milwaukee ward-by-ward report. Registered voter counts are treated as pre-Election-Day unless a final-denominator source is found.
WI,Milwaukee,City of Milwaukee,Ward 111,ward,729,989,preElectionDay,registered_voters,local_partial,true,https://city.milwaukee.gov/ImageLibrary/Groups/electionAuthors/Election-Results/2024/2024-November-4-General-Election-WardbyWard-Reults.pdf,Official City of Milwaukee ward-by-ward report. Registered voter counts are treated as pre-Election-Day unless a final-denominator source is found.
WI,Milwaukee,City of Milwaukee,Ward 112,ward,324,511,preElectionDay,registered_voters,local_partial,true,https://city.milwaukee.gov/ImageLibrary/Groups/electionAuthors/Election-Results/2024/2024-November-4-General-Election-WardbyWard-Reults.pdf,Official City of Milwaukee ward-by-ward report. Registered voter counts are treated as pre-Election-Day unless a final-denominator source is found.
WI,Milwaukee,City of Milwaukee,Ward 113,ward,435,576,preElectionDay,registered_voters,local_partial,true,https://city.milwaukee.gov/ImageLibrary/Groups/electionAuthors/Election-Results/2024/2024-November-4-General-Election-WardbyWard-Reults.pdf,Official City of Milwaukee ward-by-ward report. Registered voter counts are treated as pre-Election-Day unless a final-denominator source is found.
WI,Milwaukee,City of Milwaukee,Ward 114,ward,390,524,preElectionDay,registered_voters,local_partial,true,https://city.milwaukee.gov/ImageLibrary/Groups/electionAuthors/Election-Results/2024/2024-November-4-General-Election-WardbyWard-Reults.pdf,Official City of Milwaukee ward-by-ward report. Registered voter counts are treated as pre-Election-Day unless a final-denominator source is found.
WI,Milwaukee,City of Milwaukee,Ward 115,ward,574,757,preElectionDay,registered_voters,local_partial,true,https://city.milwaukee.gov/ImageLibrary/Groups/electionAuthors/Election-Results/2024/2024-November-4-General-Election-WardbyWard-Reults.pdf,Official City of Milwaukee ward-by-ward report. Registered voter counts are treated as pre-Election-Day unless a final-denominator source is found.
WI,Milwaukee,City of Milwaukee,Ward 116,ward,498,634,preElectionDay,registered_voters,local_partial,true,https://city.milwaukee.gov/ImageLibrary/Groups/electionAuthors/Election-Results/2024/2024-November-4-General-Election-WardbyWard-Reults.pdf,Official City of Milwaukee ward-by-ward report. Registered voter counts are treated as pre-Election-Day unless a final-denominator source is found.
WI,Milwaukee,City of Milwaukee,Ward 117,ward,658,837,preElectionDay,registered_voters,local_partial,true,https://city.milwaukee.gov/ImageLibrary/Groups/electionAuthors/Election-Results/2024/2024-November-4-General-Election-WardbyWard-Reults.pdf,Official City of Milwaukee ward-by-ward report. Registered voter counts are treated as pre-Election-Day unless a final-denominator source is found.
WI,Milwaukee,City of Milwaukee,Ward 118,ward,613,887,preElectionDay,registered_voters,local_partial,true,https://city.milwaukee.gov/ImageLibrary/Groups/electionAuthors/Election-Results/2024/2024-November-4-General-Election-WardbyWard-Reults.pdf,Official City of Milwaukee ward-by-ward report. Registered voter counts are treated as pre-Election-Day unless a final-denominator source is found.
WI,Milwaukee,City of Milwaukee,Ward 119,ward,1151,1419,preElectionDay,registered_voters,local_partial,true,https://city.milwaukee.gov/ImageLibrary/Groups/electionAuthors/Election-Results/2024/2024-November-4-General-Election-WardbyWard-Reults.pdf,Official City of Milwaukee ward-by-ward report. Registered voter counts are treated as pre-Election-Day unless a final-denominator source is found.
WI,Milwaukee,City of Milwaukee,Ward 120,ward,609,720,preElectionDay,registered_voters,local_partial,true,https://city.milwaukee.gov/ImageLibrary/Groups/electionAuthors/Election-Results/2024/2024-November-4-General-Election-WardbyWard-Reults.pdf,Official City of Milwaukee ward-by-ward report. Registered voter counts are treated as pre-Election-Day unless a final-denominator source is found.
WI,Milwaukee,City of Milwaukee,Ward 121,ward,840,957,preElectionDay,registered_voters,local_partial,true,https://city.milwaukee.gov/ImageLibrary/Groups/electionAuthors/Election-Results/2024/2024-November-4-General-Election-WardbyWard-Reults.pdf,Official City of Milwaukee ward-by-ward report. Registered voter counts are treated as pre-Election-Day unless a final-denominator source is found.
WI,Milwaukee,City of Milwaukee,Ward 122,ward,826,970,preElectionDay,registered_voters,local_partial,true,https://city.milwaukee.gov/ImageLibrary/Groups/electionAuthors/Election-Results/2024/2024-November-4-General-Election-WardbyWard-Reults.pdf,Official City of Milwaukee ward-by-ward report. Registered voter counts are treated as pre-Election-Day unless a final-denominator source is found.
WI,Milwaukee,City of Milwaukee,Ward 123,ward,1347,1471,preElectionDay,registered_voters,local_partial,true,https://city.milwaukee.gov/ImageLibrary/Groups/electionAuthors/Election-Results/2024/2024-November-4-General-Election-WardbyWard-Reults.pdf,Official City of Milwaukee ward-by-ward report. Registered voter counts are treated as pre-Election-Day unless a final-denominator source is found.
WI,Milwaukee,City of Milwaukee,Ward 124,ward,1558,1734,preElectionDay,registered_voters,local_partial,true,https://city.milwaukee.gov/ImageLibrary/Groups/electionAuthors/Election-Results/2024/2024-November-4-General-Election-WardbyWard-Reults.pdf,Official City of Milwaukee ward-by-ward report. Registered voter counts are treated as pre-Election-Day unless a final-denominator source is found.
WI,Milwaukee,City of Milwaukee,Ward 125,ward,1093,1214,preElectionDay,registered_voters,local_partial,true,https://city.milwaukee.gov/ImageLibrary/Groups/electionAuthors/Election-Results/2024/2024-November-4-General-Election-WardbyWard-Reults.pdf,Official City of Milwaukee ward-by-ward report. Registered voter counts are treated as pre-Election-Day unless a final-denominator source is found.
WI,Milwaukee,City of Milwaukee,Ward 126,ward,1106,954,preElectionDay,registered_voters,local_partial,true,https://city.milwaukee.gov/ImageLibrary/Groups/electionAuthors/Election-Results/2024/2024-November-4-General-Election-WardbyWard-Reults.pdf,Official City of Milwaukee ward-by-ward report. Registered voter counts are treated as pre-Election-Day unless a final-denominator source is found.
WI,Milwaukee,City of Milwaukee,Ward 127,ward,1210,1308,preElectionDay,registered_voters,local_partial,true,https://city.milwaukee.gov/ImageLibrary/Groups/electionAuthors/Election-Results/2024/2024-November-4-General-Election-WardbyWard-Reults.pdf,Official City of Milwaukee ward-by-ward report. Registered voter counts are treated as pre-Election-Day unless a final-denominator source is found.
WI,Milwaukee,City of Milwaukee,Ward 128,ward,1646,1880,preElectionDay,registered_voters,local_partial,true,https://city.milwaukee.gov/ImageLibrary/Groups/electionAuthors/Election-Results/2024/2024-November-4-General-Election-WardbyWard-Reults.pdf,Official City of Milwaukee ward-by-ward report. Registered voter counts are treated as pre-Election-Day unless a final-denominator source is found.
WI,Milwaukee,City of Milwaukee,Ward 129,ward,835,989,preElectionDay,registered_voters,local_partial,true,https://city.milwaukee.gov/ImageLibrary/Groups/electionAuthors/Election-Results/2024/2024-November-4-General-Election-WardbyWard-Reults.pdf,Official City of Milwaukee ward-by-ward report. Registered voter counts are treated as pre-Election-Day unless a final-denominator source is found.
WI,Milwaukee,City of Milwaukee,Ward 130,ward,955,1037,preElectionDay,registered_voters,local_partial,true,https://city.milwaukee.gov/ImageLibrary/Groups/electionAuthors/Election-Results/2024/2024-November-4-General-Election-WardbyWard-Reults.pdf,Official City of Milwaukee ward-by-ward report. Registered voter counts are treated as pre-Election-Day unless a final-denominator source is found.
WI,Milwaukee,City of Milwaukee,Ward 131,ward,1205,1421,preElectionDay,registered_voters,local_partial,true,https://city.milwaukee.gov/ImageLibrary/Groups/electionAuthors/Election-Results/2024/2024-November-4-General-Election-WardbyWard-Reults.pdf,Official City of Milwaukee ward-by-ward report. Registered voter counts are treated as pre-Election-Day unless a final-denominator source is found.
WI,Milwaukee,City of Milwaukee,Ward 132,ward,1127,1207,preElectionDay,registered_voters,local_partial,true,https://city.milwaukee.gov/ImageLibrary/Groups/electionAuthors/Election-Results/2024/2024-November-4-General-Election-WardbyWard-Reults.pdf,Official City of Milwaukee ward-by-ward report. Registered voter counts are treated as pre-Election-Day unless a final-denominator source is found.
WI,Milwaukee,City of Milwaukee,Ward 133,ward,735,806,preElectionDay,registered_voters,local_partial,true,https://city.milwaukee.gov/ImageLibrary/Groups/electionAuthors/Election-Results/2024/2024-November-4-General-Election-WardbyWard-Reults.pdf,Official City of Milwaukee ward-by-ward report. Registered voter counts are treated as pre-Election-Day unless a final-denominator source is found.
WI,Milwaukee,City of Milwaukee,Ward 134,ward,884,1056,preElectionDay,registered_voters,local_partial,true,https://city.milwaukee.gov/ImageLibrary/Groups/electionAuthors/Election-Results/2024/2024-November-4-General-Election-WardbyWard-Reults.pdf,Official City of Milwaukee ward-by-ward report. Registered voter counts are treated as pre-Election-Day unless a final-denominator source is found.
WI,Milwaukee,City of Milwaukee,Ward 135,ward,1523,1834,preElectionDay,registered_voters,local_partial,true,https://city.milwaukee.gov/ImageLibrary/Groups/electionAuthors/Election-Results/2024/2024-November-4-General-Election-WardbyWard-Reults.pdf,Official City of Milwaukee ward-by-ward report. Registered voter counts are treated as pre-Election-Day unless a final-denominator source is found.
WI,Milwaukee,City of Milwaukee,Ward 136,ward,362,504,preElectionDay,registered_voters,local_partial,true,https://city.milwaukee.gov/ImageLibrary/Groups/electionAuthors/Election-Results/2024/2024-November-4-General-Election-WardbyWard-Reults.pdf,Official City of Milwaukee ward-by-ward report. Registered voter counts are treated as pre-Election-Day unless a final-denominator source is found.
WI,Milwaukee,City of Milwaukee,Ward 137,ward,504,696,preElectionDay,registered_voters,local_partial,true,https://city.milwaukee.gov/ImageLibrary/Groups/electionAuthors/Election-Results/2024/2024-November-4-General-Election-WardbyWard-Reults.pdf,Official City of Milwaukee ward-by-ward report. Registered voter counts are treated as pre-Election-Day unless a final-denominator source is found.
WI,Milwaukee,City of Milwaukee,Ward 138,ward,534,721,preElectionDay,registered_voters,local_partial,true,https://city.milwaukee.gov/ImageLibrary/Groups/electionAuthors/Election-Results/2024/2024-November-4-General-Election-WardbyWard-Reults.pdf,Official City of Milwaukee ward-by-ward report. Registered voter counts are treated as pre-Election-Day unless a final-denominator source is found.
WI,Milwaukee,City of Milwaukee,Ward 139,ward,388,514,preElectionDay,registered_voters,local_partial,true,https://city.milwaukee.gov/ImageLibrary/Groups/electionAuthors/Election-Results/2024/2024-November-4-General-Election-WardbyWard-Reults.pdf,Official City of Milwaukee ward-by-ward report. Registered voter counts are treated as pre-Election-Day unless a final-denominator source is found.
WI,Milwaukee,City of Milwaukee,Ward 140,ward,694,871,preElectionDay,registered_voters,local_partial,true,https://city.milwaukee.gov/ImageLibrary/Groups/electionAuthors/Election-Results/2024/2024-November-4-General-Election-WardbyWard-Reults.pdf,Official City of Milwaukee ward-by-ward report. Registered voter counts are treated as pre-Election-Day unless a final-denominator source is found.
WI,Milwaukee,City of Milwaukee,Ward 141,ward,565,687,preElectionDay,registered_voters,local_partial,true,https://city.milwaukee.gov/ImageLibrary/Groups/electionAuthors/Election-Results/2024/2024-November-4-General-Election-WardbyWard-Reults.pdf,Official City of Milwaukee ward-by-ward report. Registered voter counts are treated as pre-Election-Day unless a final-denominator source is found.
WI,Milwaukee,City of Milwaukee,Ward 142,ward,386,542,preElectionDay,registered_voters,local_partial,true,https://city.milwaukee.gov/ImageLibrary/Groups/electionAuthors/Election-Results/2024/2024-November-4-General-Election-WardbyWard-Reults.pdf,Official City of Milwaukee ward-by-ward report. Registered voter counts are treated as pre-Election-Day unless a final-denominator source is found.
WI,Milwaukee,City of Milwaukee,Ward 143,ward,424,625,preElectionDay,registered_voters,local_partial,true,https://city.milwaukee.gov/ImageLibrary/Groups/electionAuthors/Election-Results/2024/2024-November-4-General-Election-WardbyWard-Reults.pdf,Official City of Milwaukee ward-by-ward report. Registered voter counts are treated as pre-Election-Day unless a final-denominator source is found.
WI,Milwaukee,City of Milwaukee,Ward 144,ward,574,803,preElectionDay,registered_voters,local_partial,true,https://city.milwaukee.gov/ImageLibrary/Groups/electionAuthors/Election-Results/2024/2024-November-4-General-Election-WardbyWard-Reults.pdf,Official City of Milwaukee ward-by-ward report. Registered voter counts are treated as pre-Election-Day unless a final-denominator source is found.
WI,Milwaukee,City of Milwaukee,Ward 145,ward,606,811,preElectionDay,registered_voters,local_partial,true,https://city.milwaukee.gov/ImageLibrary/Groups/electionAuthors/Election-Results/2024/2024-November-4-General-Election-WardbyWard-Reults.pdf,Official City of Milwaukee ward-by-ward report. Registered voter counts are treated as pre-Election-Day unless a final-denominator source is found.
WI,Milwaukee,City of Milwaukee,Ward 146,ward,578,774,preElectionDay,registered_voters,local_partial,true,https://city.milwaukee.gov/ImageLibrary/Groups/electionAuthors/Election-Results/2024/2024-November-4-General-Election-WardbyWard-Reults.pdf,Official City of Milwaukee ward-by-ward report. Registered voter counts are treated as pre-Election-Day unless a final-denominator source is found.
WI,Milwaukee,City of Milwaukee,Ward 147,ward,319,483,preElectionDay,registered_voters,local_partial,true,https://city.milwaukee.gov/ImageLibrary/Groups/electionAuthors/Election-Results/2024/2024-November-4-General-Election-WardbyWard-Reults.pdf,Official City of Milwaukee ward-by-ward report. Registered voter counts are treated as pre-Election-Day unless a final-denominator source is found.
WI,Milwaukee,City of Milwaukee,Ward 148,ward,348,498,preElectionDay,registered_voters,local_partial,true,https://city.milwaukee.gov/ImageLibrary/Groups/electionAuthors/Election-Results/2024/2024-November-4-General-Election-WardbyWard-Reults.pdf,Official City of Milwaukee ward-by-ward report. Registered voter counts are treated as pre-Election-Day unless a final-denominator source is found.
WI,Milwaukee,City of Milwaukee,Ward 149,ward,624,867,preElectionDay,registered_voters,local_partial,true,https://city.milwaukee.gov/ImageLibrary/Groups/electionAuthors/Election-Results/2024/2024-November-4-General-Election-WardbyWard-Reults.pdf,Official City of Milwaukee ward-by-ward report. Registered voter counts are treated as pre-Election-Day unless a final-denominator source is found.
WI,Milwaukee,City of Milwaukee,Ward 150,ward,478,685,preElectionDay,registered_voters,local_partial,true,https://city.milwaukee.gov/ImageLibrary/Groups/electionAuthors/Election-Results/2024/2024-November-4-General-Election-WardbyWard-Reults.pdf,Official City of Milwaukee ward-by-ward report. Registered voter counts are treated as pre-Election-Day unless a final-denominator source is found.
WI,Milwaukee,City of Milwaukee,Ward 151,ward,499,697,preElectionDay,registered_voters,local_partial,true,https://city.milwaukee.gov/ImageLibrary/Groups/electionAuthors/Election-Results/2024/2024-November-4-General-Election-WardbyWard-Reults.pdf,Official City of Milwaukee ward-by-ward report. Registered voter counts are treated as pre-Election-Day unless a final-denominator source is found.
WI,Milwaukee,City of Milwaukee,Ward 152,ward,670,909,preElectionDay,registered_voters,local_partial,true,https://city.milwaukee.gov/ImageLibrary/Groups/electionAuthors/Election-Results/2024/2024-November-4-General-Election-WardbyWard-Reults.pdf,Official City of Milwaukee ward-by-ward report. Registered voter counts are treated as pre-Election-Day unless a final-denominator source is found.
WI,Milwaukee,City of Milwaukee,Ward 153,ward,518,634,preElectionDay,registered_voters,local_partial,true,https://city.milwaukee.gov/ImageLibrary/Groups/electionAuthors/Election-Results/2024/2024-November-4-General-Election-WardbyWard-Reults.pdf,Official City of Milwaukee ward-by-ward report. Registered voter counts are treated as pre-Election-Day unless a final-denominator source is found.
WI,Milwaukee,City of Milwaukee,Ward 154,ward,607,761,preElectionDay,registered_voters,local_partial,true,https://city.milwaukee.gov/ImageLibrary/Groups/electionAuthors/Election-Results/2024/2024-November-4-General-Election-WardbyWard-Reults.pdf,Official City of Milwaukee ward-by-ward report. Registered voter counts are treated as pre-Election-Day unless a final-denominator source is found.
WI,Milwaukee,City of Milwaukee,Ward 155,ward,562,743,preElectionDay,registered_voters,local_partial,true,https://city.milwaukee.gov/ImageLibrary/Groups/electionAuthors/Election-Results/2024/2024-November-4-General-Election-WardbyWard-Reults.pdf,Official City of Milwaukee ward-by-ward report. Registered voter counts are treated as pre-Election-Day unless a final-denominator source is found.
WI,Milwaukee,City of Milwaukee,Ward 156,ward,1031,1158,preElectionDay,registered_voters,local_partial,true,https://city.milwaukee.gov/ImageLibrary/Groups/electionAuthors/Election-Results/2024/2024-November-4-General-Election-WardbyWard-Reults.pdf,Official City of Milwaukee ward-by-ward report. Registered voter counts are treated as pre-Election-Day unless a final-denominator source is found.
WI,Milwaukee,City of Milwaukee,Ward 157,ward,564,698,preElectionDay,registered_voters,local_partial,true,https://city.milwaukee.gov/ImageLibrary/Groups/electionAuthors/Election-Results/2024/2024-November-4-General-Election-WardbyWard-Reults.pdf,Official City of Milwaukee ward-by-ward report. Registered voter counts are treated as pre-Election-Day unless a final-denominator source is found.
WI,Milwaukee,City of Milwaukee,Ward 158,ward,1263,1196,preElectionDay,registered_voters,local_partial,true,https://city.milwaukee.gov/ImageLibrary/Groups/electionAuthors/Election-Results/2024/2024-November-4-General-Election-WardbyWard-Reults.pdf,Official City of Milwaukee ward-by-ward report. Registered voter counts are treated as pre-Election-Day unless a final-denominator source is found.
WI,Milwaukee,City of Milwaukee,Ward 159,ward,477,600,preElectionDay,registered_voters,local_partial,true,https://city.milwaukee.gov/ImageLibrary/Groups/electionAuthors/Election-Results/2024/2024-November-4-General-Election-WardbyWard-Reults.pdf,Official City of Milwaukee ward-by-ward report. Registered voter counts are treated as pre-Election-Day unless a final-denominator source is found.
WI,Milwaukee,City of Milwaukee,Ward 160,ward,578,685,preElectionDay,registered_voters,local_partial,true,https://city.milwaukee.gov/ImageLibrary/Groups/electionAuthors/Election-Results/2024/2024-November-4-General-Election-WardbyWard-Reults.pdf,Official City of Milwaukee ward-by-ward report. Registered voter counts are treated as pre-Election-Day unless a final-denominator source is found.
WI,Milwaukee,City of Milwaukee,Ward 161,ward,623,758,preElectionDay,registered_voters,local_partial,true,https://city.milwaukee.gov/ImageLibrary/Groups/electionAuthors/Election-Results/2024/2024-November-4-General-Election-WardbyWard-Reults.pdf,Official City of Milwaukee ward-by-ward report. Registered voter counts are treated as pre-Election-Day unless a final-denominator source is found.
WI,Milwaukee,City of Milwaukee,Ward 162,ward,1514,1746,preElectionDay,registered_voters,local_partial,true,https://city.milwaukee.gov/ImageLibrary/Groups/electionAuthors/Election-Results/2024/2024-November-4-General-Election-WardbyWard-Reults.pdf,Official City of Milwaukee ward-by-ward report. Registered voter counts are treated as pre-Election-Day unless a final-denominator source is found.
WI,Milwaukee,City of Milwaukee,Ward 163,ward,732,778,preElectionDay,registered_voters,local_partial,true,https://city.milwaukee.gov/ImageLibrary/Groups/electionAuthors/Election-Results/2024/2024-November-4-General-Election-WardbyWard-Reults.pdf,Official City of Milwaukee ward-by-ward report. Registered voter counts are treated as pre-Election-Day unless a final-denominator source is found.
WI,Milwaukee,City of Milwaukee,Ward 164,ward,1813,2013,preElectionDay,registered_voters,local_partial,true,https://city.milwaukee.gov/ImageLibrary/Groups/electionAuthors/Election-Results/2024/2024-November-4-General-Election-WardbyWard-Reults.pdf,Official City of Milwaukee ward-by-ward report. Registered voter counts are treated as pre-Election-Day unless a final-denominator source is found.
WI,Milwaukee,City of Milwaukee,Ward 165,ward,516,698,preElectionDay,registered_voters,local_partial,true,https://city.milwaukee.gov/ImageLibrary/Groups/electionAuthors/Election-Results/2024/2024-November-4-General-Election-WardbyWard-Reults.pdf,Official City of Milwaukee ward-by-ward report. Registered voter counts are treated as pre-Election-Day unless a final-denominator source is found.
WI,Milwaukee,City of Milwaukee,Ward 166,ward,349,510,preElectionDay,registered_voters,local_partial,true,https://city.milwaukee.gov/ImageLibrary/Groups/electionAuthors/Election-Results/2024/2024-November-4-General-Election-WardbyWard-Reults.pdf,Official City of Milwaukee ward-by-ward report. Registered voter counts are treated as pre-Election-Day unless a final-denominator source is found.
WI,Milwaukee,City of Milwaukee,Ward 167,ward,186,252,preElectionDay,registered_voters,local_partial,true,https://city.milwaukee.gov/ImageLibrary/Groups/electionAuthors/Election-Results/2024/2024-November-4-General-Election-WardbyWard-Reults.pdf,Official City of Milwaukee ward-by-ward report. Registered voter counts are treated as pre-Election-Day unless a final-denominator source is found.
WI,Milwaukee,City of Milwaukee,Ward 168,ward,417,541,preElectionDay,registered_voters,local_partial,true,https://city.milwaukee.gov/ImageLibrary/Groups/electionAuthors/Election-Results/2024/2024-November-4-General-Election-WardbyWard-Reults.pdf,Official City of Milwaukee ward-by-ward report. Registered voter counts are treated as pre-Election-Day unless a final-denominator source is found.
WI,Milwaukee,City of Milwaukee,Ward 169,ward,602,727,preElectionDay,registered_voters,local_partial,true,https://city.milwaukee.gov/ImageLibrary/Groups/electionAuthors/Election-Results/2024/2024-November-4-General-Election-WardbyWard-Reults.pdf,Official City of Milwaukee ward-by-ward report. Registered voter counts are treated as pre-Election-Day unless a final-denominator source is found.
WI,Milwaukee,City of Milwaukee,Ward 170,ward,579,755,preElectionDay,registered_voters,local_partial,true,https://city.milwaukee.gov/ImageLibrary/Groups/electionAuthors/Election-Results/2024/2024-November-4-General-Election-WardbyWard-Reults.pdf,Official City of Milwaukee ward-by-ward report. Registered voter counts are treated as pre-Election-Day unless a final-denominator source is found.
WI,Milwaukee,City of Milwaukee,Ward 171,ward,573,676,preElectionDay,registered_voters,local_partial,true,https://city.milwaukee.gov/ImageLibrary/Groups/electionAuthors/Election-Results/2024/2024-November-4-General-Election-WardbyWard-Reults.pdf,Official City of Milwaukee ward-by-ward report. Registered voter counts are treated as pre-Election-Day unless a final-denominator source is found.
WI,Milwaukee,City of Milwaukee,Ward 172,ward,701,880,preElectionDay,registered_voters,local_partial,true,https://city.milwaukee.gov/ImageLibrary/Groups/electionAuthors/Election-Results/2024/2024-November-4-General-Election-WardbyWard-Reults.pdf,Official City of Milwaukee ward-by-ward report. Registered voter counts are treated as pre-Election-Day unless a final-denominator source is found.
WI,Milwaukee,City of Milwaukee,Ward 173,ward,1965,2301,preElectionDay,registered_voters,local_partial,true,https://city.milwaukee.gov/ImageLibrary/Groups/electionAuthors/Election-Results/2024/2024-November-4-General-Election-WardbyWard-Reults.pdf,Official City of Milwaukee ward-by-ward report. Registered voter counts are treated as pre-Election-Day unless a final-denominator source is found.
WI,Milwaukee,City of Milwaukee,Ward 174,ward,1652,1913,preElectionDay,registered_voters,local_partial,true,https://city.milwaukee.gov/ImageLibrary/Groups/electionAuthors/Election-Results/2024/2024-November-4-General-Election-WardbyWard-Reults.pdf,Official City of Milwaukee ward-by-ward report. Registered voter counts are treated as pre-Election-Day unless a final-denominator source is found.
WI,Milwaukee,City of Milwaukee,Ward 175,ward,1807,2131,preElectionDay,registered_voters,local_partial,true,https://city.milwaukee.gov/ImageLibrary/Groups/electionAuthors/Election-Results/2024/2024-November-4-General-Election-WardbyWard-Reults.pdf,Official City of Milwaukee ward-by-ward report. Registered voter counts are treated as pre-Election-Day unless a final-denominator source is found.
WI,Milwaukee,City of Milwaukee,Ward 176,ward,1224,1401,preElectionDay,registered_voters,local_partial,true,https://city.milwaukee.gov/ImageLibrary/Groups/electionAuthors/Election-Results/2024/2024-November-4-General-Election-WardbyWard-Reults.pdf,Official City of Milwaukee ward-by-ward report. Registered voter counts are treated as pre-Election-Day unless a final-denominator source is found.
WI,Milwaukee,City of Milwaukee,Ward 177,ward,1650,1856,preElectionDay,registered_voters,local_partial,true,https://city.milwaukee.gov/ImageLibrary/Groups/electionAuthors/Election-Results/2024/2024-November-4-General-Election-WardbyWard-Reults.pdf,Official City of Milwaukee ward-by-ward report. Registered voter counts are treated as pre-Election-Day unless a final-denominator source is found.
WI,Milwaukee,City of Milwaukee,Ward 178,ward,1242,1520,preElectionDay,registered_voters,local_partial,true,https://city.milwaukee.gov/ImageLibrary/Groups/electionAuthors/Election-Results/2024/2024-November-4-General-Election-WardbyWard-Reults.pdf,Official City of Milwaukee ward-by-ward report. Registered voter counts are treated as pre-Election-Day unless a final-denominator source is found.
WI,Milwaukee,City of Milwaukee,Ward 179,ward,913,1088,preElectionDay,registered_voters,local_partial,true,https://city.milwaukee.gov/ImageLibrary/Groups/electionAuthors/Election-Results/2024/2024-November-4-General-Election-WardbyWard-Reults.pdf,Official City of Milwaukee ward-by-ward report. Registered voter counts are treated as pre-Election-Day unless a final-denominator source is found.
WI,Milwaukee,City of Milwaukee,Ward 180,ward,1667,1794,preElectionDay,registered_voters,local_partial,true,https://city.milwaukee.gov/ImageLibrary/Groups/electionAuthors/Election-Results/2024/2024-November-4-General-Election-WardbyWard-Reults.pdf,Official City of Milwaukee ward-by-ward report. Registered voter counts are treated as pre-Election-Day unless a final-denominator source is found.
WI,Milwaukee,City of Milwaukee,Ward 181,ward,1265,1427,preElectionDay,registered_voters,local_partial,true,https://city.milwaukee.gov/ImageLibrary/Groups/electionAuthors/Election-Results/2024/2024-November-4-General-Election-WardbyWard-Reults.pdf,Official City of Milwaukee ward-by-ward report. Registered voter counts are treated as pre-Election-Day unless a final-denominator source is found.
WI,Milwaukee,City of Milwaukee,Ward 182,ward,1234,1398,preElectionDay,registered_voters,local_partial,true,https://city.milwaukee.gov/ImageLibrary/Groups/electionAuthors/Election-Results/2024/2024-November-4-General-Election-WardbyWard-Reults.pdf,Official City of Milwaukee ward-by-ward report. Registered voter counts are treated as pre-Election-Day unless a final-denominator source is found.
WI,Milwaukee,City of Milwaukee,Ward 183,ward,959,997,preElectionDay,registered_voters,local_partial,true,https://city.milwaukee.gov/ImageLibrary/Groups/electionAuthors/Election-Results/2024/2024-November-4-General-Election-WardbyWard-Reults.pdf,Official City of Milwaukee ward-by-ward report. Registered voter counts are treated as pre-Election-Day unless a final-denominator source is found.
WI,Milwaukee,City of Milwaukee,Ward 184,ward,719,780,preElectionDay,registered_voters,local_partial,true,https://city.milwaukee.gov/ImageLibrary/Groups/electionAuthors/Election-Results/2024/2024-November-4-General-Election-WardbyWard-Reults.pdf,Official City of Milwaukee ward-by-ward report. Registered voter counts are treated as pre-Election-Day unless a final-denominator source is found.
WI,Milwaukee,City of Milwaukee,Ward 185,ward,607,731,preElectionDay,registered_voters,local_partial,true,https://city.milwaukee.gov/ImageLibrary/Groups/electionAuthors/Election-Results/2024/2024-November-4-General-Election-WardbyWard-Reults.pdf,Official City of Milwaukee ward-by-ward report. Registered voter counts are treated as pre-Election-Day unless a final-denominator source is found.
WI,Milwaukee,City of Milwaukee,Ward 186,ward,1364,1078,preElectionDay,registered_voters,local_partial,true,https://city.milwaukee.gov/ImageLibrary/Groups/electionAuthors/Election-Results/2024/2024-November-4-General-Election-WardbyWard-Reults.pdf,Official City of Milwaukee ward-by-ward report. Registered voter counts are treated as pre-Election-Day unless a final-denominator source is found.
WI,Milwaukee,City of Milwaukee,Ward 187,ward,1735,1465,preElectionDay,registered_voters,local_partial,true,https://city.milwaukee.gov/ImageLibrary/Groups/electionAuthors/Election-Results/2024/2024-November-4-General-Election-WardbyWard-Reults.pdf,Official City of Milwaukee ward-by-ward report. Registered voter counts are treated as pre-Election-Day unless a final-denominator source is found.
WI,Milwaukee,City of Milwaukee,Ward 188,ward,494,656,preElectionDay,registered_voters,local_partial,true,https://city.milwaukee.gov/ImageLibrary/Groups/electionAuthors/Election-Results/2024/2024-November-4-General-Election-WardbyWard-Reults.pdf,Official City of Milwaukee ward-by-ward report. Registered voter counts are treated as pre-Election-Day unless a final-denominator source is found.
WI,Milwaukee,City of Milwaukee,Ward 189,ward,488,619,preElectionDay,registered_voters,local_partial,true,https://city.milwaukee.gov/ImageLibrary/Groups/electionAuthors/Election-Results/2024/2024-November-4-General-Election-WardbyWard-Reults.pdf,Official City of Milwaukee ward-by-ward report. Registered voter counts are treated as pre-Election-Day unless a final-denominator source is found.
WI,Milwaukee,City of Milwaukee,Ward 190,ward,434,614,preElectionDay,registered_voters,local_partial,true,https://city.milwaukee.gov/ImageLibrary/Groups/electionAuthors/Election-Results/2024/2024-November-4-General-Election-WardbyWard-Reults.pdf,Official City of Milwaukee ward-by-ward report. Registered voter counts are treated as pre-Election-Day unless a final-denominator source is found.
WI,Milwaukee,City of Milwaukee,Ward 191,ward,263,386,preElectionDay,registered_voters,local_partial,true,https://city.milwaukee.gov/ImageLibrary/Groups/electionAuthors/Election-Results/2024/2024-November-4-General-Election-WardbyWard-Reults.pdf,Official City of Milwaukee ward-by-ward report. Registered voter counts are treated as pre-Election-Day unless a final-denominator source is found.
WI,Milwaukee,City of Milwaukee,Ward 192,ward,228,313,preElectionDay,registered_voters,local_partial,true,https://city.milwaukee.gov/ImageLibrary/Groups/electionAuthors/Election-Results/2024/2024-November-4-General-Election-WardbyWard-Reults.pdf,Official City of Milwaukee ward-by-ward report. Registered voter counts are treated as pre-Election-Day unless a final-denominator source is found.
WI,Milwaukee,City of Milwaukee,Ward 193,ward,857,1071,preElectionDay,registered_voters,local_partial,true,https://city.milwaukee.gov/ImageLibrary/Groups/electionAuthors/Election-Results/2024/2024-November-4-General-Election-WardbyWard-Reults.pdf,Official City of Milwaukee ward-by-ward report. Registered voter counts are treated as pre-Election-Day unless a final-denominator source is found.
WI,Milwaukee,City of Milwaukee,Ward 194,ward,499,847,preElectionDay,registered_voters,local_partial,true,https://city.milwaukee.gov/ImageLibrary/Groups/electionAuthors/Election-Results/2024/2024-November-4-General-Election-WardbyWard-Reults.pdf,Official City of Milwaukee ward-by-ward report. Registered voter counts are treated as pre-Election-Day unless a final-denominator source is found.
WI,Milwaukee,City of Milwaukee,Ward 195,ward,607,825,preElectionDay,registered_voters,local_partial,true,https://city.milwaukee.gov/ImageLibrary/Groups/electionAuthors/Election-Results/2024/2024-November-4-General-Election-WardbyWard-Reults.pdf,Official City of Milwaukee ward-by-ward report. Registered voter counts are treated as pre-Election-Day unless a final-denominator source is found.
WI,Milwaukee,City of Milwaukee,Ward 196,ward,374,457,preElectionDay,registered_voters,local_partial,true,https://city.milwaukee.gov/ImageLibrary/Groups/electionAuthors/Election-Results/2024/2024-November-4-General-Election-WardbyWard-Reults.pdf,Official City of Milwaukee ward-by-ward report. Registered voter counts are treated as pre-Election-Day unless a final-denominator source is found.
WI,Milwaukee,City of Milwaukee,Ward 197,ward,337,441,preElectionDay,registered_voters,local_partial,true,https://city.milwaukee.gov/ImageLibrary/Groups/electionAuthors/Election-Results/2024/2024-November-4-General-Election-WardbyWard-Reults.pdf,Official City of Milwaukee ward-by-ward report. Registered voter counts are treated as pre-Election-Day unless a final-denominator source is found.
WI,Milwaukee,City of Milwaukee,Ward 198,ward,745,858,preElectionDay,registered_voters,local_partial,true,https://city.milwaukee.gov/ImageLibrary/Groups/electionAuthors/Election-Results/2024/2024-November-4-General-Election-WardbyWard-Reults.pdf,Official City of Milwaukee ward-by-ward report. Registered voter counts are treated as pre-Election-Day unless a final-denominator source is found.
WI,Milwaukee,City of Milwaukee,Ward 199,ward,1567,1697,preElectionDay,registered_voters,local_partial,true,https://city.milwaukee.gov/ImageLibrary/Groups/electionAuthors/Election-Results/2024/2024-November-4-General-Election-WardbyWard-Reults.pdf,Official City of Milwaukee ward-by-ward report. Registered voter counts are treated as pre-Election-Day unless a final-denominator source is found.
WI,Milwaukee,City of Milwaukee,Ward 200,ward,787,873,preElectionDay,registered_voters,local_partial,true,https://city.milwaukee.gov/ImageLibrary/Groups/electionAuthors/Election-Results/2024/2024-November-4-General-Election-WardbyWard-Reults.pdf,Official City of Milwaukee ward-by-ward report. Registered voter counts are treated as pre-Election-Day unless a final-denominator source is found.
WI,Milwaukee,City of Milwaukee,Ward 201,ward,624,679,preElectionDay,registered_voters,local_partial,true,https://city.milwaukee.gov/ImageLibrary/Groups/electionAuthors/Election-Results/2024/2024-November-4-General-Election-WardbyWard-Reults.pdf,Official City of Milwaukee ward-by-ward report. Registered voter counts are treated as pre-Election-Day unless a final-denominator source is found.
WI,Milwaukee,City of Milwaukee,Ward 202,ward,723,805,preElectionDay,registered_voters,local_partial,true,https://city.milwaukee.gov/ImageLibrary/Groups/electionAuthors/Election-Results/2024/2024-November-4-General-Election-WardbyWard-Reults.pdf,Official City of Milwaukee ward-by-ward report. Registered voter counts are treated as pre-Election-Day unless a final-denominator source is found.
WI,Milwaukee,City of Milwaukee,Ward 203,ward,824,900,preElectionDay,registered_voters,local_partial,true,https://city.milwaukee.gov/ImageLibrary/Groups/electionAuthors/Election-Results/2024/2024-November-4-General-Election-WardbyWard-Reults.pdf,Official City of Milwaukee ward-by-ward report. Registered voter counts are treated as pre-Election-Day unless a final-denominator source is found.
WI,Milwaukee,City of Milwaukee,Ward 204,ward,807,873,preElectionDay,registered_voters,local_partial,true,https://city.milwaukee.gov/ImageLibrary/Groups/electionAuthors/Election-Results/2024/2024-November-4-General-Election-WardbyWard-Reults.pdf,Official City of Milwaukee ward-by-ward report. Registered voter counts are treated as pre-Election-Day unless a final-denominator source is found.
WI,Milwaukee,City of Milwaukee,Ward 205,ward,646,688,preElectionDay,registered_voters,local_partial,true,https://city.milwaukee.gov/ImageLibrary/Groups/electionAuthors/Election-Results/2024/2024-November-4-General-Election-WardbyWard-Reults.pdf,Official City of Milwaukee ward-by-ward report. Registered voter counts are treated as pre-Election-Day unless a final-denominator source is found.
WI,Milwaukee,City of Milwaukee,Ward 206,ward,768,843,preElectionDay,registered_voters,local_partial,true,https://city.milwaukee.gov/ImageLibrary/Groups/electionAuthors/Election-Results/2024/2024-November-4-General-Election-WardbyWard-Reults.pdf,Official City of Milwaukee ward-by-ward report. Registered voter counts are treated as pre-Election-Day unless a final-denominator source is found.
WI,Milwaukee,City of Milwaukee,Ward 207,ward,822,916,preElectionDay,registered_voters,local_partial,true,https://city.milwaukee.gov/ImageLibrary/Groups/electionAuthors/Election-Results/2024/2024-November-4-General-Election-WardbyWard-Reults.pdf,Official City of Milwaukee ward-by-ward report. Registered voter counts are treated as pre-Election-Day unless a final-denominator source is found.
WI,Milwaukee,City of Milwaukee,Ward 208,ward,935,1018,preElectionDay,registered_voters,local_partial,true,https://city.milwaukee.gov/ImageLibrary/Groups/electionAuthors/Election-Results/2024/2024-November-4-General-Election-WardbyWard-Reults.pdf,Official City of Milwaukee ward-by-ward report. Registered voter counts are treated as pre-Election-Day unless a final-denominator source is found.
WI,Milwaukee,City of Milwaukee,Ward 209,ward,388,471,preElectionDay,registered_voters,local_partial,true,https://city.milwaukee.gov/ImageLibrary/Groups/electionAuthors/Election-Results/2024/2024-November-4-General-Election-WardbyWard-Reults.pdf,Official City of Milwaukee ward-by-ward report. Registered voter counts are treated as pre-Election-Day unless a final-denominator source is found.
WI,Milwaukee,City of Milwaukee,Ward 210,ward,372,450,preElectionDay,registered_voters,local_partial,true,https://city.milwaukee.gov/ImageLibrary/Groups/electionAuthors/Election-Results/2024/2024-November-4-General-Election-WardbyWard-Reults.pdf,Official City of Milwaukee ward-by-ward report. Registered voter counts are treated as pre-Election-Day unless a final-denominator source is found.
WI,Milwaukee,City of Milwaukee,Ward 211,ward,305,380,preElectionDay,registered_voters,local_partial,true,https://city.milwaukee.gov/ImageLibrary/Groups/electionAuthors/Election-Results/2024/2024-November-4-General-Election-WardbyWard-Reults.pdf,Official City of Milwaukee ward-by-ward report. Registered voter counts are treated as pre-Election-Day unless a final-denominator source is found.
WI,Milwaukee,City of Milwaukee,Ward 212,ward,648,771,preElectionDay,registered_voters,local_partial,true,https://city.milwaukee.gov/ImageLibrary/Groups/electionAuthors/Election-Results/2024/2024-November-4-General-Election-WardbyWard-Reults.pdf,Official City of Milwaukee ward-by-ward report. Registered voter counts are treated as pre-Election-Day unless a final-denominator source is found.
WI,Milwaukee,City of Milwaukee,Ward 213,ward,778,880,preElectionDay,registered_voters,local_partial,true,https://city.milwaukee.gov/ImageLibrary/Groups/electionAuthors/Election-Results/2024/2024-November-4-General-Election-WardbyWard-Reults.pdf,Official City of Milwaukee ward-by-ward report. Registered voter counts are treated as pre-Election-Day unless a final-denominator source is found.
WI,Milwaukee,City of Milwaukee,Ward 214,ward,478,598,preElectionDay,registered_voters,local_partial,true,https://city.milwaukee.gov/ImageLibrary/Groups/electionAuthors/Election-Results/2024/2024-November-4-General-Election-WardbyWard-Reults.pdf,Official City of Milwaukee ward-by-ward report. Registered voter counts are treated as pre-Election-Day unless a final-denominator source is found.
WI,Milwaukee,City of Milwaukee,Ward 215,ward,515,607,preElectionDay,registered_voters,local_partial,true,https://city.milwaukee.gov/ImageLibrary/Groups/electionAuthors/Election-Results/2024/2024-November-4-General-Election-WardbyWard-Reults.pdf,Official City of Milwaukee ward-by-ward report. Registered voter counts are treated as pre-Election-Day unless a final-denominator source is found.
WI,Milwaukee,City of Milwaukee,Ward 216,ward,975,1222,preElectionDay,registered_voters,local_partial,true,https://city.milwaukee.gov/ImageLibrary/Groups/electionAuthors/Election-Results/2024/2024-November-4-General-Election-WardbyWard-Reults.pdf,Official City of Milwaukee ward-by-ward report. Registered voter counts are treated as pre-Election-Day unless a final-denominator source is found.
WI,Milwaukee,City of Milwaukee,Ward 217,ward,533,726,preElectionDay,registered_voters,local_partial,true,https://city.milwaukee.gov/ImageLibrary/Groups/electionAuthors/Election-Results/2024/2024-November-4-General-Election-WardbyWard-Reults.pdf,Official City of Milwaukee ward-by-ward report. Registered voter counts are treated as pre-Election-Day unless a final-denominator source is found.
WI,Milwaukee,City of Milwaukee,Ward 218,ward,672,811,preElectionDay,registered_voters,local_partial,true,https://city.milwaukee.gov/ImageLibrary/Groups/electionAuthors/Election-Results/2024/2024-November-4-General-Election-WardbyWard-Reults.pdf,Official City of Milwaukee ward-by-ward report. Registered voter counts are treated as pre-Election-Day unless a final-denominator source is found.
WI,Milwaukee,City of Milwaukee,Ward 219,ward,418,536,preElectionDay,registered_voters,local_partial,true,https://city.milwaukee.gov/ImageLibrary/Groups/electionAuthors/Election-Results/2024/2024-November-4-General-Election-WardbyWard-Reults.pdf,Official City of Milwaukee ward-by-ward report. Registered voter counts are treated as pre-Election-Day unless a final-denominator source is found.
WI,Milwaukee,City of Milwaukee,Ward 220,ward,391,575,preElectionDay,registered_voters,local_partial,true,https://city.milwaukee.gov/ImageLibrary/Groups/electionAuthors/Election-Results/2024/2024-November-4-General-Election-WardbyWard-Reults.pdf,Official City of Milwaukee ward-by-ward report. Registered voter counts are treated as pre-Election-Day unless a final-denominator source is found.
WI,Milwaukee,City of Milwaukee,Ward 221,ward,227,316,preElectionDay,registered_voters,local_partial,true,https://city.milwaukee.gov/ImageLibrary/Groups/electionAuthors/Election-Results/2024/2024-November-4-General-Election-WardbyWard-Reults.pdf,Official City of Milwaukee ward-by-ward report. Registered voter counts are treated as pre-Election-Day unless a final-denominator source is found.
WI,Milwaukee,City of Milwaukee,Ward 222,ward,721,946,preElectionDay,registered_voters,local_partial,true,https://city.milwaukee.gov/ImageLibrary/Groups/electionAuthors/Election-Results/2024/2024-November-4-General-Election-WardbyWard-Reults.pdf,Official City of Milwaukee ward-by-ward report. Registered voter counts are treated as pre-Election-Day unless a final-denominator source is found.
WI,Milwaukee,City of Milwaukee,Ward 223,ward,605,724,preElectionDay,registered_voters,local_partial,true,https://city.milwaukee.gov/ImageLibrary/Groups/electionAuthors/Election-Results/2024/2024-November-4-General-Election-WardbyWard-Reults.pdf,Official City of Milwaukee ward-by-ward report. Registered voter counts are treated as pre-Election-Day unless a final-denominator source is found.
WI,Milwaukee,City of Milwaukee,Ward 224,ward,358,449,preElectionDay,registered_voters,local_partial,true,https://city.milwaukee.gov/ImageLibrary/Groups/electionAuthors/Election-Results/2024/2024-November-4-General-Election-WardbyWard-Reults.pdf,Official City of Milwaukee ward-by-ward report. Registered voter counts are treated as pre-Election-Day unless a final-denominator source is found.
WI,Milwaukee,City of Milwaukee,Ward 225,ward,666,877,preElectionDay,registered_voters,local_partial,true,https://city.milwaukee.gov/ImageLibrary/Groups/electionAuthors/Election-Results/2024/2024-November-4-General-Election-WardbyWard-Reults.pdf,Official City of Milwaukee ward-by-ward report. Registered voter counts are treated as pre-Election-Day unless a final-denominator source is found.
WI,Milwaukee,City of Milwaukee,Ward 226,ward,286,386,preElectionDay,registered_voters,local_partial,true,https://city.milwaukee.gov/ImageLibrary/Groups/electionAuthors/Election-Results/2024/2024-November-4-General-Election-WardbyWard-Reults.pdf,Official City of Milwaukee ward-by-ward report. Registered voter counts are treated as pre-Election-Day unless a final-denominator source is found.
WI,Milwaukee,City of Milwaukee,Ward 227,ward,215,325,preElectionDay,registered_voters,local_partial,true,https://city.milwaukee.gov/ImageLibrary/Groups/electionAuthors/Election-Results/2024/2024-November-4-General-Election-WardbyWard-Reults.pdf,Official City of Milwaukee ward-by-ward report. Registered voter counts are treated as pre-Election-Day unless a final-denominator source is found.
WI,Milwaukee,City of Milwaukee,Ward 228,ward,365,495,preElectionDay,registered_voters,local_partial,true,https://city.milwaukee.gov/ImageLibrary/Groups/electionAuthors/Election-Results/2024/2024-November-4-General-Election-WardbyWard-Reults.pdf,Official City of Milwaukee ward-by-ward report. Registered voter counts are treated as pre-Election-Day unless a final-denominator source is found.
WI,Milwaukee,City of Milwaukee,Ward 229,ward,421,499,preElectionDay,registered_voters,local_partial,true,https://city.milwaukee.gov/ImageLibrary/Groups/electionAuthors/Election-Results/2024/2024-November-4-General-Election-WardbyWard-Reults.pdf,Official City of Milwaukee ward-by-ward report. Registered voter counts are treated as pre-Election-Day unless a final-denominator source is found.
WI,Milwaukee,City of Milwaukee,Ward 230,ward,1571,1809,preElectionDay,registered_voters,local_partial,true,https://city.milwaukee.gov/ImageLibrary/Groups/electionAuthors/Election-Results/2024/2024-November-4-General-Election-WardbyWard-Reults.pdf,Official City of Milwaukee ward-by-ward report. Registered voter counts are treated as pre-Election-Day unless a final-denominator source is found.
WI,Milwaukee,City of Milwaukee,Ward 231,ward,403,580,preElectionDay,registered_voters,local_partial,true,https://city.milwaukee.gov/ImageLibrary/Groups/electionAuthors/Election-Results/2024/2024-November-4-General-Election-WardbyWard-Reults.pdf,Official City of Milwaukee ward-by-ward report. Registered voter counts are treated as pre-Election-Day unless a final-denominator source is found.
WI,Milwaukee,City of Milwaukee,Ward 232,ward,653,857,preElectionDay,registered_voters,local_partial,true,https://city.milwaukee.gov/ImageLibrary/Groups/electionAuthors/Election-Results/2024/2024-November-4-General-Election-WardbyWard-Reults.pdf,Official City of Milwaukee ward-by-ward report. Registered voter counts are treated as pre-Election-Day unless a final-denominator source is found.
WI,Milwaukee,City of Milwaukee,Ward 233,ward,481,597,preElectionDay,registered_voters,local_partial,true,https://city.milwaukee.gov/ImageLibrary/Groups/electionAuthors/Election-Results/2024/2024-November-4-General-Election-WardbyWard-Reults.pdf,Official City of Milwaukee ward-by-ward report. Registered voter counts are treated as pre-Election-Day unless a final-denominator source is found.
WI,Milwaukee,City of Milwaukee,Ward 234,ward,334,448,preElectionDay,registered_voters,local_partial,true,https://city.milwaukee.gov/ImageLibrary/Groups/electionAuthors/Election-Results/2024/2024-November-4-General-Election-WardbyWard-Reults.pdf,Official City of Milwaukee ward-by-ward report. Registered voter counts are treated as pre-Election-Day unless a final-denominator source is found.
WI,Milwaukee,City of Milwaukee,Ward 235,ward,413,519,preElectionDay,registered_voters,local_partial,true,https://city.milwaukee.gov/ImageLibrary/Groups/electionAuthors/Election-Results/2024/2024-November-4-General-Election-WardbyWard-Reults.pdf,Official City of Milwaukee ward-by-ward report. Registered voter counts are treated as pre-Election-Day unless a final-denominator source is found.
WI,Milwaukee,City of Milwaukee,Ward 236,ward,1353,1561,preElectionDay,registered_voters,local_partial,true,https://city.milwaukee.gov/ImageLibrary/Groups/electionAuthors/Election-Results/2024/2024-November-4-General-Election-WardbyWard-Reults.pdf,Official City of Milwaukee ward-by-ward report. Registered voter counts are treated as pre-Election-Day unless a final-denominator source is found.
WI,Milwaukee,City of Milwaukee,Ward 237,ward,880,1031,preElectionDay,registered_voters,local_partial,true,https://city.milwaukee.gov/ImageLibrary/Groups/electionAuthors/Election-Results/2024/2024-November-4-General-Election-WardbyWard-Reults.pdf,Official City of Milwaukee ward-by-ward report. Registered voter counts are treated as pre-Election-Day unless a final-denominator source is found.
WI,Milwaukee,City of Milwaukee,Ward 238,ward,1060,1147,preElectionDay,registered_voters,local_partial,true,https://city.milwaukee.gov/ImageLibrary/Groups/electionAuthors/Election-Results/2024/2024-November-4-General-Election-WardbyWard-Reults.pdf,Official City of Milwaukee ward-by-ward report. Registered voter counts are treated as pre-Election-Day unless a final-denominator source is found.
WI,Milwaukee,City of Milwaukee,Ward 239,ward,1565,1696,preElectionDay,registered_voters,local_partial,true,https://city.milwaukee.gov/ImageLibrary/Groups/electionAuthors/Election-Results/2024/2024-November-4-General-Election-WardbyWard-Reults.pdf,Official City of Milwaukee ward-by-ward report. Registered voter counts are treated as pre-Election-Day unless a final-denominator source is found.
WI,Milwaukee,City of Milwaukee,Ward 240,ward,1239,1361,preElectionDay,registered_voters,local_partial,true,https://city.milwaukee.gov/ImageLibrary/Groups/electionAuthors/Election-Results/2024/2024-November-4-General-Election-WardbyWard-Reults.pdf,Official City of Milwaukee ward-by-ward report. Registered voter counts are treated as pre-Election-Day unless a final-denominator source is found.
WI,Milwaukee,City of Milwaukee,Ward 241,ward,1222,1418,preElectionDay,registered_voters,local_partial,true,https://city.milwaukee.gov/ImageLibrary/Groups/electionAuthors/Election-Results/2024/2024-November-4-General-Election-WardbyWard-Reults.pdf,Official City of Milwaukee ward-by-ward report. Registered voter counts are treated as pre-Election-Day unless a final-denominator source is found.
WI,Milwaukee,City of Milwaukee,Ward 242,ward,494,629,preElectionDay,registered_voters,local_partial,true,https://city.milwaukee.gov/ImageLibrary/Groups/electionAuthors/Election-Results/2024/2024-November-4-General-Election-WardbyWard-Reults.pdf,Official City of Milwaukee ward-by-ward report. Registered voter counts are treated as pre-Election-Day unless a final-denominator source is found.
WI,Milwaukee,City of Milwaukee,Ward 243,ward,485,583,preElectionDay,registered_voters,local_partial,true,https://city.milwaukee.gov/ImageLibrary/Groups/electionAuthors/Election-Results/2024/2024-November-4-General-Election-WardbyWard-Reults.pdf,Official City of Milwaukee ward-by-ward report. Registered voter counts are treated as pre-Election-Day unless a final-denominator source is found.
WI,Milwaukee,City of Milwaukee,Ward 244,ward,208,260,preElectionDay,registered_voters,local_partial,true,https://city.milwaukee.gov/ImageLibrary/Groups/electionAuthors/Election-Results/2024/2024-November-4-General-Election-WardbyWard-Reults.pdf,Official City of Milwaukee ward-by-ward report. Registered voter counts are treated as pre-Election-Day unless a final-denominator source is found.
WI,Milwaukee,City of Milwaukee,Ward 245,ward,258,330,preElectionDay,registered_voters,local_partial,true,https://city.milwaukee.gov/ImageLibrary/Groups/electionAuthors/Election-Results/2024/2024-November-4-General-Election-WardbyWard-Reults.pdf,Official City of Milwaukee ward-by-ward report. Registered voter counts are treated as pre-Election-Day unless a final-denominator source is found.
WI,Milwaukee,City of Milwaukee,Ward 246,ward,298,396,preElectionDay,registered_voters,local_partial,true,https://city.milwaukee.gov/ImageLibrary/Groups/electionAuthors/Election-Results/2024/2024-November-4-General-Election-WardbyWard-Reults.pdf,Official City of Milwaukee ward-by-ward report. Registered voter counts are treated as pre-Election-Day unless a final-denominator source is found.
WI,Milwaukee,City of Milwaukee,Ward 247,ward,637,766,preElectionDay,registered_voters,local_partial,true,https://city.milwaukee.gov/ImageLibrary/Groups/electionAuthors/Election-Results/2024/2024-November-4-General-Election-WardbyWard-Reults.pdf,Official City of Milwaukee ward-by-ward report. Registered voter counts are treated as pre-Election-Day unless a final-denominator source is found.
WI,Milwaukee,City of Milwaukee,Ward 248,ward,646,841,preElectionDay,registered_voters,local_partial,true,https://city.milwaukee.gov/ImageLibrary/Groups/electionAuthors/Election-Results/2024/2024-November-4-General-Election-WardbyWard-Reults.pdf,Official City of Milwaukee ward-by-ward report. Registered voter counts are treated as pre-Election-Day unless a final-denominator source is found.
WI,Milwaukee,City of Milwaukee,Ward 249,ward,574,620,preElectionDay,registered_voters,local_partial,true,https://city.milwaukee.gov/ImageLibrary/Groups/electionAuthors/Election-Results/2024/2024-November-4-General-Election-WardbyWard-Reults.pdf,Official City of Milwaukee ward-by-ward report. Registered voter counts are treated as pre-Election-Day unless a final-denominator source is found.
WI,Milwaukee,City of Milwaukee,Ward 250,ward,389,441,preElectionDay,registered_voters,local_partial,true,https://city.milwaukee.gov/ImageLibrary/Groups/electionAuthors/Election-Results/2024/2024-November-4-General-Election-WardbyWard-Reults.pdf,Official City of Milwaukee ward-by-ward report. Registered voter counts are treated as pre-Election-Day unless a final-denominator source is found.
WI,Milwaukee,City of Milwaukee,Ward 251,ward,191,206,preElectionDay,registered_voters,local_partial,true,https://city.milwaukee.gov/ImageLibrary/Groups/electionAuthors/Election-Results/2024/2024-November-4-General-Election-WardbyWard-Reults.pdf,Official City of Milwaukee ward-by-ward report. Registered voter counts are treated as pre-Election-Day unless a final-denominator source is found.
WI,Milwaukee,City of Milwaukee,Ward 252,ward,426,485,preElectionDay,registered_voters,local_partial,true,https://city.milwaukee.gov/ImageLibrary/Groups/electionAuthors/Election-Results/2024/2024-November-4-General-Election-WardbyWard-Reults.pdf,Official City of Milwaukee ward-by-ward report. Registered voter counts are treated as pre-Election-Day unless a final-denominator source is found.
WI,Milwaukee,City of Milwaukee,Ward 253,ward,1009,1136,preElectionDay,registered_voters,local_partial,true,https://city.milwaukee.gov/ImageLibrary/Groups/electionAuthors/Election-Results/2024/2024-November-4-General-Election-WardbyWard-Reults.pdf,Official City of Milwaukee ward-by-ward report. Registered voter counts are treated as pre-Election-Day unless a final-denominator source is found.
WI,Milwaukee,City of Milwaukee,Ward 254,ward,1172,1263,preElectionDay,registered_voters,local_partial,true,https://city.milwaukee.gov/ImageLibrary/Groups/electionAuthors/Election-Results/2024/2024-November-4-General-Election-WardbyWard-Reults.pdf,Official City of Milwaukee ward-by-ward report. Registered voter counts are treated as pre-Election-Day unless a final-denominator source is found.
WI,Milwaukee,City of Milwaukee,Ward 255,ward,634,684,preElectionDay,registered_voters,local_partial,true,https://city.milwaukee.gov/ImageLibrary/Groups/electionAuthors/Election-Results/2024/2024-November-4-General-Election-WardbyWard-Reults.pdf,Official City of Milwaukee ward-by-ward report. Registered voter counts are treated as pre-Election-Day unless a final-denominator source is found.
WI,Milwaukee,City of Milwaukee,Ward 256,ward,740,793,preElectionDay,registered_voters,local_partial,true,https://city.milwaukee.gov/ImageLibrary/Groups/electionAuthors/Election-Results/2024/2024-November-4-General-Election-WardbyWard-Reults.pdf,Official City of Milwaukee ward-by-ward report. Registered voter counts are treated as pre-Election-Day unless a final-denominator source is found.
WI,Milwaukee,City of Milwaukee,Ward 257,ward,652,710,preElectionDay,registered_voters,local_partial,true,https://city.milwaukee.gov/ImageLibrary/Groups/electionAuthors/Election-Results/2024/2024-November-4-General-Election-WardbyWard-Reults.pdf,Official City of Milwaukee ward-by-ward report. Registered voter counts are treated as pre-Election-Day unless a final-denominator source is found.
WI,Milwaukee,City of Milwaukee,Ward 258,ward,821,907,preElectionDay,registered_voters,local_partial,true,https://city.milwaukee.gov/ImageLibrary/Groups/electionAuthors/Election-Results/2024/2024-November-4-General-Election-WardbyWard-Reults.pdf,Official City of Milwaukee ward-by-ward report. Registered voter counts are treated as pre-Election-Day unless a final-denominator source is found.
WI,Milwaukee,City of Milwaukee,Ward 259,ward,550,597,preElectionDay,registered_voters,local_partial,true,https://city.milwaukee.gov/ImageLibrary/Groups/electionAuthors/Election-Results/2024/2024-November-4-General-Election-WardbyWard-Reults.pdf,Official City of Milwaukee ward-by-ward report. Registered voter counts are treated as pre-Election-Day unless a final-denominator source is found.
WI,Milwaukee,City of Milwaukee,Ward 260,ward,1058,1143,preElectionDay,registered_voters,local_partial,true,https://city.milwaukee.gov/ImageLibrary/Groups/electionAuthors/Election-Results/2024/2024-November-4-General-Election-WardbyWard-Reults.pdf,Official City of Milwaukee ward-by-ward report. Registered voter counts are treated as pre-Election-Day unless a final-denominator source is found.
WI,Milwaukee,City of Milwaukee,Ward 261,ward,1505,1638,preElectionDay,registered_voters,local_partial,true,https://city.milwaukee.gov/ImageLibrary/Groups/electionAuthors/Election-Results/2024/2024-November-4-General-Election-WardbyWard-Reults.pdf,Official City of Milwaukee ward-by-ward report. Registered voter counts are treated as pre-Election-Day unless a final-denominator source is found.
WI,Milwaukee,City of Milwaukee,Ward 262,ward,1088,1162,preElectionDay,registered_voters,local_partial,true,https://city.milwaukee.gov/ImageLibrary/Groups/electionAuthors/Election-Results/2024/2024-November-4-General-Election-WardbyWard-Reults.pdf,Official City of Milwaukee ward-by-ward report. Registered voter counts are treated as pre-Election-Day unless a final-denominator source is found.
WI,Milwaukee,City of Milwaukee,Ward 263,ward,609,647,preElectionDay,registered_voters,local_partial,true,https://city.milwaukee.gov/ImageLibrary/Groups/electionAuthors/Election-Results/2024/2024-November-4-General-Election-WardbyWard-Reults.pdf,Official City of Milwaukee ward-by-ward report. Registered voter counts are treated as pre-Election-Day unless a final-denominator source is found.
WI,Milwaukee,City of Milwaukee,Ward 264,ward,588,635,preElectionDay,registered_voters,local_partial,true,https://city.milwaukee.gov/ImageLibrary/Groups/electionAuthors/Election-Results/2024/2024-November-4-General-Election-WardbyWard-Reults.pdf,Official City of Milwaukee ward-by-ward report. Registered voter counts are treated as pre-Election-Day unless a final-denominator source is found.
WI,Milwaukee,City of Milwaukee,Ward 265,ward,1447,1611,preElectionDay,registered_voters,local_partial,true,https://city.milwaukee.gov/ImageLibrary/Groups/electionAuthors/Election-Results/2024/2024-November-4-General-Election-WardbyWard-Reults.pdf,Official City of Milwaukee ward-by-ward report. Registered voter counts are treated as pre-Election-Day unless a final-denominator source is found.
WI,Milwaukee,City of Milwaukee,Ward 266,ward,1280,1399,preElectionDay,registered_voters,local_partial,true,https://city.milwaukee.gov/ImageLibrary/Groups/electionAuthors/Election-Results/2024/2024-November-4-General-Election-WardbyWard-Reults.pdf,Official City of Milwaukee ward-by-ward report. Registered voter counts are treated as pre-Election-Day unless a final-denominator source is found.
WI,Milwaukee,City of Milwaukee,Ward 267,ward,1264,1431,preElectionDay,registered_voters,local_partial,true,https://city.milwaukee.gov/ImageLibrary/Groups/electionAuthors/Election-Results/2024/2024-November-4-General-Election-WardbyWard-Reults.pdf,Official City of Milwaukee ward-by-ward report. Registered voter counts are treated as pre-Election-Day unless a final-denominator source is found.
WI,Milwaukee,City of Milwaukee,Ward 268,ward,624,711,preElectionDay,registered_voters,local_partial,true,https://city.milwaukee.gov/ImageLibrary/Groups/electionAuthors/Election-Results/2024/2024-November-4-General-Election-WardbyWard-Reults.pdf,Official City of Milwaukee ward-by-ward report. Registered voter counts are treated as pre-Election-Day unless a final-denominator source is found.
WI,Milwaukee,City of Milwaukee,Ward 269,ward,763,855,preElectionDay,registered_voters,local_partial,true,https://city.milwaukee.gov/ImageLibrary/Groups/electionAuthors/Election-Results/2024/2024-November-4-General-Election-WardbyWard-Reults.pdf,Official City of Milwaukee ward-by-ward report. Registered voter counts are treated as pre-Election-Day unless a final-denominator source is found.
WI,Milwaukee,City of Milwaukee,Ward 270,ward,1301,1456,preElectionDay,registered_voters,local_partial,true,https://city.milwaukee.gov/ImageLibrary/Groups/electionAuthors/Election-Results/2024/2024-November-4-General-Election-WardbyWard-Reults.pdf,Official City of Milwaukee ward-by-ward report. Registered voter counts are treated as pre-Election-Day unless a final-denominator source is found.
WI,Milwaukee,City of Milwaukee,Ward 271,ward,742,850,preElectionDay,registered_voters,local_partial,true,https://city.milwaukee.gov/ImageLibrary/Groups/electionAuthors/Election-Results/2024/2024-November-4-General-Election-WardbyWard-Reults.pdf,Official City of Milwaukee ward-by-ward report. Registered voter counts are treated as pre-Election-Day unless a final-denominator source is found.
WI,Milwaukee,City of Milwaukee,Ward 272,ward,923,1040,preElectionDay,registered_voters,local_partial,true,https://city.milwaukee.gov/ImageLibrary/Groups/electionAuthors/Election-Results/2024/2024-November-4-General-Election-WardbyWard-Reults.pdf,Official City of Milwaukee ward-by-ward report. Registered voter counts are treated as pre-Election-Day unless a final-denominator source is found.
WI,Milwaukee,City of Milwaukee,Ward 273,ward,359,416,preElectionDay,registered_voters,local_partial,true,https://city.milwaukee.gov/ImageLibrary/Groups/electionAuthors/Election-Results/2024/2024-November-4-General-Election-WardbyWard-Reults.pdf,Official City of Milwaukee ward-by-ward report. Registered voter counts are treated as pre-Election-Day unless a final-denominator source is found.
WI,Milwaukee,City of Milwaukee,Ward 274,ward,356,408,preElectionDay,registered_voters,local_partial,true,https://city.milwaukee.gov/ImageLibrary/Groups/electionAuthors/Election-Results/2024/2024-November-4-General-Election-WardbyWard-Reults.pdf,Official City of Milwaukee ward-by-ward report. Registered voter counts are treated as pre-Election-Day unless a final-denominator source is found.
WI,Milwaukee,City of Milwaukee,Ward 275,ward,494,532,preElectionDay,registered_voters,local_partial,true,https://city.milwaukee.gov/ImageLibrary/Groups/electionAuthors/Election-Results/2024/2024-November-4-General-Election-WardbyWard-Reults.pdf,Official City of Milwaukee ward-by-ward report. Registered voter counts are treated as pre-Election-Day unless a final-denominator source is found.
WI,Milwaukee,City of Milwaukee,Ward 276,ward,1399,1563,preElectionDay,registered_voters,local_partial,true,https://city.milwaukee.gov/ImageLibrary/Groups/electionAuthors/Election-Results/2024/2024-November-4-General-Election-WardbyWard-Reults.pdf,Official City of Milwaukee ward-by-ward report. Registered voter counts are treated as pre-Election-Day unless a final-denominator source is found.
WI,Milwaukee,City of Milwaukee,Ward 277,ward,682,765,preElectionDay,registered_voters,local_partial,true,https://city.milwaukee.gov/ImageLibrary/Groups/electionAuthors/Election-Results/2024/2024-November-4-General-Election-WardbyWard-Reults.pdf,Official City of Milwaukee ward-by-ward report. Registered voter counts are treated as pre-Election-Day unless a final-denominator source is found.
WI,Milwaukee,City of Milwaukee,Ward 278,ward,478,581,preElectionDay,registered_voters,local_partial,true,https://city.milwaukee.gov/ImageLibrary/Groups/electionAuthors/Election-Results/2024/2024-November-4-General-Election-WardbyWard-Reults.pdf,Official City of Milwaukee ward-by-ward report. Registered voter counts are treated as pre-Election-Day unless a final-denominator source is found.
WI,Milwaukee,City of Milwaukee,Ward 279,ward,557,624,preElectionDay,registered_voters,local_partial,true,https://city.milwaukee.gov/ImageLibrary/Groups/electionAuthors/Election-Results/2024/2024-November-4-General-Election-WardbyWard-Reults.pdf,Official City of Milwaukee ward-by-ward report. Registered voter counts are treated as pre-Election-Day unless a final-denominator source is found.
WI,Milwaukee,City of Milwaukee,Ward 280,ward,567,622,preElectionDay,registered_voters,local_partial,true,https://city.milwaukee.gov/ImageLibrary/Groups/electionAuthors/Election-Results/2024/2024-November-4-General-Election-WardbyWard-Reults.pdf,Official City of Milwaukee ward-by-ward report. Registered voter counts are treated as pre-Election-Day unless a final-denominator source is found.
WI,Milwaukee,City of Milwaukee,Ward 281,ward,797,868,preElectionDay,registered_voters,local_partial,true,https://city.milwaukee.gov/ImageLibrary/Groups/electionAuthors/Election-Results/2024/2024-November-4-General-Election-WardbyWard-Reults.pdf,Official City of Milwaukee ward-by-ward report. Registered voter counts are treated as pre-Election-Day unless a final-denominator source is found.
WI,Milwaukee,City of Milwaukee,Ward 282,ward,629,703,preElectionDay,registered_voters,local_partial,true,https://city.milwaukee.gov/ImageLibrary/Groups/electionAuthors/Election-Results/2024/2024-November-4-General-Election-WardbyWard-Reults.pdf,Official City of Milwaukee ward-by-ward report. Registered voter counts are treated as pre-Election-Day unless a final-denominator source is found.
WI,Milwaukee,City of Milwaukee,Ward 283,ward,122,143,preElectionDay,registered_voters,local_partial,true,https://city.milwaukee.gov/ImageLibrary/Groups/electionAuthors/Election-Results/2024/2024-November-4-General-Election-WardbyWard-Reults.pdf,Official City of Milwaukee ward-by-ward report. Registered voter counts are treated as pre-Election-Day unless a final-denominator source is found.
WI,Milwaukee,City of Milwaukee,Ward 284,ward,922,996,preElectionDay,registered_voters,local_partial,true,https://city.milwaukee.gov/ImageLibrary/Groups/electionAuthors/Election-Results/2024/2024-November-4-General-Election-WardbyWard-Reults.pdf,Official City of Milwaukee ward-by-ward report. Registered voter counts are treated as pre-Election-Day unless a final-denominator source is found.
WI,Milwaukee,City of Milwaukee,Ward 285,ward,840,947,preElectionDay,registered_voters,local_partial,true,https://city.milwaukee.gov/ImageLibrary/Groups/electionAuthors/Election-Results/2024/2024-November-4-General-Election-WardbyWard-Reults.pdf,Official City of Milwaukee ward-by-ward report. Registered voter counts are treated as pre-Election-Day unless a final-denominator source is found.
WI,Milwaukee,City of Milwaukee,Ward 286,ward,726,785,preElectionDay,registered_voters,local_partial,true,https://city.milwaukee.gov/ImageLibrary/Groups/electionAuthors/Election-Results/2024/2024-November-4-General-Election-WardbyWard-Reults.pdf,Official City of Milwaukee ward-by-ward report. Registered voter counts are treated as pre-Election-Day unless a final-denominator source is found.
WI,Milwaukee,City of Milwaukee,Ward 287,ward,891,1001,preElectionDay,registered_voters,local_partial,true,https://city.milwaukee.gov/ImageLibrary/Groups/electionAuthors/Election-Results/2024/2024-November-4-General-Election-WardbyWard-Reults.pdf,Official City of Milwaukee ward-by-ward report. Registered voter counts are treated as pre-Election-Day unless a final-denominator source is found.
WI,Milwaukee,City of Milwaukee,Ward 288,ward,1199,1262,preElectionDay,registered_voters,local_partial,true,https://city.milwaukee.gov/ImageLibrary/Groups/electionAuthors/Election-Results/2024/2024-November-4-General-Election-WardbyWard-Reults.pdf,Official City of Milwaukee ward-by-ward report. Registered voter counts are treated as pre-Election-Day unless a final-denominator source is found.
WI,Milwaukee,City of Milwaukee,Ward 289,ward,1164,1271,preElectionDay,registered_voters,local_partial,true,https://city.milwaukee.gov/ImageLibrary/Groups/electionAuthors/Election-Results/2024/2024-November-4-General-Election-WardbyWard-Reults.pdf,Official City of Milwaukee ward-by-ward report. Registered voter counts are treated as pre-Election-Day unless a final-denominator source is found.
WI,Milwaukee,City of Milwaukee,Ward 291,ward,790,865,preElectionDay,registered_voters,local_partial,true,https://city.milwaukee.gov/ImageLibrary/Groups/electionAuthors/Election-Results/2024/2024-November-4-General-Election-WardbyWard-Reults.pdf,Official City of Milwaukee ward-by-ward report. Registered voter counts are treated as pre-Election-Day unless a final-denominator source is found.
WI,Milwaukee,City of Milwaukee,Ward 292,ward,733,829,preElectionDay,registered_voters,local_partial,true,https://city.milwaukee.gov/ImageLibrary/Groups/electionAuthors/Election-Results/2024/2024-November-4-General-Election-WardbyWard-Reults.pdf,Official City of Milwaukee ward-by-ward report. Registered voter counts are treated as pre-Election-Day unless a final-denominator source is found.
WI,Milwaukee,City of Milwaukee,Ward 293,ward,1148,1257,preElectionDay,registered_voters,local_partial,true,https://city.milwaukee.gov/ImageLibrary/Groups/electionAuthors/Election-Results/2024/2024-November-4-General-Election-WardbyWard-Reults.pdf,Official City of Milwaukee ward-by-ward report. Registered voter counts are treated as pre-Election-Day unless a final-denominator source is found.
WI,Milwaukee,City of Milwaukee,Ward 294,ward,730,816,preElectionDay,registered_voters,local_partial,true,https://city.milwaukee.gov/ImageLibrary/Groups/electionAuthors/Election-Results/2024/2024-November-4-General-Election-WardbyWard-Reults.pdf,Official City of Milwaukee ward-by-ward report. Registered voter counts are treated as pre-Election-Day unless a final-denominator source is found.
WI,Milwaukee,City of Milwaukee,Ward 295,ward,1156,1350,preElectionDay,registered_voters,local_partial,true,https://city.milwaukee.gov/ImageLibrary/Groups/electionAuthors/Election-Results/2024/2024-November-4-General-Election-WardbyWard-Reults.pdf,Official City of Milwaukee ward-by-ward report. Registered voter counts are treated as pre-Election-Day unless a final-denominator source is found.
WI,Milwaukee,City of Milwaukee,Ward 296,ward,1129,1234,preElectionDay,registered_voters,local_partial,true,https://city.milwaukee.gov/ImageLibrary/Groups/electionAuthors/Election-Results/2024/2024-November-4-General-Election-WardbyWard-Reults.pdf,Official City of Milwaukee ward-by-ward report. Registered voter counts are treated as pre-Election-Day unless a final-denominator source is found.
WI,Milwaukee,City of Milwaukee,Ward 297,ward,377,461,preElectionDay,registered_voters,local_partial,true,https://city.milwaukee.gov/ImageLibrary/Groups/electionAuthors/Election-Results/2024/2024-November-4-General-Election-WardbyWard-Reults.pdf,Official City of Milwaukee ward-by-ward report. Registered voter counts are treated as pre-Election-Day unless a final-denominator source is found.
WI,Milwaukee,City of Milwaukee,Ward 298,ward,635,752,preElectionDay,registered_voters,local_partial,true,https://city.milwaukee.gov/ImageLibrary/Groups/electionAuthors/Election-Results/2024/2024-November-4-General-Election-WardbyWard-Reults.pdf,Official City of Milwaukee ward-by-ward report. Registered voter counts are treated as pre-Election-Day unless a final-denominator source is found.
WI,Milwaukee,City of Milwaukee,Ward 299,ward,892,983,preElectionDay,registered_voters,local_partial,true,https://city.milwaukee.gov/ImageLibrary/Groups/electionAuthors/Election-Results/2024/2024-November-4-General-Election-WardbyWard-Reults.pdf,Official City of Milwaukee ward-by-ward report. Registered voter counts are treated as pre-Election-Day unless a final-denominator source is found.
WI,Milwaukee,City of Milwaukee,Ward 300,ward,1051,1077,preElectionDay,registered_voters,local_partial,true,https://city.milwaukee.gov/ImageLibrary/Groups/electionAuthors/Election-Results/2024/2024-November-4-General-Election-WardbyWard-Reults.pdf,Official City of Milwaukee ward-by-ward report. Registered voter counts are treated as pre-Election-Day unless a final-denominator source is found.
WI,Milwaukee,City of Milwaukee,Ward 301,ward,699,810,preElectionDay,registered_voters,local_partial,true,https://city.milwaukee.gov/ImageLibrary/Groups/electionAuthors/Election-Results/2024/2024-November-4-General-Election-WardbyWard-Reults.pdf,Official City of Milwaukee ward-by-ward report. Registered voter counts are treated as pre-Election-Day unless a final-denominator source is found.
WI,Milwaukee,City of Milwaukee,Ward 302,ward,894,962,preElectionDay,registered_voters,local_partial,true,https://city.milwaukee.gov/ImageLibrary/Groups/electionAuthors/Election-Results/2024/2024-November-4-General-Election-WardbyWard-Reults.pdf,Official City of Milwaukee ward-by-ward report. Registered voter counts are treated as pre-Election-Day unless a final-denominator source is found.
WI,Milwaukee,City of Milwaukee,Ward 303,ward,789,818,preElectionDay,registered_voters,local_partial,true,https://city.milwaukee.gov/ImageLibrary/Groups/electionAuthors/Election-Results/2024/2024-November-4-General-Election-WardbyWard-Reults.pdf,Official City of Milwaukee ward-by-ward report. Registered voter counts are treated as pre-Election-Day unless a final-denominator source is found.
WI,Milwaukee,City of Milwaukee,Ward 304,ward,1268,1434,preElectionDay,registered_voters,local_partial,true,https://city.milwaukee.gov/ImageLibrary/Groups/electionAuthors/Election-Results/2024/2024-November-4-General-Election-WardbyWard-Reults.pdf,Official City of Milwaukee ward-by-ward report. Registered voter counts are treated as pre-Election-Day unless a final-denominator source is found.
WI,Milwaukee,City of Milwaukee,Ward 305,ward,245,324,preElectionDay,registered_voters,local_partial,true,https://city.milwaukee.gov/ImageLibrary/Groups/electionAuthors/Election-Results/2024/2024-November-4-General-Election-WardbyWard-Reults.pdf,Official City of Milwaukee ward-by-ward report. Registered voter counts are treated as pre-Election-Day unless a final-denominator source is found.
WI,Milwaukee,City of Milwaukee,Ward 306,ward,207,284,preElectionDay,registered_voters,local_partial,true,https://city.milwaukee.gov/ImageLibrary/Groups/electionAuthors/Election-Results/2024/2024-November-4-General-Election-WardbyWard-Reults.pdf,Official City of Milwaukee ward-by-ward report. Registered voter counts are treated as pre-Election-Day unless a final-denominator source is found.
WI,Milwaukee,City of Milwaukee,Ward 307,ward,192,256,preElectionDay,registered_voters,local_partial,true,https://city.milwaukee.gov/ImageLibrary/Groups/electionAuthors/Election-Results/2024/2024-November-4-General-Election-WardbyWard-Reults.pdf,Official City of Milwaukee ward-by-ward report. Registered voter counts are treated as pre-Election-Day unless a final-denominator source is found.
WI,Milwaukee,City of Milwaukee,Ward 308,ward,233,326,preElectionDay,registered_voters,local_partial,true,https://city.milwaukee.gov/ImageLibrary/Groups/electionAuthors/Election-Results/2024/2024-November-4-General-Election-WardbyWard-Reults.pdf,Official City of Milwaukee ward-by-ward report. Registered voter counts are treated as pre-Election-Day unless a final-denominator source is found.
WI,Milwaukee,City of Milwaukee,Ward 309,ward,526,719,preElectionDay,registered_voters,local_partial,true,https://city.milwaukee.gov/ImageLibrary/Groups/electionAuthors/Election-Results/2024/2024-November-4-General-Election-WardbyWard-Reults.pdf,Official City of Milwaukee ward-by-ward report. Registered voter counts are treated as pre-Election-Day unless a final-denominator source is found.
WI,Milwaukee,City of Milwaukee,Ward 310,ward,379,433,preElectionDay,registered_voters,local_partial,true,https://city.milwaukee.gov/ImageLibrary/Groups/electionAuthors/Election-Results/2024/2024-November-4-General-Election-WardbyWard-Reults.pdf,Official City of Milwaukee ward-by-ward report. Registered voter counts are treated as pre-Election-Day unless a final-denominator source is found.
WI,Milwaukee,City of Milwaukee,Ward 311,ward,791,859,preElectionDay,registered_voters,local_partial,true,https://city.milwaukee.gov/ImageLibrary/Groups/electionAuthors/Election-Results/2024/2024-November-4-General-Election-WardbyWard-Reults.pdf,Official City of Milwaukee ward-by-ward report. Registered voter counts are treated as pre-Election-Day unless a final-denominator source is found.
WI,Milwaukee,City of Milwaukee,Ward 312,ward,356,438,preElectionDay,registered_voters,local_partial,true,https://city.milwaukee.gov/ImageLibrary/Groups/electionAuthors/Election-Results/2024/2024-November-4-General-Election-WardbyWard-Reults.pdf,Official City of Milwaukee ward-by-ward report. Registered voter counts are treated as pre-Election-Day unless a final-denominator source is found.
WI,Milwaukee,City of Milwaukee,Ward 313,ward,585,615,preElectionDay,registered_voters,local_partial,true,https://city.milwaukee.gov/ImageLibrary/Groups/electionAuthors/Election-Results/2024/2024-November-4-General-Election-WardbyWard-Reults.pdf,Official City of Milwaukee ward-by-ward report. Registered voter counts are treated as pre-Election-Day unless a final-denominator source is found.
WI,Milwaukee,City of Milwaukee,Ward 314,ward,524,568,preElectionDay,registered_voters,local_partial,true,https://city.milwaukee.gov/ImageLibrary/Groups/electionAuthors/Election-Results/2024/2024-November-4-General-Election-WardbyWard-Reults.pdf,Official City of Milwaukee ward-by-ward report. Registered voter counts are treated as pre-Election-Day unless a final-denominator source is found.
WI,Milwaukee,City of Milwaukee,Ward 315,ward,1273,1574,preElectionDay,registered_voters,local_partial,true,https://city.milwaukee.gov/ImageLibrary/Groups/electionAuthors/Election-Results/2024/2024-November-4-General-Election-WardbyWard-Reults.pdf,Official City of Milwaukee ward-by-ward report. Registered voter counts are treated as pre-Election-Day unless a final-denominator source is found.
WI,Milwaukee,City of Milwaukee,Ward 316,ward,0,0,preElectionDay,registered_voters,local_partial,true,https://city.milwaukee.gov/ImageLibrary/Groups/electionAuthors/Election-Results/2024/2024-November-4-General-Election-WardbyWard-Reults.pdf,Official City of Milwaukee ward-by-ward report. Registered voter counts are treated as pre-Election-Day unless a final-denominator source is found.
WI,Milwaukee,City of Milwaukee,Ward 317,ward,0,0,preElectionDay,registered_voters,local_partial,true,https://city.milwaukee.gov/ImageLibrary/Groups/electionAuthors/Election-Results/2024/2024-November-4-General-Election-WardbyWard-Reults.pdf,Official City of Milwaukee ward-by-ward report. Registered voter counts are treated as pre-Election-Day unless a final-denominator source is found.
WI,Milwaukee,City of Milwaukee,Ward 318,ward,201,323,preElectionDay,registered_voters,local_partial,true,https://city.milwaukee.gov/ImageLibrary/Groups/electionAuthors/Election-Results/2024/2024-November-4-General-Election-WardbyWard-Reults.pdf,Official City of Milwaukee ward-by-ward report. Registered voter counts are treated as pre-Election-Day unless a final-denominator source is found.
WI,Milwaukee,City of Milwaukee,Ward 319,ward,90,103,preElectionDay,registered_voters,local_partial,true,https://city.milwaukee.gov/ImageLibrary/Groups/electionAuthors/Election-Results/2024/2024-November-4-General-Election-WardbyWard-Reults.pdf,Official City of Milwaukee ward-by-ward report. Registered voter counts are treated as pre-Election-Day unless a final-denominator source is found.
WI,Milwaukee,City of Milwaukee,Ward 320,ward,96,104,preElectionDay,registered_voters,local_partial,true,https://city.milwaukee.gov/ImageLibrary/Groups/electionAuthors/Election-Results/2024/2024-November-4-General-Election-WardbyWard-Reults.pdf,Official City of Milwaukee ward-by-ward report. Registered voter counts are treated as pre-Election-Day unless a final-denominator source is found.
WI,Milwaukee,City of Milwaukee,Ward 321,ward,292,333,preElectionDay,registered_voters,local_partial,true,https://city.milwaukee.gov/ImageLibrary/Groups/electionAuthors/Election-Results/2024/2024-November-4-General-Election-WardbyWard-Reults.pdf,Official City of Milwaukee ward-by-ward report. Registered voter counts are treated as pre-Election-Day unless a final-denominator source is found.
WI,Milwaukee,City of Milwaukee,Ward 322,ward,205,275,preElectionDay,registered_voters,local_partial,true,https://city.milwaukee.gov/ImageLibrary/Groups/electionAuthors/Election-Results/2024/2024-November-4-General-Election-WardbyWard-Reults.pdf,Official City of Milwaukee ward-by-ward report. Registered voter counts are treated as pre-Election-Day unless a final-denominator source is found.
WI,Milwaukee,City of Milwaukee,Ward 323,ward,180,222,preElectionDay,registered_voters,local_partial,true,https://city.milwaukee.gov/ImageLibrary/Groups/electionAuthors/Election-Results/2024/2024-November-4-General-Election-WardbyWard-Reults.pdf,Official City of Milwaukee ward-by-ward report. Registered voter counts are treated as pre-Election-Day unless a final-denominator source is found.
WI,Milwaukee,City of Milwaukee,Ward 324,ward,327,419,preElectionDay,registered_voters,local_partial,true,https://city.milwaukee.gov/ImageLibrary/Groups/electionAuthors/Election-Results/2024/2024-November-4-General-Election-WardbyWard-Reults.pdf,Official City of Milwaukee ward-by-ward report. Registered voter counts are treated as pre-Election-Day unless a final-denominator source is found.
WI,Milwaukee,City of Milwaukee,Ward 325,ward,124,183,preElectionDay,registered_voters,local_partial,true,https://city.milwaukee.gov/ImageLibrary/Groups/electionAuthors/Election-Results/2024/2024-November-4-General-Election-WardbyWard-Reults.pdf,Official City of Milwaukee ward-by-ward report. Registered voter counts are treated as pre-Election-Day unless a final-denominator source is found.
WI,Milwaukee,City of Milwaukee,Ward 326,ward,14,19,preElectionDay,registered_voters,local_partial,true,https://city.milwaukee.gov/ImageLibrary/Groups/electionAuthors/Election-Results/2024/2024-November-4-General-Election-WardbyWard-Reults.pdf,Official City of Milwaukee ward-by-ward report. Registered voter counts are treated as pre-Election-Day unless a final-denominator source is found.
WI,Milwaukee,City of Milwaukee,Ward 327,ward,0,0,preElectionDay,registered_voters,local_partial,true,https://city.milwaukee.gov/ImageLibrary/Groups/electionAuthors/Election-Results/2024/2024-November-4-General-Election-WardbyWard-Reults.pdf,Official City of Milwaukee ward-by-ward report. Registered voter counts are treated as pre-Election-Day unless a final-denominator source is found.
WI,Milwaukee,City of Milwaukee,Ward 328,ward,383,433,preElectionDay,registered_voters,local_partial,true,https://city.milwaukee.gov/ImageLibrary/Groups/electionAuthors/Election-Results/2024/2024-November-4-General-Election-WardbyWard-Reults.pdf,Official City of Milwaukee ward-by-ward report. Registered voter counts are treated as pre-Election-Day unless a final-denominator source is found.
WI,Milwaukee,City of Milwaukee,Ward 329,ward,47,59,preElectionDay,registered_voters,local_partial,true,https://city.milwaukee.gov/ImageLibrary/Groups/electionAuthors/Election-Results/2024/2024-November-4-General-Election-WardbyWard-Reults.pdf,Official City of Milwaukee ward-by-ward report. Registered voter counts are treated as pre-Election-Day unless a final-denominator source is found.
WI,Milwaukee,City of Milwaukee,Ward 330,ward,200,242,preElectionDay,registered_voters,local_partial,true,https://city.milwaukee.gov/ImageLibrary/Groups/electionAuthors/Election-Results/2024/2024-November-4-General-Election-WardbyWard-Reults.pdf,Official City of Milwaukee ward-by-ward report. Registered voter counts are treated as pre-Election-Day unless a final-denominator source is found.
WI,Milwaukee,City of Milwaukee,Ward 331,ward,559,673,preElectionDay,registered_voters,local_partial,true,https://city.milwaukee.gov/ImageLibrary/Groups/electionAuthors/Election-Results/2024/2024-November-4-General-Election-WardbyWard-Reults.pdf,Official City of Milwaukee ward-by-ward report. Registered voter counts are treated as pre-Election-Day unless a final-denominator source is found.
WI,Milwaukee,City of Milwaukee,Ward 332,ward,158,176,preElectionDay,registered_voters,local_partial,true,https://city.milwaukee.gov/ImageLibrary/Groups/electionAuthors/Election-Results/2024/2024-November-4-General-Election-WardbyWard-Reults.pdf,Official City of Milwaukee ward-by-ward report. Registered voter counts are treated as pre-Election-Day unless a final-denominator source is found.
WI,Milwaukee,City of Milwaukee,Ward 333,ward,27,30,preElectionDay,registered_voters,local_partial,true,https://city.milwaukee.gov/ImageLibrary/Groups/electionAuthors/Election-Results/2024/2024-November-4-General-Election-WardbyWard-Reults.pdf,Official City of Milwaukee ward-by-ward report. Registered voter counts are treated as pre-Election-Day unless a final-denominator source is found.
WI,Milwaukee,City of Milwaukee,Ward 334,ward,89,121,preElectionDay,registered_voters,local_partial,true,https://city.milwaukee.gov/ImageLibrary/Groups/electionAuthors/Election-Results/2024/2024-November-4-General-Election-WardbyWard-Reults.pdf,Official City of Milwaukee ward-by-ward report. Registered voter counts are treated as pre-Election-Day unless a final-denominator source is found.
WI,Milwaukee,City of Milwaukee,Ward 335,ward,416,280,preElectionDay,registered_voters,local_partial,true,https://city.milwaukee.gov/ImageLibrary/Groups/electionAuthors/Election-Results/2024/2024-November-4-General-Election-WardbyWard-Reults.pdf,Official City of Milwaukee ward-by-ward report. Registered voter counts are treated as pre-Election-Day unless a final-denominator source is found.
WI,Milwaukee,City of Milwaukee,Ward 336,ward,187,254,preElectionDay,registered_voters,local_partial,true,https://city.milwaukee.gov/ImageLibrary/Groups/electionAuthors/Election-Results/2024/2024-November-4-General-Election-WardbyWard-Reults.pdf,Official City of Milwaukee ward-by-ward report. Registered voter counts are treated as pre-Election-Day unless a final-denominator source is found.
WI,Milwaukee,City of Milwaukee,Ward 337,ward,0,0,preElectionDay,registered_voters,local_partial,true,https://city.milwaukee.gov/ImageLibrary/Groups/electionAuthors/Election-Results/2024/2024-November-4-General-Election-WardbyWard-Reults.pdf,Official City of Milwaukee ward-by-ward report. Registered voter counts are treated as pre-Election-Day unless a final-denominator source is found.
WI,Milwaukee,City of Milwaukee,Ward 338,ward,0,0,preElectionDay,registered_voters,local_partial,true,https://city.milwaukee.gov/ImageLibrary/Groups/electionAuthors/Election-Results/2024/2024-November-4-General-Election-WardbyWard-Reults.pdf,Official City of Milwaukee ward-by-ward report. Registered voter counts are treated as pre-Election-Day unless a final-denominator source is found.
WI,Milwaukee,City of Milwaukee,Ward 339,ward,43,64,preElectionDay,registered_voters,local_partial,true,https://city.milwaukee.gov/ImageLibrary/Groups/electionAuthors/Election-Results/2024/2024-November-4-General-Election-WardbyWard-Reults.pdf,Official City of Milwaukee ward-by-ward report. Registered voter counts are treated as pre-Election-Day unless a final-denominator source is found.
WI,Milwaukee,City of Milwaukee,Ward 340,ward,0,0,preElectionDay,registered_voters,local_partial,true,https://city.milwaukee.gov/ImageLibrary/Groups/electionAuthors/Election-Results/2024/2024-November-4-General-Election-WardbyWard-Reults.pdf,Official City of Milwaukee ward-by-ward report. Registered voter counts are treated as pre-Election-Day unless a final-denominator source is found.
WI,Milwaukee,City of Milwaukee,Ward 341,ward,0,0,preElectionDay,registered_voters,local_partial,true,https://city.milwaukee.gov/ImageLibrary/Groups/electionAuthors/Election-Results/2024/2024-November-4-General-Election-WardbyWard-Reults.pdf,Official City of Milwaukee ward-by-ward report. Registered voter counts are treated as pre-Election-Day unless a final-denominator source is found.
WI,Milwaukee,City of Milwaukee,Ward 342,ward,101,100,preElectionDay,registered_voters,local_partial,true,https://city.milwaukee.gov/ImageLibrary/Groups/electionAuthors/Election-Results/2024/2024-November-4-General-Election-WardbyWard-Reults.pdf,Official City of Milwaukee ward-by-ward report. Registered voter counts are treated as pre-Election-Day unless a final-denominator source is found.
WI,Milwaukee,City of Milwaukee,Ward 343,ward,310,340,preElectionDay,registered_voters,local_partial,true,https://city.milwaukee.gov/ImageLibrary/Groups/electionAuthors/Election-Results/2024/2024-November-4-General-Election-WardbyWard-Reults.pdf,Official City of Milwaukee ward-by-ward report. Registered voter counts are treated as pre-Election-Day unless a final-denominator source is found.
WI,Milwaukee,City of Milwaukee,Ward 344,ward,381,408,preElectionDay,registered_voters,local_partial,true,https://city.milwaukee.gov/ImageLibrary/Groups/electionAuthors/Election-Results/2024/2024-November-4-General-Election-WardbyWard-Reults.pdf,Official City of Milwaukee ward-by-ward report. Registered voter counts are treated as pre-Election-Day unless a final-denominator source is found.
WI,Milwaukee,City of Milwaukee,Ward 345,ward,535,565,preElectionDay,registered_voters,local_partial,true,https://city.milwaukee.gov/ImageLibrary/Groups/electionAuthors/Election-Results/2024/2024-November-4-General-Election-WardbyWard-Reults.pdf,Official City of Milwaukee ward-by-ward report. Registered voter counts are treated as pre-Election-Day unless a final-denominator source is found.
WI,Milwaukee,City of Milwaukee,Ward 346,ward,123,142,preElectionDay,registered_voters,local_partial,true,https://city.milwaukee.gov/ImageLibrary/Groups/electionAuthors/Election-Results/2024/2024-November-4-General-Election-WardbyWard-Reults.pdf,Official City of Milwaukee ward-by-ward report. Registered voter counts are treated as pre-Election-Day unless a final-denominator source is found.
WI,Milwaukee,City of Milwaukee,Ward 347,ward,650,702,preElectionDay,registered_voters,local_partial,true,https://city.milwaukee.gov/ImageLibrary/Groups/electionAuthors/Election-Results/2024/2024-November-4-General-Election-WardbyWard-Reults.pdf,Official City of Milwaukee ward-by-ward report. Registered voter counts are treated as pre-Election-Day unless a final-denominator source is found.
WI,Milwaukee,City of Milwaukee,Ward 348,ward,595,665,preElectionDay,registered_voters,local_partial,true,https://city.milwaukee.gov/ImageLibrary/Groups/electionAuthors/Election-Results/2024/2024-November-4-General-Election-WardbyWard-Reults.pdf,Official City of Milwaukee ward-by-ward report. Registered voter counts are treated as pre-Election-Day unless a final-denominator source is found.
WI,Milwaukee,City of Milwaukee,Ward 349,ward,740,807,preElectionDay,registered_voters,local_partial,true,https://city.milwaukee.gov/ImageLibrary/Groups/electionAuthors/Election-Results/2024/2024-November-4-General-Election-WardbyWard-Reults.pdf,Official City of Milwaukee ward-by-ward report. Registered voter counts are treated as pre-Election-Day unless a final-denominator source is found.
WI,Milwaukee,City of Milwaukee,Ward 350,ward,6,5,preElectionDay,registered_voters,local_partial,true,https://city.milwaukee.gov/ImageLibrary/Groups/electionAuthors/Election-Results/2024/2024-November-4-General-Election-WardbyWard-Reults.pdf,Official City of Milwaukee ward-by-ward report. Registered voter counts are treated as pre-Election-Day unless a final-denominator source is found.
WI,Milwaukee,City of Milwaukee,Ward 351,ward,0,0,preElectionDay,registered_voters,local_partial,true,https://city.milwaukee.gov/ImageLibrary/Groups/electionAuthors/Election-Results/2024/2024-November-4-General-Election-WardbyWard-Reults.pdf,Official City of Milwaukee ward-by-ward report. Registered voter counts are treated as pre-Election-Day unless a final-denominator source is found.
WI,Milwaukee,City of Milwaukee,Ward 352,ward,0,0,preElectionDay,registered_voters,local_partial,true,https://city.milwaukee.gov/ImageLibrary/Groups/electionAuthors/Election-Results/2024/2024-November-4-General-Election-WardbyWard-Reults.pdf,Official City of Milwaukee ward-by-ward report. Registered voter counts are treated as pre-Election-Day unless a final-denominator source is found.
WI,Milwaukee,City of Milwaukee,Ward 353,ward,0,0,preElectionDay,registered_voters,local_partial,true,https://city.milwaukee.gov/ImageLibrary/Groups/electionAuthors/Election-Results/2024/2024-November-4-General-Election-WardbyWard-Reults.pdf,Official City of Milwaukee ward-by-ward report. Registered voter counts are treated as pre-Election-Day unless a final-denominator source is found.
WI,Milwaukee,City of Milwaukee,Ward 354,ward,0,0,preElectionDay,registered_voters,local_partial,true,https://city.milwaukee.gov/ImageLibrary/Groups/electionAuthors/Election-Results/2024/2024-November-4-General-Election-WardbyWard-Reults.pdf,Official City of Milwaukee ward-by-ward report. Registered voter counts are treated as pre-Election-Day unless a final-denominator source is found.
WI,Milwaukee,City of Milwaukee,Ward 355,ward,58,65,preElectionDay,registered_voters,local_partial,true,https://city.milwaukee.gov/ImageLibrary/Groups/electionAuthors/Election-Results/2024/2024-November-4-General-Election-WardbyWard-Reults.pdf,Official City of Milwaukee ward-by-ward report. Registered voter counts are treated as pre-Election-Day unless a final-denominator source is found.
WI,Milwaukee,City of Milwaukee,Ward 356,ward,137,151,preElectionDay,registered_voters,local_partial,true,https://city.milwaukee.gov/ImageLibrary/Groups/electionAuthors/Election-Results/2024/2024-November-4-General-Election-WardbyWard-Reults.pdf,Official City of Milwaukee ward-by-ward report. Registered voter counts are treated as pre-Election-Day unless a final-denominator source is found.
WI,Dane,Dane County,County total,county,367502,398500,final,registered_voters,county_only,false,https://elections.countyofdane.com/Election-Result/172,Official Dane County 2024 General Election canvass page. This is a county-level turnout total
WI,Jefferson,Town of Aztalan,"Town of Aztalan (W1,3)",ward,562,582,unknown,registered_voters,local_partial,true,https://apps.jeffersoncountywi.gov/jc/election/results/11052024,"Jefferson County hosted 2024 Fall General Election results page. Registered-voter denominator timing is not stated, so the app treats it as unknown and warning-gated."
WI,Jefferson,Town of Aztalan,"Town of Aztalan (W2,4)",ward,341,352,unknown,registered_voters,local_partial,true,https://apps.jeffersoncountywi.gov/jc/election/results/11052024,"Jefferson County hosted 2024 Fall General Election results page. Registered-voter denominator timing is not stated, so the app treats it as unknown and warning-gated."
WI,Jefferson,Town of Cold Spring,Town of Cold Spring (W1),ward,502,499,unknown,registered_voters,local_partial,true,https://apps.jeffersoncountywi.gov/jc/election/results/11052024,"Jefferson County hosted 2024 Fall General Election results page. Registered-voter denominator timing is not stated, so the app treats it as unknown and warning-gated."
WI,Jefferson,Town of Concord,"Town of Concord (W1,2)",ward,1387,1417,unknown,registered_voters,local_partial,true,https://apps.jeffersoncountywi.gov/jc/election/results/11052024,"Jefferson County hosted 2024 Fall General Election results page. Registered-voter denominator timing is not stated, so the app treats it as unknown and warning-gated."
WI,Jefferson,Town of Farmington,Town of Farmington (W1-3),ward,993,1049,unknown,registered_voters,local_partial,true,https://apps.jeffersoncountywi.gov/jc/election/results/11052024,"Jefferson County hosted 2024 Fall General Election results page. Registered-voter denominator timing is not stated, so the app treats it as unknown and warning-gated."
WI,Jefferson,Town of Hebron,"Town of Hebron (W1,2)",ward,734,740,unknown,registered_voters,local_partial,true,https://apps.jeffersoncountywi.gov/jc/election/results/11052024,"Jefferson County hosted 2024 Fall General Election results page. Registered-voter denominator timing is not stated, so the app treats it as unknown and warning-gated."
WI,Jefferson,Town of Ixonia,Town of Ixonia (W1-6),ward,3239,3383,unknown,registered_voters,local_partial,true,https://apps.jeffersoncountywi.gov/jc/election/results/11052024,"Jefferson County hosted 2024 Fall General Election results page. Registered-voter denominator timing is not stated, so the app treats it as unknown and warning-gated."
WI,Jefferson,Town of Jefferson,"Town of Jefferson (W1,2)",ward,912,929,unknown,registered_voters,local_partial,true,https://apps.jeffersoncountywi.gov/jc/election/results/11052024,"Jefferson County hosted 2024 Fall General Election results page. Registered-voter denominator timing is not stated, so the app treats it as unknown and warning-gated."
WI,Jefferson,Town of Jefferson,"Town of Jefferson (W3,4)",ward,480,486,unknown,registered_voters,local_partial,true,https://apps.jeffersoncountywi.gov/jc/election/results/11052024,"Jefferson County hosted 2024 Fall General Election results page. Registered-voter denominator timing is not stated, so the app treats it as unknown and warning-gated."
WI,Jefferson,Town of Koshkonong,Town of Koshkonong (W1-6),ward,2420,2600,unknown,registered_voters,local_partial,true,https://apps.jeffersoncountywi.gov/jc/election/results/11052024,"Jefferson County hosted 2024 Fall General Election results page. Registered-voter denominator timing is not stated, so the app treats it as unknown and warning-gated."
WI,Jefferson,Town of Lake Mills,Town of Lake Mills (W1-3),ward,1585,1663,unknown,registered_voters,local_partial,true,https://apps.jeffersoncountywi.gov/jc/election/results/11052024,"Jefferson County hosted 2024 Fall General Election results page. Registered-voter denominator timing is not stated, so the app treats it as unknown and warning-gated."
WI,Jefferson,Town of Milford,"Town of Milford (W1,2)",ward,757,784,unknown,registered_voters,local_partial,true,https://apps.jeffersoncountywi.gov/jc/election/results/11052024,"Jefferson County hosted 2024 Fall General Election results page. Registered-voter denominator timing is not stated, so the app treats it as unknown and warning-gated."
WI,Jefferson,Town of Oakland,Town of Oakland (W1-4),ward,2243,2365,unknown,registered_voters,local_partial,true,https://apps.jeffersoncountywi.gov/jc/election/results/11052024,"Jefferson County hosted 2024 Fall General Election results page. Registered-voter denominator timing is not stated, so the app treats it as unknown and warning-gated."
WI,Jefferson,Town of Palmyra,"Town of Palmyra (W1,2)",ward,863,895,unknown,registered_voters,local_partial,true,https://apps.jeffersoncountywi.gov/jc/election/results/11052024,"Jefferson County hosted 2024 Fall General Election results page. Registered-voter denominator timing is not stated, so the app treats it as unknown and warning-gated."
WI,Jefferson,Town of Sullivan,Town of Sullivan (W1-4),ward,1576,1675,unknown,registered_voters,local_partial,true,https://apps.jeffersoncountywi.gov/jc/election/results/11052024,"Jefferson County hosted 2024 Fall General Election results page. Registered-voter denominator timing is not stated, so the app treats it as unknown and warning-gated."
WI,Jefferson,Town of Sumner,Town of Sumner (W1),ward,597,612,unknown,registered_voters,local_partial,true,https://apps.jeffersoncountywi.gov/jc/election/results/11052024,"Jefferson County hosted 2024 Fall General Election results page. Registered-voter denominator timing is not stated, so the app treats it as unknown and warning-gated."
WI,Jefferson,Town of Waterloo,Town of Waterloo (W1),ward,631,650,unknown,registered_voters,local_partial,true,https://apps.jeffersoncountywi.gov/jc/election/results/11052024,"Jefferson County hosted 2024 Fall General Election results page. Registered-voter denominator timing is not stated, so the app treats it as unknown and warning-gated."
WI,Jefferson,Town of Watertown,"Town of Watertown (W1,2)",ward,1359,1430,unknown,registered_voters,local_partial,true,https://apps.jeffersoncountywi.gov/jc/election/results/11052024,"Jefferson County hosted 2024 Fall General Election results page. Registered-voter denominator timing is not stated, so the app treats it as unknown and warning-gated."
WI,Jefferson,Village of Cambridge,Village of Cambridge (W1),ward,60,61,unknown,registered_voters,local_partial,true,https://apps.jeffersoncountywi.gov/jc/election/results/11052024,"Jefferson County hosted 2024 Fall General Election results page. Registered-voter denominator timing is not stated, so the app treats it as unknown and warning-gated."
WI,Jefferson,Village of Johnson Creek,Village of Johnson Creek(W1-4),ward,1933,1959,unknown,registered_voters,local_partial,true,https://apps.jeffersoncountywi.gov/jc/election/results/11052024,"Jefferson County hosted 2024 Fall General Election results page. Registered-voter denominator timing is not stated, so the app treats it as unknown and warning-gated."
WI,Jefferson,Village of Lac La Belle,Village of Lac La Belle (W2),ward,0,0,unknown,registered_voters,local_partial,true,https://apps.jeffersoncountywi.gov/jc/election/results/11052024,"Jefferson County hosted 2024 Fall General Election results page. Registered-voter denominator timing is not stated, so the app treats it as unknown and warning-gated."
WI,Jefferson,Village of Palmyra,"Village of Palmyra (W1,2)",ward,1026,1103,unknown,registered_voters,local_partial,true,https://apps.jeffersoncountywi.gov/jc/election/results/11052024,"Jefferson County hosted 2024 Fall General Election results page. Registered-voter denominator timing is not stated, so the app treats it as unknown and warning-gated."
WI,Jefferson,Village of Sullivan,"Village of Sullivan (W1,2)",ward,390,429,unknown,registered_voters,local_partial,true,https://apps.jeffersoncountywi.gov/jc/election/results/11052024,"Jefferson County hosted 2024 Fall General Election results page. Registered-voter denominator timing is not stated, so the app treats it as unknown and warning-gated."
WI,Jefferson,City of Fort Atkinson,City of Fort Atkinson (W1-13),ward,6789,7173,unknown,registered_voters,local_partial,true,https://apps.jeffersoncountywi.gov/jc/election/results/11052024,"Jefferson County hosted 2024 Fall General Election results page. Registered-voter denominator timing is not stated, so the app treats it as unknown and warning-gated."
WI,Jefferson,City of Jefferson,City of Jefferson (W1-10),ward,4215,4379,unknown,registered_voters,local_partial,true,https://apps.jeffersoncountywi.gov/jc/election/results/11052024,"Jefferson County hosted 2024 Fall General Election results page. Registered-voter denominator timing is not stated, so the app treats it as unknown and warning-gated."
WI,Jefferson,City of Lake Mills,City of Lake Mills (W1-8),ward,4128,4293,unknown,registered_voters,local_partial,true,https://apps.jeffersoncountywi.gov/jc/election/results/11052024,"Jefferson County hosted 2024 Fall General Election results page. Registered-voter denominator timing is not stated, so the app treats it as unknown and warning-gated."
WI,Jefferson,City of Waterloo,City of Waterloo (W1-5),ward,1967,2107,unknown,registered_voters,local_partial,true,https://apps.jeffersoncountywi.gov/jc/election/results/11052024,"Jefferson County hosted 2024 Fall General Election results page. Registered-voter denominator timing is not stated, so the app treats it as unknown and warning-gated."
WI,Jefferson,City of Watertown,"City of Watertown (W9,10)",ward,1055,1101,unknown,registered_voters,local_partial,true,https://apps.jeffersoncountywi.gov/jc/election/results/11052024,"Jefferson County hosted 2024 Fall General Election results page. Registered-voter denominator timing is not stated, so the app treats it as unknown and warning-gated."
WI,Jefferson,City of Watertown,City of Watertown (W11-13),ward,1229,1339,unknown,registered_voters,local_partial,true,https://apps.jeffersoncountywi.gov/jc/election/results/11052024,"Jefferson County hosted 2024 Fall General Election results page. Registered-voter denominator timing is not stated, so the app treats it as unknown and warning-gated."
WI,Jefferson,City of Watertown,"City of Watertown (W14,15)",ward,900,896,unknown,registered_voters,local_partial,true,https://apps.jeffersoncountywi.gov/jc/election/results/11052024,"Jefferson County hosted 2024 Fall General Election results page. Registered-voter denominator timing is not stated, so the app treats it as unknown and warning-gated."
WI,Jefferson,City of Watertown,"City of Watertown (W16,17)",ward,1424,1478,unknown,registered_voters,local_partial,true,https://apps.jeffersoncountywi.gov/jc/election/results/11052024,"Jefferson County hosted 2024 Fall General Election results page. Registered-voter denominator timing is not stated, so the app treats it as unknown and warning-gated."
WI,Jefferson,City of Watertown,"City of Watertown (W18,19)",ward,1342,1411,unknown,registered_voters,local_partial,true,https://apps.jeffersoncountywi.gov/jc/election/results/11052024,"Jefferson County hosted 2024 Fall General Election results page. Registered-voter denominator timing is not stated, so the app treats it as unknown and warning-gated."
WI,Jefferson,City of Watertown,City of Watertown (W20-22),ward,1650,1680,unknown,registered_voters,local_partial,true,https://apps.jeffersoncountywi.gov/jc/election/results/11052024,"Jefferson County hosted 2024 Fall General Election results page. Registered-voter denominator timing is not stated, so the app treats it as unknown and warning-gated."
WI,Jefferson,City of Whitewater,City of Whitewater (W11-13),ward,1094,862,unknown,registered_voters,local_partial,true,https://apps.jeffersoncountywi.gov/jc/election/results/11052024,"Jefferson County hosted 2024 Fall General Election results page. Registered-voter denominator timing is not stated, so the app treats it as unknown and warning-gated."
WI,Oneida,Town of Cassian,Town of Cassian W 1-2,ward,820,846,preElectionDay,registered_voters,local_partial,true,https://www.oneidacountywi.gov/election-results/,"Oneida County Nov. 5, 2024 voter turnout table. Registered-voter row is explicitly dated 11/01/2024, before Election Day, so these rows are warning-gated."
WI,Oneida,Town of Crescent,Town of Crescent W 1-3,ward,1412,1474,preElectionDay,registered_voters,local_partial,true,https://www.oneidacountywi.gov/election-results/,"Oneida County Nov. 5, 2024 voter turnout table. Registered-voter row is explicitly dated 11/01/2024, before Election Day, so these rows are warning-gated."
WI,Oneida,Town of Enterprise,Town of Enterprise W 1,ward,256,269,preElectionDay,registered_voters,local_partial,true,https://www.oneidacountywi.gov/election-results/,"Oneida County Nov. 5, 2024 voter turnout table. Registered-voter row is explicitly dated 11/01/2024, before Election Day, so these rows are warning-gated."
WI,Oneida,Town of Hazelhurst,Town of Hazelhurst W 1-2,ward,954,1015,preElectionDay,registered_voters,local_partial,true,https://www.oneidacountywi.gov/election-results/,"Oneida County Nov. 5, 2024 voter turnout table. Registered-voter row is explicitly dated 11/01/2024, before Election Day, so these rows are warning-gated."
WI,Oneida,Town of Lake Tomahawk,Town of Lake Tomahawk W 1-2,ward,785,832,preElectionDay,registered_voters,local_partial,true,https://www.oneidacountywi.gov/election-results/,"Oneida County Nov. 5, 2024 voter turnout table. Registered-voter row is explicitly dated 11/01/2024, before Election Day, so these rows are warning-gated."
WI,Oneida,Town of Little Rice,Town of Little Rice W 1,ward,273,289,preElectionDay,registered_voters,local_partial,true,https://www.oneidacountywi.gov/election-results/,"Oneida County Nov. 5, 2024 voter turnout table. Registered-voter row is explicitly dated 11/01/2024, before Election Day, so these rows are warning-gated."
WI,Oneida,Town of Lynne,Town of Lynne W 1,ward,116,119,preElectionDay,registered_voters,local_partial,true,https://www.oneidacountywi.gov/election-results/,"Oneida County Nov. 5, 2024 voter turnout table. Registered-voter row is explicitly dated 11/01/2024, before Election Day, so these rows are warning-gated."
WI,Oneida,Town of Minocqua,Town of Minocqua W 1-7,ward,3653,3945,preElectionDay,registered_voters,local_partial,true,https://www.oneidacountywi.gov/election-results/,"Oneida County Nov. 5, 2024 voter turnout table. Registered-voter row is explicitly dated 11/01/2024, before Election Day, so these rows are warning-gated."
WI,Oneida,Town of Monico,Town of Monico W 1,ward,192,196,preElectionDay,registered_voters,local_partial,true,https://www.oneidacountywi.gov/election-results/,"Oneida County Nov. 5, 2024 voter turnout table. Registered-voter row is explicitly dated 11/01/2024, before Election Day, so these rows are warning-gated."
WI,Oneida,Town of Newbold,Town of Newbold W 1,ward,296,290,preElectionDay,registered_voters,local_partial,true,https://www.oneidacountywi.gov/election-results/,"Oneida County Nov. 5, 2024 voter turnout table. Registered-voter row is explicitly dated 11/01/2024, before Election Day, so these rows are warning-gated."
WI,Oneida,Town of Newbold,Town of Newbold W 2- 4,ward,1732,1843,preElectionDay,registered_voters,local_partial,true,https://www.oneidacountywi.gov/election-results/,"Oneida County Nov. 5, 2024 voter turnout table. Registered-voter row is explicitly dated 11/01/2024, before Election Day, so these rows are warning-gated."
WI,Oneida,Town of Nokomis,Town of Nokomis W 1-2,ward,1065,1146,preElectionDay,registered_voters,local_partial,true,https://www.oneidacountywi.gov/election-results/,"Oneida County Nov. 5, 2024 voter turnout table. Registered-voter row is explicitly dated 11/01/2024, before Election Day, so these rows are warning-gated."
WI,Oneida,Town of Pelican,Town of Pelican W 1- 4,ward,1780,1921,preElectionDay,registered_voters,local_partial,true,https://www.oneidacountywi.gov/election-results/,"Oneida County Nov. 5, 2024 voter turnout table. Registered-voter row is explicitly dated 11/01/2024, before Election Day, so these rows are warning-gated."
WI,Oneida,Town of Piehl,Town of Piehl W 1,ward,48,49,preElectionDay,registered_voters,local_partial,true,https://www.oneidacountywi.gov/election-results/,"Oneida County Nov. 5, 2024 voter turnout table. Registered-voter row is explicitly dated 11/01/2024, before Election Day, so these rows are warning-gated."
WI,Oneida,Town of Pine Lake,Town of Pine Lake W 1-4,ward,1758,1789,preElectionDay,registered_voters,local_partial,true,https://www.oneidacountywi.gov/election-results/,"Oneida County Nov. 5, 2024 voter turnout table. Registered-voter row is explicitly dated 11/01/2024, before Election Day, so these rows are warning-gated."
WI,Oneida,Town of Schoepke,Town of Schoepke W 1,ward,306,325,preElectionDay,registered_voters,local_partial,true,https://www.oneidacountywi.gov/election-results/,"Oneida County Nov. 5, 2024 voter turnout table. Registered-voter row is explicitly dated 11/01/2024, before Election Day, so these rows are warning-gated."
WI,Oneida,Town of Stella,Town of Stella W 1 - 2,ward,414,424,preElectionDay,registered_voters,local_partial,true,https://www.oneidacountywi.gov/election-results/,"Oneida County Nov. 5, 2024 voter turnout table. Registered-voter row is explicitly dated 11/01/2024, before Election Day, so these rows are warning-gated."
WI,Oneida,Town of Sugar Camp,Town of Sugar Camp W 1-2,ward,1324,1397,preElectionDay,registered_voters,local_partial,true,https://www.oneidacountywi.gov/election-results/,"Oneida County Nov. 5, 2024 voter turnout table. Registered-voter row is explicitly dated 11/01/2024, before Election Day, so these rows are warning-gated."
WI,Oneida,Town of Three Lakes,Town of Three Lakes W 1-4,ward,1848,1984,preElectionDay,registered_voters,local_partial,true,https://www.oneidacountywi.gov/election-results/,"Oneida County Nov. 5, 2024 voter turnout table. Registered-voter row is explicitly dated 11/01/2024, before Election Day, so these rows are warning-gated."
WI,Oneida,Town of Woodboro,Town of Woodboro W 1,ward,607,639,preElectionDay,registered_voters,local_partial,true,https://www.oneidacountywi.gov/election-results/,"Oneida County Nov. 5, 2024 voter turnout table. Registered-voter row is explicitly dated 11/01/2024, before Election Day, so these rows are warning-gated."
WI,Oneida,Town of Woodruff,Town of Woodruff W 1-3,ward,1429,1514,preElectionDay,registered_voters,local_partial,true,https://www.oneidacountywi.gov/election-results/,"Oneida County Nov. 5, 2024 voter turnout table. Registered-voter row is explicitly dated 11/01/2024, before Election Day, so these rows are warning-gated."
WI,Oneida,City of Rhinelander,City of Rhinelander W 1 - W17,ward,3904,4331,preElectionDay,registered_voters,local_partial,true,https://www.oneidacountywi.gov/election-results/,"Oneida County Nov. 5, 2024 voter turnout table. Registered-voter row is explicitly dated 11/01/2024, before Election Day, so these rows are warning-gated."
