,,Donald J. Trump and JD Vance,Kamala D. Harris and Tim Walz,Chase Oliver and Mike ter Maat,Jill Stein and Rudolph Butch Ware,Cornel West and Melina Abdulla,Randall A. Terry and Stephen E. Broden,Claudia De La Cruz and Karina Garcia,Total Votes Cast,Overvotes/Undervotes,Total Ballots Cast
,,Republican,Democratic,Libertarian,Green,United Citizens,Constitution,Workers,,,
State,South Carolina,1483747,1028452,12669,8117,6744,5352,3059,2548140,18264,2566404
County,Abbeville,8509,3399,38,26,31,29,16,12048,59,12107
Precinct,Abbeville No. 01,923,354,5,1,4,2,3,1292,10,1302
Precinct,Abbeville No. 02,341,554,3,3,3,1,2,907,5,912
Precinct,Abbeville No. 03,515,375,3,0,2,4,0,899,4,903
Precinct,Abbeville No. 04,416,191,2,0,2,3,1,615,3,618
Precinct,Antreville,831,162,5,4,1,1,0,1004,5,1009
Precinct,Broadmouth,331,65,1,0,2,0,0,399,0,399
Precinct,Calhoun Falls,557,541,1,1,2,2,1,1105,5,1110
Precinct,Cold Springs,604,134,2,2,2,1,0,745,4,749
Precinct,Donald's,347,52,1,0,0,0,0,400,1,401
Precinct,Due West,811,281,2,6,3,8,4,1115,6,1121
Precinct,Failsafe,0,0,0,0,0,0,0,0,0,0
Precinct,Failsafe Provisional,0,0,0,0,0,0,0,0,0,0
Precinct,Hall's Store,320,120,1,1,1,2,0,445,2,447
Precinct,Keowee,768,127,3,0,3,2,1,904,5,909
Precinct,Lebanon,448,138,4,3,1,2,1,597,3,600
Precinct,Lowndesville,758,126,3,3,1,1,2,894,5,899
Precinct,Provisional,7,0,0,0,0,0,0,7,0,7
Precinct,Smithville,532,179,2,2,4,0,1,720,1,721
County,Aiken,53592,31298,437,228,247,181,108,86091,574,86665
Precinct,Aiken No. 01,588,344,3,4,0,3,0,942,16,958
Precinct,Aiken No. 02,166,477,3,3,2,2,1,654,5,659
Precinct,Aiken No. 03,152,652,1,1,11,1,1,819,8,827
Precinct,Aiken No. 04,81,288,1,0,1,2,2,375,3,378
Precinct,Aiken No. 05,309,442,3,4,4,3,2,767,13,780
Precinct,Aiken No. 06,537,387,11,5,1,2,0,943,12,955
Precinct,Aiken No. 47,434,326,2,1,0,3,1,767,2,769
Precinct,Anderson Pond No. 69,1324,701,9,5,0,4,1,2044,24,2068
Precinct,Ascauga Lake No. 63,549,212,1,1,1,0,1,765,4,769
Precinct,Ascauga Lake No. 84,683,293,2,3,1,1,2,985,4,989
Precinct,Bath,278,198,1,1,2,0,1,481,2,483
Precinct,Beech Island,482,514,3,1,3,2,3,1008,7,1015
Precinct,Belvedere No. 09,510,448,5,4,3,1,1,972,6,978
Precinct,Belvedere No. 44,568,360,3,2,7,4,4,948,4,952
Precinct,Belvedere No. 62,450,461,5,2,8,2,2,930,8,938
Precinct,Belvedere No. 74,280,151,3,3,2,0,0,439,0,439
Precinct,Breezy Hill,524,720,5,4,8,3,3,1267,5,1272
Precinct,Breezy No. 87,366,137,4,2,1,2,1,513,3,516
Precinct,Carolina Heights,302,440,1,0,4,3,0,750,8,758
Precinct,Cedar Creek No. 64,955,432,9,2,2,3,1,1404,26,1430
Precinct,China Springs,379,561,3,6,7,2,0,958,10,968
Precinct,Clearwater,219,167,5,1,3,1,0,396,3,399
Precinct,College Acres,845,434,8,7,3,2,4,1303,12,1315
Precinct,Community No. 86,463,212,1,3,4,1,1,685,0,685
Precinct,Couchton,598,327,3,2,2,1,2,935,10,945
Precinct,Creek No. 85,643,371,10,3,5,2,1,1035,13,1048
Precinct,Eureka,887,312,6,2,4,0,2,1213,7,1220
Precinct,Failsafe,26,23,0,0,2,0,0,51,1,52
Precinct,Failsafe Provisional,0,0,0,0,0,0,0,0,0,0
Precinct,Fox Creek No. 58,762,301,7,3,1,4,0,1078,5,1083
Precinct,Fox Creek No. 73,984,321,6,3,0,0,1,1315,7,1322
Precinct,Gem Lakes No. 60,692,297,6,3,0,3,1,1002,5,1007
Precinct,Gem Lakes No. 77,835,365,13,5,2,1,0,1221,14,1235
Precinct,Gloverville,535,191,2,3,4,1,2,738,1,739
Precinct,Graniteville,438,192,3,2,0,1,3,639,1,640
Precinct,Hammond No. 48,665,382,2,1,2,1,3,1056,6,1062
Precinct,Hammond No. 81,591,292,7,2,1,0,0,893,3,896
Precinct,Hitchcock No. 66,462,291,5,2,1,3,1,765,3,768
Precinct,Hollow Creek,666,364,7,6,0,4,0,1047,11,1058
Precinct,Jackson,873,222,4,2,5,2,1,1109,7,1116
Precinct,Langley,613,189,3,1,1,0,0,807,1,808
Precinct,Levels No. 52,361,332,6,1,1,2,0,703,2,705
Precinct,Levels No. 72,419,330,8,0,1,3,2,763,6,769
Precinct,Levels No. 83,311,274,7,3,1,0,0,596,1,597
Precinct,Lynwood,412,124,1,1,1,1,0,540,5,545
Precinct,Midland Valley No. 51,726,360,2,5,2,5,3,1103,2,1105
Precinct,Midland Valley No. 71,1236,663,6,3,5,1,3,1917,6,1923
Precinct,Midlands No. 88,700,396,2,3,1,0,2,1104,10,1114
Precinct,Millbrook,800,508,7,3,3,3,5,1329,17,1346
Precinct,Misty Lakes,914,513,9,1,8,4,1,1450,13,1463
Precinct,Monetta,487,250,3,1,7,2,0,750,7,757
Precinct,Montmorenci No. 22,863,538,5,3,3,2,3,1417,6,1423
Precinct,Montmorenci No. 78,486,276,3,1,2,2,2,772,2,774
Precinct,N. Augusta No. 25,518,405,6,3,4,4,2,942,6,948
Precinct,N. Augusta No. 26,338,299,7,0,1,1,1,647,3,650
Precinct,N. Augusta No. 27,897,265,18,4,0,8,2,1194,7,1201
Precinct,N. Augusta No. 28,560,235,5,4,0,3,0,807,6,813
Precinct,N. Augusta No. 29,629,414,12,7,2,3,1,1068,6,1074
Precinct,N. Augusta No. 54,327,380,4,3,1,1,0,716,2,718
Precinct,N. Augusta No. 55,502,259,2,5,1,3,0,772,8,780
Precinct,N. Augusta No. 67,759,276,12,5,1,2,1,1056,8,1064
Precinct,N. Augusta No. 68,786,241,4,3,3,8,0,1045,1,1046
Precinct,N. Augusta No. 80,496,165,3,1,2,0,1,668,5,673
Precinct,New Ellenton,559,514,8,2,5,4,1,1093,9,1102
Precinct,New Holland,483,145,1,1,1,2,1,634,4,638
Precinct,Oak Grove,661,188,2,4,4,0,1,860,3,863
Precinct,Perry,493,141,4,2,4,2,1,647,3,650
Precinct,Pine Forest,1054,324,4,3,1,0,3,1389,9,1398
Precinct,Provisional,51,30,0,0,1,0,0,82,0,82
Precinct,Redds Branch,578,275,2,2,2,1,0,860,5,865
Precinct,Salley,259,191,1,0,6,1,1,459,6,465
Precinct,Sandstone No. 70,461,300,11,2,1,3,2,780,6,786
Precinct,Sandstone No. 79,474,330,5,3,1,1,1,815,3,818
Precinct,Shaws Fork,418,177,4,1,2,2,1,605,3,608
Precinct,Shiloh,1030,412,6,0,2,0,3,1453,9,1462
Precinct,Silver Bluff,690,637,10,3,5,1,3,1349,8,1357
Precinct,Six Points No. 35,603,437,7,2,1,4,1,1055,6,1061
Precinct,Six Points No. 46,121,582,0,1,7,2,0,713,5,718
Precinct,Sleepy Hollow No. 65,1068,362,6,3,4,3,0,1446,8,1454
Precinct,South Aiken No. 75,1020,554,7,4,2,0,1,1588,8,1596
Precinct,South Aiken No. 76,640,371,2,3,2,2,0,1020,6,1026
Precinct,South Creek No. 89,589,279,3,3,0,0,1,875,9,884
Precinct,Tabernacle,305,211,2,2,4,1,0,525,1,526
Precinct,Talatha,1020,518,6,2,5,2,0,1553,4,1557
Precinct,Vaucluse,1088,743,13,6,9,4,1,1864,9,1873
Precinct,Wagener,919,533,6,1,3,8,0,1470,11,1481
Precinct,Ward,695,376,4,2,4,2,0,1083,5,1088
Precinct,Warrenville,977,436,6,3,4,2,3,1431,9,1440
Precinct,White Pond,342,226,0,0,0,0,0,568,3,571
Precinct,Willow Springs,659,200,2,1,3,4,2,871,8,879
Precinct,Windsor No. 43,574,265,5,2,4,0,3,853,4,857
Precinct,Windsor No. 82,520,241,2,5,2,2,0,772,1,773
County,Allendale,813,2165,4,4,29,5,3,3023,28,3051
Precinct,Allendale 01,98,468,1,2,6,1,1,577,4,581
Precinct,Allendale 02,12,486,0,1,7,1,1,508,6,514
Precinct,Failsafe,0,0,0,0,0,0,0,0,0,0
Precinct,Failsafe Provisional,0,0,0,0,0,0,0,0,0,0
Precinct,Fairfax 01,110,176,0,0,1,1,0,288,5,293
Precinct,Fairfax 02,77,497,0,0,6,0,1,581,1,582
Precinct,Martin,50,125,0,0,1,0,0,176,4,180
Precinct,Provisional,2,1,0,0,0,0,0,3,0,3
Precinct,Sycamore,177,62,1,0,0,2,0,242,3,245
Precinct,Ulmer,96,44,2,1,1,0,0,144,2,146
Precinct,Woods,191,306,0,0,7,0,0,504,3,507
County,Anderson,71828,25281,439,218,215,232,83,98296,573,98869
Precinct,3 And 20,1742,345,9,1,0,5,2,2104,8,2112
Precinct,5 Forks,1021,325,7,4,1,4,3,1365,8,1373
Precinct,Anderson 01/1,592,392,6,4,6,5,0,1005,3,1008
Precinct,Anderson 01/2,714,275,12,9,1,4,0,1015,5,1020
Precinct,Anderson 02/1,696,318,6,3,4,3,0,1030,9,1039
Precinct,Anderson 02/2,1145,573,6,4,5,11,4,1748,24,1772
Precinct,Anderson 03/1,217,228,4,1,1,1,0,452,6,458
Precinct,Anderson 03/2,325,291,3,3,3,0,0,625,1,626
Precinct,Anderson 04/1,125,431,2,1,4,3,1,567,4,571
Precinct,Anderson 04/2,365,813,2,2,7,1,2,1192,8,1200
Precinct,Anderson 05/b,161,425,3,1,4,3,1,598,9,607
Precinct,Anderson 06/1,830,515,10,7,6,4,4,1376,12,1388
Precinct,Anderson 06/2,204,334,0,2,4,1,2,547,3,550
Precinct,Appleton-Equinox,223,213,0,3,3,1,0,443,3,446
Precinct,Barkers Creek-Mcadams,312,34,0,1,1,0,0,348,0,348
Precinct,Belton,989,307,4,2,3,5,3,1313,10,1323
Precinct,Belton Annex,1011,307,6,4,4,5,3,1340,3,1343
Precinct,Bishops Branch,1192,357,7,5,2,3,1,1567,6,1573
Precinct,Bowling Green,648,140,5,0,1,0,0,794,2,796
Precinct,Broadview,209,257,0,1,4,1,0,472,0,472
Precinct,Broadway,471,140,0,0,2,2,1,616,2,618
Precinct,Brushy Creek,1553,386,8,4,0,5,4,1960,12,1972
Precinct,Cedar Grove,919,172,3,0,0,2,0,1096,5,1101
Precinct,Center Rock,1509,436,7,4,3,3,4,1966,14,1980
Precinct,Centerville Station A,1579,588,11,2,2,6,0,2188,6,2194
Precinct,Centerville Station B,1377,584,10,4,4,3,2,1984,13,1997
Precinct,Chiquola Mill,255,136,2,0,2,1,1,397,4,401
Precinct,Concrete,1742,655,11,5,4,7,2,2426,13,2439
Precinct,Coxs Creek,545,241,5,2,1,3,0,797,6,803
Precinct,Craytonville,723,72,1,0,0,0,1,797,7,804
Precinct,Denver-sandy Springs,1013,355,17,2,5,4,0,1396,8,1404
Precinct,Edgewood Station A,909,506,4,6,4,0,1,1430,10,1440
Precinct,Edgewood Station B,1096,428,7,4,7,1,0,1543,13,1556
Precinct,Failsafe,18,13,0,0,1,0,0,32,1,33
Precinct,Failsafe Provisional,126,23,0,0,0,0,0,149,1,150
Precinct,Flat Rock,797,182,1,1,1,1,1,984,4,988
Precinct,Fork No. 01,978,210,4,7,2,4,0,1205,4,1209
Precinct,Fork No. 02,1090,236,10,5,2,2,1,1346,6,1352
Precinct,Friendship,652,112,1,1,2,2,0,770,8,778
Precinct,Glenview,1030,499,11,1,5,3,0,1549,4,1553
Precinct,Gluck Mill,493,261,2,1,5,1,1,764,6,770
Precinct,Green Pond Station A,1466,416,9,3,6,2,2,1904,13,1917
Precinct,Hall,838,183,3,1,1,1,2,1029,3,1032
Precinct,Hammond Annex,1073,427,10,3,1,5,3,1522,11,1533
Precinct,Hammond School,1488,522,13,7,4,3,1,2038,10,2048
Precinct,High Point,408,51,1,2,1,0,0,463,4,467
Precinct,Homeland Park,273,48,0,0,1,0,0,322,0,322
Precinct,Honea Path,822,189,6,2,3,3,1,1026,2,1028
Precinct,Hopewell,1007,367,8,8,1,4,0,1395,11,1406
Precinct,Hunt Meadows,2776,786,11,8,9,11,2,3603,23,3626
Precinct,Iva,1002,139,3,3,3,1,2,1153,12,1165
Precinct,Jackson Mill,884,111,2,0,2,7,0,1006,11,1017
Precinct,La France,546,192,4,1,1,4,1,749,4,753
Precinct,Lakeside,1115,580,9,0,4,0,0,1708,6,1714
Precinct,Melton,459,121,3,0,0,2,0,585,2,587
Precinct,Mount Tabor,1519,492,10,7,5,9,3,2045,12,2057
Precinct,Mountain Creek,429,122,2,1,3,1,0,558,2,560
Precinct,Mt Airy,1511,363,12,3,3,2,1,1895,23,1918
Precinct,Neals Creek,1012,421,5,2,1,3,1,1445,5,1450
Precinct,North Pointe,1261,379,8,9,1,3,0,1661,8,1669
Precinct,Pelzer,464,87,0,1,1,2,0,555,3,558
Precinct,Pendleton,1651,1255,28,11,3,12,2,2962,25,2987
Precinct,Piedmont,578,169,3,4,1,0,3,758,2,760
Precinct,Piercetown,1525,391,9,2,0,4,3,1934,14,1948
Precinct,Powdersville,1878,660,8,5,6,7,2,2566,12,2578
Precinct,Provisional,67,12,0,0,0,0,0,79,1,80
Precinct,Rock Mill,821,192,4,3,0,0,0,1020,7,1027
Precinct,Rock Springs,499,114,3,1,2,1,1,621,1,622
Precinct,Shirley's Store,533,93,2,1,2,1,2,634,2,636
Precinct,Simpsonville,1636,501,8,2,5,5,0,2157,14,2171
Precinct,South Fant,227,327,2,1,4,1,0,562,3,565
Precinct,Starr,614,62,3,1,1,0,0,681,3,684
Precinct,Toney Creek,475,66,4,0,1,1,0,547,6,553
Precinct,Town Creek,1146,399,7,1,1,6,1,1561,11,1572
Precinct,Townville,543,100,1,2,1,2,0,649,4,653
Precinct,Varennes,365,262,5,0,3,0,0,635,3,638
Precinct,West Pelzer,1293,246,4,3,1,5,2,1554,6,1560
Precinct,West Savannah,352,121,0,0,0,0,0,473,1,474
Precinct,White Plains,2191,469,13,8,7,8,1,2697,7,2704
Precinct,Williamston,1316,391,5,4,2,5,0,1723,10,1733
Precinct,Williamston Mill,1583,272,2,1,6,1,1,1866,5,1871
Precinct,Wright's School,586,68,2,0,2,0,1,659,0,659
County,Bamberg,2376,3245,14,11,25,13,10,5694,77,5771
Precinct,Colston,87,37,0,0,0,0,0,124,2,126
Precinct,East Denmark,257,753,2,5,11,3,3,1034,18,1052
Precinct,Edisto,177,70,0,0,0,0,0,247,4,251
Precinct,Ehrhardt,305,160,0,0,0,0,0,465,3,468
Precinct,Failsafe,0,0,0,0,0,0,0,0,0,0
Precinct,Failsafe Provisional,0,1,0,0,0,0,0,1,0,1
Precinct,Govan,35,47,0,0,0,0,0,82,2,84
Precinct,Hightowers Mill,19,22,0,0,0,0,0,41,1,42
Precinct,Hunters Chapel,88,61,1,0,0,0,0,150,2,152
Precinct,Kearse,79,6,0,0,0,0,0,85,0,85
Precinct,Little Swamp,84,9,0,0,0,0,0,93,3,96
Precinct,North Bamberg,631,629,5,2,1,3,1,1272,15,1287
Precinct,Olar,135,76,1,1,0,2,0,215,4,219
Precinct,Provisional,2,1,0,0,0,0,0,3,0,3
Precinct,South Bamberg,336,870,4,1,7,5,2,1225,17,1242
Precinct,West Denmark,141,503,1,2,6,0,4,657,6,663
County,Barnwell,5605,4082,28,22,36,16,14,9803,54,9857
Precinct,Barnwell 01,223,215,0,1,0,2,0,441,1,442
Precinct,Barnwell 02,681,350,9,2,4,1,0,1047,7,1054
Precinct,Barnwell 03,724,424,2,3,5,2,1,1161,3,1164
Precinct,Barnwell 04,378,499,3,2,2,0,1,885,2,887
Precinct,Blackville 01,212,371,0,1,5,0,3,592,6,598
Precinct,Blackville 02,128,236,2,0,4,1,2,373,2,375
Precinct,Elko,236,172,1,1,0,3,0,413,1,414
Precinct,Failsafe,9,17,0,0,0,0,0,26,0,26
Precinct,Failsafe Provisional,5,3,0,0,0,0,0,8,0,8
Precinct,Friendship,488,33,1,3,1,0,0,526,4,530
Precinct,Healing Springs,151,368,2,0,2,0,0,523,8,531
Precinct,Hilda,614,56,1,0,1,0,1,673,1,674
Precinct,Kline,255,155,0,2,1,0,2,415,1,416
Precinct,Provisional,3,4,0,0,0,0,0,7,0,7
Precinct,Snelling,469,333,2,5,2,0,1,812,5,817
Precinct,Williston 01,368,499,3,1,8,2,2,883,11,894
Precinct,Williston 02,290,118,1,1,0,2,0,412,1,413
Precinct,Williston 03,371,229,1,0,1,3,1,606,1,607
County,Beaufort,59123,44002,535,308,181,180,74,104403,1011,105414
Precinct,Beaufort 01,219,403,3,5,4,3,1,638,6,644
Precinct,Beaufort 02,380,407,6,1,2,2,0,798,16,814
Precinct,Beaufort 03,586,480,8,4,1,1,1,1081,14,1095
Precinct,Belfair 01,566,321,6,1,1,0,1,896,10,906
Precinct,Belfair 02,565,333,2,1,0,1,1,903,10,913
Precinct,Bluffton 01a,382,267,3,1,1,0,0,654,3,657
Precinct,Bluffton 01b,481,240,3,3,0,0,1,728,2,730
Precinct,Bluffton 01c,440,247,1,1,1,1,0,691,4,695
Precinct,Bluffton 01d,170,194,1,4,0,4,1,374,2,376
Precinct,Bluffton 02a,461,303,3,5,3,1,1,777,2,779
Precinct,Bluffton 02b,501,392,5,3,2,3,1,907,5,912
Precinct,Bluffton 02c,876,455,10,4,3,3,2,1353,5,1358
Precinct,Bluffton 02d,382,217,4,7,0,0,1,611,5,616
Precinct,Bluffton 02e,434,572,5,2,4,1,1,1019,4,1023
Precinct,Bluffton 03,702,318,8,1,1,1,1,1032,16,1048
Precinct,Bluffton 04a,910,345,4,1,0,0,0,1260,17,1277
Precinct,Bluffton 04b,441,152,4,3,1,1,0,602,4,606
Precinct,Bluffton 04c,744,368,5,0,0,2,0,1119,3,1122
Precinct,Bluffton 04d,621,323,5,0,0,0,0,949,10,959
Precinct,Bluffton 04e,460,280,3,3,2,2,1,751,4,755
Precinct,Bluffton 05a,599,338,2,5,0,5,0,949,4,953
Precinct,Bluffton 05b,521,338,1,2,2,0,0,864,5,869
Precinct,Bluffton 05c,323,289,0,2,1,1,0,616,3,619
Precinct,Bluffton 05d,419,160,2,1,2,2,1,587,2,589
Precinct,Bluffton 05e,395,279,2,1,2,2,2,683,4,687
Precinct,Bluffton 06a,483,248,3,0,2,0,0,736,7,743
Precinct,Bluffton 06b,597,285,4,1,0,0,0,887,5,892
Precinct,Bluffton 07a,872,531,4,5,1,2,0,1415,12,1427
Precinct,Buckwalter 01,529,307,3,3,1,0,1,844,4,848
Precinct,Buckwalter 02,430,210,3,1,0,0,0,644,5,649
Precinct,Burton 01a,405,258,4,4,2,0,1,674,3,677
Precinct,Burton 01b,199,566,8,4,4,1,1,783,5,788
Precinct,Burton 01c,515,476,6,2,1,1,0,1001,12,1013
Precinct,Burton 01d,240,177,0,1,3,2,0,423,3,426
Precinct,Burton 02a,498,297,5,1,1,2,1,805,7,812
Precinct,Burton 02b,496,250,3,2,3,3,0,757,5,762
Precinct,Burton 02c,644,355,3,2,2,2,2,1010,6,1016
Precinct,Burton 02d,455,339,5,2,3,1,1,806,6,812
Precinct,Burton 03a,471,428,4,2,0,2,1,908,4,912
Precinct,Burton 03b,136,191,0,0,3,1,1,332,1,333
Precinct,Burton 04,176,307,1,1,5,0,1,491,4,495
Precinct,Burton 05a,418,246,9,3,1,0,0,677,6,683
Precinct,Burton 05b,317,361,1,1,3,0,1,684,3,687
Precinct,Chechessee 01,448,295,4,4,0,3,0,754,11,765
Precinct,Chechessee 02,573,312,5,2,0,0,1,893,8,901
Precinct,Chechessee 03,502,273,5,1,1,0,0,782,7,789
Precinct,Dale Lobeco,284,473,5,3,4,2,2,773,6,779
Precinct,Daufuskie,232,148,3,1,1,2,1,388,4,392
Precinct,Failsafe,117,102,1,1,1,0,1,223,0,223
Precinct,Failsafe Provisional,17,21,0,0,0,0,0,38,1,39
Precinct,Hilton Head 01a,509,445,3,1,2,1,2,963,4,967
Precinct,Hilton Head 01b,485,475,3,0,5,0,1,969,11,980
Precinct,Hilton Head 02a,543,515,5,1,3,1,1,1069,6,1075
Precinct,Hilton Head 02b,287,301,3,2,3,1,0,597,8,605
Precinct,Hilton Head 02c,378,251,0,0,3,3,1,636,14,650
Precinct,Hilton Head 02d,229,298,4,3,2,0,2,538,4,542
Precinct,Hilton Head 02e,526,314,5,2,1,1,0,849,11,860
Precinct,Hilton Head 03,563,278,2,4,0,1,0,848,12,860
Precinct,Hilton Head 04a,377,314,10,2,0,0,0,703,13,716
Precinct,Hilton Head 04b,583,522,5,6,0,4,0,1120,20,1140
Precinct,Hilton Head 04c,447,370,6,0,1,2,0,826,13,839
Precinct,Hilton Head 04d,490,398,0,2,0,2,1,893,11,904
Precinct,Hilton Head 05a,454,392,8,5,1,3,0,863,13,876
Precinct,Hilton Head 05b,437,343,10,0,0,0,0,790,16,806
Precinct,Hilton Head 05c,436,296,3,3,2,7,0,747,4,751
Precinct,Hilton Head 06,688,498,5,8,0,0,2,1201,13,1214
Precinct,Hilton Head 07a,571,402,2,4,1,0,0,980,13,993
Precinct,Hilton Head 07b,415,270,5,1,1,3,0,695,4,699
Precinct,Hilton Head 07c,377,247,4,1,0,1,0,630,15,645
Precinct,Hilton Head 08,348,284,6,2,0,1,1,642,10,652
Precinct,Hilton Head 09a,279,223,3,3,0,1,0,509,5,514
Precinct,Hilton Head 09b,438,224,6,0,1,0,1,670,13,683
Precinct,Hilton Head 09c,382,312,4,2,0,3,0,703,4,707
Precinct,Hilton Head 09d,403,175,1,1,0,0,0,580,4,584
Precinct,Hilton Head 10,382,284,8,2,1,1,0,678,5,683
Precinct,Hilton Head 11,561,377,4,2,1,3,1,949,14,963
Precinct,Hilton Head 12,269,241,7,3,0,2,2,524,7,531
Precinct,Hilton Head 13,412,281,4,2,0,3,0,702,5,707
Precinct,Hilton Head 14,464,340,2,1,0,1,0,808,11,819
Precinct,Hilton Head 15a,266,225,3,0,0,0,0,494,7,501
Precinct,Hilton Head 15b,442,302,3,2,0,2,0,751,19,770
Precinct,Ladys Island 01a,291,221,10,2,5,2,0,531,2,533
Precinct,Ladys Island 01b,250,330,5,3,3,2,1,594,4,598
Precinct,Ladys Island 02a,362,177,3,0,0,0,1,543,3,546
Precinct,Ladys Island 02b,780,434,8,3,1,4,2,1232,19,1251
Precinct,Ladys Island 02c,454,288,4,5,2,2,0,755,8,763
Precinct,Ladys Island 03a,506,346,8,1,0,4,1,866,13,879
Precinct,Ladys Island 03b,654,361,4,7,0,2,0,1028,8,1036
Precinct,Ladys Island 03c,477,274,5,1,1,4,0,762,9,771
Precinct,Ladys Island 04a,433,357,3,4,2,1,0,800,6,806
Precinct,Ladys Island 04b,441,246,5,2,0,2,0,696,15,711
Precinct,Ladys Island 04c,528,259,4,5,0,1,0,797,5,802
Precinct,Moss Creek,754,582,5,3,1,0,0,1345,18,1363
Precinct,Mossy Oaks 01a,384,270,6,5,2,0,0,667,12,679
Precinct,Mossy Oaks 01b,557,360,5,2,3,2,1,930,5,935
Precinct,Mossy Oaks 02,433,321,4,3,3,1,1,766,5,771
Precinct,New River 01,1239,669,7,5,1,0,2,1923,9,1932
Precinct,New River 02,688,353,1,5,1,1,1,1050,5,1055
Precinct,Palmetto Bluff,637,318,10,1,0,2,0,968,16,984
Precinct,Port Royal 01,459,369,4,4,3,0,0,839,10,849
Precinct,Port Royal 02,363,399,7,4,2,3,2,780,5,785
Precinct,Pritchardville 01,607,300,7,2,1,5,1,923,8,931
Precinct,Provisional,102,94,1,0,0,0,0,197,0,197
Precinct,Riverbend,784,409,7,4,0,2,0,1206,6,1212
Precinct,Rose Hill 01,368,159,3,1,0,0,1,532,5,537
Precinct,Rose Hill 02,624,369,4,1,0,1,1,1000,10,1010
Precinct,Sandy Pointe,473,367,4,1,1,2,0,848,3,851
Precinct,Seabrook 01,328,329,3,1,3,1,1,666,0,666
Precinct,Seabrook 02,250,392,7,1,1,1,0,652,10,662
Precinct,Seabrook 03,410,477,5,2,4,2,0,900,5,905
Precinct,Sheldon 01,398,412,3,6,7,1,0,827,11,838
Precinct,Sheldon 02,87,419,1,1,1,0,1,510,7,517
Precinct,Spanish Wells,406,375,8,8,1,3,0,801,9,810
Precinct,St. Helena 01a,248,689,3,2,6,1,3,952,7,959
Precinct,St. Helena 01b,294,632,3,5,7,5,2,948,17,965
Precinct,St. Helena 01c,774,510,7,3,0,2,1,1297,18,1315
Precinct,St. Helena 02a,402,568,5,4,4,2,1,986,7,993
Precinct,St. Helena 02b,233,629,1,5,4,0,0,872,7,879
Precinct,St. Helena 02c,644,330,3,2,0,1,0,980,8,988
Precinct,Sun City 01,629,549,4,3,1,1,0,1187,12,1199
Precinct,Sun City 02,461,418,4,2,1,1,0,887,8,895
Precinct,Sun City 03,421,337,1,3,0,0,0,762,5,767
Precinct,Sun City 04,631,457,4,2,2,1,0,1097,11,1108
Precinct,Sun City 05,708,480,3,2,1,1,1,1196,15,1211
Precinct,Sun City 06,598,499,7,2,2,2,0,1110,8,1118
Precinct,Sun City 07,507,407,5,4,0,2,0,925,8,933
Precinct,Sun City 08,292,268,0,0,0,1,0,561,9,570
Precinct,Sun City 09,339,231,2,1,0,2,1,576,9,585
Precinct,Sun City 10,342,288,3,2,1,0,0,636,7,643
County,Berkeley,64777,46416,615,337,331,204,154,112834,704,113538
Precinct,52,657,712,6,2,5,1,1,1384,5,1389
Precinct,78,600,498,6,3,4,1,1,1113,4,1117
Precinct,Alvin,314,298,3,0,1,0,2,618,6,624
Precinct,Bethera,181,11,0,2,1,0,0,195,0,195
Precinct,Beverly Hills,375,421,4,4,4,1,0,809,4,813
Precinct,Bonneau,680,281,2,2,3,4,3,975,3,978
Precinct,Bonneau Beach,934,211,4,1,0,1,1,1152,8,1160
Precinct,Boulder Bluff,643,793,10,14,6,2,6,1474,2,1476
Precinct,Bushy Park,38,6,0,0,0,0,0,44,0,44
Precinct,Cainhoy,408,618,3,5,4,4,3,1045,8,1053
Precinct,Cane Bay,1692,1225,17,16,5,6,2,2963,14,2977
Precinct,Cane Bay East,909,600,5,3,0,3,1,1521,19,1540
Precinct,Cane Bay North,1899,1170,8,7,6,4,3,3097,18,3115
Precinct,Cane Bay South,833,548,9,4,3,1,0,1398,7,1405
Precinct,Carnes Cross Roads 01,867,192,4,3,3,0,1,1070,2,1072
Precinct,Carnes Cross Roads 02,1246,736,12,1,0,2,2,1999,15,2014
Precinct,Central,828,765,4,8,6,3,1,1615,12,1627
Precinct,Cobblestone,571,610,6,5,9,2,3,1206,3,1209
Precinct,Cordesville,612,301,5,1,3,3,1,926,2,928
Precinct,Cross,544,311,2,1,7,3,1,869,5,874
Precinct,Cypress,695,635,6,4,4,2,1,1347,6,1353
Precinct,Daniel Island 01,1521,750,19,5,3,5,1,2304,42,2346
Precinct,Daniel Island 02,730,694,17,6,2,4,1,1454,12,1466
Precinct,Daniel Island 03,896,730,13,3,2,3,1,1648,17,1665
Precinct,Daniel Island 04,1458,975,18,7,2,2,0,2462,25,2487
Precinct,Devon Forest 01,701,577,4,4,6,3,2,1297,10,1307
Precinct,Devon Forest 02,554,429,12,1,3,1,1,1001,1,1002
Precinct,Discovery,676,726,9,2,6,2,1,1422,6,1428
Precinct,Eadytown,166,298,1,0,3,1,2,471,2,473
Precinct,Failsafe,7,2,0,0,0,0,0,9,0,9
Precinct,Failsafe Provisional,26,21,0,0,0,0,0,47,0,47
Precinct,Foster Creek 01,450,293,5,6,2,1,1,758,10,768
Precinct,Foster Creek 02,1034,690,18,3,2,8,1,1756,4,1760
Precinct,Foster Creek 03,748,540,7,7,4,5,1,1312,11,1323
Precinct,Fox Bank,1412,1000,22,13,12,6,1,2466,12,2478
Precinct,Hanahan 01,1089,492,10,6,1,4,7,1609,17,1626
Precinct,Hanahan 02,466,269,6,1,2,1,2,747,5,752
Precinct,Hanahan 03,573,257,9,5,3,4,2,853,6,859
Precinct,Hanahan 04,321,238,5,2,4,1,0,571,6,577
Precinct,Hanahan 05,692,292,6,5,2,1,2,1000,10,1010
Precinct,Harbour Lake,275,481,2,1,3,1,3,766,2,768
Precinct,Hilton Cross Road,540,574,4,3,4,4,3,1132,13,1145
Precinct,Horseshoe,483,329,2,2,6,0,0,822,3,825
Precinct,Howe Hall 01,584,745,8,1,8,2,3,1351,10,1361
Precinct,Howe Hall 02,326,303,6,2,6,1,3,647,5,652
Precinct,Huger,818,627,1,3,7,1,3,1460,15,1475
Precinct,Jamestown,184,198,0,0,1,3,0,386,4,390
Precinct,Lebanon,592,140,5,2,1,0,1,741,8,749
Precinct,Liberty Hall,721,852,12,7,4,3,2,1601,6,1607
Precinct,Live Oak,870,156,7,3,2,1,0,1039,5,1044
Precinct,Macedonia,1024,108,3,2,3,3,0,1143,2,1145
Precinct,Macedonia 02,134,5,0,0,0,0,0,139,1,140
Precinct,Mcbeth,459,230,2,1,2,1,0,695,5,700
Precinct,Medway,860,1104,6,7,6,4,5,1992,6,1998
Precinct,Moncks Corner 01,776,457,12,5,1,3,0,1254,8,1262
Precinct,Moncks Corner 02,563,519,3,1,6,2,1,1095,4,1099
Precinct,Moncks Corner 03,605,757,9,2,5,0,1,1379,8,1387
Precinct,Moncks Corner 04,920,316,8,3,0,2,2,1251,11,1262
Precinct,Moultrie,228,678,0,2,7,2,1,918,8,926
Precinct,Nexton,1515,998,17,10,0,4,2,2546,10,2556
Precinct,North Creek,1228,877,14,2,2,3,1,2127,11,2138
Precinct,Old 52,493,296,3,1,3,0,1,797,3,800
Precinct,Pimlico,989,375,5,2,4,4,0,1379,5,1384
Precinct,Pinopolis,1178,265,7,4,2,1,2,1459,7,1466
Precinct,Provisional,0,0,0,0,0,0,0,0,0,0
Precinct,Royle,451,298,6,0,5,2,1,763,5,768
Precinct,Russellville,185,688,2,1,7,1,2,886,13,899
Precinct,Sangaree 01,380,270,5,1,2,1,0,659,5,664
Precinct,Sangaree 02,563,377,6,3,2,2,3,956,3,959
Precinct,Sangaree 03,437,352,7,3,1,3,3,806,4,810
Precinct,Sedgefield 01,404,516,4,6,2,0,4,936,9,945
Precinct,Sedgefield 02,194,188,3,2,2,1,2,392,1,393
Precinct,Sedgefield 03,205,157,3,1,1,0,1,368,3,371
Precinct,Shulerville,185,111,0,0,1,0,4,301,4,305
Precinct,St. James,507,408,5,5,4,1,2,932,4,936
Precinct,St. Stephen 01,196,699,4,4,6,4,3,916,8,924
Precinct,St. Stephen 02,507,452,4,4,5,2,2,976,7,983
Precinct,Stone Lake,628,380,5,3,2,3,0,1021,9,1030
Precinct,Stratford 01,418,368,2,2,3,1,3,797,6,803
Precinct,Stratford 02,928,458,5,5,4,4,1,1405,15,1420
Precinct,Stratford 03,813,619,4,3,2,2,1,1444,4,1448
Precinct,Stratford 04,660,491,5,3,5,4,4,1172,9,1181
Precinct,Stratford 05,386,445,2,3,1,3,1,841,4,845
Precinct,The Village,1458,779,20,5,6,2,3,2273,17,2290
Precinct,Tramway,546,332,6,3,5,2,2,896,3,899
Precinct,Wassamassaw 01,412,399,2,2,5,1,2,823,6,829
Precinct,Wassamassaw 02,1249,832,5,4,11,4,3,2108,7,2115
Precinct,Weatherstone,713,521,9,6,4,2,2,1257,3,1260
Precinct,Westview 01,713,339,8,4,2,5,1,1072,12,1084
Precinct,Westview 02,731,433,11,6,1,0,3,1185,7,1192
Precinct,Westview 03,697,351,10,4,2,2,1,1067,4,1071
Precinct,Westview 04,670,375,9,1,3,3,1,1062,6,1068
Precinct,Whitesville 01,625,727,4,3,5,2,0,1366,7,1373
Precinct,Whitesville 02,310,354,2,3,3,2,1,675,2,677
Precinct,Wildcat Trail,1301,866,10,2,4,2,4,2189,7,2196
Precinct,Yeaman's Club,80,37,0,2,1,0,0,120,1,121
Precinct,Yellow House,1814,1189,14,15,8,3,1,3044,10,3054
County,Calhoun,4474,3339,29,21,25,18,8,7914,80,7994
Precinct,Bethel,489,194,1,0,3,1,1,689,4,693
Precinct,Cameron,275,245,4,2,2,2,0,530,8,538
Precinct,Center Hill,425,384,3,3,5,0,0,820,5,825
Precinct,Creston,77,55,0,3,0,0,0,135,4,139
Precinct,Dixie,394,957,1,3,10,3,2,1370,13,1383
Precinct,Failsafe,0,0,0,0,0,0,0,0,0,0
Precinct,Failsafe Provisional,7,3,0,0,0,0,0,10,0,10
Precinct,Fall Branch,216,131,1,2,0,2,1,353,2,355
Precinct,Fort Motte,121,80,0,0,0,0,0,201,0,201
Precinct,Lone Star,478,298,5,2,0,4,2,789,8,797
Precinct,Midway,193,39,0,0,0,1,0,233,5,238
Precinct,Murph Hill,136,167,3,4,2,1,0,313,6,319
Precinct,Provisional,0,0,0,0,0,0,0,0,0,0
Precinct,Sandy Run,1001,345,7,1,2,2,1,1359,9,1368
Precinct,St. Matthews,662,441,4,1,1,2,1,1112,16,1128
County,Charleston,99265,111427,1665,973,501,380,310,214521,1938,216459
Precinct,Awendaw,621,550,0,1,3,1,1,1177,13,1190
Precinct,Charleston 01,340,247,4,3,1,0,0,595,12,607
Precinct,Charleston 02,380,297,7,2,0,1,0,687,16,703
Precinct,Charleston 03,303,406,9,2,2,3,0,725,11,736
Precinct,Charleston 04,310,357,6,2,1,0,0,676,11,687
Precinct,Charleston 05,257,317,3,4,0,1,0,582,3,585
Precinct,Charleston 06,274,434,4,2,3,0,0,717,9,726
Precinct,Charleston 07,298,458,3,3,0,3,0,765,11,776
Precinct,Charleston 08,163,476,6,7,5,1,3,661,3,664
Precinct,Charleston 09,142,285,4,3,1,1,1,437,2,439
Precinct,Charleston 10,65,176,0,3,0,0,0,244,1,245
Precinct,Charleston 11,256,452,6,4,2,2,5,727,11,738
Precinct,Charleston 12,281,675,10,5,5,1,1,978,9,987
Precinct,Charleston 13,156,536,6,4,2,0,2,706,5,711
Precinct,Charleston 14,190,386,2,5,3,0,3,589,4,593
Precinct,Charleston 15,403,741,5,4,9,0,1,1163,8,1171
Precinct,Charleston 16,145,556,6,3,3,0,3,716,10,726
Precinct,Charleston 17,133,599,16,5,1,2,2,758,11,769
Precinct,Charleston 18,211,685,16,6,8,2,1,929,7,936
Precinct,Charleston 19,91,417,5,2,1,1,1,518,5,523
Precinct,Charleston 20,232,702,11,2,4,3,2,956,7,963
Precinct,Charleston 21,60,360,1,1,1,1,0,424,7,431
Precinct,Christ Church,466,353,1,1,1,3,0,825,6,831
Precinct,Deer Park 01a,270,487,3,3,11,1,0,775,4,779
Precinct,Deer Park 01b,838,1130,16,7,12,4,4,2011,9,2020
Precinct,Deer Park 02a,723,878,7,4,5,3,3,1623,5,1628
Precinct,Deer Park 02b,381,667,1,6,4,1,1,1061,5,1066
Precinct,Deer Park 02c,313,369,3,1,2,2,1,691,4,695
Precinct,Deer Park 03,401,946,9,5,7,1,4,1373,8,1381
Precinct,Edisto Island,712,614,7,4,2,3,2,1344,13,1357
Precinct,Failsafe,16,22,0,1,0,1,1,41,0,41
Precinct,Failsafe Provisional,61,58,0,3,0,0,0,122,1,123
Precinct,Folly Beach 01,315,371,3,2,0,1,0,692,7,699
Precinct,Folly Beach 02,402,456,12,5,1,2,2,880,9,889
Precinct,Isle Of Palms 01a,486,294,14,7,1,0,1,803,12,815
Precinct,Isle of Palms 01b,662,447,6,4,0,0,3,1122,19,1141
Precinct,Isle of Palms 01c,848,561,14,2,1,0,0,1426,22,1448
Precinct,James Island 01a,745,922,19,5,1,2,1,1695,7,1702
Precinct,James Island 01b,193,613,4,3,4,3,2,822,10,832
Precinct,James Island 03,113,509,4,8,4,0,2,640,5,645
Precinct,James Island 05a,630,524,10,5,0,2,1,1172,15,1187
Precinct,James Island 05b,400,258,11,5,0,1,2,677,7,684
Precinct,James Island 06,599,743,12,8,3,4,3,1372,18,1390
Precinct,James Island 07,738,850,23,6,2,4,0,1623,5,1628
Precinct,James Island 08a,444,723,7,7,3,4,3,1191,13,1204
Precinct,James Island 08b,595,767,13,12,0,4,1,1392,8,1400
Precinct,James Island 09,540,566,15,6,2,1,1,1131,7,1138
Precinct,James Island 10,589,627,12,2,3,3,2,1238,4,1242
Precinct,James Island 11,753,762,23,4,3,0,4,1549,22,1571
Precinct,James Island 12,557,517,6,9,2,3,0,1094,14,1108
Precinct,James Island 13,683,630,11,7,1,1,0,1333,18,1351
Precinct,James Island 14,386,299,2,1,0,1,2,691,8,699
Precinct,James Island 15,544,679,16,5,0,2,1,1247,6,1253
Precinct,James Island 17,620,670,13,13,3,3,5,1327,16,1343
Precinct,James Island 19,581,721,8,13,2,1,2,1328,6,1334
Precinct,James Island 20,486,653,8,5,2,2,3,1159,13,1172
Precinct,James Island 22,484,738,16,14,1,4,1,1258,18,1276
Precinct,Johns Island 01a,968,639,8,8,3,1,2,1629,15,1644
Precinct,Johns Island 01b,1089,1137,12,9,6,5,5,2263,14,2277
Precinct,Johns Island 02,2524,2164,42,23,4,4,8,4769,33,4802
Precinct,Johns Island 03a,2219,1848,37,18,4,2,7,4135,35,4170
Precinct,Johns Island 03b,835,788,14,4,4,5,4,1654,28,1682
Precinct,Johns Island 04,450,495,9,4,2,5,2,967,10,977
Precinct,Kiawah Island,876,859,17,4,2,2,1,1761,44,1805
Precinct,Ladson,780,1130,10,4,7,8,1,1940,9,1949
Precinct,Lincolnville,588,763,7,7,5,4,1,1375,8,1383
Precinct,Mcclellanville,579,767,4,3,1,2,3,1359,11,1370
Precinct,Mt. Pleasant 01,584,554,15,7,4,1,1,1166,27,1193
Precinct,Mt. Pleasant 02,515,353,9,7,1,2,0,887,10,897
Precinct,Mt. Pleasant 03,597,697,8,15,0,4,0,1321,17,1338
Precinct,Mt. Pleasant 04,609,548,14,3,1,1,0,1176,13,1189
Precinct,Mt. Pleasant 05,529,412,9,2,0,0,0,952,13,965
Precinct,Mt. Pleasant 06,831,689,13,5,3,8,2,1551,9,1560
Precinct,Mt. Pleasant 07,458,365,6,4,0,0,0,833,8,841
Precinct,Mt. Pleasant 08,358,348,7,3,0,3,1,720,11,731
Precinct,Mt. Pleasant 09,507,364,14,6,3,0,0,894,14,908
Precinct,Mt. Pleasant 10,534,335,8,2,0,0,1,880,15,895
Precinct,Mt. Pleasant 11,649,508,7,5,4,1,1,1175,19,1194
Precinct,Mt. Pleasant 12,1100,975,13,4,0,8,2,2102,14,2116
Precinct,Mt. Pleasant 13,362,385,2,3,1,1,1,755,13,768
Precinct,Mt. Pleasant 14,548,460,9,4,0,2,0,1023,7,1030
Precinct,Mt. Pleasant 15,960,1000,19,13,1,1,4,1998,22,2020
Precinct,Mt. Pleasant 16,410,230,8,5,0,0,0,653,12,665
Precinct,Mt. Pleasant 17,1323,914,21,12,1,1,2,2274,17,2291
Precinct,Mt. Pleasant 18,588,403,6,3,0,3,1,1004,14,1018
Precinct,Mt. Pleasant 19,846,708,7,11,1,6,1,1580,10,1590
Precinct,Mt. Pleasant 20,586,585,13,5,0,2,0,1191,14,1205
Precinct,Mt. Pleasant 21,705,602,10,6,1,2,0,1326,14,1340
Precinct,Mt. Pleasant 22,862,784,14,8,3,3,1,1675,15,1690
Precinct,Mt. Pleasant 23,805,822,13,5,3,2,0,1650,10,1660
Precinct,Mt. Pleasant 24,361,290,2,1,3,1,1,659,4,663
Precinct,Mt. Pleasant 25,545,361,7,4,0,0,1,918,7,925
Precinct,Mt. Pleasant 26,18,402,1,1,2,1,2,427,10,437
Precinct,Mt. Pleasant 27,1405,997,19,9,3,11,2,2446,28,2474
Precinct,Mt. Pleasant 28,517,403,12,4,1,1,2,940,12,952
Precinct,Mt. Pleasant 29,140,121,2,0,0,0,0,263,5,268
Precinct,Mt. Pleasant 30,948,708,12,4,2,3,2,1679,23,1702
Precinct,Mt. Pleasant 31,811,544,12,1,0,1,1,1370,15,1385
Precinct,Mt. Pleasant 32,1453,755,15,7,2,2,1,2235,14,2249
Precinct,Mt. Pleasant 33,2518,1323,16,16,3,8,5,3889,31,3920
Precinct,Mt. Pleasant 34,879,562,4,5,1,1,2,1454,16,1470
Precinct,Mt. Pleasant 35,2716,1692,31,18,3,12,0,4472,31,4503
Precinct,Mt. Pleasant 36,777,663,18,8,5,6,1,1478,11,1489
Precinct,Mt. Pleasant 37,1610,1417,14,5,7,5,4,3062,25,3087
Precinct,Mt. Pleasant 38,957,573,9,6,3,2,1,1551,9,1560
Precinct,Mt. Pleasant 39,2851,1636,23,10,3,5,4,4532,44,4576
Precinct,North Charleston 01,80,456,4,2,2,3,1,548,3,551
Precinct,North Charleston 02,36,229,2,0,0,1,0,268,2,270
Precinct,North Charleston 03,471,393,4,7,3,1,2,881,12,893
Precinct,North Charleston 04,84,522,3,7,3,2,4,625,2,627
Precinct,North Charleston 05,84,692,4,9,2,0,2,793,4,797
Precinct,North Charleston 06,49,578,2,0,8,1,1,639,8,647
Precinct,North Charleston 07,48,463,4,4,5,0,0,524,2,526
Precinct,North Charleston 08,196,468,9,8,2,1,4,688,2,690
Precinct,North Charleston 09,331,668,6,5,5,2,5,1022,7,1029
Precinct,North Charleston 10,121,441,5,4,10,3,1,585,7,592
Precinct,North Charleston 11,276,396,3,4,1,1,3,684,0,684
Precinct,North Charleston 12,273,494,14,4,2,6,1,794,6,800
Precinct,North Charleston 13,65,345,2,1,1,1,1,416,2,418
Precinct,North Charleston 14,162,351,3,2,6,2,4,530,4,534
Precinct,North Charleston 15,102,543,6,4,3,1,3,662,9,671
Precinct,North Charleston 16,223,596,5,5,3,2,4,838,3,841
Precinct,North Charleston 17,112,400,3,3,0,0,2,520,4,524
Precinct,North Charleston 18,224,608,12,3,1,0,4,852,7,859
Precinct,North Charleston 19,135,519,2,3,4,1,0,664,6,670
Precinct,North Charleston 20,229,259,3,1,1,1,0,494,6,500
Precinct,North Charleston 21,241,495,7,1,6,1,0,751,4,755
Precinct,North Charleston 22,194,454,5,2,4,1,0,660,0,660
Precinct,North Charleston 23,465,874,8,4,3,1,4,1359,5,1364
Precinct,North Charleston 24,373,1018,7,7,13,5,6,1429,8,1437
Precinct,North Charleston 25,80,284,2,4,3,1,0,374,4,378
Precinct,North Charleston 26,35,138,0,0,0,2,1,176,4,180
Precinct,North Charleston 27,147,372,2,4,3,0,1,529,4,533
Precinct,North Charleston 28,84,286,0,3,5,1,2,381,1,382
Precinct,North Charleston 29,123,246,0,2,2,0,0,373,3,376
Precinct,North Charleston 30,300,824,1,6,9,2,4,1146,6,1152
Precinct,Provisional,82,132,0,0,0,0,0,214,2,216
Precinct,St. Andrews 01,158,338,8,1,1,0,0,506,0,506
Precinct,St. Andrews 02,304,519,5,2,0,2,1,833,7,840
Precinct,St. Andrews 03,238,766,12,6,3,2,1,1028,12,1040
Precinct,St. Andrews 04,594,564,16,7,2,0,0,1183,9,1192
Precinct,St. Andrews 05,484,666,11,6,1,4,1,1173,13,1186
Precinct,St. Andrews 06,521,435,13,2,0,0,1,972,11,983
Precinct,St. Andrews 07,650,679,16,5,3,2,1,1356,17,1373
Precinct,St. Andrews 08,128,436,3,7,4,0,2,580,4,584
Precinct,St. Andrews 09,69,605,3,2,6,0,2,687,8,695
Precinct,St. Andrews 10,275,475,4,7,4,1,1,767,9,776
Precinct,St. Andrews 11,389,349,9,0,1,1,1,750,14,764
Precinct,St. Andrews 12,402,429,9,7,0,7,0,854,9,863
Precinct,St. Andrews 13,392,389,7,5,3,2,3,801,6,807
Precinct,St. Andrews 14,426,558,7,5,4,0,4,1004,10,1014
Precinct,St. Andrews 15,199,578,6,3,2,0,2,790,7,797
Precinct,St. Andrews 16,418,414,7,7,2,3,3,854,4,858
Precinct,St. Andrews 17,676,580,15,8,1,3,1,1284,10,1294
Precinct,St. Andrews 18,331,763,7,9,2,0,7,1119,7,1126
Precinct,St. Andrews 19,20,205,0,3,1,0,0,229,1,230
Precinct,St. Andrews 20,595,975,11,7,8,1,7,1604,11,1615
Precinct,St. Andrews 21,263,288,3,3,0,1,3,561,3,564
Precinct,St. Andrews 22,491,409,7,6,3,4,0,920,3,923
Precinct,St. Andrews 23,261,387,5,1,2,0,0,656,3,659
Precinct,St. Andrews 24,271,517,5,2,2,0,1,798,12,810
Precinct,St. Andrews 25,340,640,5,10,3,3,2,1003,5,1008
Precinct,St. Andrews 26,431,544,8,6,5,4,0,998,6,1004
Precinct,St. Andrews 27,1389,1851,41,9,12,5,5,3312,29,3341
Precinct,St. Andrews 28,1510,1509,15,9,6,4,3,3056,13,3069
Precinct,St. Andrews 29,1173,1354,24,15,7,3,4,2580,19,2599
Precinct,St. Andrews 30,647,734,10,4,3,1,4,1403,2,1405
Precinct,St. Andrews 31,454,412,7,4,6,6,1,890,5,895
Precinct,St. Andrews 32,460,384,14,6,2,3,2,871,6,877
Precinct,St. Andrews 33,403,303,6,1,1,1,2,717,3,720
Precinct,St. Andrews 34,1006,810,8,14,2,1,0,1841,16,1857
Precinct,St. Andrews 35,785,569,15,13,2,0,0,1384,9,1393
Precinct,St. Andrews 36,638,571,13,4,1,2,2,1231,4,1235
Precinct,St. Andrews 37,1947,1763,37,17,4,9,3,3780,17,3797
Precinct,St. Pauls 01,176,426,3,1,5,1,0,612,4,616
Precinct,St. Pauls 02a,328,319,3,3,4,1,2,660,2,662
Precinct,St. Pauls 02b,462,555,5,0,7,1,2,1032,11,1043
Precinct,St. Pauls 03,1220,623,13,11,6,1,0,1874,15,1889
Precinct,St. Pauls 04,361,828,8,9,5,3,3,1217,10,1227
Precinct,St. Pauls 05,414,365,2,4,3,1,1,790,3,793
Precinct,St. Pauls 06,1188,721,5,5,5,2,2,1928,18,1946
Precinct,Sullivans Island,650,671,22,4,0,3,0,1350,18,1368
Precinct,Town of Seabrook Island,985,939,13,4,1,7,1,1950,48,1998
Precinct,Wadmalaw Island 01,396,482,5,3,1,3,3,893,9,902
Precinct,Wadmalaw Island 02,357,572,5,10,4,1,1,950,9,959
County,Cherokee,18697,5939,61,48,41,34,19,24839,108,24947
Precinct,99 and Cherokee Falls,635,61,2,1,2,5,0,706,3,709
Precinct,Allens,683,72,1,1,0,1,1,759,6,765
Precinct,Alma Mill,526,404,2,2,0,2,0,936,2,938
Precinct,Antioch and Kings Creek,995,97,3,5,0,0,1,1101,4,1105
Precinct,Ashworth,837,96,4,1,0,0,0,938,3,941
Precinct,Blacksburg Ward No. 01,485,150,2,4,1,0,1,643,4,647
Precinct,Blacksburg Ward No. 02,753,127,3,1,2,1,1,888,3,891
Precinct,Draytonville,939,195,2,1,2,3,1,1143,2,1145
Precinct,Ezells and Butler,1003,162,5,4,1,2,1,1178,3,1181
Precinct,Failsafe,72,43,0,0,0,0,0,115,0,115
Precinct,Failsafe Provisional,1,0,0,0,0,0,0,1,0,1
Precinct,Gaffney Ward No. 01,125,227,0,1,1,1,2,357,3,360
Precinct,Gaffney Ward No. 02,154,447,2,1,6,2,1,613,10,623
Precinct,Gaffney Ward No. 03,147,495,0,0,0,2,0,644,5,649
Precinct,Gaffney Ward No. 04,458,402,2,2,3,1,0,868,13,881
Precinct,Gaffney Ward No. 05,446,246,0,0,3,2,0,697,2,699
Precinct,Gaffney Ward No. 06,465,169,1,1,0,0,0,636,3,639
Precinct,Goucher and Thicketty,902,133,6,2,0,1,0,1044,3,1047
Precinct,Grassy Pond,1531,331,2,4,2,2,2,1874,4,1878
Precinct,Holly Grove-Buffalo,787,119,2,3,0,2,2,915,4,919
Precinct,Limestone Mill,280,167,0,0,2,0,0,449,4,453
Precinct,Littlejohns and Sarratt,299,27,2,0,1,0,0,329,0,329
Precinct,Macedonia,1107,272,4,5,2,2,0,1392,5,1397
Precinct,Morgan,915,132,3,1,4,1,0,1056,5,1061
Precinct,Musgrove Mill,870,295,5,2,1,2,2,1177,5,1182
Precinct,Pleasant Grove,367,319,2,2,2,1,1,694,0,694
Precinct,Pleasant Meadows,153,372,3,0,2,0,1,531,3,534
Precinct,Provisional,9,1,0,0,0,0,0,10,0,10
Precinct,Timber Ridge,695,79,0,1,1,0,0,776,3,779
Precinct,White Plains,843,143,2,1,1,1,2,993,0,993
Precinct,Wilkinsville and Metcalf,423,25,1,0,1,0,0,450,3,453
Precinct,Woods,792,131,0,2,1,0,0,926,3,929
County,Chester,9030,6353,60,22,43,26,22,15556,136,15692
Precinct,Baldwin Mill,344,379,3,0,2,0,2,730,10,740
Precinct,Baton Rouge,382,122,1,0,0,5,0,510,2,512
Precinct,Beckhamville,386,242,0,0,2,1,2,633,11,644
Precinct,Blackstock,348,179,0,0,1,0,0,528,3,531
Precinct,Chester Ward 01,366,661,4,2,7,0,1,1041,8,1049
Precinct,Chester Ward 02,112,420,3,1,3,1,1,541,2,543
Precinct,Chester Ward 03,497,506,2,2,4,0,1,1012,10,1022
Precinct,Chester Ward 04,161,429,5,0,2,1,1,599,6,605
Precinct,Chester Ward 05,556,252,7,1,2,0,1,819,6,825
Precinct,Edgemoor,709,270,5,1,2,3,1,991,5,996
Precinct,Eureka Mill,438,617,5,0,6,2,1,1069,9,1078
Precinct,Failsafe,0,0,0,0,0,0,0,0,0,0
Precinct,Failsafe Provisional,0,0,0,0,0,0,0,0,0,0
Precinct,Fort Lawn,743,388,0,2,0,2,3,1138,11,1149
Precinct,Great Falls,333,235,1,0,1,2,2,574,6,580
Precinct,Halsellville,80,71,1,0,0,0,0,152,0,152
Precinct,Hazelwood,444,160,3,0,0,0,2,609,3,612
Precinct,Lando/Landsford,644,216,5,6,1,2,0,874,8,882
Precinct,Lowrys,574,200,5,1,1,3,2,786,8,794
Precinct,Provisional,2,0,0,0,0,0,1,3,0,3
Precinct,Richburg,713,411,4,3,4,1,1,1137,4,1141
Precinct,Rodman,718,334,1,3,4,3,0,1063,12,1075
Precinct,Rossville,272,71,3,0,0,0,0,346,5,351
Precinct,Wilksburg,208,190,2,0,1,0,0,401,7,408
County,Chesterfield,11682,6520,38,37,55,38,21,18391,137,18528
Precinct,Angelus-Catarrh,378,145,1,0,3,0,0,527,3,530
Precinct,Bay Springs,241,29,0,2,1,5,1,279,1,280
Precinct,Black Creek,234,97,3,0,0,2,0,336,2,338
Precinct,Brocks Mill,476,509,3,3,7,0,3,1001,7,1008
Precinct,Cash,355,378,4,1,1,1,0,740,5,745
Precinct,Center Grove-Winzo,371,314,1,0,1,0,1,688,6,694
Precinct,Cheraw No. 01,561,352,3,1,2,4,1,924,14,938
Precinct,Cheraw No. 02,386,331,0,2,1,0,0,720,3,723
Precinct,Cheraw No. 03,300,577,5,3,8,2,2,897,17,914
Precinct,Cheraw No. 04,429,441,0,6,3,1,0,880,6,886
Precinct,Courthouse,955,426,4,5,6,2,4,1402,10,1412
Precinct,Dudley-mangum,555,152,0,0,1,0,0,708,5,713
Precinct,Failsafe,0,0,0,0,0,0,0,0,0,0
Precinct,Failsafe Provisional,0,0,0,0,0,0,0,0,0,0
Precinct,Grants Mill,609,308,0,0,3,1,0,921,2,923
Precinct,Jefferson,812,407,1,1,4,7,1,1233,9,1242
Precinct,Mcbee,739,346,0,4,3,0,1,1093,7,1100
Precinct,Middendorf,452,72,0,2,0,0,1,527,3,530
Precinct,Mt. Groghan,246,56,0,0,1,0,1,304,3,307
Precinct,Ousleydale,490,62,1,0,0,0,1,554,3,557
Precinct,Pageland No. 01,778,488,3,1,4,4,0,1278,6,1284
Precinct,Pageland No. 02,643,412,4,4,2,3,2,1070,6,1076
Precinct,Patrick,315,132,2,1,2,4,0,456,2,458
Precinct,Pee Dee,180,35,0,0,0,0,0,215,2,217
Precinct,Provisional,4,0,0,0,0,0,0,4,0,4
Precinct,Ruby,505,249,3,0,1,2,2,762,8,770
Precinct,Shiloh,367,125,0,1,1,0,0,494,5,499
Precinct,Snow Hill-Vaughn,301,77,0,0,0,0,0,378,2,380
County,Clarendon,9065,7064,43,27,66,29,26,16320,141,16461
Precinct,Alcolu,315,286,1,2,1,2,0,607,2,609
Precinct,Barrineau,357,43,0,1,2,1,0,404,1,405
Precinct,Barrows Mill,92,23,0,0,0,0,0,115,0,115
Precinct,Bloomville,229,102,0,1,1,1,0,334,2,336
Precinct,Calvary,94,246,1,1,2,1,1,346,2,348
Precinct,Davis Station,847,528,4,2,2,3,1,1387,14,1401
Precinct,Failsafe,0,0,0,0,0,0,0,0,0,0
Precinct,Failsafe Provisional,0,0,0,0,0,0,0,0,0,0
Precinct,Harmony,294,210,1,0,2,0,3,510,2,512
Precinct,Hicks,431,72,2,2,0,1,0,508,3,511
Precinct,Home Branch,201,32,1,0,1,1,0,236,2,238
Precinct,Jordan,1550,565,4,1,7,1,2,2130,22,2152
Precinct,Manning No. 01,169,287,1,1,1,0,2,461,2,463
Precinct,Manning No. 02,300,353,1,0,2,0,0,656,9,665
Precinct,Manning No. 03,679,433,3,3,0,4,0,1122,12,1134
Precinct,Manning No. 04,186,782,3,0,7,0,4,982,11,993
Precinct,Manning No. 05,306,377,2,3,9,3,1,701,6,707
Precinct,New Zion,231,112,0,2,0,0,1,346,1,347
Precinct,Oakdale,136,69,0,0,3,0,0,208,1,209
Precinct,Panola,55,106,0,0,1,0,0,162,0,162
Precinct,Paxville,292,383,4,0,6,2,2,689,5,694
Precinct,Provisional,0,0,0,0,0,0,0,0,0,0
Precinct,Sardinia-gable,78,124,0,0,1,1,0,204,0,204
Precinct,Summerton No. 01,1092,590,12,2,3,4,5,1708,14,1722
Precinct,Summerton No. 02,60,207,1,0,1,1,0,270,4,274
Precinct,Summerton No. 03,155,480,1,1,4,0,2,643,7,650
Precinct,Turbeville,559,168,0,4,3,1,1,736,9,745
Precinct,Wilson-Foreston,357,486,1,1,7,2,1,855,10,865
County,Colleton,10696,7376,63,40,41,37,23,18276,105,18381
Precinct,Ashton-lodge,263,72,2,0,2,4,1,344,6,350
Precinct,Bells,147,65,1,0,0,0,0,213,1,214
Precinct,Berea-smoaks,292,297,1,1,1,1,0,593,3,596
Precinct,Canadys,241,175,3,2,0,1,1,423,2,425
Precinct,Cottageville,798,365,0,5,2,5,2,1177,3,1180
Precinct,Edisto,89,114,0,0,2,0,1,206,5,211
Precinct,Edisto Beach,690,283,4,1,2,2,0,982,10,992
Precinct,Failsafe,0,0,0,0,0,0,0,0,0,0
Precinct,Failsafe Provisional,3,1,0,0,0,0,0,4,0,4
Precinct,Green Pond,194,412,4,0,4,1,0,615,3,618
Precinct,Hendersonville,316,410,3,1,2,1,1,734,3,737
Precinct,Horse Pen,284,140,0,2,0,0,0,426,1,427
Precinct,Hudsons Mill,297,118,0,4,0,0,0,419,3,422
Precinct,Jacksonboro,69,162,0,0,1,0,1,233,3,236
Precinct,Maple Cane,619,134,0,2,0,1,0,756,5,761
Precinct,Mashawville,285,270,1,1,0,2,1,560,3,563
Precinct,Peeples,457,280,4,1,2,1,1,746,4,750
Precinct,Peniel,341,257,3,3,0,0,0,604,4,608
Precinct,Petits,125,69,1,1,1,0,0,197,0,197
Precinct,Provisional,4,7,0,0,0,0,0,11,0,11
Precinct,Rice Patch,313,156,1,1,0,2,0,473,5,478
Precinct,Ritter,162,290,0,0,2,1,0,455,1,456
Precinct,Round O,485,226,4,0,1,0,1,717,3,720
Precinct,Ruffin,96,83,1,0,1,0,0,181,3,184
Precinct,Sidneys,350,94,2,1,0,0,1,448,3,451
Precinct,Sniders,367,123,2,3,0,0,1,496,2,498
Precinct,Stokes,380,107,0,2,0,0,1,490,6,496
Precinct,Walterboro No. 01,431,448,5,3,1,3,1,892,5,897
Precinct,Walterboro No. 02,270,370,2,1,2,2,2,649,3,652
Precinct,Walterboro No. 03,194,643,2,1,4,2,0,846,2,848
Precinct,Walterboro No. 04,611,377,10,2,1,4,2,1007,4,1011
Precinct,Walterboro No. 05,780,359,3,0,3,2,1,1148,6,1154
Precinct,Walterboro No. 06,353,353,3,1,5,2,3,720,2,722
Precinct,Williams,133,70,0,0,2,0,1,206,1,207
Precinct,Wolf Creek,257,46,1,1,0,0,0,305,0,305
County,Darlington,17017,12977,101,59,87,54,36,30331,258,30589
Precinct,Antioch,803,397,4,2,1,2,3,1212,4,1216
Precinct,Auburn,101,300,4,1,3,1,2,412,4,416
Precinct,Bethel,283,177,1,0,1,1,0,463,3,466
Precinct,Black Creek-Clyde,670,203,1,2,3,2,2,883,2,885
Precinct,Burnt Branch,365,155,2,0,0,1,0,523,5,528
Precinct,Darlington No. 01,78,95,1,0,2,0,0,176,2,178
Precinct,Darlington No. 02,331,545,1,2,3,1,0,883,11,894
Precinct,Darlington No. 03,1194,795,8,5,4,2,0,2008,10,2018
Precinct,Darlington No. 04,342,563,2,1,1,2,1,912,7,919
Precinct,Darlington No. 05,155,769,0,3,4,1,1,933,8,941
Precinct,Darlington No. 06,622,425,4,2,3,2,2,1060,12,1072
Precinct,Dovesville,409,547,3,1,6,2,0,968,10,978
Precinct,Failsafe,0,0,0,0,0,0,0,0,0,0
Precinct,Failsafe Provisional,3,3,0,0,0,0,0,6,0,6
Precinct,Hartsville No. 01,608,327,12,2,0,1,0,950,9,959
Precinct,Hartsville No. 04,166,321,2,2,5,0,2,498,4,502
Precinct,Hartsville No. 05,992,719,6,3,7,1,2,1730,16,1746
Precinct,Hartsville No. 06,33,737,0,3,7,0,3,783,9,792
Precinct,Hartsville No. 07,330,270,0,0,1,2,1,604,4,608
Precinct,Hartsville No. 08,1569,421,9,2,2,3,3,2009,18,2027
Precinct,Hartsville No. 09,724,440,7,3,3,2,1,1180,10,1190
Precinct,High Hill,987,882,3,4,6,3,2,1887,17,1904
Precinct,Indian Branch,338,121,1,2,1,0,1,464,3,467
Precinct,Kelleytown,1139,334,9,5,2,3,2,1494,16,1510
Precinct,Lake Swamp,604,380,3,2,1,3,1,994,13,1007
Precinct,Lamar No. 01,225,346,0,0,2,2,0,575,4,579
Precinct,Lamar No. 02,717,392,1,3,2,2,0,1117,8,1125
Precinct,Lydia,188,268,0,1,1,3,0,461,4,465
Precinct,Mechanicsville,625,553,5,2,5,1,1,1192,16,1208
Precinct,New Market,631,109,4,1,0,1,1,747,3,750
Precinct,Oates,519,222,4,1,2,1,1,750,7,757
Precinct,Palmetto,642,651,2,1,4,6,0,1306,9,1315
Precinct,Provisional,7,9,0,0,0,0,0,16,0,16
Precinct,Society Hill,173,297,0,2,2,2,1,477,7,484
Precinct,Swift Creek,444,204,2,1,3,1,3,658,3,661
County,Dillon,6526,5241,21,12,27,16,18,11861,80,11941
Precinct,Bermuda,126,63,0,0,0,0,0,189,3,192
Precinct,Carolina,90,95,0,0,1,0,0,186,2,188
Precinct,East Dillon,1173,290,0,2,1,2,0,1468,7,1475
Precinct,Failsafe,0,0,0,0,0,0,0,0,0,0
Precinct,Failsafe Provisional,1,1,0,0,0,0,0,2,0,2
Precinct,Floydale,377,70,1,0,1,2,1,452,1,453
Precinct,Fork,257,63,0,0,0,0,0,320,0,320
Precinct,Hamer,344,206,6,0,1,1,2,560,5,565
Precinct,Kemper,196,125,1,0,1,2,2,327,3,330
Precinct,Lake View,536,326,1,2,4,2,1,872,5,877
Precinct,Latta,930,805,6,1,3,4,1,1750,13,1763
Precinct,Little Rock,167,241,0,1,1,0,0,410,3,413
Precinct,Manning,143,82,1,0,0,0,0,226,3,229
Precinct,Minturn,67,70,0,0,0,0,0,137,1,138
Precinct,Mt. Calvary,456,693,1,0,3,0,6,1159,5,1164
Precinct,New Holly,193,75,0,0,0,0,0,268,1,269
Precinct,Oak Grove,512,164,0,1,1,0,2,680,3,683
Precinct,Oakland,257,330,2,1,4,1,1,596,4,600
Precinct,Pleasant Hill,211,77,0,1,0,0,0,289,2,291
Precinct,Provisional,0,0,0,0,0,0,0,0,0,0
Precinct,South Dillon,193,687,0,3,3,0,2,888,4,892
Precinct,West Dillon,297,778,2,0,3,2,0,1082,15,1097
County,Dorchester,43839,32489,444,533,174,183,102,77764,560,78324
Precinct,4 Hole,474,281,2,2,2,1,0,762,2,764
Precinct,Archdale,363,407,5,2,5,6,2,790,3,793
Precinct,Archdale 02,508,464,4,1,2,1,2,982,8,990
Precinct,Ashborough East,344,393,1,3,0,2,2,745,3,748
Precinct,Ashborough East 02,464,174,7,2,0,2,1,650,4,654
Precinct,Ashborough West,214,141,0,0,0,2,0,357,2,359
Precinct,Ashborough West 02,542,290,7,5,3,1,0,848,5,853
Precinct,Ashley River,803,786,9,5,7,4,3,1617,10,1627
Precinct,Bacons Bridge,1153,731,12,3,8,5,0,1912,6,1918
Precinct,Bacons Bridge 02,621,430,5,2,6,4,1,1069,4,1073
Precinct,Beech Hill,861,423,1,2,2,4,1,1294,10,1304
Precinct,Beech Hill 02,1590,860,23,8,3,6,4,2494,14,2508
Precinct,Brandymill,304,187,3,4,0,1,1,500,5,505
Precinct,Brandymill 02,424,361,4,3,3,0,2,797,2,799
Precinct,Briarwood,393,302,2,0,3,1,3,704,5,709
Precinct,Briarwood 02,412,293,3,2,2,2,1,715,4,719
Precinct,Briarwood 03,308,180,2,2,2,4,0,498,4,502
Precinct,Butternut,1053,610,19,1,3,2,3,1691,8,1699
Precinct,Carolina,559,623,5,1,3,1,2,1194,8,1202
Precinct,Central,756,383,3,1,2,4,2,1151,9,1160
Precinct,Central 02,606,412,4,4,3,2,1,1032,4,1036
Precinct,Clemson,927,364,5,78,2,3,0,1379,25,1404
Precinct,Clemson 02,923,680,13,192,6,2,1,1817,82,1899
Precinct,Clemson 03,473,389,5,84,3,0,1,955,31,986
Precinct,Coastal,294,438,3,1,2,3,1,742,3,745
Precinct,Coastal 02,605,433,4,2,1,0,2,1047,3,1050
Precinct,Coastal 03,256,214,1,1,0,2,1,475,2,477
Precinct,Coosaw,1096,950,18,6,7,5,1,2083,14,2097
Precinct,Coosaw 02,668,758,7,9,4,3,1,1450,12,1462
Precinct,Coosaw 03,531,378,4,2,3,5,1,924,10,934
Precinct,Cypress,1173,799,15,0,1,4,2,1994,13,2007
Precinct,Cypress 02,549,274,2,1,3,3,1,833,4,837
Precinct,Delemars,905,636,6,1,5,2,1,1556,6,1562
Precinct,Dorchester,451,338,3,1,2,1,0,796,5,801
Precinct,Dorchester 02,510,273,12,3,0,1,0,799,15,814
Precinct,Failsafe,0,0,0,0,0,0,0,0,0,0
Precinct,Failsafe Provisional,0,0,0,0,0,0,0,0,0,0
Precinct,Flowertown,1838,964,22,5,4,3,2,2838,25,2863
Precinct,Flowertown 02,547,332,8,5,2,2,1,897,4,901
Precinct,Flowertown 03,559,409,8,1,2,1,1,981,7,988
Precinct,Germantown,570,393,2,2,4,7,1,979,5,984
Precinct,Givhans,484,218,4,1,1,1,0,709,5,714
Precinct,Givhans 02,581,341,5,2,1,1,0,931,3,934
Precinct,Greenhurst,421,381,5,1,2,2,1,813,5,818
Precinct,Greenwave,381,288,2,1,4,2,0,678,2,680
Precinct,Grover,385,245,2,1,1,1,1,636,7,643
Precinct,Harleyville,327,156,4,0,1,1,0,489,2,491
Precinct,Indian Field,166,241,1,0,2,2,2,414,6,420
Precinct,Indian Field 02,291,302,1,1,3,1,0,599,0,599
Precinct,Irongate,346,156,4,2,0,0,2,510,3,513
Precinct,Irongate 02,150,114,1,1,0,0,0,266,1,267
Precinct,Irongate 03,268,147,2,1,0,2,0,420,4,424
Precinct,Kings Grant,620,560,4,3,4,2,0,1193,3,1196
Precinct,Kings Grant 02,734,687,9,1,3,4,4,1442,7,1449
Precinct,Knightsville,641,309,3,4,0,1,1,959,7,966
Precinct,Lincoln,232,502,4,2,3,2,1,746,3,749
Precinct,Miles-Jamison,808,644,11,2,2,3,3,1473,9,1482
Precinct,Newington,561,271,7,5,1,3,2,850,11,861
Precinct,Newington 02,378,160,2,1,1,0,0,542,5,547
Precinct,North Summerville,209,135,2,2,1,0,0,349,3,352
Precinct,North Summerville 02,303,580,4,1,2,4,5,899,5,904
Precinct,Oakbrook,1164,1265,13,11,4,6,6,2469,5,2474
Precinct,Oakbrook 02,472,436,10,5,2,2,0,927,6,933
Precinct,Patriot,311,748,4,6,5,3,0,1077,6,1083
Precinct,Provisional,0,0,0,0,0,0,0,0,0,0
Precinct,Reevesville,431,284,2,1,4,3,1,726,8,734
Precinct,Ridgeville,558,283,6,0,0,2,0,849,3,852
Precinct,Ridgeville 02,222,210,0,0,0,3,0,435,3,438
Precinct,Rosinville,533,403,2,1,4,3,2,948,7,955
Precinct,Rosses,485,243,6,0,1,3,1,739,6,745
Precinct,Saul Dam,734,363,8,4,1,1,0,1111,3,1114
Precinct,Sawmill Branch,713,351,6,1,1,1,1,1074,4,1078
Precinct,Spann,644,324,15,4,0,1,0,988,4,992
Precinct,St. George No. 01,423,387,2,0,1,0,0,813,4,817
Precinct,St. George No. 02,279,190,7,2,3,2,0,483,2,485
Precinct,Stallsville,487,260,5,2,0,3,4,761,4,765
Precinct,Tranquil,258,182,1,2,0,1,2,446,1,447
Precinct,Tranquil 2,384,482,10,0,1,8,3,888,3,891
Precinct,Tranquil 3,304,339,2,3,0,0,3,651,2,653
Precinct,Trolley,330,371,1,2,2,0,0,706,5,711
Precinct,Tupperway,372,217,2,6,0,2,0,599,3,602
Precinct,Tupperway 02,380,284,3,1,1,4,5,678,2,680
Precinct,Windsor,295,330,1,3,2,1,2,634,2,636
Precinct,Windsor 02,147,347,2,0,0,0,1,497,0,497
County,Edgefield,9092,4659,61,24,31,33,19,13919,60,13979
Precinct,Brunson,188,250,1,1,2,0,1,443,2,445
Precinct,Edgefield No. 01,466,233,4,2,1,3,0,709,3,712
Precinct,Edgefield No. 02,683,584,4,2,4,3,1,1281,11,1292
Precinct,Failsafe,0,0,0,0,0,0,0,0,0,0
Precinct,Failsafe Provisional,0,0,0,0,0,0,0,0,0,0
Precinct,Harmony,593,173,2,2,1,1,2,774,13,787
Precinct,Johnston No. 01,393,437,5,2,1,4,0,842,4,846
Precinct,Johnston No. 02,381,396,2,3,1,1,3,787,6,793
Precinct,Merriweather No. 01,1984,527,15,3,2,7,3,2541,6,2547
Precinct,Merriweather No. 02,2137,607,10,2,5,8,6,2775,6,2781
Precinct,North Side,185,173,0,0,1,0,0,359,1,360
Precinct,Provisional,4,1,0,0,0,0,0,5,0,5
Precinct,Trenton No. 01,486,347,2,1,2,0,0,838,1,839
Precinct,Trenton No. 02,790,862,13,6,10,4,3,1688,5,1693
Precinct,Westside,802,69,3,0,1,2,0,877,2,879
County,Fairfield,4792,6277,29,31,54,19,13,11215,99,11314
Precinct,Blackstock,16,36,0,0,0,0,0,52,2,54
Precinct,Blairs,75,229,0,0,2,0,0,306,2,308
Precinct,Centerville,157,68,1,0,3,0,0,229,0,229
Precinct,Dutchmans Creek,850,362,4,3,5,3,0,1227,15,1242
Precinct,Failsafe,0,3,0,0,0,0,0,3,0,3
Precinct,Failsafe Provisional,2,1,0,0,0,0,0,3,0,3
Precinct,Feasterville,61,132,0,0,0,1,2,196,6,202
Precinct,Gladden Grove,29,18,0,0,0,0,0,47,0,47
Precinct,Greenbrier,562,798,6,3,5,2,1,1377,11,1388
Precinct,Hickory Ridge,228,369,0,3,3,1,0,604,2,606
Precinct,Horeb-glenn,44,186,0,0,0,0,0,230,1,231
Precinct,Jenkinsville,107,300,1,1,1,2,1,413,2,415
Precinct,Lebanon,270,254,1,1,2,1,0,529,4,533
Precinct,Mitford,280,222,3,1,3,0,0,509,10,519
Precinct,Monticello,158,242,0,1,5,1,0,407,2,409
Precinct,New Hope,32,17,0,0,0,0,0,49,0,49
Precinct,Provisional,11,7,0,0,0,0,0,18,0,18
Precinct,Ridgeway,568,968,3,7,10,0,1,1557,12,1569
Precinct,Simpson,349,321,4,4,3,2,0,683,11,694
Precinct,South Winnsboro,96,354,0,0,1,0,2,453,3,456
Precinct,White Oak,48,129,2,1,1,0,1,182,2,184
Precinct,Winnsboro Mills,187,248,3,3,5,4,2,452,1,453
Precinct,Winnsboro No. 01,277,579,1,2,3,1,2,865,8,873
Precinct,Winnsboro No. 02,360,365,0,1,2,1,1,730,5,735
Precinct,Woodard,25,69,0,0,0,0,0,94,0,94
County,Florence,32615,27706,206,166,258,116,73,61140,482,61622
Precinct,Back Swamp,226,100,2,0,1,1,0,330,1,331
Precinct,Brookgreen,94,308,2,0,2,2,0,408,6,414
Precinct,Cartersville,299,201,1,0,3,0,0,504,8,512
Precinct,Claussen,1027,537,4,3,4,3,1,1579,9,1588
Precinct,Coles Crossroads,1011,933,6,7,4,3,3,1967,11,1978
Precinct,Coward No. 01,423,155,2,0,2,0,1,583,4,587
Precinct,Coward No. 02,508,154,1,1,1,0,0,665,4,669
Precinct,Delmae No. 01,641,708,11,2,9,1,3,1375,11,1386
Precinct,Delmae No. 02,1032,374,4,7,2,2,1,1422,13,1435
Precinct,Ebenezer No. 01,1798,947,13,13,4,5,1,2781,18,2799
Precinct,Ebenezer No. 02,1294,1080,7,7,8,6,5,2407,12,2419
Precinct,Ebenezer No. 03,811,461,5,1,3,5,1,1287,7,1294
Precinct,Effingham,439,124,0,2,2,5,2,574,7,581
Precinct,Elim-glenwood,934,304,1,1,4,0,0,1244,7,1251
Precinct,Evergreen,539,191,1,2,3,1,1,738,8,746
Precinct,Failsafe,0,0,0,0,0,0,0,0,0,0
Precinct,Failsafe Provisional,11,3,0,0,0,0,0,14,0,14
Precinct,Florence Ward 01,35,600,0,0,9,1,1,646,8,654
Precinct,Florence Ward 02,53,444,2,0,6,2,4,511,8,519
Precinct,Florence Ward 03,25,542,4,0,7,2,2,582,7,589
Precinct,Florence Ward 04,179,243,3,0,2,0,0,427,4,431
Precinct,Florence Ward 05,209,367,4,3,5,3,1,592,7,599
Precinct,Florence Ward 06,355,195,7,3,0,1,0,561,6,567
Precinct,Florence Ward 07,793,507,9,3,7,3,1,1323,14,1337
Precinct,Florence Ward 08,995,441,9,5,2,2,1,1455,15,1470
Precinct,Florence Ward 09,30,736,2,1,8,0,1,778,10,788
Precinct,Florence Ward 10,17,310,0,1,4,0,0,332,6,338
Precinct,Florence Ward 11,279,277,4,1,2,0,0,563,4,567
Precinct,Florence Ward 12,1097,576,8,9,4,3,4,1701,8,1709
Precinct,Florence Ward 14,961,619,6,15,8,3,0,1612,17,1629
Precinct,Florence Ward 15,56,165,2,1,2,0,1,227,2,229
Precinct,Friendfield,357,50,0,0,1,0,0,408,4,412
Precinct,Gilbert,206,920,3,1,6,2,3,1141,12,1153
Precinct,Greenwood,781,752,7,4,6,7,2,1559,13,1572
Precinct,Hannah,429,57,1,1,2,1,0,491,5,496
Precinct,High Hill,269,79,1,0,0,0,1,350,2,352
Precinct,Johnsonville,1048,352,3,1,9,3,1,1417,9,1426
Precinct,Kingsburg-stone,345,317,1,0,4,0,0,667,10,677
Precinct,Lake City No. 01,177,601,0,2,3,2,3,788,4,792
Precinct,Lake City No. 02,511,294,1,1,2,2,0,811,5,816
Precinct,Lake City No. 03,406,564,2,2,5,0,2,981,5,986
Precinct,Lake City No. 04,67,847,1,0,8,3,0,926,6,932
Precinct,Leo,157,86,2,0,1,0,0,246,3,249
Precinct,Mars Bluff No. 01,847,715,5,3,8,2,1,1581,13,1594
Precinct,Mars Bluff No. 02,678,376,4,1,4,2,1,1066,6,1072
Precinct,Mcallister Mill,341,136,1,0,0,0,0,478,2,480
Precinct,Mill Branch,171,225,1,2,3,1,0,403,5,408
Precinct,Oak Grove-sardis,674,129,2,1,1,2,0,809,2,811
Precinct,Olanta,584,333,0,1,7,1,2,928,6,934
Precinct,Pamplico No. 01,608,202,5,1,1,0,0,817,8,825
Precinct,Pamplico No. 02,154,210,2,4,2,1,2,375,2,377
Precinct,Prospect,252,19,0,1,1,1,0,274,0,274
Precinct,Provisional,0,0,0,0,0,0,0,0,0,0
Precinct,Quinby,161,439,1,4,3,4,2,614,1,615
Precinct,Salem,346,33,0,1,0,0,0,380,6,386
Precinct,Savannah Grove,1327,1564,8,10,9,4,3,2925,24,2949
Precinct,Scranton,318,204,0,0,3,1,1,527,2,529
Precinct,South Florence 01,1014,856,7,7,7,5,2,1898,10,1908
Precinct,South Florence 02,245,872,5,7,7,1,3,1140,16,1156
Precinct,Spaulding,39,720,0,1,1,2,1,764,6,770
Precinct,Tans Bay,695,560,5,3,8,4,3,1278,16,1294
Precinct,Timmonsville 01,177,629,1,1,9,2,1,820,8,828
Precinct,Timmonsville 02,466,449,2,1,7,0,1,926,6,932
Precinct,Vox,336,77,1,1,1,1,1,418,2,420
Precinct,West Florence 01,1496,1064,10,14,8,5,2,2599,12,2611
Precinct,West Florence 02,762,373,4,2,3,3,0,1147,9,1156
County,Georgetown,22326,14965,160,105,106,56,36,37754,365,38119
Precinct,Andrews,375,626,10,5,9,2,2,1029,15,1044
Precinct,Andrews Outside,319,334,0,1,4,2,0,660,8,668
Precinct,Bethel,701,89,1,2,0,1,1,795,4,799
Precinct,Black River,1011,300,2,3,0,1,2,1319,8,1327
Precinct,Browns Ferry,307,957,4,0,6,1,4,1279,12,1291
Precinct,Carvers Bay,112,37,1,0,0,0,0,150,1,151
Precinct,Choppee,263,415,2,0,2,4,1,687,4,691
Precinct,Dreamkeepers,31,489,1,0,6,2,2,531,3,534
Precinct,Failsafe,2,0,0,0,0,0,0,2,0,2
Precinct,Failsafe Provisional,0,0,0,0,0,0,0,0,0,0
Precinct,Folly Grove,442,149,0,0,1,0,0,592,3,595
Precinct,Georgetown No. 01,397,294,6,3,2,2,1,705,10,715
Precinct,Georgetown No. 03,106,619,1,0,9,3,3,741,12,753
Precinct,Georgetown No. 04,269,170,1,1,1,0,0,442,1,443
Precinct,Georgetown No. 05,850,439,2,6,6,1,1,1305,11,1316
Precinct,Kensington,684,233,4,0,2,1,1,925,9,934
Precinct,Lambert Town,330,63,2,1,1,1,1,399,0,399
Precinct,Murrells Inlet No. 01,2002,870,15,15,4,3,3,2912,20,2932
Precinct,Murrells Inlet No. 02,1307,621,8,5,5,3,2,1951,16,1967
Precinct,Murrells Inlet No. 03,499,195,1,1,1,0,0,697,1,698
Precinct,Murrells Inlet No. 04,1004,275,4,2,0,2,0,1287,7,1294
Precinct,Myersville,43,241,0,0,3,0,0,287,2,289
Precinct,Pawleys Island No. 01,1816,966,13,11,6,3,1,2816,34,2850
Precinct,Pawleys Island No. 02,1641,1252,19,14,6,4,1,2937,37,2974
Precinct,Pawleys Island No. 03,1449,766,11,7,3,7,0,2243,25,2268
Precinct,Pawleys Island No. 04,1740,705,23,8,1,2,1,2480,31,2511
Precinct,Pawleys Island No. 05,1863,890,13,8,3,7,1,2785,41,2826
Precinct,Pee Dee,125,277,1,1,1,0,1,406,5,411
Precinct,Penny Royal,251,142,0,3,0,0,2,398,5,403
Precinct,Plantersville,162,302,2,2,3,0,1,472,5,477
Precinct,Pleasant Hill,457,212,2,2,1,1,0,675,8,683
Precinct,Potato Bed Ferry,349,176,2,0,2,0,1,530,2,532
Precinct,Provisional,16,14,0,0,0,0,0,30,0,30
Precinct,Sampit,146,496,3,2,2,1,1,651,4,655
Precinct,Santee,173,552,2,1,5,1,0,734,14,748
Precinct,Spring Gully,571,628,3,0,10,0,2,1214,4,1218
Precinct,Winyah Bay,513,171,1,1,1,1,0,688,3,691
County,Greenville,158541,100074,1909,1103,544,847,298,263316,2191,265507
Precinct,Aiken,258,359,2,2,3,3,1,628,7,635
Precinct,Altamont Forest,781,326,17,3,2,6,3,1138,11,1149
Precinct,Asheton Lakes,1733,853,19,10,5,6,2,2628,27,2655
Precinct,Avon,819,389,11,4,2,11,2,1238,11,1249
Precinct,Baker Creek,789,240,3,4,3,2,0,1041,4,1045
Precinct,Belle Meade,105,790,2,4,7,1,3,912,2,914
Precinct,Bells Crossing,1451,775,12,7,7,8,2,2262,16,2278
Precinct,Belmont,204,343,5,1,2,1,1,557,1,558
Precinct,Berea,459,381,2,4,6,5,3,860,8,868
Precinct,Boiling Springs,962,571,17,2,1,10,2,1565,19,1584
Precinct,Botany Woods,762,387,13,7,3,4,2,1178,11,1189
Precinct,Bridge Fork,881,411,9,4,1,5,1,1312,8,1320
Precinct,Brookglenn,523,279,3,2,2,2,0,811,4,815
Precinct,Canebrake,1356,766,24,19,6,9,3,2183,16,2199
Precinct,Carolina,185,538,5,2,5,2,3,740,6,746
Precinct,Castle Rock,1847,561,12,4,1,2,1,2428,13,2441
Precinct,Chestnut Hills,495,542,7,6,6,3,3,1062,6,1068
Precinct,Circle Creek,1572,837,22,2,5,9,1,2448,20,2468
Precinct,Clear Creek,1078,268,7,2,0,7,0,1362,17,1379
Precinct,Conestee,911,858,10,5,5,5,1,1795,6,1801
Precinct,Darby Ridge,1728,516,16,7,0,3,2,2272,20,2292
Precinct,Del Norte,867,618,10,4,4,7,3,1513,11,1524
Precinct,Devenger,968,466,13,7,1,13,1,1469,22,1491
Precinct,Donaldson,562,871,10,6,0,2,0,1451,9,1460
Precinct,Dove Tree,836,516,16,6,2,4,1,1381,15,1396
Precinct,Dunklin,1622,263,8,2,3,7,0,1905,8,1913
Precinct,Eastside,1193,624,18,11,3,7,2,1858,20,1878
Precinct,Ebenezer,1431,415,12,12,3,6,5,1884,10,1894
Precinct,Edwards Forest,1082,507,9,2,2,5,2,1609,17,1626
Precinct,Enoree,1344,984,22,15,5,8,1,2379,17,2396
Precinct,Failsafe,178,119,1,2,4,0,0,304,0,304
Precinct,Failsafe Provisional,345,234,7,8,3,1,1,599,1,600
Precinct,Feaster,508,425,8,6,1,3,3,954,10,964
Precinct,Fork Shoals,1297,263,7,0,2,10,1,1580,7,1587
Precinct,Fountain Inn 01,1531,1148,14,10,5,7,3,2718,18,2736
Precinct,Fountain Inn 02,796,464,4,4,5,1,2,1276,9,1285
Precinct,Fox Chase,1317,388,5,5,2,3,1,1721,13,1734
Precinct,Frohawk,949,298,10,6,1,4,2,1270,10,1280
Precinct,Furman,1330,882,14,11,3,7,2,2249,24,2273
Precinct,Gowensville,1380,355,5,1,1,3,3,1748,14,1762
Precinct,Granite Creek,1625,931,19,25,1,6,2,2609,17,2626
Precinct,Graze Branch,1009,463,6,10,0,11,1,1500,12,1512
Precinct,Greenbriar,968,813,8,6,3,3,4,1805,12,1817
Precinct,Greenville 01,723,657,21,7,1,9,3,1421,20,1441
Precinct,Greenville 03,876,1070,31,10,2,8,3,2000,20,2020
Precinct,Greenville 04,494,1034,20,9,7,1,2,1567,18,1585
Precinct,Greenville 05,828,1301,18,12,7,5,4,2175,21,2196
Precinct,Greenville 06,182,359,5,1,2,3,0,552,3,555
Precinct,Greenville 07,404,981,9,9,8,6,2,1419,17,1436
Precinct,Greenville 08,1011,1633,25,12,8,5,8,2702,20,2722
Precinct,Greenville 10,743,1061,27,10,1,5,4,1851,17,1868
Precinct,Greenville 14,167,789,6,8,6,1,1,978,11,989
Precinct,Greenville 16,819,748,19,4,2,3,0,1595,20,1615
Precinct,Greenville 17,741,610,18,5,1,7,0,1382,22,1404
Precinct,Greenville 18,752,471,10,1,0,2,1,1237,18,1255
Precinct,Greenville 19,348,929,9,5,8,6,2,1307,14,1321
Precinct,Greenville 20,553,422,5,3,0,2,0,985,17,1002
Precinct,Greenville 21,468,471,10,5,3,6,0,963,13,976
Precinct,Greenville 22,1154,653,26,8,2,4,1,1848,20,1868
Precinct,Greenville 23,1113,587,11,5,1,4,1,1722,35,1757
Precinct,Greenville 24,1819,1857,30,19,11,6,3,3745,47,3792
Precinct,Greenville 25,422,469,6,4,3,1,2,907,4,911
Precinct,Greenville 26,398,785,8,11,7,5,1,1215,15,1230
Precinct,Greenville 27,509,235,14,4,2,11,0,775,17,792
Precinct,Greenville 28,298,348,8,6,0,9,0,669,4,673
Precinct,Greenville 29,410,957,12,6,11,3,1,1400,5,1405
Precinct,Grove,549,527,4,6,1,2,2,1091,8,1099
Precinct,Hillcrest,1251,690,15,6,0,6,0,1968,14,1982
Precinct,Holly Tree,694,358,7,2,1,5,1,1068,12,1080
Precinct,Jennings Mill,1114,467,11,5,1,5,0,1603,22,1625
Precinct,Kilgore Farms,1305,805,14,10,4,2,3,2143,8,2151
Precinct,Lakeview,762,697,18,13,4,4,6,1504,11,1515
Precinct,Laurel Ridge,1427,581,15,10,4,10,1,2048,13,2061
Precinct,Leawood,874,575,12,5,4,5,2,1477,14,1491
Precinct,Locust Hill,987,250,5,5,2,6,0,1255,17,1272
Precinct,Long Creek,1218,669,18,10,3,3,4,1925,6,1931
Precinct,Maple Creek,1036,524,11,7,2,3,1,1584,7,1591
Precinct,Maridell,1355,321,10,4,3,11,3,1707,15,1722
Precinct,Mauldin 01,874,861,9,6,3,6,3,1762,8,1770
Precinct,Mauldin 02,1740,1421,17,14,8,9,2,3211,27,3238
Precinct,Mauldin 03,724,883,13,3,5,6,1,1635,10,1645
Precinct,Mauldin 04,1307,853,8,9,6,7,2,2192,19,2211
Precinct,Mauldin 05,1029,995,16,4,5,7,8,2064,16,2080
Precinct,Mauldin 06,879,753,14,2,1,4,2,1655,8,1663
Precinct,Mauldin 07,829,580,17,12,2,7,0,1447,12,1459
Precinct,Mission,1191,782,14,15,1,3,1,2007,36,2043
Precinct,Monaview,581,479,5,2,6,6,2,1081,11,1092
Precinct,Moore Creek,1997,1617,17,12,2,10,7,3662,33,3695
Precinct,Mountain Creek,1305,482,12,4,3,7,3,1816,12,1828
Precinct,Mountain View,1661,246,8,3,4,6,1,1929,5,1934
Precinct,Mt. Pleasant,304,745,4,5,10,1,2,1071,9,1080
Precinct,Neely Farms,1679,1072,25,15,11,12,6,2820,11,2831
Precinct,Northwood,913,493,18,3,2,8,0,1437,19,1456
Precinct,Oakview,1613,841,14,15,4,6,4,2497,21,2518
Precinct,Oneal,2414,662,16,9,0,4,2,3107,9,3116
Precinct,Palmetto,731,475,16,8,5,8,0,1243,17,1260
Precinct,Paris Mountain,745,356,12,8,0,8,1,1130,7,1137
Precinct,Pebble Creek,1261,538,14,10,2,4,3,1832,18,1850
Precinct,Pelham Falls,549,302,15,7,1,3,0,877,12,889
Precinct,Piedmont,1340,769,13,7,7,6,0,2142,7,2149
Precinct,Pineview,916,250,4,5,1,1,0,1177,6,1183
Precinct,Poinsett,1329,907,14,7,7,5,2,2271,15,2286
Precinct,Provisional,198,130,2,0,1,1,0,332,6,338
Precinct,Raintree,1647,1020,19,15,6,8,7,2722,25,2747
Precinct,Ranch Creek,1345,1494,15,15,12,7,6,2894,16,2910
Precinct,Reedy Fork,1508,1141,9,8,0,9,5,2680,11,2691
Precinct,Riverside,1130,777,17,19,5,2,7,1957,11,1968
Precinct,Riverwalk,1273,668,21,6,2,6,0,1976,26,2002
Precinct,Rock Hill,879,664,15,7,5,5,0,1575,14,1589
Precinct,Rocky Creek,753,542,7,8,1,4,1,1316,11,1327
Precinct,Rolling Green,1006,480,19,13,1,5,0,1524,13,1537
Precinct,Royal Oaks,197,648,2,0,6,2,4,859,6,865
Precinct,Saluda,641,408,5,2,1,2,1,1060,10,1070
Precinct,Sandy Flat,2475,698,12,9,9,7,0,3210,33,3243
Precinct,Sevier,1297,650,20,2,2,8,3,1982,21,2003
Precinct,Silverleaf,1200,625,11,4,4,8,1,1853,18,1871
Precinct,Simpsonville 01,1106,692,6,7,3,4,1,1819,20,1839
Precinct,Simpsonville 02,999,723,11,5,3,3,3,1747,10,1757
Precinct,Simpsonville 03,1392,736,13,8,5,6,0,2160,10,2170
Precinct,Simpsonville 04,669,581,8,5,1,4,0,1268,5,1273
Precinct,Simpsonville 05,1090,1154,8,5,8,2,4,2271,7,2278
Precinct,Simpsonville 06,1231,795,14,7,2,8,0,2057,5,2062
Precinct,Skyland,2103,271,16,2,1,6,2,2401,13,2414
Precinct,Slater Marietta,1868,395,13,12,5,9,1,2303,11,2314
Precinct,Southside,793,766,13,0,6,3,3,1584,20,1604
Precinct,Sparrows Point,1296,809,15,16,3,2,3,2144,22,2166
Precinct,Spring Forest,754,642,17,5,4,5,1,1428,17,1445
Precinct,Standing Springs,813,525,16,5,1,3,2,1365,12,1377
Precinct,Stone Valley,904,474,13,6,6,10,0,1413,8,1421
Precinct,Stonehaven,1039,540,12,5,0,8,0,1604,20,1624
Precinct,Suber Mill,1649,1001,12,24,8,7,4,2705,28,2733
Precinct,Sugar Creek,1253,540,29,11,1,10,2,1846,25,1871
Precinct,Sulphur Springs,1383,724,12,11,4,6,3,2143,13,2156
Precinct,Sycamore,1987,849,16,16,3,7,3,2881,15,2896
Precinct,Tanglewood,668,670,6,6,9,7,3,1369,8,1377
Precinct,Taylors,773,534,16,8,2,5,2,1340,13,1353
Precinct,Thornblade,1428,801,11,13,7,8,3,2271,19,2290
Precinct,Tigerville,2044,516,11,7,2,6,2,2588,17,2605
Precinct,Timberlake,1064,780,24,6,3,10,0,1887,30,1917
Precinct,Trade,914,649,13,4,6,7,1,1594,6,1600
Precinct,Travelers Rest 01,1331,818,26,10,7,5,4,2201,31,2232
Precinct,Travelers Rest 02,918,405,9,9,1,6,1,1349,5,1354
Precinct,Tubbs Mountain,1673,514,11,7,1,4,2,2212,26,2238
Precinct,Tyger River,592,392,10,4,4,6,1,1009,3,1012
Precinct,Verdmont,1185,607,10,6,3,10,0,1821,15,1836
Precinct,Wade Hampton,928,438,8,10,5,8,2,1399,23,1422
Precinct,Walnut Springs,3067,1537,36,22,7,14,3,4686,30,4716
Precinct,Ware Place,1293,347,8,3,5,2,0,1658,6,1664
Precinct,Welcome,533,645,6,1,4,5,2,1196,14,1210
Precinct,Wellington,739,413,8,7,2,6,2,1177,11,1188
Precinct,Westcliffe,672,366,6,6,2,5,1,1058,4,1062
Precinct,Westside,743,490,2,4,4,2,4,1249,16,1265
Precinct,Woodmont,1102,1043,8,11,6,6,5,2181,11,2192
Precinct,Woodruff Lakes,1244,657,15,9,1,8,3,1937,19,1956
County,Greenwood,19715,10766,120,62,106,70,49,30888,220,31108
Precinct,Airport,470,235,6,0,3,3,0,717,12,729
Precinct,Allies Crossing,496,154,3,0,1,2,0,656,2,658
Precinct,Angel Oak's Crossing,766,302,8,3,1,4,0,1084,5,1089
Precinct,Ashley River Run,70,206,0,1,7,0,2,286,1,287
Precinct,Bee's Ferry,33,428,1,1,9,0,1,473,3,476
Precinct,Biltmore Pines,570,227,4,2,1,1,1,806,3,809
Precinct,Bradley,111,52,0,0,1,0,0,164,0,164
Precinct,Callison,582,146,2,2,1,0,0,733,7,740
Precinct,Civic Center,436,465,3,3,6,2,2,917,5,922
Precinct,Cokesbury,361,333,0,1,4,1,1,701,8,709
Precinct,Coronaca,871,242,11,3,0,1,0,1128,8,1136
Precinct,Emerald,95,287,1,0,4,2,3,392,2,394
Precinct,Emerald High,285,99,0,1,2,0,0,387,2,389
Precinct,Epworth,426,84,3,0,1,0,0,514,3,517
Precinct,Failsafe,28,17,0,0,0,0,0,45,0,45
Precinct,Failsafe Provisional,22,22,0,0,0,1,0,45,1,46
Precinct,Fairhope Ferry,224,354,1,2,3,2,1,587,1,588
Precinct,Georgetown,419,250,2,4,2,2,0,679,8,687
Precinct,Gideons Way,207,312,0,1,2,1,3,526,3,529
Precinct,Glendale,433,112,3,3,2,2,0,555,5,560
Precinct,Graham's Glen,528,154,2,2,3,0,0,689,4,693
Precinct,Grandiflora Glen,376,360,6,2,2,1,3,750,1,751
Precinct,Greenwood High,448,228,4,1,0,4,1,686,6,692
Precinct,Greenwood Mill,387,129,6,2,1,5,0,530,1,531
Precinct,Harris,392,217,2,3,2,1,1,618,2,620
Precinct,Hodges,820,186,2,1,3,1,1,1014,5,1019
Precinct,Hope's Ferry,219,239,1,2,3,1,1,466,3,469
Precinct,Laco,522,274,0,0,6,2,1,805,1,806
Precinct,Levi's Knoll,443,334,3,0,1,2,1,784,11,795
Precinct,Liberty,266,233,0,0,3,1,2,505,2,507
Precinct,Loblolly Pines,65,261,1,1,1,2,3,334,1,335
Precinct,Lower Lake,896,276,6,2,1,4,0,1185,13,1198
Precinct,Marshall Oaks,91,196,2,0,2,1,4,296,2,298
Precinct,Maxwellton Pike,522,104,2,2,1,0,0,631,2,633
Precinct,Mimosa Crest,386,242,1,0,1,0,2,632,4,636
Precinct,Mountain Laurel,207,245,1,0,4,0,2,459,1,460
Precinct,New Market,375,251,4,2,2,0,1,635,4,639
Precinct,Newcastle,596,218,1,1,3,0,1,820,7,827
Precinct,Ninety Six,368,209,2,1,2,1,1,584,2,586
Precinct,Ninety Six Mill,466,80,6,0,1,1,1,555,2,557
Precinct,Parsons Mill,352,253,2,1,1,1,0,610,6,616
Precinct,Pebble Stone Way,318,270,1,1,2,3,0,595,8,603
Precinct,Pinecrest,373,259,0,5,3,1,3,644,7,651
Precinct,Provisional,38,21,0,0,0,1,0,60,3,63
Precinct,Riley,112,41,0,0,0,0,2,155,1,156
Precinct,Rutherford Shoals,397,130,2,1,1,1,1,533,3,536
Precinct,Sandridge,446,56,0,0,3,2,0,507,5,512
Precinct,Shoals Junction,203,46,0,1,0,0,0,250,2,252
Precinct,Sparrows Grace,894,236,5,1,1,4,0,1141,6,1147
Precinct,Stonewood,605,197,4,0,1,2,1,810,9,819
Precinct,Troy,91,24,0,0,0,0,0,115,1,116
Precinct,Verdery,381,340,6,2,1,2,2,734,10,744
Precinct,Ware Shoals,227,130,0,1,1,2,0,361,6,367
County,Hampton,3801,4328,18,10,48,13,15,8233,69,8302
Precinct,Black Creek,141,52,0,0,0,0,0,193,3,196
Precinct,Bonnett,404,151,0,0,1,1,1,558,2,560
Precinct,Brunson,261,158,0,0,3,3,0,425,3,428
Precinct,Crocketville-Miley,223,116,0,0,2,0,0,341,2,343
Precinct,Cummings,268,259,3,0,4,1,2,537,4,541
Precinct,Early Branch,122,155,1,1,1,0,2,282,5,287
Precinct,Estill,297,983,6,1,12,1,2,1302,11,1313
Precinct,Failsafe,1,1,0,0,0,0,0,2,0,2
Precinct,Failsafe Provisional,0,0,0,0,0,0,0,0,0,0
Precinct,Furman,90,142,0,1,2,0,2,237,1,238
Precinct,Garnett,24,76,0,0,0,0,0,100,1,101
Precinct,Gifford,23,161,0,0,1,0,0,185,2,187
Precinct,Hampton Courthouse No. 01,373,305,0,0,2,0,0,680,7,687
Precinct,Hampton Courthouse No. 02,530,439,4,3,7,2,0,985,8,993
Precinct,Hopewell,184,23,1,2,0,0,0,210,0,210
Precinct,Horse Gall,69,10,0,0,1,0,0,80,0,80
Precinct,Provisional,2,4,0,0,0,0,0,6,1,7
Precinct,Rivers Mill,32,25,0,0,0,1,0,58,1,59
Precinct,Scotia,31,182,1,0,2,0,1,217,1,218
Precinct,Varnville,479,683,1,0,9,1,4,1177,12,1189
Precinct,Yemassee,247,403,1,2,1,3,1,658,5,663
County,Horry,141719,62325,645,506,334,249,176,205954,1214,207168
Precinct,4 Mile,1122,460,7,2,3,1,5,1600,8,1608
Precinct,Adrian,1154,377,0,1,6,3,2,1543,6,1549
Precinct,Allsbrook,522,89,1,0,0,1,0,613,2,615
Precinct,Atlantic Beach,20,82,0,0,1,0,0,103,0,103
Precinct,Aynor,1468,311,2,2,7,1,3,1794,7,1801
Precinct,Bayboro-gurley,808,280,3,2,3,0,0,1096,6,1102
Precinct,Brooksville #01,2448,1109,5,9,10,7,0,3588,29,3617
Precinct,Brooksville #02,702,347,2,3,3,1,2,1060,9,1069
Precinct,Brownway,1258,341,1,3,6,2,2,1613,5,1618
Precinct,Burgess 01,1364,585,12,5,1,1,0,1968,12,1980
Precinct,Burgess 02,1744,695,9,4,5,1,2,2460,13,2473
Precinct,Burgess 03,1499,636,7,1,0,5,1,2149,15,2164
Precinct,Burgess 04,1164,477,3,0,1,1,2,1648,9,1657
Precinct,Burgess 05,1362,584,3,1,2,4,2,1958,20,1978
Precinct,Carolina Bays,1679,666,13,3,3,0,0,2364,21,2385
Precinct,Carolina Forest 01,1508,750,6,8,6,2,3,2283,10,2293
Precinct,Carolina Forest 02,928,528,5,3,2,0,3,1469,5,1474
Precinct,Cedar Grove,1042,137,3,2,3,4,2,1193,9,1202
Precinct,Cherry Grove 01,1720,549,12,10,3,5,1,2300,11,2311
Precinct,Cherry Grove 02,849,389,3,2,0,0,0,1243,18,1261
Precinct,Coastal Carolina,487,299,6,0,0,1,1,794,7,801
Precinct,Coastal Lane 01,94,387,0,0,5,0,1,487,0,487
Precinct,Coastal Lane 02,217,370,1,7,3,0,0,598,2,600
Precinct,Cool Springs,377,64,1,1,0,1,0,444,2,446
Precinct,Crescent,911,384,5,5,1,0,0,1306,4,1310
Precinct,Daisy,889,223,4,2,4,1,2,1125,5,1130
Precinct,Deerfield,2340,1081,13,11,7,2,1,3455,20,3475
Precinct,Dog Bluff,849,83,0,2,2,1,0,937,1,938
Precinct,Dogwood,994,584,12,4,2,2,2,1600,6,1606
Precinct,Dunes 01,2332,939,9,8,1,2,0,3291,33,3324
Precinct,Dunes 02,1273,506,10,6,0,2,0,1797,13,1810
Precinct,Dunes 03,466,352,10,3,1,2,0,834,8,842
Precinct,East Conway,913,439,8,2,4,2,0,1368,11,1379
Precinct,East Loris,1598,759,3,2,5,2,2,2371,13,2384
Precinct,Ebenezer,1828,700,4,3,3,5,1,2544,6,2550
Precinct,Emerald Forest 01,1186,569,8,8,3,2,3,1779,8,1787
Precinct,Emerald Forest 02,2848,1369,15,12,6,4,5,4259,26,4285
Precinct,Emerald Forest 03,2249,1064,19,10,7,8,4,3361,14,3375
Precinct,Enterprise #01,1055,493,5,4,7,2,3,1569,4,1573
Precinct,Enterprise #02,1011,451,5,5,1,2,1,1476,3,1479
Precinct,Failsafe,42,35,1,0,2,0,0,80,0,80
Precinct,Failsafe Provisional,0,0,0,0,0,0,0,0,0,0
Precinct,Forestbrook,1648,850,8,8,2,2,1,2519,18,2537
Precinct,Galivants Ferry,113,24,1,1,0,1,0,140,0,140
Precinct,Garden City 01,1322,403,5,0,2,1,0,1733,10,1743
Precinct,Garden City 02,838,217,8,3,1,1,0,1068,6,1074
Precinct,Garden City 03,991,527,3,2,2,1,2,1528,13,1541
Precinct,Garden City 04,641,281,2,1,0,1,1,927,7,934
Precinct,Glenns Bay,1140,491,7,4,4,3,3,1652,8,1660
Precinct,Green Sea,569,164,4,1,4,0,0,742,4,746
Precinct,Hickory Grove,890,272,0,3,2,2,0,1169,2,1171
Precinct,Homewood,974,423,5,7,1,1,1,1412,8,1420
Precinct,Horry,1268,246,5,3,4,1,0,1527,6,1533
Precinct,Inland,155,86,0,0,1,0,0,242,0,242
Precinct,Jackson Bluff,348,111,2,0,0,0,1,462,4,466
Precinct,Jamestown,1549,1038,9,7,5,5,3,2616,18,2634
Precinct,Jernigans Xroads,475,100,0,0,1,0,1,577,1,578
Precinct,Jet Port 01,1067,514,6,5,6,3,0,1601,4,1605
Precinct,Jet Port 02,586,328,2,5,1,4,1,927,2,929
Precinct,Jet Port 03,1256,661,7,3,2,1,3,1933,8,1941
Precinct,Jet Port 04,1363,797,7,4,1,5,1,2178,9,2187
Precinct,Juniper Bay,1128,325,2,5,1,1,2,1464,10,1474
Precinct,Lake Park #01,688,362,6,3,3,0,2,1064,8,1072
Precinct,Lake Park #02,683,455,4,5,5,0,1,1153,2,1155
Precinct,Lake Park #03,1140,551,6,6,3,1,2,1709,7,1716
Precinct,Leon,985,656,3,5,5,1,2,1657,6,1663
Precinct,Little River 01,2167,834,9,4,1,3,3,3021,11,3032
Precinct,Little River 02,1803,734,7,6,3,3,5,2561,10,2571
Precinct,Little River 03,1215,495,5,5,1,1,2,1724,20,1744
Precinct,Live Oak,537,166,1,1,3,1,0,709,7,716
Precinct,Maple,975,307,5,4,3,2,2,1298,10,1308
Precinct,Marlowe 01,1365,530,2,3,2,2,2,1906,10,1916
Precinct,Marlowe 02,1914,944,5,5,3,5,0,2876,31,2907
Precinct,Marlowe 03,2581,1157,15,11,6,4,5,3779,31,3810
Precinct,Methodist-mill Swamp,1074,94,3,0,1,2,1,1175,8,1183
Precinct,Mt. Olive,749,165,1,2,1,1,1,920,7,927
Precinct,Mt. Vernon,434,77,2,0,0,1,0,514,2,516
Precinct,Myrtle Trace,642,413,0,5,1,0,1,1062,8,1070
Precinct,Myrtlewood 01,466,289,6,2,1,2,2,768,7,775
Precinct,Myrtlewood 02,793,430,8,3,6,0,3,1243,4,1247
Precinct,Myrtlewood 03,956,380,0,5,3,4,0,1348,11,1359
Precinct,Nixons Xroads 01,1785,646,7,6,1,0,1,2446,18,2464
Precinct,Nixons Xroads 02,1857,1023,4,11,1,2,3,2901,19,2920
Precinct,Nixons Xroads 03,1297,574,4,3,3,7,0,1888,18,1906
Precinct,North Conway 01,866,581,4,5,1,1,1,1459,15,1474
Precinct,North Conway 02,583,234,2,2,2,4,2,829,5,834
Precinct,Ocean Drive 01,1643,587,10,3,1,4,0,2248,13,2261
Precinct,Ocean Drive 02,1108,331,1,3,2,0,1,1446,8,1454
Precinct,Ocean Drive 03,1367,478,12,1,3,1,1,1863,10,1873
Precinct,Ocean Forest 01,815,383,4,4,2,2,0,1210,7,1217
Precinct,Ocean Forest 02,2073,1047,4,6,0,6,3,3139,23,3162
Precinct,Ocean Forest 03,658,482,4,6,3,2,1,1156,7,1163
Precinct,Palmetto Bays,2527,1201,10,14,4,7,2,3765,34,3799
Precinct,Pawleys Swamp,351,60,2,0,1,0,1,415,2,417
Precinct,Pleasant View,427,46,1,1,1,0,1,477,4,481
Precinct,Poplar Hill,721,76,1,1,1,1,0,801,3,804
Precinct,Port Harrelson,55,366,0,0,1,1,1,424,0,424
Precinct,Provisional,135,55,0,1,0,0,1,192,2,194
Precinct,Racepath 01,434,490,4,0,3,5,2,938,2,940
Precinct,Racepath 02,436,785,0,2,5,0,1,1229,4,1233
Precinct,Red Bluff,558,290,2,4,1,2,0,857,1,858
Precinct,Red Hill 01,499,180,4,3,1,0,2,689,6,695
Precinct,Red Hill 02,1074,583,8,1,3,4,1,1674,15,1689
Precinct,River Oaks,2524,1042,13,11,4,4,0,3598,21,3619
Precinct,Salem,1665,542,9,7,5,2,1,2231,10,2241
Precinct,Sea Oats 01,650,379,3,8,4,4,0,1048,10,1058
Precinct,Sea Oats 02,503,355,3,4,1,0,1,867,3,870
Precinct,Sea Winds,1968,968,7,8,3,3,1,2958,23,2981
Precinct,Shell,1192,291,6,7,1,2,2,1501,6,1507
Precinct,Socastee 01,867,388,5,6,2,0,0,1268,5,1273
Precinct,Socastee 02,1044,307,6,1,1,3,2,1364,1,1365
Precinct,Socastee 03,2752,1127,12,15,5,5,6,3922,18,3940
Precinct,Socastee 04,642,254,3,5,5,1,0,910,4,914
Precinct,Surfside 01,1289,494,5,4,3,2,1,1798,6,1804
Precinct,Surfside 02,632,254,3,3,0,1,0,893,7,900
Precinct,Surfside 03,1607,630,9,3,2,2,3,2256,13,2269
Precinct,Surfside 04,1852,839,13,14,6,5,2,2731,22,2753
Precinct,Sweet Home,602,360,2,1,2,0,0,967,6,973
Precinct,Tilly Swamp,2093,685,13,4,3,1,3,2802,19,2821
Precinct,Toddville,907,391,2,2,2,0,2,1306,3,1309
Precinct,Waccamaw,2179,1044,5,8,8,5,2,3251,14,3265
Precinct,Wampee,1195,954,5,8,6,2,2,2172,13,2185
Precinct,West Conway,293,258,2,2,0,1,2,558,2,560
Precinct,West Loris,262,349,0,0,1,3,0,615,5,620
Precinct,White Oak,514,72,1,2,2,1,2,594,3,597
Precinct,Wild Wing,2780,1301,7,8,1,3,6,4106,17,4123
Precinct,Windy Hill 01,764,319,4,3,3,0,1,1094,9,1103
Precinct,Windy Hill 02,1866,784,12,2,4,4,2,2674,19,2693
County,Jasper,9900,8144,63,34,37,30,19,18227,155,18382
Precinct,Coosawhatchie,83,230,0,0,1,1,1,316,3,319
Precinct,Failsafe,0,0,0,0,0,0,0,0,0,0
Precinct,Failsafe Provisional,2,0,0,0,0,0,0,2,0,2
Precinct,Gillisonville,240,214,2,0,1,0,3,460,6,466
Precinct,Grahamville 01,620,381,3,2,1,0,1,1008,10,1018
Precinct,Grahamville 02,590,894,3,4,4,3,1,1499,12,1511
Precinct,Grays,436,130,1,0,0,0,0,567,5,572
Precinct,Hardeeville 01,276,308,0,2,7,1,2,596,6,602
Precinct,Hardeeville 02,186,291,2,2,8,0,1,490,4,494
Precinct,Hardeeville 03,462,243,2,0,1,1,0,709,4,713
Precinct,Levy,518,709,4,3,4,3,2,1243,7,1250
Precinct,Margaritaville,1823,1213,12,8,0,9,2,3067,18,3085
Precinct,Okatie,424,267,2,1,3,0,0,697,4,701
Precinct,Okatie 02,731,469,3,2,2,2,0,1209,8,1217
Precinct,Pineland,71,379,0,2,2,0,1,455,4,459
Precinct,Provisional,10,6,0,0,0,0,0,16,0,16
Precinct,Ridgeland 01,474,206,4,1,0,4,1,690,5,695
Precinct,Ridgeland 02,344,318,3,1,1,0,3,670,4,674
Precinct,Ridgeland 03,390,222,1,0,1,0,0,614,5,619
Precinct,Sun City,2018,1393,20,5,0,6,1,3443,43,3486
Precinct,Tillman,202,271,1,1,1,0,0,476,7,483
County,Kershaw,21289,11826,134,91,94,62,37,33533,229,33762
Precinct,Airport,531,272,1,4,1,0,1,810,8,818
Precinct,Antioch,431,181,2,1,3,0,1,619,6,625
Precinct,Bethune,519,278,6,1,5,3,2,814,12,826
Precinct,Buffalo,914,158,1,3,1,0,0,1077,2,1079
Precinct,Camden No. 01,548,641,9,4,6,1,2,1211,11,1222
Precinct,Camden No. 02 & 03,149,111,2,1,1,0,0,264,3,267
Precinct,Camden No. 05,422,261,5,3,3,0,2,696,5,701
Precinct,Camden No. 05-a,151,205,1,0,0,1,0,358,9,367
Precinct,Camden No. 06,370,248,2,5,1,1,0,627,4,631
Precinct,Cassatt,815,251,2,1,3,3,2,1077,5,1082
Precinct,Charlotte Thompson,679,483,6,1,4,2,3,1178,7,1185
Precinct,Dobys Mill,987,501,7,8,1,3,2,1509,5,1514
Precinct,Elgin No. 01,1138,796,8,4,4,4,2,1956,4,1960
Precinct,Elgin No. 02,802,477,1,2,5,3,2,1292,6,1298
Precinct,Elgin No. 03,605,436,1,2,3,2,2,1051,10,1061
Precinct,Elgin No. 04,893,515,12,7,0,3,3,1433,8,1441
Precinct,Elgin No. 05,690,460,2,6,5,2,1,1166,6,1172
Precinct,Elgin No. 06,498,463,2,2,1,1,0,967,5,972
Precinct,Failsafe,6,5,0,0,0,0,0,11,0,11
Precinct,Failsafe Provisional,0,0,0,0,0,0,0,0,0,0
Precinct,Hobkirk's Hill,765,524,10,6,1,6,1,1313,23,1336
Precinct,Liberty Hill,370,101,0,0,1,0,0,472,1,473
Precinct,Lugoff No. 01,609,314,6,3,2,1,0,935,4,939
Precinct,Lugoff No. 02,918,437,6,2,7,4,0,1374,7,1381
Precinct,Lugoff No. 03,848,342,3,7,3,3,0,1206,6,1212
Precinct,Lugoff No. 04,828,343,4,7,2,4,3,1191,7,1198
Precinct,Malvern Hill,562,363,3,1,4,0,1,934,11,945
Precinct,Provisional,29,19,0,0,0,0,0,48,0,48
Precinct,Rabons Xroads,1250,359,10,2,4,2,0,1627,8,1635
Precinct,Riverdale,103,328,2,0,5,1,3,442,7,449
Precinct,Salt Pond,764,272,2,3,2,6,0,1049,4,1053
Precinct,Shaylors Hill,446,272,1,2,1,1,1,724,6,730
Precinct,Springdale,898,756,12,1,7,4,1,1679,8,1687
Precinct,Westville,943,271,1,1,2,0,0,1218,8,1226
Precinct,Whites Gardens,808,383,4,1,6,1,2,1205,13,1218
County,Lancaster,33623,20146,235,174,105,94,50,54427,404,54831
Precinct,6 Mile Creek,863,616,8,9,2,1,3,1502,7,1509
Precinct,521 North,718,341,1,3,3,2,1,1069,7,1076
Precinct,Antioch,490,128,2,0,1,0,0,621,6,627
Precinct,Black Horse Run,2168,1485,22,13,4,13,6,3711,28,3739
Precinct,Buford,1297,248,5,6,0,2,1,1559,6,1565
Precinct,Camp Creek,562,104,0,2,0,2,0,670,3,673
Precinct,Carmel,287,132,3,0,1,0,0,423,1,424
Precinct,Chesterfield Ave,182,573,5,3,4,3,3,773,3,776
Precinct,College Park,794,430,2,3,2,1,3,1235,12,1247
Precinct,Douglas,1228,804,9,9,3,1,3,2057,19,2076
Precinct,Elgin,643,317,2,2,3,1,2,970,11,981
Precinct,Erwin Farm,593,545,1,4,2,2,1,1148,4,1152
Precinct,Failsafe,20,16,0,0,1,0,0,37,0,37
Precinct,Failsafe Provisional,44,26,1,1,1,0,0,73,0,73
Precinct,Flat Creek,569,70,1,0,0,5,1,646,9,655
Precinct,Gold Hill,1009,554,5,7,3,1,0,1579,7,1586
Precinct,Harrisburg,1980,1476,33,19,1,3,1,3513,36,3549
Precinct,Heath Springs,569,303,1,0,2,1,1,877,3,880
Precinct,Hyde Park,972,517,1,3,0,4,1,1498,4,1502
Precinct,Jim Wilson,1254,866,11,6,7,1,1,2146,7,2153
Precinct,Kershaw North,764,332,9,2,5,0,0,1112,10,1122
Precinct,Kershaw South,898,189,2,4,2,7,1,1103,12,1115
Precinct,Lake House,1289,991,6,7,3,2,0,2298,30,2328
Precinct,Lancaster East,558,774,3,4,2,5,6,1352,9,1361
Precinct,Mcilwain,1007,629,6,4,7,1,1,1655,8,1663
Precinct,Osceola,1599,1215,16,8,7,5,0,2850,9,2859
Precinct,Pleasant Hill,726,283,6,1,5,2,1,1024,5,1029
Precinct,Pleasant Valley,1763,1420,18,15,5,1,5,3227,26,3253
Precinct,Possum Hollow,1388,920,9,10,7,6,2,2342,21,2363
Precinct,Provisional,93,58,0,1,0,0,0,152,1,153
Precinct,Rich Hill,807,135,2,0,0,0,0,944,6,950
Precinct,River Road,1335,831,9,6,3,4,2,2190,17,2207
Precinct,Riverside,300,243,1,1,2,2,0,549,4,553
Precinct,Springdale,545,541,7,2,11,3,2,1111,7,1118
Precinct,The Lodge,1368,1055,7,9,0,3,1,2443,42,2485
Precinct,Tradesville,881,131,2,1,0,2,1,1018,7,1025
Precinct,Unity,762,213,2,3,2,2,0,984,6,990
Precinct,University,574,306,9,2,2,2,0,895,4,899
Precinct,Van Wyck,724,329,8,4,2,4,0,1071,7,1078
County,Laurens,21110,8769,87,66,91,55,35,30213,154,30367
Precinct,Bailey,524,239,0,1,8,2,2,776,4,780
Precinct,Barksdale-Narnie,549,200,1,3,0,2,2,757,0,757
Precinct,Brewerton-princeton,534,47,0,0,1,1,0,583,3,586
Precinct,Clinton 01,546,332,3,0,4,2,0,887,3,890
Precinct,Clinton 02,504,379,7,2,4,5,0,901,13,914
Precinct,Clinton 03,845,296,2,1,1,2,3,1150,8,1158
Precinct,Clinton Mill,268,420,3,1,7,0,1,700,5,705
Precinct,Cooks,966,331,5,3,5,5,1,1316,5,1321
Precinct,Cross Hill,907,376,3,2,3,1,1,1293,4,1297
Precinct,Ekom,436,75,0,0,2,0,0,513,1,514
Precinct,Failsafe,17,11,0,0,0,0,0,28,0,28
Precinct,Failsafe Provisional,37,18,0,1,0,1,0,57,2,59
Precinct,Gray Court,643,294,4,2,4,1,2,950,4,954
Precinct,Greenpond,1039,218,2,2,2,3,0,1266,2,1268
Precinct,Hickory Tavern,1581,275,9,2,2,2,2,1873,8,1881
Precinct,Joanna,947,228,1,2,7,2,1,1188,7,1195
Precinct,Jones,1582,881,6,12,5,3,4,2493,11,2504
Precinct,Laurens 01,161,222,2,0,1,0,2,388,4,392
Precinct,Laurens 02,69,156,0,1,2,0,1,229,2,231
Precinct,Laurens 03,243,235,1,1,4,1,1,486,4,490
Precinct,Laurens 04,120,318,4,0,2,3,1,448,6,454
Precinct,Laurens 05,678,414,4,5,2,7,1,1111,6,1117
Precinct,Laurens 06,630,257,3,2,3,1,0,896,5,901
Precinct,Long Branch,775,155,2,5,1,2,1,941,5,946
Precinct,Lydia Mill,361,423,3,3,1,0,0,791,3,794
Precinct,Maddens,681,211,1,0,3,1,2,899,3,902
Precinct,Martins-Poplar Springs,457,80,4,3,1,0,0,545,2,547
Precinct,Mountville,301,138,2,0,1,0,1,443,2,445
Precinct,Mt. Olive,729,91,3,2,3,0,2,830,5,835
Precinct,Ora-lanford,487,215,1,0,3,1,0,707,2,709
Precinct,Owings,411,138,1,2,2,3,0,557,6,563
Precinct,Provisional,25,10,0,0,0,0,0,35,0,35
Precinct,Trinity Ridge,731,342,2,1,3,0,1,1080,2,1082
Precinct,Waterloo,913,368,2,3,2,2,2,1292,9,1301
Precinct,Wattsville,617,218,4,2,1,2,1,845,6,851
Precinct,Youngs,796,158,2,2,1,0,0,959,2,961
County,Lee,3078,4505,94,87,136,94,82,8076,43,8119
Precinct,Ashland/stokes Bridge,250,72,1,0,2,0,0,325,1,326
Precinct,Ashwood,304,126,4,4,2,0,0,440,1,441
Precinct,Bishopville 01,72,348,5,4,5,7,3,444,1,445
Precinct,Bishopville 02,90,336,8,4,7,10,6,461,1,462
Precinct,Bishopville 03,267,289,13,14,21,13,10,627,4,631
Precinct,Bishopville 04,147,443,9,7,15,11,8,640,4,644
Precinct,Cedar Creek,145,87,4,2,4,2,3,247,0,247
Precinct,Cypress,142,233,6,5,6,5,5,402,2,404
Precinct,Elliott,49,254,6,7,8,5,8,337,0,337
Precinct,Failsafe,1,3,0,0,0,0,0,4,0,4
Precinct,Failsafe Provisional,0,0,0,0,0,0,0,0,0,0
Precinct,Hickory Hill,139,113,4,3,4,3,3,269,1,270
Precinct,Ionia,291,186,7,6,6,5,5,506,4,510
Precinct,Lynchburg,84,317,0,3,3,2,0,409,6,415
Precinct,Manville,109,274,1,0,5,1,1,391,2,393
Precinct,Mt. Clio,37,123,1,1,4,1,4,171,0,171
Precinct,Provisional,0,0,0,0,0,0,0,0,0,0
Precinct,Rattlesnake Springs,144,92,1,2,4,2,2,247,3,250
Precinct,Schrocks Mill/lucknow,191,135,3,2,8,5,2,346,2,348
Precinct,South Lynchburg,80,149,2,3,6,2,2,244,3,247
Precinct,Spring Hill,152,308,7,5,6,5,5,488,3,491
Precinct,St. Charles,195,424,4,8,14,8,7,660,3,663
Precinct,St. Matthews,89,35,2,3,2,2,2,135,0,135
Precinct,Turkey Creek,59,51,3,2,2,2,2,121,1,122
Precinct,Woodrow,41,107,3,2,2,3,4,162,1,163
County,Lexington,96965,47815,810,471,311,362,169,146903,1068,147971
Precinct,7 Oaks,506,605,9,7,7,3,4,1141,10,1151
Precinct,Amicks Ferry,2527,779,16,9,3,10,1,3345,32,3377
Precinct,Barr Road 01,831,274,4,3,2,5,0,1119,12,1131
Precinct,Barr Road 02,2021,910,20,8,6,10,2,2977,20,2997
Precinct,Batesburg,603,543,6,5,2,4,4,1167,7,1174
Precinct,Beulah Church,2025,373,8,12,1,2,2,2423,20,2443
Precinct,Boiling Springs,1501,525,8,7,0,2,1,2044,5,2049
Precinct,Boiling Springs South,887,150,5,5,1,0,0,1048,5,1053
Precinct,Bush River,625,545,8,4,1,3,2,1188,10,1198
Precinct,Carolina Springs,1046,543,10,9,3,6,5,1622,8,1630
Precinct,Cayce No. 01,486,579,7,6,4,4,1,1087,9,1096
Precinct,Cayce No. 02,420,572,7,7,4,3,4,1017,4,1021
Precinct,Cayce No. 02-A,514,377,6,3,0,3,3,906,10,916
Precinct,Cayce No. 03,306,214,6,5,4,6,0,541,10,551
Precinct,Cedar Crest,871,562,9,3,1,1,2,1449,8,1457
Precinct,Chalk Hill,589,1336,4,6,12,1,1,1949,12,1961
Precinct,Challedon,399,644,4,6,1,2,3,1059,7,1066
Precinct,Chapin,1857,692,13,5,3,8,1,2579,28,2607
Precinct,Coldstream,751,657,13,2,3,3,2,1431,15,1446
Precinct,Congaree 01,885,269,4,8,1,2,1,1170,4,1174
Precinct,Congaree 02,541,267,2,0,3,3,3,819,3,822
Precinct,Cromer,716,322,2,3,2,5,1,1051,7,1058
Precinct,Dreher Island,1199,237,2,1,1,3,2,1445,9,1454
Precinct,Dutchman Shores,2238,649,14,5,5,9,3,2923,15,2938
Precinct,Edenwood,1009,637,7,7,6,4,2,1672,17,1689
Precinct,Edmund 01,624,248,4,3,3,2,1,885,5,890
Precinct,Edmund 02,1077,281,3,3,2,2,2,1370,5,1375
Precinct,Emmanuel Church,1038,455,8,4,4,6,1,1516,9,1525
Precinct,Failsafe,78,42,1,0,1,0,0,122,0,122
Precinct,Failsafe Provisional,39,23,0,0,2,0,0,64,1,65
Precinct,Fairview,812,191,3,3,0,3,1,1013,6,1019
Precinct,Faith Church,641,390,9,0,1,4,1,1046,9,1055
Precinct,Gardendale,379,577,5,3,6,0,3,973,6,979
Precinct,Gaston 01,691,150,5,2,3,4,1,856,2,858
Precinct,Gaston 02,717,269,5,3,8,1,3,1006,1,1007
Precinct,Gilbert,1541,331,7,3,1,2,4,1889,11,1900
Precinct,Grenadier,449,664,1,4,5,2,5,1130,9,1139
Precinct,Hollow Creek,1935,496,6,4,2,6,1,2450,20,2470
Precinct,Hook's Store,728,572,6,3,3,3,4,1319,9,1328
Precinct,Irmo,791,869,10,7,8,0,0,1685,11,1696
Precinct,Kitti Wake,796,410,4,4,3,3,3,1223,9,1232
Precinct,Lake Murray 01,1411,416,5,8,5,7,0,1852,14,1866
Precinct,Lake Murray 02,2218,806,24,4,3,8,3,3066,10,3076
Precinct,Leaphart Road,393,340,6,3,0,0,2,744,7,751
Precinct,Leesville,1147,512,7,7,6,5,6,1690,16,1706
Precinct,Lexington No. 01,1452,775,12,13,2,2,0,2256,26,2282
Precinct,Lexington No. 02,923,580,10,7,2,4,2,1528,11,1539
Precinct,Lexington No. 03,1848,768,23,6,5,3,1,2654,29,2683
Precinct,Lexington No. 04,1428,825,9,9,2,4,1,2278,20,2298
Precinct,Lincreek,1031,801,13,7,5,2,4,1863,15,1878
Precinct,Mack-edisto,523,111,1,2,0,2,0,639,2,641
Precinct,Midway,802,306,8,6,2,5,1,1130,18,1148
Precinct,Mims,813,193,5,2,3,0,1,1017,4,1021
Precinct,Mount Horeb,1669,537,13,3,2,4,1,2229,21,2250
Precinct,Mt. Hebron,635,403,8,5,3,1,5,1060,9,1069
Precinct,Murraywood,850,713,14,8,6,4,0,1595,21,1616
Precinct,Oakwood,1523,739,19,9,7,11,3,2311,11,2322
Precinct,Old Barnwell Road,816,506,9,4,5,3,1,1344,4,1348
Precinct,Old Lexington,1941,651,18,9,3,8,2,2632,16,2648
Precinct,Park Road 01,1189,561,13,11,2,4,2,1782,14,1796
Precinct,Park Road 02,753,302,1,3,2,1,0,1062,10,1072
Precinct,Pelion 01,792,145,4,3,1,0,1,946,3,949
Precinct,Pelion 02,894,195,6,0,3,1,2,1101,7,1108
Precinct,Pilgrim Church,1425,600,22,5,5,10,4,2071,19,2090
Precinct,Pine Ridge 01,655,294,4,2,4,0,1,960,2,962
Precinct,Pine Ridge 02,1018,512,8,7,5,1,2,1553,10,1563
Precinct,Pineview,911,421,15,1,4,4,1,1357,16,1373
Precinct,Platt Springs 01,740,248,7,3,1,2,1,1002,3,1005
Precinct,Platt Springs 02,1509,1245,21,10,8,5,1,2799,12,2811
Precinct,Pond Branch,1298,260,4,3,6,4,0,1575,13,1588
Precinct,Providence Church,1613,522,15,4,0,4,0,2158,20,2178
Precinct,Provisional,90,43,3,0,1,0,0,137,1,138
Precinct,Quail Hollow,928,606,12,3,0,4,0,1553,7,1560
Precinct,Quail Valley,758,759,7,7,3,6,3,1543,22,1565
Precinct,Red Bank,2129,1051,10,5,9,14,3,3221,13,3234
Precinct,Red Bank South 01,1085,355,8,0,3,6,3,1460,6,1466
Precinct,Red Bank South 02,925,472,5,3,3,2,2,1412,8,1420
Precinct,Ridge Road,1654,306,12,2,3,4,2,1983,13,1996
Precinct,River Bluff,1761,849,31,18,3,9,2,2673,32,2705
Precinct,Round Hill,2253,840,17,9,5,8,2,3134,17,3151
Precinct,Saint David,1332,658,7,4,3,4,2,2010,12,2022
Precinct,Saluda River,618,589,10,6,6,3,2,1234,17,1251
Precinct,Sand Hill,684,352,1,2,3,3,0,1045,1,1046
Precinct,Sandy Run,518,237,3,0,1,1,0,760,6,766
Precinct,Sharpes Hill,967,338,2,2,3,5,3,1320,3,1323
Precinct,Springdale,1095,501,11,7,3,1,4,1622,14,1636
Precinct,Springdale South,285,170,4,1,0,0,0,460,1,461
Precinct,St. Michaels,1341,610,9,4,2,2,2,1970,24,1994
Precinct,Summit,849,203,3,1,3,4,1,1064,6,1070
Precinct,Swansea 01,506,327,5,0,3,7,1,849,9,858
Precinct,Swansea 02,689,320,3,2,4,2,0,1020,6,1026
Precinct,West Columbia No. 01,294,374,4,7,1,3,2,685,9,694
Precinct,West Columbia No. 02,73,243,0,2,3,2,1,324,5,329
Precinct,West Columbia No. 03,313,292,6,7,0,3,1,622,8,630
Precinct,West Columbia No. 04,582,451,7,4,1,2,1,1048,4,1052
Precinct,Westover,786,464,10,7,1,5,1,1274,12,1286
Precinct,White Knoll,1418,598,9,8,5,3,2,2043,7,2050
Precinct,Whitehall,812,800,14,10,6,4,0,1646,11,1657
Precinct,Woodland Hills,311,491,2,4,3,6,1,818,11,829
County,Marion,5906,7316,42,21,58,22,23,13388,122,13510
Precinct,Brittons Neck,373,553,2,2,5,3,0,938,8,946
Precinct,Centenary,316,562,2,1,5,1,2,889,9,898
Precinct,Failsafe,0,0,0,0,0,0,0,0,0,0
Precinct,Failsafe Provisional,0,0,0,0,0,0,0,0,0,0
Precinct,Friendship,76,138,0,0,1,0,0,215,5,220
Precinct,Marion No. 01,215,459,4,0,3,0,1,682,6,688
Precinct,Marion No. 02,527,425,2,4,3,2,5,968,10,978
Precinct,Marion North,512,495,5,2,4,1,0,1019,10,1029
Precinct,Marion South,482,1124,7,1,9,1,3,1627,16,1643
Precinct,Marion West,493,326,1,0,4,3,0,827,5,832
Precinct,Nichols,313,138,1,0,0,0,0,452,4,456
Precinct,Northeast Mullins,521,703,3,3,9,3,0,1242,10,1252
Precinct,Northwest Mullins,301,547,2,0,3,2,2,857,9,866
Precinct,Provisional,10,44,0,0,0,0,0,54,2,56
Precinct,Rains,197,289,4,2,3,0,1,496,4,500
Precinct,Sellers,49,92,0,0,0,0,1,142,2,144
Precinct,Southeast Mullins,671,281,1,4,3,3,5,968,7,975
Precinct,Southwest Mullins,461,546,2,0,2,1,0,1012,9,1021
Precinct,Temperance,238,406,5,2,3,0,1,655,2,657
Precinct,Zion,151,188,1,0,1,2,2,345,4,349
County,Marlboro,4896,5137,26,18,46,15,14,10152,91,10243
Precinct,Adamsville,190,111,1,1,1,0,0,304,3,307
Precinct,Blenheim,112,86,2,1,3,0,0,204,2,206
Precinct,Brightsville,241,209,0,0,0,1,1,452,2,454
Precinct,Brownsville,166,74,0,0,0,0,2,242,0,242
Precinct,Clio,322,561,2,0,8,1,1,895,8,903
Precinct,E Bennettsville,330,557,0,4,5,2,1,899,11,910
Precinct,East Mccoll,396,99,0,2,4,0,0,501,3,504
Precinct,Failsafe,1,1,0,0,0,0,0,2,0,2
Precinct,Failsafe Provisional,43,40,0,0,0,0,1,84,1,85
Precinct,Mccoll,470,270,1,1,2,0,0,744,6,750
Precinct,N Bennettsville,804,896,6,4,10,3,1,1724,18,1742
Precinct,Provisional,0,0,0,0,0,0,0,0,0,0
Precinct,Quicks Xroads,289,317,1,1,3,0,1,612,8,620
Precinct,Red Hill,466,345,1,1,2,2,2,819,8,827
Precinct,S Bennettsville,61,410,3,1,0,0,2,477,5,482
Precinct,Tatum,141,121,2,0,1,1,0,266,2,268
Precinct,W Bennettsville,335,734,6,2,5,4,2,1088,11,1099
Precinct,Wallace,529,306,1,0,2,1,0,839,3,842
County,McCormick,3565,2513,22,14,22,15,2,6153,68,6221
Precinct,Bethany,67,171,0,0,2,0,0,240,4,244
Precinct,Clarks Hill,221,163,1,0,1,0,0,386,3,389
Precinct,Failsafe,0,2,0,0,0,0,0,2,0,2
Precinct,Failsafe Provisional,0,0,0,0,0,0,0,0,0,0
Precinct,Mccormick No. 01,340,485,4,2,4,5,0,840,11,851
Precinct,Mccormick No. 02,183,354,4,2,4,3,0,550,7,557
Precinct,Modoc,209,24,0,1,0,0,0,234,1,235
Precinct,Monticello,489,193,3,2,1,0,0,688,7,695
Precinct,Mt. Carmel,30,96,0,0,2,1,1,130,2,132
Precinct,Parksville,137,26,0,1,1,0,0,165,0,165
Precinct,Plum Branch,296,300,1,1,3,1,0,602,10,612
Precinct,Provisional,3,1,0,0,0,0,0,4,0,4
Precinct,Savannah,1505,609,8,5,3,5,1,2136,18,2154
Precinct,Willington,85,89,1,0,1,0,0,176,5,181
County,Newberry,12067,5841,56,45,60,46,14,18129,118,18247
Precinct,Beth-Eden,291,145,3,0,2,4,0,445,4,449
Precinct,Bush River,210,55,0,0,0,0,0,265,1,266
Precinct,Chappells,438,174,1,2,1,1,1,618,4,622
Precinct,Consolidated 05,652,207,6,2,4,2,1,874,10,884
Precinct,Failsafe,0,0,0,0,0,0,0,0,0,0
Precinct,Failsafe Provisional,2,4,1,0,0,0,0,7,0,7
Precinct,Fairview,1333,344,5,5,2,2,0,1691,9,1700
Precinct,Hartford,480,258,2,1,1,2,1,745,6,751
Precinct,Helena,124,364,0,0,3,0,0,491,2,493
Precinct,Johnstone,277,98,2,2,2,1,0,382,5,387
Precinct,Kinards-Jalapa,276,89,0,1,2,0,0,368,2,370
Precinct,Little Mountain,914,265,4,6,2,3,1,1195,8,1203
Precinct,Maybinton,17,31,1,0,0,0,0,49,0,49
Precinct,Mt. Bethel-Garmany,435,407,1,1,10,0,3,857,4,861
Precinct,Newberry Ward 01,126,130,1,0,1,0,0,258,2,260
Precinct,Newberry Ward 02,428,259,3,5,1,0,0,696,5,701
Precinct,Newberry Ward 03,252,265,4,3,3,4,1,532,4,536
Precinct,Newberry Ward 04,49,222,0,0,2,0,0,273,2,275
Precinct,Newberry Ward 05,37,217,1,0,3,1,0,259,2,261
Precinct,Newberry Ward 06,405,350,3,2,5,4,1,770,10,780
Precinct,O'neal,1101,282,3,2,2,3,2,1395,4,1399
Precinct,Oakland,103,240,0,1,0,2,0,346,2,348
Precinct,Peak,78,24,0,0,0,0,0,102,0,102
Precinct,Pomaria,401,90,2,2,2,3,0,500,1,501
Precinct,Prosperity City,347,240,0,2,3,4,0,596,6,602
Precinct,Prosperity Outside,517,206,1,2,4,5,0,735,3,738
Precinct,Provisional,0,0,0,0,0,0,0,0,0,0
Precinct,Silverstreet,410,164,1,1,1,1,1,579,4,583
Precinct,St. Phillips-Jolly Street,595,273,1,2,0,2,0,873,4,877
Precinct,Stoney Hill,597,102,2,0,1,0,1,703,3,706
Precinct,Wheeland,361,54,3,0,1,0,0,419,1,420
Precinct,Whitmire City,391,138,2,1,1,1,0,534,2,536
Precinct,Whitmire Outside,420,144,3,2,1,1,1,572,8,580
County,Oconee,31772,9987,192,110,70,83,50,42264,289,42553
Precinct,Bountyland,1012,352,4,6,2,2,2,1380,9,1389
Precinct,Earles Grove,633,89,3,1,0,1,0,727,1,728
Precinct,Failsafe,24,2,0,0,0,0,0,26,0,26
Precinct,Failsafe Provisional,35,5,0,0,0,0,0,40,0,40
Precinct,Fair Play,759,147,4,1,0,0,0,911,7,918
Precinct,Friendship,1170,319,13,2,3,2,1,1510,8,1518
Precinct,Holly Springs,284,11,1,0,0,0,0,296,3,299
Precinct,Keowee,1631,384,6,2,3,6,1,2033,21,2054
Precinct,Long Creek,230,130,3,4,1,1,0,369,2,371
Precinct,Madison,421,43,2,1,3,0,0,470,0,470
Precinct,Mountain Rest,694,192,1,1,1,3,1,893,1,894
Precinct,New Hope,1900,577,10,8,1,5,1,2502,33,2535
Precinct,Newry Corinth,183,57,0,0,0,0,0,240,0,240
Precinct,Oakway,945,158,0,5,3,2,3,1116,8,1124
Precinct,Provisional,15,9,0,0,0,0,0,24,0,24
Precinct,Ravenel,1167,671,19,12,3,5,4,1881,21,1902
Precinct,Return,547,91,1,1,0,1,1,642,7,649
Precinct,Richland,741,160,5,1,2,2,3,914,5,919
Precinct,Salem,1513,367,13,3,4,2,0,1902,18,1920
Precinct,Seneca 01,1100,829,8,10,3,8,1,1959,9,1968
Precinct,Seneca 02,1028,539,11,7,5,2,0,1592,15,1607
Precinct,Seneca 03,883,295,3,3,1,2,1,1188,8,1196
Precinct,Seneca 04,1109,737,9,4,5,5,8,1877,11,1888
Precinct,Shiloh,567,332,4,0,1,4,1,909,6,915
Precinct,South Union,1093,295,5,2,4,1,2,1402,5,1407
Precinct,Stamp Creek,1572,876,14,5,5,4,4,2480,32,2512
Precinct,Tamassee,890,121,5,3,3,1,0,1023,1,1024
Precinct,Tokeena-Providence,816,170,6,1,0,3,0,996,5,1001
Precinct,Utica,333,163,3,1,3,0,1,504,0,504
Precinct,Walhalla 01,2338,566,10,6,1,10,3,2934,13,2947
Precinct,Walhalla 02,1582,384,7,5,4,2,9,1993,6,1999
Precinct,West Union,1361,342,6,3,1,3,0,1716,15,1731
Precinct,Westminster 01,1986,359,10,9,6,4,2,2376,16,2392
Precinct,Westminster 02,1210,215,6,3,2,2,1,1439,3,1442
County,Orangeburg,13750,22832,74,62,150,54,48,36970,204,37174
Precinct,4 Holes,281,97,1,1,0,1,0,381,2,383
Precinct,Bethel,153,280,3,0,5,0,0,441,4,445
Precinct,Bolentown,462,329,1,0,2,0,2,796,8,804
Precinct,Bowman 01,294,606,1,0,0,4,0,905,2,907
Precinct,Bowman 02,269,279,2,1,4,0,0,555,5,560
Precinct,Branchville 01,443,262,2,0,2,1,0,710,4,714
Precinct,Branchville 02,209,109,0,0,1,2,0,321,4,325
Precinct,Brookdale,41,883,1,1,4,1,4,935,3,938
Precinct,Cope,324,149,1,0,5,1,0,480,1,481
Precinct,Cordova 01,525,415,1,0,3,1,2,947,8,955
Precinct,Cordova 02,351,500,1,0,4,0,0,856,9,865
Precinct,Edisto,550,171,2,3,2,4,0,732,4,736
Precinct,Elloree 01,332,309,2,1,0,2,1,647,4,651
Precinct,Elloree 02,120,328,1,1,1,1,0,452,1,453
Precinct,Eutawville 01,633,398,4,3,3,3,1,1045,7,1052
Precinct,Eutawville 02,274,901,1,0,5,0,1,1182,6,1188
Precinct,Failsafe,0,0,0,0,0,0,0,0,0,0
Precinct,Failsafe Provisional,1,0,0,0,0,0,0,1,0,1
Precinct,Holly Hill 01,565,687,3,1,2,2,2,1262,4,1266
Precinct,Holly Hill 02,227,896,2,1,4,2,2,1134,7,1141
Precinct,Jamison,333,870,3,3,4,2,1,1216,4,1220
Precinct,Limestone 01,315,715,4,1,4,1,5,1045,10,1055
Precinct,Limestone 02,345,762,4,2,4,0,2,1119,7,1126
Precinct,Neeses-livingston,528,208,1,1,2,1,1,742,5,747
Precinct,Nix,34,590,1,1,3,2,1,632,5,637
Precinct,North 01,405,399,1,2,2,2,1,812,5,817
Precinct,North 02,528,369,0,0,2,1,0,900,4,904
Precinct,Norway,380,442,1,1,3,2,1,830,5,835
Precinct,Orangeburg Ward 01,144,259,1,2,3,0,0,409,3,412
Precinct,Orangeburg Ward 02,26,206,0,1,2,1,1,237,0,237
Precinct,Orangeburg Ward 03,24,429,0,0,2,1,1,457,0,457
Precinct,Orangeburg Ward 04,13,265,0,2,2,0,1,283,2,285
Precinct,Orangeburg Ward 05,24,223,0,0,3,0,0,250,1,251
Precinct,Orangeburg Ward 06,85,285,1,1,5,0,1,378,1,379
Precinct,Orangeburg Ward 07,162,374,2,2,1,0,2,543,4,547
Precinct,Orangeburg Ward 08,161,262,2,1,1,0,0,427,4,431
Precinct,Orangeburg Ward 09,73,264,0,1,4,0,0,342,1,343
Precinct,Orangeburg Ward 10,169,433,3,2,3,0,1,611,1,612
Precinct,Pinehill,325,380,1,2,3,2,0,713,7,720
Precinct,Providence,221,477,0,0,3,1,2,704,4,708
Precinct,Provisional,4,17,0,0,0,0,0,21,1,22
Precinct,Rowesville,197,185,0,1,2,0,0,385,1,386
Precinct,Santee 01,713,457,4,1,4,3,0,1182,7,1189
Precinct,Santee 02,63,662,0,0,9,1,2,737,3,740
Precinct,Springfield,403,404,2,6,0,0,1,816,0,816
Precinct,Suburban 01,15,264,1,0,1,0,0,281,1,282
Precinct,Suburban 02,11,311,0,0,1,1,0,324,1,325
Precinct,Suburban 03,98,694,2,2,5,3,1,805,3,808
Precinct,Suburban 04,61,126,0,0,1,0,1,189,2,191
Precinct,Suburban 05,159,518,1,1,1,0,0,680,3,683
Precinct,Suburban 06,233,249,0,0,2,1,0,485,1,486
Precinct,Suburban 07,673,818,3,5,6,0,4,1509,6,1515
Precinct,Suburban 08,227,364,3,4,2,0,1,601,3,604
Precinct,Suburban 09,139,682,1,1,6,1,2,832,4,836
Precinct,Vance,315,702,1,0,4,1,0,1023,10,1033
Precinct,Whittaker,90,568,2,3,3,2,0,668,2,670
County,Pickens,45728,13891,335,212,65,149,71,60451,371,60822
Precinct,6 Mile Mountain,1082,194,4,2,1,6,2,1291,9,1300
Precinct,9 Forks,1036,132,4,2,1,3,1,1179,4,1183
Precinct,Abel,209,314,4,2,2,3,0,534,11,545
Precinct,Albert R. Lewis,991,143,5,0,0,1,0,1140,3,1143
Precinct,Arial Mill,644,135,7,1,1,2,1,791,3,794
Precinct,Brushy Creek,1064,388,5,6,5,3,0,1471,4,1475
Precinct,Calhoun,289,311,10,2,1,0,0,613,6,619
Precinct,Cedar Rock,862,150,5,3,1,1,2,1024,6,1030
Precinct,Clemson,927,801,13,17,5,4,1,1768,35,1803
Precinct,Crescent Hill,889,132,2,6,0,2,0,1031,4,1035
Precinct,Crestview,984,265,4,3,0,2,4,1262,3,1265
Precinct,Crossroads,936,155,7,3,0,4,1,1106,2,1108
Precinct,Crosswell,931,189,4,2,5,1,1,1133,0,1133
Precinct,Dacusville,777,119,1,0,0,2,0,899,2,901
Precinct,Easley,627,258,4,4,2,1,2,898,8,906
Precinct,East Liberty,670,148,4,5,2,0,6,835,1,836
Precinct,East Pickens,850,109,5,4,0,3,1,972,4,976
Precinct,Failsafe,76,18,1,0,0,0,0,95,0,95
Precinct,Failsafe Provisional,60,17,0,0,0,0,0,77,0,77
Precinct,Flat Rock,871,159,5,3,2,2,0,1042,4,1046
Precinct,Forest Acres,624,221,7,4,1,4,1,862,5,867
Precinct,Fruit Mountain,509,123,2,3,0,0,0,637,2,639
Precinct,Georges Creek,631,192,7,2,0,2,1,835,4,839
Precinct,Glassy Mountain,867,106,8,1,0,1,0,983,2,985
Precinct,Griffin,1097,141,3,3,0,1,1,1246,7,1253
Precinct,Holly Springs,1093,280,7,6,1,1,2,1390,5,1395
Precinct,Issaqueena,289,308,7,10,1,3,1,619,14,633
Precinct,Lawrence Chapel,750,252,7,3,1,4,0,1017,8,1025
Precinct,Lenhardt,1065,337,12,5,1,3,3,1426,7,1433
Precinct,McAllister,630,178,2,1,0,2,2,815,3,818
Precinct,Mckissick,633,219,6,4,1,2,0,865,11,876
Precinct,Morrison,430,391,13,9,1,2,2,848,17,865
Precinct,Mountain View,1346,401,12,3,3,2,0,1767,22,1789
Precinct,Norris,794,136,3,0,1,2,1,937,5,942
Precinct,North Central,647,280,4,7,3,10,2,953,9,962
Precinct,North Liberty,699,149,3,3,1,1,5,861,1,862
Precinct,North Pickens,936,172,2,5,1,2,1,1119,6,1125
Precinct,Pendleton,765,111,6,1,1,1,1,886,4,890
Precinct,Pickensville,616,276,9,7,2,2,2,914,3,917
Precinct,Pike,439,311,11,8,0,2,0,771,8,779
Precinct,Pope Field,741,324,13,2,1,1,2,1084,2,1086
Precinct,Praters Creek,732,69,2,1,0,5,1,810,2,812
Precinct,Provisional,94,23,0,1,0,0,0,118,1,119
Precinct,Pumpkintown,1132,231,5,2,1,2,2,1375,4,1379
Precinct,Rices Creek,846,149,3,1,1,2,0,1002,4,1006
Precinct,Rock Springs,786,302,4,3,3,5,0,1103,4,1107
Precinct,Saluda,662,187,0,0,0,1,1,851,2,853
Precinct,Sheffield,892,235,6,2,0,3,1,1139,2,1141
Precinct,Simpson,407,308,6,0,0,3,1,725,3,728
Precinct,Sitton,826,294,4,3,0,1,2,1130,6,1136
Precinct,Six Mile,1100,154,7,4,1,2,0,1268,8,1276
Precinct,Skelton,792,103,3,3,0,11,0,912,4,916
Precinct,Smith Grove,549,130,1,1,1,0,0,682,2,684
Precinct,South Central,495,296,4,6,1,1,3,806,5,811
Precinct,South Pickens,647,246,7,2,1,4,0,907,7,914
Precinct,Stone Church,428,471,15,8,1,5,5,933,40,973
Precinct,Tri County,351,97,0,1,0,0,0,449,0,449
Precinct,University,198,189,4,3,0,3,0,397,9,406
Precinct,Vinland,701,137,0,4,1,1,0,844,1,845
Precinct,West Central,334,289,3,6,1,1,1,635,3,638
Precinct,West Liberty,917,155,8,2,0,2,2,1086,4,1090
Precinct,West Pickens,941,180,6,2,3,3,1,1136,2,1138
Precinct,Woodside,861,452,5,4,2,4,1,1329,0,1329
Precinct,Zion,661,149,4,1,0,2,1,818,4,822
County,Richland,58019,121110,958,707,853,440,324,182411,1428,183839
Precinct,Arcadia,407,672,7,9,2,12,1,1110,4,1114
Precinct,Ardincaple,20,237,0,0,2,0,0,259,0,259
Precinct,Ballentine 01,752,485,8,2,1,4,1,1253,14,1267
Precinct,Ballentine 02,1115,552,14,3,1,1,1,1687,13,1700
Precinct,Beatty Road,66,298,0,1,2,0,2,369,1,370
Precinct,Bluff,76,1067,6,1,12,6,2,1170,11,1181
Precinct,Blythewood 01,1036,824,8,7,6,7,3,1891,10,1901
Precinct,Blythewood 02,977,1051,5,6,7,3,1,2050,11,2061
Precinct,Blythewood 03,820,1818,10,7,10,3,2,2670,22,2692
Precinct,Bookman,733,1528,12,9,9,0,2,2293,12,2305
Precinct,Brandon 01,302,931,8,5,8,1,4,1259,9,1268
Precinct,Brandon 02,180,880,4,6,8,2,3,1083,6,1089
Precinct,Briarwood,318,1202,2,5,8,3,4,1542,8,1550
Precinct,Bridge Creek,314,1252,7,6,19,3,5,1606,4,1610
Precinct,Caughman Road,321,1084,3,4,10,5,1,1428,4,1432
Precinct,College Place,44,707,0,3,11,4,2,771,10,781
Precinct,Cooper,476,434,10,3,0,0,0,923,20,943
Precinct,Dennyside,256,373,5,5,3,3,5,650,11,661
Precinct,Dentsville,115,1037,1,3,9,0,2,1167,9,1176
Precinct,Dutch Fork 01,776,399,8,0,4,2,1,1190,10,1200
Precinct,Dutch Fork 02,640,628,6,6,7,3,2,1292,8,1300
Precinct,Dutch Fork 03,1224,758,16,12,3,7,1,2021,18,2039
Precinct,Dutch Fork 04,735,611,9,5,2,6,3,1371,19,1390
Precinct,East Forest Acres,631,493,10,5,4,1,2,1146,16,1162
Precinct,Eastover,94,644,2,2,6,2,2,752,11,763
Precinct,Edgewood,47,700,0,0,6,0,1,754,1,755
Precinct,Estates,518,955,8,7,5,9,4,1506,16,1522
Precinct,Failsafe,7,63,0,0,0,0,0,70,0,70
Precinct,Failsafe Provisional,23,55,0,0,0,0,0,78,1,79
Precinct,Fairlawn,329,1619,6,7,20,5,2,1988,14,2002
Precinct,Fairwold,23,467,2,0,2,0,0,494,4,498
Precinct,Friarsgate 01,553,701,9,7,7,2,1,1280,3,1283
Precinct,Friarsgate 02,489,578,8,3,1,3,2,1084,5,1089
Precinct,Gadsden,78,826,1,3,7,3,1,919,12,931
Precinct,Garners,245,361,4,0,5,2,1,618,8,626
Precinct,Greenview,41,939,1,3,5,0,0,989,7,996
Precinct,Gregg Park,472,755,8,2,4,1,1,1243,17,1260
Precinct,Hampton,314,718,9,13,4,3,7,1068,9,1077
Precinct,Harbison 01,366,985,7,6,7,2,4,1377,5,1382
Precinct,Harbison 02,284,686,2,5,1,1,2,981,3,984
Precinct,Hopkins 01,131,770,5,1,6,2,4,919,6,925
Precinct,Hopkins 02,187,1045,6,6,5,1,2,1252,17,1269
Precinct,Horrell Hill,711,873,8,3,6,2,1,1604,7,1611
Precinct,Hunting Creek,171,260,3,0,1,3,0,438,1,439
Precinct,Keels 01,131,1021,1,4,6,4,2,1169,7,1176
Precinct,Keels 02,82,758,5,2,3,3,1,854,6,860
Precinct,Keenan,315,854,10,3,4,4,2,1192,16,1208
Precinct,Kelly Mill,698,1268,9,6,9,3,4,1997,11,2008
Precinct,Killian,495,1827,11,5,20,5,1,2364,6,2370
Precinct,Kingswood,236,1443,4,9,18,7,3,1720,1,1721
Precinct,Lake Carolina,907,1762,11,14,12,4,6,2716,14,2730
Precinct,Lincolnshire,49,1001,0,1,12,3,3,1069,11,1080
Precinct,Longcreek,1737,3014,27,12,20,7,6,4823,31,4854
Precinct,Longleaf,144,1033,3,4,0,1,1,1186,4,1190
Precinct,Lykesland,337,1025,4,2,3,5,6,1382,5,1387
Precinct,Mallet Hill,511,1205,6,16,5,2,3,1748,12,1760
Precinct,Mcentire,220,375,2,1,3,0,0,601,2,603
Precinct,Meadowfield,601,669,8,6,1,5,5,1295,12,1307
Precinct,Meadowlake,66,1076,8,2,13,1,1,1167,8,1175
Precinct,Midway,207,1266,6,11,13,4,7,1514,7,1521
Precinct,Mill Creek,203,739,1,2,7,1,0,953,8,961
Precinct,Monticello,510,715,9,5,4,2,2,1247,15,1262
Precinct,North Forest Acres,372,554,7,5,2,4,1,945,11,956
Precinct,North Springs 01,351,699,6,3,6,1,2,1068,8,1076
Precinct,North Springs 02,658,1388,8,6,10,12,5,2087,21,2108
Precinct,North Springs 03,258,1190,8,4,6,5,3,1474,10,1484
Precinct,Oak Pointe 01,481,558,11,3,0,2,0,1055,3,1058
Precinct,Oak Pointe 02,292,285,7,3,0,0,1,588,3,591
Precinct,Oak Pointe 03,343,457,5,2,1,3,1,812,6,818
Precinct,Oakwood,330,402,7,4,1,7,0,751,10,761
Precinct,Old Friarsgate,386,573,3,2,2,2,3,971,4,975
Precinct,Olympia,275,615,9,0,1,5,1,906,6,912
Precinct,Parkridge 01,295,391,4,1,1,2,0,694,8,702
Precinct,Parkridge 02,187,312,1,3,3,0,1,507,5,512
Precinct,Parkway 01,275,1240,6,5,7,3,5,1541,11,1552
Precinct,Parkway 02,348,1261,6,10,7,4,3,1639,7,1646
Precinct,Parkway 03,133,1212,3,0,7,4,3,1362,4,1366
Precinct,Pennington 01,546,286,7,6,0,3,0,848,7,855
Precinct,Pennington 02,528,623,7,10,1,0,2,1171,11,1182
Precinct,Pine Grove,118,747,1,1,7,2,2,878,6,884
Precinct,Pine Lakes 01,84,810,3,3,4,1,1,906,5,911
Precinct,Pine Lakes 02,133,1044,1,5,8,7,3,1201,3,1204
Precinct,Pinewood,223,1227,4,6,9,6,1,1476,11,1487
Precinct,Polo Road,358,1248,7,15,11,2,3,1644,10,1654
Precinct,Pontiac 01,924,1829,16,13,9,7,8,2806,20,2826
Precinct,Pontiac 02,1020,2241,17,9,17,9,5,3318,28,3346
Precinct,Provisional,47,112,1,0,0,0,1,161,1,162
Precinct,Rice Creek 01,173,1048,3,4,8,1,2,1239,6,1245
Precinct,Rice Creek 02,402,1617,9,4,14,3,7,2056,10,2066
Precinct,Ridge View 01,419,1541,7,7,14,7,5,2000,10,2010
Precinct,Ridge View 02,477,1709,11,7,14,5,2,2225,17,2242
Precinct,Ridgewood,17,347,1,2,7,2,3,379,2,381
Precinct,River Springs 01,569,337,7,1,2,0,1,917,10,927
Precinct,River Springs 02,476,601,4,8,5,2,0,1096,1,1097
Precinct,River Springs 03,671,562,7,3,5,1,2,1251,7,1258
Precinct,Riverside,132,438,2,6,7,2,1,588,2,590
Precinct,Riverwalk,771,1305,11,12,8,6,3,2116,9,2125
Precinct,Round Top,186,334,2,1,5,1,1,530,5,535
Precinct,Sandlapper,389,1801,5,7,10,5,2,2219,12,2231
Precinct,Satchelford,581,491,6,4,2,4,0,1088,20,1108
Precinct,Skyland,123,412,3,2,10,1,0,551,4,555
Precinct,South Beltline,250,577,9,1,3,1,2,843,8,851
Precinct,South Forest Acres,630,562,16,3,2,4,1,1218,18,1236
Precinct,Spring Hill,2010,564,13,10,5,12,1,2615,22,2637
Precinct,Spring Valley,698,1345,6,12,7,6,2,2076,20,2096
Precinct,Spring Valley West,376,1412,4,10,16,2,5,1825,7,1832
Precinct,Springville 01,1220,486,15,5,1,4,1,1732,19,1751
Precinct,Springville 02,1178,418,4,8,1,2,2,1613,17,1630
Precinct,St. Andrews,184,542,3,2,6,1,0,738,4,742
Precinct,Trenholm Road,393,381,8,3,1,2,1,789,9,798
Precinct,Trinity,340,770,3,4,5,3,0,1125,7,1132
Precinct,Valhalla,646,840,11,8,3,6,3,1517,11,1528
Precinct,Valley State Park,309,1995,10,8,12,3,4,2341,12,2353
Precinct,Walden,103,459,1,1,4,1,2,571,4,575
Precinct,Ward 01,207,495,6,11,3,2,5,729,7,736
Precinct,Ward 02,71,251,1,3,2,1,1,330,4,334
Precinct,Ward 03,231,686,12,6,5,2,1,943,5,948
Precinct,Ward 04,306,864,6,8,3,4,3,1194,5,1199
Precinct,Ward 05,230,307,8,1,3,1,0,550,4,554
Precinct,Ward 06,321,628,7,6,1,3,5,971,14,985
Precinct,Ward 07,20,457,2,0,9,2,1,491,4,495
Precinct,Ward 08,4,116,0,1,2,0,0,123,0,123
Precinct,Ward 09,20,358,1,2,4,2,4,391,2,393
Precinct,Ward 10,337,674,5,7,8,2,4,1037,16,1053
Precinct,Ward 11,205,574,3,4,6,4,1,797,6,803
Precinct,Ward 12,341,710,7,8,4,3,4,1077,12,1089
Precinct,Ward 13,468,1038,9,4,6,3,6,1534,10,1544
Precinct,Ward 14,411,804,12,11,0,1,3,1242,23,1265
Precinct,Ward 15,342,463,11,0,3,6,4,829,16,845
Precinct,Ward 16,624,485,8,1,3,0,1,1122,27,1149
Precinct,Ward 17,630,673,19,9,0,0,2,1333,19,1352
Precinct,Ward 18,120,523,7,5,4,5,3,667,6,673
Precinct,Ward 19,33,504,3,0,6,0,1,547,1,548
Precinct,Ward 20,201,869,11,14,4,3,4,1106,7,1113
Precinct,Ward 21,58,761,1,5,9,0,0,834,7,841
Precinct,Ward 22,53,723,5,3,10,1,3,798,5,803
Precinct,Ward 23,247,467,11,4,0,2,1,732,7,739
Precinct,Ward 24,456,382,7,3,1,1,0,850,14,864
Precinct,Ward 25,835,435,22,2,0,4,0,1298,28,1326
Precinct,Ward 26,293,520,6,3,4,3,2,831,3,834
Precinct,Ward 29,66,643,3,1,5,2,1,721,4,725
Precinct,Ward 30,223,472,7,2,2,1,1,708,7,715
Precinct,Ward 31,30,438,1,2,5,0,0,476,4,480
Precinct,Ward 32,24,444,2,0,7,0,0,477,8,485
Precinct,Ward 33,113,388,3,2,3,3,2,514,3,517
Precinct,Ward 34,316,488,2,2,4,1,0,813,7,820
Precinct,Webber,244,510,1,3,4,1,1,764,9,773
Precinct,Westminster,128,609,3,2,3,0,2,747,4,751
Precinct,Whitewell,96,583,6,8,7,1,2,703,1,704
Precinct,Wildewood,927,1181,12,8,3,7,4,2142,29,2171
Precinct,Woodfield,342,1098,2,3,11,3,5,1464,14,1478
Precinct,Woodlands,892,919,17,5,3,10,1,1847,21,1868
County,Saluda,6452,2454,34,19,20,8,27,9014,45,9059
Precinct,Centennial,312,56,0,1,1,1,3,374,0,374
Precinct,Failsafe,0,0,0,0,0,0,0,0,0,0
Precinct,Failsafe Provisional,0,0,0,0,0,0,0,0,0,0
Precinct,Fruit Hill,463,348,3,1,5,2,1,823,2,825
Precinct,Higgins-Zoar,261,159,2,0,1,0,0,423,2,425
Precinct,Holly,1048,147,4,2,3,0,0,1204,4,1208
Precinct,Hollywood,928,108,5,1,1,1,9,1053,6,1059
Precinct,Holstons,462,221,2,0,1,0,1,687,1,688
Precinct,Pleasant Grove,637,120,6,2,0,1,7,773,5,778
Precinct,Provisional,1,0,0,0,0,0,0,1,0,1
Precinct,Richland,369,66,1,5,0,0,0,441,5,446
Precinct,Ridge Spring-Monetta,271,259,2,0,1,0,0,533,2,535
Precinct,Saluda No. 01,326,406,2,3,3,2,2,744,3,747
Precinct,Saluda No. 02,414,284,2,3,3,1,3,710,4,714
Precinct,Sardis,709,106,4,1,1,0,1,822,8,830
Precinct,Ward,251,174,1,0,0,0,0,426,3,429
County,Spartanburg,103032,50710,670,399,354,292,140,155597,756,156353
Precinct,2 Mile Creek,1482,699,12,2,2,3,2,2202,10,2212
Precinct,Abner Creek Baptist,1717,718,10,2,4,5,5,2461,6,2467
Precinct,Airport,229,246,2,4,2,1,0,484,1,485
Precinct,Anderson Mill Baptist,1017,547,14,4,1,1,2,1586,15,1601
Precinct,Anderson Mill Elementary,859,870,5,6,12,5,4,1761,10,1771
Precinct,Apalache Baptist,1723,687,16,11,4,2,3,2446,12,2458
Precinct,Arcadia Elementary,270,258,1,0,4,1,1,535,2,537
Precinct,Beacon,117,449,3,1,2,0,1,573,8,581
Precinct,Beech Springs Intermediate,974,453,6,5,3,2,1,1444,7,1451
Precinct,Ben Avon Methodist,726,367,13,3,0,4,1,1114,12,1126
Precinct,Bethany Wesleyan,966,292,2,2,2,1,1,1266,6,1272
Precinct,Blackstock,1175,853,6,7,9,4,1,2055,7,2062
Precinct,Boiling Springs 9th Grade,1126,598,6,7,2,7,1,1747,10,1757
Precinct,Boiling Springs Elementary,1184,529,4,5,4,5,2,1733,7,1740
Precinct,Boiling Springs High,1144,429,6,5,0,0,2,1586,6,1592
Precinct,Boling Springs Jr. High,1259,447,8,2,3,2,1,1722,10,1732
Precinct,Broome High School,425,185,2,1,2,1,0,616,2,618
Precinct,C.C. Woodson Recreation,86,661,0,0,5,0,0,752,3,755
Precinct,Canaan,612,295,4,0,1,3,0,915,3,918
Precinct,Cannons Elementary,726,436,2,5,1,1,0,1171,10,1181
Precinct,Carlisle Fosters Grove,1804,423,7,5,3,1,1,2244,13,2257
Precinct,Carlisle Wesleyan,1097,228,3,7,2,0,2,1339,4,1343
Precinct,Cavins-Hobbysville,742,112,3,1,2,0,0,860,4,864
Precinct,Chapman High School,900,388,12,4,2,8,2,1316,8,1324
Precinct,Cherokee Springs Fire Station,1053,265,7,4,6,6,0,1341,3,1344
Precinct,Chesnee Elementary,1619,474,6,2,2,3,0,2106,18,2124
Precinct,Chestnut Lake,946,493,5,3,1,4,1,1453,2,1455
Precinct,Clifton Glendale,880,197,2,1,1,4,1,1086,6,1092
Precinct,Converse,219,221,5,2,1,1,0,449,6,455
Precinct,Converse Fire Station,569,231,3,0,2,2,1,808,5,813
Precinct,Cooley Springs Baptist,1683,351,13,7,0,6,3,2063,10,2073
Precinct,Cornerstone Baptist,363,655,7,6,7,1,2,1041,5,1046
Precinct,Cowpens,967,226,5,4,4,1,1,1208,4,1212
Precinct,Croft Baptist,363,367,1,2,1,1,2,737,5,742
Precinct,Cross Anchor Fire Station,503,110,1,1,0,0,2,617,1,618
Precinct,Cudd Memorial,477,382,2,2,2,0,1,866,4,870
Precinct,D. R. Hill Middle School,1567,507,11,7,1,2,2,2097,10,2107
Precinct,Daniel Morgan Technology Center,628,372,6,2,2,3,0,1013,8,1021
Precinct,Drayton,424,444,2,2,2,1,2,877,1,878
Precinct,Duncan United Methodist,656,448,4,0,4,1,1,1114,4,1118
Precinct,E.P. Todd Elementary,884,930,6,3,6,2,1,1832,9,1841
Precinct,Eastside Baptist,647,514,8,3,1,1,0,1174,6,1180
Precinct,Enoree 1st Baptist,853,162,3,3,1,3,2,1027,3,1030
Precinct,Enoree River,1102,214,1,2,1,4,0,1324,2,1326
Precinct,Failsafe,168,237,3,0,1,0,0,409,0,409
Precinct,Failsafe Provisional,40,20,0,0,0,0,0,60,0,60
Precinct,Fairforest Elementary,899,296,6,1,3,1,0,1206,4,1210
Precinct,Fairgrounds,145,608,2,1,7,0,3,766,7,773
Precinct,Gable Middle School,1898,743,12,5,6,6,2,2672,16,2688
Precinct,Gramling Methodist,1149,189,7,5,0,1,0,1351,5,1356
Precinct,Greater St. James,1322,492,6,3,3,3,2,1831,6,1837
Precinct,Hanging Rock,1065,492,8,4,4,2,0,1575,5,1580
Precinct,Hayne,347,309,2,3,3,0,4,668,3,671
Precinct,Hearon Circle,289,490,1,0,4,2,0,786,6,792
Precinct,Hendrix Elementary,1033,671,6,8,5,4,4,1731,10,1741
Precinct,Holly Springs Baptist,1126,154,8,1,1,0,0,1290,7,1297
Precinct,Holly Springs Motlow,1605,261,6,2,1,4,1,1880,2,1882
Precinct,Holy Communion,500,790,1,4,5,3,2,1305,6,1311
Precinct,Hope,418,358,2,3,6,0,0,787,2,789
Precinct,Inman,1019,432,10,3,3,2,2,1471,6,1477
Precinct,Jesse Bobo Elementary,286,671,8,3,3,3,1,975,4,979
Precinct,Jesse Boyd Elementary,389,496,4,0,2,1,5,897,5,902
Precinct,Lake Bowen Baptist,1459,351,6,4,3,4,1,1828,10,1838
Precinct,Lake Cooley,991,267,4,1,1,2,1,1267,4,1271
Precinct,Landrum,932,276,5,8,2,2,2,1227,5,1232
Precinct,Landrum High School,1809,397,8,3,1,2,0,2220,8,2228
Precinct,Landrum United Methodist,964,306,4,1,0,2,0,1277,6,1283
Precinct,Lyman,2515,1025,22,13,9,10,2,3596,19,3615
Precinct,Lyman Elementary,1424,349,4,6,3,0,1,1787,2,1789
Precinct,Mayo Elementary,1289,171,3,0,1,1,1,1466,4,1470
Precinct,Mccracken Middle School,857,762,18,6,3,8,2,1656,8,1664
Precinct,Middle Tyger,740,462,5,5,6,5,0,1223,5,1228
Precinct,Moore Duncan,769,486,3,4,1,6,0,1269,5,1274
Precinct,Morningside Baptist,893,545,5,4,1,1,2,1451,9,1460
Precinct,Motlow Creek Baptist,892,119,3,2,2,1,0,1019,4,1023
Precinct,Mt. Calvary Presbyterian,2051,293,6,4,3,3,2,2362,10,2372
Precinct,Mt. Moriah Baptist,202,690,6,2,5,0,3,908,7,915
Precinct,New Prospect,1548,278,8,4,2,4,0,1844,3,1847
Precinct,Oakland Elementary,1265,320,3,8,1,1,0,1598,4,1602
Precinct,Old Bridge,41,373,0,0,7,0,3,424,3,427
Precinct,Pacolet Elementary,1223,371,8,1,8,0,0,1611,6,1617
Precinct,Palmetto,581,222,0,1,1,2,2,809,5,814
Precinct,Pauline Glenn Springs Elementary,759,119,3,2,2,3,0,888,5,893
Precinct,Peach Blossom,806,510,5,0,2,3,1,1327,4,1331
Precinct,Pelham Fire Station,1406,806,18,20,5,7,2,2264,11,2275
Precinct,Poplar Springs Fire Station,1476,668,8,8,13,6,2,2181,16,2197
Precinct,Powell Saxon Una,260,528,2,1,7,2,1,801,4,805
Precinct,Provisional,112,75,0,2,0,0,0,189,1,190
Precinct,R.D. Anderson Vocational,1128,246,5,1,1,4,4,1389,11,1400
Precinct,Rainbow,1554,337,6,5,0,3,1,1906,9,1915
Precinct,Reidville Elementary,1544,642,13,5,2,1,1,2208,7,2215
Precinct,Reidville Fire Station,1027,544,5,1,3,3,3,1586,7,1593
Precinct,River Ridge Elementary,755,335,11,3,2,3,0,1109,4,1113
Precinct,Roebuck Bethlehem,775,650,2,4,3,4,1,1439,4,1443
Precinct,Roebuck Elementary,1050,1007,8,8,7,5,2,2087,13,2100
Precinct,Shoally,964,548,2,1,5,4,1,1525,6,1531
Precinct,Silverhill Memorial Umc,227,626,3,5,4,2,1,868,9,877
Precinct,Southport,401,252,2,5,2,1,0,663,5,668
Precinct,Spartangreen,766,516,7,0,5,1,1,1296,2,1298
Precinct,St. John's Lutheran,676,439,13,4,0,3,1,1136,24,1160
Precinct,Startex Fire Station,313,286,4,1,1,1,0,606,4,610
Precinct,Swofford Career Center,888,202,3,2,0,0,0,1095,5,1100
Precinct,Travelers Rest Baptist,809,551,8,6,8,4,1,1387,3,1390
Precinct,Trinity Methodist Church,634,658,14,5,3,5,1,1320,10,1330
Precinct,Trinity Presbyterian,948,641,4,5,5,3,2,1608,12,1620
Precinct,Tyger River,1237,508,9,4,5,2,1,1766,6,1772
Precinct,Valley Falls,1614,771,13,7,5,5,2,2417,3,2420
Precinct,Victor Mill Methodist,765,475,4,4,3,2,0,1253,10,1263
Precinct,Wade Hampton,176,444,7,2,6,5,2,642,11,653
Precinct,Wellford Fire Station,1287,804,5,6,6,6,2,2116,8,2124
Precinct,West View Elementary,1105,580,12,6,3,3,0,1709,15,1724
Precinct,Whitlock Junior High,428,207,2,3,2,2,0,644,2,646
Precinct,Willow Creek,961,287,3,2,2,7,1,1263,7,1270
Precinct,Woodland Heights Recreation Center,495,670,3,3,8,3,1,1183,6,1189
Precinct,Woodruff Leisure Center,780,273,8,0,0,0,2,1063,3,1066
County,Sumter,21215,23425,132,96,194,67,41,45170,298,45468
Precinct,2nd Mill,973,301,5,4,0,1,0,1284,9,1293
Precinct,Bates,9,338,0,0,5,2,0,354,3,357
Precinct,Birnie,53,471,1,0,5,0,1,531,3,534
Precinct,Burns-Downs,375,227,0,1,2,1,2,608,2,610
Precinct,Causeway Branch 01,649,458,6,2,4,2,2,1123,10,1133
Precinct,Causeway Branch 02,426,315,2,0,1,0,1,745,5,750
Precinct,Cherryvale,124,193,1,3,0,0,2,323,2,325
Precinct,Crosswell,161,540,1,2,7,4,0,715,2,717
Precinct,Dalzell 01,582,499,4,3,1,2,1,1092,9,1101
Precinct,Dalzell 02,355,390,4,1,0,2,0,752,4,756
Precinct,Delaine,214,664,1,3,3,0,1,886,7,893
Precinct,Ebenezer No. 01,410,483,5,2,2,2,3,907,5,912
Precinct,Ebenezer No. 02,509,589,8,1,5,1,0,1113,9,1122
Precinct,Failsafe,6,3,0,0,0,0,0,9,0,9
Precinct,Failsafe Provisional,5,9,1,0,0,0,0,15,0,15
Precinct,Folsom Park,135,552,4,2,5,2,0,700,4,704
Precinct,Furman,788,256,1,1,3,3,0,1052,4,1056
Precinct,Green Swamp,817,924,4,8,7,0,1,1761,8,1769
Precinct,Green Swamp 02,575,190,1,1,1,1,1,770,5,775
Precinct,Hampton Park,263,230,2,3,2,2,1,503,3,506
Precinct,Hillcrest,288,375,5,0,3,1,1,673,7,680
Precinct,Horatio,83,263,0,1,3,0,0,350,0,350
Precinct,Lemira,115,527,1,0,6,1,2,652,6,658
Precinct,Loring,81,319,0,0,2,1,1,404,1,405
Precinct,Magnolia-harmony,69,293,1,1,2,1,0,367,1,368
Precinct,Manchester Forest,559,438,4,0,4,1,2,1008,4,1012
Precinct,Mayesville,89,244,2,0,3,1,1,340,2,342
Precinct,Mayewood,644,341,1,0,4,0,1,991,4,995
Precinct,Mccrays Mill 01,589,561,2,1,6,0,0,1159,10,1169
Precinct,Mccrays Mill 02,787,607,2,4,1,4,2,1407,4,1411
Precinct,Millwood,209,231,2,2,6,0,1,451,2,453
Precinct,Morris College,71,397,3,2,6,1,1,481,3,484
Precinct,Mulberry,176,385,1,0,6,1,0,569,3,572
Precinct,Oakland Plantation 01,449,408,1,1,7,2,0,868,5,873
Precinct,Oakland Plantation 02,402,284,2,2,3,2,0,695,8,703
Precinct,Oswego,537,321,3,0,0,1,1,863,5,868
Precinct,Palmetto Park,381,456,3,2,1,3,0,846,3,849
Precinct,Pinewood,623,490,1,3,1,0,2,1120,9,1129
Precinct,Pocotaligo 01,843,509,2,5,5,2,0,1366,5,1371
Precinct,Pocotaligo 02,430,377,4,0,2,0,0,813,7,820
Precinct,Privateer,870,517,2,5,6,1,2,1403,6,1409
Precinct,Provisional,8,1,0,0,0,0,0,9,0,9
Precinct,Rembert,232,960,3,2,8,1,0,1206,15,1221
Precinct,Salem,45,179,0,1,1,0,0,226,2,228
Precinct,Salterstown,360,247,4,0,4,0,2,617,2,619
Precinct,Savage-Glover,10,252,0,0,3,0,1,266,1,267
Precinct,Shaw,73,49,0,0,0,0,0,122,0,122
Precinct,South Liberty,67,257,1,0,1,0,0,326,1,327
Precinct,South Red Bay,36,391,3,0,3,0,0,433,7,440
Precinct,Spectrum,185,476,1,2,2,1,1,668,5,673
Precinct,St. John,380,410,1,0,2,0,1,794,5,799
Precinct,St. Paul,484,679,3,5,6,3,0,1180,12,1192
Precinct,Stone Hill,9,249,0,0,6,0,0,264,3,267
Precinct,Sumter High 01,262,180,2,0,2,2,0,448,2,450
Precinct,Sumter High 02,501,463,7,3,3,0,0,977,8,985
Precinct,Sunset,530,527,2,5,4,2,2,1072,13,1085
Precinct,Swan Lake,458,341,6,4,1,2,1,813,9,822
Precinct,Thomas Sumter,217,542,2,0,7,2,0,770,8,778
Precinct,Turkey Creek,407,381,1,3,2,2,0,796,6,802
Precinct,Wilder,52,441,0,1,4,0,0,498,1,499
Precinct,Wilson Hall,1175,425,3,4,5,4,0,1616,9,1625
County,Union,8102,4084,21,21,33,21,7,12289,61,12350
Precinct,Adamsburg,469,64,1,1,0,0,0,535,2,537
Precinct,Black Rock,133,136,1,1,1,0,0,272,0,272
Precinct,Bonham,459,206,1,2,2,2,0,672,2,674
Precinct,Buffalo Box 01,557,195,2,1,2,1,2,760,5,765
Precinct,Carlisle,52,258,0,0,2,1,0,313,1,314
Precinct,Cross Keys,485,158,0,0,1,0,0,644,3,647
Precinct,Excelsior,632,331,2,1,4,3,2,975,5,980
Precinct,Failsafe,0,0,0,0,0,0,0,0,0,0
Precinct,Failsafe Provisional,47,43,0,1,0,0,0,91,0,91
Precinct,Jonesville Box 01,569,167,2,0,1,1,0,740,4,744
Precinct,Jonesville Box 02,571,232,2,3,0,1,1,810,5,815
Precinct,Kelton,503,199,0,0,3,3,0,708,3,711
Precinct,Lockhart,361,79,2,0,3,0,0,445,5,450
Precinct,Monarch,796,206,1,2,2,3,0,1010,3,1013
Precinct,Provisional,4,1,0,0,0,0,0,5,0,5
Precinct,Putnam,498,58,0,1,0,1,0,558,2,560
Precinct,Santuck,272,267,1,1,1,0,1,543,4,547
Precinct,Union Ward 01 Box 01,280,191,1,1,2,1,0,476,1,477
Precinct,Union Ward 01 Box 02,266,395,2,4,0,2,1,670,4,674
Precinct,Union Ward 02,286,327,0,0,6,0,0,619,5,624
Precinct,Union Ward 03,166,202,1,1,1,1,0,372,1,373
Precinct,Union Ward 04 Box 01,428,206,0,0,1,1,0,636,5,641
Precinct,Union Ward 04 Box 02,68,104,0,1,0,0,0,173,0,173
Precinct,West Springs,200,59,2,0,1,0,0,262,1,263
County,Williamsburg,5524,8634,25,15,85,27,20,14330,84,14414
Precinct,Black River,117,127,0,0,0,0,1,245,2,247
Precinct,Bloomingvale,235,291,2,0,3,0,0,531,1,532
Precinct,Cades,100,189,0,0,0,0,0,289,2,291
Precinct,Cedar Swamp,108,113,0,0,1,0,0,222,3,225
Precinct,Central,225,336,2,0,9,1,0,573,5,578
Precinct,Earles,396,92,0,0,1,1,0,490,0,490
Precinct,Failsafe,1,0,0,0,0,0,0,1,0,1
Precinct,Failsafe Provisional,0,0,0,0,0,0,0,0,0,0
Precinct,Greeleyville,181,636,1,1,5,3,2,829,7,836
Precinct,Harmony,165,52,0,0,0,0,1,218,1,219
Precinct,Hebron,290,42,0,0,1,0,0,333,2,335
Precinct,Hemingway,376,569,4,0,4,2,0,955,5,960
Precinct,Henry-Poplar Hill,188,157,0,2,1,2,1,351,3,354
Precinct,Indiantown,173,669,1,0,8,1,0,852,8,860
Precinct,Kingstree No. 01,931,949,4,4,11,3,3,1905,10,1915
Precinct,Kingstree No. 02,21,412,1,0,6,3,1,444,1,445
Precinct,Kingstree No. 03,134,1113,2,0,13,3,2,1267,4,1271
Precinct,Kingstree No. 04,200,552,0,1,4,0,1,758,6,764
Precinct,Lane,63,450,1,2,3,0,1,520,0,520
Precinct,Morrisville,10,125,0,1,0,0,0,136,0,136
Precinct,Mount Vernon,103,138,1,0,0,0,1,243,3,246
Precinct,Muddy Creek,413,171,0,0,1,0,0,585,1,586
Precinct,Nesmith,64,272,0,0,6,1,1,344,2,346
Precinct,Pergamos,106,58,1,1,0,0,0,166,2,168
Precinct,Piney Forest,284,9,0,1,0,0,0,294,3,297
Precinct,Provisional,1,3,0,0,0,0,0,4,0,4
Precinct,Salters,134,496,0,2,4,3,4,643,5,648
Precinct,Sandy Bay,189,54,0,0,0,0,0,243,0,243
Precinct,Singletary,49,131,0,0,1,0,0,181,0,181
Precinct,Suttons,146,44,0,0,0,0,0,190,1,191
Precinct,Trio,121,384,5,0,3,4,1,518,7,525
County,York,88239,59600,876,522,324,338,160,150059,953,151012
Precinct,Adnah,485,181,0,1,1,2,2,672,3,675
Precinct,Airport,726,499,5,1,1,4,0,1236,10,1246
Precinct,Allison Creek,808,324,10,4,0,2,0,1148,4,1152
Precinct,Anderson Road,355,564,3,7,6,4,1,940,4,944
Precinct,Baxter,520,504,12,7,0,3,1,1047,12,1059
Precinct,Bethany,1500,281,4,8,2,2,1,1798,8,1806
Precinct,Bethel,870,466,5,6,2,3,1,1353,10,1363
Precinct,Bethel School,768,257,3,3,3,3,2,1039,2,1041
Precinct,Bowling Green,977,211,4,2,3,3,0,1200,7,1207
Precinct,Bullocks Creek,321,52,3,1,0,1,0,378,3,381
Precinct,Cannon Mill,839,320,9,4,3,1,0,1176,2,1178
Precinct,Carolina,766,563,10,4,5,2,4,1354,10,1364
Precinct,Catawba,1562,533,8,2,3,4,0,2112,10,2122
Precinct,Celanese,939,1133,10,9,10,3,2,2106,18,2124
Precinct,Clover,1178,460,8,5,1,3,3,1658,16,1674
Precinct,Cotton Belt,1298,294,7,7,2,6,1,1615,13,1628
Precinct,Crescent,995,722,14,8,4,4,3,1750,13,1763
Precinct,Delphia,1235,325,2,6,1,2,3,1574,15,1589
Precinct,Dobys Bridge,1807,942,35,10,3,7,1,2805,22,2827
Precinct,Ebenezer,625,338,3,0,1,5,0,972,11,983
Precinct,Ebinport,1086,934,11,8,4,7,2,2052,19,2071
Precinct,Edgewood,344,1605,4,6,8,7,6,1980,9,1989
Precinct,Failsafe,20,12,0,1,0,0,0,33,1,34
Precinct,Failsafe Provisional,106,87,2,1,1,1,0,198,1,199
Precinct,Fairgrounds,250,793,4,4,7,3,2,1063,7,1070
Precinct,Ferry Branch,713,219,0,3,2,0,1,938,7,945
Precinct,Fewell Park,545,434,7,4,2,4,2,998,13,1011
Precinct,Field Day,945,702,5,4,2,2,0,1660,5,1665
Precinct,Filbert,1426,321,1,4,7,4,1,1764,11,1775
Precinct,Fort Mill No. 01,1535,952,22,10,2,7,4,2532,14,2546
Precinct,Fort Mill No. 02,2609,1720,36,23,10,13,1,4412,26,4438
Precinct,Fort Mill No. 03,979,873,10,6,9,1,7,1885,5,1890
Precinct,Fort Mill No. 04,530,538,8,3,3,2,2,1086,12,1098
Precinct,Fort Mill No. 05,1460,1137,14,10,5,1,3,2630,18,2648
Precinct,Fort Mill No. 06,729,568,14,9,0,6,1,1327,11,1338
Precinct,Friendship,390,193,1,3,6,1,0,594,2,596
Precinct,Gold Hill,1397,1084,22,19,5,6,3,2536,11,2547
Precinct,Hampton Mill,852,314,9,0,2,0,1,1178,4,1182
Precinct,Hands Mill,901,439,9,4,1,4,0,1358,5,1363
Precinct,Harvest,546,363,3,3,0,1,1,917,3,920
Precinct,Hickory Grove,717,165,0,3,4,1,0,890,8,898
Precinct,Highland Park,343,467,1,2,0,2,2,817,10,827
Precinct,Hollis Lakes,694,694,5,7,8,6,2,1416,15,1431
Precinct,Hopewell,554,354,6,5,5,2,0,926,4,930
Precinct,Independence,581,182,5,1,0,0,0,769,6,775
Precinct,India Hook,766,518,12,4,3,4,0,1307,10,1317
Precinct,Kanawha,1474,1007,22,5,5,6,4,2523,14,2537
Precinct,Lakeshore,1225,672,16,4,3,3,1,1924,12,1936
Precinct,Lakewood,909,487,8,3,0,6,2,1415,6,1421
Precinct,Larne,736,428,5,3,6,3,1,1182,5,1187
Precinct,Laurel Creek,871,356,7,1,0,5,0,1240,15,1255
Precinct,Lesslie,908,298,3,3,2,4,0,1218,4,1222
Precinct,Manchester,544,482,9,5,4,4,0,1048,4,1052
Precinct,McConnells,1015,295,5,2,4,2,2,1325,9,1334
Precinct,Mill Creek,686,248,6,1,0,2,0,943,6,949
Precinct,Mountain View,427,147,3,0,1,1,1,580,2,582
Precinct,Mt. Gallant,903,478,9,2,5,4,0,1401,6,1407
Precinct,Mt. Holly,1105,1041,14,3,4,1,4,2172,4,2176
Precinct,Nation Ford,1313,890,17,11,1,0,4,2236,7,2243
Precinct,Neelys Creek,560,258,2,1,2,2,2,827,5,832
Precinct,New Home,1398,512,6,16,7,6,4,1949,11,1960
Precinct,Newport,1078,806,4,5,4,4,1,1902,14,1916
Precinct,Northside,441,633,4,3,4,5,1,1091,10,1101
Precinct,Northwestern,1185,776,3,6,2,4,2,1978,13,1991
Precinct,Oakridge,1561,687,12,4,6,7,0,2277,5,2282
Precinct,Oakwood,776,579,6,5,3,4,3,1376,15,1391
Precinct,Ogden,862,819,6,2,4,2,2,1697,3,1700
Precinct,Old Pointe,623,591,7,3,0,3,3,1230,12,1242
Precinct,Orchard Park,1014,702,29,9,0,1,1,1756,18,1774
Precinct,Palmetto,734,646,6,5,5,2,2,1400,5,1405
Precinct,Pleasant Road,1253,997,14,10,5,7,1,2287,19,2306
Precinct,Pole Branch,1120,620,6,13,2,3,1,1765,9,1774
Precinct,Provisional,202,122,1,2,0,0,1,328,2,330
Precinct,River Hills,1087,661,15,4,0,6,2,1775,16,1791
Precinct,River's Edge,1710,910,17,11,7,4,3,2662,13,2675
Precinct,Riverview,702,474,14,5,1,2,3,1201,8,1209
Precinct,Rock Creek,903,315,4,3,0,5,1,1231,9,1240
Precinct,Rock Hill No. 02,76,892,1,3,6,2,4,984,7,991
Precinct,Rock Hill No. 03,193,1205,4,3,6,2,2,1415,6,1421
Precinct,Rock Hill No. 04,608,832,6,3,6,5,1,1461,5,1466
Precinct,Rock Hill No. 05,483,569,10,3,2,3,1,1071,11,1082
Precinct,Rock Hill No. 06,205,665,4,2,5,0,3,884,4,888
Precinct,Rock Hill No. 07,690,858,9,5,7,2,1,1572,13,1585
Precinct,Rock Hill No. 08,72,552,3,1,4,1,0,633,8,641
Precinct,Roosevelt,822,508,7,6,2,3,0,1348,4,1352
Precinct,Rosewood,907,1060,15,10,10,6,3,2011,10,2021
Precinct,Sharon,917,243,1,4,1,2,0,1168,7,1175
Precinct,Shoreline,1062,739,18,6,4,3,0,1832,12,1844
Precinct,Six Mile,787,228,6,1,0,4,1,1027,10,1037
Precinct,Smyrna,546,61,4,0,1,0,0,612,3,615
Precinct,Springdale,330,413,6,2,1,2,0,754,4,758
Precinct,Springfield,1078,643,22,5,2,4,3,1757,23,1780
Precinct,Stateline,849,712,10,14,6,4,2,1597,11,1608
Precinct,Steele Creek,1082,879,17,8,6,6,2,2000,15,2015
Precinct,Tega Cay,605,424,9,3,0,3,2,1046,10,1056
Precinct,Tirzah,1380,426,8,4,0,3,0,1821,10,1831
Precinct,Tools Fork,984,562,8,8,2,2,3,1569,12,1581
Precinct,University,455,404,7,4,0,5,1,876,6,882
Precinct,Waterstone,752,661,9,8,4,3,2,1439,6,1445
Precinct,Windjammer,930,660,15,11,0,1,0,1617,9,1626
Precinct,Wylie,1224,788,8,6,2,5,1,2034,9,2043
Precinct,York No. 01,950,1010,15,6,7,3,2,1993,14,2007
Precinct,York No. 02,1335,1032,8,4,6,7,8,2400,13,2413
