Summary Results Report,,,,,,,,,,OFFICIAL RESULTS,,,,,,,,,
General Election,,,,,,,,,,,,,,,,,,,
"November 5, 2024",,,,,,,,,,"Monongalia County, West Virginia",,,,,,,,,
PRECINCT 1,,,,,,,,,,,,,,,,,,,
Statistics,,TOTAL,,Election Day,,Early Vote,,Absentee,,,Canvass,,Absentee After ED,,Provisional,,,,
Registered Voters - Total,,168,,,,,,,,,,,,,,,,,
Ballots Cast - Total,,114,,39,,74,,0,,,0,,0,,1,,,,
Ballots Cast - Blank,,0,,0,,0,,0,,,0,,0,,0,,,,
Voter Turnout - Total,,67.86%,,,,,,,,,,,,,,,,,
,FOR PRESIDENT,,,,,,,,,,,,,,,,,,
,Vote For 1,,,,,,,,,,,,,,,,,,
,,,TOTAL,,VOTE %,,Election Day,,Early Vote,,,Absentee,,Canvass,,Absentee After ED,,Provisional,
REP DONALD J. TRUMP,,34,,29.82%,,9,,25,,,0,,0,,0,,0,,
DEM KAMALA D. HARRIS,,76,,66.67%,,27,,48,,,0,,0,,0,,1,,
LBN CHASE OLIVER,,0,,0.00%,,0,,0,,,0,,0,,0,,0,,
MTN JILL STEIN,,2,,1.75%,,1,,1,,,0,,0,,0,,0,,
IND ROBERT F. KENNEDY JR.,,2,,1.75%,,2,,0,,,0,,0,,0,,0,,
Write-In Totals,,0,,0.00%,,0,,0,,,0,,0,,0,,0,,
Total Votes Cast,,114,,100.00%,,39,,74,,,0,,0,,0,,1,,
Overvotes,,0,,0.00%,,0,,0,,,0,,0,,0,,0,,
Undervotes,,0,,0.00%,,0,,0,,,0,,0,,0,,0,,
Contest Totals,,114,,100.00%,,39,,74,,,0,,0,,0,,1,,
,FOR U.S. SENATOR,,,,,,,,,,,,,,,,,,
,Vote For 1,,,,,,,,,,,,,,,,,,
,,,TOTAL,,VOTE %,,Election Day,,Early Vote,,,Absentee,,Canvass,,Absentee After ED,,Provisional,
REP JIM JUSTICE,,37,,32.46%,,12,,25,,,0,,0,,0,,0,,
DEM GLENN ELLIOTT,,74,,64.91%,,25,,48,,,0,,0,,0,,1,,
LBN DAVID MORAN,,3,,2.63%,,2,,1,,,0,,0,,0,,0,,
NO CANDIDATE(S) NOMINATED,,0,,0.00%,,0,,0,,,0,,0,,0,,0,,
Write-In Totals,,0,,0.00%,,0,,0,,,0,,0,,0,,0,,
Total Votes Cast,,114,,100.00%,,39,,74,,,0,,0,,0,,1,,
Overvotes,,0,,0.00%,,0,,0,,,0,,0,,0,,0,,
Undervotes,,0,,0.00%,,0,,0,,,0,,0,,0,,0,,
Contest Totals,,114,,100.00%,,39,,74,,,0,,0,,0,,1,,
,FOR U.S. HOUSE OF REPS 2ND DIST,,,,,,,,,,,,,,,,,,
,Vote For 1,,,,,,,,,,,,,,,,,,
,,,TOTAL,,VOTE %,,Election Day,,Early Vote,,,Absentee,,Canvass,,Absentee After ED,,Provisional,
REP RILEY MOORE,,36,,31.58%,,11,,25,,,0,,0,,0,,0,,
DEM STEVEN WENDELIN,,73,,64.04%,,26,,46,,,0,,0,,0,,1,,
NO CANDIDATE(S) NOMINATED,,0,,0.00%,,0,,0,,,0,,0,,0,,0,,
NO CANDIDATE(S) NOMINATED,,0,,0.00%,,0,,0,,,0,,0,,0,,0,,
Write-In Totals,,0,,0.00%,,0,,0,,,0,,0,,0,,0,,
Total Votes Cast,,109,,95.61%,,37,,71,,,0,,0,,0,,1,,
Overvotes,,0,,0.00%,,0,,0,,,0,,0,,0,,0,,
Undervotes,,5,,4.39%,,2,,3,,,0,,0,,0,,0,,
Contest Totals,,114,,100.00%,,39,,74,,,0,,0,,0,,1,,
Precinct Summary - 11/12/2024     2:58 PM,,,,,,,,,,1,,,,,,,,, of 258
Report generated with Electionware Copyright © 2007-2019,,,,,,,,,,,,,,,,,,,
Summary Results Report,,,,,,,,,,OFFICIAL RESULTS,,,,,,,,,
General Election,,,,,,,,,,,,,,,,,,,
"November 5, 2024",,,,,,,,,,"Monongalia County, West Virginia",,,,,,,,,
PRECINCT 1,,,,,,,,,,,,,,,,,,,
,FOR GOVERNOR,,,,,,,,,,,,,,,,,,
,Vote For 1,,,,,,,,,,,,,,,,,,
,,,TOTAL,,VOTE %,,Election Day,,Early Vote,,,Absentee,,Canvass,,Absentee After ED,,Provisional,
REP PATRICK MORRISEY,,34,,29.82%,,10,,24,,,0,,0,,0,,0,,
DEM STEVE WILLIAMS,,71,,62.28%,,27,,44,,,0,,0,,0,,0,,
LBN ERIKA KLIE KOLENICH,,4,,3.51%,,1,,3,,,0,,0,,0,,0,,
MTN CHASE LINKO-LOOPER,,3,,2.63%,,1,,1,,,0,,0,,0,,1,,
CST S. MARSHALL WILSON,,0,,0.00%,,0,,0,,,0,,0,,0,,0,,
Write-In Totals,,0,,0.00%,,0,,0,,,0,,0,,0,,0,,
Total Votes Cast,,112,,98.25%,,39,,72,,,0,,0,,0,,1,,
Overvotes,,0,,0.00%,,0,,0,,,0,,0,,0,,0,,
Undervotes,,2,,1.75%,,0,,2,,,0,,0,,0,,0,,
Contest Totals,,114,,100.00%,,39,,74,,,0,,0,,0,,1,,
,FOR SECRETARY OF STATE,,,,,,,,,,,,,,,,,,
,Vote For 1,,,,,,,,,,,,,,,,,,
,,,TOTAL,,VOTE %,,Election Day,,Early Vote,,,Absentee,,Canvass,,Absentee After ED,,Provisional,
REP KRIS WARNER,,41,,35.96%,,13,,28,,,0,,0,,0,,0,,
DEM THORNTON COOPER,,72,,63.16%,,26,,45,,,0,,0,,0,,1,,
NO CANDIDATE(S) NOMINATED,,0,,0.00%,,0,,0,,,0,,0,,0,,0,,
NO CANDIDATE(S) NOMINATED,,0,,0.00%,,0,,0,,,0,,0,,0,,0,,
Write-In Totals,,0,,0.00%,,0,,0,,,0,,0,,0,,0,,
Total Votes Cast,,113,,99.12%,,39,,73,,,0,,0,,0,,1,,
Overvotes,,0,,0.00%,,0,,0,,,0,,0,,0,,0,,
Undervotes,,1,,0.88%,,0,,1,,,0,,0,,0,,0,,
Contest Totals,,114,,100.00%,,39,,74,,,0,,0,,0,,1,,
,FOR AUDITOR,,,,,,,,,,,,,,,,,,
,Vote For 1,,,,,,,,,,,,,,,,,,
,,,TOTAL,,VOTE %,,Election Day,,Early Vote,,,Absentee,,Canvass,,Absentee After ED,,Provisional,
REP MARK HUNT,,42,,36.84%,,15,,27,,,0,,0,,0,,0,,
DEM MARY ANN ROEBUCK CLAYTOR,,70,,61.40%,,24,,45,,,0,,0,,0,,1,,
NO CANDIDATE(S) NOMINATED,,0,,0.00%,,0,,0,,,0,,0,,0,,0,,
NO CANDIDATE(S) NOMINATED,,0,,0.00%,,0,,0,,,0,,0,,0,,0,,
Write-In Totals,,0,,0.00%,,0,,0,,,0,,0,,0,,0,,
Total Votes Cast,,112,,98.25%,,39,,72,,,0,,0,,0,,1,,
Overvotes,,0,,0.00%,,0,,0,,,0,,0,,0,,0,,
Undervotes,,2,,1.75%,,0,,2,,,0,,0,,0,,0,,
Contest Totals,,114,,100.00%,,39,,74,,,0,,0,,0,,1,,
Precinct Summary - 11/12/2024     2:58 PM,,,,,,,,,,2,,,,,,,,, of 258
Report generated with Electionware Copyright © 2007-2019,,,,,,,,,,,,,,,,,,,
Summary Results Report,,,,,,,,,,OFFICIAL RESULTS,,,,,,,,,
General Election,,,,,,,,,,,,,,,,,,,
"November 5, 2024",,,,,,,,,,"Monongalia County, West Virginia",,,,,,,,,
PRECINCT 1,,,,,,,,,,,,,,,,,,,
,FOR TREASURER,,,,,,,,,,,,,,,,,,
,Vote For 1,,,,,,,,,,,,,,,,,,
,,,TOTAL,,VOTE %,,Election Day,,Early Vote,,,Absentee,,Canvass,,Absentee After ED,,Provisional,
REP LARRY PACK,,72,,63.16%,,28,,44,,,0,,0,,0,,0,,
NO CANDIDATE(S) NOMINATED,,0,,0.00%,,0,,0,,,0,,0,,0,,0,,
NO CANDIDATE(S) NOMINATED,,0,,0.00%,,0,,0,,,0,,0,,0,,0,,
NO CANDIDATE(S) NOMINATED,,0,,0.00%,,0,,0,,,0,,0,,0,,0,,
Write-In Totals,,5,,4.39%,,3,,2,,,0,,0,,0,,0,,
Total Votes Cast,,77,,67.54%,,31,,46,,,0,,0,,0,,0,,
Overvotes,,0,,0.00%,,0,,0,,,0,,0,,0,,0,,
Undervotes,,37,,32.46%,,8,,28,,,0,,0,,0,,1,,
Contest Totals,,114,,100.00%,,39,,74,,,0,,0,,0,,1,,
,FOR COMMISSIONER OF AGRICULTURE,,,,,,,,,,,,,,,,,,
,Vote For 1,,,,,,,,,,,,,,,,,,
,,,TOTAL,,VOTE %,,Election Day,,Early Vote,,,Absentee,,Canvass,,Absentee After ED,,Provisional,
REP KENT LEONHARDT,,39,,34.21%,,13,,26,,,0,,0,,0,,0,,
DEM DEBORAH STILES,,68,,59.65%,,26,,41,,,0,,0,,0,,1,,
NO CANDIDATE(S) NOMINATED,,0,,0.00%,,0,,0,,,0,,0,,0,,0,,
NO CANDIDATE(S) NOMINATED,,0,,0.00%,,0,,0,,,0,,0,,0,,0,,
Write-In Totals,,0,,0.00%,,0,,0,,,0,,0,,0,,0,,
Total Votes Cast,,107,,93.86%,,39,,67,,,0,,0,,0,,1,,
Overvotes,,0,,0.00%,,0,,0,,,0,,0,,0,,0,,
Undervotes,,7,,6.14%,,0,,7,,,0,,0,,0,,0,,
Contest Totals,,114,,100.00%,,39,,74,,,0,,0,,0,,1,,
,FOR ATTORNEY GENERAL,,,,,,,,,,,,,,,,,,
,Vote For 1,,,,,,,,,,,,,,,,,,
,,,TOTAL,,VOTE %,,Election Day,,Early Vote,,,Absentee,,Canvass,,Absentee After ED,,Provisional,
"REP JOHN ""JB"" McCUSKEY",,37,,32.46%,,14,,23,,,0,,0,,0,,0,,
DEM TERESA TORISEVA,,70,,61.40%,,25,,44,,,0,,0,,0,,1,,
NO CANDIDATE(S) NOMINATED,,0,,0.00%,,0,,0,,,0,,0,,0,,0,,
NO CANDIDATE(S) NOMINATED,,0,,0.00%,,0,,0,,,0,,0,,0,,0,,
Write-In Totals,,0,,0.00%,,0,,0,,,0,,0,,0,,0,,
Total Votes Cast,,107,,93.86%,,39,,67,,,0,,0,,0,,1,,
Overvotes,,0,,0.00%,,0,,0,,,0,,0,,0,,0,,
Undervotes,,7,,6.14%,,0,,7,,,0,,0,,0,,0,,
Contest Totals,,114,,100.00%,,39,,74,,,0,,0,,0,,1,,
Precinct Summary - 11/12/2024     2:58 PM,,,,,,,,,,3,,,,,,,,, of 258
Report generated with Electionware Copyright © 2007-2019,,,,,,,,,,,,,,,,,,,
Summary Results Report,,,,,,,,,,OFFICIAL RESULTS,,,,,,,,,
General Election,,,,,,,,,,,,,,,,,,,
"November 5, 2024",,,,,,,,,,"Monongalia County, West Virginia",,,,,,,,,
PRECINCT 1,,,,,,,,,,,,,,,,,,,
,FOR STATE SENATOR 13TH DISTRICT,,,,,,,,,,,,,,,,,,
,Vote For 1,,,,,,,,,,,,,,,,,,
,,,TOTAL,,VOTE %,,Election Day,,Early Vote,,,Absentee,,Canvass,,Absentee After ED,,Provisional,
REP REBECCA POLIS,,37,,32.46%,,13,,24,,,0,,0,,0,,0,,
DEM JOEY GARCIA,,71,,62.28%,,25,,45,,,0,,0,,0,,1,,
NO CANDIDATE(S) NOMINATED,,0,,0.00%,,0,,0,,,0,,0,,0,,0,,
NO CANDIDATE(S) NOMINATED,,0,,0.00%,,0,,0,,,0,,0,,0,,0,,
Write-In Totals,,1,,0.88%,,1,,0,,,0,,0,,0,,0,,
Total Votes Cast,,109,,95.61%,,39,,69,,,0,,0,,0,,1,,
Overvotes,,0,,0.00%,,0,,0,,,0,,0,,0,,0,,
Undervotes,,5,,4.39%,,0,,5,,,0,,0,,0,,0,,
Contest Totals,,114,,100.00%,,39,,74,,,0,,0,,0,,1,,
,FOR MEMBER OF HOUSE OF DELEGATES 78TH DISTRICT,,,,,,,,,,,,,,,,,,
,Vote For 1,,,,,,,,,,,,,,,,,,
,,,TOTAL,,VOTE %,,Election Day,,Early Vote,,,Absentee,,Canvass,,Absentee After ED,,Provisional,
REP GENO CHIARELLI,,35,,30.70%,,11,,24,,,0,,0,,0,,0,,
DEM DIANE MARKET GASTON,,74,,64.91%,,27,,46,,,0,,0,,0,,1,,
NO CANDIDATE(S) NOMINATED,,0,,0.00%,,0,,0,,,0,,0,,0,,0,,
NO CANDIDATE(S) NOMINATED,,0,,0.00%,,0,,0,,,0,,0,,0,,0,,
Write-In Totals,,0,,0.00%,,0,,0,,,0,,0,,0,,0,,
Total Votes Cast,,109,,95.61%,,38,,70,,,0,,0,,0,,1,,
Overvotes,,0,,0.00%,,0,,0,,,0,,0,,0,,0,,
Undervotes,,5,,4.39%,,1,,4,,,0,,0,,0,,0,,
Contest Totals,,114,,100.00%,,39,,74,,,0,,0,,0,,1,,
,FOR COUNTY COMMISSIONER,,,,,,,,,,,,,,,,,,
,Vote For 1,,,,,,,,,,,,,,,,,,
,,,TOTAL,,VOTE %,,Election Day,,Early Vote,,,Absentee,,Canvass,,Absentee After ED,,Provisional,
REP MARYANN (BABICH) FOLZ,,32,,28.07%,,11,,21,,,0,,0,,0,,0,,
DEM TOM  BLOOM,,77,,67.54%,,28,,48,,,0,,0,,0,,1,,
NO CANDIDATE(S) NOMINATED,,0,,0.00%,,0,,0,,,0,,0,,0,,0,,
NO CANDIDATE(S) NOMINATED,,0,,0.00%,,0,,0,,,0,,0,,0,,0,,
Write-In Totals,,0,,0.00%,,0,,0,,,0,,0,,0,,0,,
Total Votes Cast,,109,,95.61%,,39,,69,,,0,,0,,0,,1,,
Overvotes,,0,,0.00%,,0,,0,,,0,,0,,0,,0,,
Undervotes,,5,,4.39%,,0,,5,,,0,,0,,0,,0,,
Contest Totals,,114,,100.00%,,39,,74,,,0,,0,,0,,1,,
Precinct Summary - 11/12/2024     2:58 PM,,,,,,,,,,4,,,,,,,,, of 258
Report generated with Electionware Copyright © 2007-2019,,,,,,,,,,,,,,,,,,,
Summary Results Report,,,,,,,,,,OFFICIAL RESULTS,,,,,,,,,
General Election,,,,,,,,,,,,,,,,,,,
"November 5, 2024",,,,,,,,,,"Monongalia County, West Virginia",,,,,,,,,
PRECINCT 1,,,,,,,,,,,,,,,,,,,
,FOR PROSECUTING ATTORNEY,,,,,,,,,,,,,,,,,,
,Vote For 1,,,,,,,,,,,,,,,,,,
,,,TOTAL,,VOTE %,,Election Day,,Early Vote,,,Absentee,,Canvass,,Absentee After ED,,Provisional,
NO CANDIDATE(S) NOMINATED,,0,,0.00%,,0,,0,,,0,,0,,0,,0,,
"DEM GABRIELLE ""GABE"" MUCCIOLA",,91,,79.82%,,35,,55,,,0,,0,,0,,1,,
NO CANDIDATE(S) NOMINATED,,0,,0.00%,,0,,0,,,0,,0,,0,,0,,
NO CANDIDATE(S) NOMINATED,,0,,0.00%,,0,,0,,,0,,0,,0,,0,,
Write-In Totals,,3,,2.63%,,0,,3,,,0,,0,,0,,0,,
Total Votes Cast,,94,,82.46%,,35,,58,,,0,,0,,0,,1,,
Overvotes,,0,,0.00%,,0,,0,,,0,,0,,0,,0,,
Undervotes,,20,,17.54%,,4,,16,,,0,,0,,0,,0,,
Contest Totals,,114,,100.00%,,39,,74,,,0,,0,,0,,1,,
,FOR SHERIFF,,,,,,,,,,,,,,,,,,
,Vote For 1,,,,,,,,,,,,,,,,,,
,,,TOTAL,,VOTE %,,Election Day,,Early Vote,,,Absentee,,Canvass,,Absentee After ED,,Provisional,
REP JASON MORGAN,,39,,34.21%,,13,,26,,,0,,0,,0,,0,,
DEM TODD FORBES,,73,,64.04%,,26,,46,,,0,,0,,0,,1,,
NO CANDIDATE(S) NOMINATED,,0,,0.00%,,0,,0,,,0,,0,,0,,0,,
NO CANDIDATE(S) NOMINATED,,0,,0.00%,,0,,0,,,0,,0,,0,,0,,
Write-In Totals,,0,,0.00%,,0,,0,,,0,,0,,0,,0,,
Total Votes Cast,,112,,98.25%,,39,,72,,,0,,0,,0,,1,,
Overvotes,,0,,0.00%,,0,,0,,,0,,0,,0,,0,,
Undervotes,,2,,1.75%,,0,,2,,,0,,0,,0,,0,,
Contest Totals,,114,,100.00%,,39,,74,,,0,,0,,0,,1,,
,FOR ASSESSOR,,,,,,,,,,,,,,,,,,
,Vote For 1,,,,,,,,,,,,,,,,,,
,,,TOTAL,,VOTE %,,Election Day,,Early Vote,,,Absentee,,Canvass,,Absentee After ED,,Provisional,
REP RICH JACOBS,,25,,21.93%,,9,,16,,,0,,0,,0,,0,,
DEM MARK A. MUSICK,,88,,77.19%,,30,,57,,,0,,0,,0,,1,,
NO CANDIDATE(S) NOMINATED,,0,,0.00%,,0,,0,,,0,,0,,0,,0,,
NO CANDIDATE(S) NOMINATED,,0,,0.00%,,0,,0,,,0,,0,,0,,0,,
Write-In Totals,,0,,0.00%,,0,,0,,,0,,0,,0,,0,,
Total Votes Cast,,113,,99.12%,,39,,73,,,0,,0,,0,,1,,
Overvotes,,0,,0.00%,,0,,0,,,0,,0,,0,,0,,
Undervotes,,1,,0.88%,,0,,1,,,0,,0,,0,,0,,
Contest Totals,,114,,100.00%,,39,,74,,,0,,0,,0,,1,,
Precinct Summary - 11/12/2024     2:58 PM,,,,,,,,,,5,,,,,,,,, of 258
Report generated with Electionware Copyright © 2007-2019,,,,,,,,,,,,,,,,,,,
Summary Results Report,,,,,,,,,,OFFICIAL RESULTS,,,,,,,,,
General Election,,,,,,,,,,,,,,,,,,,
"November 5, 2024",,,,,,,,,,"Monongalia County, West Virginia",,,,,,,,,
PRECINCT 1,,,,,,,,,,,,,,,,,,,
,FOR SURVEYOR,,,,,,,,,,,,,,,,,,
,Vote For 1,,,,,,,,,,,,,,,,,,
,,,TOTAL,,VOTE %,,Election Day,,Early Vote,,,Absentee,,Canvass,,Absentee After ED,,Provisional,
REP BOB ANDRIOTTO,,76,,66.67%,,29,,47,,,0,,0,,0,,0,,
NO CANDIDATE(S) NOMINATED,,0,,0.00%,,0,,0,,,0,,0,,0,,0,,
NO CANDIDATE(S) NOMINATED,,0,,0.00%,,0,,0,,,0,,0,,0,,0,,
NO CANDIDATE(S) NOMINATED,,0,,0.00%,,0,,0,,,0,,0,,0,,0,,
Write-In Totals,,4,,3.51%,,2,,2,,,0,,0,,0,,0,,
Total Votes Cast,,80,,70.18%,,31,,49,,,0,,0,,0,,0,,
Overvotes,,0,,0.00%,,0,,0,,,0,,0,,0,,0,,
Undervotes,,34,,29.82%,,8,,25,,,0,,0,,0,,1,,
Contest Totals,,114,,100.00%,,39,,74,,,0,,0,,0,,1,,
,AMENDMENT NO. 1,,,,,,,,,,,,,,,,,,
,Vote For 1,,,,,,,,,,,,,,,,,,
,,,TOTAL,,VOTE %,,Election Day,,Early Vote,,,Absentee,,Canvass,,Absentee After ED,,Provisional,
For,,35,,30.70%,,10,,25,,,0,,0,,0,,0,,
Against,,76,,66.67%,,28,,47,,,0,,0,,0,,1,,
Total Votes Cast,,111,,97.37%,,38,,72,,,0,,0,,0,,1,,
Overvotes,,0,,0.00%,,0,,0,,,0,,0,,0,,0,,
Undervotes,,3,,2.63%,,1,,2,,,0,,0,,0,,0,,
Contest Totals,,114,,100.00%,,39,,74,,,0,,0,,0,,1,,
Precinct Summary - 11/12/2024     2:58 PM,,,,,,,,,,6,,,,,,,,, of 258
Report generated with Electionware Copyright © 2007-2019,,,,,,,,,,,,,,,,,,,
Summary Results Report,,,,,,,,,,OFFICIAL RESULTS,,,,,,,,,
General Election,,,,,,,,,,,,,,,,,,,
"November 5, 2024",,,,,,,,,,"Monongalia County, West Virginia",,,,,,,,,
PRECINCT 2A,,,,,,,,,,,,,,,,,,,
Statistics,,TOTAL,,Election Day,,Early Vote,,Absentee,,,Canvass,,Absentee After ED,,Provisional,,,,
Registered Voters - Total,,"2,858",,,,,,,,,,,,,,,,,
Ballots Cast - Total,,"1,878",,664,,"1,123",,81,,,0,,4,,6,,,,
Ballots Cast - Blank,,0,,0,,0,,0,,,0,,0,,0,,,,
Voter Turnout - Total,,65.71%,,,,,,,,,,,,,,,,,
,FOR PRESIDENT,,,,,,,,,,,,,,,,,,
,Vote For 1,,,,,,,,,,,,,,,,,,
,,,TOTAL,,VOTE %,,Election Day,,Early Vote,,,Absentee,,Canvass,,Absentee After ED,,Provisional,
REP DONALD J. TRUMP,,517,,27.53%,,185,,309,,,19,,0,,1,,3,,
DEM KAMALA D. HARRIS,,"1,287",,68.53%,,433,,788,,,60,,0,,3,,3,,
LBN CHASE OLIVER,,15,,0.80%,,11,,3,,,1,,0,,0,,0,,
MTN JILL STEIN,,18,,0.96%,,10,,8,,,0,,0,,0,,0,,
IND ROBERT F. KENNEDY JR.,,19,,1.01%,,12,,7,,,0,,0,,0,,0,,
Write-In Totals,,11,,0.59%,,8,,3,,,0,,0,,0,,0,,
Total Votes Cast,,"1,867",,99.41%,,659,,"1,118",,,80,,0,,4,,6,,
Overvotes,,0,,0.00%,,0,,0,,,0,,0,,0,,0,,
Undervotes,,11,,0.59%,,5,,5,,,1,,0,,0,,0,,
Contest Totals,,"1,878",,100.00%,,664,,"1,123",,,81,,0,,4,,6,,
,FOR U.S. SENATOR,,,,,,,,,,,,,,,,,,
,Vote For 1,,,,,,,,,,,,,,,,,,
,,,TOTAL,,VOTE %,,Election Day,,Early Vote,,,Absentee,,Canvass,,Absentee After ED,,Provisional,
REP JIM JUSTICE,,542,,28.86%,,206,,311,,,22,,0,,1,,2,,
DEM GLENN ELLIOTT,,"1,234",,65.71%,,412,,758,,,57,,0,,3,,4,,
LBN DAVID MORAN,,63,,3.35%,,31,,31,,,1,,0,,0,,0,,
NO CANDIDATE(S) NOMINATED,,0,,0.00%,,0,,0,,,0,,0,,0,,0,,
Write-In Totals,,2,,0.11%,,0,,2,,,0,,0,,0,,0,,
Total Votes Cast,,"1,841",,98.03%,,649,,"1,102",,,80,,0,,4,,6,,
Overvotes,,0,,0.00%,,0,,0,,,0,,0,,0,,0,,
Undervotes,,37,,1.97%,,15,,21,,,1,,0,,0,,0,,
Contest Totals,,"1,878",,100.00%,,664,,"1,123",,,81,,0,,4,,6,,
,FOR U.S. HOUSE OF REPS 2ND DIST,,,,,,,,,,,,,,,,,,
,Vote For 1,,,,,,,,,,,,,,,,,,
,,,TOTAL,,VOTE %,,Election Day,,Early Vote,,,Absentee,,Canvass,,Absentee After ED,,Provisional,
REP RILEY MOORE,,561,,29.87%,,215,,322,,,20,,0,,1,,3,,
DEM STEVEN WENDELIN,,"1,240",,66.03%,,418,,758,,,59,,0,,3,,2,,
NO CANDIDATE(S) NOMINATED,,0,,0.00%,,0,,0,,,0,,0,,0,,0,,
NO CANDIDATE(S) NOMINATED,,0,,0.00%,,0,,0,,,0,,0,,0,,0,,
Write-In Totals,,1,,0.05%,,0,,1,,,0,,0,,0,,0,,
Total Votes Cast,,"1,802",,95.95%,,633,,"1,081",,,79,,0,,4,,5,,
Overvotes,,0,,0.00%,,0,,0,,,0,,0,,0,,0,,
Undervotes,,76,,4.05%,,31,,42,,,2,,0,,0,,1,,
Contest Totals,,"1,878",,100.00%,,664,,"1,123",,,81,,0,,4,,6,,
Precinct Summary - 11/12/2024     2:58 PM,,,,,,,,,,7,,,,,,,,, of 258
Report generated with Electionware Copyright © 2007-2019,,,,,,,,,,,,,,,,,,,
Summary Results Report,,,,,,,,,,OFFICIAL RESULTS,,,,,,,,,
General Election,,,,,,,,,,,,,,,,,,,
"November 5, 2024",,,,,,,,,,"Monongalia County, West Virginia",,,,,,,,,
PRECINCT 2A,,,,,,,,,,,,,,,,,,,
,FOR GOVERNOR,,,,,,,,,,,,,,,,,,
,Vote For 1,,,,,,,,,,,,,,,,,,
,,,TOTAL,,VOTE %,,Election Day,,Early Vote,,,Absentee,,Canvass,,Absentee After ED,,Provisional,
REP PATRICK MORRISEY,,497,,26.46%,,185,,287,,,20,,0,,1,,4,,
DEM STEVE WILLIAMS,,"1,240",,66.03%,,408,,771,,,56,,0,,3,,2,,
LBN ERIKA KLIE KOLENICH,,58,,3.09%,,32,,25,,,1,,0,,0,,0,,
MTN CHASE LINKO-LOOPER,,29,,1.54%,,8,,19,,,2,,0,,0,,0,,
CST S. MARSHALL WILSON,,13,,0.69%,,10,,3,,,0,,0,,0,,0,,
Write-In Totals,,0,,0.00%,,0,,0,,,0,,0,,0,,0,,
Total Votes Cast,,"1,837",,97.82%,,643,,"1,105",,,79,,0,,4,,6,,
Overvotes,,0,,0.00%,,0,,0,,,0,,0,,0,,0,,
Undervotes,,41,,2.18%,,21,,18,,,2,,0,,0,,0,,
Contest Totals,,"1,878",,100.00%,,664,,"1,123",,,81,,0,,4,,6,,
,FOR SECRETARY OF STATE,,,,,,,,,,,,,,,,,,
,Vote For 1,,,,,,,,,,,,,,,,,,
,,,TOTAL,,VOTE %,,Election Day,,Early Vote,,,Absentee,,Canvass,,Absentee After ED,,Provisional,
REP KRIS WARNER,,547,,29.13%,,211,,311,,,21,,0,,1,,3,,
DEM THORNTON COOPER,,"1,260",,67.09%,,419,,778,,,57,,0,,3,,3,,
NO CANDIDATE(S) NOMINATED,,0,,0.00%,,0,,0,,,0,,0,,0,,0,,
NO CANDIDATE(S) NOMINATED,,0,,0.00%,,0,,0,,,0,,0,,0,,0,,
Write-In Totals,,2,,0.11%,,0,,2,,,0,,0,,0,,0,,
Total Votes Cast,,"1,809",,96.33%,,630,,"1,091",,,78,,0,,4,,6,,
Overvotes,,0,,0.00%,,0,,0,,,0,,0,,0,,0,,
Undervotes,,69,,3.67%,,34,,32,,,3,,0,,0,,0,,
Contest Totals,,"1,878",,100.00%,,664,,"1,123",,,81,,0,,4,,6,,
,FOR AUDITOR,,,,,,,,,,,,,,,,,,
,Vote For 1,,,,,,,,,,,,,,,,,,
,,,TOTAL,,VOTE %,,Election Day,,Early Vote,,,Absentee,,Canvass,,Absentee After ED,,Provisional,
REP MARK HUNT,,521,,27.74%,,195,,305,,,18,,0,,1,,2,,
DEM MARY ANN ROEBUCK CLAYTOR,,"1,276",,67.94%,,431,,779,,,59,,0,,3,,4,,
NO CANDIDATE(S) NOMINATED,,0,,0.00%,,0,,0,,,0,,0,,0,,0,,
NO CANDIDATE(S) NOMINATED,,0,,0.00%,,0,,0,,,0,,0,,0,,0,,
Write-In Totals,,3,,0.16%,,0,,3,,,0,,0,,0,,0,,
Total Votes Cast,,"1,800",,95.85%,,626,,"1,087",,,77,,0,,4,,6,,
Overvotes,,0,,0.00%,,0,,0,,,0,,0,,0,,0,,
Undervotes,,78,,4.15%,,38,,36,,,4,,0,,0,,0,,
Contest Totals,,"1,878",,100.00%,,664,,"1,123",,,81,,0,,4,,6,,
Precinct Summary - 11/12/2024     2:58 PM,,,,,,,,,,8,,,,,,,,, of 258
Report generated with Electionware Copyright © 2007-2019,,,,,,,,,,,,,,,,,,,
Summary Results Report,,,,,,,,,,OFFICIAL RESULTS,,,,,,,,,
General Election,,,,,,,,,,,,,,,,,,,
"November 5, 2024",,,,,,,,,,"Monongalia County, West Virginia",,,,,,,,,
PRECINCT 2A,,,,,,,,,,,,,,,,,,,
,FOR TREASURER,,,,,,,,,,,,,,,,,,
,Vote For 1,,,,,,,,,,,,,,,,,,
,,,TOTAL,,VOTE %,,Election Day,,Early Vote,,,Absentee,,Canvass,,Absentee After ED,,Provisional,
REP LARRY PACK,,999,,53.19%,,402,,546,,,44,,0,,3,,4,,
NO CANDIDATE(S) NOMINATED,,0,,0.00%,,0,,0,,,0,,0,,0,,0,,
NO CANDIDATE(S) NOMINATED,,0,,0.00%,,0,,0,,,0,,0,,0,,0,,
NO CANDIDATE(S) NOMINATED,,0,,0.00%,,0,,0,,,0,,0,,0,,0,,
Write-In Totals,,66,,3.51%,,26,,36,,,4,,0,,0,,0,,
Total Votes Cast,,"1,065",,56.71%,,428,,582,,,48,,0,,3,,4,,
Overvotes,,0,,0.00%,,0,,0,,,0,,0,,0,,0,,
Undervotes,,813,,43.29%,,236,,541,,,33,,0,,1,,2,,
Contest Totals,,"1,878",,100.00%,,664,,"1,123",,,81,,0,,4,,6,,
,FOR COMMISSIONER OF AGRICULTURE,,,,,,,,,,,,,,,,,,
,Vote For 1,,,,,,,,,,,,,,,,,,
,,,TOTAL,,VOTE %,,Election Day,,Early Vote,,,Absentee,,Canvass,,Absentee After ED,,Provisional,
REP KENT LEONHARDT,,635,,33.81%,,241,,368,,,23,,0,,1,,2,,
DEM DEBORAH STILES,,"1,165",,62.03%,,389,,715,,,55,,0,,3,,3,,
NO CANDIDATE(S) NOMINATED,,0,,0.00%,,0,,0,,,0,,0,,0,,0,,
NO CANDIDATE(S) NOMINATED,,0,,0.00%,,0,,0,,,0,,0,,0,,0,,
Write-In Totals,,1,,0.05%,,1,,0,,,0,,0,,0,,0,,
Total Votes Cast,,"1,801",,95.90%,,631,,"1,083",,,78,,0,,4,,5,,
Overvotes,,0,,0.00%,,0,,0,,,0,,0,,0,,0,,
Undervotes,,77,,4.10%,,33,,40,,,3,,0,,0,,1,,
Contest Totals,,"1,878",,100.00%,,664,,"1,123",,,81,,0,,4,,6,,
,FOR ATTORNEY GENERAL,,,,,,,,,,,,,,,,,,
,Vote For 1,,,,,,,,,,,,,,,,,,
,,,TOTAL,,VOTE %,,Election Day,,Early Vote,,,Absentee,,Canvass,,Absentee After ED,,Provisional,
"REP JOHN ""JB"" McCUSKEY",,549,,29.23%,,207,,319,,,19,,0,,1,,3,,
DEM TERESA TORISEVA,,"1,247",,66.40%,,420,,762,,,60,,0,,3,,2,,
NO CANDIDATE(S) NOMINATED,,0,,0.00%,,0,,0,,,0,,0,,0,,0,,
NO CANDIDATE(S) NOMINATED,,0,,0.00%,,0,,0,,,0,,0,,0,,0,,
Write-In Totals,,1,,0.05%,,1,,0,,,0,,0,,0,,0,,
Total Votes Cast,,"1,797",,95.69%,,628,,"1,081",,,79,,0,,4,,5,,
Overvotes,,0,,0.00%,,0,,0,,,0,,0,,0,,0,,
Undervotes,,81,,4.31%,,36,,42,,,2,,0,,0,,1,,
Contest Totals,,"1,878",,100.00%,,664,,"1,123",,,81,,0,,4,,6,,
Precinct Summary - 11/12/2024     2:58 PM,,,,,,,,,,9,,,,,,,,, of 258
Report generated with Electionware Copyright © 2007-2019,,,,,,,,,,,,,,,,,,,
Summary Results Report,,,,,,,,,,OFFICIAL RESULTS,,,,,,,,,
General Election,,,,,,,,,,,,,,,,,,,
"November 5, 2024",,,,,,,,,,"Monongalia County, West Virginia",,,,,,,,,
PRECINCT 2A,,,,,,,,,,,,,,,,,,,
,FOR STATE SENATOR 13TH DISTRICT,,,,,,,,,,,,,,,,,,
,Vote For 1,,,,,,,,,,,,,,,,,,
,,,TOTAL,,VOTE %,,Election Day,,Early Vote,,,Absentee,,Canvass,,Absentee After ED,,Provisional,
REP REBECCA POLIS,,489,,26.04%,,196,,276,,,15,,0,,1,,1,,
DEM JOEY GARCIA,,"1,314",,69.97%,,434,,810,,,63,,0,,3,,4,,
NO CANDIDATE(S) NOMINATED,,0,,0.00%,,0,,0,,,0,,0,,0,,0,,
NO CANDIDATE(S) NOMINATED,,0,,0.00%,,0,,0,,,0,,0,,0,,0,,
Write-In Totals,,1,,0.05%,,0,,1,,,0,,0,,0,,0,,
Total Votes Cast,,"1,804",,96.06%,,630,,"1,087",,,78,,0,,4,,5,,
Overvotes,,0,,0.00%,,0,,0,,,0,,0,,0,,0,,
Undervotes,,74,,3.94%,,34,,36,,,3,,0,,0,,1,,
Contest Totals,,"1,878",,100.00%,,664,,"1,123",,,81,,0,,4,,6,,
,FOR MEMBER OF HOUSE OF DELEGATES 79TH DISTRICT,,,,,,,,,,,,,,,,,,
,Vote For 1,,,,,,,,,,,,,,,,,,
,,,TOTAL,,VOTE %,,Election Day,,Early Vote,,,Absentee,,Canvass,,Absentee After ED,,Provisional,
NO CANDIDATE(S) NOMINATED,,0,,0.00%,,0,,0,,,0,,0,,0,,0,,
DEM EVAN HANSEN,,"1,574",,83.81%,,559,,937,,,70,,0,,3,,5,,
NO CANDIDATE(S) NOMINATED,,0,,0.00%,,0,,0,,,0,,0,,0,,0,,
NO CANDIDATE(S) NOMINATED,,0,,0.00%,,0,,0,,,0,,0,,0,,0,,
Write-In Totals,,22,,1.17%,,11,,11,,,0,,0,,0,,0,,
Total Votes Cast,,"1,596",,84.98%,,570,,948,,,70,,0,,3,,5,,
Overvotes,,0,,0.00%,,0,,0,,,0,,0,,0,,0,,
Undervotes,,282,,15.02%,,94,,175,,,11,,0,,1,,1,,
Contest Totals,,"1,878",,100.00%,,664,,"1,123",,,81,,0,,4,,6,,
,FOR COUNTY COMMISSIONER,,,,,,,,,,,,,,,,,,
,Vote For 1,,,,,,,,,,,,,,,,,,
,,,TOTAL,,VOTE %,,Election Day,,Early Vote,,,Absentee,,Canvass,,Absentee After ED,,Provisional,
REP MARYANN (BABICH) FOLZ,,513,,27.32%,,197,,295,,,18,,0,,0,,3,,
DEM TOM  BLOOM,,"1,265",,67.36%,,427,,773,,,58,,0,,4,,3,,
NO CANDIDATE(S) NOMINATED,,0,,0.00%,,0,,0,,,0,,0,,0,,0,,
NO CANDIDATE(S) NOMINATED,,0,,0.00%,,0,,0,,,0,,0,,0,,0,,
Write-In Totals,,3,,0.16%,,3,,0,,,0,,0,,0,,0,,
Total Votes Cast,,"1,781",,94.83%,,627,,"1,068",,,76,,0,,4,,6,,
Overvotes,,0,,0.00%,,0,,0,,,0,,0,,0,,0,,
Undervotes,,97,,5.17%,,37,,55,,,5,,0,,0,,0,,
Contest Totals,,"1,878",,100.00%,,664,,"1,123",,,81,,0,,4,,6,,
Precinct Summary - 11/12/2024     2:58 PM,,,,,,,,,,10,,,,,,,,, of 258
Report generated with Electionware Copyright © 2007-2019,,,,,,,,,,,,,,,,,,,
Summary Results Report,,,,,,,,,,OFFICIAL RESULTS,,,,,,,,,
General Election,,,,,,,,,,,,,,,,,,,
"November 5, 2024",,,,,,,,,,"Monongalia County, West Virginia",,,,,,,,,
PRECINCT 2A,,,,,,,,,,,,,,,,,,,
,FOR PROSECUTING ATTORNEY,,,,,,,,,,,,,,,,,,
,Vote For 1,,,,,,,,,,,,,,,,,,
,,,TOTAL,,VOTE %,,Election Day,,Early Vote,,,Absentee,,Canvass,,Absentee After ED,,Provisional,
NO CANDIDATE(S) NOMINATED,,0,,0.00%,,0,,0,,,0,,0,,0,,0,,
"DEM GABRIELLE ""GABE"" MUCCIOLA",,"1,534",,81.68%,,544,,912,,,70,,0,,4,,4,,
NO CANDIDATE(S) NOMINATED,,0,,0.00%,,0,,0,,,0,,0,,0,,0,,
NO CANDIDATE(S) NOMINATED,,0,,0.00%,,0,,0,,,0,,0,,0,,0,,
Write-In Totals,,28,,1.49%,,13,,15,,,0,,0,,0,,0,,
Total Votes Cast,,"1,562",,83.17%,,557,,927,,,70,,0,,4,,4,,
Overvotes,,0,,0.00%,,0,,0,,,0,,0,,0,,0,,
Undervotes,,316,,16.83%,,107,,196,,,11,,0,,0,,2,,
Contest Totals,,"1,878",,100.00%,,664,,"1,123",,,81,,0,,4,,6,,
,FOR SHERIFF,,,,,,,,,,,,,,,,,,
,Vote For 1,,,,,,,,,,,,,,,,,,
,,,TOTAL,,VOTE %,,Election Day,,Early Vote,,,Absentee,,Canvass,,Absentee After ED,,Provisional,
REP JASON MORGAN,,504,,26.84%,,205,,276,,,20,,0,,1,,2,,
DEM TODD FORBES,,"1,292",,68.80%,,427,,798,,,60,,0,,3,,4,,
NO CANDIDATE(S) NOMINATED,,0,,0.00%,,0,,0,,,0,,0,,0,,0,,
NO CANDIDATE(S) NOMINATED,,0,,0.00%,,0,,0,,,0,,0,,0,,0,,
Write-In Totals,,1,,0.05%,,1,,0,,,0,,0,,0,,0,,
Total Votes Cast,,"1,797",,95.69%,,633,,"1,074",,,80,,0,,4,,6,,
Overvotes,,0,,0.00%,,0,,0,,,0,,0,,0,,0,,
Undervotes,,81,,4.31%,,31,,49,,,1,,0,,0,,0,,
Contest Totals,,"1,878",,100.00%,,664,,"1,123",,,81,,0,,4,,6,,
,FOR ASSESSOR,,,,,,,,,,,,,,,,,,
,Vote For 1,,,,,,,,,,,,,,,,,,
,,,TOTAL,,VOTE %,,Election Day,,Early Vote,,,Absentee,,Canvass,,Absentee After ED,,Provisional,
REP RICH JACOBS,,384,,20.45%,,141,,228,,,11,,0,,1,,3,,
DEM MARK A. MUSICK,,"1,433",,76.30%,,493,,867,,,67,,0,,3,,3,,
NO CANDIDATE(S) NOMINATED,,0,,0.00%,,0,,0,,,0,,0,,0,,0,,
NO CANDIDATE(S) NOMINATED,,0,,0.00%,,0,,0,,,0,,0,,0,,0,,
Write-In Totals,,0,,0.00%,,0,,0,,,0,,0,,0,,0,,
Total Votes Cast,,"1,817",,96.75%,,634,,"1,095",,,78,,0,,4,,6,,
Overvotes,,0,,0.00%,,0,,0,,,0,,0,,0,,0,,
Undervotes,,61,,3.25%,,30,,28,,,3,,0,,0,,0,,
Contest Totals,,"1,878",,100.00%,,664,,"1,123",,,81,,0,,4,,6,,
Precinct Summary - 11/12/2024     2:58 PM,,,,,,,,,,11,,,,,,,,, of 258
Report generated with Electionware Copyright © 2007-2019,,,,,,,,,,,,,,,,,,,
Summary Results Report,,,,,,,,,,OFFICIAL RESULTS,,,,,,,,,
General Election,,,,,,,,,,,,,,,,,,,
"November 5, 2024",,,,,,,,,,"Monongalia County, West Virginia",,,,,,,,,
PRECINCT 2A,,,,,,,,,,,,,,,,,,,
,FOR SURVEYOR,,,,,,,,,,,,,,,,,,
,Vote For 1,,,,,,,,,,,,,,,,,,
,,,TOTAL,,VOTE %,,Election Day,,Early Vote,,,Absentee,,Canvass,,Absentee After ED,,Provisional,
REP BOB ANDRIOTTO,,"1,055",,56.18%,,408,,593,,,46,,0,,3,,5,,
NO CANDIDATE(S) NOMINATED,,0,,0.00%,,0,,0,,,0,,0,,0,,0,,
NO CANDIDATE(S) NOMINATED,,0,,0.00%,,0,,0,,,0,,0,,0,,0,,
NO CANDIDATE(S) NOMINATED,,0,,0.00%,,0,,0,,,0,,0,,0,,0,,
Write-In Totals,,45,,2.40%,,21,,22,,,2,,0,,0,,0,,
Total Votes Cast,,"1,100",,58.57%,,429,,615,,,48,,0,,3,,5,,
Overvotes,,0,,0.00%,,0,,0,,,0,,0,,0,,0,,
Undervotes,,778,,41.43%,,235,,508,,,33,,0,,1,,1,,
Contest Totals,,"1,878",,100.00%,,664,,"1,123",,,81,,0,,4,,6,,
,AMENDMENT NO. 1,,,,,,,,,,,,,,,,,,
,Vote For 1,,,,,,,,,,,,,,,,,,
,,,TOTAL,,VOTE %,,Election Day,,Early Vote,,,Absentee,,Canvass,,Absentee After ED,,Provisional,
For,,447,,23.80%,,174,,251,,,21,,0,,1,,0,,
Against,,"1,273",,67.78%,,427,,783,,,57,,0,,3,,3,,
Total Votes Cast,,"1,720",,91.59%,,601,,"1,034",,,78,,0,,4,,3,,
Overvotes,,0,,0.00%,,0,,0,,,0,,0,,0,,0,,
Undervotes,,158,,8.41%,,63,,89,,,3,,0,,0,,3,,
Contest Totals,,"1,878",,100.00%,,664,,"1,123",,,81,,0,,4,,6,,
Precinct Summary - 11/12/2024     2:58 PM,,,,,,,,,,12,,,,,,,,, of 258
Report generated with Electionware Copyright © 2007-2019,,,,,,,,,,,,,,,,,,,
Summary Results Report,,,,,,,,,,OFFICIAL RESULTS,,,,,,,,,
General Election,,,,,,,,,,,,,,,,,,,
"November 5, 2024",,,,,,,,,,"Monongalia County, West Virginia",,,,,,,,,
PRECINCT 2B,,,,,,,,,,,,,,,,,,,
Statistics,,TOTAL,,Election Day,,Early Vote,,Absentee,,,Canvass,,Absentee After ED,,Provisional,,,,
Registered Voters - Total,,"2,337",,,,,,,,,,,,,,,,,
Ballots Cast - Total,,"1,530",,553,,930,,39,,,0,,6,,2,,,,
Ballots Cast - Blank,,0,,0,,0,,0,,,0,,0,,0,,,,
Voter Turnout - Total,,65.47%,,,,,,,,,,,,,,,,,
,FOR PRESIDENT,,,,,,,,,,,,,,,,,,
,Vote For 1,,,,,,,,,,,,,,,,,,
,,,TOTAL,,VOTE %,,Election Day,,Early Vote,,,Absentee,,Canvass,,Absentee After ED,,Provisional,
REP DONALD J. TRUMP,,390,,25.49%,,138,,238,,,10,,0,,3,,1,,
DEM KAMALA D. HARRIS,,"1,063",,69.48%,,378,,656,,,27,,0,,1,,1,,
LBN CHASE OLIVER,,9,,0.59%,,6,,3,,,0,,0,,0,,0,,
MTN JILL STEIN,,22,,1.44%,,10,,11,,,0,,0,,1,,0,,
IND ROBERT F. KENNEDY JR.,,18,,1.18%,,7,,10,,,1,,0,,0,,0,,
Write-In Totals,,16,,1.05%,,8,,8,,,0,,0,,0,,0,,
Total Votes Cast,,"1,518",,99.22%,,547,,926,,,38,,0,,5,,2,,
Overvotes,,0,,0.00%,,0,,0,,,0,,0,,0,,0,,
Undervotes,,12,,0.78%,,6,,4,,,1,,0,,1,,0,,
Contest Totals,,"1,530",,100.00%,,553,,930,,,39,,0,,6,,2,,
,FOR U.S. SENATOR,,,,,,,,,,,,,,,,,,
,Vote For 1,,,,,,,,,,,,,,,,,,
,,,TOTAL,,VOTE %,,Election Day,,Early Vote,,,Absentee,,Canvass,,Absentee After ED,,Provisional,
REP JIM JUSTICE,,406,,26.54%,,146,,241,,,14,,0,,4,,1,,
DEM GLENN ELLIOTT,,"1,039",,67.91%,,368,,644,,,25,,0,,2,,0,,
LBN DAVID MORAN,,55,,3.59%,,25,,30,,,0,,0,,0,,0,,
NO CANDIDATE(S) NOMINATED,,0,,0.00%,,0,,0,,,0,,0,,0,,0,,
Write-In Totals,,2,,0.13%,,1,,1,,,0,,0,,0,,0,,
Total Votes Cast,,"1,502",,98.17%,,540,,916,,,39,,0,,6,,1,,
Overvotes,,0,,0.00%,,0,,0,,,0,,0,,0,,0,,
Undervotes,,28,,1.83%,,13,,14,,,0,,0,,0,,1,,
Contest Totals,,"1,530",,100.00%,,553,,930,,,39,,0,,6,,2,,
,FOR U.S. HOUSE OF REPS 2ND DIST,,,,,,,,,,,,,,,,,,
,Vote For 1,,,,,,,,,,,,,,,,,,
,,,TOTAL,,VOTE %,,Election Day,,Early Vote,,,Absentee,,Canvass,,Absentee After ED,,Provisional,
REP RILEY MOORE,,432,,28.24%,,145,,269,,,15,,0,,3,,0,,
DEM STEVEN WENDELIN,,"1,038",,67.84%,,375,,637,,,22,,0,,3,,1,,
NO CANDIDATE(S) NOMINATED,,0,,0.00%,,0,,0,,,0,,0,,0,,0,,
NO CANDIDATE(S) NOMINATED,,0,,0.00%,,0,,0,,,0,,0,,0,,0,,
Write-In Totals,,1,,0.07%,,1,,0,,,0,,0,,0,,0,,
Total Votes Cast,,"1,471",,96.14%,,521,,906,,,37,,0,,6,,1,,
Overvotes,,0,,0.00%,,0,,0,,,0,,0,,0,,0,,
Undervotes,,59,,3.86%,,32,,24,,,2,,0,,0,,1,,
Contest Totals,,"1,530",,100.00%,,553,,930,,,39,,0,,6,,2,,
Precinct Summary - 11/12/2024     2:58 PM,,,,,,,,,,13,,,,,,,,, of 258
Report generated with Electionware Copyright © 2007-2019,,,,,,,,,,,,,,,,,,,
Summary Results Report,,,,,,,,,,OFFICIAL RESULTS,,,,,,,,,
General Election,,,,,,,,,,,,,,,,,,,
"November 5, 2024",,,,,,,,,,"Monongalia County, West Virginia",,,,,,,,,
PRECINCT 2B,,,,,,,,,,,,,,,,,,,
,FOR GOVERNOR,,,,,,,,,,,,,,,,,,
,Vote For 1,,,,,,,,,,,,,,,,,,
,,,TOTAL,,VOTE %,,Election Day,,Early Vote,,,Absentee,,Canvass,,Absentee After ED,,Provisional,
REP PATRICK MORRISEY,,370,,24.18%,,127,,225,,,14,,0,,4,,0,,
DEM STEVE WILLIAMS,,"1,045",,68.30%,,369,,650,,,23,,0,,2,,1,,
LBN ERIKA KLIE KOLENICH,,49,,3.20%,,21,,26,,,2,,0,,0,,0,,
MTN CHASE LINKO-LOOPER,,24,,1.57%,,12,,12,,,0,,0,,0,,0,,
CST S. MARSHALL WILSON,,6,,0.39%,,3,,3,,,0,,0,,0,,0,,
Write-In Totals,,1,,0.07%,,1,,0,,,0,,0,,0,,0,,
Total Votes Cast,,"1,495",,97.71%,,533,,916,,,39,,0,,6,,1,,
Overvotes,,0,,0.00%,,0,,0,,,0,,0,,0,,0,,
Undervotes,,35,,2.29%,,20,,14,,,0,,0,,0,,1,,
Contest Totals,,"1,530",,100.00%,,553,,930,,,39,,0,,6,,2,,
,FOR SECRETARY OF STATE,,,,,,,,,,,,,,,,,,
,Vote For 1,,,,,,,,,,,,,,,,,,
,,,TOTAL,,VOTE %,,Election Day,,Early Vote,,,Absentee,,Canvass,,Absentee After ED,,Provisional,
REP KRIS WARNER,,437,,28.56%,,145,,274,,,14,,0,,4,,0,,
DEM THORNTON COOPER,,"1,044",,68.24%,,381,,636,,,24,,0,,2,,1,,
NO CANDIDATE(S) NOMINATED,,0,,0.00%,,0,,0,,,0,,0,,0,,0,,
NO CANDIDATE(S) NOMINATED,,0,,0.00%,,0,,0,,,0,,0,,0,,0,,
Write-In Totals,,1,,0.07%,,0,,1,,,0,,0,,0,,0,,
Total Votes Cast,,"1,482",,96.86%,,526,,911,,,38,,0,,6,,1,,
Overvotes,,0,,0.00%,,0,,0,,,0,,0,,0,,0,,
Undervotes,,48,,3.14%,,27,,19,,,1,,0,,0,,1,,
Contest Totals,,"1,530",,100.00%,,553,,930,,,39,,0,,6,,2,,
,FOR AUDITOR,,,,,,,,,,,,,,,,,,
,Vote For 1,,,,,,,,,,,,,,,,,,
,,,TOTAL,,VOTE %,,Election Day,,Early Vote,,,Absentee,,Canvass,,Absentee After ED,,Provisional,
REP MARK HUNT,,402,,26.27%,,136,,252,,,10,,0,,3,,1,,
DEM MARY ANN ROEBUCK CLAYTOR,,"1,058",,69.15%,,383,,644,,,28,,0,,3,,0,,
NO CANDIDATE(S) NOMINATED,,0,,0.00%,,0,,0,,,0,,0,,0,,0,,
NO CANDIDATE(S) NOMINATED,,0,,0.00%,,0,,0,,,0,,0,,0,,0,,
Write-In Totals,,0,,0.00%,,0,,0,,,0,,0,,0,,0,,
Total Votes Cast,,"1,460",,95.42%,,519,,896,,,38,,0,,6,,1,,
Overvotes,,0,,0.00%,,0,,0,,,0,,0,,0,,0,,
Undervotes,,70,,4.58%,,34,,34,,,1,,0,,0,,1,,
Contest Totals,,"1,530",,100.00%,,553,,930,,,39,,0,,6,,2,,
Precinct Summary - 11/12/2024     2:58 PM,,,,,,,,,,14,,,,,,,,, of 258
Report generated with Electionware Copyright © 2007-2019,,,,,,,,,,,,,,,,,,,
Summary Results Report,,,,,,,,,,OFFICIAL RESULTS,,,,,,,,,
General Election,,,,,,,,,,,,,,,,,,,
"November 5, 2024",,,,,,,,,,"Monongalia County, West Virginia",,,,,,,,,
PRECINCT 2B,,,,,,,,,,,,,,,,,,,
,FOR TREASURER,,,,,,,,,,,,,,,,,,
,Vote For 1,,,,,,,,,,,,,,,,,,
,,,TOTAL,,VOTE %,,Election Day,,Early Vote,,,Absentee,,Canvass,,Absentee After ED,,Provisional,
REP LARRY PACK,,831,,54.31%,,317,,481,,,27,,0,,5,,1,,
NO CANDIDATE(S) NOMINATED,,0,,0.00%,,0,,0,,,0,,0,,0,,0,,
NO CANDIDATE(S) NOMINATED,,0,,0.00%,,0,,0,,,0,,0,,0,,0,,
NO CANDIDATE(S) NOMINATED,,0,,0.00%,,0,,0,,,0,,0,,0,,0,,
Write-In Totals,,69,,4.51%,,28,,39,,,2,,0,,0,,0,,
Total Votes Cast,,900,,58.82%,,345,,520,,,29,,0,,5,,1,,
Overvotes,,0,,0.00%,,0,,0,,,0,,0,,0,,0,,
Undervotes,,630,,41.18%,,208,,410,,,10,,0,,1,,1,,
Contest Totals,,"1,530",,100.00%,,553,,930,,,39,,0,,6,,2,,
,FOR COMMISSIONER OF AGRICULTURE,,,,,,,,,,,,,,,,,,
,Vote For 1,,,,,,,,,,,,,,,,,,
,,,TOTAL,,VOTE %,,Election Day,,Early Vote,,,Absentee,,Canvass,,Absentee After ED,,Provisional,
REP KENT LEONHARDT,,472,,30.85%,,156,,298,,,15,,0,,3,,0,,
DEM DEBORAH STILES,,993,,64.90%,,366,,600,,,23,,0,,3,,1,,
NO CANDIDATE(S) NOMINATED,,0,,0.00%,,0,,0,,,0,,0,,0,,0,,
NO CANDIDATE(S) NOMINATED,,0,,0.00%,,0,,0,,,0,,0,,0,,0,,
Write-In Totals,,0,,0.00%,,0,,0,,,0,,0,,0,,0,,
Total Votes Cast,,"1,465",,95.75%,,522,,898,,,38,,0,,6,,1,,
Overvotes,,0,,0.00%,,0,,0,,,0,,0,,0,,0,,
Undervotes,,65,,4.25%,,31,,32,,,1,,0,,0,,1,,
Contest Totals,,"1,530",,100.00%,,553,,930,,,39,,0,,6,,2,,
,FOR ATTORNEY GENERAL,,,,,,,,,,,,,,,,,,
,Vote For 1,,,,,,,,,,,,,,,,,,
,,,TOTAL,,VOTE %,,Election Day,,Early Vote,,,Absentee,,Canvass,,Absentee After ED,,Provisional,
"REP JOHN ""JB"" McCUSKEY",,439,,28.69%,,150,,269,,,15,,0,,4,,1,,
DEM TERESA TORISEVA,,"1,029",,67.25%,,372,,633,,,22,,0,,2,,0,,
NO CANDIDATE(S) NOMINATED,,0,,0.00%,,0,,0,,,0,,0,,0,,0,,
NO CANDIDATE(S) NOMINATED,,0,,0.00%,,0,,0,,,0,,0,,0,,0,,
Write-In Totals,,1,,0.07%,,0,,1,,,0,,0,,0,,0,,
Total Votes Cast,,"1,469",,96.01%,,522,,903,,,37,,0,,6,,1,,
Overvotes,,0,,0.00%,,0,,0,,,0,,0,,0,,0,,
Undervotes,,61,,3.99%,,31,,27,,,2,,0,,0,,1,,
Contest Totals,,"1,530",,100.00%,,553,,930,,,39,,0,,6,,2,,
Precinct Summary - 11/12/2024     2:58 PM,,,,,,,,,,15,,,,,,,,, of 258
Report generated with Electionware Copyright © 2007-2019,,,,,,,,,,,,,,,,,,,
Summary Results Report,,,,,,,,,,OFFICIAL RESULTS,,,,,,,,,
General Election,,,,,,,,,,,,,,,,,,,
"November 5, 2024",,,,,,,,,,"Monongalia County, West Virginia",,,,,,,,,
PRECINCT 2B,,,,,,,,,,,,,,,,,,,
,FOR STATE SENATOR 13TH DISTRICT,,,,,,,,,,,,,,,,,,
,Vote For 1,,,,,,,,,,,,,,,,,,
,,,TOTAL,,VOTE %,,Election Day,,Early Vote,,,Absentee,,Canvass,,Absentee After ED,,Provisional,
REP REBECCA POLIS,,367,,23.99%,,124,,228,,,11,,0,,4,,0,,
DEM JOEY GARCIA,,"1,102",,72.03%,,400,,672,,,28,,0,,1,,1,,
NO CANDIDATE(S) NOMINATED,,0,,0.00%,,0,,0,,,0,,0,,0,,0,,
NO CANDIDATE(S) NOMINATED,,0,,0.00%,,0,,0,,,0,,0,,0,,0,,
Write-In Totals,,0,,0.00%,,0,,0,,,0,,0,,0,,0,,
Total Votes Cast,,"1,469",,96.01%,,524,,900,,,39,,0,,5,,1,,
Overvotes,,0,,0.00%,,0,,0,,,0,,0,,0,,0,,
Undervotes,,61,,3.99%,,29,,30,,,0,,0,,1,,1,,
Contest Totals,,"1,530",,100.00%,,553,,930,,,39,,0,,6,,2,,
,FOR MEMBER OF HOUSE OF DELEGATES 79TH DISTRICT,,,,,,,,,,,,,,,,,,
,Vote For 1,,,,,,,,,,,,,,,,,,
,,,TOTAL,,VOTE %,,Election Day,,Early Vote,,,Absentee,,Canvass,,Absentee After ED,,Provisional,
NO CANDIDATE(S) NOMINATED,,0,,0.00%,,0,,0,,,0,,0,,0,,0,,
DEM EVAN HANSEN,,"1,290",,84.31%,,460,,790,,,34,,0,,5,,1,,
NO CANDIDATE(S) NOMINATED,,0,,0.00%,,0,,0,,,0,,0,,0,,0,,
NO CANDIDATE(S) NOMINATED,,0,,0.00%,,0,,0,,,0,,0,,0,,0,,
Write-In Totals,,15,,0.98%,,9,,6,,,0,,0,,0,,0,,
Total Votes Cast,,"1,305",,85.29%,,469,,796,,,34,,0,,5,,1,,
Overvotes,,0,,0.00%,,0,,0,,,0,,0,,0,,0,,
Undervotes,,225,,14.71%,,84,,134,,,5,,0,,1,,1,,
Contest Totals,,"1,530",,100.00%,,553,,930,,,39,,0,,6,,2,,
,FOR COUNTY COMMISSIONER,,,,,,,,,,,,,,,,,,
,Vote For 1,,,,,,,,,,,,,,,,,,
,,,TOTAL,,VOTE %,,Election Day,,Early Vote,,,Absentee,,Canvass,,Absentee After ED,,Provisional,
REP MARYANN (BABICH) FOLZ,,367,,23.99%,,126,,228,,,10,,0,,3,,0,,
DEM TOM  BLOOM,,"1,092",,71.37%,,390,,670,,,28,,0,,3,,1,,
NO CANDIDATE(S) NOMINATED,,0,,0.00%,,0,,0,,,0,,0,,0,,0,,
NO CANDIDATE(S) NOMINATED,,0,,0.00%,,0,,0,,,0,,0,,0,,0,,
Write-In Totals,,3,,0.20%,,2,,1,,,0,,0,,0,,0,,
Total Votes Cast,,"1,462",,95.56%,,518,,899,,,38,,0,,6,,1,,
Overvotes,,0,,0.00%,,0,,0,,,0,,0,,0,,0,,
Undervotes,,68,,4.44%,,35,,31,,,1,,0,,0,,1,,
Contest Totals,,"1,530",,100.00%,,553,,930,,,39,,0,,6,,2,,
Precinct Summary - 11/12/2024     2:58 PM,,,,,,,,,,16,,,,,,,,, of 258
Report generated with Electionware Copyright © 2007-2019,,,,,,,,,,,,,,,,,,,
Summary Results Report,,,,,,,,,,OFFICIAL RESULTS,,,,,,,,,
General Election,,,,,,,,,,,,,,,,,,,
"November 5, 2024",,,,,,,,,,"Monongalia County, West Virginia",,,,,,,,,
PRECINCT 2B,,,,,,,,,,,,,,,,,,,
,FOR PROSECUTING ATTORNEY,,,,,,,,,,,,,,,,,,
,Vote For 1,,,,,,,,,,,,,,,,,,
,,,TOTAL,,VOTE %,,Election Day,,Early Vote,,,Absentee,,Canvass,,Absentee After ED,,Provisional,
NO CANDIDATE(S) NOMINATED,,0,,0.00%,,0,,0,,,0,,0,,0,,0,,
"DEM GABRIELLE ""GABE"" MUCCIOLA",,"1,266",,82.75%,,453,,776,,,31,,0,,5,,1,,
NO CANDIDATE(S) NOMINATED,,0,,0.00%,,0,,0,,,0,,0,,0,,0,,
NO CANDIDATE(S) NOMINATED,,0,,0.00%,,0,,0,,,0,,0,,0,,0,,
Write-In Totals,,12,,0.78%,,6,,5,,,1,,0,,0,,0,,
Total Votes Cast,,"1,278",,83.53%,,459,,781,,,32,,0,,5,,1,,
Overvotes,,0,,0.00%,,0,,0,,,0,,0,,0,,0,,
Undervotes,,252,,16.47%,,94,,149,,,7,,0,,1,,1,,
Contest Totals,,"1,530",,100.00%,,553,,930,,,39,,0,,6,,2,,
,FOR SHERIFF,,,,,,,,,,,,,,,,,,
,Vote For 1,,,,,,,,,,,,,,,,,,
,,,TOTAL,,VOTE %,,Election Day,,Early Vote,,,Absentee,,Canvass,,Absentee After ED,,Provisional,
REP JASON MORGAN,,374,,24.44%,,152,,204,,,14,,0,,4,,0,,
DEM TODD FORBES,,"1,091",,71.31%,,373,,692,,,23,,0,,2,,1,,
NO CANDIDATE(S) NOMINATED,,0,,0.00%,,0,,0,,,0,,0,,0,,0,,
NO CANDIDATE(S) NOMINATED,,0,,0.00%,,0,,0,,,0,,0,,0,,0,,
Write-In Totals,,1,,0.07%,,0,,1,,,0,,0,,0,,0,,
Total Votes Cast,,"1,466",,95.82%,,525,,897,,,37,,0,,6,,1,,
Overvotes,,0,,0.00%,,0,,0,,,0,,0,,0,,0,,
Undervotes,,64,,4.18%,,28,,33,,,2,,0,,0,,1,,
Contest Totals,,"1,530",,100.00%,,553,,930,,,39,,0,,6,,2,,
,FOR ASSESSOR,,,,,,,,,,,,,,,,,,
,Vote For 1,,,,,,,,,,,,,,,,,,
,,,TOTAL,,VOTE %,,Election Day,,Early Vote,,,Absentee,,Canvass,,Absentee After ED,,Provisional,
REP RICH JACOBS,,274,,17.91%,,102,,163,,,6,,0,,3,,0,,
DEM MARK A. MUSICK,,"1,196",,78.17%,,419,,744,,,31,,0,,1,,1,,
NO CANDIDATE(S) NOMINATED,,0,,0.00%,,0,,0,,,0,,0,,0,,0,,
NO CANDIDATE(S) NOMINATED,,0,,0.00%,,0,,0,,,0,,0,,0,,0,,
Write-In Totals,,0,,0.00%,,0,,0,,,0,,0,,0,,0,,
Total Votes Cast,,"1,470",,96.08%,,521,,907,,,37,,0,,4,,1,,
Overvotes,,0,,0.00%,,0,,0,,,0,,0,,0,,0,,
Undervotes,,60,,3.92%,,32,,23,,,2,,0,,2,,1,,
Contest Totals,,"1,530",,100.00%,,553,,930,,,39,,0,,6,,2,,
Precinct Summary - 11/12/2024     2:58 PM,,,,,,,,,,17,,,,,,,,, of 258
Report generated with Electionware Copyright © 2007-2019,,,,,,,,,,,,,,,,,,,
Summary Results Report,,,,,,,,,,OFFICIAL RESULTS,,,,,,,,,
General Election,,,,,,,,,,,,,,,,,,,
"November 5, 2024",,,,,,,,,,"Monongalia County, West Virginia",,,,,,,,,
PRECINCT 2B,,,,,,,,,,,,,,,,,,,
,FOR SURVEYOR,,,,,,,,,,,,,,,,,,
,Vote For 1,,,,,,,,,,,,,,,,,,
,,,TOTAL,,VOTE %,,Election Day,,Early Vote,,,Absentee,,Canvass,,Absentee After ED,,Provisional,
REP BOB ANDRIOTTO,,861,,56.27%,,324,,502,,,29,,0,,5,,1,,
NO CANDIDATE(S) NOMINATED,,0,,0.00%,,0,,0,,,0,,0,,0,,0,,
NO CANDIDATE(S) NOMINATED,,0,,0.00%,,0,,0,,,0,,0,,0,,0,,
NO CANDIDATE(S) NOMINATED,,0,,0.00%,,0,,0,,,0,,0,,0,,0,,
Write-In Totals,,56,,3.66%,,23,,33,,,0,,0,,0,,0,,
Total Votes Cast,,917,,59.93%,,347,,535,,,29,,0,,5,,1,,
Overvotes,,0,,0.00%,,0,,0,,,0,,0,,0,,0,,
Undervotes,,613,,40.07%,,206,,395,,,10,,0,,1,,1,,
Contest Totals,,"1,530",,100.00%,,553,,930,,,39,,0,,6,,2,,
,AMENDMENT NO. 1,,,,,,,,,,,,,,,,,,
,Vote For 1,,,,,,,,,,,,,,,,,,
,,,TOTAL,,VOTE %,,Election Day,,Early Vote,,,Absentee,,Canvass,,Absentee After ED,,Provisional,
For,,340,,22.22%,,122,,205,,,8,,0,,4,,1,,
Against,,"1,077",,70.39%,,379,,667,,,28,,0,,2,,1,,
Total Votes Cast,,"1,417",,92.61%,,501,,872,,,36,,0,,6,,2,,
Overvotes,,0,,0.00%,,0,,0,,,0,,0,,0,,0,,
Undervotes,,113,,7.39%,,52,,58,,,3,,0,,0,,0,,
Contest Totals,,"1,530",,100.00%,,553,,930,,,39,,0,,6,,2,,
Precinct Summary - 11/12/2024     2:58 PM,,,,,,,,,,18,,,,,,,,, of 258
Report generated with Electionware Copyright © 2007-2019,,,,,,,,,,,,,,,,,,,
Summary Results Report,,,,,,,,,,OFFICIAL RESULTS,,,,,,,,,
General Election,,,,,,,,,,,,,,,,,,,
"November 5, 2024",,,,,,,,,,"Monongalia County, West Virginia",,,,,,,,,
PRECINCT 10,,,,,,,,,,,,,,,,,,,
Statistics,,TOTAL,,Election Day,,Early Vote,,Absentee,,,Canvass,,Absentee After ED,,Provisional,,,,
Registered Voters - Total,,"2,502",,,,,,,,,,,,,,,,,
Ballots Cast - Total,,999,,448,,509,,38,,,0,,3,,1,,,,
Ballots Cast - Blank,,0,,0,,0,,0,,,0,,0,,0,,,,
Voter Turnout - Total,,39.93%,,,,,,,,,,,,,,,,,
,FOR PRESIDENT,,,,,,,,,,,,,,,,,,
,Vote For 1,,,,,,,,,,,,,,,,,,
,,,TOTAL,,VOTE %,,Election Day,,Early Vote,,,Absentee,,Canvass,,Absentee After ED,,Provisional,
REP DONALD J. TRUMP,,296,,29.63%,,139,,149,,,7,,0,,1,,0,,
DEM KAMALA D. HARRIS,,662,,66.27%,,283,,347,,,29,,0,,2,,1,,
LBN CHASE OLIVER,,7,,0.70%,,5,,2,,,0,,0,,0,,0,,
MTN JILL STEIN,,9,,0.90%,,4,,5,,,0,,0,,0,,0,,
IND ROBERT F. KENNEDY JR.,,14,,1.40%,,8,,5,,,1,,0,,0,,0,,
Write-In Totals,,8,,0.80%,,7,,0,,,1,,0,,0,,0,,
Total Votes Cast,,996,,99.70%,,446,,508,,,38,,0,,3,,1,,
Overvotes,,0,,0.00%,,0,,0,,,0,,0,,0,,0,,
Undervotes,,3,,0.30%,,2,,1,,,0,,0,,0,,0,,
Contest Totals,,999,,100.00%,,448,,509,,,38,,0,,3,,1,,
,FOR U.S. SENATOR,,,,,,,,,,,,,,,,,,
,Vote For 1,,,,,,,,,,,,,,,,,,
,,,TOTAL,,VOTE %,,Election Day,,Early Vote,,,Absentee,,Canvass,,Absentee After ED,,Provisional,
REP JIM JUSTICE,,304,,30.43%,,141,,154,,,9,,0,,0,,0,,
DEM GLENN ELLIOTT,,628,,62.86%,,274,,324,,,27,,0,,2,,1,,
LBN DAVID MORAN,,37,,3.70%,,19,,16,,,1,,0,,1,,0,,
NO CANDIDATE(S) NOMINATED,,0,,0.00%,,0,,0,,,0,,0,,0,,0,,
Write-In Totals,,3,,0.30%,,2,,1,,,0,,0,,0,,0,,
Total Votes Cast,,972,,97.30%,,436,,495,,,37,,0,,3,,1,,
Overvotes,,0,,0.00%,,0,,0,,,0,,0,,0,,0,,
Undervotes,,27,,2.70%,,12,,14,,,1,,0,,0,,0,,
Contest Totals,,999,,100.00%,,448,,509,,,38,,0,,3,,1,,
,FOR U.S. HOUSE OF REPS 2ND DIST,,,,,,,,,,,,,,,,,,
,Vote For 1,,,,,,,,,,,,,,,,,,
,,,TOTAL,,VOTE %,,Election Day,,Early Vote,,,Absentee,,Canvass,,Absentee After ED,,Provisional,
REP RILEY MOORE,,324,,32.43%,,158,,156,,,9,,0,,1,,0,,
DEM STEVEN WENDELIN,,616,,61.66%,,267,,319,,,27,,0,,2,,1,,
NO CANDIDATE(S) NOMINATED,,0,,0.00%,,0,,0,,,0,,0,,0,,0,,
NO CANDIDATE(S) NOMINATED,,0,,0.00%,,0,,0,,,0,,0,,0,,0,,
Write-In Totals,,0,,0.00%,,0,,0,,,0,,0,,0,,0,,
Total Votes Cast,,940,,94.09%,,425,,475,,,36,,0,,3,,1,,
Overvotes,,0,,0.00%,,0,,0,,,0,,0,,0,,0,,
Undervotes,,59,,5.91%,,23,,34,,,2,,0,,0,,0,,
Contest Totals,,999,,100.00%,,448,,509,,,38,,0,,3,,1,,
Precinct Summary - 11/12/2024     2:58 PM,,,,,,,,,,19,,,,,,,,, of 258
Report generated with Electionware Copyright © 2007-2019,,,,,,,,,,,,,,,,,,,
Summary Results Report,,,,,,,,,,OFFICIAL RESULTS,,,,,,,,,
General Election,,,,,,,,,,,,,,,,,,,
"November 5, 2024",,,,,,,,,,"Monongalia County, West Virginia",,,,,,,,,
PRECINCT 10,,,,,,,,,,,,,,,,,,,
,FOR GOVERNOR,,,,,,,,,,,,,,,,,,
,Vote For 1,,,,,,,,,,,,,,,,,,
,,,TOTAL,,VOTE %,,Election Day,,Early Vote,,,Absentee,,Canvass,,Absentee After ED,,Provisional,
REP PATRICK MORRISEY,,272,,27.23%,,128,,135,,,9,,0,,0,,0,,
DEM STEVE WILLIAMS,,620,,62.06%,,259,,334,,,24,,0,,2,,1,,
LBN ERIKA KLIE KOLENICH,,32,,3.20%,,23,,7,,,1,,0,,1,,0,,
MTN CHASE LINKO-LOOPER,,25,,2.50%,,16,,7,,,2,,0,,0,,0,,
CST S. MARSHALL WILSON,,6,,0.60%,,4,,2,,,0,,0,,0,,0,,
Write-In Totals,,1,,0.10%,,0,,1,,,0,,0,,0,,0,,
Total Votes Cast,,956,,95.70%,,430,,486,,,36,,0,,3,,1,,
Overvotes,,0,,0.00%,,0,,0,,,0,,0,,0,,0,,
Undervotes,,43,,4.30%,,18,,23,,,2,,0,,0,,0,,
Contest Totals,,999,,100.00%,,448,,509,,,38,,0,,3,,1,,
,FOR SECRETARY OF STATE,,,,,,,,,,,,,,,,,,
,Vote For 1,,,,,,,,,,,,,,,,,,
,,,TOTAL,,VOTE %,,Election Day,,Early Vote,,,Absentee,,Canvass,,Absentee After ED,,Provisional,
REP KRIS WARNER,,310,,31.03%,,148,,151,,,10,,0,,1,,0,,
DEM THORNTON COOPER,,625,,62.56%,,269,,328,,,25,,0,,2,,1,,
NO CANDIDATE(S) NOMINATED,,0,,0.00%,,0,,0,,,0,,0,,0,,0,,
NO CANDIDATE(S) NOMINATED,,0,,0.00%,,0,,0,,,0,,0,,0,,0,,
Write-In Totals,,1,,0.10%,,1,,0,,,0,,0,,0,,0,,
Total Votes Cast,,936,,93.69%,,418,,479,,,35,,0,,3,,1,,
Overvotes,,0,,0.00%,,0,,0,,,0,,0,,0,,0,,
Undervotes,,63,,6.31%,,30,,30,,,3,,0,,0,,0,,
Contest Totals,,999,,100.00%,,448,,509,,,38,,0,,3,,1,,
,FOR AUDITOR,,,,,,,,,,,,,,,,,,
,Vote For 1,,,,,,,,,,,,,,,,,,
,,,TOTAL,,VOTE %,,Election Day,,Early Vote,,,Absentee,,Canvass,,Absentee After ED,,Provisional,
REP MARK HUNT,,292,,29.23%,,143,,141,,,7,,0,,1,,0,,
DEM MARY ANN ROEBUCK CLAYTOR,,640,,64.06%,,274,,334,,,29,,0,,2,,1,,
NO CANDIDATE(S) NOMINATED,,0,,0.00%,,0,,0,,,0,,0,,0,,0,,
NO CANDIDATE(S) NOMINATED,,0,,0.00%,,0,,0,,,0,,0,,0,,0,,
Write-In Totals,,1,,0.10%,,1,,0,,,0,,0,,0,,0,,
Total Votes Cast,,933,,93.39%,,418,,475,,,36,,0,,3,,1,,
Overvotes,,0,,0.00%,,0,,0,,,0,,0,,0,,0,,
Undervotes,,66,,6.61%,,30,,34,,,2,,0,,0,,0,,
Contest Totals,,999,,100.00%,,448,,509,,,38,,0,,3,,1,,
Precinct Summary - 11/12/2024     2:58 PM,,,,,,,,,,20,,,,,,,,, of 258
Report generated with Electionware Copyright © 2007-2019,,,,,,,,,,,,,,,,,,,
Summary Results Report,,,,,,,,,,OFFICIAL RESULTS,,,,,,,,,
General Election,,,,,,,,,,,,,,,,,,,
"November 5, 2024",,,,,,,,,,"Monongalia County, West Virginia",,,,,,,,,
PRECINCT 10,,,,,,,,,,,,,,,,,,,
,FOR TREASURER,,,,,,,,,,,,,,,,,,
,Vote For 1,,,,,,,,,,,,,,,,,,
,,,TOTAL,,VOTE %,,Election Day,,Early Vote,,,Absentee,,Canvass,,Absentee After ED,,Provisional,
REP LARRY PACK,,597,,59.76%,,287,,291,,,17,,0,,2,,0,,
NO CANDIDATE(S) NOMINATED,,0,,0.00%,,0,,0,,,0,,0,,0,,0,,
NO CANDIDATE(S) NOMINATED,,0,,0.00%,,0,,0,,,0,,0,,0,,0,,
NO CANDIDATE(S) NOMINATED,,0,,0.00%,,0,,0,,,0,,0,,0,,0,,
Write-In Totals,,36,,3.60%,,23,,12,,,1,,0,,0,,0,,
Total Votes Cast,,633,,63.36%,,310,,303,,,18,,0,,2,,0,,
Overvotes,,0,,0.00%,,0,,0,,,0,,0,,0,,0,,
Undervotes,,366,,36.64%,,138,,206,,,20,,0,,1,,1,,
Contest Totals,,999,,100.00%,,448,,509,,,38,,0,,3,,1,,
,FOR COMMISSIONER OF AGRICULTURE,,,,,,,,,,,,,,,,,,
,Vote For 1,,,,,,,,,,,,,,,,,,
,,,TOTAL,,VOTE %,,Election Day,,Early Vote,,,Absentee,,Canvass,,Absentee After ED,,Provisional,
REP KENT LEONHARDT,,336,,33.63%,,155,,169,,,11,,0,,1,,0,,
DEM DEBORAH STILES,,594,,59.46%,,262,,305,,,25,,0,,1,,1,,
NO CANDIDATE(S) NOMINATED,,0,,0.00%,,0,,0,,,0,,0,,0,,0,,
NO CANDIDATE(S) NOMINATED,,0,,0.00%,,0,,0,,,0,,0,,0,,0,,
Write-In Totals,,0,,0.00%,,0,,0,,,0,,0,,0,,0,,
Total Votes Cast,,930,,93.09%,,417,,474,,,36,,0,,2,,1,,
Overvotes,,0,,0.00%,,0,,0,,,0,,0,,0,,0,,
Undervotes,,69,,6.91%,,31,,35,,,2,,0,,1,,0,,
Contest Totals,,999,,100.00%,,448,,509,,,38,,0,,3,,1,,
,FOR ATTORNEY GENERAL,,,,,,,,,,,,,,,,,,
,Vote For 1,,,,,,,,,,,,,,,,,,
,,,TOTAL,,VOTE %,,Election Day,,Early Vote,,,Absentee,,Canvass,,Absentee After ED,,Provisional,
"REP JOHN ""JB"" McCUSKEY",,292,,29.23%,,136,,147,,,8,,0,,1,,0,,
DEM TERESA TORISEVA,,632,,63.26%,,280,,322,,,28,,0,,1,,1,,
NO CANDIDATE(S) NOMINATED,,0,,0.00%,,0,,0,,,0,,0,,0,,0,,
NO CANDIDATE(S) NOMINATED,,0,,0.00%,,0,,0,,,0,,0,,0,,0,,
Write-In Totals,,0,,0.00%,,0,,0,,,0,,0,,0,,0,,
Total Votes Cast,,924,,92.49%,,416,,469,,,36,,0,,2,,1,,
Overvotes,,0,,0.00%,,0,,0,,,0,,0,,0,,0,,
Undervotes,,75,,7.51%,,32,,40,,,2,,0,,1,,0,,
Contest Totals,,999,,100.00%,,448,,509,,,38,,0,,3,,1,,
Precinct Summary - 11/12/2024     2:58 PM,,,,,,,,,,21,,,,,,,,, of 258
Report generated with Electionware Copyright © 2007-2019,,,,,,,,,,,,,,,,,,,
Summary Results Report,,,,,,,,,,OFFICIAL RESULTS,,,,,,,,,
General Election,,,,,,,,,,,,,,,,,,,
"November 5, 2024",,,,,,,,,,"Monongalia County, West Virginia",,,,,,,,,
PRECINCT 10,,,,,,,,,,,,,,,,,,,
,FOR STATE SENATOR 13TH DISTRICT,,,,,,,,,,,,,,,,,,
,Vote For 1,,,,,,,,,,,,,,,,,,
,,,TOTAL,,VOTE %,,Election Day,,Early Vote,,,Absentee,,Canvass,,Absentee After ED,,Provisional,
REP REBECCA POLIS,,274,,27.43%,,127,,137,,,9,,0,,1,,0,,
DEM JOEY GARCIA,,656,,65.67%,,288,,339,,,26,,0,,2,,1,,
NO CANDIDATE(S) NOMINATED,,0,,0.00%,,0,,0,,,0,,0,,0,,0,,
NO CANDIDATE(S) NOMINATED,,0,,0.00%,,0,,0,,,0,,0,,0,,0,,
Write-In Totals,,0,,0.00%,,0,,0,,,0,,0,,0,,0,,
Total Votes Cast,,930,,93.09%,,415,,476,,,35,,0,,3,,1,,
Overvotes,,0,,0.00%,,0,,0,,,0,,0,,0,,0,,
Undervotes,,69,,6.91%,,33,,33,,,3,,0,,0,,0,,
Contest Totals,,999,,100.00%,,448,,509,,,38,,0,,3,,1,,
,FOR MEMBER OF HOUSE OF DELEGATES 79TH DISTRICT,,,,,,,,,,,,,,,,,,
,Vote For 1,,,,,,,,,,,,,,,,,,
,,,TOTAL,,VOTE %,,Election Day,,Early Vote,,,Absentee,,Canvass,,Absentee After ED,,Provisional,
NO CANDIDATE(S) NOMINATED,,0,,0.00%,,0,,0,,,0,,0,,0,,0,,
DEM EVAN HANSEN,,820,,82.08%,,379,,405,,,32,,0,,3,,1,,
NO CANDIDATE(S) NOMINATED,,0,,0.00%,,0,,0,,,0,,0,,0,,0,,
NO CANDIDATE(S) NOMINATED,,0,,0.00%,,0,,0,,,0,,0,,0,,0,,
Write-In Totals,,19,,1.90%,,8,,11,,,0,,0,,0,,0,,
Total Votes Cast,,839,,83.98%,,387,,416,,,32,,0,,3,,1,,
Overvotes,,0,,0.00%,,0,,0,,,0,,0,,0,,0,,
Undervotes,,160,,16.02%,,61,,93,,,6,,0,,0,,0,,
Contest Totals,,999,,100.00%,,448,,509,,,38,,0,,3,,1,,
,FOR COUNTY COMMISSIONER,,,,,,,,,,,,,,,,,,
,Vote For 1,,,,,,,,,,,,,,,,,,
,,,TOTAL,,VOTE %,,Election Day,,Early Vote,,,Absentee,,Canvass,,Absentee After ED,,Provisional,
REP MARYANN (BABICH) FOLZ,,288,,28.83%,,140,,138,,,9,,0,,1,,0,,
DEM TOM  BLOOM,,632,,63.26%,,275,,331,,,24,,0,,1,,1,,
NO CANDIDATE(S) NOMINATED,,0,,0.00%,,0,,0,,,0,,0,,0,,0,,
NO CANDIDATE(S) NOMINATED,,0,,0.00%,,0,,0,,,0,,0,,0,,0,,
Write-In Totals,,2,,0.20%,,1,,1,,,0,,0,,0,,0,,
Total Votes Cast,,922,,92.29%,,416,,470,,,33,,0,,2,,1,,
Overvotes,,0,,0.00%,,0,,0,,,0,,0,,0,,0,,
Undervotes,,77,,7.71%,,32,,39,,,5,,0,,1,,0,,
Contest Totals,,999,,100.00%,,448,,509,,,38,,0,,3,,1,,
Precinct Summary - 11/12/2024     2:58 PM,,,,,,,,,,22,,,,,,,,, of 258
Report generated with Electionware Copyright © 2007-2019,,,,,,,,,,,,,,,,,,,
Summary Results Report,,,,,,,,,,OFFICIAL RESULTS,,,,,,,,,
General Election,,,,,,,,,,,,,,,,,,,
"November 5, 2024",,,,,,,,,,"Monongalia County, West Virginia",,,,,,,,,
PRECINCT 10,,,,,,,,,,,,,,,,,,,
,FOR PROSECUTING ATTORNEY,,,,,,,,,,,,,,,,,,
,Vote For 1,,,,,,,,,,,,,,,,,,
,,,TOTAL,,VOTE %,,Election Day,,Early Vote,,,Absentee,,Canvass,,Absentee After ED,,Provisional,
NO CANDIDATE(S) NOMINATED,,0,,0.00%,,0,,0,,,0,,0,,0,,0,,
"DEM GABRIELLE ""GABE"" MUCCIOLA",,797,,79.78%,,369,,391,,,33,,0,,3,,1,,
NO CANDIDATE(S) NOMINATED,,0,,0.00%,,0,,0,,,0,,0,,0,,0,,
NO CANDIDATE(S) NOMINATED,,0,,0.00%,,0,,0,,,0,,0,,0,,0,,
Write-In Totals,,16,,1.60%,,6,,10,,,0,,0,,0,,0,,
Total Votes Cast,,813,,81.38%,,375,,401,,,33,,0,,3,,1,,
Overvotes,,0,,0.00%,,0,,0,,,0,,0,,0,,0,,
Undervotes,,186,,18.62%,,73,,108,,,5,,0,,0,,0,,
Contest Totals,,999,,100.00%,,448,,509,,,38,,0,,3,,1,,
,FOR SHERIFF,,,,,,,,,,,,,,,,,,
,Vote For 1,,,,,,,,,,,,,,,,,,
,,,TOTAL,,VOTE %,,Election Day,,Early Vote,,,Absentee,,Canvass,,Absentee After ED,,Provisional,
REP JASON MORGAN,,290,,29.03%,,135,,144,,,10,,0,,1,,0,,
DEM TODD FORBES,,632,,63.26%,,277,,328,,,25,,0,,1,,1,,
NO CANDIDATE(S) NOMINATED,,0,,0.00%,,0,,0,,,0,,0,,0,,0,,
NO CANDIDATE(S) NOMINATED,,0,,0.00%,,0,,0,,,0,,0,,0,,0,,
Write-In Totals,,3,,0.30%,,2,,1,,,0,,0,,0,,0,,
Total Votes Cast,,925,,92.59%,,414,,473,,,35,,0,,2,,1,,
Overvotes,,0,,0.00%,,0,,0,,,0,,0,,0,,0,,
Undervotes,,74,,7.41%,,34,,36,,,3,,0,,1,,0,,
Contest Totals,,999,,100.00%,,448,,509,,,38,,0,,3,,1,,
,FOR ASSESSOR,,,,,,,,,,,,,,,,,,
,Vote For 1,,,,,,,,,,,,,,,,,,
,,,TOTAL,,VOTE %,,Election Day,,Early Vote,,,Absentee,,Canvass,,Absentee After ED,,Provisional,
REP RICH JACOBS,,240,,24.02%,,118,,114,,,7,,0,,1,,0,,
DEM MARK A. MUSICK,,685,,68.57%,,296,,358,,,28,,0,,2,,1,,
NO CANDIDATE(S) NOMINATED,,0,,0.00%,,0,,0,,,0,,0,,0,,0,,
NO CANDIDATE(S) NOMINATED,,0,,0.00%,,0,,0,,,0,,0,,0,,0,,
Write-In Totals,,1,,0.10%,,1,,0,,,0,,0,,0,,0,,
Total Votes Cast,,926,,92.69%,,415,,472,,,35,,0,,3,,1,,
Overvotes,,0,,0.00%,,0,,0,,,0,,0,,0,,0,,
Undervotes,,73,,7.31%,,33,,37,,,3,,0,,0,,0,,
Contest Totals,,999,,100.00%,,448,,509,,,38,,0,,3,,1,,
Precinct Summary - 11/12/2024     2:58 PM,,,,,,,,,,23,,,,,,,,, of 258
Report generated with Electionware Copyright © 2007-2019,,,,,,,,,,,,,,,,,,,
Summary Results Report,,,,,,,,,,OFFICIAL RESULTS,,,,,,,,,
General Election,,,,,,,,,,,,,,,,,,,
"November 5, 2024",,,,,,,,,,"Monongalia County, West Virginia",,,,,,,,,
PRECINCT 10,,,,,,,,,,,,,,,,,,,
,FOR SURVEYOR,,,,,,,,,,,,,,,,,,
,Vote For 1,,,,,,,,,,,,,,,,,,
,,,TOTAL,,VOTE %,,Election Day,,Early Vote,,,Absentee,,Canvass,,Absentee After ED,,Provisional,
REP BOB ANDRIOTTO,,614,,61.46%,,288,,306,,,18,,0,,2,,0,,
NO CANDIDATE(S) NOMINATED,,0,,0.00%,,0,,0,,,0,,0,,0,,0,,
NO CANDIDATE(S) NOMINATED,,0,,0.00%,,0,,0,,,0,,0,,0,,0,,
NO CANDIDATE(S) NOMINATED,,0,,0.00%,,0,,0,,,0,,0,,0,,0,,
Write-In Totals,,29,,2.90%,,21,,7,,,1,,0,,0,,0,,
Total Votes Cast,,643,,64.36%,,309,,313,,,19,,0,,2,,0,,
Overvotes,,0,,0.00%,,0,,0,,,0,,0,,0,,0,,
Undervotes,,356,,35.64%,,139,,196,,,19,,0,,1,,1,,
Contest Totals,,999,,100.00%,,448,,509,,,38,,0,,3,,1,,
,AMENDMENT NO. 1,,,,,,,,,,,,,,,,,,
,Vote For 1,,,,,,,,,,,,,,,,,,
,,,TOTAL,,VOTE %,,Election Day,,Early Vote,,,Absentee,,Canvass,,Absentee After ED,,Provisional,
For,,281,,28.13%,,127,,142,,,11,,0,,0,,1,,
Against,,615,,61.56%,,278,,310,,,24,,0,,3,,0,,
Total Votes Cast,,896,,89.69%,,405,,452,,,35,,0,,3,,1,,
Overvotes,,0,,0.00%,,0,,0,,,0,,0,,0,,0,,
Undervotes,,103,,10.31%,,43,,57,,,3,,0,,0,,0,,
Contest Totals,,999,,100.00%,,448,,509,,,38,,0,,3,,1,,
Precinct Summary - 11/12/2024     2:58 PM,,,,,,,,,,24,,,,,,,,, of 258
Report generated with Electionware Copyright © 2007-2019,,,,,,,,,,,,,,,,,,,
Summary Results Report,,,,,,,,,,OFFICIAL RESULTS,,,,,,,,,
General Election,,,,,,,,,,,,,,,,,,,
"November 5, 2024",,,,,,,,,,"Monongalia County, West Virginia",,,,,,,,,
PRECINCT 13,,,,,,,,,,,,,,,,,,,
Statistics,,TOTAL,,Election Day,,Early Vote,,Absentee,,,Canvass,,Absentee After ED,,Provisional,,,,
Registered Voters - Total,,544,,,,,,,,,,,,,,,,,
Ballots Cast - Total,,342,,132,,202,,5,,,0,,1,,2,,,,
Ballots Cast - Blank,,0,,0,,0,,0,,,0,,0,,0,,,,
Voter Turnout - Total,,62.87%,,,,,,,,,,,,,,,,,
,FOR PRESIDENT,,,,,,,,,,,,,,,,,,
,Vote For 1,,,,,,,,,,,,,,,,,,
,,,TOTAL,,VOTE %,,Election Day,,Early Vote,,,Absentee,,Canvass,,Absentee After ED,,Provisional,
REP DONALD J. TRUMP,,137,,40.06%,,60,,75,,,1,,0,,0,,1,,
DEM KAMALA D. HARRIS,,185,,54.09%,,62,,118,,,3,,0,,1,,1,,
LBN CHASE OLIVER,,3,,0.88%,,1,,2,,,0,,0,,0,,0,,
MTN JILL STEIN,,1,,0.29%,,0,,1,,,0,,0,,0,,0,,
IND ROBERT F. KENNEDY JR.,,10,,2.92%,,7,,2,,,1,,0,,0,,0,,
Write-In Totals,,2,,0.58%,,0,,2,,,0,,0,,0,,0,,
Total Votes Cast,,338,,98.83%,,130,,200,,,5,,0,,1,,2,,
Overvotes,,0,,0.00%,,0,,0,,,0,,0,,0,,0,,
Undervotes,,4,,1.17%,,2,,2,,,0,,0,,0,,0,,
Contest Totals,,342,,100.00%,,132,,202,,,5,,0,,1,,2,,
,FOR U.S. SENATOR,,,,,,,,,,,,,,,,,,
,Vote For 1,,,,,,,,,,,,,,,,,,
,,,TOTAL,,VOTE %,,Election Day,,Early Vote,,,Absentee,,Canvass,,Absentee After ED,,Provisional,
REP JIM JUSTICE,,133,,38.89%,,59,,74,,,0,,0,,0,,0,,
DEM GLENN ELLIOTT,,180,,52.63%,,58,,115,,,4,,0,,1,,2,,
LBN DAVID MORAN,,20,,5.85%,,10,,9,,,1,,0,,0,,0,,
NO CANDIDATE(S) NOMINATED,,0,,0.00%,,0,,0,,,0,,0,,0,,0,,
Write-In Totals,,0,,0.00%,,0,,0,,,0,,0,,0,,0,,
Total Votes Cast,,333,,97.37%,,127,,198,,,5,,0,,1,,2,,
Overvotes,,0,,0.00%,,0,,0,,,0,,0,,0,,0,,
Undervotes,,9,,2.63%,,5,,4,,,0,,0,,0,,0,,
Contest Totals,,342,,100.00%,,132,,202,,,5,,0,,1,,2,,
,FOR U.S. HOUSE OF REPS 2ND DIST,,,,,,,,,,,,,,,,,,
,Vote For 1,,,,,,,,,,,,,,,,,,
,,,TOTAL,,VOTE %,,Election Day,,Early Vote,,,Absentee,,Canvass,,Absentee After ED,,Provisional,
REP RILEY MOORE,,149,,43.57%,,68,,79,,,1,,0,,0,,1,,
DEM STEVEN WENDELIN,,174,,50.88%,,57,,111,,,4,,0,,1,,1,,
NO CANDIDATE(S) NOMINATED,,0,,0.00%,,0,,0,,,0,,0,,0,,0,,
NO CANDIDATE(S) NOMINATED,,0,,0.00%,,0,,0,,,0,,0,,0,,0,,
Write-In Totals,,0,,0.00%,,0,,0,,,0,,0,,0,,0,,
Total Votes Cast,,323,,94.44%,,125,,190,,,5,,0,,1,,2,,
Overvotes,,0,,0.00%,,0,,0,,,0,,0,,0,,0,,
Undervotes,,19,,5.56%,,7,,12,,,0,,0,,0,,0,,
Contest Totals,,342,,100.00%,,132,,202,,,5,,0,,1,,2,,
Precinct Summary - 11/12/2024     2:58 PM,,,,,,,,,,25,,,,,,,,, of 258
Report generated with Electionware Copyright © 2007-2019,,,,,,,,,,,,,,,,,,,
Summary Results Report,,,,,,,,,,OFFICIAL RESULTS,,,,,,,,,
General Election,,,,,,,,,,,,,,,,,,,
"November 5, 2024",,,,,,,,,,"Monongalia County, West Virginia",,,,,,,,,
PRECINCT 13,,,,,,,,,,,,,,,,,,,
,FOR GOVERNOR,,,,,,,,,,,,,,,,,,
,Vote For 1,,,,,,,,,,,,,,,,,,
,,,TOTAL,,VOTE %,,Election Day,,Early Vote,,,Absentee,,Canvass,,Absentee After ED,,Provisional,
REP PATRICK MORRISEY,,123,,35.96%,,52,,71,,,0,,0,,0,,0,,
DEM STEVE WILLIAMS,,185,,54.09%,,62,,117,,,4,,0,,1,,1,,
LBN ERIKA KLIE KOLENICH,,20,,5.85%,,11,,8,,,0,,0,,0,,1,,
MTN CHASE LINKO-LOOPER,,3,,0.88%,,2,,1,,,0,,0,,0,,0,,
CST S. MARSHALL WILSON,,6,,1.75%,,3,,2,,,1,,0,,0,,0,,
Write-In Totals,,0,,0.00%,,0,,0,,,0,,0,,0,,0,,
Total Votes Cast,,337,,98.54%,,130,,199,,,5,,0,,1,,2,,
Overvotes,,0,,0.00%,,0,,0,,,0,,0,,0,,0,,
Undervotes,,5,,1.46%,,2,,3,,,0,,0,,0,,0,,
Contest Totals,,342,,100.00%,,132,,202,,,5,,0,,1,,2,,
,FOR SECRETARY OF STATE,,,,,,,,,,,,,,,,,,
,Vote For 1,,,,,,,,,,,,,,,,,,
,,,TOTAL,,VOTE %,,Election Day,,Early Vote,,,Absentee,,Canvass,,Absentee After ED,,Provisional,
REP KRIS WARNER,,146,,42.69%,,67,,78,,,1,,0,,0,,0,,
DEM THORNTON COOPER,,185,,54.09%,,62,,116,,,4,,0,,1,,2,,
NO CANDIDATE(S) NOMINATED,,0,,0.00%,,0,,0,,,0,,0,,0,,0,,
NO CANDIDATE(S) NOMINATED,,0,,0.00%,,0,,0,,,0,,0,,0,,0,,
Write-In Totals,,0,,0.00%,,0,,0,,,0,,0,,0,,0,,
Total Votes Cast,,331,,96.78%,,129,,194,,,5,,0,,1,,2,,
Overvotes,,0,,0.00%,,0,,0,,,0,,0,,0,,0,,
Undervotes,,11,,3.22%,,3,,8,,,0,,0,,0,,0,,
Contest Totals,,342,,100.00%,,132,,202,,,5,,0,,1,,2,,
,FOR AUDITOR,,,,,,,,,,,,,,,,,,
,Vote For 1,,,,,,,,,,,,,,,,,,
,,,TOTAL,,VOTE %,,Election Day,,Early Vote,,,Absentee,,Canvass,,Absentee After ED,,Provisional,
REP MARK HUNT,,132,,38.60%,,63,,68,,,1,,0,,0,,0,,
DEM MARY ANN ROEBUCK CLAYTOR,,191,,55.85%,,64,,120,,,4,,0,,1,,2,,
NO CANDIDATE(S) NOMINATED,,0,,0.00%,,0,,0,,,0,,0,,0,,0,,
NO CANDIDATE(S) NOMINATED,,0,,0.00%,,0,,0,,,0,,0,,0,,0,,
Write-In Totals,,0,,0.00%,,0,,0,,,0,,0,,0,,0,,
Total Votes Cast,,323,,94.44%,,127,,188,,,5,,0,,1,,2,,
Overvotes,,0,,0.00%,,0,,0,,,0,,0,,0,,0,,
Undervotes,,19,,5.56%,,5,,14,,,0,,0,,0,,0,,
Contest Totals,,342,,100.00%,,132,,202,,,5,,0,,1,,2,,
Precinct Summary - 11/12/2024     2:58 PM,,,,,,,,,,26,,,,,,,,, of 258
Report generated with Electionware Copyright © 2007-2019,,,,,,,,,,,,,,,,,,,
Summary Results Report,,,,,,,,,,OFFICIAL RESULTS,,,,,,,,,
General Election,,,,,,,,,,,,,,,,,,,
"November 5, 2024",,,,,,,,,,"Monongalia County, West Virginia",,,,,,,,,
PRECINCT 13,,,,,,,,,,,,,,,,,,,
,FOR TREASURER,,,,,,,,,,,,,,,,,,
,Vote For 1,,,,,,,,,,,,,,,,,,
,,,TOTAL,,VOTE %,,Election Day,,Early Vote,,,Absentee,,Canvass,,Absentee After ED,,Provisional,
REP LARRY PACK,,236,,69.01%,,106,,126,,,2,,0,,0,,2,,
NO CANDIDATE(S) NOMINATED,,0,,0.00%,,0,,0,,,0,,0,,0,,0,,
NO CANDIDATE(S) NOMINATED,,0,,0.00%,,0,,0,,,0,,0,,0,,0,,
NO CANDIDATE(S) NOMINATED,,0,,0.00%,,0,,0,,,0,,0,,0,,0,,
Write-In Totals,,1,,0.29%,,0,,1,,,0,,0,,0,,0,,
Total Votes Cast,,237,,69.30%,,106,,127,,,2,,0,,0,,2,,
Overvotes,,0,,0.00%,,0,,0,,,0,,0,,0,,0,,
Undervotes,,105,,30.70%,,26,,75,,,3,,0,,1,,0,,
Contest Totals,,342,,100.00%,,132,,202,,,5,,0,,1,,2,,
,FOR COMMISSIONER OF AGRICULTURE,,,,,,,,,,,,,,,,,,
,Vote For 1,,,,,,,,,,,,,,,,,,
,,,TOTAL,,VOTE %,,Election Day,,Early Vote,,,Absentee,,Canvass,,Absentee After ED,,Provisional,
REP KENT LEONHARDT,,156,,45.61%,,64,,90,,,1,,0,,0,,1,,
DEM DEBORAH STILES,,166,,48.54%,,62,,99,,,3,,0,,1,,1,,
NO CANDIDATE(S) NOMINATED,,0,,0.00%,,0,,0,,,0,,0,,0,,0,,
NO CANDIDATE(S) NOMINATED,,0,,0.00%,,0,,0,,,0,,0,,0,,0,,
Write-In Totals,,1,,0.29%,,0,,0,,,1,,0,,0,,0,,
Total Votes Cast,,323,,94.44%,,126,,189,,,5,,0,,1,,2,,
Overvotes,,0,,0.00%,,0,,0,,,0,,0,,0,,0,,
Undervotes,,19,,5.56%,,6,,13,,,0,,0,,0,,0,,
Contest Totals,,342,,100.00%,,132,,202,,,5,,0,,1,,2,,
,FOR ATTORNEY GENERAL,,,,,,,,,,,,,,,,,,
,Vote For 1,,,,,,,,,,,,,,,,,,
,,,TOTAL,,VOTE %,,Election Day,,Early Vote,,,Absentee,,Canvass,,Absentee After ED,,Provisional,
"REP JOHN ""JB"" McCUSKEY",,148,,43.27%,,66,,80,,,2,,0,,0,,0,,
DEM TERESA TORISEVA,,178,,52.05%,,60,,112,,,3,,0,,1,,2,,
NO CANDIDATE(S) NOMINATED,,0,,0.00%,,0,,0,,,0,,0,,0,,0,,
NO CANDIDATE(S) NOMINATED,,0,,0.00%,,0,,0,,,0,,0,,0,,0,,
Write-In Totals,,0,,0.00%,,0,,0,,,0,,0,,0,,0,,
Total Votes Cast,,326,,95.32%,,126,,192,,,5,,0,,1,,2,,
Overvotes,,0,,0.00%,,0,,0,,,0,,0,,0,,0,,
Undervotes,,16,,4.68%,,6,,10,,,0,,0,,0,,0,,
Contest Totals,,342,,100.00%,,132,,202,,,5,,0,,1,,2,,
Precinct Summary - 11/12/2024     2:58 PM,,,,,,,,,,27,,,,,,,,, of 258
Report generated with Electionware Copyright © 2007-2019,,,,,,,,,,,,,,,,,,,
Summary Results Report,,,,,,,,,,OFFICIAL RESULTS,,,,,,,,,
General Election,,,,,,,,,,,,,,,,,,,
"November 5, 2024",,,,,,,,,,"Monongalia County, West Virginia",,,,,,,,,
PRECINCT 13,,,,,,,,,,,,,,,,,,,
,FOR STATE SENATOR 13TH DISTRICT,,,,,,,,,,,,,,,,,,
,Vote For 1,,,,,,,,,,,,,,,,,,
,,,TOTAL,,VOTE %,,Election Day,,Early Vote,,,Absentee,,Canvass,,Absentee After ED,,Provisional,
REP REBECCA POLIS,,137,,40.06%,,66,,70,,,1,,0,,0,,0,,
DEM JOEY GARCIA,,191,,55.85%,,61,,123,,,4,,0,,1,,2,,
NO CANDIDATE(S) NOMINATED,,0,,0.00%,,0,,0,,,0,,0,,0,,0,,
NO CANDIDATE(S) NOMINATED,,0,,0.00%,,0,,0,,,0,,0,,0,,0,,
Write-In Totals,,0,,0.00%,,0,,0,,,0,,0,,0,,0,,
Total Votes Cast,,328,,95.91%,,127,,193,,,5,,0,,1,,2,,
Overvotes,,0,,0.00%,,0,,0,,,0,,0,,0,,0,,
Undervotes,,14,,4.09%,,5,,9,,,0,,0,,0,,0,,
Contest Totals,,342,,100.00%,,132,,202,,,5,,0,,1,,2,,
,FOR MEMBER OF HOUSE OF DELEGATES 81ST DISTRICT,,,,,,,,,,,,,,,,,,
,Vote For 1,,,,,,,,,,,,,,,,,,
,,,TOTAL,,VOTE %,,Election Day,,Early Vote,,,Absentee,,Canvass,,Absentee After ED,,Provisional,
NO CANDIDATE(S) NOMINATED,,0,,0.00%,,0,,0,,,0,,0,,0,,0,,
DEM ANITRA L.  HAMILTON,,266,,77.78%,,105,,154,,,4,,0,,1,,2,,
NO CANDIDATE(S) NOMINATED,,0,,0.00%,,0,,0,,,0,,0,,0,,0,,
NO CANDIDATE(S) NOMINATED,,0,,0.00%,,0,,0,,,0,,0,,0,,0,,
Write-In Totals,,3,,0.88%,,2,,1,,,0,,0,,0,,0,,
Total Votes Cast,,269,,78.66%,,107,,155,,,4,,0,,1,,2,,
Overvotes,,0,,0.00%,,0,,0,,,0,,0,,0,,0,,
Undervotes,,73,,21.34%,,25,,47,,,1,,0,,0,,0,,
Contest Totals,,342,,100.00%,,132,,202,,,5,,0,,1,,2,,
,FOR COUNTY COMMISSIONER,,,,,,,,,,,,,,,,,,
,Vote For 1,,,,,,,,,,,,,,,,,,
,,,TOTAL,,VOTE %,,Election Day,,Early Vote,,,Absentee,,Canvass,,Absentee After ED,,Provisional,
REP MARYANN (BABICH) FOLZ,,141,,41.23%,,66,,72,,,2,,0,,0,,1,,
DEM TOM  BLOOM,,186,,54.39%,,57,,124,,,3,,0,,1,,1,,
NO CANDIDATE(S) NOMINATED,,0,,0.00%,,0,,0,,,0,,0,,0,,0,,
NO CANDIDATE(S) NOMINATED,,0,,0.00%,,0,,0,,,0,,0,,0,,0,,
Write-In Totals,,2,,0.58%,,1,,1,,,0,,0,,0,,0,,
Total Votes Cast,,329,,96.20%,,124,,197,,,5,,0,,1,,2,,
Overvotes,,0,,0.00%,,0,,0,,,0,,0,,0,,0,,
Undervotes,,13,,3.80%,,8,,5,,,0,,0,,0,,0,,
Contest Totals,,342,,100.00%,,132,,202,,,5,,0,,1,,2,,
Precinct Summary - 11/12/2024     2:58 PM,,,,,,,,,,28,,,,,,,,, of 258
Report generated with Electionware Copyright © 2007-2019,,,,,,,,,,,,,,,,,,,
Summary Results Report,,,,,,,,,,OFFICIAL RESULTS,,,,,,,,,
General Election,,,,,,,,,,,,,,,,,,,
"November 5, 2024",,,,,,,,,,"Monongalia County, West Virginia",,,,,,,,,
PRECINCT 13,,,,,,,,,,,,,,,,,,,
,FOR PROSECUTING ATTORNEY,,,,,,,,,,,,,,,,,,
,Vote For 1,,,,,,,,,,,,,,,,,,
,,,TOTAL,,VOTE %,,Election Day,,Early Vote,,,Absentee,,Canvass,,Absentee After ED,,Provisional,
NO CANDIDATE(S) NOMINATED,,0,,0.00%,,0,,0,,,0,,0,,0,,0,,
"DEM GABRIELLE ""GABE"" MUCCIOLA",,269,,78.66%,,105,,156,,,5,,0,,1,,2,,
NO CANDIDATE(S) NOMINATED,,0,,0.00%,,0,,0,,,0,,0,,0,,0,,
NO CANDIDATE(S) NOMINATED,,0,,0.00%,,0,,0,,,0,,0,,0,,0,,
Write-In Totals,,3,,0.88%,,1,,2,,,0,,0,,0,,0,,
Total Votes Cast,,272,,79.53%,,106,,158,,,5,,0,,1,,2,,
Overvotes,,0,,0.00%,,0,,0,,,0,,0,,0,,0,,
Undervotes,,70,,20.47%,,26,,44,,,0,,0,,0,,0,,
Contest Totals,,342,,100.00%,,132,,202,,,5,,0,,1,,2,,
,FOR SHERIFF,,,,,,,,,,,,,,,,,,
,Vote For 1,,,,,,,,,,,,,,,,,,
,,,TOTAL,,VOTE %,,Election Day,,Early Vote,,,Absentee,,Canvass,,Absentee After ED,,Provisional,
REP JASON MORGAN,,126,,36.84%,,57,,67,,,1,,0,,0,,1,,
DEM TODD FORBES,,203,,59.36%,,69,,128,,,4,,0,,1,,1,,
NO CANDIDATE(S) NOMINATED,,0,,0.00%,,0,,0,,,0,,0,,0,,0,,
NO CANDIDATE(S) NOMINATED,,0,,0.00%,,0,,0,,,0,,0,,0,,0,,
Write-In Totals,,0,,0.00%,,0,,0,,,0,,0,,0,,0,,
Total Votes Cast,,329,,96.20%,,126,,195,,,5,,0,,1,,2,,
Overvotes,,0,,0.00%,,0,,0,,,0,,0,,0,,0,,
Undervotes,,13,,3.80%,,6,,7,,,0,,0,,0,,0,,
Contest Totals,,342,,100.00%,,132,,202,,,5,,0,,1,,2,,
,FOR ASSESSOR,,,,,,,,,,,,,,,,,,
,Vote For 1,,,,,,,,,,,,,,,,,,
,,,TOTAL,,VOTE %,,Election Day,,Early Vote,,,Absentee,,Canvass,,Absentee After ED,,Provisional,
REP RICH JACOBS,,100,,29.24%,,51,,47,,,2,,0,,0,,0,,
DEM MARK A. MUSICK,,231,,67.54%,,75,,150,,,3,,0,,1,,2,,
NO CANDIDATE(S) NOMINATED,,0,,0.00%,,0,,0,,,0,,0,,0,,0,,
NO CANDIDATE(S) NOMINATED,,0,,0.00%,,0,,0,,,0,,0,,0,,0,,
Write-In Totals,,0,,0.00%,,0,,0,,,0,,0,,0,,0,,
Total Votes Cast,,331,,96.78%,,126,,197,,,5,,0,,1,,2,,
Overvotes,,0,,0.00%,,0,,0,,,0,,0,,0,,0,,
Undervotes,,11,,3.22%,,6,,5,,,0,,0,,0,,0,,
Contest Totals,,342,,100.00%,,132,,202,,,5,,0,,1,,2,,
Precinct Summary - 11/12/2024     2:58 PM,,,,,,,,,,29,,,,,,,,, of 258
Report generated with Electionware Copyright © 2007-2019,,,,,,,,,,,,,,,,,,,
Summary Results Report,,,,,,,,,,OFFICIAL RESULTS,,,,,,,,,
General Election,,,,,,,,,,,,,,,,,,,
"November 5, 2024",,,,,,,,,,"Monongalia County, West Virginia",,,,,,,,,
PRECINCT 13,,,,,,,,,,,,,,,,,,,
,FOR SURVEYOR,,,,,,,,,,,,,,,,,,
,Vote For 1,,,,,,,,,,,,,,,,,,
,,,TOTAL,,VOTE %,,Election Day,,Early Vote,,,Absentee,,Canvass,,Absentee After ED,,Provisional,
REP BOB ANDRIOTTO,,240,,70.18%,,102,,135,,,1,,0,,0,,2,,
NO CANDIDATE(S) NOMINATED,,0,,0.00%,,0,,0,,,0,,0,,0,,0,,
NO CANDIDATE(S) NOMINATED,,0,,0.00%,,0,,0,,,0,,0,,0,,0,,
NO CANDIDATE(S) NOMINATED,,0,,0.00%,,0,,0,,,0,,0,,0,,0,,
Write-In Totals,,0,,0.00%,,0,,0,,,0,,0,,0,,0,,
Total Votes Cast,,240,,70.18%,,102,,135,,,1,,0,,0,,2,,
Overvotes,,0,,0.00%,,0,,0,,,0,,0,,0,,0,,
Undervotes,,102,,29.82%,,30,,67,,,4,,0,,1,,0,,
Contest Totals,,342,,100.00%,,132,,202,,,5,,0,,1,,2,,
,AMENDMENT NO. 1,,,,,,,,,,,,,,,,,,
,Vote For 1,,,,,,,,,,,,,,,,,,
,,,TOTAL,,VOTE %,,Election Day,,Early Vote,,,Absentee,,Canvass,,Absentee After ED,,Provisional,
For,,95,,27.78%,,46,,46,,,2,,0,,0,,1,,
Against,,216,,63.16%,,72,,139,,,3,,0,,1,,1,,
Total Votes Cast,,311,,90.94%,,118,,185,,,5,,0,,1,,2,,
Overvotes,,0,,0.00%,,0,,0,,,0,,0,,0,,0,,
Undervotes,,31,,9.06%,,14,,17,,,0,,0,,0,,0,,
Contest Totals,,342,,100.00%,,132,,202,,,5,,0,,1,,2,,
Precinct Summary - 11/12/2024     2:58 PM,,,,,,,,,,30,,,,,,,,, of 258
Report generated with Electionware Copyright © 2007-2019,,,,,,,,,,,,,,,,,,,
Summary Results Report,,,,,,,,,,OFFICIAL RESULTS,,,,,,,,,
General Election,,,,,,,,,,,,,,,,,,,
"November 5, 2024",,,,,,,,,,"Monongalia County, West Virginia",,,,,,,,,
PRECINCT 16,,,,,,,,,,,,,,,,,,,
Statistics,,TOTAL,,Election Day,,Early Vote,,Absentee,,,Canvass,,Absentee After ED,,Provisional,,,,
Registered Voters - Total,,"1,427",,,,,,,,,,,,,,,,,
Ballots Cast - Total,,704,,385,,294,,21,,,0,,3,,1,,,,
Ballots Cast - Blank,,0,,0,,0,,0,,,0,,0,,0,,,,
Voter Turnout - Total,,49.33%,,,,,,,,,,,,,,,,,
,FOR PRESIDENT,,,,,,,,,,,,,,,,,,
,Vote For 1,,,,,,,,,,,,,,,,,,
,,,TOTAL,,VOTE %,,Election Day,,Early Vote,,,Absentee,,Canvass,,Absentee After ED,,Provisional,
REP DONALD J. TRUMP,,198,,28.12%,,102,,89,,,5,,0,,2,,0,,
DEM KAMALA D. HARRIS,,465,,66.05%,,254,,193,,,16,,0,,1,,1,,
LBN CHASE OLIVER,,5,,0.71%,,3,,2,,,0,,0,,0,,0,,
MTN JILL STEIN,,13,,1.85%,,7,,6,,,0,,0,,0,,0,,
IND ROBERT F. KENNEDY JR.,,7,,0.99%,,6,,1,,,0,,0,,0,,0,,
Write-In Totals,,9,,1.28%,,7,,2,,,0,,0,,0,,0,,
Total Votes Cast,,697,,99.01%,,379,,293,,,21,,0,,3,,1,,
Overvotes,,0,,0.00%,,0,,0,,,0,,0,,0,,0,,
Undervotes,,7,,0.99%,,6,,1,,,0,,0,,0,,0,,
Contest Totals,,704,,100.00%,,385,,294,,,21,,0,,3,,1,,
,FOR U.S. SENATOR,,,,,,,,,,,,,,,,,,
,Vote For 1,,,,,,,,,,,,,,,,,,
,,,TOTAL,,VOTE %,,Election Day,,Early Vote,,,Absentee,,Canvass,,Absentee After ED,,Provisional,
REP JIM JUSTICE,,207,,29.40%,,105,,96,,,4,,0,,2,,0,,
DEM GLENN ELLIOTT,,452,,64.20%,,255,,180,,,15,,0,,1,,1,,
LBN DAVID MORAN,,28,,3.98%,,15,,12,,,1,,0,,0,,0,,
NO CANDIDATE(S) NOMINATED,,0,,0.00%,,0,,0,,,0,,0,,0,,0,,
Write-In Totals,,0,,0.00%,,0,,0,,,0,,0,,0,,0,,
Total Votes Cast,,687,,97.59%,,375,,288,,,20,,0,,3,,1,,
Overvotes,,0,,0.00%,,0,,0,,,0,,0,,0,,0,,
Undervotes,,17,,2.41%,,10,,6,,,1,,0,,0,,0,,
Contest Totals,,704,,100.00%,,385,,294,,,21,,0,,3,,1,,
,FOR U.S. HOUSE OF REPS 2ND DIST,,,,,,,,,,,,,,,,,,
,Vote For 1,,,,,,,,,,,,,,,,,,
,,,TOTAL,,VOTE %,,Election Day,,Early Vote,,,Absentee,,Canvass,,Absentee After ED,,Provisional,
REP RILEY MOORE,,220,,31.25%,,116,,99,,,3,,0,,2,,0,,
DEM STEVEN WENDELIN,,454,,64.49%,,252,,183,,,17,,0,,1,,1,,
NO CANDIDATE(S) NOMINATED,,0,,0.00%,,0,,0,,,0,,0,,0,,0,,
NO CANDIDATE(S) NOMINATED,,0,,0.00%,,0,,0,,,0,,0,,0,,0,,
Write-In Totals,,1,,0.14%,,1,,0,,,0,,0,,0,,0,,
Total Votes Cast,,675,,95.88%,,369,,282,,,20,,0,,3,,1,,
Overvotes,,0,,0.00%,,0,,0,,,0,,0,,0,,0,,
Undervotes,,29,,4.12%,,16,,12,,,1,,0,,0,,0,,
Contest Totals,,704,,100.00%,,385,,294,,,21,,0,,3,,1,,
Precinct Summary - 11/12/2024     2:58 PM,,,,,,,,,,31,,,,,,,,, of 258
Report generated with Electionware Copyright © 2007-2019,,,,,,,,,,,,,,,,,,,
Summary Results Report,,,,,,,,,,OFFICIAL RESULTS,,,,,,,,,
General Election,,,,,,,,,,,,,,,,,,,
"November 5, 2024",,,,,,,,,,"Monongalia County, West Virginia",,,,,,,,,
PRECINCT 16,,,,,,,,,,,,,,,,,,,
,FOR GOVERNOR,,,,,,,,,,,,,,,,,,
,Vote For 1,,,,,,,,,,,,,,,,,,
,,,TOTAL,,VOTE %,,Election Day,,Early Vote,,,Absentee,,Canvass,,Absentee After ED,,Provisional,
REP PATRICK MORRISEY,,186,,26.42%,,92,,91,,,2,,0,,1,,0,,
DEM STEVE WILLIAMS,,437,,62.07%,,241,,180,,,15,,0,,0,,1,,
LBN ERIKA KLIE KOLENICH,,30,,4.26%,,21,,9,,,0,,0,,0,,0,,
MTN CHASE LINKO-LOOPER,,22,,3.12%,,16,,4,,,2,,0,,0,,0,,
CST S. MARSHALL WILSON,,8,,1.14%,,4,,2,,,2,,0,,0,,0,,
Write-In Totals,,0,,0.00%,,0,,0,,,0,,0,,0,,0,,
Total Votes Cast,,683,,97.02%,,374,,286,,,21,,0,,1,,1,,
Overvotes,,0,,0.00%,,0,,0,,,0,,0,,0,,0,,
Undervotes,,21,,2.98%,,11,,8,,,0,,0,,2,,0,,
Contest Totals,,704,,100.00%,,385,,294,,,21,,0,,3,,1,,
,FOR SECRETARY OF STATE,,,,,,,,,,,,,,,,,,
,Vote For 1,,,,,,,,,,,,,,,,,,
,,,TOTAL,,VOTE %,,Election Day,,Early Vote,,,Absentee,,Canvass,,Absentee After ED,,Provisional,
REP KRIS WARNER,,211,,29.97%,,118,,88,,,3,,0,,2,,0,,
DEM THORNTON COOPER,,459,,65.20%,,249,,191,,,17,,0,,1,,1,,
NO CANDIDATE(S) NOMINATED,,0,,0.00%,,0,,0,,,0,,0,,0,,0,,
NO CANDIDATE(S) NOMINATED,,0,,0.00%,,0,,0,,,0,,0,,0,,0,,
Write-In Totals,,0,,0.00%,,0,,0,,,0,,0,,0,,0,,
Total Votes Cast,,670,,95.17%,,367,,279,,,20,,0,,3,,1,,
Overvotes,,0,,0.00%,,0,,0,,,0,,0,,0,,0,,
Undervotes,,34,,4.83%,,18,,15,,,1,,0,,0,,0,,
Contest Totals,,704,,100.00%,,385,,294,,,21,,0,,3,,1,,
,FOR AUDITOR,,,,,,,,,,,,,,,,,,
,Vote For 1,,,,,,,,,,,,,,,,,,
,,,TOTAL,,VOTE %,,Election Day,,Early Vote,,,Absentee,,Canvass,,Absentee After ED,,Provisional,
REP MARK HUNT,,213,,30.26%,,122,,88,,,2,,0,,1,,0,,
DEM MARY ANN ROEBUCK CLAYTOR,,453,,64.35%,,244,,189,,,18,,0,,1,,1,,
NO CANDIDATE(S) NOMINATED,,0,,0.00%,,0,,0,,,0,,0,,0,,0,,
NO CANDIDATE(S) NOMINATED,,0,,0.00%,,0,,0,,,0,,0,,0,,0,,
Write-In Totals,,0,,0.00%,,0,,0,,,0,,0,,0,,0,,
Total Votes Cast,,666,,94.60%,,366,,277,,,20,,0,,2,,1,,
Overvotes,,0,,0.00%,,0,,0,,,0,,0,,0,,0,,
Undervotes,,38,,5.40%,,19,,17,,,1,,0,,1,,0,,
Contest Totals,,704,,100.00%,,385,,294,,,21,,0,,3,,1,,
Precinct Summary - 11/12/2024     2:58 PM,,,,,,,,,,32,,,,,,,,, of 258
Report generated with Electionware Copyright © 2007-2019,,,,,,,,,,,,,,,,,,,
Summary Results Report,,,,,,,,,,OFFICIAL RESULTS,,,,,,,,,
General Election,,,,,,,,,,,,,,,,,,,
"November 5, 2024",,,,,,,,,,"Monongalia County, West Virginia",,,,,,,,,
PRECINCT 16,,,,,,,,,,,,,,,,,,,
,FOR TREASURER,,,,,,,,,,,,,,,,,,
,Vote For 1,,,,,,,,,,,,,,,,,,
,,,TOTAL,,VOTE %,,Election Day,,Early Vote,,,Absentee,,Canvass,,Absentee After ED,,Provisional,
REP LARRY PACK,,422,,59.94%,,236,,170,,,13,,0,,2,,1,,
NO CANDIDATE(S) NOMINATED,,0,,0.00%,,0,,0,,,0,,0,,0,,0,,
NO CANDIDATE(S) NOMINATED,,0,,0.00%,,0,,0,,,0,,0,,0,,0,,
NO CANDIDATE(S) NOMINATED,,0,,0.00%,,0,,0,,,0,,0,,0,,0,,
Write-In Totals,,21,,2.98%,,16,,5,,,0,,0,,0,,0,,
Total Votes Cast,,443,,62.93%,,252,,175,,,13,,0,,2,,1,,
Overvotes,,0,,0.00%,,0,,0,,,0,,0,,0,,0,,
Undervotes,,261,,37.07%,,133,,119,,,8,,0,,1,,0,,
Contest Totals,,704,,100.00%,,385,,294,,,21,,0,,3,,1,,
,FOR COMMISSIONER OF AGRICULTURE,,,,,,,,,,,,,,,,,,
,Vote For 1,,,,,,,,,,,,,,,,,,
,,,TOTAL,,VOTE %,,Election Day,,Early Vote,,,Absentee,,Canvass,,Absentee After ED,,Provisional,
REP KENT LEONHARDT,,246,,34.94%,,130,,108,,,7,,0,,1,,0,,
DEM DEBORAH STILES,,418,,59.38%,,234,,170,,,13,,0,,1,,0,,
NO CANDIDATE(S) NOMINATED,,0,,0.00%,,0,,0,,,0,,0,,0,,0,,
NO CANDIDATE(S) NOMINATED,,0,,0.00%,,0,,0,,,0,,0,,0,,0,,
Write-In Totals,,0,,0.00%,,0,,0,,,0,,0,,0,,0,,
Total Votes Cast,,664,,94.32%,,364,,278,,,20,,0,,2,,0,,
Overvotes,,0,,0.00%,,0,,0,,,0,,0,,0,,0,,
Undervotes,,40,,5.68%,,21,,16,,,1,,0,,1,,1,,
Contest Totals,,704,,100.00%,,385,,294,,,21,,0,,3,,1,,
,FOR ATTORNEY GENERAL,,,,,,,,,,,,,,,,,,
,Vote For 1,,,,,,,,,,,,,,,,,,
,,,TOTAL,,VOTE %,,Election Day,,Early Vote,,,Absentee,,Canvass,,Absentee After ED,,Provisional,
"REP JOHN ""JB"" McCUSKEY",,220,,31.25%,,118,,97,,,4,,0,,1,,0,,
DEM TERESA TORISEVA,,445,,63.21%,,247,,180,,,16,,0,,1,,1,,
NO CANDIDATE(S) NOMINATED,,0,,0.00%,,0,,0,,,0,,0,,0,,0,,
NO CANDIDATE(S) NOMINATED,,0,,0.00%,,0,,0,,,0,,0,,0,,0,,
Write-In Totals,,0,,0.00%,,0,,0,,,0,,0,,0,,0,,
Total Votes Cast,,665,,94.46%,,365,,277,,,20,,0,,2,,1,,
Overvotes,,0,,0.00%,,0,,0,,,0,,0,,0,,0,,
Undervotes,,39,,5.54%,,20,,17,,,1,,0,,1,,0,,
Contest Totals,,704,,100.00%,,385,,294,,,21,,0,,3,,1,,
Precinct Summary - 11/12/2024     2:58 PM,,,,,,,,,,33,,,,,,,,, of 258
Report generated with Electionware Copyright © 2007-2019,,,,,,,,,,,,,,,,,,,
Summary Results Report,,,,,,,,,,OFFICIAL RESULTS,,,,,,,,,
General Election,,,,,,,,,,,,,,,,,,,
"November 5, 2024",,,,,,,,,,"Monongalia County, West Virginia",,,,,,,,,
PRECINCT 16,,,,,,,,,,,,,,,,,,,
,FOR STATE SENATOR 13TH DISTRICT,,,,,,,,,,,,,,,,,,
,Vote For 1,,,,,,,,,,,,,,,,,,
,,,TOTAL,,VOTE %,,Election Day,,Early Vote,,,Absentee,,Canvass,,Absentee After ED,,Provisional,
REP REBECCA POLIS,,197,,27.98%,,107,,84,,,4,,0,,2,,0,,
DEM JOEY GARCIA,,472,,67.05%,,261,,193,,,16,,0,,1,,1,,
NO CANDIDATE(S) NOMINATED,,0,,0.00%,,0,,0,,,0,,0,,0,,0,,
NO CANDIDATE(S) NOMINATED,,0,,0.00%,,0,,0,,,0,,0,,0,,0,,
Write-In Totals,,0,,0.00%,,0,,0,,,0,,0,,0,,0,,
Total Votes Cast,,669,,95.03%,,368,,277,,,20,,0,,3,,1,,
Overvotes,,0,,0.00%,,0,,0,,,0,,0,,0,,0,,
Undervotes,,35,,4.97%,,17,,17,,,1,,0,,0,,0,,
Contest Totals,,704,,100.00%,,385,,294,,,21,,0,,3,,1,,
,FOR MEMBER OF HOUSE OF DELEGATES 81ST DISTRICT,,,,,,,,,,,,,,,,,,
,Vote For 1,,,,,,,,,,,,,,,,,,
,,,TOTAL,,VOTE %,,Election Day,,Early Vote,,,Absentee,,Canvass,,Absentee After ED,,Provisional,
NO CANDIDATE(S) NOMINATED,,0,,0.00%,,0,,0,,,0,,0,,0,,0,,
DEM ANITRA L.  HAMILTON,,558,,79.26%,,316,,222,,,17,,0,,2,,1,,
NO CANDIDATE(S) NOMINATED,,0,,0.00%,,0,,0,,,0,,0,,0,,0,,
NO CANDIDATE(S) NOMINATED,,0,,0.00%,,0,,0,,,0,,0,,0,,0,,
Write-In Totals,,8,,1.14%,,3,,5,,,0,,0,,0,,0,,
Total Votes Cast,,566,,80.40%,,319,,227,,,17,,0,,2,,1,,
Overvotes,,0,,0.00%,,0,,0,,,0,,0,,0,,0,,
Undervotes,,138,,19.60%,,66,,67,,,4,,0,,1,,0,,
Contest Totals,,704,,100.00%,,385,,294,,,21,,0,,3,,1,,
,FOR COUNTY COMMISSIONER,,,,,,,,,,,,,,,,,,
,Vote For 1,,,,,,,,,,,,,,,,,,
,,,TOTAL,,VOTE %,,Election Day,,Early Vote,,,Absentee,,Canvass,,Absentee After ED,,Provisional,
REP MARYANN (BABICH) FOLZ,,196,,27.84%,,107,,85,,,3,,0,,1,,0,,
DEM TOM  BLOOM,,463,,65.77%,,251,,196,,,15,,0,,1,,0,,
NO CANDIDATE(S) NOMINATED,,0,,0.00%,,0,,0,,,0,,0,,0,,0,,
NO CANDIDATE(S) NOMINATED,,0,,0.00%,,0,,0,,,0,,0,,0,,0,,
Write-In Totals,,1,,0.14%,,1,,0,,,0,,0,,0,,0,,
Total Votes Cast,,660,,93.75%,,359,,281,,,18,,0,,2,,0,,
Overvotes,,0,,0.00%,,0,,0,,,0,,0,,0,,0,,
Undervotes,,44,,6.25%,,26,,13,,,3,,0,,1,,1,,
Contest Totals,,704,,100.00%,,385,,294,,,21,,0,,3,,1,,
Precinct Summary - 11/12/2024     2:58 PM,,,,,,,,,,34,,,,,,,,, of 258
Report generated with Electionware Copyright © 2007-2019,,,,,,,,,,,,,,,,,,,
Summary Results Report,,,,,,,,,,OFFICIAL RESULTS,,,,,,,,,
General Election,,,,,,,,,,,,,,,,,,,
"November 5, 2024",,,,,,,,,,"Monongalia County, West Virginia",,,,,,,,,
PRECINCT 16,,,,,,,,,,,,,,,,,,,
,FOR PROSECUTING ATTORNEY,,,,,,,,,,,,,,,,,,
,Vote For 1,,,,,,,,,,,,,,,,,,
,,,TOTAL,,VOTE %,,Election Day,,Early Vote,,,Absentee,,Canvass,,Absentee After ED,,Provisional,
NO CANDIDATE(S) NOMINATED,,0,,0.00%,,0,,0,,,0,,0,,0,,0,,
"DEM GABRIELLE ""GABE"" MUCCIOLA",,574,,81.53%,,322,,230,,,19,,0,,2,,1,,
NO CANDIDATE(S) NOMINATED,,0,,0.00%,,0,,0,,,0,,0,,0,,0,,
NO CANDIDATE(S) NOMINATED,,0,,0.00%,,0,,0,,,0,,0,,0,,0,,
Write-In Totals,,6,,0.85%,,2,,4,,,0,,0,,0,,0,,
Total Votes Cast,,580,,82.39%,,324,,234,,,19,,0,,2,,1,,
Overvotes,,0,,0.00%,,0,,0,,,0,,0,,0,,0,,
Undervotes,,124,,17.61%,,61,,60,,,2,,0,,1,,0,,
Contest Totals,,704,,100.00%,,385,,294,,,21,,0,,3,,1,,
,FOR SHERIFF,,,,,,,,,,,,,,,,,,
,Vote For 1,,,,,,,,,,,,,,,,,,
,,,TOTAL,,VOTE %,,Election Day,,Early Vote,,,Absentee,,Canvass,,Absentee After ED,,Provisional,
REP JASON MORGAN,,204,,28.98%,,110,,87,,,6,,0,,1,,0,,
DEM TODD FORBES,,460,,65.34%,,253,,191,,,14,,0,,1,,1,,
NO CANDIDATE(S) NOMINATED,,0,,0.00%,,0,,0,,,0,,0,,0,,0,,
NO CANDIDATE(S) NOMINATED,,0,,0.00%,,0,,0,,,0,,0,,0,,0,,
Write-In Totals,,0,,0.00%,,0,,0,,,0,,0,,0,,0,,
Total Votes Cast,,664,,94.32%,,363,,278,,,20,,0,,2,,1,,
Overvotes,,0,,0.00%,,0,,0,,,0,,0,,0,,0,,
Undervotes,,40,,5.68%,,22,,16,,,1,,0,,1,,0,,
Contest Totals,,704,,100.00%,,385,,294,,,21,,0,,3,,1,,
,FOR ASSESSOR,,,,,,,,,,,,,,,,,,
,Vote For 1,,,,,,,,,,,,,,,,,,
,,,TOTAL,,VOTE %,,Election Day,,Early Vote,,,Absentee,,Canvass,,Absentee After ED,,Provisional,
REP RICH JACOBS,,168,,23.86%,,94,,71,,,2,,0,,1,,0,,
DEM MARK A. MUSICK,,495,,70.31%,,270,,206,,,17,,0,,1,,1,,
NO CANDIDATE(S) NOMINATED,,0,,0.00%,,0,,0,,,0,,0,,0,,0,,
NO CANDIDATE(S) NOMINATED,,0,,0.00%,,0,,0,,,0,,0,,0,,0,,
Write-In Totals,,0,,0.00%,,0,,0,,,0,,0,,0,,0,,
Total Votes Cast,,663,,94.18%,,364,,277,,,19,,0,,2,,1,,
Overvotes,,0,,0.00%,,0,,0,,,0,,0,,0,,0,,
Undervotes,,41,,5.82%,,21,,17,,,2,,0,,1,,0,,
Contest Totals,,704,,100.00%,,385,,294,,,21,,0,,3,,1,,
Precinct Summary - 11/12/2024     2:58 PM,,,,,,,,,,35,,,,,,,,, of 258
Report generated with Electionware Copyright © 2007-2019,,,,,,,,,,,,,,,,,,,
Summary Results Report,,,,,,,,,,OFFICIAL RESULTS,,,,,,,,,
General Election,,,,,,,,,,,,,,,,,,,
"November 5, 2024",,,,,,,,,,"Monongalia County, West Virginia",,,,,,,,,
PRECINCT 16,,,,,,,,,,,,,,,,,,,
,FOR SURVEYOR,,,,,,,,,,,,,,,,,,
,Vote For 1,,,,,,,,,,,,,,,,,,
,,,TOTAL,,VOTE %,,Election Day,,Early Vote,,,Absentee,,Canvass,,Absentee After ED,,Provisional,
REP BOB ANDRIOTTO,,432,,61.36%,,242,,175,,,13,,0,,2,,0,,
NO CANDIDATE(S) NOMINATED,,0,,0.00%,,0,,0,,,0,,0,,0,,0,,
NO CANDIDATE(S) NOMINATED,,0,,0.00%,,0,,0,,,0,,0,,0,,0,,
NO CANDIDATE(S) NOMINATED,,0,,0.00%,,0,,0,,,0,,0,,0,,0,,
Write-In Totals,,17,,2.41%,,12,,5,,,0,,0,,0,,0,,
Total Votes Cast,,449,,63.78%,,254,,180,,,13,,0,,2,,0,,
Overvotes,,0,,0.00%,,0,,0,,,0,,0,,0,,0,,
Undervotes,,255,,36.22%,,131,,114,,,8,,0,,1,,1,,
Contest Totals,,704,,100.00%,,385,,294,,,21,,0,,3,,1,,
,AMENDMENT NO. 1,,,,,,,,,,,,,,,,,,
,Vote For 1,,,,,,,,,,,,,,,,,,
,,,TOTAL,,VOTE %,,Election Day,,Early Vote,,,Absentee,,Canvass,,Absentee After ED,,Provisional,
For,,175,,24.86%,,95,,70,,,7,,0,,3,,0,,
Against,,454,,64.49%,,246,,196,,,11,,0,,0,,1,,
Total Votes Cast,,629,,89.35%,,341,,266,,,18,,0,,3,,1,,
Overvotes,,0,,0.00%,,0,,0,,,0,,0,,0,,0,,
Undervotes,,75,,10.65%,,44,,28,,,3,,0,,0,,0,,
Contest Totals,,704,,100.00%,,385,,294,,,21,,0,,3,,1,,
Precinct Summary - 11/12/2024     2:58 PM,,,,,,,,,,36,,,,,,,,, of 258
Report generated with Electionware Copyright © 2007-2019,,,,,,,,,,,,,,,,,,,
Summary Results Report,,,,,,,,,,OFFICIAL RESULTS,,,,,,,,,
General Election,,,,,,,,,,,,,,,,,,,
"November 5, 2024",,,,,,,,,,"Monongalia County, West Virginia",,,,,,,,,
PRECINCT 23,,,,,,,,,,,,,,,,,,,
Statistics,,TOTAL,,Election Day,,Early Vote,,Absentee,,,Canvass,,Absentee After ED,,Provisional,,,,
Registered Voters - Total,,"2,070",,,,,,,,,,,,,,,,,
Ballots Cast - Total,,"1,504",,466,,978,,54,,,0,,2,,4,,,,
Ballots Cast - Blank,,0,,0,,0,,0,,,0,,0,,0,,,,
Voter Turnout - Total,,72.66%,,,,,,,,,,,,,,,,,
,FOR PRESIDENT,,,,,,,,,,,,,,,,,,
,Vote For 1,,,,,,,,,,,,,,,,,,
,,,TOTAL,,VOTE %,,Election Day,,Early Vote,,,Absentee,,Canvass,,Absentee After ED,,Provisional,
REP DONALD J. TRUMP,,539,,35.84%,,185,,332,,,21,,0,,0,,1,,
DEM KAMALA D. HARRIS,,875,,58.18%,,236,,603,,,31,,0,,2,,3,,
LBN CHASE OLIVER,,17,,1.13%,,11,,6,,,0,,0,,0,,0,,
MTN JILL STEIN,,11,,0.73%,,5,,5,,,1,,0,,0,,0,,
IND ROBERT F. KENNEDY JR.,,30,,1.99%,,18,,12,,,0,,0,,0,,0,,
Write-In Totals,,11,,0.73%,,4,,7,,,0,,0,,0,,0,,
Total Votes Cast,,"1,483",,98.60%,,459,,965,,,53,,0,,2,,4,,
Overvotes,,0,,0.00%,,0,,0,,,0,,0,,0,,0,,
Undervotes,,21,,1.40%,,7,,13,,,1,,0,,0,,0,,
Contest Totals,,"1,504",,100.00%,,466,,978,,,54,,0,,2,,4,,
,FOR U.S. SENATOR,,,,,,,,,,,,,,,,,,
,Vote For 1,,,,,,,,,,,,,,,,,,
,,,TOTAL,,VOTE %,,Election Day,,Early Vote,,,Absentee,,Canvass,,Absentee After ED,,Provisional,
REP JIM JUSTICE,,584,,38.83%,,199,,362,,,22,,0,,0,,1,,
DEM GLENN ELLIOTT,,826,,54.92%,,225,,566,,,30,,0,,2,,3,,
LBN DAVID MORAN,,52,,3.46%,,26,,26,,,0,,0,,0,,0,,
NO CANDIDATE(S) NOMINATED,,0,,0.00%,,0,,0,,,0,,0,,0,,0,,
Write-In Totals,,3,,0.20%,,2,,1,,,0,,0,,0,,0,,
Total Votes Cast,,"1,465",,97.41%,,452,,955,,,52,,0,,2,,4,,
Overvotes,,0,,0.00%,,0,,0,,,0,,0,,0,,0,,
Undervotes,,39,,2.59%,,14,,23,,,2,,0,,0,,0,,
Contest Totals,,"1,504",,100.00%,,466,,978,,,54,,0,,2,,4,,
,FOR U.S. HOUSE OF REPS 2ND DIST,,,,,,,,,,,,,,,,,,
,Vote For 1,,,,,,,,,,,,,,,,,,
,,,TOTAL,,VOTE %,,Election Day,,Early Vote,,,Absentee,,Canvass,,Absentee After ED,,Provisional,
REP RILEY MOORE,,579,,38.50%,,204,,352,,,22,,0,,0,,1,,
DEM STEVEN WENDELIN,,825,,54.85%,,231,,561,,,28,,0,,2,,3,,
NO CANDIDATE(S) NOMINATED,,0,,0.00%,,0,,0,,,0,,0,,0,,0,,
NO CANDIDATE(S) NOMINATED,,0,,0.00%,,0,,0,,,0,,0,,0,,0,,
Write-In Totals,,0,,0.00%,,0,,0,,,0,,0,,0,,0,,
Total Votes Cast,,"1,404",,93.35%,,435,,913,,,50,,0,,2,,4,,
Overvotes,,0,,0.00%,,0,,0,,,0,,0,,0,,0,,
Undervotes,,100,,6.65%,,31,,65,,,4,,0,,0,,0,,
Contest Totals,,"1,504",,100.00%,,466,,978,,,54,,0,,2,,4,,
Precinct Summary - 11/12/2024     2:58 PM,,,,,,,,,,37,,,,,,,,, of 258
Report generated with Electionware Copyright © 2007-2019,,,,,,,,,,,,,,,,,,,
Summary Results Report,,,,,,,,,,OFFICIAL RESULTS,,,,,,,,,
General Election,,,,,,,,,,,,,,,,,,,
"November 5, 2024",,,,,,,,,,"Monongalia County, West Virginia",,,,,,,,,
PRECINCT 23,,,,,,,,,,,,,,,,,,,
,FOR GOVERNOR,,,,,,,,,,,,,,,,,,
,Vote For 1,,,,,,,,,,,,,,,,,,
,,,TOTAL,,VOTE %,,Election Day,,Early Vote,,,Absentee,,Canvass,,Absentee After ED,,Provisional,
REP PATRICK MORRISEY,,512,,34.04%,,169,,321,,,20,,0,,1,,1,,
DEM STEVE WILLIAMS,,877,,58.31%,,241,,600,,,32,,0,,1,,3,,
LBN ERIKA KLIE KOLENICH,,52,,3.46%,,26,,26,,,0,,0,,0,,0,,
MTN CHASE LINKO-LOOPER,,14,,0.93%,,9,,4,,,1,,0,,0,,0,,
CST S. MARSHALL WILSON,,5,,0.33%,,2,,3,,,0,,0,,0,,0,,
Write-In Totals,,3,,0.20%,,1,,2,,,0,,0,,0,,0,,
Total Votes Cast,,"1,463",,97.27%,,448,,956,,,53,,0,,2,,4,,
Overvotes,,0,,0.00%,,0,,0,,,0,,0,,0,,0,,
Undervotes,,41,,2.73%,,18,,22,,,1,,0,,0,,0,,
Contest Totals,,"1,504",,100.00%,,466,,978,,,54,,0,,2,,4,,
,FOR SECRETARY OF STATE,,,,,,,,,,,,,,,,,,
,Vote For 1,,,,,,,,,,,,,,,,,,
,,,TOTAL,,VOTE %,,Election Day,,Early Vote,,,Absentee,,Canvass,,Absentee After ED,,Provisional,
REP KRIS WARNER,,597,,39.69%,,205,,367,,,24,,0,,0,,1,,
DEM THORNTON COOPER,,832,,55.32%,,235,,564,,,28,,0,,2,,3,,
NO CANDIDATE(S) NOMINATED,,0,,0.00%,,0,,0,,,0,,0,,0,,0,,
NO CANDIDATE(S) NOMINATED,,0,,0.00%,,0,,0,,,0,,0,,0,,0,,
Write-In Totals,,1,,0.07%,,1,,0,,,0,,0,,0,,0,,
Total Votes Cast,,"1,430",,95.08%,,441,,931,,,52,,0,,2,,4,,
Overvotes,,0,,0.00%,,0,,0,,,0,,0,,0,,0,,
Undervotes,,74,,4.92%,,25,,47,,,2,,0,,0,,0,,
Contest Totals,,"1,504",,100.00%,,466,,978,,,54,,0,,2,,4,,
,FOR AUDITOR,,,,,,,,,,,,,,,,,,
,Vote For 1,,,,,,,,,,,,,,,,,,
,,,TOTAL,,VOTE %,,Election Day,,Early Vote,,,Absentee,,Canvass,,Absentee After ED,,Provisional,
REP MARK HUNT,,557,,37.03%,,189,,348,,,19,,0,,0,,1,,
DEM MARY ANN ROEBUCK CLAYTOR,,832,,55.32%,,239,,556,,,32,,0,,2,,3,,
NO CANDIDATE(S) NOMINATED,,0,,0.00%,,0,,0,,,0,,0,,0,,0,,
NO CANDIDATE(S) NOMINATED,,0,,0.00%,,0,,0,,,0,,0,,0,,0,,
Write-In Totals,,0,,0.00%,,0,,0,,,0,,0,,0,,0,,
Total Votes Cast,,"1,389",,92.35%,,428,,904,,,51,,0,,2,,4,,
Overvotes,,0,,0.00%,,0,,0,,,0,,0,,0,,0,,
Undervotes,,115,,7.65%,,38,,74,,,3,,0,,0,,0,,
Contest Totals,,"1,504",,100.00%,,466,,978,,,54,,0,,2,,4,,
Precinct Summary - 11/12/2024     2:58 PM,,,,,,,,,,38,,,,,,,,, of 258
Report generated with Electionware Copyright © 2007-2019,,,,,,,,,,,,,,,,,,,
Summary Results Report,,,,,,,,,,OFFICIAL RESULTS,,,,,,,,,
General Election,,,,,,,,,,,,,,,,,,,
"November 5, 2024",,,,,,,,,,"Monongalia County, West Virginia",,,,,,,,,
PRECINCT 23,,,,,,,,,,,,,,,,,,,
,FOR TREASURER,,,,,,,,,,,,,,,,,,
,Vote For 1,,,,,,,,,,,,,,,,,,
,,,TOTAL,,VOTE %,,Election Day,,Early Vote,,,Absentee,,Canvass,,Absentee After ED,,Provisional,
REP LARRY PACK,,901,,59.91%,,309,,548,,,39,,0,,2,,3,,
NO CANDIDATE(S) NOMINATED,,0,,0.00%,,0,,0,,,0,,0,,0,,0,,
NO CANDIDATE(S) NOMINATED,,0,,0.00%,,0,,0,,,0,,0,,0,,0,,
NO CANDIDATE(S) NOMINATED,,0,,0.00%,,0,,0,,,0,,0,,0,,0,,
Write-In Totals,,36,,2.39%,,15,,20,,,1,,0,,0,,0,,
Total Votes Cast,,937,,62.30%,,324,,568,,,40,,0,,2,,3,,
Overvotes,,0,,0.00%,,0,,0,,,0,,0,,0,,0,,
Undervotes,,567,,37.70%,,142,,410,,,14,,0,,0,,1,,
Contest Totals,,"1,504",,100.00%,,466,,978,,,54,,0,,2,,4,,
,FOR COMMISSIONER OF AGRICULTURE,,,,,,,,,,,,,,,,,,
,Vote For 1,,,,,,,,,,,,,,,,,,
,,,TOTAL,,VOTE %,,Election Day,,Early Vote,,,Absentee,,Canvass,,Absentee After ED,,Provisional,
REP KENT LEONHARDT,,681,,45.28%,,228,,423,,,28,,0,,1,,1,,
DEM DEBORAH STILES,,723,,48.07%,,201,,494,,,24,,0,,1,,3,,
NO CANDIDATE(S) NOMINATED,,0,,0.00%,,0,,0,,,0,,0,,0,,0,,
NO CANDIDATE(S) NOMINATED,,0,,0.00%,,0,,0,,,0,,0,,0,,0,,
Write-In Totals,,0,,0.00%,,0,,0,,,0,,0,,0,,0,,
Total Votes Cast,,"1,404",,93.35%,,429,,917,,,52,,0,,2,,4,,
Overvotes,,0,,0.00%,,0,,0,,,0,,0,,0,,0,,
Undervotes,,100,,6.65%,,37,,61,,,2,,0,,0,,0,,
Contest Totals,,"1,504",,100.00%,,466,,978,,,54,,0,,2,,4,,
,FOR ATTORNEY GENERAL,,,,,,,,,,,,,,,,,,
,Vote For 1,,,,,,,,,,,,,,,,,,
,,,TOTAL,,VOTE %,,Election Day,,Early Vote,,,Absentee,,Canvass,,Absentee After ED,,Provisional,
"REP JOHN ""JB"" McCUSKEY",,575,,38.23%,,199,,352,,,22,,0,,0,,2,,
DEM TERESA TORISEVA,,829,,55.12%,,234,,561,,,30,,0,,2,,2,,
NO CANDIDATE(S) NOMINATED,,0,,0.00%,,0,,0,,,0,,0,,0,,0,,
NO CANDIDATE(S) NOMINATED,,0,,0.00%,,0,,0,,,0,,0,,0,,0,,
Write-In Totals,,1,,0.07%,,0,,1,,,0,,0,,0,,0,,
Total Votes Cast,,"1,405",,93.42%,,433,,914,,,52,,0,,2,,4,,
Overvotes,,0,,0.00%,,0,,0,,,0,,0,,0,,0,,
Undervotes,,99,,6.58%,,33,,64,,,2,,0,,0,,0,,
Contest Totals,,"1,504",,100.00%,,466,,978,,,54,,0,,2,,4,,
Precinct Summary - 11/12/2024     2:58 PM,,,,,,,,,,39,,,,,,,,, of 258
Report generated with Electionware Copyright © 2007-2019,,,,,,,,,,,,,,,,,,,
Summary Results Report,,,,,,,,,,OFFICIAL RESULTS,,,,,,,,,
General Election,,,,,,,,,,,,,,,,,,,
"November 5, 2024",,,,,,,,,,"Monongalia County, West Virginia",,,,,,,,,
PRECINCT 23,,,,,,,,,,,,,,,,,,,
,FOR STATE SENATOR 13TH DISTRICT,,,,,,,,,,,,,,,,,,
,Vote For 1,,,,,,,,,,,,,,,,,,
,,,TOTAL,,VOTE %,,Election Day,,Early Vote,,,Absentee,,Canvass,,Absentee After ED,,Provisional,
REP REBECCA POLIS,,513,,34.11%,,171,,321,,,20,,0,,0,,1,,
DEM JOEY GARCIA,,894,,59.44%,,258,,599,,,32,,0,,2,,3,,
NO CANDIDATE(S) NOMINATED,,0,,0.00%,,0,,0,,,0,,0,,0,,0,,
NO CANDIDATE(S) NOMINATED,,0,,0.00%,,0,,0,,,0,,0,,0,,0,,
Write-In Totals,,0,,0.00%,,0,,0,,,0,,0,,0,,0,,
Total Votes Cast,,"1,407",,93.55%,,429,,920,,,52,,0,,2,,4,,
Overvotes,,0,,0.00%,,0,,0,,,0,,0,,0,,0,,
Undervotes,,97,,6.45%,,37,,58,,,2,,0,,0,,0,,
Contest Totals,,"1,504",,100.00%,,466,,978,,,54,,0,,2,,4,,
,FOR MEMBER OF HOUSE OF DELEGATES 80TH DISTRICT,,,,,,,,,,,,,,,,,,
,Vote For 1,,,,,,,,,,,,,,,,,,
,,,TOTAL,,VOTE %,,Election Day,,Early Vote,,,Absentee,,Canvass,,Absentee After ED,,Provisional,
REP SUMMER D.  HARTLEY,,499,,33.18%,,176,,302,,,19,,0,,1,,1,,
DEM JOHN WILLIAMS,,948,,63.03%,,271,,640,,,33,,0,,1,,3,,
NO CANDIDATE(S) NOMINATED,,0,,0.00%,,0,,0,,,0,,0,,0,,0,,
NO CANDIDATE(S) NOMINATED,,0,,0.00%,,0,,0,,,0,,0,,0,,0,,
Write-In Totals,,0,,0.00%,,0,,0,,,0,,0,,0,,0,,
Total Votes Cast,,"1,447",,96.21%,,447,,942,,,52,,0,,2,,4,,
Overvotes,,0,,0.00%,,0,,0,,,0,,0,,0,,0,,
Undervotes,,57,,3.79%,,19,,36,,,2,,0,,0,,0,,
Contest Totals,,"1,504",,100.00%,,466,,978,,,54,,0,,2,,4,,
,FOR COUNTY COMMISSIONER,,,,,,,,,,,,,,,,,,
,Vote For 1,,,,,,,,,,,,,,,,,,
,,,TOTAL,,VOTE %,,Election Day,,Early Vote,,,Absentee,,Canvass,,Absentee After ED,,Provisional,
REP MARYANN (BABICH) FOLZ,,517,,34.38%,,187,,316,,,10,,0,,2,,2,,
DEM TOM  BLOOM,,918,,61.04%,,250,,623,,,43,,0,,0,,2,,
NO CANDIDATE(S) NOMINATED,,0,,0.00%,,0,,0,,,0,,0,,0,,0,,
NO CANDIDATE(S) NOMINATED,,0,,0.00%,,0,,0,,,0,,0,,0,,0,,
Write-In Totals,,1,,0.07%,,0,,1,,,0,,0,,0,,0,,
Total Votes Cast,,"1,436",,95.48%,,437,,940,,,53,,0,,2,,4,,
Overvotes,,0,,0.00%,,0,,0,,,0,,0,,0,,0,,
Undervotes,,68,,4.52%,,29,,38,,,1,,0,,0,,0,,
Contest Totals,,"1,504",,100.00%,,466,,978,,,54,,0,,2,,4,,
Precinct Summary - 11/12/2024     2:58 PM,,,,,,,,,,40,,,,,,,,, of 258
Report generated with Electionware Copyright © 2007-2019,,,,,,,,,,,,,,,,,,,
Summary Results Report,,,,,,,,,,OFFICIAL RESULTS,,,,,,,,,
General Election,,,,,,,,,,,,,,,,,,,
"November 5, 2024",,,,,,,,,,"Monongalia County, West Virginia",,,,,,,,,
PRECINCT 23,,,,,,,,,,,,,,,,,,,
,FOR PROSECUTING ATTORNEY,,,,,,,,,,,,,,,,,,
,Vote For 1,,,,,,,,,,,,,,,,,,
,,,TOTAL,,VOTE %,,Election Day,,Early Vote,,,Absentee,,Canvass,,Absentee After ED,,Provisional,
NO CANDIDATE(S) NOMINATED,,0,,0.00%,,0,,0,,,0,,0,,0,,0,,
"DEM GABRIELLE ""GABE"" MUCCIOLA",,"1,141",,75.86%,,366,,725,,,45,,0,,2,,3,,
NO CANDIDATE(S) NOMINATED,,0,,0.00%,,0,,0,,,0,,0,,0,,0,,
NO CANDIDATE(S) NOMINATED,,0,,0.00%,,0,,0,,,0,,0,,0,,0,,
Write-In Totals,,11,,0.73%,,3,,8,,,0,,0,,0,,0,,
Total Votes Cast,,"1,152",,76.60%,,369,,733,,,45,,0,,2,,3,,
Overvotes,,0,,0.00%,,0,,0,,,0,,0,,0,,0,,
Undervotes,,352,,23.40%,,97,,245,,,9,,0,,0,,1,,
Contest Totals,,"1,504",,100.00%,,466,,978,,,54,,0,,2,,4,,
,FOR SHERIFF,,,,,,,,,,,,,,,,,,
,Vote For 1,,,,,,,,,,,,,,,,,,
,,,TOTAL,,VOTE %,,Election Day,,Early Vote,,,Absentee,,Canvass,,Absentee After ED,,Provisional,
REP JASON MORGAN,,510,,33.91%,,176,,312,,,20,,0,,1,,1,,
DEM TODD FORBES,,911,,60.57%,,253,,622,,,32,,0,,1,,3,,
NO CANDIDATE(S) NOMINATED,,0,,0.00%,,0,,0,,,0,,0,,0,,0,,
NO CANDIDATE(S) NOMINATED,,0,,0.00%,,0,,0,,,0,,0,,0,,0,,
Write-In Totals,,1,,0.07%,,1,,0,,,0,,0,,0,,0,,
Total Votes Cast,,"1,422",,94.55%,,430,,934,,,52,,0,,2,,4,,
Overvotes,,0,,0.00%,,0,,0,,,0,,0,,0,,0,,
Undervotes,,82,,5.45%,,36,,44,,,2,,0,,0,,0,,
Contest Totals,,"1,504",,100.00%,,466,,978,,,54,,0,,2,,4,,
,FOR ASSESSOR,,,,,,,,,,,,,,,,,,
,Vote For 1,,,,,,,,,,,,,,,,,,
,,,TOTAL,,VOTE %,,Election Day,,Early Vote,,,Absentee,,Canvass,,Absentee After ED,,Provisional,
REP RICH JACOBS,,390,,25.93%,,149,,225,,,14,,0,,1,,1,,
DEM MARK A. MUSICK,,"1,046",,69.55%,,291,,713,,,38,,0,,1,,3,,
NO CANDIDATE(S) NOMINATED,,0,,0.00%,,0,,0,,,0,,0,,0,,0,,
NO CANDIDATE(S) NOMINATED,,0,,0.00%,,0,,0,,,0,,0,,0,,0,,
Write-In Totals,,0,,0.00%,,0,,0,,,0,,0,,0,,0,,
Total Votes Cast,,"1,436",,95.48%,,440,,938,,,52,,0,,2,,4,,
Overvotes,,0,,0.00%,,0,,0,,,0,,0,,0,,0,,
Undervotes,,68,,4.52%,,26,,40,,,2,,0,,0,,0,,
Contest Totals,,"1,504",,100.00%,,466,,978,,,54,,0,,2,,4,,
Precinct Summary - 11/12/2024     2:58 PM,,,,,,,,,,41,,,,,,,,, of 258
Report generated with Electionware Copyright © 2007-2019,,,,,,,,,,,,,,,,,,,
Summary Results Report,,,,,,,,,,OFFICIAL RESULTS,,,,,,,,,
General Election,,,,,,,,,,,,,,,,,,,
"November 5, 2024",,,,,,,,,,"Monongalia County, West Virginia",,,,,,,,,
PRECINCT 23,,,,,,,,,,,,,,,,,,,
,FOR SURVEYOR,,,,,,,,,,,,,,,,,,
,Vote For 1,,,,,,,,,,,,,,,,,,
,,,TOTAL,,VOTE %,,Election Day,,Early Vote,,,Absentee,,Canvass,,Absentee After ED,,Provisional,
REP BOB ANDRIOTTO,,946,,62.90%,,320,,579,,,42,,0,,2,,3,,
NO CANDIDATE(S) NOMINATED,,0,,0.00%,,0,,0,,,0,,0,,0,,0,,
NO CANDIDATE(S) NOMINATED,,0,,0.00%,,0,,0,,,0,,0,,0,,0,,
NO CANDIDATE(S) NOMINATED,,0,,0.00%,,0,,0,,,0,,0,,0,,0,,
Write-In Totals,,16,,1.06%,,8,,7,,,1,,0,,0,,0,,
Total Votes Cast,,962,,63.96%,,328,,586,,,43,,0,,2,,3,,
Overvotes,,0,,0.00%,,0,,0,,,0,,0,,0,,0,,
Undervotes,,542,,36.04%,,138,,392,,,11,,0,,0,,1,,
Contest Totals,,"1,504",,100.00%,,466,,978,,,54,,0,,2,,4,,
,AMENDMENT NO. 1,,,,,,,,,,,,,,,,,,
,Vote For 1,,,,,,,,,,,,,,,,,,
,,,TOTAL,,VOTE %,,Election Day,,Early Vote,,,Absentee,,Canvass,,Absentee After ED,,Provisional,
For,,439,,29.19%,,147,,264,,,24,,0,,1,,3,,
Against,,939,,62.43%,,267,,643,,,27,,0,,1,,1,,
Total Votes Cast,,"1,378",,91.62%,,414,,907,,,51,,0,,2,,4,,
Overvotes,,0,,0.00%,,0,,0,,,0,,0,,0,,0,,
Undervotes,,126,,8.38%,,52,,71,,,3,,0,,0,,0,,
Contest Totals,,"1,504",,100.00%,,466,,978,,,54,,0,,2,,4,,
Precinct Summary - 11/12/2024     2:58 PM,,,,,,,,,,42,,,,,,,,, of 258
Report generated with Electionware Copyright © 2007-2019,,,,,,,,,,,,,,,,,,,
Summary Results Report,,,,,,,,,,OFFICIAL RESULTS,,,,,,,,,
General Election,,,,,,,,,,,,,,,,,,,
"November 5, 2024",,,,,,,,,,"Monongalia County, West Virginia",,,,,,,,,
PRECINCT 25,,,,,,,,,,,,,,,,,,,
Statistics,,TOTAL,,Election Day,,Early Vote,,Absentee,,,Canvass,,Absentee After ED,,Provisional,,,,
Registered Voters - Total,,"1,149",,,,,,,,,,,,,,,,,
Ballots Cast - Total,,697,,308,,369,,13,,,0,,3,,4,,,,
Ballots Cast - Blank,,0,,0,,0,,0,,,0,,0,,0,,,,
Voter Turnout - Total,,60.66%,,,,,,,,,,,,,,,,,
,FOR PRESIDENT,,,,,,,,,,,,,,,,,,
,Vote For 1,,,,,,,,,,,,,,,,,,
,,,TOTAL,,VOTE %,,Election Day,,Early Vote,,,Absentee,,Canvass,,Absentee After ED,,Provisional,
REP DONALD J. TRUMP,,321,,46.05%,,137,,176,,,4,,0,,2,,2,,
DEM KAMALA D. HARRIS,,348,,49.93%,,151,,186,,,8,,0,,1,,2,,
LBN CHASE OLIVER,,2,,0.29%,,2,,0,,,0,,0,,0,,0,,
MTN JILL STEIN,,3,,0.43%,,3,,0,,,0,,0,,0,,0,,
IND ROBERT F. KENNEDY JR.,,10,,1.43%,,6,,4,,,0,,0,,0,,0,,
Write-In Totals,,8,,1.15%,,6,,1,,,1,,0,,0,,0,,
Total Votes Cast,,692,,99.28%,,305,,367,,,13,,0,,3,,4,,
Overvotes,,0,,0.00%,,0,,0,,,0,,0,,0,,0,,
Undervotes,,5,,0.72%,,3,,2,,,0,,0,,0,,0,,
Contest Totals,,697,,100.00%,,308,,369,,,13,,0,,3,,4,,
,FOR U.S. SENATOR,,,,,,,,,,,,,,,,,,
,Vote For 1,,,,,,,,,,,,,,,,,,
,,,TOTAL,,VOTE %,,Election Day,,Early Vote,,,Absentee,,Canvass,,Absentee After ED,,Provisional,
REP JIM JUSTICE,,309,,44.33%,,136,,167,,,3,,0,,2,,1,,
DEM GLENN ELLIOTT,,338,,48.49%,,149,,180,,,6,,0,,1,,2,,
LBN DAVID MORAN,,28,,4.02%,,13,,12,,,3,,0,,0,,0,,
NO CANDIDATE(S) NOMINATED,,0,,0.00%,,0,,0,,,0,,0,,0,,0,,
Write-In Totals,,1,,0.14%,,1,,0,,,0,,0,,0,,0,,
Total Votes Cast,,676,,96.99%,,299,,359,,,12,,0,,3,,3,,
Overvotes,,0,,0.00%,,0,,0,,,0,,0,,0,,0,,
Undervotes,,21,,3.01%,,9,,10,,,1,,0,,0,,1,,
Contest Totals,,697,,100.00%,,308,,369,,,13,,0,,3,,4,,
,FOR U.S. HOUSE OF REPS 2ND DIST,,,,,,,,,,,,,,,,,,
,Vote For 1,,,,,,,,,,,,,,,,,,
,,,TOTAL,,VOTE %,,Election Day,,Early Vote,,,Absentee,,Canvass,,Absentee After ED,,Provisional,
REP RILEY MOORE,,316,,45.34%,,144,,163,,,6,,0,,2,,1,,
DEM STEVEN WENDELIN,,334,,47.92%,,144,,181,,,6,,0,,1,,2,,
NO CANDIDATE(S) NOMINATED,,0,,0.00%,,0,,0,,,0,,0,,0,,0,,
NO CANDIDATE(S) NOMINATED,,0,,0.00%,,0,,0,,,0,,0,,0,,0,,
Write-In Totals,,0,,0.00%,,0,,0,,,0,,0,,0,,0,,
Total Votes Cast,,650,,93.26%,,288,,344,,,12,,0,,3,,3,,
Overvotes,,0,,0.00%,,0,,0,,,0,,0,,0,,0,,
Undervotes,,47,,6.74%,,20,,25,,,1,,0,,0,,1,,
Contest Totals,,697,,100.00%,,308,,369,,,13,,0,,3,,4,,
Precinct Summary - 11/12/2024     2:58 PM,,,,,,,,,,43,,,,,,,,, of 258
Report generated with Electionware Copyright © 2007-2019,,,,,,,,,,,,,,,,,,,
Summary Results Report,,,,,,,,,,OFFICIAL RESULTS,,,,,,,,,
General Election,,,,,,,,,,,,,,,,,,,
"November 5, 2024",,,,,,,,,,"Monongalia County, West Virginia",,,,,,,,,
PRECINCT 25,,,,,,,,,,,,,,,,,,,
,FOR GOVERNOR,,,,,,,,,,,,,,,,,,
,Vote For 1,,,,,,,,,,,,,,,,,,
,,,TOTAL,,VOTE %,,Election Day,,Early Vote,,,Absentee,,Canvass,,Absentee After ED,,Provisional,
REP PATRICK MORRISEY,,277,,39.74%,,123,,149,,,2,,0,,2,,1,,
DEM STEVE WILLIAMS,,349,,50.07%,,153,,186,,,8,,0,,1,,1,,
LBN ERIKA KLIE KOLENICH,,23,,3.30%,,12,,9,,,1,,0,,0,,1,,
MTN CHASE LINKO-LOOPER,,10,,1.43%,,5,,5,,,0,,0,,0,,0,,
CST S. MARSHALL WILSON,,3,,0.43%,,2,,1,,,0,,0,,0,,0,,
Write-In Totals,,1,,0.14%,,1,,0,,,0,,0,,0,,0,,
Total Votes Cast,,663,,95.12%,,296,,350,,,11,,0,,3,,3,,
Overvotes,,0,,0.00%,,0,,0,,,0,,0,,0,,0,,
Undervotes,,34,,4.88%,,12,,19,,,2,,0,,0,,1,,
Contest Totals,,697,,100.00%,,308,,369,,,13,,0,,3,,4,,
,FOR SECRETARY OF STATE,,,,,,,,,,,,,,,,,,
,Vote For 1,,,,,,,,,,,,,,,,,,
,,,TOTAL,,VOTE %,,Election Day,,Early Vote,,,Absentee,,Canvass,,Absentee After ED,,Provisional,
REP KRIS WARNER,,315,,45.19%,,148,,159,,,6,,0,,1,,1,,
DEM THORNTON COOPER,,337,,48.35%,,143,,185,,,6,,0,,1,,2,,
NO CANDIDATE(S) NOMINATED,,0,,0.00%,,0,,0,,,0,,0,,0,,0,,
NO CANDIDATE(S) NOMINATED,,0,,0.00%,,0,,0,,,0,,0,,0,,0,,
Write-In Totals,,1,,0.14%,,1,,0,,,0,,0,,0,,0,,
Total Votes Cast,,653,,93.69%,,292,,344,,,12,,0,,2,,3,,
Overvotes,,0,,0.00%,,0,,0,,,0,,0,,0,,0,,
Undervotes,,44,,6.31%,,16,,25,,,1,,0,,1,,1,,
Contest Totals,,697,,100.00%,,308,,369,,,13,,0,,3,,4,,
,FOR AUDITOR,,,,,,,,,,,,,,,,,,
,Vote For 1,,,,,,,,,,,,,,,,,,
,,,TOTAL,,VOTE %,,Election Day,,Early Vote,,,Absentee,,Canvass,,Absentee After ED,,Provisional,
REP MARK HUNT,,294,,42.18%,,132,,155,,,5,,0,,1,,1,,
DEM MARY ANN ROEBUCK CLAYTOR,,352,,50.50%,,156,,186,,,7,,0,,1,,2,,
NO CANDIDATE(S) NOMINATED,,0,,0.00%,,0,,0,,,0,,0,,0,,0,,
NO CANDIDATE(S) NOMINATED,,0,,0.00%,,0,,0,,,0,,0,,0,,0,,
Write-In Totals,,1,,0.14%,,0,,1,,,0,,0,,0,,0,,
Total Votes Cast,,647,,92.83%,,288,,342,,,12,,0,,2,,3,,
Overvotes,,0,,0.00%,,0,,0,,,0,,0,,0,,0,,
Undervotes,,50,,7.17%,,20,,27,,,1,,0,,1,,1,,
Contest Totals,,697,,100.00%,,308,,369,,,13,,0,,3,,4,,
Precinct Summary - 11/12/2024     2:58 PM,,,,,,,,,,44,,,,,,,,, of 258
Report generated with Electionware Copyright © 2007-2019,,,,,,,,,,,,,,,,,,,
Summary Results Report,,,,,,,,,,OFFICIAL RESULTS,,,,,,,,,
General Election,,,,,,,,,,,,,,,,,,,
"November 5, 2024",,,,,,,,,,"Monongalia County, West Virginia",,,,,,,,,
PRECINCT 25,,,,,,,,,,,,,,,,,,,
,FOR TREASURER,,,,,,,,,,,,,,,,,,
,Vote For 1,,,,,,,,,,,,,,,,,,
,,,TOTAL,,VOTE %,,Election Day,,Early Vote,,,Absentee,,Canvass,,Absentee After ED,,Provisional,
REP LARRY PACK,,465,,66.71%,,220,,234,,,8,,0,,2,,1,,
NO CANDIDATE(S) NOMINATED,,0,,0.00%,,0,,0,,,0,,0,,0,,0,,
NO CANDIDATE(S) NOMINATED,,0,,0.00%,,0,,0,,,0,,0,,0,,0,,
NO CANDIDATE(S) NOMINATED,,0,,0.00%,,0,,0,,,0,,0,,0,,0,,
Write-In Totals,,16,,2.30%,,6,,9,,,0,,0,,0,,1,,
Total Votes Cast,,481,,69.01%,,226,,243,,,8,,0,,2,,2,,
Overvotes,,0,,0.00%,,0,,0,,,0,,0,,0,,0,,
Undervotes,,216,,30.99%,,82,,126,,,5,,0,,1,,2,,
Contest Totals,,697,,100.00%,,308,,369,,,13,,0,,3,,4,,
,FOR COMMISSIONER OF AGRICULTURE,,,,,,,,,,,,,,,,,,
,Vote For 1,,,,,,,,,,,,,,,,,,
,,,TOTAL,,VOTE %,,Election Day,,Early Vote,,,Absentee,,Canvass,,Absentee After ED,,Provisional,
REP KENT LEONHARDT,,337,,48.35%,,153,,175,,,7,,0,,1,,1,,
DEM DEBORAH STILES,,320,,45.91%,,137,,175,,,5,,0,,1,,2,,
NO CANDIDATE(S) NOMINATED,,0,,0.00%,,0,,0,,,0,,0,,0,,0,,
NO CANDIDATE(S) NOMINATED,,0,,0.00%,,0,,0,,,0,,0,,0,,0,,
Write-In Totals,,0,,0.00%,,0,,0,,,0,,0,,0,,0,,
Total Votes Cast,,657,,94.26%,,290,,350,,,12,,0,,2,,3,,
Overvotes,,0,,0.00%,,0,,0,,,0,,0,,0,,0,,
Undervotes,,40,,5.74%,,18,,19,,,1,,0,,1,,1,,
Contest Totals,,697,,100.00%,,308,,369,,,13,,0,,3,,4,,
,FOR ATTORNEY GENERAL,,,,,,,,,,,,,,,,,,
,Vote For 1,,,,,,,,,,,,,,,,,,
,,,TOTAL,,VOTE %,,Election Day,,Early Vote,,,Absentee,,Canvass,,Absentee After ED,,Provisional,
"REP JOHN ""JB"" McCUSKEY",,309,,44.33%,,138,,162,,,7,,0,,1,,1,,
DEM TERESA TORISEVA,,349,,50.07%,,149,,192,,,5,,0,,1,,2,,
NO CANDIDATE(S) NOMINATED,,0,,0.00%,,0,,0,,,0,,0,,0,,0,,
NO CANDIDATE(S) NOMINATED,,0,,0.00%,,0,,0,,,0,,0,,0,,0,,
Write-In Totals,,0,,0.00%,,0,,0,,,0,,0,,0,,0,,
Total Votes Cast,,658,,94.40%,,287,,354,,,12,,0,,2,,3,,
Overvotes,,0,,0.00%,,0,,0,,,0,,0,,0,,0,,
Undervotes,,39,,5.60%,,21,,15,,,1,,0,,1,,1,,
Contest Totals,,697,,100.00%,,308,,369,,,13,,0,,3,,4,,
Precinct Summary - 11/12/2024     2:58 PM,,,,,,,,,,45,,,,,,,,, of 258
Report generated with Electionware Copyright © 2007-2019,,,,,,,,,,,,,,,,,,,
Summary Results Report,,,,,,,,,,OFFICIAL RESULTS,,,,,,,,,
General Election,,,,,,,,,,,,,,,,,,,
"November 5, 2024",,,,,,,,,,"Monongalia County, West Virginia",,,,,,,,,
PRECINCT 25,,,,,,,,,,,,,,,,,,,
,FOR STATE SENATOR 13TH DISTRICT,,,,,,,,,,,,,,,,,,
,Vote For 1,,,,,,,,,,,,,,,,,,
,,,TOTAL,,VOTE %,,Election Day,,Early Vote,,,Absentee,,Canvass,,Absentee After ED,,Provisional,
REP REBECCA POLIS,,294,,42.18%,,128,,158,,,5,,0,,2,,1,,
DEM JOEY GARCIA,,366,,52.51%,,164,,192,,,7,,0,,1,,2,,
NO CANDIDATE(S) NOMINATED,,0,,0.00%,,0,,0,,,0,,0,,0,,0,,
NO CANDIDATE(S) NOMINATED,,0,,0.00%,,0,,0,,,0,,0,,0,,0,,
Write-In Totals,,1,,0.14%,,0,,1,,,0,,0,,0,,0,,
Total Votes Cast,,661,,94.84%,,292,,351,,,12,,0,,3,,3,,
Overvotes,,0,,0.00%,,0,,0,,,0,,0,,0,,0,,
Undervotes,,36,,5.16%,,16,,18,,,1,,0,,0,,1,,
Contest Totals,,697,,100.00%,,308,,369,,,13,,0,,3,,4,,
,FOR MEMBER OF HOUSE OF DELEGATES 80TH DISTRICT,,,,,,,,,,,,,,,,,,
,Vote For 1,,,,,,,,,,,,,,,,,,
,,,TOTAL,,VOTE %,,Election Day,,Early Vote,,,Absentee,,Canvass,,Absentee After ED,,Provisional,
REP SUMMER D.  HARTLEY,,290,,41.61%,,129,,154,,,4,,0,,2,,1,,
DEM JOHN WILLIAMS,,376,,53.95%,,164,,201,,,8,,0,,1,,2,,
NO CANDIDATE(S) NOMINATED,,0,,0.00%,,0,,0,,,0,,0,,0,,0,,
NO CANDIDATE(S) NOMINATED,,0,,0.00%,,0,,0,,,0,,0,,0,,0,,
Write-In Totals,,1,,0.14%,,0,,1,,,0,,0,,0,,0,,
Total Votes Cast,,667,,95.70%,,293,,356,,,12,,0,,3,,3,,
Overvotes,,0,,0.00%,,0,,0,,,0,,0,,0,,0,,
Undervotes,,30,,4.30%,,15,,13,,,1,,0,,0,,1,,
Contest Totals,,697,,100.00%,,308,,369,,,13,,0,,3,,4,,
,FOR COUNTY COMMISSIONER,,,,,,,,,,,,,,,,,,
,Vote For 1,,,,,,,,,,,,,,,,,,
,,,TOTAL,,VOTE %,,Election Day,,Early Vote,,,Absentee,,Canvass,,Absentee After ED,,Provisional,
REP MARYANN (BABICH) FOLZ,,279,,40.03%,,123,,149,,,4,,0,,2,,1,,
DEM TOM  BLOOM,,387,,55.52%,,172,,205,,,8,,0,,0,,2,,
NO CANDIDATE(S) NOMINATED,,0,,0.00%,,0,,0,,,0,,0,,0,,0,,
NO CANDIDATE(S) NOMINATED,,0,,0.00%,,0,,0,,,0,,0,,0,,0,,
Write-In Totals,,1,,0.14%,,0,,1,,,0,,0,,0,,0,,
Total Votes Cast,,667,,95.70%,,295,,355,,,12,,0,,2,,3,,
Overvotes,,0,,0.00%,,0,,0,,,0,,0,,0,,0,,
Undervotes,,30,,4.30%,,13,,14,,,1,,0,,1,,1,,
Contest Totals,,697,,100.00%,,308,,369,,,13,,0,,3,,4,,
Precinct Summary - 11/12/2024     2:58 PM,,,,,,,,,,46,,,,,,,,, of 258
Report generated with Electionware Copyright © 2007-2019,,,,,,,,,,,,,,,,,,,
Summary Results Report,,,,,,,,,,OFFICIAL RESULTS,,,,,,,,,
General Election,,,,,,,,,,,,,,,,,,,
"November 5, 2024",,,,,,,,,,"Monongalia County, West Virginia",,,,,,,,,
PRECINCT 25,,,,,,,,,,,,,,,,,,,
,FOR PROSECUTING ATTORNEY,,,,,,,,,,,,,,,,,,
,Vote For 1,,,,,,,,,,,,,,,,,,
,,,TOTAL,,VOTE %,,Election Day,,Early Vote,,,Absentee,,Canvass,,Absentee After ED,,Provisional,
NO CANDIDATE(S) NOMINATED,,0,,0.00%,,0,,0,,,0,,0,,0,,0,,
"DEM GABRIELLE ""GABE"" MUCCIOLA",,532,,76.33%,,248,,272,,,9,,0,,1,,2,,
NO CANDIDATE(S) NOMINATED,,0,,0.00%,,0,,0,,,0,,0,,0,,0,,
NO CANDIDATE(S) NOMINATED,,0,,0.00%,,0,,0,,,0,,0,,0,,0,,
Write-In Totals,,3,,0.43%,,1,,2,,,0,,0,,0,,0,,
Total Votes Cast,,535,,76.76%,,249,,274,,,9,,0,,1,,2,,
Overvotes,,0,,0.00%,,0,,0,,,0,,0,,0,,0,,
Undervotes,,162,,23.24%,,59,,95,,,4,,0,,2,,2,,
Contest Totals,,697,,100.00%,,308,,369,,,13,,0,,3,,4,,
,FOR SHERIFF,,,,,,,,,,,,,,,,,,
,Vote For 1,,,,,,,,,,,,,,,,,,
,,,TOTAL,,VOTE %,,Election Day,,Early Vote,,,Absentee,,Canvass,,Absentee After ED,,Provisional,
REP JASON MORGAN,,288,,41.32%,,135,,147,,,4,,0,,1,,1,,
DEM TODD FORBES,,384,,55.09%,,162,,211,,,8,,0,,1,,2,,
NO CANDIDATE(S) NOMINATED,,0,,0.00%,,0,,0,,,0,,0,,0,,0,,
NO CANDIDATE(S) NOMINATED,,0,,0.00%,,0,,0,,,0,,0,,0,,0,,
Write-In Totals,,1,,0.14%,,0,,1,,,0,,0,,0,,0,,
Total Votes Cast,,673,,96.56%,,297,,359,,,12,,0,,2,,3,,
Overvotes,,0,,0.00%,,0,,0,,,0,,0,,0,,0,,
Undervotes,,24,,3.44%,,11,,10,,,1,,0,,1,,1,,
Contest Totals,,697,,100.00%,,308,,369,,,13,,0,,3,,4,,
,FOR ASSESSOR,,,,,,,,,,,,,,,,,,
,Vote For 1,,,,,,,,,,,,,,,,,,
,,,TOTAL,,VOTE %,,Election Day,,Early Vote,,,Absentee,,Canvass,,Absentee After ED,,Provisional,
REP RICH JACOBS,,210,,30.13%,,90,,117,,,1,,0,,1,,1,,
DEM MARK A. MUSICK,,458,,65.71%,,204,,241,,,11,,0,,1,,1,,
NO CANDIDATE(S) NOMINATED,,0,,0.00%,,0,,0,,,0,,0,,0,,0,,
NO CANDIDATE(S) NOMINATED,,0,,0.00%,,0,,0,,,0,,0,,0,,0,,
Write-In Totals,,0,,0.00%,,0,,0,,,0,,0,,0,,0,,
Total Votes Cast,,668,,95.84%,,294,,358,,,12,,0,,2,,2,,
Overvotes,,0,,0.00%,,0,,0,,,0,,0,,0,,0,,
Undervotes,,29,,4.16%,,14,,11,,,1,,0,,1,,2,,
Contest Totals,,697,,100.00%,,308,,369,,,13,,0,,3,,4,,
Precinct Summary - 11/12/2024     2:58 PM,,,,,,,,,,47,,,,,,,,, of 258
Report generated with Electionware Copyright © 2007-2019,,,,,,,,,,,,,,,,,,,
Summary Results Report,,,,,,,,,,OFFICIAL RESULTS,,,,,,,,,
General Election,,,,,,,,,,,,,,,,,,,
"November 5, 2024",,,,,,,,,,"Monongalia County, West Virginia",,,,,,,,,
PRECINCT 25,,,,,,,,,,,,,,,,,,,
,FOR SURVEYOR,,,,,,,,,,,,,,,,,,
,Vote For 1,,,,,,,,,,,,,,,,,,
,,,TOTAL,,VOTE %,,Election Day,,Early Vote,,,Absentee,,Canvass,,Absentee After ED,,Provisional,
REP BOB ANDRIOTTO,,482,,69.15%,,225,,244,,,10,,0,,2,,1,,
NO CANDIDATE(S) NOMINATED,,0,,0.00%,,0,,0,,,0,,0,,0,,0,,
NO CANDIDATE(S) NOMINATED,,0,,0.00%,,0,,0,,,0,,0,,0,,0,,
NO CANDIDATE(S) NOMINATED,,0,,0.00%,,0,,0,,,0,,0,,0,,0,,
Write-In Totals,,9,,1.29%,,3,,6,,,0,,0,,0,,0,,
Total Votes Cast,,491,,70.44%,,228,,250,,,10,,0,,2,,1,,
Overvotes,,0,,0.00%,,0,,0,,,0,,0,,0,,0,,
Undervotes,,206,,29.56%,,80,,119,,,3,,0,,1,,3,,
Contest Totals,,697,,100.00%,,308,,369,,,13,,0,,3,,4,,
,AMENDMENT NO. 1,,,,,,,,,,,,,,,,,,
,Vote For 1,,,,,,,,,,,,,,,,,,
,,,TOTAL,,VOTE %,,Election Day,,Early Vote,,,Absentee,,Canvass,,Absentee After ED,,Provisional,
For,,242,,34.72%,,105,,131,,,3,,0,,1,,2,,
Against,,382,,54.81%,,172,,201,,,7,,0,,1,,1,,
Total Votes Cast,,624,,89.53%,,277,,332,,,10,,0,,2,,3,,
Overvotes,,0,,0.00%,,0,,0,,,0,,0,,0,,0,,
Undervotes,,73,,10.47%,,31,,37,,,3,,0,,1,,1,,
Contest Totals,,697,,100.00%,,308,,369,,,13,,0,,3,,4,,
Precinct Summary - 11/12/2024     2:58 PM,,,,,,,,,,48,,,,,,,,, of 258
Report generated with Electionware Copyright © 2007-2019,,,,,,,,,,,,,,,,,,,
Summary Results Report,,,,,,,,,,OFFICIAL RESULTS,,,,,,,,,
General Election,,,,,,,,,,,,,,,,,,,
"November 5, 2024",,,,,,,,,,"Monongalia County, West Virginia",,,,,,,,,
PRECINCT 26,,,,,,,,,,,,,,,,,,,
Statistics,,TOTAL,,Election Day,,Early Vote,,Absentee,,,Canvass,,Absentee After ED,,Provisional,,,,
Registered Voters - Total,,"1,333",,,,,,,,,,,,,,,,,
Ballots Cast - Total,,803,,285,,472,,43,,,0,,2,,1,,,,
Ballots Cast - Blank,,0,,0,,0,,0,,,0,,0,,0,,,,
Voter Turnout - Total,,60.24%,,,,,,,,,,,,,,,,,
,FOR PRESIDENT,,,,,,,,,,,,,,,,,,
,Vote For 1,,,,,,,,,,,,,,,,,,
,,,TOTAL,,VOTE %,,Election Day,,Early Vote,,,Absentee,,Canvass,,Absentee After ED,,Provisional,
REP DONALD J. TRUMP,,299,,37.24%,,106,,180,,,12,,0,,1,,0,,
DEM KAMALA D. HARRIS,,466,,58.03%,,154,,279,,,31,,0,,1,,1,,
LBN CHASE OLIVER,,7,,0.87%,,5,,2,,,0,,0,,0,,0,,
MTN JILL STEIN,,8,,1.00%,,7,,1,,,0,,0,,0,,0,,
IND ROBERT F. KENNEDY JR.,,10,,1.25%,,5,,5,,,0,,0,,0,,0,,
Write-In Totals,,9,,1.12%,,5,,4,,,0,,0,,0,,0,,
Total Votes Cast,,799,,99.50%,,282,,471,,,43,,0,,2,,1,,
Overvotes,,0,,0.00%,,0,,0,,,0,,0,,0,,0,,
Undervotes,,4,,0.50%,,3,,1,,,0,,0,,0,,0,,
Contest Totals,,803,,100.00%,,285,,472,,,43,,0,,2,,1,,
,FOR U.S. SENATOR,,,,,,,,,,,,,,,,,,
,Vote For 1,,,,,,,,,,,,,,,,,,
,,,TOTAL,,VOTE %,,Election Day,,Early Vote,,,Absentee,,Canvass,,Absentee After ED,,Provisional,
REP JIM JUSTICE,,308,,38.36%,,113,,180,,,14,,0,,1,,0,,
DEM GLENN ELLIOTT,,457,,56.91%,,151,,276,,,28,,0,,1,,1,,
LBN DAVID MORAN,,22,,2.74%,,12,,9,,,1,,0,,0,,0,,
NO CANDIDATE(S) NOMINATED,,0,,0.00%,,0,,0,,,0,,0,,0,,0,,
Write-In Totals,,4,,0.50%,,1,,3,,,0,,0,,0,,0,,
Total Votes Cast,,791,,98.51%,,277,,468,,,43,,0,,2,,1,,
Overvotes,,0,,0.00%,,0,,0,,,0,,0,,0,,0,,
Undervotes,,12,,1.49%,,8,,4,,,0,,0,,0,,0,,
Contest Totals,,803,,100.00%,,285,,472,,,43,,0,,2,,1,,
,FOR U.S. HOUSE OF REPS 2ND DIST,,,,,,,,,,,,,,,,,,
,Vote For 1,,,,,,,,,,,,,,,,,,
,,,TOTAL,,VOTE %,,Election Day,,Early Vote,,,Absentee,,Canvass,,Absentee After ED,,Provisional,
REP RILEY MOORE,,335,,41.72%,,125,,196,,,13,,0,,1,,0,,
DEM STEVEN WENDELIN,,429,,53.42%,,143,,254,,,30,,0,,1,,1,,
NO CANDIDATE(S) NOMINATED,,0,,0.00%,,0,,0,,,0,,0,,0,,0,,
NO CANDIDATE(S) NOMINATED,,0,,0.00%,,0,,0,,,0,,0,,0,,0,,
Write-In Totals,,1,,0.12%,,0,,1,,,0,,0,,0,,0,,
Total Votes Cast,,765,,95.27%,,268,,451,,,43,,0,,2,,1,,
Overvotes,,0,,0.00%,,0,,0,,,0,,0,,0,,0,,
Undervotes,,38,,4.73%,,17,,21,,,0,,0,,0,,0,,
Contest Totals,,803,,100.00%,,285,,472,,,43,,0,,2,,1,,
Precinct Summary - 11/12/2024     2:58 PM,,,,,,,,,,49,,,,,,,,, of 258
Report generated with Electionware Copyright © 2007-2019,,,,,,,,,,,,,,,,,,,
Summary Results Report,,,,,,,,,,OFFICIAL RESULTS,,,,,,,,,
General Election,,,,,,,,,,,,,,,,,,,
"November 5, 2024",,,,,,,,,,"Monongalia County, West Virginia",,,,,,,,,
PRECINCT 26,,,,,,,,,,,,,,,,,,,
,FOR GOVERNOR,,,,,,,,,,,,,,,,,,
,Vote For 1,,,,,,,,,,,,,,,,,,
,,,TOTAL,,VOTE %,,Election Day,,Early Vote,,,Absentee,,Canvass,,Absentee After ED,,Provisional,
REP PATRICK MORRISEY,,290,,36.11%,,106,,171,,,13,,0,,0,,0,,
DEM STEVE WILLIAMS,,456,,56.79%,,149,,275,,,30,,0,,1,,1,,
LBN ERIKA KLIE KOLENICH,,21,,2.62%,,14,,7,,,0,,0,,0,,0,,
MTN CHASE LINKO-LOOPER,,12,,1.49%,,6,,6,,,0,,0,,0,,0,,
CST S. MARSHALL WILSON,,2,,0.25%,,1,,1,,,0,,0,,0,,0,,
Write-In Totals,,2,,0.25%,,1,,1,,,0,,0,,0,,0,,
Total Votes Cast,,783,,97.51%,,277,,461,,,43,,0,,1,,1,,
Overvotes,,0,,0.00%,,0,,0,,,0,,0,,0,,0,,
Undervotes,,20,,2.49%,,8,,11,,,0,,0,,1,,0,,
Contest Totals,,803,,100.00%,,285,,472,,,43,,0,,2,,1,,
,FOR SECRETARY OF STATE,,,,,,,,,,,,,,,,,,
,Vote For 1,,,,,,,,,,,,,,,,,,
,,,TOTAL,,VOTE %,,Election Day,,Early Vote,,,Absentee,,Canvass,,Absentee After ED,,Provisional,
REP KRIS WARNER,,326,,40.60%,,115,,197,,,12,,0,,2,,0,,
DEM THORNTON COOPER,,445,,55.42%,,153,,261,,,30,,0,,0,,1,,
NO CANDIDATE(S) NOMINATED,,0,,0.00%,,0,,0,,,0,,0,,0,,0,,
NO CANDIDATE(S) NOMINATED,,0,,0.00%,,0,,0,,,0,,0,,0,,0,,
Write-In Totals,,1,,0.12%,,0,,1,,,0,,0,,0,,0,,
Total Votes Cast,,772,,96.14%,,268,,459,,,42,,0,,2,,1,,
Overvotes,,0,,0.00%,,0,,0,,,0,,0,,0,,0,,
Undervotes,,31,,3.86%,,17,,13,,,1,,0,,0,,0,,
Contest Totals,,803,,100.00%,,285,,472,,,43,,0,,2,,1,,
,FOR AUDITOR,,,,,,,,,,,,,,,,,,
,Vote For 1,,,,,,,,,,,,,,,,,,
,,,TOTAL,,VOTE %,,Election Day,,Early Vote,,,Absentee,,Canvass,,Absentee After ED,,Provisional,
REP MARK HUNT,,298,,37.11%,,110,,174,,,13,,0,,1,,0,,
DEM MARY ANN ROEBUCK CLAYTOR,,461,,57.41%,,154,,276,,,29,,0,,1,,1,,
NO CANDIDATE(S) NOMINATED,,0,,0.00%,,0,,0,,,0,,0,,0,,0,,
NO CANDIDATE(S) NOMINATED,,0,,0.00%,,0,,0,,,0,,0,,0,,0,,
Write-In Totals,,1,,0.12%,,0,,1,,,0,,0,,0,,0,,
Total Votes Cast,,760,,94.65%,,264,,451,,,42,,0,,2,,1,,
Overvotes,,0,,0.00%,,0,,0,,,0,,0,,0,,0,,
Undervotes,,43,,5.35%,,21,,21,,,1,,0,,0,,0,,
Contest Totals,,803,,100.00%,,285,,472,,,43,,0,,2,,1,,
Precinct Summary - 11/12/2024     2:58 PM,,,,,,,,,,50,,,,,,,,, of 258
Report generated with Electionware Copyright © 2007-2019,,,,,,,,,,,,,,,,,,,
Summary Results Report,,,,,,,,,,OFFICIAL RESULTS,,,,,,,,,
General Election,,,,,,,,,,,,,,,,,,,
"November 5, 2024",,,,,,,,,,"Monongalia County, West Virginia",,,,,,,,,
PRECINCT 26,,,,,,,,,,,,,,,,,,,
,FOR TREASURER,,,,,,,,,,,,,,,,,,
,Vote For 1,,,,,,,,,,,,,,,,,,
,,,TOTAL,,VOTE %,,Election Day,,Early Vote,,,Absentee,,Canvass,,Absentee After ED,,Provisional,
REP LARRY PACK,,494,,61.52%,,176,,287,,,28,,0,,2,,1,,
NO CANDIDATE(S) NOMINATED,,0,,0.00%,,0,,0,,,0,,0,,0,,0,,
NO CANDIDATE(S) NOMINATED,,0,,0.00%,,0,,0,,,0,,0,,0,,0,,
NO CANDIDATE(S) NOMINATED,,0,,0.00%,,0,,0,,,0,,0,,0,,0,,
Write-In Totals,,22,,2.74%,,7,,14,,,1,,0,,0,,0,,
Total Votes Cast,,516,,64.26%,,183,,301,,,29,,0,,2,,1,,
Overvotes,,0,,0.00%,,0,,0,,,0,,0,,0,,0,,
Undervotes,,287,,35.74%,,102,,171,,,14,,0,,0,,0,,
Contest Totals,,803,,100.00%,,285,,472,,,43,,0,,2,,1,,
,FOR COMMISSIONER OF AGRICULTURE,,,,,,,,,,,,,,,,,,
,Vote For 1,,,,,,,,,,,,,,,,,,
,,,TOTAL,,VOTE %,,Election Day,,Early Vote,,,Absentee,,Canvass,,Absentee After ED,,Provisional,
REP KENT LEONHARDT,,369,,45.95%,,138,,217,,,13,,0,,1,,0,,
DEM DEBORAH STILES,,391,,48.69%,,124,,236,,,29,,0,,1,,1,,
NO CANDIDATE(S) NOMINATED,,0,,0.00%,,0,,0,,,0,,0,,0,,0,,
NO CANDIDATE(S) NOMINATED,,0,,0.00%,,0,,0,,,0,,0,,0,,0,,
Write-In Totals,,1,,0.12%,,0,,1,,,0,,0,,0,,0,,
Total Votes Cast,,761,,94.77%,,262,,454,,,42,,0,,2,,1,,
Overvotes,,0,,0.00%,,0,,0,,,0,,0,,0,,0,,
Undervotes,,42,,5.23%,,23,,18,,,1,,0,,0,,0,,
Contest Totals,,803,,100.00%,,285,,472,,,43,,0,,2,,1,,
,FOR ATTORNEY GENERAL,,,,,,,,,,,,,,,,,,
,Vote For 1,,,,,,,,,,,,,,,,,,
,,,TOTAL,,VOTE %,,Election Day,,Early Vote,,,Absentee,,Canvass,,Absentee After ED,,Provisional,
"REP JOHN ""JB"" McCUSKEY",,334,,41.59%,,129,,192,,,12,,0,,1,,0,,
DEM TERESA TORISEVA,,431,,53.67%,,138,,260,,,31,,0,,1,,1,,
NO CANDIDATE(S) NOMINATED,,0,,0.00%,,0,,0,,,0,,0,,0,,0,,
NO CANDIDATE(S) NOMINATED,,0,,0.00%,,0,,0,,,0,,0,,0,,0,,
Write-In Totals,,1,,0.12%,,0,,1,,,0,,0,,0,,0,,
Total Votes Cast,,766,,95.39%,,267,,453,,,43,,0,,2,,1,,
Overvotes,,0,,0.00%,,0,,0,,,0,,0,,0,,0,,
Undervotes,,37,,4.61%,,18,,19,,,0,,0,,0,,0,,
Contest Totals,,803,,100.00%,,285,,472,,,43,,0,,2,,1,,
Precinct Summary - 11/12/2024     2:58 PM,,,,,,,,,,51,,,,,,,,, of 258
Report generated with Electionware Copyright © 2007-2019,,,,,,,,,,,,,,,,,,,
Summary Results Report,,,,,,,,,,OFFICIAL RESULTS,,,,,,,,,
General Election,,,,,,,,,,,,,,,,,,,
"November 5, 2024",,,,,,,,,,"Monongalia County, West Virginia",,,,,,,,,
PRECINCT 26,,,,,,,,,,,,,,,,,,,
,FOR STATE SENATOR 13TH DISTRICT,,,,,,,,,,,,,,,,,,
,Vote For 1,,,,,,,,,,,,,,,,,,
,,,TOTAL,,VOTE %,,Election Day,,Early Vote,,,Absentee,,Canvass,,Absentee After ED,,Provisional,
REP REBECCA POLIS,,279,,34.74%,,99,,165,,,14,,0,,1,,0,,
DEM JOEY GARCIA,,485,,60.40%,,166,,289,,,28,,0,,1,,1,,
NO CANDIDATE(S) NOMINATED,,0,,0.00%,,0,,0,,,0,,0,,0,,0,,
NO CANDIDATE(S) NOMINATED,,0,,0.00%,,0,,0,,,0,,0,,0,,0,,
Write-In Totals,,1,,0.12%,,0,,1,,,0,,0,,0,,0,,
Total Votes Cast,,765,,95.27%,,265,,455,,,42,,0,,2,,1,,
Overvotes,,0,,0.00%,,0,,0,,,0,,0,,0,,0,,
Undervotes,,38,,4.73%,,20,,17,,,1,,0,,0,,0,,
Contest Totals,,803,,100.00%,,285,,472,,,43,,0,,2,,1,,
,FOR MEMBER OF HOUSE OF DELEGATES 80TH DISTRICT,,,,,,,,,,,,,,,,,,
,Vote For 1,,,,,,,,,,,,,,,,,,
,,,TOTAL,,VOTE %,,Election Day,,Early Vote,,,Absentee,,Canvass,,Absentee After ED,,Provisional,
REP SUMMER D.  HARTLEY,,292,,36.36%,,107,,173,,,11,,0,,1,,0,,
DEM JOHN WILLIAMS,,485,,60.40%,,168,,284,,,31,,0,,1,,1,,
NO CANDIDATE(S) NOMINATED,,0,,0.00%,,0,,0,,,0,,0,,0,,0,,
NO CANDIDATE(S) NOMINATED,,0,,0.00%,,0,,0,,,0,,0,,0,,0,,
Write-In Totals,,1,,0.12%,,0,,1,,,0,,0,,0,,0,,
Total Votes Cast,,778,,96.89%,,275,,458,,,42,,0,,2,,1,,
Overvotes,,0,,0.00%,,0,,0,,,0,,0,,0,,0,,
Undervotes,,25,,3.11%,,10,,14,,,1,,0,,0,,0,,
Contest Totals,,803,,100.00%,,285,,472,,,43,,0,,2,,1,,
,FOR COUNTY COMMISSIONER,,,,,,,,,,,,,,,,,,
,Vote For 1,,,,,,,,,,,,,,,,,,
,,,TOTAL,,VOTE %,,Election Day,,Early Vote,,,Absentee,,Canvass,,Absentee After ED,,Provisional,
REP MARYANN (BABICH) FOLZ,,269,,33.50%,,94,,165,,,10,,0,,0,,0,,
DEM TOM  BLOOM,,490,,61.02%,,169,,286,,,32,,0,,2,,1,,
NO CANDIDATE(S) NOMINATED,,0,,0.00%,,0,,0,,,0,,0,,0,,0,,
NO CANDIDATE(S) NOMINATED,,0,,0.00%,,0,,0,,,0,,0,,0,,0,,
Write-In Totals,,3,,0.37%,,0,,3,,,0,,0,,0,,0,,
Total Votes Cast,,762,,94.89%,,263,,454,,,42,,0,,2,,1,,
Overvotes,,0,,0.00%,,0,,0,,,0,,0,,0,,0,,
Undervotes,,41,,5.11%,,22,,18,,,1,,0,,0,,0,,
Contest Totals,,803,,100.00%,,285,,472,,,43,,0,,2,,1,,
Precinct Summary - 11/12/2024     2:58 PM,,,,,,,,,,52,,,,,,,,, of 258
Report generated with Electionware Copyright © 2007-2019,,,,,,,,,,,,,,,,,,,
Summary Results Report,,,,,,,,,,OFFICIAL RESULTS,,,,,,,,,
General Election,,,,,,,,,,,,,,,,,,,
"November 5, 2024",,,,,,,,,,"Monongalia County, West Virginia",,,,,,,,,
PRECINCT 26,,,,,,,,,,,,,,,,,,,
,FOR PROSECUTING ATTORNEY,,,,,,,,,,,,,,,,,,
,Vote For 1,,,,,,,,,,,,,,,,,,
,,,TOTAL,,VOTE %,,Election Day,,Early Vote,,,Absentee,,Canvass,,Absentee After ED,,Provisional,
NO CANDIDATE(S) NOMINATED,,0,,0.00%,,0,,0,,,0,,0,,0,,0,,
"DEM GABRIELLE ""GABE"" MUCCIOLA",,584,,72.73%,,198,,348,,,36,,0,,1,,1,,
NO CANDIDATE(S) NOMINATED,,0,,0.00%,,0,,0,,,0,,0,,0,,0,,
NO CANDIDATE(S) NOMINATED,,0,,0.00%,,0,,0,,,0,,0,,0,,0,,
Write-In Totals,,3,,0.37%,,0,,3,,,0,,0,,0,,0,,
Total Votes Cast,,587,,73.10%,,198,,351,,,36,,0,,1,,1,,
Overvotes,,0,,0.00%,,0,,0,,,0,,0,,0,,0,,
Undervotes,,216,,26.90%,,87,,121,,,7,,0,,1,,0,,
Contest Totals,,803,,100.00%,,285,,472,,,43,,0,,2,,1,,
,FOR SHERIFF,,,,,,,,,,,,,,,,,,
,Vote For 1,,,,,,,,,,,,,,,,,,
,,,TOTAL,,VOTE %,,Election Day,,Early Vote,,,Absentee,,Canvass,,Absentee After ED,,Provisional,
REP JASON MORGAN,,279,,34.74%,,112,,153,,,13,,0,,1,,0,,
DEM TODD FORBES,,478,,59.53%,,152,,296,,,28,,0,,1,,1,,
NO CANDIDATE(S) NOMINATED,,0,,0.00%,,0,,0,,,0,,0,,0,,0,,
NO CANDIDATE(S) NOMINATED,,0,,0.00%,,0,,0,,,0,,0,,0,,0,,
Write-In Totals,,2,,0.25%,,0,,2,,,0,,0,,0,,0,,
Total Votes Cast,,759,,94.52%,,264,,451,,,41,,0,,2,,1,,
Overvotes,,0,,0.00%,,0,,0,,,0,,0,,0,,0,,
Undervotes,,44,,5.48%,,21,,21,,,2,,0,,0,,0,,
Contest Totals,,803,,100.00%,,285,,472,,,43,,0,,2,,1,,
,FOR ASSESSOR,,,,,,,,,,,,,,,,,,
,Vote For 1,,,,,,,,,,,,,,,,,,
,,,TOTAL,,VOTE %,,Election Day,,Early Vote,,,Absentee,,Canvass,,Absentee After ED,,Provisional,
REP RICH JACOBS,,213,,26.53%,,73,,128,,,11,,0,,1,,0,,
DEM MARK A. MUSICK,,557,,69.36%,,197,,327,,,31,,0,,1,,1,,
NO CANDIDATE(S) NOMINATED,,0,,0.00%,,0,,0,,,0,,0,,0,,0,,
NO CANDIDATE(S) NOMINATED,,0,,0.00%,,0,,0,,,0,,0,,0,,0,,
Write-In Totals,,1,,0.12%,,0,,1,,,0,,0,,0,,0,,
Total Votes Cast,,771,,96.01%,,270,,456,,,42,,0,,2,,1,,
Overvotes,,0,,0.00%,,0,,0,,,0,,0,,0,,0,,
Undervotes,,32,,3.99%,,15,,16,,,1,,0,,0,,0,,
Contest Totals,,803,,100.00%,,285,,472,,,43,,0,,2,,1,,
Precinct Summary - 11/12/2024     2:58 PM,,,,,,,,,,53,,,,,,,,, of 258
Report generated with Electionware Copyright © 2007-2019,,,,,,,,,,,,,,,,,,,
Summary Results Report,,,,,,,,,,OFFICIAL RESULTS,,,,,,,,,
General Election,,,,,,,,,,,,,,,,,,,
"November 5, 2024",,,,,,,,,,"Monongalia County, West Virginia",,,,,,,,,
PRECINCT 26,,,,,,,,,,,,,,,,,,,
,FOR SURVEYOR,,,,,,,,,,,,,,,,,,
,Vote For 1,,,,,,,,,,,,,,,,,,
,,,TOTAL,,VOTE %,,Election Day,,Early Vote,,,Absentee,,Canvass,,Absentee After ED,,Provisional,
REP BOB ANDRIOTTO,,505,,62.89%,,187,,288,,,27,,0,,2,,1,,
NO CANDIDATE(S) NOMINATED,,0,,0.00%,,0,,0,,,0,,0,,0,,0,,
NO CANDIDATE(S) NOMINATED,,0,,0.00%,,0,,0,,,0,,0,,0,,0,,
NO CANDIDATE(S) NOMINATED,,0,,0.00%,,0,,0,,,0,,0,,0,,0,,
Write-In Totals,,17,,2.12%,,5,,12,,,0,,0,,0,,0,,
Total Votes Cast,,522,,65.01%,,192,,300,,,27,,0,,2,,1,,
Overvotes,,0,,0.00%,,0,,0,,,0,,0,,0,,0,,
Undervotes,,281,,34.99%,,93,,172,,,16,,0,,0,,0,,
Contest Totals,,803,,100.00%,,285,,472,,,43,,0,,2,,1,,
,AMENDMENT NO. 1,,,,,,,,,,,,,,,,,,
,Vote For 1,,,,,,,,,,,,,,,,,,
,,,TOTAL,,VOTE %,,Election Day,,Early Vote,,,Absentee,,Canvass,,Absentee After ED,,Provisional,
For,,221,,27.52%,,86,,126,,,8,,0,,0,,1,,
Against,,489,,60.90%,,164,,293,,,30,,0,,2,,0,,
Total Votes Cast,,710,,88.42%,,250,,419,,,38,,0,,2,,1,,
Overvotes,,0,,0.00%,,0,,0,,,0,,0,,0,,0,,
Undervotes,,93,,11.58%,,35,,53,,,5,,0,,0,,0,,
Contest Totals,,803,,100.00%,,285,,472,,,43,,0,,2,,1,,
Precinct Summary - 11/12/2024     2:58 PM,,,,,,,,,,54,,,,,,,,, of 258
Report generated with Electionware Copyright © 2007-2019,,,,,,,,,,,,,,,,,,,
Summary Results Report,,,,,,,,,,OFFICIAL RESULTS,,,,,,,,,
General Election,,,,,,,,,,,,,,,,,,,
"November 5, 2024",,,,,,,,,,"Monongalia County, West Virginia",,,,,,,,,
PRECINCT 30,,,,,,,,,,,,,,,,,,,
Statistics,,TOTAL,,Election Day,,Early Vote,,Absentee,,,Canvass,,Absentee After ED,,Provisional,,,,
Registered Voters - Total,,623,,,,,,,,,,,,,,,,,
Ballots Cast - Total,,392,,161,,216,,11,,,0,,2,,2,,,,
Ballots Cast - Blank,,0,,0,,0,,0,,,0,,0,,0,,,,
Voter Turnout - Total,,62.92%,,,,,,,,,,,,,,,,,
,FOR PRESIDENT,,,,,,,,,,,,,,,,,,
,Vote For 1,,,,,,,,,,,,,,,,,,
,,,TOTAL,,VOTE %,,Election Day,,Early Vote,,,Absentee,,Canvass,,Absentee After ED,,Provisional,
REP DONALD J. TRUMP,,195,,49.74%,,85,,107,,,2,,0,,0,,1,,
DEM KAMALA D. HARRIS,,183,,46.68%,,71,,100,,,9,,0,,2,,1,,
LBN CHASE OLIVER,,1,,0.26%,,1,,0,,,0,,0,,0,,0,,
MTN JILL STEIN,,1,,0.26%,,0,,1,,,0,,0,,0,,0,,
IND ROBERT F. KENNEDY JR.,,5,,1.28%,,1,,4,,,0,,0,,0,,0,,
Write-In Totals,,5,,1.28%,,2,,3,,,0,,0,,0,,0,,
Total Votes Cast,,390,,99.49%,,160,,215,,,11,,0,,2,,2,,
Overvotes,,0,,0.00%,,0,,0,,,0,,0,,0,,0,,
Undervotes,,2,,0.51%,,1,,1,,,0,,0,,0,,0,,
Contest Totals,,392,,100.00%,,161,,216,,,11,,0,,2,,2,,
,FOR U.S. SENATOR,,,,,,,,,,,,,,,,,,
,Vote For 1,,,,,,,,,,,,,,,,,,
,,,TOTAL,,VOTE %,,Election Day,,Early Vote,,,Absentee,,Canvass,,Absentee After ED,,Provisional,
REP JIM JUSTICE,,187,,47.70%,,83,,101,,,2,,0,,0,,1,,
DEM GLENN ELLIOTT,,181,,46.17%,,67,,102,,,9,,0,,2,,1,,
LBN DAVID MORAN,,20,,5.10%,,7,,13,,,0,,0,,0,,0,,
NO CANDIDATE(S) NOMINATED,,0,,0.00%,,0,,0,,,0,,0,,0,,0,,
Write-In Totals,,0,,0.00%,,0,,0,,,0,,0,,0,,0,,
Total Votes Cast,,388,,98.98%,,157,,216,,,11,,0,,2,,2,,
Overvotes,,0,,0.00%,,0,,0,,,0,,0,,0,,0,,
Undervotes,,4,,1.02%,,4,,0,,,0,,0,,0,,0,,
Contest Totals,,392,,100.00%,,161,,216,,,11,,0,,2,,2,,
,FOR U.S. HOUSE OF REPS 2ND DIST,,,,,,,,,,,,,,,,,,
,Vote For 1,,,,,,,,,,,,,,,,,,
,,,TOTAL,,VOTE %,,Election Day,,Early Vote,,,Absentee,,Canvass,,Absentee After ED,,Provisional,
REP RILEY MOORE,,199,,50.77%,,86,,110,,,2,,0,,0,,1,,
DEM STEVEN WENDELIN,,177,,45.15%,,66,,100,,,8,,0,,2,,1,,
NO CANDIDATE(S) NOMINATED,,0,,0.00%,,0,,0,,,0,,0,,0,,0,,
NO CANDIDATE(S) NOMINATED,,0,,0.00%,,0,,0,,,0,,0,,0,,0,,
Write-In Totals,,0,,0.00%,,0,,0,,,0,,0,,0,,0,,
Total Votes Cast,,376,,95.92%,,152,,210,,,10,,0,,2,,2,,
Overvotes,,0,,0.00%,,0,,0,,,0,,0,,0,,0,,
Undervotes,,16,,4.08%,,9,,6,,,1,,0,,0,,0,,
Contest Totals,,392,,100.00%,,161,,216,,,11,,0,,2,,2,,
Precinct Summary - 11/12/2024     2:58 PM,,,,,,,,,,55,,,,,,,,, of 258
Report generated with Electionware Copyright © 2007-2019,,,,,,,,,,,,,,,,,,,
Summary Results Report,,,,,,,,,,OFFICIAL RESULTS,,,,,,,,,
General Election,,,,,,,,,,,,,,,,,,,
"November 5, 2024",,,,,,,,,,"Monongalia County, West Virginia",,,,,,,,,
PRECINCT 30,,,,,,,,,,,,,,,,,,,
,FOR GOVERNOR,,,,,,,,,,,,,,,,,,
,Vote For 1,,,,,,,,,,,,,,,,,,
,,,TOTAL,,VOTE %,,Election Day,,Early Vote,,,Absentee,,Canvass,,Absentee After ED,,Provisional,
REP PATRICK MORRISEY,,165,,42.09%,,72,,90,,,2,,0,,0,,1,,
DEM STEVE WILLIAMS,,189,,48.21%,,69,,108,,,9,,0,,2,,1,,
LBN ERIKA KLIE KOLENICH,,15,,3.83%,,7,,8,,,0,,0,,0,,0,,
MTN CHASE LINKO-LOOPER,,10,,2.55%,,4,,6,,,0,,0,,0,,0,,
CST S. MARSHALL WILSON,,5,,1.28%,,3,,2,,,0,,0,,0,,0,,
Write-In Totals,,0,,0.00%,,0,,0,,,0,,0,,0,,0,,
Total Votes Cast,,384,,97.96%,,155,,214,,,11,,0,,2,,2,,
Overvotes,,0,,0.00%,,0,,0,,,0,,0,,0,,0,,
Undervotes,,8,,2.04%,,6,,2,,,0,,0,,0,,0,,
Contest Totals,,392,,100.00%,,161,,216,,,11,,0,,2,,2,,
,FOR SECRETARY OF STATE,,,,,,,,,,,,,,,,,,
,Vote For 1,,,,,,,,,,,,,,,,,,
,,,TOTAL,,VOTE %,,Election Day,,Early Vote,,,Absentee,,Canvass,,Absentee After ED,,Provisional,
REP KRIS WARNER,,196,,50.00%,,78,,110,,,6,,0,,0,,2,,
DEM THORNTON COOPER,,177,,45.15%,,68,,102,,,5,,0,,2,,0,,
NO CANDIDATE(S) NOMINATED,,0,,0.00%,,0,,0,,,0,,0,,0,,0,,
NO CANDIDATE(S) NOMINATED,,0,,0.00%,,0,,0,,,0,,0,,0,,0,,
Write-In Totals,,0,,0.00%,,0,,0,,,0,,0,,0,,0,,
Total Votes Cast,,373,,95.15%,,146,,212,,,11,,0,,2,,2,,
Overvotes,,0,,0.00%,,0,,0,,,0,,0,,0,,0,,
Undervotes,,19,,4.85%,,15,,4,,,0,,0,,0,,0,,
Contest Totals,,392,,100.00%,,161,,216,,,11,,0,,2,,2,,
,FOR AUDITOR,,,,,,,,,,,,,,,,,,
,Vote For 1,,,,,,,,,,,,,,,,,,
,,,TOTAL,,VOTE %,,Election Day,,Early Vote,,,Absentee,,Canvass,,Absentee After ED,,Provisional,
REP MARK HUNT,,184,,46.94%,,77,,103,,,2,,0,,0,,2,,
DEM MARY ANN ROEBUCK CLAYTOR,,188,,47.96%,,72,,106,,,8,,0,,2,,0,,
NO CANDIDATE(S) NOMINATED,,0,,0.00%,,0,,0,,,0,,0,,0,,0,,
NO CANDIDATE(S) NOMINATED,,0,,0.00%,,0,,0,,,0,,0,,0,,0,,
Write-In Totals,,0,,0.00%,,0,,0,,,0,,0,,0,,0,,
Total Votes Cast,,372,,94.90%,,149,,209,,,10,,0,,2,,2,,
Overvotes,,0,,0.00%,,0,,0,,,0,,0,,0,,0,,
Undervotes,,20,,5.10%,,12,,7,,,1,,0,,0,,0,,
Contest Totals,,392,,100.00%,,161,,216,,,11,,0,,2,,2,,
Precinct Summary - 11/12/2024     2:58 PM,,,,,,,,,,56,,,,,,,,, of 258
Report generated with Electionware Copyright © 2007-2019,,,,,,,,,,,,,,,,,,,
Summary Results Report,,,,,,,,,,OFFICIAL RESULTS,,,,,,,,,
General Election,,,,,,,,,,,,,,,,,,,
"November 5, 2024",,,,,,,,,,"Monongalia County, West Virginia",,,,,,,,,
PRECINCT 30,,,,,,,,,,,,,,,,,,,
,FOR TREASURER,,,,,,,,,,,,,,,,,,
,Vote For 1,,,,,,,,,,,,,,,,,,
,,,TOTAL,,VOTE %,,Election Day,,Early Vote,,,Absentee,,Canvass,,Absentee After ED,,Provisional,
REP LARRY PACK,,268,,68.37%,,115,,147,,,3,,0,,1,,2,,
NO CANDIDATE(S) NOMINATED,,0,,0.00%,,0,,0,,,0,,0,,0,,0,,
NO CANDIDATE(S) NOMINATED,,0,,0.00%,,0,,0,,,0,,0,,0,,0,,
NO CANDIDATE(S) NOMINATED,,0,,0.00%,,0,,0,,,0,,0,,0,,0,,
Write-In Totals,,7,,1.79%,,3,,4,,,0,,0,,0,,0,,
Total Votes Cast,,275,,70.15%,,118,,151,,,3,,0,,1,,2,,
Overvotes,,0,,0.00%,,0,,0,,,0,,0,,0,,0,,
Undervotes,,117,,29.85%,,43,,65,,,8,,0,,1,,0,,
Contest Totals,,392,,100.00%,,161,,216,,,11,,0,,2,,2,,
,FOR COMMISSIONER OF AGRICULTURE,,,,,,,,,,,,,,,,,,
,Vote For 1,,,,,,,,,,,,,,,,,,
,,,TOTAL,,VOTE %,,Election Day,,Early Vote,,,Absentee,,Canvass,,Absentee After ED,,Provisional,
REP KENT LEONHARDT,,200,,51.02%,,82,,112,,,4,,0,,0,,2,,
DEM DEBORAH STILES,,175,,44.64%,,65,,101,,,7,,0,,2,,0,,
NO CANDIDATE(S) NOMINATED,,0,,0.00%,,0,,0,,,0,,0,,0,,0,,
NO CANDIDATE(S) NOMINATED,,0,,0.00%,,0,,0,,,0,,0,,0,,0,,
Write-In Totals,,0,,0.00%,,0,,0,,,0,,0,,0,,0,,
Total Votes Cast,,375,,95.66%,,147,,213,,,11,,0,,2,,2,,
Overvotes,,0,,0.00%,,0,,0,,,0,,0,,0,,0,,
Undervotes,,17,,4.34%,,14,,3,,,0,,0,,0,,0,,
Contest Totals,,392,,100.00%,,161,,216,,,11,,0,,2,,2,,
,FOR ATTORNEY GENERAL,,,,,,,,,,,,,,,,,,
,Vote For 1,,,,,,,,,,,,,,,,,,
,,,TOTAL,,VOTE %,,Election Day,,Early Vote,,,Absentee,,Canvass,,Absentee After ED,,Provisional,
"REP JOHN ""JB"" McCUSKEY",,181,,46.17%,,74,,104,,,2,,0,,0,,1,,
DEM TERESA TORISEVA,,193,,49.23%,,75,,107,,,8,,0,,2,,1,,
NO CANDIDATE(S) NOMINATED,,0,,0.00%,,0,,0,,,0,,0,,0,,0,,
NO CANDIDATE(S) NOMINATED,,0,,0.00%,,0,,0,,,0,,0,,0,,0,,
Write-In Totals,,0,,0.00%,,0,,0,,,0,,0,,0,,0,,
Total Votes Cast,,374,,95.41%,,149,,211,,,10,,0,,2,,2,,
Overvotes,,0,,0.00%,,0,,0,,,0,,0,,0,,0,,
Undervotes,,18,,4.59%,,12,,5,,,1,,0,,0,,0,,
Contest Totals,,392,,100.00%,,161,,216,,,11,,0,,2,,2,,
Precinct Summary - 11/12/2024     2:58 PM,,,,,,,,,,57,,,,,,,,, of 258
Report generated with Electionware Copyright © 2007-2019,,,,,,,,,,,,,,,,,,,
Summary Results Report,,,,,,,,,,OFFICIAL RESULTS,,,,,,,,,
General Election,,,,,,,,,,,,,,,,,,,
"November 5, 2024",,,,,,,,,,"Monongalia County, West Virginia",,,,,,,,,
PRECINCT 30,,,,,,,,,,,,,,,,,,,
,FOR STATE SENATOR 13TH DISTRICT,,,,,,,,,,,,,,,,,,
,Vote For 1,,,,,,,,,,,,,,,,,,
,,,TOTAL,,VOTE %,,Election Day,,Early Vote,,,Absentee,,Canvass,,Absentee After ED,,Provisional,
REP REBECCA POLIS,,178,,45.41%,,78,,97,,,2,,0,,0,,1,,
DEM JOEY GARCIA,,196,,50.00%,,70,,114,,,9,,0,,2,,1,,
NO CANDIDATE(S) NOMINATED,,0,,0.00%,,0,,0,,,0,,0,,0,,0,,
NO CANDIDATE(S) NOMINATED,,0,,0.00%,,0,,0,,,0,,0,,0,,0,,
Write-In Totals,,0,,0.00%,,0,,0,,,0,,0,,0,,0,,
Total Votes Cast,,374,,95.41%,,148,,211,,,11,,0,,2,,2,,
Overvotes,,0,,0.00%,,0,,0,,,0,,0,,0,,0,,
Undervotes,,18,,4.59%,,13,,5,,,0,,0,,0,,0,,
Contest Totals,,392,,100.00%,,161,,216,,,11,,0,,2,,2,,
,FOR MEMBER OF HOUSE OF DELEGATES 79TH DISTRICT,,,,,,,,,,,,,,,,,,
,Vote For 1,,,,,,,,,,,,,,,,,,
,,,TOTAL,,VOTE %,,Election Day,,Early Vote,,,Absentee,,Canvass,,Absentee After ED,,Provisional,
NO CANDIDATE(S) NOMINATED,,0,,0.00%,,0,,0,,,0,,0,,0,,0,,
DEM EVAN HANSEN,,302,,77.04%,,121,,168,,,9,,0,,2,,2,,
NO CANDIDATE(S) NOMINATED,,0,,0.00%,,0,,0,,,0,,0,,0,,0,,
NO CANDIDATE(S) NOMINATED,,0,,0.00%,,0,,0,,,0,,0,,0,,0,,
Write-In Totals,,8,,2.04%,,3,,5,,,0,,0,,0,,0,,
Total Votes Cast,,310,,79.08%,,124,,173,,,9,,0,,2,,2,,
Overvotes,,0,,0.00%,,0,,0,,,0,,0,,0,,0,,
Undervotes,,82,,20.92%,,37,,43,,,2,,0,,0,,0,,
Contest Totals,,392,,100.00%,,161,,216,,,11,,0,,2,,2,,
,FOR COUNTY COMMISSIONER,,,,,,,,,,,,,,,,,,
,Vote For 1,,,,,,,,,,,,,,,,,,
,,,TOTAL,,VOTE %,,Election Day,,Early Vote,,,Absentee,,Canvass,,Absentee After ED,,Provisional,
REP MARYANN (BABICH) FOLZ,,168,,42.86%,,77,,88,,,2,,0,,0,,1,,
DEM TOM  BLOOM,,203,,51.79%,,72,,119,,,9,,0,,2,,1,,
NO CANDIDATE(S) NOMINATED,,0,,0.00%,,0,,0,,,0,,0,,0,,0,,
NO CANDIDATE(S) NOMINATED,,0,,0.00%,,0,,0,,,0,,0,,0,,0,,
Write-In Totals,,1,,0.26%,,1,,0,,,0,,0,,0,,0,,
Total Votes Cast,,372,,94.90%,,150,,207,,,11,,0,,2,,2,,
Overvotes,,0,,0.00%,,0,,0,,,0,,0,,0,,0,,
Undervotes,,20,,5.10%,,11,,9,,,0,,0,,0,,0,,
Contest Totals,,392,,100.00%,,161,,216,,,11,,0,,2,,2,,
Precinct Summary - 11/12/2024     2:58 PM,,,,,,,,,,58,,,,,,,,, of 258
Report generated with Electionware Copyright © 2007-2019,,,,,,,,,,,,,,,,,,,
Summary Results Report,,,,,,,,,,OFFICIAL RESULTS,,,,,,,,,
General Election,,,,,,,,,,,,,,,,,,,
"November 5, 2024",,,,,,,,,,"Monongalia County, West Virginia",,,,,,,,,
PRECINCT 30,,,,,,,,,,,,,,,,,,,
,FOR PROSECUTING ATTORNEY,,,,,,,,,,,,,,,,,,
,Vote For 1,,,,,,,,,,,,,,,,,,
,,,TOTAL,,VOTE %,,Election Day,,Early Vote,,,Absentee,,Canvass,,Absentee After ED,,Provisional,
NO CANDIDATE(S) NOMINATED,,0,,0.00%,,0,,0,,,0,,0,,0,,0,,
"DEM GABRIELLE ""GABE"" MUCCIOLA",,291,,74.23%,,117,,161,,,10,,0,,1,,2,,
NO CANDIDATE(S) NOMINATED,,0,,0.00%,,0,,0,,,0,,0,,0,,0,,
NO CANDIDATE(S) NOMINATED,,0,,0.00%,,0,,0,,,0,,0,,0,,0,,
Write-In Totals,,3,,0.77%,,0,,3,,,0,,0,,0,,0,,
Total Votes Cast,,294,,75.00%,,117,,164,,,10,,0,,1,,2,,
Overvotes,,0,,0.00%,,0,,0,,,0,,0,,0,,0,,
Undervotes,,98,,25.00%,,44,,52,,,1,,0,,1,,0,,
Contest Totals,,392,,100.00%,,161,,216,,,11,,0,,2,,2,,
,FOR SHERIFF,,,,,,,,,,,,,,,,,,
,Vote For 1,,,,,,,,,,,,,,,,,,
,,,TOTAL,,VOTE %,,Election Day,,Early Vote,,,Absentee,,Canvass,,Absentee After ED,,Provisional,
REP JASON MORGAN,,164,,41.84%,,67,,95,,,2,,0,,0,,0,,
DEM TODD FORBES,,213,,54.34%,,85,,116,,,9,,0,,1,,2,,
NO CANDIDATE(S) NOMINATED,,0,,0.00%,,0,,0,,,0,,0,,0,,0,,
NO CANDIDATE(S) NOMINATED,,0,,0.00%,,0,,0,,,0,,0,,0,,0,,
Write-In Totals,,0,,0.00%,,0,,0,,,0,,0,,0,,0,,
Total Votes Cast,,377,,96.17%,,152,,211,,,11,,0,,1,,2,,
Overvotes,,0,,0.00%,,0,,0,,,0,,0,,0,,0,,
Undervotes,,15,,3.83%,,9,,5,,,0,,0,,1,,0,,
Contest Totals,,392,,100.00%,,161,,216,,,11,,0,,2,,2,,
,FOR ASSESSOR,,,,,,,,,,,,,,,,,,
,Vote For 1,,,,,,,,,,,,,,,,,,
,,,TOTAL,,VOTE %,,Election Day,,Early Vote,,,Absentee,,Canvass,,Absentee After ED,,Provisional,
REP RICH JACOBS,,148,,37.76%,,64,,81,,,2,,0,,0,,1,,
DEM MARK A. MUSICK,,229,,58.42%,,85,,132,,,9,,0,,2,,1,,
NO CANDIDATE(S) NOMINATED,,0,,0.00%,,0,,0,,,0,,0,,0,,0,,
NO CANDIDATE(S) NOMINATED,,0,,0.00%,,0,,0,,,0,,0,,0,,0,,
Write-In Totals,,0,,0.00%,,0,,0,,,0,,0,,0,,0,,
Total Votes Cast,,377,,96.17%,,149,,213,,,11,,0,,2,,2,,
Overvotes,,0,,0.00%,,0,,0,,,0,,0,,0,,0,,
Undervotes,,15,,3.83%,,12,,3,,,0,,0,,0,,0,,
Contest Totals,,392,,100.00%,,161,,216,,,11,,0,,2,,2,,
Precinct Summary - 11/12/2024     2:58 PM,,,,,,,,,,59,,,,,,,,, of 258
Report generated with Electionware Copyright © 2007-2019,,,,,,,,,,,,,,,,,,,
Summary Results Report,,,,,,,,,,OFFICIAL RESULTS,,,,,,,,,
General Election,,,,,,,,,,,,,,,,,,,
"November 5, 2024",,,,,,,,,,"Monongalia County, West Virginia",,,,,,,,,
PRECINCT 30,,,,,,,,,,,,,,,,,,,
,FOR SURVEYOR,,,,,,,,,,,,,,,,,,
,Vote For 1,,,,,,,,,,,,,,,,,,
,,,TOTAL,,VOTE %,,Election Day,,Early Vote,,,Absentee,,Canvass,,Absentee After ED,,Provisional,
REP BOB ANDRIOTTO,,276,,70.41%,,120,,150,,,3,,0,,1,,2,,
NO CANDIDATE(S) NOMINATED,,0,,0.00%,,0,,0,,,0,,0,,0,,0,,
NO CANDIDATE(S) NOMINATED,,0,,0.00%,,0,,0,,,0,,0,,0,,0,,
NO CANDIDATE(S) NOMINATED,,0,,0.00%,,0,,0,,,0,,0,,0,,0,,
Write-In Totals,,2,,0.51%,,1,,1,,,0,,0,,0,,0,,
Total Votes Cast,,278,,70.92%,,121,,151,,,3,,0,,1,,2,,
Overvotes,,0,,0.00%,,0,,0,,,0,,0,,0,,0,,
Undervotes,,114,,29.08%,,40,,65,,,8,,0,,1,,0,,
Contest Totals,,392,,100.00%,,161,,216,,,11,,0,,2,,2,,
,AMENDMENT NO. 1,,,,,,,,,,,,,,,,,,
,Vote For 1,,,,,,,,,,,,,,,,,,
,,,TOTAL,,VOTE %,,Election Day,,Early Vote,,,Absentee,,Canvass,,Absentee After ED,,Provisional,
For,,144,,36.73%,,63,,78,,,2,,0,,1,,0,,
Against,,207,,52.81%,,80,,119,,,6,,0,,1,,1,,
Total Votes Cast,,351,,89.54%,,143,,197,,,8,,0,,2,,1,,
Overvotes,,0,,0.00%,,0,,0,,,0,,0,,0,,0,,
Undervotes,,41,,10.46%,,18,,19,,,3,,0,,0,,1,,
Contest Totals,,392,,100.00%,,161,,216,,,11,,0,,2,,2,,
Precinct Summary - 11/12/2024     2:58 PM,,,,,,,,,,60,,,,,,,,, of 258
Report generated with Electionware Copyright © 2007-2019,,,,,,,,,,,,,,,,,,,
Summary Results Report,,,,,,,,,,OFFICIAL RESULTS,,,,,,,,,
General Election,,,,,,,,,,,,,,,,,,,
"November 5, 2024",,,,,,,,,,"Monongalia County, West Virginia",,,,,,,,,
PRECINCT 31,,,,,,,,,,,,,,,,,,,
Statistics,,TOTAL,,Election Day,,Early Vote,,Absentee,,,Canvass,,Absentee After ED,,Provisional,,,,
Registered Voters - Total,,4,,,,,,,,,,,,,,,,,
Ballots Cast - Total,,1,,1,,0,,0,,,0,,0,,0,,,,
Ballots Cast - Blank,,0,,0,,0,,0,,,0,,0,,0,,,,
Voter Turnout - Total,,25.00%,,,,,,,,,,,,,,,,,
,FOR PRESIDENT,,,,,,,,,,,,,,,,,,
,Vote For 1,,,,,,,,,,,,,,,,,,
,,,TOTAL,,VOTE %,,Election Day,,Early Vote,,,Absentee,,Canvass,,Absentee After ED,,Provisional,
REP DONALD J. TRUMP,,1,,100.00%,,1,,0,,,0,,0,,0,,0,,
DEM KAMALA D. HARRIS,,0,,0.00%,,0,,0,,,0,,0,,0,,0,,
LBN CHASE OLIVER,,0,,0.00%,,0,,0,,,0,,0,,0,,0,,
MTN JILL STEIN,,0,,0.00%,,0,,0,,,0,,0,,0,,0,,
IND ROBERT F. KENNEDY JR.,,0,,0.00%,,0,,0,,,0,,0,,0,,0,,
Write-In Totals,,0,,0.00%,,0,,0,,,0,,0,,0,,0,,
Total Votes Cast,,1,,100.00%,,1,,0,,,0,,0,,0,,0,,
Overvotes,,0,,0.00%,,0,,0,,,0,,0,,0,,0,,
Undervotes,,0,,0.00%,,0,,0,,,0,,0,,0,,0,,
Contest Totals,,1,,100.00%,,1,,0,,,0,,0,,0,,0,,
,FOR U.S. SENATOR,,,,,,,,,,,,,,,,,,
,Vote For 1,,,,,,,,,,,,,,,,,,
,,,TOTAL,,VOTE %,,Election Day,,Early Vote,,,Absentee,,Canvass,,Absentee After ED,,Provisional,
REP JIM JUSTICE,,1,,100.00%,,1,,0,,,0,,0,,0,,0,,
DEM GLENN ELLIOTT,,0,,0.00%,,0,,0,,,0,,0,,0,,0,,
LBN DAVID MORAN,,0,,0.00%,,0,,0,,,0,,0,,0,,0,,
NO CANDIDATE(S) NOMINATED,,0,,0.00%,,0,,0,,,0,,0,,0,,0,,
Write-In Totals,,0,,0.00%,,0,,0,,,0,,0,,0,,0,,
Total Votes Cast,,1,,100.00%,,1,,0,,,0,,0,,0,,0,,
Overvotes,,0,,0.00%,,0,,0,,,0,,0,,0,,0,,
Undervotes,,0,,0.00%,,0,,0,,,0,,0,,0,,0,,
Contest Totals,,1,,100.00%,,1,,0,,,0,,0,,0,,0,,
,FOR U.S. HOUSE OF REPS 2ND DIST,,,,,,,,,,,,,,,,,,
,Vote For 1,,,,,,,,,,,,,,,,,,
,,,TOTAL,,VOTE %,,Election Day,,Early Vote,,,Absentee,,Canvass,,Absentee After ED,,Provisional,
REP RILEY MOORE,,1,,100.00%,,1,,0,,,0,,0,,0,,0,,
DEM STEVEN WENDELIN,,0,,0.00%,,0,,0,,,0,,0,,0,,0,,
NO CANDIDATE(S) NOMINATED,,0,,0.00%,,0,,0,,,0,,0,,0,,0,,
NO CANDIDATE(S) NOMINATED,,0,,0.00%,,0,,0,,,0,,0,,0,,0,,
Write-In Totals,,0,,0.00%,,0,,0,,,0,,0,,0,,0,,
Total Votes Cast,,1,,100.00%,,1,,0,,,0,,0,,0,,0,,
Overvotes,,0,,0.00%,,0,,0,,,0,,0,,0,,0,,
Undervotes,,0,,0.00%,,0,,0,,,0,,0,,0,,0,,
Contest Totals,,1,,100.00%,,1,,0,,,0,,0,,0,,0,,
Precinct Summary - 11/12/2024     2:58 PM,,,,,,,,,,61,,,,,,,,, of 258
Report generated with Electionware Copyright © 2007-2019,,,,,,,,,,,,,,,,,,,
Summary Results Report,,,,,,,,,,OFFICIAL RESULTS,,,,,,,,,
General Election,,,,,,,,,,,,,,,,,,,
"November 5, 2024",,,,,,,,,,"Monongalia County, West Virginia",,,,,,,,,
PRECINCT 31,,,,,,,,,,,,,,,,,,,
,FOR GOVERNOR,,,,,,,,,,,,,,,,,,
,Vote For 1,,,,,,,,,,,,,,,,,,
,,,TOTAL,,VOTE %,,Election Day,,Early Vote,,,Absentee,,Canvass,,Absentee After ED,,Provisional,
REP PATRICK MORRISEY,,1,,100.00%,,1,,0,,,0,,0,,0,,0,,
DEM STEVE WILLIAMS,,0,,0.00%,,0,,0,,,0,,0,,0,,0,,
LBN ERIKA KLIE KOLENICH,,0,,0.00%,,0,,0,,,0,,0,,0,,0,,
MTN CHASE LINKO-LOOPER,,0,,0.00%,,0,,0,,,0,,0,,0,,0,,
CST S. MARSHALL WILSON,,0,,0.00%,,0,,0,,,0,,0,,0,,0,,
Write-In Totals,,0,,0.00%,,0,,0,,,0,,0,,0,,0,,
Total Votes Cast,,1,,100.00%,,1,,0,,,0,,0,,0,,0,,
Overvotes,,0,,0.00%,,0,,0,,,0,,0,,0,,0,,
Undervotes,,0,,0.00%,,0,,0,,,0,,0,,0,,0,,
Contest Totals,,1,,100.00%,,1,,0,,,0,,0,,0,,0,,
,FOR SECRETARY OF STATE,,,,,,,,,,,,,,,,,,
,Vote For 1,,,,,,,,,,,,,,,,,,
,,,TOTAL,,VOTE %,,Election Day,,Early Vote,,,Absentee,,Canvass,,Absentee After ED,,Provisional,
REP KRIS WARNER,,1,,100.00%,,1,,0,,,0,,0,,0,,0,,
DEM THORNTON COOPER,,0,,0.00%,,0,,0,,,0,,0,,0,,0,,
NO CANDIDATE(S) NOMINATED,,0,,0.00%,,0,,0,,,0,,0,,0,,0,,
NO CANDIDATE(S) NOMINATED,,0,,0.00%,,0,,0,,,0,,0,,0,,0,,
Write-In Totals,,0,,0.00%,,0,,0,,,0,,0,,0,,0,,
Total Votes Cast,,1,,100.00%,,1,,0,,,0,,0,,0,,0,,
Overvotes,,0,,0.00%,,0,,0,,,0,,0,,0,,0,,
Undervotes,,0,,0.00%,,0,,0,,,0,,0,,0,,0,,
Contest Totals,,1,,100.00%,,1,,0,,,0,,0,,0,,0,,
,FOR AUDITOR,,,,,,,,,,,,,,,,,,
,Vote For 1,,,,,,,,,,,,,,,,,,
,,,TOTAL,,VOTE %,,Election Day,,Early Vote,,,Absentee,,Canvass,,Absentee After ED,,Provisional,
REP MARK HUNT,,1,,100.00%,,1,,0,,,0,,0,,0,,0,,
DEM MARY ANN ROEBUCK CLAYTOR,,0,,0.00%,,0,,0,,,0,,0,,0,,0,,
NO CANDIDATE(S) NOMINATED,,0,,0.00%,,0,,0,,,0,,0,,0,,0,,
NO CANDIDATE(S) NOMINATED,,0,,0.00%,,0,,0,,,0,,0,,0,,0,,
Write-In Totals,,0,,0.00%,,0,,0,,,0,,0,,0,,0,,
Total Votes Cast,,1,,100.00%,,1,,0,,,0,,0,,0,,0,,
Overvotes,,0,,0.00%,,0,,0,,,0,,0,,0,,0,,
Undervotes,,0,,0.00%,,0,,0,,,0,,0,,0,,0,,
Contest Totals,,1,,100.00%,,1,,0,,,0,,0,,0,,0,,
Precinct Summary - 11/12/2024     2:58 PM,,,,,,,,,,62,,,,,,,,, of 258
Report generated with Electionware Copyright © 2007-2019,,,,,,,,,,,,,,,,,,,
Summary Results Report,,,,,,,,,,OFFICIAL RESULTS,,,,,,,,,
General Election,,,,,,,,,,,,,,,,,,,
"November 5, 2024",,,,,,,,,,"Monongalia County, West Virginia",,,,,,,,,
PRECINCT 31,,,,,,,,,,,,,,,,,,,
,FOR TREASURER,,,,,,,,,,,,,,,,,,
,Vote For 1,,,,,,,,,,,,,,,,,,
,,,TOTAL,,VOTE %,,Election Day,,Early Vote,,,Absentee,,Canvass,,Absentee After ED,,Provisional,
REP LARRY PACK,,1,,100.00%,,1,,0,,,0,,0,,0,,0,,
NO CANDIDATE(S) NOMINATED,,0,,0.00%,,0,,0,,,0,,0,,0,,0,,
NO CANDIDATE(S) NOMINATED,,0,,0.00%,,0,,0,,,0,,0,,0,,0,,
NO CANDIDATE(S) NOMINATED,,0,,0.00%,,0,,0,,,0,,0,,0,,0,,
Write-In Totals,,0,,0.00%,,0,,0,,,0,,0,,0,,0,,
Total Votes Cast,,1,,100.00%,,1,,0,,,0,,0,,0,,0,,
Overvotes,,0,,0.00%,,0,,0,,,0,,0,,0,,0,,
Undervotes,,0,,0.00%,,0,,0,,,0,,0,,0,,0,,
Contest Totals,,1,,100.00%,,1,,0,,,0,,0,,0,,0,,
,FOR COMMISSIONER OF AGRICULTURE,,,,,,,,,,,,,,,,,,
,Vote For 1,,,,,,,,,,,,,,,,,,
,,,TOTAL,,VOTE %,,Election Day,,Early Vote,,,Absentee,,Canvass,,Absentee After ED,,Provisional,
REP KENT LEONHARDT,,1,,100.00%,,1,,0,,,0,,0,,0,,0,,
DEM DEBORAH STILES,,0,,0.00%,,0,,0,,,0,,0,,0,,0,,
NO CANDIDATE(S) NOMINATED,,0,,0.00%,,0,,0,,,0,,0,,0,,0,,
NO CANDIDATE(S) NOMINATED,,0,,0.00%,,0,,0,,,0,,0,,0,,0,,
Write-In Totals,,0,,0.00%,,0,,0,,,0,,0,,0,,0,,
Total Votes Cast,,1,,100.00%,,1,,0,,,0,,0,,0,,0,,
Overvotes,,0,,0.00%,,0,,0,,,0,,0,,0,,0,,
Undervotes,,0,,0.00%,,0,,0,,,0,,0,,0,,0,,
Contest Totals,,1,,100.00%,,1,,0,,,0,,0,,0,,0,,
,FOR ATTORNEY GENERAL,,,,,,,,,,,,,,,,,,
,Vote For 1,,,,,,,,,,,,,,,,,,
,,,TOTAL,,VOTE %,,Election Day,,Early Vote,,,Absentee,,Canvass,,Absentee After ED,,Provisional,
"REP JOHN ""JB"" McCUSKEY",,1,,100.00%,,1,,0,,,0,,0,,0,,0,,
DEM TERESA TORISEVA,,0,,0.00%,,0,,0,,,0,,0,,0,,0,,
NO CANDIDATE(S) NOMINATED,,0,,0.00%,,0,,0,,,0,,0,,0,,0,,
NO CANDIDATE(S) NOMINATED,,0,,0.00%,,0,,0,,,0,,0,,0,,0,,
Write-In Totals,,0,,0.00%,,0,,0,,,0,,0,,0,,0,,
Total Votes Cast,,1,,100.00%,,1,,0,,,0,,0,,0,,0,,
Overvotes,,0,,0.00%,,0,,0,,,0,,0,,0,,0,,
Undervotes,,0,,0.00%,,0,,0,,,0,,0,,0,,0,,
Contest Totals,,1,,100.00%,,1,,0,,,0,,0,,0,,0,,
Precinct Summary - 11/12/2024     2:58 PM,,,,,,,,,,63,,,,,,,,, of 258
Report generated with Electionware Copyright © 2007-2019,,,,,,,,,,,,,,,,,,,
Summary Results Report,,,,,,,,,,OFFICIAL RESULTS,,,,,,,,,
General Election,,,,,,,,,,,,,,,,,,,
"November 5, 2024",,,,,,,,,,"Monongalia County, West Virginia",,,,,,,,,
PRECINCT 31,,,,,,,,,,,,,,,,,,,
,FOR STATE SENATOR 13TH DISTRICT,,,,,,,,,,,,,,,,,,
,Vote For 1,,,,,,,,,,,,,,,,,,
,,,TOTAL,,VOTE %,,Election Day,,Early Vote,,,Absentee,,Canvass,,Absentee After ED,,Provisional,
REP REBECCA POLIS,,1,,100.00%,,1,,0,,,0,,0,,0,,0,,
DEM JOEY GARCIA,,0,,0.00%,,0,,0,,,0,,0,,0,,0,,
NO CANDIDATE(S) NOMINATED,,0,,0.00%,,0,,0,,,0,,0,,0,,0,,
NO CANDIDATE(S) NOMINATED,,0,,0.00%,,0,,0,,,0,,0,,0,,0,,
Write-In Totals,,0,,0.00%,,0,,0,,,0,,0,,0,,0,,
Total Votes Cast,,1,,100.00%,,1,,0,,,0,,0,,0,,0,,
Overvotes,,0,,0.00%,,0,,0,,,0,,0,,0,,0,,
Undervotes,,0,,0.00%,,0,,0,,,0,,0,,0,,0,,
Contest Totals,,1,,100.00%,,1,,0,,,0,,0,,0,,0,,
,FOR MEMBER OF HOUSE OF DELEGATES 82ND DISTRICT,,,,,,,,,,,,,,,,,,
,Vote For 1,,,,,,,,,,,,,,,,,,
,,,TOTAL,,VOTE %,,Election Day,,Early Vote,,,Absentee,,Canvass,,Absentee After ED,,Provisional,
REP DAVID  McCORMICK,,1,,100.00%,,1,,0,,,0,,0,,0,,0,,
DEM BILL REGER-NASH,,0,,0.00%,,0,,0,,,0,,0,,0,,0,,
NO CANDIDATE(S) NOMINATED,,0,,0.00%,,0,,0,,,0,,0,,0,,0,,
NO CANDIDATE(S) NOMINATED,,0,,0.00%,,0,,0,,,0,,0,,0,,0,,
Write-In Totals,,0,,0.00%,,0,,0,,,0,,0,,0,,0,,
Total Votes Cast,,1,,100.00%,,1,,0,,,0,,0,,0,,0,,
Overvotes,,0,,0.00%,,0,,0,,,0,,0,,0,,0,,
Undervotes,,0,,0.00%,,0,,0,,,0,,0,,0,,0,,
Contest Totals,,1,,100.00%,,1,,0,,,0,,0,,0,,0,,
,FOR COUNTY COMMISSIONER,,,,,,,,,,,,,,,,,,
,Vote For 1,,,,,,,,,,,,,,,,,,
,,,TOTAL,,VOTE %,,Election Day,,Early Vote,,,Absentee,,Canvass,,Absentee After ED,,Provisional,
REP MARYANN (BABICH) FOLZ,,1,,100.00%,,1,,0,,,0,,0,,0,,0,,
DEM TOM  BLOOM,,0,,0.00%,,0,,0,,,0,,0,,0,,0,,
NO CANDIDATE(S) NOMINATED,,0,,0.00%,,0,,0,,,0,,0,,0,,0,,
NO CANDIDATE(S) NOMINATED,,0,,0.00%,,0,,0,,,0,,0,,0,,0,,
Write-In Totals,,0,,0.00%,,0,,0,,,0,,0,,0,,0,,
Total Votes Cast,,1,,100.00%,,1,,0,,,0,,0,,0,,0,,
Overvotes,,0,,0.00%,,0,,0,,,0,,0,,0,,0,,
Undervotes,,0,,0.00%,,0,,0,,,0,,0,,0,,0,,
Contest Totals,,1,,100.00%,,1,,0,,,0,,0,,0,,0,,
Precinct Summary - 11/12/2024     2:58 PM,,,,,,,,,,64,,,,,,,,, of 258
Report generated with Electionware Copyright © 2007-2019,,,,,,,,,,,,,,,,,,,
Summary Results Report,,,,,,,,,,OFFICIAL RESULTS,,,,,,,,,
General Election,,,,,,,,,,,,,,,,,,,
"November 5, 2024",,,,,,,,,,"Monongalia County, West Virginia",,,,,,,,,
PRECINCT 31,,,,,,,,,,,,,,,,,,,
,FOR PROSECUTING ATTORNEY,,,,,,,,,,,,,,,,,,
,Vote For 1,,,,,,,,,,,,,,,,,,
,,,TOTAL,,VOTE %,,Election Day,,Early Vote,,,Absentee,,Canvass,,Absentee After ED,,Provisional,
NO CANDIDATE(S) NOMINATED,,0,,0.00%,,0,,0,,,0,,0,,0,,0,,
"DEM GABRIELLE ""GABE"" MUCCIOLA",,1,,100.00%,,1,,0,,,0,,0,,0,,0,,
NO CANDIDATE(S) NOMINATED,,0,,0.00%,,0,,0,,,0,,0,,0,,0,,
NO CANDIDATE(S) NOMINATED,,0,,0.00%,,0,,0,,,0,,0,,0,,0,,
Write-In Totals,,0,,0.00%,,0,,0,,,0,,0,,0,,0,,
Total Votes Cast,,1,,100.00%,,1,,0,,,0,,0,,0,,0,,
Overvotes,,0,,0.00%,,0,,0,,,0,,0,,0,,0,,
Undervotes,,0,,0.00%,,0,,0,,,0,,0,,0,,0,,
Contest Totals,,1,,100.00%,,1,,0,,,0,,0,,0,,0,,
,FOR SHERIFF,,,,,,,,,,,,,,,,,,
,Vote For 1,,,,,,,,,,,,,,,,,,
,,,TOTAL,,VOTE %,,Election Day,,Early Vote,,,Absentee,,Canvass,,Absentee After ED,,Provisional,
REP JASON MORGAN,,1,,100.00%,,1,,0,,,0,,0,,0,,0,,
DEM TODD FORBES,,0,,0.00%,,0,,0,,,0,,0,,0,,0,,
NO CANDIDATE(S) NOMINATED,,0,,0.00%,,0,,0,,,0,,0,,0,,0,,
NO CANDIDATE(S) NOMINATED,,0,,0.00%,,0,,0,,,0,,0,,0,,0,,
Write-In Totals,,0,,0.00%,,0,,0,,,0,,0,,0,,0,,
Total Votes Cast,,1,,100.00%,,1,,0,,,0,,0,,0,,0,,
Overvotes,,0,,0.00%,,0,,0,,,0,,0,,0,,0,,
Undervotes,,0,,0.00%,,0,,0,,,0,,0,,0,,0,,
Contest Totals,,1,,100.00%,,1,,0,,,0,,0,,0,,0,,
,FOR ASSESSOR,,,,,,,,,,,,,,,,,,
,Vote For 1,,,,,,,,,,,,,,,,,,
,,,TOTAL,,VOTE %,,Election Day,,Early Vote,,,Absentee,,Canvass,,Absentee After ED,,Provisional,
REP RICH JACOBS,,1,,100.00%,,1,,0,,,0,,0,,0,,0,,
DEM MARK A. MUSICK,,0,,0.00%,,0,,0,,,0,,0,,0,,0,,
NO CANDIDATE(S) NOMINATED,,0,,0.00%,,0,,0,,,0,,0,,0,,0,,
NO CANDIDATE(S) NOMINATED,,0,,0.00%,,0,,0,,,0,,0,,0,,0,,
Write-In Totals,,0,,0.00%,,0,,0,,,0,,0,,0,,0,,
Total Votes Cast,,1,,100.00%,,1,,0,,,0,,0,,0,,0,,
Overvotes,,0,,0.00%,,0,,0,,,0,,0,,0,,0,,
Undervotes,,0,,0.00%,,0,,0,,,0,,0,,0,,0,,
Contest Totals,,1,,100.00%,,1,,0,,,0,,0,,0,,0,,
Precinct Summary - 11/12/2024     2:58 PM,,,,,,,,,,65,,,,,,,,, of 258
Report generated with Electionware Copyright © 2007-2019,,,,,,,,,,,,,,,,,,,
Summary Results Report,,,,,,,,,,OFFICIAL RESULTS,,,,,,,,,
General Election,,,,,,,,,,,,,,,,,,,
"November 5, 2024",,,,,,,,,,"Monongalia County, West Virginia",,,,,,,,,
PRECINCT 31,,,,,,,,,,,,,,,,,,,
,FOR SURVEYOR,,,,,,,,,,,,,,,,,,
,Vote For 1,,,,,,,,,,,,,,,,,,
,,,TOTAL,,VOTE %,,Election Day,,Early Vote,,,Absentee,,Canvass,,Absentee After ED,,Provisional,
REP BOB ANDRIOTTO,,1,,100.00%,,1,,0,,,0,,0,,0,,0,,
NO CANDIDATE(S) NOMINATED,,0,,0.00%,,0,,0,,,0,,0,,0,,0,,
NO CANDIDATE(S) NOMINATED,,0,,0.00%,,0,,0,,,0,,0,,0,,0,,
NO CANDIDATE(S) NOMINATED,,0,,0.00%,,0,,0,,,0,,0,,0,,0,,
Write-In Totals,,0,,0.00%,,0,,0,,,0,,0,,0,,0,,
Total Votes Cast,,1,,100.00%,,1,,0,,,0,,0,,0,,0,,
Overvotes,,0,,0.00%,,0,,0,,,0,,0,,0,,0,,
Undervotes,,0,,0.00%,,0,,0,,,0,,0,,0,,0,,
Contest Totals,,1,,100.00%,,1,,0,,,0,,0,,0,,0,,
,AMENDMENT NO. 1,,,,,,,,,,,,,,,,,,
,Vote For 1,,,,,,,,,,,,,,,,,,
,,,TOTAL,,VOTE %,,Election Day,,Early Vote,,,Absentee,,Canvass,,Absentee After ED,,Provisional,
For,,1,,100.00%,,1,,0,,,0,,0,,0,,0,,
Against,,0,,0.00%,,0,,0,,,0,,0,,0,,0,,
Total Votes Cast,,1,,100.00%,,1,,0,,,0,,0,,0,,0,,
Overvotes,,0,,0.00%,,0,,0,,,0,,0,,0,,0,,
Undervotes,,0,,0.00%,,0,,0,,,0,,0,,0,,0,,
Contest Totals,,1,,100.00%,,1,,0,,,0,,0,,0,,0,,
Precinct Summary - 11/12/2024     2:58 PM,,,,,,,,,,66,,,,,,,,, of 258
Report generated with Electionware Copyright © 2007-2019,,,,,,,,,,,,,,,,,,,
Summary Results Report,,,,,,,,,,OFFICIAL RESULTS,,,,,,,,,
General Election,,,,,,,,,,,,,,,,,,,
"November 5, 2024",,,,,,,,,,"Monongalia County, West Virginia",,,,,,,,,
PRECINCT 32,,,,,,,,,,,,,,,,,,,
Statistics,,TOTAL,,Election Day,,Early Vote,,Absentee,,,Canvass,,Absentee After ED,,Provisional,,,,
Registered Voters - Total,,"4,658",,,,,,,,,,,,,,,,,
Ballots Cast - Total,,"2,469",,992,,"1,373",,92,,,0,,6,,6,,,,
Ballots Cast - Blank,,0,,0,,0,,0,,,0,,0,,0,,,,
Voter Turnout - Total,,53.01%,,,,,,,,,,,,,,,,,
,FOR PRESIDENT,,,,,,,,,,,,,,,,,,
,Vote For 1,,,,,,,,,,,,,,,,,,
,,,TOTAL,,VOTE %,,Election Day,,Early Vote,,,Absentee,,Canvass,,Absentee After ED,,Provisional,
REP DONALD J. TRUMP,,971,,39.33%,,380,,561,,,27,,0,,0,,3,,
DEM KAMALA D. HARRIS,,"1,370",,55.49%,,546,,752,,,65,,0,,5,,2,,
LBN CHASE OLIVER,,31,,1.26%,,17,,14,,,0,,0,,0,,0,,
MTN JILL STEIN,,42,,1.70%,,21,,19,,,0,,0,,1,,1,,
IND ROBERT F. KENNEDY JR.,,29,,1.17%,,15,,14,,,0,,0,,0,,0,,
Write-In Totals,,12,,0.49%,,4,,8,,,0,,0,,0,,0,,
Total Votes Cast,,"2,455",,99.43%,,983,,"1,368",,,92,,0,,6,,6,,
Overvotes,,0,,0.00%,,0,,0,,,0,,0,,0,,0,,
Undervotes,,14,,0.57%,,9,,5,,,0,,0,,0,,0,,
Contest Totals,,"2,469",,100.00%,,992,,"1,373",,,92,,0,,6,,6,,
,FOR U.S. SENATOR,,,,,,,,,,,,,,,,,,
,Vote For 1,,,,,,,,,,,,,,,,,,
,,,TOTAL,,VOTE %,,Election Day,,Early Vote,,,Absentee,,Canvass,,Absentee After ED,,Provisional,
REP JIM JUSTICE,,980,,39.69%,,400,,551,,,24,,0,,3,,2,,
DEM GLENN ELLIOTT,,"1,335",,54.07%,,530,,737,,,62,,0,,3,,3,,
LBN DAVID MORAN,,80,,3.24%,,40,,38,,,1,,0,,0,,1,,
NO CANDIDATE(S) NOMINATED,,0,,0.00%,,0,,0,,,0,,0,,0,,0,,
Write-In Totals,,2,,0.08%,,0,,1,,,1,,0,,0,,0,,
Total Votes Cast,,"2,397",,97.08%,,970,,"1,327",,,88,,0,,6,,6,,
Overvotes,,0,,0.00%,,0,,0,,,0,,0,,0,,0,,
Undervotes,,72,,2.92%,,22,,46,,,4,,0,,0,,0,,
Contest Totals,,"2,469",,100.00%,,992,,"1,373",,,92,,0,,6,,6,,
,FOR U.S. HOUSE OF REPS 2ND DIST,,,,,,,,,,,,,,,,,,
,Vote For 1,,,,,,,,,,,,,,,,,,
,,,TOTAL,,VOTE %,,Election Day,,Early Vote,,,Absentee,,Canvass,,Absentee After ED,,Provisional,
REP RILEY MOORE,,994,,40.26%,,404,,559,,,25,,0,,2,,4,,
DEM STEVEN WENDELIN,,"1,329",,53.83%,,539,,724,,,61,,0,,3,,2,,
NO CANDIDATE(S) NOMINATED,,0,,0.00%,,0,,0,,,0,,0,,0,,0,,
NO CANDIDATE(S) NOMINATED,,0,,0.00%,,0,,0,,,0,,0,,0,,0,,
Write-In Totals,,1,,0.04%,,0,,1,,,0,,0,,0,,0,,
Total Votes Cast,,"2,324",,94.13%,,943,,"1,284",,,86,,0,,5,,6,,
Overvotes,,0,,0.00%,,0,,0,,,0,,0,,0,,0,,
Undervotes,,145,,5.87%,,49,,89,,,6,,0,,1,,0,,
Contest Totals,,"2,469",,100.00%,,992,,"1,373",,,92,,0,,6,,6,,
Precinct Summary - 11/12/2024     2:58 PM,,,,,,,,,,67,,,,,,,,, of 258
Report generated with Electionware Copyright © 2007-2019,,,,,,,,,,,,,,,,,,,
Summary Results Report,,,,,,,,,,OFFICIAL RESULTS,,,,,,,,,
General Election,,,,,,,,,,,,,,,,,,,
"November 5, 2024",,,,,,,,,,"Monongalia County, West Virginia",,,,,,,,,
PRECINCT 32,,,,,,,,,,,,,,,,,,,
,FOR GOVERNOR,,,,,,,,,,,,,,,,,,
,Vote For 1,,,,,,,,,,,,,,,,,,
,,,TOTAL,,VOTE %,,Election Day,,Early Vote,,,Absentee,,Canvass,,Absentee After ED,,Provisional,
REP PATRICK MORRISEY,,895,,36.25%,,367,,499,,,26,,0,,1,,2,,
DEM STEVE WILLIAMS,,"1,333",,53.99%,,518,,752,,,56,,0,,4,,3,,
LBN ERIKA KLIE KOLENICH,,79,,3.20%,,38,,35,,,5,,0,,0,,1,,
MTN CHASE LINKO-LOOPER,,40,,1.62%,,18,,20,,,1,,0,,1,,0,,
CST S. MARSHALL WILSON,,15,,0.61%,,8,,7,,,0,,0,,0,,0,,
Write-In Totals,,2,,0.08%,,1,,1,,,0,,0,,0,,0,,
Total Votes Cast,,"2,364",,95.75%,,950,,"1,314",,,88,,0,,6,,6,,
Overvotes,,0,,0.00%,,0,,0,,,0,,0,,0,,0,,
Undervotes,,105,,4.25%,,42,,59,,,4,,0,,0,,0,,
Contest Totals,,"2,469",,100.00%,,992,,"1,373",,,92,,0,,6,,6,,
,FOR SECRETARY OF STATE,,,,,,,,,,,,,,,,,,
,Vote For 1,,,,,,,,,,,,,,,,,,
,,,TOTAL,,VOTE %,,Election Day,,Early Vote,,,Absentee,,Canvass,,Absentee After ED,,Provisional,
REP KRIS WARNER,,996,,40.34%,,397,,563,,,32,,0,,1,,3,,
DEM THORNTON COOPER,,"1,325",,53.67%,,539,,725,,,54,,0,,4,,3,,
NO CANDIDATE(S) NOMINATED,,0,,0.00%,,0,,0,,,0,,0,,0,,0,,
NO CANDIDATE(S) NOMINATED,,0,,0.00%,,0,,0,,,0,,0,,0,,0,,
Write-In Totals,,0,,0.00%,,0,,0,,,0,,0,,0,,0,,
Total Votes Cast,,"2,321",,94.01%,,936,,"1,288",,,86,,0,,5,,6,,
Overvotes,,0,,0.00%,,0,,0,,,0,,0,,0,,0,,
Undervotes,,148,,5.99%,,56,,85,,,6,,0,,1,,0,,
Contest Totals,,"2,469",,100.00%,,992,,"1,373",,,92,,0,,6,,6,,
,FOR AUDITOR,,,,,,,,,,,,,,,,,,
,Vote For 1,,,,,,,,,,,,,,,,,,
,,,TOTAL,,VOTE %,,Election Day,,Early Vote,,,Absentee,,Canvass,,Absentee After ED,,Provisional,
REP MARK HUNT,,967,,39.17%,,385,,552,,,26,,0,,1,,3,,
DEM MARY ANN ROEBUCK CLAYTOR,,"1,313",,53.18%,,532,,713,,,61,,0,,4,,3,,
NO CANDIDATE(S) NOMINATED,,0,,0.00%,,0,,0,,,0,,0,,0,,0,,
NO CANDIDATE(S) NOMINATED,,0,,0.00%,,0,,0,,,0,,0,,0,,0,,
Write-In Totals,,1,,0.04%,,0,,1,,,0,,0,,0,,0,,
Total Votes Cast,,"2,281",,92.39%,,917,,"1,266",,,87,,0,,5,,6,,
Overvotes,,0,,0.00%,,0,,0,,,0,,0,,0,,0,,
Undervotes,,188,,7.61%,,75,,107,,,5,,0,,1,,0,,
Contest Totals,,"2,469",,100.00%,,992,,"1,373",,,92,,0,,6,,6,,
Precinct Summary - 11/12/2024     2:58 PM,,,,,,,,,,68,,,,,,,,, of 258
Report generated with Electionware Copyright © 2007-2019,,,,,,,,,,,,,,,,,,,
Summary Results Report,,,,,,,,,,OFFICIAL RESULTS,,,,,,,,,
General Election,,,,,,,,,,,,,,,,,,,
"November 5, 2024",,,,,,,,,,"Monongalia County, West Virginia",,,,,,,,,
PRECINCT 32,,,,,,,,,,,,,,,,,,,
,FOR TREASURER,,,,,,,,,,,,,,,,,,
,Vote For 1,,,,,,,,,,,,,,,,,,
,,,TOTAL,,VOTE %,,Election Day,,Early Vote,,,Absentee,,Canvass,,Absentee After ED,,Provisional,
REP LARRY PACK,,"1,726",,69.91%,,730,,935,,,53,,0,,3,,5,,
NO CANDIDATE(S) NOMINATED,,0,,0.00%,,0,,0,,,0,,0,,0,,0,,
NO CANDIDATE(S) NOMINATED,,0,,0.00%,,0,,0,,,0,,0,,0,,0,,
NO CANDIDATE(S) NOMINATED,,0,,0.00%,,0,,0,,,0,,0,,0,,0,,
Write-In Totals,,61,,2.47%,,25,,31,,,4,,0,,1,,0,,
Total Votes Cast,,"1,787",,72.38%,,755,,966,,,57,,0,,4,,5,,
Overvotes,,0,,0.00%,,0,,0,,,0,,0,,0,,0,,
Undervotes,,682,,27.62%,,237,,407,,,35,,0,,2,,1,,
Contest Totals,,"2,469",,100.00%,,992,,"1,373",,,92,,0,,6,,6,,
,FOR COMMISSIONER OF AGRICULTURE,,,,,,,,,,,,,,,,,,
,Vote For 1,,,,,,,,,,,,,,,,,,
,,,TOTAL,,VOTE %,,Election Day,,Early Vote,,,Absentee,,Canvass,,Absentee After ED,,Provisional,
REP KENT LEONHARDT,,"1,092",,44.23%,,440,,616,,,30,,0,,2,,4,,
DEM DEBORAH STILES,,"1,209",,48.97%,,485,,662,,,57,,0,,3,,2,,
NO CANDIDATE(S) NOMINATED,,0,,0.00%,,0,,0,,,0,,0,,0,,0,,
NO CANDIDATE(S) NOMINATED,,0,,0.00%,,0,,0,,,0,,0,,0,,0,,
Write-In Totals,,2,,0.08%,,0,,2,,,0,,0,,0,,0,,
Total Votes Cast,,"2,303",,93.28%,,925,,"1,280",,,87,,0,,5,,6,,
Overvotes,,0,,0.00%,,0,,0,,,0,,0,,0,,0,,
Undervotes,,166,,6.72%,,67,,93,,,5,,0,,1,,0,,
Contest Totals,,"2,469",,100.00%,,992,,"1,373",,,92,,0,,6,,6,,
,FOR ATTORNEY GENERAL,,,,,,,,,,,,,,,,,,
,Vote For 1,,,,,,,,,,,,,,,,,,
,,,TOTAL,,VOTE %,,Election Day,,Early Vote,,,Absentee,,Canvass,,Absentee After ED,,Provisional,
"REP JOHN ""JB"" McCUSKEY",,"1,009",,40.87%,,413,,566,,,25,,0,,2,,3,,
DEM TERESA TORISEVA,,"1,306",,52.90%,,516,,721,,,63,,0,,3,,3,,
NO CANDIDATE(S) NOMINATED,,0,,0.00%,,0,,0,,,0,,0,,0,,0,,
NO CANDIDATE(S) NOMINATED,,0,,0.00%,,0,,0,,,0,,0,,0,,0,,
Write-In Totals,,0,,0.00%,,0,,0,,,0,,0,,0,,0,,
Total Votes Cast,,"2,315",,93.76%,,929,,"1,287",,,88,,0,,5,,6,,
Overvotes,,0,,0.00%,,0,,0,,,0,,0,,0,,0,,
Undervotes,,154,,6.24%,,63,,86,,,4,,0,,1,,0,,
Contest Totals,,"2,469",,100.00%,,992,,"1,373",,,92,,0,,6,,6,,
Precinct Summary - 11/12/2024     2:58 PM,,,,,,,,,,69,,,,,,,,, of 258
Report generated with Electionware Copyright © 2007-2019,,,,,,,,,,,,,,,,,,,
Summary Results Report,,,,,,,,,,OFFICIAL RESULTS,,,,,,,,,
General Election,,,,,,,,,,,,,,,,,,,
"November 5, 2024",,,,,,,,,,"Monongalia County, West Virginia",,,,,,,,,
PRECINCT 32,,,,,,,,,,,,,,,,,,,
,FOR STATE SENATOR 13TH DISTRICT,,,,,,,,,,,,,,,,,,
,Vote For 1,,,,,,,,,,,,,,,,,,
,,,TOTAL,,VOTE %,,Election Day,,Early Vote,,,Absentee,,Canvass,,Absentee After ED,,Provisional,
REP REBECCA POLIS,,918,,37.18%,,376,,515,,,23,,0,,1,,3,,
DEM JOEY GARCIA,,"1,390",,56.30%,,558,,762,,,63,,0,,4,,3,,
NO CANDIDATE(S) NOMINATED,,0,,0.00%,,0,,0,,,0,,0,,0,,0,,
NO CANDIDATE(S) NOMINATED,,0,,0.00%,,0,,0,,,0,,0,,0,,0,,
Write-In Totals,,0,,0.00%,,0,,0,,,0,,0,,0,,0,,
Total Votes Cast,,"2,308",,93.48%,,934,,"1,277",,,86,,0,,5,,6,,
Overvotes,,0,,0.00%,,0,,0,,,0,,0,,0,,0,,
Undervotes,,161,,6.52%,,58,,96,,,6,,0,,1,,0,,
Contest Totals,,"2,469",,100.00%,,992,,"1,373",,,92,,0,,6,,6,,
,FOR MEMBER OF HOUSE OF DELEGATES 81ST DISTRICT,,,,,,,,,,,,,,,,,,
,Vote For 1,,,,,,,,,,,,,,,,,,
,,,TOTAL,,VOTE %,,Election Day,,Early Vote,,,Absentee,,Canvass,,Absentee After ED,,Provisional,
NO CANDIDATE(S) NOMINATED,,0,,0.00%,,0,,0,,,0,,0,,0,,0,,
DEM ANITRA L.  HAMILTON,,"1,859",,75.29%,,776,,"1,000",,,73,,0,,5,,5,,
NO CANDIDATE(S) NOMINATED,,0,,0.00%,,0,,0,,,0,,0,,0,,0,,
NO CANDIDATE(S) NOMINATED,,0,,0.00%,,0,,0,,,0,,0,,0,,0,,
Write-In Totals,,35,,1.42%,,14,,19,,,1,,0,,0,,1,,
Total Votes Cast,,"1,894",,76.71%,,790,,"1,019",,,74,,0,,5,,6,,
Overvotes,,0,,0.00%,,0,,0,,,0,,0,,0,,0,,
Undervotes,,575,,23.29%,,202,,354,,,18,,0,,1,,0,,
Contest Totals,,"2,469",,100.00%,,992,,"1,373",,,92,,0,,6,,6,,
,FOR COUNTY COMMISSIONER,,,,,,,,,,,,,,,,,,
,Vote For 1,,,,,,,,,,,,,,,,,,
,,,TOTAL,,VOTE %,,Election Day,,Early Vote,,,Absentee,,Canvass,,Absentee After ED,,Provisional,
REP MARYANN (BABICH) FOLZ,,896,,36.29%,,371,,496,,,25,,0,,1,,3,,
DEM TOM  BLOOM,,"1,418",,57.43%,,558,,790,,,64,,0,,3,,3,,
NO CANDIDATE(S) NOMINATED,,0,,0.00%,,0,,0,,,0,,0,,0,,0,,
NO CANDIDATE(S) NOMINATED,,0,,0.00%,,0,,0,,,0,,0,,0,,0,,
Write-In Totals,,3,,0.12%,,0,,2,,,0,,0,,1,,0,,
Total Votes Cast,,"2,317",,93.84%,,929,,"1,288",,,89,,0,,5,,6,,
Overvotes,,0,,0.00%,,0,,0,,,0,,0,,0,,0,,
Undervotes,,152,,6.16%,,63,,85,,,3,,0,,1,,0,,
Contest Totals,,"2,469",,100.00%,,992,,"1,373",,,92,,0,,6,,6,,
Precinct Summary - 11/12/2024     2:58 PM,,,,,,,,,,70,,,,,,,,, of 258
Report generated with Electionware Copyright © 2007-2019,,,,,,,,,,,,,,,,,,,
Summary Results Report,,,,,,,,,,OFFICIAL RESULTS,,,,,,,,,
General Election,,,,,,,,,,,,,,,,,,,
"November 5, 2024",,,,,,,,,,"Monongalia County, West Virginia",,,,,,,,,
PRECINCT 32,,,,,,,,,,,,,,,,,,,
,FOR PROSECUTING ATTORNEY,,,,,,,,,,,,,,,,,,
,Vote For 1,,,,,,,,,,,,,,,,,,
,,,TOTAL,,VOTE %,,Election Day,,Early Vote,,,Absentee,,Canvass,,Absentee After ED,,Provisional,
NO CANDIDATE(S) NOMINATED,,0,,0.00%,,0,,0,,,0,,0,,0,,0,,
"DEM GABRIELLE ""GABE"" MUCCIOLA",,"1,849",,74.89%,,772,,993,,,74,,0,,5,,5,,
NO CANDIDATE(S) NOMINATED,,0,,0.00%,,0,,0,,,0,,0,,0,,0,,
NO CANDIDATE(S) NOMINATED,,0,,0.00%,,0,,0,,,0,,0,,0,,0,,
Write-In Totals,,30,,1.22%,,12,,16,,,1,,0,,0,,1,,
Total Votes Cast,,"1,879",,76.10%,,784,,"1,009",,,75,,0,,5,,6,,
Overvotes,,0,,0.00%,,0,,0,,,0,,0,,0,,0,,
Undervotes,,590,,23.90%,,208,,364,,,17,,0,,1,,0,,
Contest Totals,,"2,469",,100.00%,,992,,"1,373",,,92,,0,,6,,6,,
,FOR SHERIFF,,,,,,,,,,,,,,,,,,
,Vote For 1,,,,,,,,,,,,,,,,,,
,,,TOTAL,,VOTE %,,Election Day,,Early Vote,,,Absentee,,Canvass,,Absentee After ED,,Provisional,
REP JASON MORGAN,,931,,37.71%,,381,,520,,,25,,0,,2,,3,,
DEM TODD FORBES,,"1,376",,55.73%,,551,,758,,,61,,0,,3,,3,,
NO CANDIDATE(S) NOMINATED,,0,,0.00%,,0,,0,,,0,,0,,0,,0,,
NO CANDIDATE(S) NOMINATED,,0,,0.00%,,0,,0,,,0,,0,,0,,0,,
Write-In Totals,,3,,0.12%,,1,,2,,,0,,0,,0,,0,,
Total Votes Cast,,"2,310",,93.56%,,933,,"1,280",,,86,,0,,5,,6,,
Overvotes,,0,,0.00%,,0,,0,,,0,,0,,0,,0,,
Undervotes,,159,,6.44%,,59,,93,,,6,,0,,1,,0,,
Contest Totals,,"2,469",,100.00%,,992,,"1,373",,,92,,0,,6,,6,,
,FOR ASSESSOR,,,,,,,,,,,,,,,,,,
,Vote For 1,,,,,,,,,,,,,,,,,,
,,,TOTAL,,VOTE %,,Election Day,,Early Vote,,,Absentee,,Canvass,,Absentee After ED,,Provisional,
REP RICH JACOBS,,759,,30.74%,,330,,408,,,18,,0,,1,,2,,
DEM MARK A. MUSICK,,"1,539",,62.33%,,596,,869,,,65,,0,,5,,4,,
NO CANDIDATE(S) NOMINATED,,0,,0.00%,,0,,0,,,0,,0,,0,,0,,
NO CANDIDATE(S) NOMINATED,,0,,0.00%,,0,,0,,,0,,0,,0,,0,,
Write-In Totals,,0,,0.00%,,0,,0,,,0,,0,,0,,0,,
Total Votes Cast,,"2,298",,93.07%,,926,,"1,277",,,83,,0,,6,,6,,
Overvotes,,0,,0.00%,,0,,0,,,0,,0,,0,,0,,
Undervotes,,171,,6.93%,,66,,96,,,9,,0,,0,,0,,
Contest Totals,,"2,469",,100.00%,,992,,"1,373",,,92,,0,,6,,6,,
Precinct Summary - 11/12/2024     2:58 PM,,,,,,,,,,71,,,,,,,,, of 258
Report generated with Electionware Copyright © 2007-2019,,,,,,,,,,,,,,,,,,,
Summary Results Report,,,,,,,,,,OFFICIAL RESULTS,,,,,,,,,
General Election,,,,,,,,,,,,,,,,,,,
"November 5, 2024",,,,,,,,,,"Monongalia County, West Virginia",,,,,,,,,
PRECINCT 32,,,,,,,,,,,,,,,,,,,
,FOR SURVEYOR,,,,,,,,,,,,,,,,,,
,Vote For 1,,,,,,,,,,,,,,,,,,
,,,TOTAL,,VOTE %,,Election Day,,Early Vote,,,Absentee,,Canvass,,Absentee After ED,,Provisional,
REP BOB ANDRIOTTO,,"1,757",,71.16%,,740,,955,,,53,,0,,4,,5,,
NO CANDIDATE(S) NOMINATED,,0,,0.00%,,0,,0,,,0,,0,,0,,0,,
NO CANDIDATE(S) NOMINATED,,0,,0.00%,,0,,0,,,0,,0,,0,,0,,
NO CANDIDATE(S) NOMINATED,,0,,0.00%,,0,,0,,,0,,0,,0,,0,,
Write-In Totals,,45,,1.82%,,16,,27,,,2,,0,,0,,0,,
Total Votes Cast,,"1,802",,72.98%,,756,,982,,,55,,0,,4,,5,,
Overvotes,,0,,0.00%,,0,,0,,,0,,0,,0,,0,,
Undervotes,,667,,27.02%,,236,,391,,,37,,0,,2,,1,,
Contest Totals,,"2,469",,100.00%,,992,,"1,373",,,92,,0,,6,,6,,
,AMENDMENT NO. 1,,,,,,,,,,,,,,,,,,
,Vote For 1,,,,,,,,,,,,,,,,,,
,,,TOTAL,,VOTE %,,Election Day,,Early Vote,,,Absentee,,Canvass,,Absentee After ED,,Provisional,
For,,780,,31.59%,,343,,406,,,27,,0,,3,,1,,
Against,,"1,424",,57.68%,,556,,806,,,57,,0,,1,,4,,
Total Votes Cast,,"2,204",,89.27%,,899,,"1,212",,,84,,0,,4,,5,,
Overvotes,,0,,0.00%,,0,,0,,,0,,0,,0,,0,,
Undervotes,,265,,10.73%,,93,,161,,,8,,0,,2,,1,,
Contest Totals,,"2,469",,100.00%,,992,,"1,373",,,92,,0,,6,,6,,
Precinct Summary - 11/12/2024     2:58 PM,,,,,,,,,,72,,,,,,,,, of 258
Report generated with Electionware Copyright © 2007-2019,,,,,,,,,,,,,,,,,,,
Summary Results Report,,,,,,,,,,OFFICIAL RESULTS,,,,,,,,,
General Election,,,,,,,,,,,,,,,,,,,
"November 5, 2024",,,,,,,,,,"Monongalia County, West Virginia",,,,,,,,,
PRECINCT 33,,,,,,,,,,,,,,,,,,,
Statistics,,TOTAL,,Election Day,,Early Vote,,Absentee,,,Canvass,,Absentee After ED,,Provisional,,,,
Registered Voters - Total,,"1,668",,,,,,,,,,,,,,,,,
Ballots Cast - Total,,"1,154",,445,,692,,17,,,0,,0,,0,,,,
Ballots Cast - Blank,,0,,0,,0,,0,,,0,,0,,0,,,,
Voter Turnout - Total,,69.18%,,,,,,,,,,,,,,,,,
,FOR PRESIDENT,,,,,,,,,,,,,,,,,,
,Vote For 1,,,,,,,,,,,,,,,,,,
,,,TOTAL,,VOTE %,,Election Day,,Early Vote,,,Absentee,,Canvass,,Absentee After ED,,Provisional,
REP DONALD J. TRUMP,,696,,60.31%,,272,,416,,,8,,0,,0,,0,,
DEM KAMALA D. HARRIS,,420,,36.40%,,151,,260,,,9,,0,,0,,0,,
LBN CHASE OLIVER,,6,,0.52%,,3,,3,,,0,,0,,0,,0,,
MTN JILL STEIN,,4,,0.35%,,3,,1,,,0,,0,,0,,0,,
IND ROBERT F. KENNEDY JR.,,18,,1.56%,,12,,6,,,0,,0,,0,,0,,
Write-In Totals,,6,,0.52%,,4,,2,,,0,,0,,0,,0,,
Total Votes Cast,,"1,150",,99.65%,,445,,688,,,17,,0,,0,,0,,
Overvotes,,0,,0.00%,,0,,0,,,0,,0,,0,,0,,
Undervotes,,4,,0.35%,,0,,4,,,0,,0,,0,,0,,
Contest Totals,,"1,154",,100.00%,,445,,692,,,17,,0,,0,,0,,
,FOR U.S. SENATOR,,,,,,,,,,,,,,,,,,
,Vote For 1,,,,,,,,,,,,,,,,,,
,,,TOTAL,,VOTE %,,Election Day,,Early Vote,,,Absentee,,Canvass,,Absentee After ED,,Provisional,
REP JIM JUSTICE,,665,,57.63%,,267,,393,,,5,,0,,0,,0,,
DEM GLENN ELLIOTT,,394,,34.14%,,134,,250,,,10,,0,,0,,0,,
LBN DAVID MORAN,,70,,6.07%,,34,,35,,,1,,0,,0,,0,,
NO CANDIDATE(S) NOMINATED,,0,,0.00%,,0,,0,,,0,,0,,0,,0,,
Write-In Totals,,0,,0.00%,,0,,0,,,0,,0,,0,,0,,
Total Votes Cast,,"1,129",,97.83%,,435,,678,,,16,,0,,0,,0,,
Overvotes,,0,,0.00%,,0,,0,,,0,,0,,0,,0,,
Undervotes,,25,,2.17%,,10,,14,,,1,,0,,0,,0,,
Contest Totals,,"1,154",,100.00%,,445,,692,,,17,,0,,0,,0,,
,FOR U.S. HOUSE OF REPS 2ND DIST,,,,,,,,,,,,,,,,,,
,Vote For 1,,,,,,,,,,,,,,,,,,
,,,TOTAL,,VOTE %,,Election Day,,Early Vote,,,Absentee,,Canvass,,Absentee After ED,,Provisional,
REP RILEY MOORE,,679,,58.84%,,272,,399,,,8,,0,,0,,0,,
DEM STEVEN WENDELIN,,410,,35.53%,,146,,257,,,7,,0,,0,,0,,
NO CANDIDATE(S) NOMINATED,,0,,0.00%,,0,,0,,,0,,0,,0,,0,,
NO CANDIDATE(S) NOMINATED,,0,,0.00%,,0,,0,,,0,,0,,0,,0,,
Write-In Totals,,1,,0.09%,,0,,1,,,0,,0,,0,,0,,
Total Votes Cast,,"1,090",,94.45%,,418,,657,,,15,,0,,0,,0,,
Overvotes,,0,,0.00%,,0,,0,,,0,,0,,0,,0,,
Undervotes,,64,,5.55%,,27,,35,,,2,,0,,0,,0,,
Contest Totals,,"1,154",,100.00%,,445,,692,,,17,,0,,0,,0,,
Precinct Summary - 11/12/2024     2:58 PM,,,,,,,,,,73,,,,,,,,, of 258
Report generated with Electionware Copyright © 2007-2019,,,,,,,,,,,,,,,,,,,
Summary Results Report,,,,,,,,,,OFFICIAL RESULTS,,,,,,,,,
General Election,,,,,,,,,,,,,,,,,,,
"November 5, 2024",,,,,,,,,,"Monongalia County, West Virginia",,,,,,,,,
PRECINCT 33,,,,,,,,,,,,,,,,,,,
,FOR GOVERNOR,,,,,,,,,,,,,,,,,,
,Vote For 1,,,,,,,,,,,,,,,,,,
,,,TOTAL,,VOTE %,,Election Day,,Early Vote,,,Absentee,,Canvass,,Absentee After ED,,Provisional,
REP PATRICK MORRISEY,,606,,52.51%,,239,,362,,,5,,0,,0,,0,,
DEM STEVE WILLIAMS,,441,,38.21%,,161,,269,,,11,,0,,0,,0,,
LBN ERIKA KLIE KOLENICH,,48,,4.16%,,21,,27,,,0,,0,,0,,0,,
MTN CHASE LINKO-LOOPER,,5,,0.43%,,1,,4,,,0,,0,,0,,0,,
CST S. MARSHALL WILSON,,15,,1.30%,,7,,8,,,0,,0,,0,,0,,
Write-In Totals,,2,,0.17%,,1,,1,,,0,,0,,0,,0,,
Total Votes Cast,,"1,117",,96.79%,,430,,671,,,16,,0,,0,,0,,
Overvotes,,0,,0.00%,,0,,0,,,0,,0,,0,,0,,
Undervotes,,37,,3.21%,,15,,21,,,1,,0,,0,,0,,
Contest Totals,,"1,154",,100.00%,,445,,692,,,17,,0,,0,,0,,
,FOR SECRETARY OF STATE,,,,,,,,,,,,,,,,,,
,Vote For 1,,,,,,,,,,,,,,,,,,
,,,TOTAL,,VOTE %,,Election Day,,Early Vote,,,Absentee,,Canvass,,Absentee After ED,,Provisional,
REP KRIS WARNER,,698,,60.49%,,274,,415,,,9,,0,,0,,0,,
DEM THORNTON COOPER,,397,,34.40%,,143,,247,,,7,,0,,0,,0,,
NO CANDIDATE(S) NOMINATED,,0,,0.00%,,0,,0,,,0,,0,,0,,0,,
NO CANDIDATE(S) NOMINATED,,0,,0.00%,,0,,0,,,0,,0,,0,,0,,
Write-In Totals,,1,,0.09%,,0,,1,,,0,,0,,0,,0,,
Total Votes Cast,,"1,096",,94.97%,,417,,663,,,16,,0,,0,,0,,
Overvotes,,0,,0.00%,,0,,0,,,0,,0,,0,,0,,
Undervotes,,58,,5.03%,,28,,29,,,1,,0,,0,,0,,
Contest Totals,,"1,154",,100.00%,,445,,692,,,17,,0,,0,,0,,
,FOR AUDITOR,,,,,,,,,,,,,,,,,,
,Vote For 1,,,,,,,,,,,,,,,,,,
,,,TOTAL,,VOTE %,,Election Day,,Early Vote,,,Absentee,,Canvass,,Absentee After ED,,Provisional,
REP MARK HUNT,,637,,55.20%,,248,,382,,,7,,0,,0,,0,,
DEM MARY ANN ROEBUCK CLAYTOR,,438,,37.95%,,165,,264,,,9,,0,,0,,0,,
NO CANDIDATE(S) NOMINATED,,0,,0.00%,,0,,0,,,0,,0,,0,,0,,
NO CANDIDATE(S) NOMINATED,,0,,0.00%,,0,,0,,,0,,0,,0,,0,,
Write-In Totals,,1,,0.09%,,0,,1,,,0,,0,,0,,0,,
Total Votes Cast,,"1,076",,93.24%,,413,,647,,,16,,0,,0,,0,,
Overvotes,,0,,0.00%,,0,,0,,,0,,0,,0,,0,,
Undervotes,,78,,6.76%,,32,,45,,,1,,0,,0,,0,,
Contest Totals,,"1,154",,100.00%,,445,,692,,,17,,0,,0,,0,,
Precinct Summary - 11/12/2024     2:58 PM,,,,,,,,,,74,,,,,,,,, of 258
Report generated with Electionware Copyright © 2007-2019,,,,,,,,,,,,,,,,,,,
Summary Results Report,,,,,,,,,,OFFICIAL RESULTS,,,,,,,,,
General Election,,,,,,,,,,,,,,,,,,,
"November 5, 2024",,,,,,,,,,"Monongalia County, West Virginia",,,,,,,,,
PRECINCT 33,,,,,,,,,,,,,,,,,,,
,FOR TREASURER,,,,,,,,,,,,,,,,,,
,Vote For 1,,,,,,,,,,,,,,,,,,
,,,TOTAL,,VOTE %,,Election Day,,Early Vote,,,Absentee,,Canvass,,Absentee After ED,,Provisional,
REP LARRY PACK,,893,,77.38%,,356,,523,,,14,,0,,0,,0,,
NO CANDIDATE(S) NOMINATED,,0,,0.00%,,0,,0,,,0,,0,,0,,0,,
NO CANDIDATE(S) NOMINATED,,0,,0.00%,,0,,0,,,0,,0,,0,,0,,
NO CANDIDATE(S) NOMINATED,,0,,0.00%,,0,,0,,,0,,0,,0,,0,,
Write-In Totals,,19,,1.65%,,4,,15,,,0,,0,,0,,0,,
Total Votes Cast,,912,,79.03%,,360,,538,,,14,,0,,0,,0,,
Overvotes,,0,,0.00%,,0,,0,,,0,,0,,0,,0,,
Undervotes,,242,,20.97%,,85,,154,,,3,,0,,0,,0,,
Contest Totals,,"1,154",,100.00%,,445,,692,,,17,,0,,0,,0,,
,FOR COMMISSIONER OF AGRICULTURE,,,,,,,,,,,,,,,,,,
,Vote For 1,,,,,,,,,,,,,,,,,,
,,,TOTAL,,VOTE %,,Election Day,,Early Vote,,,Absentee,,Canvass,,Absentee After ED,,Provisional,
REP KENT LEONHARDT,,688,,59.62%,,265,,414,,,9,,0,,0,,0,,
DEM DEBORAH STILES,,395,,34.23%,,147,,241,,,7,,0,,0,,0,,
NO CANDIDATE(S) NOMINATED,,0,,0.00%,,0,,0,,,0,,0,,0,,0,,
NO CANDIDATE(S) NOMINATED,,0,,0.00%,,0,,0,,,0,,0,,0,,0,,
Write-In Totals,,1,,0.09%,,0,,1,,,0,,0,,0,,0,,
Total Votes Cast,,"1,084",,93.93%,,412,,656,,,16,,0,,0,,0,,
Overvotes,,0,,0.00%,,0,,0,,,0,,0,,0,,0,,
Undervotes,,70,,6.07%,,33,,36,,,1,,0,,0,,0,,
Contest Totals,,"1,154",,100.00%,,445,,692,,,17,,0,,0,,0,,
,FOR ATTORNEY GENERAL,,,,,,,,,,,,,,,,,,
,Vote For 1,,,,,,,,,,,,,,,,,,
,,,TOTAL,,VOTE %,,Election Day,,Early Vote,,,Absentee,,Canvass,,Absentee After ED,,Provisional,
"REP JOHN ""JB"" McCUSKEY",,667,,57.80%,,264,,395,,,8,,0,,0,,0,,
DEM TERESA TORISEVA,,414,,35.88%,,146,,260,,,8,,0,,0,,0,,
NO CANDIDATE(S) NOMINATED,,0,,0.00%,,0,,0,,,0,,0,,0,,0,,
NO CANDIDATE(S) NOMINATED,,0,,0.00%,,0,,0,,,0,,0,,0,,0,,
Write-In Totals,,1,,0.09%,,0,,1,,,0,,0,,0,,0,,
Total Votes Cast,,"1,082",,93.76%,,410,,656,,,16,,0,,0,,0,,
Overvotes,,0,,0.00%,,0,,0,,,0,,0,,0,,0,,
Undervotes,,72,,6.24%,,35,,36,,,1,,0,,0,,0,,
Contest Totals,,"1,154",,100.00%,,445,,692,,,17,,0,,0,,0,,
Precinct Summary - 11/12/2024     2:58 PM,,,,,,,,,,75,,,,,,,,, of 258
Report generated with Electionware Copyright © 2007-2019,,,,,,,,,,,,,,,,,,,
Summary Results Report,,,,,,,,,,OFFICIAL RESULTS,,,,,,,,,
General Election,,,,,,,,,,,,,,,,,,,
"November 5, 2024",,,,,,,,,,"Monongalia County, West Virginia",,,,,,,,,
PRECINCT 33,,,,,,,,,,,,,,,,,,,
,FOR STATE SENATOR 13TH DISTRICT,,,,,,,,,,,,,,,,,,
,Vote For 1,,,,,,,,,,,,,,,,,,
,,,TOTAL,,VOTE %,,Election Day,,Early Vote,,,Absentee,,Canvass,,Absentee After ED,,Provisional,
REP REBECCA POLIS,,616,,53.38%,,241,,369,,,6,,0,,0,,0,,
DEM JOEY GARCIA,,468,,40.55%,,173,,285,,,10,,0,,0,,0,,
NO CANDIDATE(S) NOMINATED,,0,,0.00%,,0,,0,,,0,,0,,0,,0,,
NO CANDIDATE(S) NOMINATED,,0,,0.00%,,0,,0,,,0,,0,,0,,0,,
Write-In Totals,,1,,0.09%,,0,,1,,,0,,0,,0,,0,,
Total Votes Cast,,"1,085",,94.02%,,414,,655,,,16,,0,,0,,0,,
Overvotes,,0,,0.00%,,0,,0,,,0,,0,,0,,0,,
Undervotes,,69,,5.98%,,31,,37,,,1,,0,,0,,0,,
Contest Totals,,"1,154",,100.00%,,445,,692,,,17,,0,,0,,0,,
,FOR MEMBER OF HOUSE OF DELEGATES 78TH DISTRICT,,,,,,,,,,,,,,,,,,
,Vote For 1,,,,,,,,,,,,,,,,,,
,,,TOTAL,,VOTE %,,Election Day,,Early Vote,,,Absentee,,Canvass,,Absentee After ED,,Provisional,
REP GENO CHIARELLI,,626,,54.25%,,237,,382,,,7,,0,,0,,0,,
DEM DIANE MARKET GASTON,,469,,40.64%,,177,,283,,,9,,0,,0,,0,,
NO CANDIDATE(S) NOMINATED,,0,,0.00%,,0,,0,,,0,,0,,0,,0,,
NO CANDIDATE(S) NOMINATED,,0,,0.00%,,0,,0,,,0,,0,,0,,0,,
Write-In Totals,,1,,0.09%,,0,,1,,,0,,0,,0,,0,,
Total Votes Cast,,"1,096",,94.97%,,414,,666,,,16,,0,,0,,0,,
Overvotes,,0,,0.00%,,0,,0,,,0,,0,,0,,0,,
Undervotes,,58,,5.03%,,31,,26,,,1,,0,,0,,0,,
Contest Totals,,"1,154",,100.00%,,445,,692,,,17,,0,,0,,0,,
,FOR COUNTY COMMISSIONER,,,,,,,,,,,,,,,,,,
,Vote For 1,,,,,,,,,,,,,,,,,,
,,,TOTAL,,VOTE %,,Election Day,,Early Vote,,,Absentee,,Canvass,,Absentee After ED,,Provisional,
REP MARYANN (BABICH) FOLZ,,587,,50.87%,,224,,357,,,6,,0,,0,,0,,
DEM TOM  BLOOM,,513,,44.45%,,196,,307,,,10,,0,,0,,0,,
NO CANDIDATE(S) NOMINATED,,0,,0.00%,,0,,0,,,0,,0,,0,,0,,
NO CANDIDATE(S) NOMINATED,,0,,0.00%,,0,,0,,,0,,0,,0,,0,,
Write-In Totals,,3,,0.26%,,0,,3,,,0,,0,,0,,0,,
Total Votes Cast,,"1,103",,95.58%,,420,,667,,,16,,0,,0,,0,,
Overvotes,,0,,0.00%,,0,,0,,,0,,0,,0,,0,,
Undervotes,,51,,4.42%,,25,,25,,,1,,0,,0,,0,,
Contest Totals,,"1,154",,100.00%,,445,,692,,,17,,0,,0,,0,,
Precinct Summary - 11/12/2024     2:58 PM,,,,,,,,,,76,,,,,,,,, of 258
Report generated with Electionware Copyright © 2007-2019,,,,,,,,,,,,,,,,,,,
Summary Results Report,,,,,,,,,,OFFICIAL RESULTS,,,,,,,,,
General Election,,,,,,,,,,,,,,,,,,,
"November 5, 2024",,,,,,,,,,"Monongalia County, West Virginia",,,,,,,,,
PRECINCT 33,,,,,,,,,,,,,,,,,,,
,FOR PROSECUTING ATTORNEY,,,,,,,,,,,,,,,,,,
,Vote For 1,,,,,,,,,,,,,,,,,,
,,,TOTAL,,VOTE %,,Election Day,,Early Vote,,,Absentee,,Canvass,,Absentee After ED,,Provisional,
NO CANDIDATE(S) NOMINATED,,0,,0.00%,,0,,0,,,0,,0,,0,,0,,
"DEM GABRIELLE ""GABE"" MUCCIOLA",,807,,69.93%,,322,,474,,,11,,0,,0,,0,,
NO CANDIDATE(S) NOMINATED,,0,,0.00%,,0,,0,,,0,,0,,0,,0,,
NO CANDIDATE(S) NOMINATED,,0,,0.00%,,0,,0,,,0,,0,,0,,0,,
Write-In Totals,,20,,1.73%,,10,,10,,,0,,0,,0,,0,,
Total Votes Cast,,827,,71.66%,,332,,484,,,11,,0,,0,,0,,
Overvotes,,0,,0.00%,,0,,0,,,0,,0,,0,,0,,
Undervotes,,327,,28.34%,,113,,208,,,6,,0,,0,,0,,
Contest Totals,,"1,154",,100.00%,,445,,692,,,17,,0,,0,,0,,
,FOR SHERIFF,,,,,,,,,,,,,,,,,,
,Vote For 1,,,,,,,,,,,,,,,,,,
,,,TOTAL,,VOTE %,,Election Day,,Early Vote,,,Absentee,,Canvass,,Absentee After ED,,Provisional,
REP JASON MORGAN,,512,,44.37%,,207,,298,,,7,,0,,0,,0,,
DEM TODD FORBES,,592,,51.30%,,217,,366,,,9,,0,,0,,0,,
NO CANDIDATE(S) NOMINATED,,0,,0.00%,,0,,0,,,0,,0,,0,,0,,
NO CANDIDATE(S) NOMINATED,,0,,0.00%,,0,,0,,,0,,0,,0,,0,,
Write-In Totals,,4,,0.35%,,2,,2,,,0,,0,,0,,0,,
Total Votes Cast,,"1,108",,96.01%,,426,,666,,,16,,0,,0,,0,,
Overvotes,,0,,0.00%,,0,,0,,,0,,0,,0,,0,,
Undervotes,,46,,3.99%,,19,,26,,,1,,0,,0,,0,,
Contest Totals,,"1,154",,100.00%,,445,,692,,,17,,0,,0,,0,,
,FOR ASSESSOR,,,,,,,,,,,,,,,,,,
,Vote For 1,,,,,,,,,,,,,,,,,,
,,,TOTAL,,VOTE %,,Election Day,,Early Vote,,,Absentee,,Canvass,,Absentee After ED,,Provisional,
REP RICH JACOBS,,507,,43.93%,,201,,300,,,6,,0,,0,,0,,
DEM MARK A. MUSICK,,590,,51.13%,,215,,365,,,10,,0,,0,,0,,
NO CANDIDATE(S) NOMINATED,,0,,0.00%,,0,,0,,,0,,0,,0,,0,,
NO CANDIDATE(S) NOMINATED,,0,,0.00%,,0,,0,,,0,,0,,0,,0,,
Write-In Totals,,3,,0.26%,,1,,2,,,0,,0,,0,,0,,
Total Votes Cast,,"1,100",,95.32%,,417,,667,,,16,,0,,0,,0,,
Overvotes,,0,,0.00%,,0,,0,,,0,,0,,0,,0,,
Undervotes,,54,,4.68%,,28,,25,,,1,,0,,0,,0,,
Contest Totals,,"1,154",,100.00%,,445,,692,,,17,,0,,0,,0,,
Precinct Summary - 11/12/2024     2:58 PM,,,,,,,,,,77,,,,,,,,, of 258
Report generated with Electionware Copyright © 2007-2019,,,,,,,,,,,,,,,,,,,
Summary Results Report,,,,,,,,,,OFFICIAL RESULTS,,,,,,,,,
General Election,,,,,,,,,,,,,,,,,,,
"November 5, 2024",,,,,,,,,,"Monongalia County, West Virginia",,,,,,,,,
PRECINCT 33,,,,,,,,,,,,,,,,,,,
,FOR SURVEYOR,,,,,,,,,,,,,,,,,,
,Vote For 1,,,,,,,,,,,,,,,,,,
,,,TOTAL,,VOTE %,,Election Day,,Early Vote,,,Absentee,,Canvass,,Absentee After ED,,Provisional,
REP BOB ANDRIOTTO,,909,,78.77%,,356,,539,,,14,,0,,0,,0,,
NO CANDIDATE(S) NOMINATED,,0,,0.00%,,0,,0,,,0,,0,,0,,0,,
NO CANDIDATE(S) NOMINATED,,0,,0.00%,,0,,0,,,0,,0,,0,,0,,
NO CANDIDATE(S) NOMINATED,,0,,0.00%,,0,,0,,,0,,0,,0,,0,,
Write-In Totals,,13,,1.13%,,7,,6,,,0,,0,,0,,0,,
Total Votes Cast,,922,,79.90%,,363,,545,,,14,,0,,0,,0,,
Overvotes,,0,,0.00%,,0,,0,,,0,,0,,0,,0,,
Undervotes,,232,,20.10%,,82,,147,,,3,,0,,0,,0,,
Contest Totals,,"1,154",,100.00%,,445,,692,,,17,,0,,0,,0,,
,AMENDMENT NO. 1,,,,,,,,,,,,,,,,,,
,Vote For 1,,,,,,,,,,,,,,,,,,
,,,TOTAL,,VOTE %,,Election Day,,Early Vote,,,Absentee,,Canvass,,Absentee After ED,,Provisional,
For,,391,,33.88%,,159,,224,,,8,,0,,0,,0,,
Against,,620,,53.73%,,234,,381,,,5,,0,,0,,0,,
Total Votes Cast,,"1,011",,87.61%,,393,,605,,,13,,0,,0,,0,,
Overvotes,,0,,0.00%,,0,,0,,,0,,0,,0,,0,,
Undervotes,,143,,12.39%,,52,,87,,,4,,0,,0,,0,,
Contest Totals,,"1,154",,100.00%,,445,,692,,,17,,0,,0,,0,,
Precinct Summary - 11/12/2024     2:58 PM,,,,,,,,,,78,,,,,,,,, of 258
Report generated with Electionware Copyright © 2007-2019,,,,,,,,,,,,,,,,,,,
Summary Results Report,,,,,,,,,,OFFICIAL RESULTS,,,,,,,,,
General Election,,,,,,,,,,,,,,,,,,,
"November 5, 2024",,,,,,,,,,"Monongalia County, West Virginia",,,,,,,,,
PRECINCT 34,,,,,,,,,,,,,,,,,,,
Statistics,,TOTAL,,Election Day,,Early Vote,,Absentee,,,Canvass,,Absentee After ED,,Provisional,,,,
Registered Voters - Total,,"1,835",,,,,,,,,,,,,,,,,
Ballots Cast - Total,,"1,017",,385,,578,,42,,,0,,6,,6,,,,
Ballots Cast - Blank,,0,,0,,0,,0,,,0,,0,,0,,,,
Voter Turnout - Total,,55.42%,,,,,,,,,,,,,,,,,
,FOR PRESIDENT,,,,,,,,,,,,,,,,,,
,Vote For 1,,,,,,,,,,,,,,,,,,
,,,TOTAL,,VOTE %,,Election Day,,Early Vote,,,Absentee,,Canvass,,Absentee After ED,,Provisional,
REP DONALD J. TRUMP,,442,,43.46%,,178,,240,,,18,,0,,2,,4,,
DEM KAMALA D. HARRIS,,536,,52.70%,,192,,314,,,24,,0,,4,,2,,
LBN CHASE OLIVER,,9,,0.88%,,4,,5,,,0,,0,,0,,0,,
MTN JILL STEIN,,4,,0.39%,,3,,1,,,0,,0,,0,,0,,
IND ROBERT F. KENNEDY JR.,,15,,1.47%,,7,,8,,,0,,0,,0,,0,,
Write-In Totals,,5,,0.49%,,1,,4,,,0,,0,,0,,0,,
Total Votes Cast,,"1,011",,99.41%,,385,,572,,,42,,0,,6,,6,,
Overvotes,,0,,0.00%,,0,,0,,,0,,0,,0,,0,,
Undervotes,,6,,0.59%,,0,,6,,,0,,0,,0,,0,,
Contest Totals,,"1,017",,100.00%,,385,,578,,,42,,0,,6,,6,,
,FOR U.S. SENATOR,,,,,,,,,,,,,,,,,,
,Vote For 1,,,,,,,,,,,,,,,,,,
,,,TOTAL,,VOTE %,,Election Day,,Early Vote,,,Absentee,,Canvass,,Absentee After ED,,Provisional,
REP JIM JUSTICE,,461,,45.33%,,186,,252,,,18,,0,,2,,3,,
DEM GLENN ELLIOTT,,499,,49.07%,,169,,301,,,23,,0,,3,,3,,
LBN DAVID MORAN,,40,,3.93%,,21,,18,,,0,,0,,1,,0,,
NO CANDIDATE(S) NOMINATED,,0,,0.00%,,0,,0,,,0,,0,,0,,0,,
Write-In Totals,,0,,0.00%,,0,,0,,,0,,0,,0,,0,,
Total Votes Cast,,"1,000",,98.33%,,376,,571,,,41,,0,,6,,6,,
Overvotes,,0,,0.00%,,0,,0,,,0,,0,,0,,0,,
Undervotes,,17,,1.67%,,9,,7,,,1,,0,,0,,0,,
Contest Totals,,"1,017",,100.00%,,385,,578,,,42,,0,,6,,6,,
,FOR U.S. HOUSE OF REPS 2ND DIST,,,,,,,,,,,,,,,,,,
,Vote For 1,,,,,,,,,,,,,,,,,,
,,,TOTAL,,VOTE %,,Election Day,,Early Vote,,,Absentee,,Canvass,,Absentee After ED,,Provisional,
REP RILEY MOORE,,473,,46.51%,,195,,255,,,17,,0,,2,,4,,
DEM STEVEN WENDELIN,,505,,49.66%,,175,,300,,,24,,0,,4,,2,,
NO CANDIDATE(S) NOMINATED,,0,,0.00%,,0,,0,,,0,,0,,0,,0,,
NO CANDIDATE(S) NOMINATED,,0,,0.00%,,0,,0,,,0,,0,,0,,0,,
Write-In Totals,,1,,0.10%,,0,,1,,,0,,0,,0,,0,,
Total Votes Cast,,979,,96.26%,,370,,556,,,41,,0,,6,,6,,
Overvotes,,0,,0.00%,,0,,0,,,0,,0,,0,,0,,
Undervotes,,38,,3.74%,,15,,22,,,1,,0,,0,,0,,
Contest Totals,,"1,017",,100.00%,,385,,578,,,42,,0,,6,,6,,
Precinct Summary - 11/12/2024     2:58 PM,,,,,,,,,,79,,,,,,,,, of 258
Report generated with Electionware Copyright © 2007-2019,,,,,,,,,,,,,,,,,,,
Summary Results Report,,,,,,,,,,OFFICIAL RESULTS,,,,,,,,,
General Election,,,,,,,,,,,,,,,,,,,
"November 5, 2024",,,,,,,,,,"Monongalia County, West Virginia",,,,,,,,,
PRECINCT 34,,,,,,,,,,,,,,,,,,,
,FOR GOVERNOR,,,,,,,,,,,,,,,,,,
,Vote For 1,,,,,,,,,,,,,,,,,,
,,,TOTAL,,VOTE %,,Election Day,,Early Vote,,,Absentee,,Canvass,,Absentee After ED,,Provisional,
REP PATRICK MORRISEY,,420,,41.30%,,168,,231,,,16,,0,,2,,3,,
DEM STEVE WILLIAMS,,504,,49.56%,,174,,300,,,24,,0,,3,,3,,
LBN ERIKA KLIE KOLENICH,,44,,4.33%,,18,,26,,,0,,0,,0,,0,,
MTN CHASE LINKO-LOOPER,,17,,1.67%,,9,,8,,,0,,0,,0,,0,,
CST S. MARSHALL WILSON,,9,,0.88%,,5,,3,,,0,,0,,1,,0,,
Write-In Totals,,0,,0.00%,,0,,0,,,0,,0,,0,,0,,
Total Votes Cast,,994,,97.74%,,374,,568,,,40,,0,,6,,6,,
Overvotes,,0,,0.00%,,0,,0,,,0,,0,,0,,0,,
Undervotes,,23,,2.26%,,11,,10,,,2,,0,,0,,0,,
Contest Totals,,"1,017",,100.00%,,385,,578,,,42,,0,,6,,6,,
,FOR SECRETARY OF STATE,,,,,,,,,,,,,,,,,,
,Vote For 1,,,,,,,,,,,,,,,,,,
,,,TOTAL,,VOTE %,,Election Day,,Early Vote,,,Absentee,,Canvass,,Absentee After ED,,Provisional,
REP KRIS WARNER,,456,,44.84%,,184,,248,,,18,,0,,2,,4,,
DEM THORNTON COOPER,,521,,51.23%,,185,,307,,,23,,0,,4,,2,,
NO CANDIDATE(S) NOMINATED,,0,,0.00%,,0,,0,,,0,,0,,0,,0,,
NO CANDIDATE(S) NOMINATED,,0,,0.00%,,0,,0,,,0,,0,,0,,0,,
Write-In Totals,,0,,0.00%,,0,,0,,,0,,0,,0,,0,,
Total Votes Cast,,977,,96.07%,,369,,555,,,41,,0,,6,,6,,
Overvotes,,0,,0.00%,,0,,0,,,0,,0,,0,,0,,
Undervotes,,40,,3.93%,,16,,23,,,1,,0,,0,,0,,
Contest Totals,,"1,017",,100.00%,,385,,578,,,42,,0,,6,,6,,
,FOR AUDITOR,,,,,,,,,,,,,,,,,,
,Vote For 1,,,,,,,,,,,,,,,,,,
,,,TOTAL,,VOTE %,,Election Day,,Early Vote,,,Absentee,,Canvass,,Absentee After ED,,Provisional,
REP MARK HUNT,,439,,43.17%,,180,,235,,,18,,0,,2,,4,,
DEM MARY ANN ROEBUCK CLAYTOR,,519,,51.03%,,183,,308,,,22,,0,,4,,2,,
NO CANDIDATE(S) NOMINATED,,0,,0.00%,,0,,0,,,0,,0,,0,,0,,
NO CANDIDATE(S) NOMINATED,,0,,0.00%,,0,,0,,,0,,0,,0,,0,,
Write-In Totals,,0,,0.00%,,0,,0,,,0,,0,,0,,0,,
Total Votes Cast,,958,,94.20%,,363,,543,,,40,,0,,6,,6,,
Overvotes,,0,,0.00%,,0,,0,,,0,,0,,0,,0,,
Undervotes,,59,,5.80%,,22,,35,,,2,,0,,0,,0,,
Contest Totals,,"1,017",,100.00%,,385,,578,,,42,,0,,6,,6,,
Precinct Summary - 11/12/2024     2:58 PM,,,,,,,,,,80,,,,,,,,, of 258
Report generated with Electionware Copyright © 2007-2019,,,,,,,,,,,,,,,,,,,
Summary Results Report,,,,,,,,,,OFFICIAL RESULTS,,,,,,,,,
General Election,,,,,,,,,,,,,,,,,,,
"November 5, 2024",,,,,,,,,,"Monongalia County, West Virginia",,,,,,,,,
PRECINCT 34,,,,,,,,,,,,,,,,,,,
,FOR TREASURER,,,,,,,,,,,,,,,,,,
,Vote For 1,,,,,,,,,,,,,,,,,,
,,,TOTAL,,VOTE %,,Election Day,,Early Vote,,,Absentee,,Canvass,,Absentee After ED,,Provisional,
REP LARRY PACK,,738,,72.57%,,306,,397,,,27,,0,,3,,5,,
NO CANDIDATE(S) NOMINATED,,0,,0.00%,,0,,0,,,0,,0,,0,,0,,
NO CANDIDATE(S) NOMINATED,,0,,0.00%,,0,,0,,,0,,0,,0,,0,,
NO CANDIDATE(S) NOMINATED,,0,,0.00%,,0,,0,,,0,,0,,0,,0,,
Write-In Totals,,22,,2.16%,,5,,16,,,1,,0,,0,,0,,
Total Votes Cast,,760,,74.73%,,311,,413,,,28,,0,,3,,5,,
Overvotes,,0,,0.00%,,0,,0,,,0,,0,,0,,0,,
Undervotes,,257,,25.27%,,74,,165,,,14,,0,,3,,1,,
Contest Totals,,"1,017",,100.00%,,385,,578,,,42,,0,,6,,6,,
,FOR COMMISSIONER OF AGRICULTURE,,,,,,,,,,,,,,,,,,
,Vote For 1,,,,,,,,,,,,,,,,,,
,,,TOTAL,,VOTE %,,Election Day,,Early Vote,,,Absentee,,Canvass,,Absentee After ED,,Provisional,
REP KENT LEONHARDT,,495,,48.67%,,195,,272,,,20,,0,,3,,5,,
DEM DEBORAH STILES,,468,,46.02%,,168,,276,,,21,,0,,2,,1,,
NO CANDIDATE(S) NOMINATED,,0,,0.00%,,0,,0,,,0,,0,,0,,0,,
NO CANDIDATE(S) NOMINATED,,0,,0.00%,,0,,0,,,0,,0,,0,,0,,
Write-In Totals,,0,,0.00%,,0,,0,,,0,,0,,0,,0,,
Total Votes Cast,,963,,94.69%,,363,,548,,,41,,0,,5,,6,,
Overvotes,,0,,0.00%,,0,,0,,,0,,0,,0,,0,,
Undervotes,,54,,5.31%,,22,,30,,,1,,0,,1,,0,,
Contest Totals,,"1,017",,100.00%,,385,,578,,,42,,0,,6,,6,,
,FOR ATTORNEY GENERAL,,,,,,,,,,,,,,,,,,
,Vote For 1,,,,,,,,,,,,,,,,,,
,,,TOTAL,,VOTE %,,Election Day,,Early Vote,,,Absentee,,Canvass,,Absentee After ED,,Provisional,
"REP JOHN ""JB"" McCUSKEY",,455,,44.74%,,183,,247,,,19,,0,,2,,4,,
DEM TERESA TORISEVA,,510,,50.15%,,181,,301,,,22,,0,,4,,2,,
NO CANDIDATE(S) NOMINATED,,0,,0.00%,,0,,0,,,0,,0,,0,,0,,
NO CANDIDATE(S) NOMINATED,,0,,0.00%,,0,,0,,,0,,0,,0,,0,,
Write-In Totals,,0,,0.00%,,0,,0,,,0,,0,,0,,0,,
Total Votes Cast,,965,,94.89%,,364,,548,,,41,,0,,6,,6,,
Overvotes,,0,,0.00%,,0,,0,,,0,,0,,0,,0,,
Undervotes,,52,,5.11%,,21,,30,,,1,,0,,0,,0,,
Contest Totals,,"1,017",,100.00%,,385,,578,,,42,,0,,6,,6,,
Precinct Summary - 11/12/2024     2:58 PM,,,,,,,,,,81,,,,,,,,, of 258
Report generated with Electionware Copyright © 2007-2019,,,,,,,,,,,,,,,,,,,
Summary Results Report,,,,,,,,,,OFFICIAL RESULTS,,,,,,,,,
General Election,,,,,,,,,,,,,,,,,,,
"November 5, 2024",,,,,,,,,,"Monongalia County, West Virginia",,,,,,,,,
PRECINCT 34,,,,,,,,,,,,,,,,,,,
,FOR STATE SENATOR 13TH DISTRICT,,,,,,,,,,,,,,,,,,
,Vote For 1,,,,,,,,,,,,,,,,,,
,,,TOTAL,,VOTE %,,Election Day,,Early Vote,,,Absentee,,Canvass,,Absentee After ED,,Provisional,
REP REBECCA POLIS,,425,,41.79%,,174,,226,,,20,,0,,2,,3,,
DEM JOEY GARCIA,,536,,52.70%,,191,,317,,,21,,0,,4,,3,,
NO CANDIDATE(S) NOMINATED,,0,,0.00%,,0,,0,,,0,,0,,0,,0,,
NO CANDIDATE(S) NOMINATED,,0,,0.00%,,0,,0,,,0,,0,,0,,0,,
Write-In Totals,,1,,0.10%,,0,,1,,,0,,0,,0,,0,,
Total Votes Cast,,962,,94.59%,,365,,544,,,41,,0,,6,,6,,
Overvotes,,0,,0.00%,,0,,0,,,0,,0,,0,,0,,
Undervotes,,55,,5.41%,,20,,34,,,1,,0,,0,,0,,
Contest Totals,,"1,017",,100.00%,,385,,578,,,42,,0,,6,,6,,
,FOR MEMBER OF HOUSE OF DELEGATES 82ND DISTRICT,,,,,,,,,,,,,,,,,,
,Vote For 1,,,,,,,,,,,,,,,,,,
,,,TOTAL,,VOTE %,,Election Day,,Early Vote,,,Absentee,,Canvass,,Absentee After ED,,Provisional,
REP DAVID  McCORMICK,,457,,44.94%,,182,,250,,,19,,0,,2,,4,,
DEM BILL REGER-NASH,,520,,51.13%,,191,,301,,,22,,0,,4,,2,,
NO CANDIDATE(S) NOMINATED,,0,,0.00%,,0,,0,,,0,,0,,0,,0,,
NO CANDIDATE(S) NOMINATED,,0,,0.00%,,0,,0,,,0,,0,,0,,0,,
Write-In Totals,,3,,0.30%,,0,,3,,,0,,0,,0,,0,,
Total Votes Cast,,980,,96.36%,,373,,554,,,41,,0,,6,,6,,
Overvotes,,0,,0.00%,,0,,0,,,0,,0,,0,,0,,
Undervotes,,37,,3.64%,,12,,24,,,1,,0,,0,,0,,
Contest Totals,,"1,017",,100.00%,,385,,578,,,42,,0,,6,,6,,
,FOR COUNTY COMMISSIONER,,,,,,,,,,,,,,,,,,
,Vote For 1,,,,,,,,,,,,,,,,,,
,,,TOTAL,,VOTE %,,Election Day,,Early Vote,,,Absentee,,Canvass,,Absentee After ED,,Provisional,
REP MARYANN (BABICH) FOLZ,,387,,38.05%,,159,,207,,,17,,0,,2,,2,,
DEM TOM  BLOOM,,579,,56.93%,,206,,342,,,23,,0,,4,,4,,
NO CANDIDATE(S) NOMINATED,,0,,0.00%,,0,,0,,,0,,0,,0,,0,,
NO CANDIDATE(S) NOMINATED,,0,,0.00%,,0,,0,,,0,,0,,0,,0,,
Write-In Totals,,1,,0.10%,,0,,1,,,0,,0,,0,,0,,
Total Votes Cast,,967,,95.08%,,365,,550,,,40,,0,,6,,6,,
Overvotes,,0,,0.00%,,0,,0,,,0,,0,,0,,0,,
Undervotes,,50,,4.92%,,20,,28,,,2,,0,,0,,0,,
Contest Totals,,"1,017",,100.00%,,385,,578,,,42,,0,,6,,6,,
Precinct Summary - 11/12/2024     2:58 PM,,,,,,,,,,82,,,,,,,,, of 258
Report generated with Electionware Copyright © 2007-2019,,,,,,,,,,,,,,,,,,,
Summary Results Report,,,,,,,,,,OFFICIAL RESULTS,,,,,,,,,
General Election,,,,,,,,,,,,,,,,,,,
"November 5, 2024",,,,,,,,,,"Monongalia County, West Virginia",,,,,,,,,
PRECINCT 34,,,,,,,,,,,,,,,,,,,
,FOR PROSECUTING ATTORNEY,,,,,,,,,,,,,,,,,,
,Vote For 1,,,,,,,,,,,,,,,,,,
,,,TOTAL,,VOTE %,,Election Day,,Early Vote,,,Absentee,,Canvass,,Absentee After ED,,Provisional,
NO CANDIDATE(S) NOMINATED,,0,,0.00%,,0,,0,,,0,,0,,0,,0,,
"DEM GABRIELLE ""GABE"" MUCCIOLA",,763,,75.02%,,301,,416,,,37,,0,,4,,5,,
NO CANDIDATE(S) NOMINATED,,0,,0.00%,,0,,0,,,0,,0,,0,,0,,
NO CANDIDATE(S) NOMINATED,,0,,0.00%,,0,,0,,,0,,0,,0,,0,,
Write-In Totals,,18,,1.77%,,11,,7,,,0,,0,,0,,0,,
Total Votes Cast,,781,,76.79%,,312,,423,,,37,,0,,4,,5,,
Overvotes,,0,,0.00%,,0,,0,,,0,,0,,0,,0,,
Undervotes,,236,,23.21%,,73,,155,,,5,,0,,2,,1,,
Contest Totals,,"1,017",,100.00%,,385,,578,,,42,,0,,6,,6,,
,FOR SHERIFF,,,,,,,,,,,,,,,,,,
,Vote For 1,,,,,,,,,,,,,,,,,,
,,,TOTAL,,VOTE %,,Election Day,,Early Vote,,,Absentee,,Canvass,,Absentee After ED,,Provisional,
REP JASON MORGAN,,431,,42.38%,,183,,223,,,19,,0,,2,,4,,
DEM TODD FORBES,,539,,53.00%,,185,,326,,,22,,0,,4,,2,,
NO CANDIDATE(S) NOMINATED,,0,,0.00%,,0,,0,,,0,,0,,0,,0,,
NO CANDIDATE(S) NOMINATED,,0,,0.00%,,0,,0,,,0,,0,,0,,0,,
Write-In Totals,,2,,0.20%,,1,,1,,,0,,0,,0,,0,,
Total Votes Cast,,972,,95.58%,,369,,550,,,41,,0,,6,,6,,
Overvotes,,0,,0.00%,,0,,0,,,0,,0,,0,,0,,
Undervotes,,45,,4.42%,,16,,28,,,1,,0,,0,,0,,
Contest Totals,,"1,017",,100.00%,,385,,578,,,42,,0,,6,,6,,
,FOR ASSESSOR,,,,,,,,,,,,,,,,,,
,Vote For 1,,,,,,,,,,,,,,,,,,
,,,TOTAL,,VOTE %,,Election Day,,Early Vote,,,Absentee,,Canvass,,Absentee After ED,,Provisional,
REP RICH JACOBS,,358,,35.20%,,149,,191,,,14,,0,,2,,2,,
DEM MARK A. MUSICK,,605,,59.49%,,210,,360,,,27,,0,,4,,4,,
NO CANDIDATE(S) NOMINATED,,0,,0.00%,,0,,0,,,0,,0,,0,,0,,
NO CANDIDATE(S) NOMINATED,,0,,0.00%,,0,,0,,,0,,0,,0,,0,,
Write-In Totals,,2,,0.20%,,1,,1,,,0,,0,,0,,0,,
Total Votes Cast,,965,,94.89%,,360,,552,,,41,,0,,6,,6,,
Overvotes,,0,,0.00%,,0,,0,,,0,,0,,0,,0,,
Undervotes,,52,,5.11%,,25,,26,,,1,,0,,0,,0,,
Contest Totals,,"1,017",,100.00%,,385,,578,,,42,,0,,6,,6,,
Precinct Summary - 11/12/2024     2:58 PM,,,,,,,,,,83,,,,,,,,, of 258
Report generated with Electionware Copyright © 2007-2019,,,,,,,,,,,,,,,,,,,
Summary Results Report,,,,,,,,,,OFFICIAL RESULTS,,,,,,,,,
General Election,,,,,,,,,,,,,,,,,,,
"November 5, 2024",,,,,,,,,,"Monongalia County, West Virginia",,,,,,,,,
PRECINCT 34,,,,,,,,,,,,,,,,,,,
,FOR SURVEYOR,,,,,,,,,,,,,,,,,,
,Vote For 1,,,,,,,,,,,,,,,,,,
,,,TOTAL,,VOTE %,,Election Day,,Early Vote,,,Absentee,,Canvass,,Absentee After ED,,Provisional,
REP BOB ANDRIOTTO,,749,,73.65%,,305,,407,,,30,,0,,2,,5,,
NO CANDIDATE(S) NOMINATED,,0,,0.00%,,0,,0,,,0,,0,,0,,0,,
NO CANDIDATE(S) NOMINATED,,0,,0.00%,,0,,0,,,0,,0,,0,,0,,
NO CANDIDATE(S) NOMINATED,,0,,0.00%,,0,,0,,,0,,0,,0,,0,,
Write-In Totals,,14,,1.38%,,4,,10,,,0,,0,,0,,0,,
Total Votes Cast,,763,,75.02%,,309,,417,,,30,,0,,2,,5,,
Overvotes,,0,,0.00%,,0,,0,,,0,,0,,0,,0,,
Undervotes,,254,,24.98%,,76,,161,,,12,,0,,4,,1,,
Contest Totals,,"1,017",,100.00%,,385,,578,,,42,,0,,6,,6,,
,AMENDMENT NO. 1,,,,,,,,,,,,,,,,,,
,Vote For 1,,,,,,,,,,,,,,,,,,
,,,TOTAL,,VOTE %,,Election Day,,Early Vote,,,Absentee,,Canvass,,Absentee After ED,,Provisional,
For,,360,,35.40%,,136,,200,,,20,,0,,1,,3,,
Against,,556,,54.67%,,207,,325,,,18,,0,,4,,2,,
Total Votes Cast,,916,,90.07%,,343,,525,,,38,,0,,5,,5,,
Overvotes,,0,,0.00%,,0,,0,,,0,,0,,0,,0,,
Undervotes,,101,,9.93%,,42,,53,,,4,,0,,1,,1,,
Contest Totals,,"1,017",,100.00%,,385,,578,,,42,,0,,6,,6,,
Precinct Summary - 11/12/2024     2:58 PM,,,,,,,,,,84,,,,,,,,, of 258
Report generated with Electionware Copyright © 2007-2019,,,,,,,,,,,,,,,,,,,
Summary Results Report,,,,,,,,,,OFFICIAL RESULTS,,,,,,,,,
General Election,,,,,,,,,,,,,,,,,,,
"November 5, 2024",,,,,,,,,,"Monongalia County, West Virginia",,,,,,,,,
PRECINCT 35,,,,,,,,,,,,,,,,,,,
Statistics,,TOTAL,,Election Day,,Early Vote,,Absentee,,,Canvass,,Absentee After ED,,Provisional,,,,
Registered Voters - Total,,"1,012",,,,,,,,,,,,,,,,,
Ballots Cast - Total,,640,,224,,392,,18,,,0,,1,,5,,,,
Ballots Cast - Blank,,0,,0,,0,,0,,,0,,0,,0,,,,
Voter Turnout - Total,,63.24%,,,,,,,,,,,,,,,,,
,FOR PRESIDENT,,,,,,,,,,,,,,,,,,
,Vote For 1,,,,,,,,,,,,,,,,,,
,,,TOTAL,,VOTE %,,Election Day,,Early Vote,,,Absentee,,Canvass,,Absentee After ED,,Provisional,
REP DONALD J. TRUMP,,282,,44.06%,,94,,177,,,7,,0,,1,,3,,
DEM KAMALA D. HARRIS,,340,,53.12%,,123,,204,,,11,,0,,0,,2,,
LBN CHASE OLIVER,,3,,0.47%,,2,,1,,,0,,0,,0,,0,,
MTN JILL STEIN,,2,,0.31%,,0,,2,,,0,,0,,0,,0,,
IND ROBERT F. KENNEDY JR.,,5,,0.78%,,3,,2,,,0,,0,,0,,0,,
Write-In Totals,,6,,0.94%,,1,,5,,,0,,0,,0,,0,,
Total Votes Cast,,638,,99.69%,,223,,391,,,18,,0,,1,,5,,
Overvotes,,0,,0.00%,,0,,0,,,0,,0,,0,,0,,
Undervotes,,2,,0.31%,,1,,1,,,0,,0,,0,,0,,
Contest Totals,,640,,100.00%,,224,,392,,,18,,0,,1,,5,,
,FOR U.S. SENATOR,,,,,,,,,,,,,,,,,,
,Vote For 1,,,,,,,,,,,,,,,,,,
,,,TOTAL,,VOTE %,,Election Day,,Early Vote,,,Absentee,,Canvass,,Absentee After ED,,Provisional,
REP JIM JUSTICE,,283,,44.22%,,94,,179,,,7,,0,,1,,2,,
DEM GLENN ELLIOTT,,314,,49.06%,,113,,188,,,11,,0,,0,,2,,
LBN DAVID MORAN,,37,,5.78%,,15,,21,,,0,,0,,0,,1,,
NO CANDIDATE(S) NOMINATED,,0,,0.00%,,0,,0,,,0,,0,,0,,0,,
Write-In Totals,,1,,0.16%,,0,,1,,,0,,0,,0,,0,,
Total Votes Cast,,635,,99.22%,,222,,389,,,18,,0,,1,,5,,
Overvotes,,0,,0.00%,,0,,0,,,0,,0,,0,,0,,
Undervotes,,5,,0.78%,,2,,3,,,0,,0,,0,,0,,
Contest Totals,,640,,100.00%,,224,,392,,,18,,0,,1,,5,,
,FOR U.S. HOUSE OF REPS 2ND DIST,,,,,,,,,,,,,,,,,,
,Vote For 1,,,,,,,,,,,,,,,,,,
,,,TOTAL,,VOTE %,,Election Day,,Early Vote,,,Absentee,,Canvass,,Absentee After ED,,Provisional,
REP RILEY MOORE,,294,,45.94%,,101,,182,,,7,,0,,1,,3,,
DEM STEVEN WENDELIN,,320,,50.00%,,113,,195,,,10,,0,,0,,2,,
NO CANDIDATE(S) NOMINATED,,0,,0.00%,,0,,0,,,0,,0,,0,,0,,
NO CANDIDATE(S) NOMINATED,,0,,0.00%,,0,,0,,,0,,0,,0,,0,,
Write-In Totals,,1,,0.16%,,0,,1,,,0,,0,,0,,0,,
Total Votes Cast,,615,,96.09%,,214,,378,,,17,,0,,1,,5,,
Overvotes,,0,,0.00%,,0,,0,,,0,,0,,0,,0,,
Undervotes,,25,,3.91%,,10,,14,,,1,,0,,0,,0,,
Contest Totals,,640,,100.00%,,224,,392,,,18,,0,,1,,5,,
Precinct Summary - 11/12/2024     2:58 PM,,,,,,,,,,85,,,,,,,,, of 258
Report generated with Electionware Copyright © 2007-2019,,,,,,,,,,,,,,,,,,,
Summary Results Report,,,,,,,,,,OFFICIAL RESULTS,,,,,,,,,
General Election,,,,,,,,,,,,,,,,,,,
"November 5, 2024",,,,,,,,,,"Monongalia County, West Virginia",,,,,,,,,
PRECINCT 35,,,,,,,,,,,,,,,,,,,
,FOR GOVERNOR,,,,,,,,,,,,,,,,,,
,Vote For 1,,,,,,,,,,,,,,,,,,
,,,TOTAL,,VOTE %,,Election Day,,Early Vote,,,Absentee,,Canvass,,Absentee After ED,,Provisional,
REP PATRICK MORRISEY,,257,,40.16%,,87,,160,,,6,,0,,1,,3,,
DEM STEVE WILLIAMS,,326,,50.94%,,116,,199,,,9,,0,,0,,2,,
LBN ERIKA KLIE KOLENICH,,31,,4.84%,,14,,16,,,1,,0,,0,,0,,
MTN CHASE LINKO-LOOPER,,4,,0.62%,,2,,2,,,0,,0,,0,,0,,
CST S. MARSHALL WILSON,,7,,1.09%,,0,,6,,,1,,0,,0,,0,,
Write-In Totals,,1,,0.16%,,0,,1,,,0,,0,,0,,0,,
Total Votes Cast,,626,,97.81%,,219,,384,,,17,,0,,1,,5,,
Overvotes,,0,,0.00%,,0,,0,,,0,,0,,0,,0,,
Undervotes,,14,,2.19%,,5,,8,,,1,,0,,0,,0,,
Contest Totals,,640,,100.00%,,224,,392,,,18,,0,,1,,5,,
,FOR SECRETARY OF STATE,,,,,,,,,,,,,,,,,,
,Vote For 1,,,,,,,,,,,,,,,,,,
,,,TOTAL,,VOTE %,,Election Day,,Early Vote,,,Absentee,,Canvass,,Absentee After ED,,Provisional,
REP KRIS WARNER,,293,,45.78%,,98,,183,,,8,,0,,1,,3,,
DEM THORNTON COOPER,,320,,50.00%,,116,,192,,,10,,0,,0,,2,,
NO CANDIDATE(S) NOMINATED,,0,,0.00%,,0,,0,,,0,,0,,0,,0,,
NO CANDIDATE(S) NOMINATED,,0,,0.00%,,0,,0,,,0,,0,,0,,0,,
Write-In Totals,,0,,0.00%,,0,,0,,,0,,0,,0,,0,,
Total Votes Cast,,613,,95.78%,,214,,375,,,18,,0,,1,,5,,
Overvotes,,0,,0.00%,,0,,0,,,0,,0,,0,,0,,
Undervotes,,27,,4.22%,,10,,17,,,0,,0,,0,,0,,
Contest Totals,,640,,100.00%,,224,,392,,,18,,0,,1,,5,,
,FOR AUDITOR,,,,,,,,,,,,,,,,,,
,Vote For 1,,,,,,,,,,,,,,,,,,
,,,TOTAL,,VOTE %,,Election Day,,Early Vote,,,Absentee,,Canvass,,Absentee After ED,,Provisional,
REP MARK HUNT,,272,,42.50%,,88,,173,,,7,,0,,1,,3,,
DEM MARY ANN ROEBUCK CLAYTOR,,333,,52.03%,,124,,197,,,10,,0,,0,,2,,
NO CANDIDATE(S) NOMINATED,,0,,0.00%,,0,,0,,,0,,0,,0,,0,,
NO CANDIDATE(S) NOMINATED,,0,,0.00%,,0,,0,,,0,,0,,0,,0,,
Write-In Totals,,0,,0.00%,,0,,0,,,0,,0,,0,,0,,
Total Votes Cast,,605,,94.53%,,212,,370,,,17,,0,,1,,5,,
Overvotes,,0,,0.00%,,0,,0,,,0,,0,,0,,0,,
Undervotes,,35,,5.47%,,12,,22,,,1,,0,,0,,0,,
Contest Totals,,640,,100.00%,,224,,392,,,18,,0,,1,,5,,
Precinct Summary - 11/12/2024     2:58 PM,,,,,,,,,,86,,,,,,,,, of 258
Report generated with Electionware Copyright © 2007-2019,,,,,,,,,,,,,,,,,,,
Summary Results Report,,,,,,,,,,OFFICIAL RESULTS,,,,,,,,,
General Election,,,,,,,,,,,,,,,,,,,
"November 5, 2024",,,,,,,,,,"Monongalia County, West Virginia",,,,,,,,,
PRECINCT 35,,,,,,,,,,,,,,,,,,,
,FOR TREASURER,,,,,,,,,,,,,,,,,,
,Vote For 1,,,,,,,,,,,,,,,,,,
,,,TOTAL,,VOTE %,,Election Day,,Early Vote,,,Absentee,,Canvass,,Absentee After ED,,Provisional,
REP LARRY PACK,,454,,70.94%,,167,,271,,,11,,0,,1,,4,,
NO CANDIDATE(S) NOMINATED,,0,,0.00%,,0,,0,,,0,,0,,0,,0,,
NO CANDIDATE(S) NOMINATED,,0,,0.00%,,0,,0,,,0,,0,,0,,0,,
NO CANDIDATE(S) NOMINATED,,0,,0.00%,,0,,0,,,0,,0,,0,,0,,
Write-In Totals,,16,,2.50%,,5,,11,,,0,,0,,0,,0,,
Total Votes Cast,,470,,73.44%,,172,,282,,,11,,0,,1,,4,,
Overvotes,,0,,0.00%,,0,,0,,,0,,0,,0,,0,,
Undervotes,,170,,26.56%,,52,,110,,,7,,0,,0,,1,,
Contest Totals,,640,,100.00%,,224,,392,,,18,,0,,1,,5,,
,FOR COMMISSIONER OF AGRICULTURE,,,,,,,,,,,,,,,,,,
,Vote For 1,,,,,,,,,,,,,,,,,,
,,,TOTAL,,VOTE %,,Election Day,,Early Vote,,,Absentee,,Canvass,,Absentee After ED,,Provisional,
REP KENT LEONHARDT,,305,,47.66%,,103,,192,,,7,,0,,1,,2,,
DEM DEBORAH STILES,,302,,47.19%,,107,,182,,,10,,0,,0,,3,,
NO CANDIDATE(S) NOMINATED,,0,,0.00%,,0,,0,,,0,,0,,0,,0,,
NO CANDIDATE(S) NOMINATED,,0,,0.00%,,0,,0,,,0,,0,,0,,0,,
Write-In Totals,,0,,0.00%,,0,,0,,,0,,0,,0,,0,,
Total Votes Cast,,607,,94.84%,,210,,374,,,17,,0,,1,,5,,
Overvotes,,0,,0.00%,,0,,0,,,0,,0,,0,,0,,
Undervotes,,33,,5.16%,,14,,18,,,1,,0,,0,,0,,
Contest Totals,,640,,100.00%,,224,,392,,,18,,0,,1,,5,,
,FOR ATTORNEY GENERAL,,,,,,,,,,,,,,,,,,
,Vote For 1,,,,,,,,,,,,,,,,,,
,,,TOTAL,,VOTE %,,Election Day,,Early Vote,,,Absentee,,Canvass,,Absentee After ED,,Provisional,
"REP JOHN ""JB"" McCUSKEY",,272,,42.50%,,88,,174,,,7,,0,,1,,2,,
DEM TERESA TORISEVA,,339,,52.97%,,125,,202,,,9,,0,,0,,3,,
NO CANDIDATE(S) NOMINATED,,0,,0.00%,,0,,0,,,0,,0,,0,,0,,
NO CANDIDATE(S) NOMINATED,,0,,0.00%,,0,,0,,,0,,0,,0,,0,,
Write-In Totals,,0,,0.00%,,0,,0,,,0,,0,,0,,0,,
Total Votes Cast,,611,,95.47%,,213,,376,,,16,,0,,1,,5,,
Overvotes,,0,,0.00%,,0,,0,,,0,,0,,0,,0,,
Undervotes,,29,,4.53%,,11,,16,,,2,,0,,0,,0,,
Contest Totals,,640,,100.00%,,224,,392,,,18,,0,,1,,5,,
Precinct Summary - 11/12/2024     2:58 PM,,,,,,,,,,87,,,,,,,,, of 258
Report generated with Electionware Copyright © 2007-2019,,,,,,,,,,,,,,,,,,,
Summary Results Report,,,,,,,,,,OFFICIAL RESULTS,,,,,,,,,
General Election,,,,,,,,,,,,,,,,,,,
"November 5, 2024",,,,,,,,,,"Monongalia County, West Virginia",,,,,,,,,
PRECINCT 35,,,,,,,,,,,,,,,,,,,
,FOR STATE SENATOR 13TH DISTRICT,,,,,,,,,,,,,,,,,,
,Vote For 1,,,,,,,,,,,,,,,,,,
,,,TOTAL,,VOTE %,,Election Day,,Early Vote,,,Absentee,,Canvass,,Absentee After ED,,Provisional,
REP REBECCA POLIS,,272,,42.50%,,90,,172,,,7,,0,,1,,2,,
DEM JOEY GARCIA,,341,,53.28%,,123,,205,,,10,,0,,0,,3,,
NO CANDIDATE(S) NOMINATED,,0,,0.00%,,0,,0,,,0,,0,,0,,0,,
NO CANDIDATE(S) NOMINATED,,0,,0.00%,,0,,0,,,0,,0,,0,,0,,
Write-In Totals,,0,,0.00%,,0,,0,,,0,,0,,0,,0,,
Total Votes Cast,,613,,95.78%,,213,,377,,,17,,0,,1,,5,,
Overvotes,,0,,0.00%,,0,,0,,,0,,0,,0,,0,,
Undervotes,,27,,4.22%,,11,,15,,,1,,0,,0,,0,,
Contest Totals,,640,,100.00%,,224,,392,,,18,,0,,1,,5,,
,FOR MEMBER OF HOUSE OF DELEGATES 79TH DISTRICT,,,,,,,,,,,,,,,,,,
,Vote For 1,,,,,,,,,,,,,,,,,,
,,,TOTAL,,VOTE %,,Election Day,,Early Vote,,,Absentee,,Canvass,,Absentee After ED,,Provisional,
NO CANDIDATE(S) NOMINATED,,0,,0.00%,,0,,0,,,0,,0,,0,,0,,
DEM EVAN HANSEN,,510,,79.69%,,190,,299,,,17,,0,,0,,4,,
NO CANDIDATE(S) NOMINATED,,0,,0.00%,,0,,0,,,0,,0,,0,,0,,
NO CANDIDATE(S) NOMINATED,,0,,0.00%,,0,,0,,,0,,0,,0,,0,,
Write-In Totals,,8,,1.25%,,2,,5,,,1,,0,,0,,0,,
Total Votes Cast,,518,,80.94%,,192,,304,,,18,,0,,0,,4,,
Overvotes,,0,,0.00%,,0,,0,,,0,,0,,0,,0,,
Undervotes,,122,,19.06%,,32,,88,,,0,,0,,1,,1,,
Contest Totals,,640,,100.00%,,224,,392,,,18,,0,,1,,5,,
,FOR COUNTY COMMISSIONER,,,,,,,,,,,,,,,,,,
,Vote For 1,,,,,,,,,,,,,,,,,,
,,,TOTAL,,VOTE %,,Election Day,,Early Vote,,,Absentee,,Canvass,,Absentee After ED,,Provisional,
REP MARYANN (BABICH) FOLZ,,248,,38.75%,,85,,153,,,7,,0,,1,,2,,
DEM TOM  BLOOM,,364,,56.88%,,130,,220,,,11,,0,,0,,3,,
NO CANDIDATE(S) NOMINATED,,0,,0.00%,,0,,0,,,0,,0,,0,,0,,
NO CANDIDATE(S) NOMINATED,,0,,0.00%,,0,,0,,,0,,0,,0,,0,,
Write-In Totals,,1,,0.16%,,0,,1,,,0,,0,,0,,0,,
Total Votes Cast,,613,,95.78%,,215,,374,,,18,,0,,1,,5,,
Overvotes,,0,,0.00%,,0,,0,,,0,,0,,0,,0,,
Undervotes,,27,,4.22%,,9,,18,,,0,,0,,0,,0,,
Contest Totals,,640,,100.00%,,224,,392,,,18,,0,,1,,5,,
Precinct Summary - 11/12/2024     2:58 PM,,,,,,,,,,88,,,,,,,,, of 258
Report generated with Electionware Copyright © 2007-2019,,,,,,,,,,,,,,,,,,,
Summary Results Report,,,,,,,,,,OFFICIAL RESULTS,,,,,,,,,
General Election,,,,,,,,,,,,,,,,,,,
"November 5, 2024",,,,,,,,,,"Monongalia County, West Virginia",,,,,,,,,
PRECINCT 35,,,,,,,,,,,,,,,,,,,
,FOR PROSECUTING ATTORNEY,,,,,,,,,,,,,,,,,,
,Vote For 1,,,,,,,,,,,,,,,,,,
,,,TOTAL,,VOTE %,,Election Day,,Early Vote,,,Absentee,,Canvass,,Absentee After ED,,Provisional,
NO CANDIDATE(S) NOMINATED,,0,,0.00%,,0,,0,,,0,,0,,0,,0,,
"DEM GABRIELLE ""GABE"" MUCCIOLA",,502,,78.44%,,186,,296,,,16,,0,,0,,4,,
NO CANDIDATE(S) NOMINATED,,0,,0.00%,,0,,0,,,0,,0,,0,,0,,
NO CANDIDATE(S) NOMINATED,,0,,0.00%,,0,,0,,,0,,0,,0,,0,,
Write-In Totals,,8,,1.25%,,1,,6,,,1,,0,,0,,0,,
Total Votes Cast,,510,,79.69%,,187,,302,,,17,,0,,0,,4,,
Overvotes,,0,,0.00%,,0,,0,,,0,,0,,0,,0,,
Undervotes,,130,,20.31%,,37,,90,,,1,,0,,1,,1,,
Contest Totals,,640,,100.00%,,224,,392,,,18,,0,,1,,5,,
,FOR SHERIFF,,,,,,,,,,,,,,,,,,
,Vote For 1,,,,,,,,,,,,,,,,,,
,,,TOTAL,,VOTE %,,Election Day,,Early Vote,,,Absentee,,Canvass,,Absentee After ED,,Provisional,
REP JASON MORGAN,,261,,40.78%,,93,,158,,,7,,0,,1,,2,,
DEM TODD FORBES,,358,,55.94%,,121,,223,,,11,,0,,0,,3,,
NO CANDIDATE(S) NOMINATED,,0,,0.00%,,0,,0,,,0,,0,,0,,0,,
NO CANDIDATE(S) NOMINATED,,0,,0.00%,,0,,0,,,0,,0,,0,,0,,
Write-In Totals,,0,,0.00%,,0,,0,,,0,,0,,0,,0,,
Total Votes Cast,,619,,96.72%,,214,,381,,,18,,0,,1,,5,,
Overvotes,,0,,0.00%,,0,,0,,,0,,0,,0,,0,,
Undervotes,,21,,3.28%,,10,,11,,,0,,0,,0,,0,,
Contest Totals,,640,,100.00%,,224,,392,,,18,,0,,1,,5,,
,FOR ASSESSOR,,,,,,,,,,,,,,,,,,
,Vote For 1,,,,,,,,,,,,,,,,,,
,,,TOTAL,,VOTE %,,Election Day,,Early Vote,,,Absentee,,Canvass,,Absentee After ED,,Provisional,
REP RICH JACOBS,,232,,36.25%,,72,,150,,,6,,0,,1,,3,,
DEM MARK A. MUSICK,,382,,59.69%,,144,,224,,,12,,0,,0,,2,,
NO CANDIDATE(S) NOMINATED,,0,,0.00%,,0,,0,,,0,,0,,0,,0,,
NO CANDIDATE(S) NOMINATED,,0,,0.00%,,0,,0,,,0,,0,,0,,0,,
Write-In Totals,,0,,0.00%,,0,,0,,,0,,0,,0,,0,,
Total Votes Cast,,614,,95.94%,,216,,374,,,18,,0,,1,,5,,
Overvotes,,0,,0.00%,,0,,0,,,0,,0,,0,,0,,
Undervotes,,26,,4.06%,,8,,18,,,0,,0,,0,,0,,
Contest Totals,,640,,100.00%,,224,,392,,,18,,0,,1,,5,,
Precinct Summary - 11/12/2024     2:58 PM,,,,,,,,,,89,,,,,,,,, of 258
Report generated with Electionware Copyright © 2007-2019,,,,,,,,,,,,,,,,,,,
Summary Results Report,,,,,,,,,,OFFICIAL RESULTS,,,,,,,,,
General Election,,,,,,,,,,,,,,,,,,,
"November 5, 2024",,,,,,,,,,"Monongalia County, West Virginia",,,,,,,,,
PRECINCT 35,,,,,,,,,,,,,,,,,,,
,FOR SURVEYOR,,,,,,,,,,,,,,,,,,
,Vote For 1,,,,,,,,,,,,,,,,,,
,,,TOTAL,,VOTE %,,Election Day,,Early Vote,,,Absentee,,Canvass,,Absentee After ED,,Provisional,
REP BOB ANDRIOTTO,,469,,73.28%,,172,,279,,,13,,0,,1,,4,,
NO CANDIDATE(S) NOMINATED,,0,,0.00%,,0,,0,,,0,,0,,0,,0,,
NO CANDIDATE(S) NOMINATED,,0,,0.00%,,0,,0,,,0,,0,,0,,0,,
NO CANDIDATE(S) NOMINATED,,0,,0.00%,,0,,0,,,0,,0,,0,,0,,
Write-In Totals,,14,,2.19%,,4,,10,,,0,,0,,0,,0,,
Total Votes Cast,,483,,75.47%,,176,,289,,,13,,0,,1,,4,,
Overvotes,,0,,0.00%,,0,,0,,,0,,0,,0,,0,,
Undervotes,,157,,24.53%,,48,,103,,,5,,0,,0,,1,,
Contest Totals,,640,,100.00%,,224,,392,,,18,,0,,1,,5,,
,AMENDMENT NO. 1,,,,,,,,,,,,,,,,,,
,Vote For 1,,,,,,,,,,,,,,,,,,
,,,TOTAL,,VOTE %,,Election Day,,Early Vote,,,Absentee,,Canvass,,Absentee After ED,,Provisional,
For,,235,,36.72%,,81,,141,,,10,,0,,1,,2,,
Against,,338,,52.81%,,119,,211,,,6,,0,,0,,2,,
Total Votes Cast,,573,,89.53%,,200,,352,,,16,,0,,1,,4,,
Overvotes,,0,,0.00%,,0,,0,,,0,,0,,0,,0,,
Undervotes,,67,,10.47%,,24,,40,,,2,,0,,0,,1,,
Contest Totals,,640,,100.00%,,224,,392,,,18,,0,,1,,5,,
Precinct Summary - 11/12/2024     2:58 PM,,,,,,,,,,90,,,,,,,,, of 258
Report generated with Electionware Copyright © 2007-2019,,,,,,,,,,,,,,,,,,,
Summary Results Report,,,,,,,,,,OFFICIAL RESULTS,,,,,,,,,
General Election,,,,,,,,,,,,,,,,,,,
"November 5, 2024",,,,,,,,,,"Monongalia County, West Virginia",,,,,,,,,
PRECINCT 36,,,,,,,,,,,,,,,,,,,
Statistics,,TOTAL,,Election Day,,Early Vote,,Absentee,,,Canvass,,Absentee After ED,,Provisional,,,,
Registered Voters - Total,,"1,118",,,,,,,,,,,,,,,,,
Ballots Cast - Total,,571,,221,,328,,16,,,0,,5,,1,,,,
Ballots Cast - Blank,,1,,0,,0,,1,,,0,,0,,0,,,,
Voter Turnout - Total,,51.07%,,,,,,,,,,,,,,,,,
,FOR PRESIDENT,,,,,,,,,,,,,,,,,,
,Vote For 1,,,,,,,,,,,,,,,,,,
,,,TOTAL,,VOTE %,,Election Day,,Early Vote,,,Absentee,,Canvass,,Absentee After ED,,Provisional,
REP DONALD J. TRUMP,,208,,36.43%,,80,,119,,,7,,0,,1,,1,,
DEM KAMALA D. HARRIS,,338,,59.19%,,132,,194,,,8,,0,,4,,0,,
LBN CHASE OLIVER,,3,,0.53%,,2,,1,,,0,,0,,0,,0,,
MTN JILL STEIN,,9,,1.58%,,2,,7,,,0,,0,,0,,0,,
IND ROBERT F. KENNEDY JR.,,6,,1.05%,,3,,3,,,0,,0,,0,,0,,
Write-In Totals,,3,,0.53%,,2,,1,,,0,,0,,0,,0,,
Total Votes Cast,,567,,99.30%,,221,,325,,,15,,0,,5,,1,,
Overvotes,,0,,0.00%,,0,,0,,,0,,0,,0,,0,,
Undervotes,,4,,0.70%,,0,,3,,,1,,0,,0,,0,,
Contest Totals,,571,,100.00%,,221,,328,,,16,,0,,5,,1,,
,FOR U.S. SENATOR,,,,,,,,,,,,,,,,,,
,Vote For 1,,,,,,,,,,,,,,,,,,
,,,TOTAL,,VOTE %,,Election Day,,Early Vote,,,Absentee,,Canvass,,Absentee After ED,,Provisional,
REP JIM JUSTICE,,208,,36.43%,,77,,121,,,7,,0,,2,,1,,
DEM GLENN ELLIOTT,,324,,56.74%,,123,,190,,,8,,0,,3,,0,,
LBN DAVID MORAN,,23,,4.03%,,16,,7,,,0,,0,,0,,0,,
NO CANDIDATE(S) NOMINATED,,0,,0.00%,,0,,0,,,0,,0,,0,,0,,
Write-In Totals,,1,,0.18%,,0,,1,,,0,,0,,0,,0,,
Total Votes Cast,,556,,97.37%,,216,,319,,,15,,0,,5,,1,,
Overvotes,,0,,0.00%,,0,,0,,,0,,0,,0,,0,,
Undervotes,,15,,2.63%,,5,,9,,,1,,0,,0,,0,,
Contest Totals,,571,,100.00%,,221,,328,,,16,,0,,5,,1,,
,FOR U.S. HOUSE OF REPS 2ND DIST,,,,,,,,,,,,,,,,,,
,Vote For 1,,,,,,,,,,,,,,,,,,
,,,TOTAL,,VOTE %,,Election Day,,Early Vote,,,Absentee,,Canvass,,Absentee After ED,,Provisional,
REP RILEY MOORE,,228,,39.93%,,91,,127,,,7,,0,,2,,1,,
DEM STEVEN WENDELIN,,319,,55.87%,,122,,186,,,8,,0,,3,,0,,
NO CANDIDATE(S) NOMINATED,,0,,0.00%,,0,,0,,,0,,0,,0,,0,,
NO CANDIDATE(S) NOMINATED,,0,,0.00%,,0,,0,,,0,,0,,0,,0,,
Write-In Totals,,0,,0.00%,,0,,0,,,0,,0,,0,,0,,
Total Votes Cast,,547,,95.80%,,213,,313,,,15,,0,,5,,1,,
Overvotes,,0,,0.00%,,0,,0,,,0,,0,,0,,0,,
Undervotes,,24,,4.20%,,8,,15,,,1,,0,,0,,0,,
Contest Totals,,571,,100.00%,,221,,328,,,16,,0,,5,,1,,
Precinct Summary - 11/12/2024     2:58 PM,,,,,,,,,,91,,,,,,,,, of 258
Report generated with Electionware Copyright © 2007-2019,,,,,,,,,,,,,,,,,,,
Summary Results Report,,,,,,,,,,OFFICIAL RESULTS,,,,,,,,,
General Election,,,,,,,,,,,,,,,,,,,
"November 5, 2024",,,,,,,,,,"Monongalia County, West Virginia",,,,,,,,,
PRECINCT 36,,,,,,,,,,,,,,,,,,,
,FOR GOVERNOR,,,,,,,,,,,,,,,,,,
,Vote For 1,,,,,,,,,,,,,,,,,,
,,,TOTAL,,VOTE %,,Election Day,,Early Vote,,,Absentee,,Canvass,,Absentee After ED,,Provisional,
REP PATRICK MORRISEY,,197,,34.50%,,72,,116,,,6,,0,,2,,1,,
DEM STEVE WILLIAMS,,324,,56.74%,,123,,190,,,8,,0,,3,,0,,
LBN ERIKA KLIE KOLENICH,,27,,4.73%,,17,,9,,,1,,0,,0,,0,,
MTN CHASE LINKO-LOOPER,,6,,1.05%,,1,,5,,,0,,0,,0,,0,,
CST S. MARSHALL WILSON,,1,,0.18%,,0,,1,,,0,,0,,0,,0,,
Write-In Totals,,1,,0.18%,,1,,0,,,0,,0,,0,,0,,
Total Votes Cast,,556,,97.37%,,214,,321,,,15,,0,,5,,1,,
Overvotes,,0,,0.00%,,0,,0,,,0,,0,,0,,0,,
Undervotes,,15,,2.63%,,7,,7,,,1,,0,,0,,0,,
Contest Totals,,571,,100.00%,,221,,328,,,16,,0,,5,,1,,
,FOR SECRETARY OF STATE,,,,,,,,,,,,,,,,,,
,Vote For 1,,,,,,,,,,,,,,,,,,
,,,TOTAL,,VOTE %,,Election Day,,Early Vote,,,Absentee,,Canvass,,Absentee After ED,,Provisional,
REP KRIS WARNER,,224,,39.23%,,88,,125,,,8,,0,,2,,1,,
DEM THORNTON COOPER,,324,,56.74%,,123,,192,,,7,,0,,2,,0,,
NO CANDIDATE(S) NOMINATED,,0,,0.00%,,0,,0,,,0,,0,,0,,0,,
NO CANDIDATE(S) NOMINATED,,0,,0.00%,,0,,0,,,0,,0,,0,,0,,
Write-In Totals,,2,,0.35%,,2,,0,,,0,,0,,0,,0,,
Total Votes Cast,,550,,96.32%,,213,,317,,,15,,0,,4,,1,,
Overvotes,,0,,0.00%,,0,,0,,,0,,0,,0,,0,,
Undervotes,,21,,3.68%,,8,,11,,,1,,0,,1,,0,,
Contest Totals,,571,,100.00%,,221,,328,,,16,,0,,5,,1,,
,FOR AUDITOR,,,,,,,,,,,,,,,,,,
,Vote For 1,,,,,,,,,,,,,,,,,,
,,,TOTAL,,VOTE %,,Election Day,,Early Vote,,,Absentee,,Canvass,,Absentee After ED,,Provisional,
REP MARK HUNT,,208,,36.43%,,79,,121,,,5,,0,,2,,1,,
DEM MARY ANN ROEBUCK CLAYTOR,,328,,57.44%,,127,,189,,,10,,0,,2,,0,,
NO CANDIDATE(S) NOMINATED,,0,,0.00%,,0,,0,,,0,,0,,0,,0,,
NO CANDIDATE(S) NOMINATED,,0,,0.00%,,0,,0,,,0,,0,,0,,0,,
Write-In Totals,,3,,0.53%,,3,,0,,,0,,0,,0,,0,,
Total Votes Cast,,539,,94.40%,,209,,310,,,15,,0,,4,,1,,
Overvotes,,0,,0.00%,,0,,0,,,0,,0,,0,,0,,
Undervotes,,32,,5.60%,,12,,18,,,1,,0,,1,,0,,
Contest Totals,,571,,100.00%,,221,,328,,,16,,0,,5,,1,,
Precinct Summary - 11/12/2024     2:58 PM,,,,,,,,,,92,,,,,,,,, of 258
Report generated with Electionware Copyright © 2007-2019,,,,,,,,,,,,,,,,,,,
Summary Results Report,,,,,,,,,,OFFICIAL RESULTS,,,,,,,,,
General Election,,,,,,,,,,,,,,,,,,,
"November 5, 2024",,,,,,,,,,"Monongalia County, West Virginia",,,,,,,,,
PRECINCT 36,,,,,,,,,,,,,,,,,,,
,FOR TREASURER,,,,,,,,,,,,,,,,,,
,Vote For 1,,,,,,,,,,,,,,,,,,
,,,TOTAL,,VOTE %,,Election Day,,Early Vote,,,Absentee,,Canvass,,Absentee After ED,,Provisional,
REP LARRY PACK,,377,,66.02%,,160,,203,,,10,,0,,3,,1,,
NO CANDIDATE(S) NOMINATED,,0,,0.00%,,0,,0,,,0,,0,,0,,0,,
NO CANDIDATE(S) NOMINATED,,0,,0.00%,,0,,0,,,0,,0,,0,,0,,
NO CANDIDATE(S) NOMINATED,,0,,0.00%,,0,,0,,,0,,0,,0,,0,,
Write-In Totals,,19,,3.33%,,9,,9,,,1,,0,,0,,0,,
Total Votes Cast,,396,,69.35%,,169,,212,,,11,,0,,3,,1,,
Overvotes,,0,,0.00%,,0,,0,,,0,,0,,0,,0,,
Undervotes,,175,,30.65%,,52,,116,,,5,,0,,2,,0,,
Contest Totals,,571,,100.00%,,221,,328,,,16,,0,,5,,1,,
,FOR COMMISSIONER OF AGRICULTURE,,,,,,,,,,,,,,,,,,
,Vote For 1,,,,,,,,,,,,,,,,,,
,,,TOTAL,,VOTE %,,Election Day,,Early Vote,,,Absentee,,Canvass,,Absentee After ED,,Provisional,
REP KENT LEONHARDT,,238,,41.68%,,94,,133,,,8,,0,,2,,1,,
DEM DEBORAH STILES,,300,,52.54%,,113,,178,,,7,,0,,2,,0,,
NO CANDIDATE(S) NOMINATED,,0,,0.00%,,0,,0,,,0,,0,,0,,0,,
NO CANDIDATE(S) NOMINATED,,0,,0.00%,,0,,0,,,0,,0,,0,,0,,
Write-In Totals,,1,,0.18%,,1,,0,,,0,,0,,0,,0,,
Total Votes Cast,,539,,94.40%,,208,,311,,,15,,0,,4,,1,,
Overvotes,,0,,0.00%,,0,,0,,,0,,0,,0,,0,,
Undervotes,,32,,5.60%,,13,,17,,,1,,0,,1,,0,,
Contest Totals,,571,,100.00%,,221,,328,,,16,,0,,5,,1,,
,FOR ATTORNEY GENERAL,,,,,,,,,,,,,,,,,,
,Vote For 1,,,,,,,,,,,,,,,,,,
,,,TOTAL,,VOTE %,,Election Day,,Early Vote,,,Absentee,,Canvass,,Absentee After ED,,Provisional,
"REP JOHN ""JB"" McCUSKEY",,212,,37.13%,,80,,122,,,6,,0,,3,,1,,
DEM TERESA TORISEVA,,335,,58.67%,,129,,195,,,9,,0,,2,,0,,
NO CANDIDATE(S) NOMINATED,,0,,0.00%,,0,,0,,,0,,0,,0,,0,,
NO CANDIDATE(S) NOMINATED,,0,,0.00%,,0,,0,,,0,,0,,0,,0,,
Write-In Totals,,1,,0.18%,,1,,0,,,0,,0,,0,,0,,
Total Votes Cast,,548,,95.97%,,210,,317,,,15,,0,,5,,1,,
Overvotes,,0,,0.00%,,0,,0,,,0,,0,,0,,0,,
Undervotes,,23,,4.03%,,11,,11,,,1,,0,,0,,0,,
Contest Totals,,571,,100.00%,,221,,328,,,16,,0,,5,,1,,
Precinct Summary - 11/12/2024     2:58 PM,,,,,,,,,,93,,,,,,,,, of 258
Report generated with Electionware Copyright © 2007-2019,,,,,,,,,,,,,,,,,,,
Summary Results Report,,,,,,,,,,OFFICIAL RESULTS,,,,,,,,,
General Election,,,,,,,,,,,,,,,,,,,
"November 5, 2024",,,,,,,,,,"Monongalia County, West Virginia",,,,,,,,,
PRECINCT 36,,,,,,,,,,,,,,,,,,,
,FOR STATE SENATOR 13TH DISTRICT,,,,,,,,,,,,,,,,,,
,Vote For 1,,,,,,,,,,,,,,,,,,
,,,TOTAL,,VOTE %,,Election Day,,Early Vote,,,Absentee,,Canvass,,Absentee After ED,,Provisional,
REP REBECCA POLIS,,194,,33.98%,,72,,113,,,6,,0,,2,,1,,
DEM JOEY GARCIA,,351,,61.47%,,135,,205,,,9,,0,,2,,0,,
NO CANDIDATE(S) NOMINATED,,0,,0.00%,,0,,0,,,0,,0,,0,,0,,
NO CANDIDATE(S) NOMINATED,,0,,0.00%,,0,,0,,,0,,0,,0,,0,,
Write-In Totals,,1,,0.18%,,1,,0,,,0,,0,,0,,0,,
Total Votes Cast,,546,,95.62%,,208,,318,,,15,,0,,4,,1,,
Overvotes,,0,,0.00%,,0,,0,,,0,,0,,0,,0,,
Undervotes,,25,,4.38%,,13,,10,,,1,,0,,1,,0,,
Contest Totals,,571,,100.00%,,221,,328,,,16,,0,,5,,1,,
,FOR MEMBER OF HOUSE OF DELEGATES 80TH DISTRICT,,,,,,,,,,,,,,,,,,
,Vote For 1,,,,,,,,,,,,,,,,,,
,,,TOTAL,,VOTE %,,Election Day,,Early Vote,,,Absentee,,Canvass,,Absentee After ED,,Provisional,
REP SUMMER D.  HARTLEY,,196,,34.33%,,72,,114,,,7,,0,,2,,1,,
DEM JOHN WILLIAMS,,355,,62.17%,,140,,205,,,8,,0,,2,,0,,
NO CANDIDATE(S) NOMINATED,,0,,0.00%,,0,,0,,,0,,0,,0,,0,,
NO CANDIDATE(S) NOMINATED,,0,,0.00%,,0,,0,,,0,,0,,0,,0,,
Write-In Totals,,2,,0.35%,,2,,0,,,0,,0,,0,,0,,
Total Votes Cast,,553,,96.85%,,214,,319,,,15,,0,,4,,1,,
Overvotes,,0,,0.00%,,0,,0,,,0,,0,,0,,0,,
Undervotes,,18,,3.15%,,7,,9,,,1,,0,,1,,0,,
Contest Totals,,571,,100.00%,,221,,328,,,16,,0,,5,,1,,
,FOR COUNTY COMMISSIONER,,,,,,,,,,,,,,,,,,
,Vote For 1,,,,,,,,,,,,,,,,,,
,,,TOTAL,,VOTE %,,Election Day,,Early Vote,,,Absentee,,Canvass,,Absentee After ED,,Provisional,
REP MARYANN (BABICH) FOLZ,,192,,33.63%,,76,,109,,,5,,0,,1,,1,,
DEM TOM  BLOOM,,352,,61.65%,,133,,207,,,9,,0,,3,,0,,
NO CANDIDATE(S) NOMINATED,,0,,0.00%,,0,,0,,,0,,0,,0,,0,,
NO CANDIDATE(S) NOMINATED,,0,,0.00%,,0,,0,,,0,,0,,0,,0,,
Write-In Totals,,1,,0.18%,,1,,0,,,0,,0,,0,,0,,
Total Votes Cast,,545,,95.45%,,210,,316,,,14,,0,,4,,1,,
Overvotes,,0,,0.00%,,0,,0,,,0,,0,,0,,0,,
Undervotes,,26,,4.55%,,11,,12,,,2,,0,,1,,0,,
Contest Totals,,571,,100.00%,,221,,328,,,16,,0,,5,,1,,
Precinct Summary - 11/12/2024     2:58 PM,,,,,,,,,,94,,,,,,,,, of 258
Report generated with Electionware Copyright © 2007-2019,,,,,,,,,,,,,,,,,,,
Summary Results Report,,,,,,,,,,OFFICIAL RESULTS,,,,,,,,,
General Election,,,,,,,,,,,,,,,,,,,
"November 5, 2024",,,,,,,,,,"Monongalia County, West Virginia",,,,,,,,,
PRECINCT 36,,,,,,,,,,,,,,,,,,,
,FOR PROSECUTING ATTORNEY,,,,,,,,,,,,,,,,,,
,Vote For 1,,,,,,,,,,,,,,,,,,
,,,TOTAL,,VOTE %,,Election Day,,Early Vote,,,Absentee,,Canvass,,Absentee After ED,,Provisional,
NO CANDIDATE(S) NOMINATED,,0,,0.00%,,0,,0,,,0,,0,,0,,0,,
"DEM GABRIELLE ""GABE"" MUCCIOLA",,430,,75.31%,,168,,247,,,11,,0,,4,,0,,
NO CANDIDATE(S) NOMINATED,,0,,0.00%,,0,,0,,,0,,0,,0,,0,,
NO CANDIDATE(S) NOMINATED,,0,,0.00%,,0,,0,,,0,,0,,0,,0,,
Write-In Totals,,10,,1.75%,,5,,4,,,0,,0,,0,,1,,
Total Votes Cast,,440,,77.06%,,173,,251,,,11,,0,,4,,1,,
Overvotes,,0,,0.00%,,0,,0,,,0,,0,,0,,0,,
Undervotes,,131,,22.94%,,48,,77,,,5,,0,,1,,0,,
Contest Totals,,571,,100.00%,,221,,328,,,16,,0,,5,,1,,
,FOR SHERIFF,,,,,,,,,,,,,,,,,,
,Vote For 1,,,,,,,,,,,,,,,,,,
,,,TOTAL,,VOTE %,,Election Day,,Early Vote,,,Absentee,,Canvass,,Absentee After ED,,Provisional,
REP JASON MORGAN,,211,,36.95%,,82,,121,,,5,,0,,2,,1,,
DEM TODD FORBES,,327,,57.27%,,123,,194,,,8,,0,,2,,0,,
NO CANDIDATE(S) NOMINATED,,0,,0.00%,,0,,0,,,0,,0,,0,,0,,
NO CANDIDATE(S) NOMINATED,,0,,0.00%,,0,,0,,,0,,0,,0,,0,,
Write-In Totals,,2,,0.35%,,1,,1,,,0,,0,,0,,0,,
Total Votes Cast,,540,,94.57%,,206,,316,,,13,,0,,4,,1,,
Overvotes,,0,,0.00%,,0,,0,,,0,,0,,0,,0,,
Undervotes,,31,,5.43%,,15,,12,,,3,,0,,1,,0,,
Contest Totals,,571,,100.00%,,221,,328,,,16,,0,,5,,1,,
,FOR ASSESSOR,,,,,,,,,,,,,,,,,,
,Vote For 1,,,,,,,,,,,,,,,,,,
,,,TOTAL,,VOTE %,,Election Day,,Early Vote,,,Absentee,,Canvass,,Absentee After ED,,Provisional,
REP RICH JACOBS,,183,,32.05%,,65,,110,,,5,,0,,2,,1,,
DEM MARK A. MUSICK,,361,,63.22%,,144,,206,,,9,,0,,2,,0,,
NO CANDIDATE(S) NOMINATED,,0,,0.00%,,0,,0,,,0,,0,,0,,0,,
NO CANDIDATE(S) NOMINATED,,0,,0.00%,,0,,0,,,0,,0,,0,,0,,
Write-In Totals,,2,,0.35%,,2,,0,,,0,,0,,0,,0,,
Total Votes Cast,,546,,95.62%,,211,,316,,,14,,0,,4,,1,,
Overvotes,,0,,0.00%,,0,,0,,,0,,0,,0,,0,,
Undervotes,,25,,4.38%,,10,,12,,,2,,0,,1,,0,,
Contest Totals,,571,,100.00%,,221,,328,,,16,,0,,5,,1,,
Precinct Summary - 11/12/2024     2:58 PM,,,,,,,,,,95,,,,,,,,, of 258
Report generated with Electionware Copyright © 2007-2019,,,,,,,,,,,,,,,,,,,
Summary Results Report,,,,,,,,,,OFFICIAL RESULTS,,,,,,,,,
General Election,,,,,,,,,,,,,,,,,,,
"November 5, 2024",,,,,,,,,,"Monongalia County, West Virginia",,,,,,,,,
PRECINCT 36,,,,,,,,,,,,,,,,,,,
,FOR SURVEYOR,,,,,,,,,,,,,,,,,,
,Vote For 1,,,,,,,,,,,,,,,,,,
,,,TOTAL,,VOTE %,,Election Day,,Early Vote,,,Absentee,,Canvass,,Absentee After ED,,Provisional,
REP BOB ANDRIOTTO,,382,,66.90%,,161,,208,,,9,,0,,3,,1,,
NO CANDIDATE(S) NOMINATED,,0,,0.00%,,0,,0,,,0,,0,,0,,0,,
NO CANDIDATE(S) NOMINATED,,0,,0.00%,,0,,0,,,0,,0,,0,,0,,
NO CANDIDATE(S) NOMINATED,,0,,0.00%,,0,,0,,,0,,0,,0,,0,,
Write-In Totals,,15,,2.63%,,8,,6,,,1,,0,,0,,0,,
Total Votes Cast,,397,,69.53%,,169,,214,,,10,,0,,3,,1,,
Overvotes,,0,,0.00%,,0,,0,,,0,,0,,0,,0,,
Undervotes,,174,,30.47%,,52,,114,,,6,,0,,2,,0,,
Contest Totals,,571,,100.00%,,221,,328,,,16,,0,,5,,1,,
,AMENDMENT NO. 1,,,,,,,,,,,,,,,,,,
,Vote For 1,,,,,,,,,,,,,,,,,,
,,,TOTAL,,VOTE %,,Election Day,,Early Vote,,,Absentee,,Canvass,,Absentee After ED,,Provisional,
For,,176,,30.82%,,81,,86,,,6,,0,,2,,1,,
Against,,339,,59.37%,,122,,207,,,7,,0,,3,,0,,
Total Votes Cast,,515,,90.19%,,203,,293,,,13,,0,,5,,1,,
Overvotes,,0,,0.00%,,0,,0,,,0,,0,,0,,0,,
Undervotes,,56,,9.81%,,18,,35,,,3,,0,,0,,0,,
Contest Totals,,571,,100.00%,,221,,328,,,16,,0,,5,,1,,
Precinct Summary - 11/12/2024     2:58 PM,,,,,,,,,,96,,,,,,,,, of 258
Report generated with Electionware Copyright © 2007-2019,,,,,,,,,,,,,,,,,,,
Summary Results Report,,,,,,,,,,OFFICIAL RESULTS,,,,,,,,,
General Election,,,,,,,,,,,,,,,,,,,
"November 5, 2024",,,,,,,,,,"Monongalia County, West Virginia",,,,,,,,,
PRECINCT 38,,,,,,,,,,,,,,,,,,,
Statistics,,TOTAL,,Election Day,,Early Vote,,Absentee,,,Canvass,,Absentee After ED,,Provisional,,,,
Registered Voters - Total,,"3,129",,,,,,,,,,,,,,,,,
Ballots Cast - Total,,"2,275",,831,,"1,393",,42,,,0,,6,,3,,,,
Ballots Cast - Blank,,0,,0,,0,,0,,,0,,0,,0,,,,
Voter Turnout - Total,,72.71%,,,,,,,,,,,,,,,,,
,FOR PRESIDENT,,,,,,,,,,,,,,,,,,
,Vote For 1,,,,,,,,,,,,,,,,,,
,,,TOTAL,,VOTE %,,Election Day,,Early Vote,,,Absentee,,Canvass,,Absentee After ED,,Provisional,
REP DONALD J. TRUMP,,"1,193",,52.44%,,441,,734,,,14,,0,,1,,3,,
DEM KAMALA D. HARRIS,,"1,004",,44.13%,,352,,622,,,25,,0,,5,,0,,
LBN CHASE OLIVER,,18,,0.79%,,9,,9,,,0,,0,,0,,0,,
MTN JILL STEIN,,6,,0.26%,,3,,2,,,1,,0,,0,,0,,
IND ROBERT F. KENNEDY JR.,,24,,1.05%,,11,,11,,,2,,0,,0,,0,,
Write-In Totals,,14,,0.62%,,6,,8,,,0,,0,,0,,0,,
Total Votes Cast,,"2,259",,99.30%,,822,,"1,386",,,42,,0,,6,,3,,
Overvotes,,0,,0.00%,,0,,0,,,0,,0,,0,,0,,
Undervotes,,16,,0.70%,,9,,7,,,0,,0,,0,,0,,
Contest Totals,,"2,275",,100.00%,,831,,"1,393",,,42,,0,,6,,3,,
,FOR U.S. SENATOR,,,,,,,,,,,,,,,,,,
,Vote For 1,,,,,,,,,,,,,,,,,,
,,,TOTAL,,VOTE %,,Election Day,,Early Vote,,,Absentee,,Canvass,,Absentee After ED,,Provisional,
REP JIM JUSTICE,,"1,188",,52.22%,,454,,713,,,18,,0,,1,,2,,
DEM GLENN ELLIOTT,,930,,40.88%,,314,,592,,,19,,0,,5,,0,,
LBN DAVID MORAN,,105,,4.62%,,42,,59,,,4,,0,,0,,0,,
NO CANDIDATE(S) NOMINATED,,0,,0.00%,,0,,0,,,0,,0,,0,,0,,
Write-In Totals,,3,,0.13%,,0,,3,,,0,,0,,0,,0,,
Total Votes Cast,,"2,226",,97.85%,,810,,"1,367",,,41,,0,,6,,2,,
Overvotes,,0,,0.00%,,0,,0,,,0,,0,,0,,0,,
Undervotes,,49,,2.15%,,21,,26,,,1,,0,,0,,1,,
Contest Totals,,"2,275",,100.00%,,831,,"1,393",,,42,,0,,6,,3,,
,FOR U.S. HOUSE OF REPS 2ND DIST,,,,,,,,,,,,,,,,,,
,Vote For 1,,,,,,,,,,,,,,,,,,
,,,TOTAL,,VOTE %,,Election Day,,Early Vote,,,Absentee,,Canvass,,Absentee After ED,,Provisional,
REP RILEY MOORE,,"1,218",,53.54%,,453,,746,,,15,,0,,2,,2,,
DEM STEVEN WENDELIN,,930,,40.88%,,318,,583,,,25,,0,,4,,0,,
NO CANDIDATE(S) NOMINATED,,0,,0.00%,,0,,0,,,0,,0,,0,,0,,
NO CANDIDATE(S) NOMINATED,,0,,0.00%,,0,,0,,,0,,0,,0,,0,,
Write-In Totals,,0,,0.00%,,0,,0,,,0,,0,,0,,0,,
Total Votes Cast,,"2,148",,94.42%,,771,,"1,329",,,40,,0,,6,,2,,
Overvotes,,0,,0.00%,,0,,0,,,0,,0,,0,,0,,
Undervotes,,127,,5.58%,,60,,64,,,2,,0,,0,,1,,
Contest Totals,,"2,275",,100.00%,,831,,"1,393",,,42,,0,,6,,3,,
Precinct Summary - 11/12/2024     2:58 PM,,,,,,,,,,97,,,,,,,,, of 258
Report generated with Electionware Copyright © 2007-2019,,,,,,,,,,,,,,,,,,,
Summary Results Report,,,,,,,,,,OFFICIAL RESULTS,,,,,,,,,
General Election,,,,,,,,,,,,,,,,,,,
"November 5, 2024",,,,,,,,,,"Monongalia County, West Virginia",,,,,,,,,
PRECINCT 38,,,,,,,,,,,,,,,,,,,
,FOR GOVERNOR,,,,,,,,,,,,,,,,,,
,Vote For 1,,,,,,,,,,,,,,,,,,
,,,TOTAL,,VOTE %,,Election Day,,Early Vote,,,Absentee,,Canvass,,Absentee After ED,,Provisional,
REP PATRICK MORRISEY,,"1,095",,48.13%,,408,,668,,,16,,0,,1,,2,,
DEM STEVE WILLIAMS,,977,,42.95%,,331,,621,,,20,,0,,5,,0,,
LBN ERIKA KLIE KOLENICH,,85,,3.74%,,47,,35,,,3,,0,,0,,0,,
MTN CHASE LINKO-LOOPER,,19,,0.84%,,7,,11,,,1,,0,,0,,0,,
CST S. MARSHALL WILSON,,17,,0.75%,,3,,14,,,0,,0,,0,,0,,
Write-In Totals,,4,,0.18%,,1,,3,,,0,,0,,0,,0,,
Total Votes Cast,,"2,197",,96.57%,,797,,"1,352",,,40,,0,,6,,2,,
Overvotes,,0,,0.00%,,0,,0,,,0,,0,,0,,0,,
Undervotes,,78,,3.43%,,34,,41,,,2,,0,,0,,1,,
Contest Totals,,"2,275",,100.00%,,831,,"1,393",,,42,,0,,6,,3,,
,FOR SECRETARY OF STATE,,,,,,,,,,,,,,,,,,
,Vote For 1,,,,,,,,,,,,,,,,,,
,,,TOTAL,,VOTE %,,Election Day,,Early Vote,,,Absentee,,Canvass,,Absentee After ED,,Provisional,
REP KRIS WARNER,,"1,204",,52.92%,,451,,736,,,14,,0,,1,,2,,
DEM THORNTON COOPER,,945,,41.54%,,328,,586,,,26,,0,,5,,0,,
NO CANDIDATE(S) NOMINATED,,0,,0.00%,,0,,0,,,0,,0,,0,,0,,
NO CANDIDATE(S) NOMINATED,,0,,0.00%,,0,,0,,,0,,0,,0,,0,,
Write-In Totals,,1,,0.04%,,0,,1,,,0,,0,,0,,0,,
Total Votes Cast,,"2,150",,94.51%,,779,,"1,323",,,40,,0,,6,,2,,
Overvotes,,0,,0.00%,,0,,0,,,0,,0,,0,,0,,
Undervotes,,125,,5.49%,,52,,70,,,2,,0,,0,,1,,
Contest Totals,,"2,275",,100.00%,,831,,"1,393",,,42,,0,,6,,3,,
,FOR AUDITOR,,,,,,,,,,,,,,,,,,
,Vote For 1,,,,,,,,,,,,,,,,,,
,,,TOTAL,,VOTE %,,Election Day,,Early Vote,,,Absentee,,Canvass,,Absentee After ED,,Provisional,
REP MARK HUNT,,"1,127",,49.54%,,419,,693,,,12,,0,,1,,2,,
DEM MARY ANN ROEBUCK CLAYTOR,,981,,43.12%,,346,,603,,,27,,0,,5,,0,,
NO CANDIDATE(S) NOMINATED,,0,,0.00%,,0,,0,,,0,,0,,0,,0,,
NO CANDIDATE(S) NOMINATED,,0,,0.00%,,0,,0,,,0,,0,,0,,0,,
Write-In Totals,,1,,0.04%,,0,,1,,,0,,0,,0,,0,,
Total Votes Cast,,"2,109",,92.70%,,765,,"1,297",,,39,,0,,6,,2,,
Overvotes,,0,,0.00%,,0,,0,,,0,,0,,0,,0,,
Undervotes,,166,,7.30%,,66,,96,,,3,,0,,0,,1,,
Contest Totals,,"2,275",,100.00%,,831,,"1,393",,,42,,0,,6,,3,,
Precinct Summary - 11/12/2024     2:58 PM,,,,,,,,,,98,,,,,,,,, of 258
Report generated with Electionware Copyright © 2007-2019,,,,,,,,,,,,,,,,,,,
Summary Results Report,,,,,,,,,,OFFICIAL RESULTS,,,,,,,,,
General Election,,,,,,,,,,,,,,,,,,,
"November 5, 2024",,,,,,,,,,"Monongalia County, West Virginia",,,,,,,,,
PRECINCT 38,,,,,,,,,,,,,,,,,,,
,FOR TREASURER,,,,,,,,,,,,,,,,,,
,Vote For 1,,,,,,,,,,,,,,,,,,
,,,TOTAL,,VOTE %,,Election Day,,Early Vote,,,Absentee,,Canvass,,Absentee After ED,,Provisional,
REP LARRY PACK,,"1,625",,71.43%,,618,,977,,,24,,0,,4,,2,,
NO CANDIDATE(S) NOMINATED,,0,,0.00%,,0,,0,,,0,,0,,0,,0,,
NO CANDIDATE(S) NOMINATED,,0,,0.00%,,0,,0,,,0,,0,,0,,0,,
NO CANDIDATE(S) NOMINATED,,0,,0.00%,,0,,0,,,0,,0,,0,,0,,
Write-In Totals,,44,,1.93%,,12,,31,,,1,,0,,0,,0,,
Total Votes Cast,,"1,669",,73.36%,,630,,"1,008",,,25,,0,,4,,2,,
Overvotes,,0,,0.00%,,0,,0,,,0,,0,,0,,0,,
Undervotes,,606,,26.64%,,201,,385,,,17,,0,,2,,1,,
Contest Totals,,"2,275",,100.00%,,831,,"1,393",,,42,,0,,6,,3,,
,FOR COMMISSIONER OF AGRICULTURE,,,,,,,,,,,,,,,,,,
,Vote For 1,,,,,,,,,,,,,,,,,,
,,,TOTAL,,VOTE %,,Election Day,,Early Vote,,,Absentee,,Canvass,,Absentee After ED,,Provisional,
REP KENT LEONHARDT,,"1,254",,55.12%,,454,,778,,,17,,0,,3,,2,,
DEM DEBORAH STILES,,883,,38.81%,,316,,541,,,23,,0,,3,,0,,
NO CANDIDATE(S) NOMINATED,,0,,0.00%,,0,,0,,,0,,0,,0,,0,,
NO CANDIDATE(S) NOMINATED,,0,,0.00%,,0,,0,,,0,,0,,0,,0,,
Write-In Totals,,0,,0.00%,,0,,0,,,0,,0,,0,,0,,
Total Votes Cast,,"2,137",,93.93%,,770,,"1,319",,,40,,0,,6,,2,,
Overvotes,,0,,0.00%,,0,,0,,,0,,0,,0,,0,,
Undervotes,,138,,6.07%,,61,,74,,,2,,0,,0,,1,,
Contest Totals,,"2,275",,100.00%,,831,,"1,393",,,42,,0,,6,,3,,
,FOR ATTORNEY GENERAL,,,,,,,,,,,,,,,,,,
,Vote For 1,,,,,,,,,,,,,,,,,,
,,,TOTAL,,VOTE %,,Election Day,,Early Vote,,,Absentee,,Canvass,,Absentee After ED,,Provisional,
"REP JOHN ""JB"" McCUSKEY",,"1,155",,50.77%,,427,,709,,,16,,0,,2,,1,,
DEM TERESA TORISEVA,,974,,42.81%,,339,,607,,,23,,0,,4,,1,,
NO CANDIDATE(S) NOMINATED,,0,,0.00%,,0,,0,,,0,,0,,0,,0,,
NO CANDIDATE(S) NOMINATED,,0,,0.00%,,0,,0,,,0,,0,,0,,0,,
Write-In Totals,,1,,0.04%,,0,,1,,,0,,0,,0,,0,,
Total Votes Cast,,"2,130",,93.63%,,766,,"1,317",,,39,,0,,6,,2,,
Overvotes,,0,,0.00%,,0,,0,,,0,,0,,0,,0,,
Undervotes,,145,,6.37%,,65,,76,,,3,,0,,0,,1,,
Contest Totals,,"2,275",,100.00%,,831,,"1,393",,,42,,0,,6,,3,,
Precinct Summary - 11/12/2024     2:58 PM,,,,,,,,,,99,,,,,,,,, of 258
Report generated with Electionware Copyright © 2007-2019,,,,,,,,,,,,,,,,,,,
Summary Results Report,,,,,,,,,,OFFICIAL RESULTS,,,,,,,,,
General Election,,,,,,,,,,,,,,,,,,,
"November 5, 2024",,,,,,,,,,"Monongalia County, West Virginia",,,,,,,,,
PRECINCT 38,,,,,,,,,,,,,,,,,,,
,FOR STATE SENATOR 13TH DISTRICT,,,,,,,,,,,,,,,,,,
,Vote For 1,,,,,,,,,,,,,,,,,,
,,,TOTAL,,VOTE %,,Election Day,,Early Vote,,,Absentee,,Canvass,,Absentee After ED,,Provisional,
REP REBECCA POLIS,,"1,085",,47.69%,,404,,664,,,14,,0,,1,,2,,
DEM JOEY GARCIA,,"1,047",,46.02%,,367,,650,,,25,,0,,5,,0,,
NO CANDIDATE(S) NOMINATED,,0,,0.00%,,0,,0,,,0,,0,,0,,0,,
NO CANDIDATE(S) NOMINATED,,0,,0.00%,,0,,0,,,0,,0,,0,,0,,
Write-In Totals,,1,,0.04%,,1,,0,,,0,,0,,0,,0,,
Total Votes Cast,,"2,133",,93.76%,,772,,"1,314",,,39,,0,,6,,2,,
Overvotes,,0,,0.00%,,0,,0,,,0,,0,,0,,0,,
Undervotes,,142,,6.24%,,59,,79,,,3,,0,,0,,1,,
Contest Totals,,"2,275",,100.00%,,831,,"1,393",,,42,,0,,6,,3,,
,FOR MEMBER OF HOUSE OF DELEGATES 78TH DISTRICT,,,,,,,,,,,,,,,,,,
,Vote For 1,,,,,,,,,,,,,,,,,,
,,,TOTAL,,VOTE %,,Election Day,,Early Vote,,,Absentee,,Canvass,,Absentee After ED,,Provisional,
REP GENO CHIARELLI,,"1,107",,48.66%,,416,,675,,,13,,0,,1,,2,,
DEM DIANE MARKET GASTON,,"1,056",,46.42%,,365,,659,,,27,,0,,5,,0,,
NO CANDIDATE(S) NOMINATED,,0,,0.00%,,0,,0,,,0,,0,,0,,0,,
NO CANDIDATE(S) NOMINATED,,0,,0.00%,,0,,0,,,0,,0,,0,,0,,
Write-In Totals,,0,,0.00%,,0,,0,,,0,,0,,0,,0,,
Total Votes Cast,,"2,163",,95.08%,,781,,"1,334",,,40,,0,,6,,2,,
Overvotes,,0,,0.00%,,0,,0,,,0,,0,,0,,0,,
Undervotes,,112,,4.92%,,50,,59,,,2,,0,,0,,1,,
Contest Totals,,"2,275",,100.00%,,831,,"1,393",,,42,,0,,6,,3,,
,FOR COUNTY COMMISSIONER,,,,,,,,,,,,,,,,,,
,Vote For 1,,,,,,,,,,,,,,,,,,
,,,TOTAL,,VOTE %,,Election Day,,Early Vote,,,Absentee,,Canvass,,Absentee After ED,,Provisional,
REP MARYANN (BABICH) FOLZ,,"1,021",,44.88%,,390,,616,,,12,,0,,1,,2,,
DEM TOM  BLOOM,,"1,142",,50.20%,,392,,718,,,27,,0,,5,,0,,
NO CANDIDATE(S) NOMINATED,,0,,0.00%,,0,,0,,,0,,0,,0,,0,,
NO CANDIDATE(S) NOMINATED,,0,,0.00%,,0,,0,,,0,,0,,0,,0,,
Write-In Totals,,2,,0.09%,,0,,1,,,1,,0,,0,,0,,
Total Votes Cast,,"2,165",,95.16%,,782,,"1,335",,,40,,0,,6,,2,,
Overvotes,,0,,0.00%,,0,,0,,,0,,0,,0,,0,,
Undervotes,,110,,4.84%,,49,,58,,,2,,0,,0,,1,,
Contest Totals,,"2,275",,100.00%,,831,,"1,393",,,42,,0,,6,,3,,
Precinct Summary - 11/12/2024     2:58 PM,,,,,,,,,,100,,,,,,,,, of 258
Report generated with Electionware Copyright © 2007-2019,,,,,,,,,,,,,,,,,,,
Summary Results Report,,,,,,,,,,OFFICIAL RESULTS,,,,,,,,,
General Election,,,,,,,,,,,,,,,,,,,
"November 5, 2024",,,,,,,,,,"Monongalia County, West Virginia",,,,,,,,,
PRECINCT 38,,,,,,,,,,,,,,,,,,,
,FOR PROSECUTING ATTORNEY,,,,,,,,,,,,,,,,,,
,Vote For 1,,,,,,,,,,,,,,,,,,
,,,TOTAL,,VOTE %,,Election Day,,Early Vote,,,Absentee,,Canvass,,Absentee After ED,,Provisional,
NO CANDIDATE(S) NOMINATED,,0,,0.00%,,0,,0,,,0,,0,,0,,0,,
"DEM GABRIELLE ""GABE"" MUCCIOLA",,"1,606",,70.59%,,627,,941,,,31,,0,,5,,2,,
NO CANDIDATE(S) NOMINATED,,0,,0.00%,,0,,0,,,0,,0,,0,,0,,
NO CANDIDATE(S) NOMINATED,,0,,0.00%,,0,,0,,,0,,0,,0,,0,,
Write-In Totals,,26,,1.14%,,9,,17,,,0,,0,,0,,0,,
Total Votes Cast,,"1,632",,71.74%,,636,,958,,,31,,0,,5,,2,,
Overvotes,,0,,0.00%,,0,,0,,,0,,0,,0,,0,,
Undervotes,,643,,28.26%,,195,,435,,,11,,0,,1,,1,,
Contest Totals,,"2,275",,100.00%,,831,,"1,393",,,42,,0,,6,,3,,
,FOR SHERIFF,,,,,,,,,,,,,,,,,,
,Vote For 1,,,,,,,,,,,,,,,,,,
,,,TOTAL,,VOTE %,,Election Day,,Early Vote,,,Absentee,,Canvass,,Absentee After ED,,Provisional,
REP JASON MORGAN,,"1,013",,44.53%,,381,,612,,,16,,0,,2,,2,,
DEM TODD FORBES,,"1,159",,50.95%,,410,,722,,,23,,0,,4,,0,,
NO CANDIDATE(S) NOMINATED,,0,,0.00%,,0,,0,,,0,,0,,0,,0,,
NO CANDIDATE(S) NOMINATED,,0,,0.00%,,0,,0,,,0,,0,,0,,0,,
Write-In Totals,,4,,0.18%,,2,,2,,,0,,0,,0,,0,,
Total Votes Cast,,"2,176",,95.65%,,793,,"1,336",,,39,,0,,6,,2,,
Overvotes,,0,,0.00%,,0,,0,,,0,,0,,0,,0,,
Undervotes,,99,,4.35%,,38,,57,,,3,,0,,0,,1,,
Contest Totals,,"2,275",,100.00%,,831,,"1,393",,,42,,0,,6,,3,,
,FOR ASSESSOR,,,,,,,,,,,,,,,,,,
,Vote For 1,,,,,,,,,,,,,,,,,,
,,,TOTAL,,VOTE %,,Election Day,,Early Vote,,,Absentee,,Canvass,,Absentee After ED,,Provisional,
REP RICH JACOBS,,852,,37.45%,,318,,522,,,9,,0,,2,,1,,
DEM MARK A. MUSICK,,"1,324",,58.20%,,470,,817,,,32,,0,,4,,1,,
NO CANDIDATE(S) NOMINATED,,0,,0.00%,,0,,0,,,0,,0,,0,,0,,
NO CANDIDATE(S) NOMINATED,,0,,0.00%,,0,,0,,,0,,0,,0,,0,,
Write-In Totals,,1,,0.04%,,0,,1,,,0,,0,,0,,0,,
Total Votes Cast,,"2,177",,95.69%,,788,,"1,340",,,41,,0,,6,,2,,
Overvotes,,0,,0.00%,,0,,0,,,0,,0,,0,,0,,
Undervotes,,98,,4.31%,,43,,53,,,1,,0,,0,,1,,
Contest Totals,,"2,275",,100.00%,,831,,"1,393",,,42,,0,,6,,3,,
Precinct Summary - 11/12/2024     2:58 PM,,,,,,,,,,101,,,,,,,,, of 258
Report generated with Electionware Copyright © 2007-2019,,,,,,,,,,,,,,,,,,,
Summary Results Report,,,,,,,,,,OFFICIAL RESULTS,,,,,,,,,
General Election,,,,,,,,,,,,,,,,,,,
"November 5, 2024",,,,,,,,,,"Monongalia County, West Virginia",,,,,,,,,
PRECINCT 38,,,,,,,,,,,,,,,,,,,
,FOR SURVEYOR,,,,,,,,,,,,,,,,,,
,Vote For 1,,,,,,,,,,,,,,,,,,
,,,TOTAL,,VOTE %,,Election Day,,Early Vote,,,Absentee,,Canvass,,Absentee After ED,,Provisional,
REP BOB ANDRIOTTO,,"1,648",,72.44%,,631,,989,,,22,,0,,4,,2,,
NO CANDIDATE(S) NOMINATED,,0,,0.00%,,0,,0,,,0,,0,,0,,0,,
NO CANDIDATE(S) NOMINATED,,0,,0.00%,,0,,0,,,0,,0,,0,,0,,
NO CANDIDATE(S) NOMINATED,,0,,0.00%,,0,,0,,,0,,0,,0,,0,,
Write-In Totals,,25,,1.10%,,7,,17,,,1,,0,,0,,0,,
Total Votes Cast,,"1,673",,73.54%,,638,,"1,006",,,23,,0,,4,,2,,
Overvotes,,0,,0.00%,,0,,0,,,0,,0,,0,,0,,
Undervotes,,602,,26.46%,,193,,387,,,19,,0,,2,,1,,
Contest Totals,,"2,275",,100.00%,,831,,"1,393",,,42,,0,,6,,3,,
,AMENDMENT NO. 1,,,,,,,,,,,,,,,,,,
,Vote For 1,,,,,,,,,,,,,,,,,,
,,,TOTAL,,VOTE %,,Election Day,,Early Vote,,,Absentee,,Canvass,,Absentee After ED,,Provisional,
For,,764,,33.58%,,276,,472,,,13,,0,,0,,3,,
Against,,"1,277",,56.13%,,462,,784,,,26,,0,,5,,0,,
Total Votes Cast,,"2,041",,89.71%,,738,,"1,256",,,39,,0,,5,,3,,
Overvotes,,0,,0.00%,,0,,0,,,0,,0,,0,,0,,
Undervotes,,234,,10.29%,,93,,137,,,3,,0,,1,,0,,
Contest Totals,,"2,275",,100.00%,,831,,"1,393",,,42,,0,,6,,3,,
Precinct Summary - 11/12/2024     2:58 PM,,,,,,,,,,102,,,,,,,,, of 258
Report generated with Electionware Copyright © 2007-2019,,,,,,,,,,,,,,,,,,,
Summary Results Report,,,,,,,,,,OFFICIAL RESULTS,,,,,,,,,
General Election,,,,,,,,,,,,,,,,,,,
"November 5, 2024",,,,,,,,,,"Monongalia County, West Virginia",,,,,,,,,
PRECINCT 40,,,,,,,,,,,,,,,,,,,
Statistics,,TOTAL,,Election Day,,Early Vote,,Absentee,,,Canvass,,Absentee After ED,,Provisional,,,,
Registered Voters - Total,,809,,,,,,,,,,,,,,,,,
Ballots Cast - Total,,572,,251,,310,,11,,,0,,0,,0,,,,
Ballots Cast - Blank,,0,,0,,0,,0,,,0,,0,,0,,,,
Voter Turnout - Total,,70.70%,,,,,,,,,,,,,,,,,
,FOR PRESIDENT,,,,,,,,,,,,,,,,,,
,Vote For 1,,,,,,,,,,,,,,,,,,
,,,TOTAL,,VOTE %,,Election Day,,Early Vote,,,Absentee,,Canvass,,Absentee After ED,,Provisional,
REP DONALD J. TRUMP,,463,,80.94%,,205,,250,,,8,,0,,0,,0,,
DEM KAMALA D. HARRIS,,97,,16.96%,,38,,56,,,3,,0,,0,,0,,
LBN CHASE OLIVER,,3,,0.52%,,2,,1,,,0,,0,,0,,0,,
MTN JILL STEIN,,2,,0.35%,,0,,2,,,0,,0,,0,,0,,
IND ROBERT F. KENNEDY JR.,,3,,0.52%,,2,,1,,,0,,0,,0,,0,,
Write-In Totals,,2,,0.35%,,2,,0,,,0,,0,,0,,0,,
Total Votes Cast,,570,,99.65%,,249,,310,,,11,,0,,0,,0,,
Overvotes,,0,,0.00%,,0,,0,,,0,,0,,0,,0,,
Undervotes,,2,,0.35%,,2,,0,,,0,,0,,0,,0,,
Contest Totals,,572,,100.00%,,251,,310,,,11,,0,,0,,0,,
,FOR U.S. SENATOR,,,,,,,,,,,,,,,,,,
,Vote For 1,,,,,,,,,,,,,,,,,,
,,,TOTAL,,VOTE %,,Election Day,,Early Vote,,,Absentee,,Canvass,,Absentee After ED,,Provisional,
REP JIM JUSTICE,,439,,76.75%,,190,,240,,,9,,0,,0,,0,,
DEM GLENN ELLIOTT,,100,,17.48%,,41,,57,,,2,,0,,0,,0,,
LBN DAVID MORAN,,21,,3.67%,,14,,7,,,0,,0,,0,,0,,
NO CANDIDATE(S) NOMINATED,,0,,0.00%,,0,,0,,,0,,0,,0,,0,,
Write-In Totals,,0,,0.00%,,0,,0,,,0,,0,,0,,0,,
Total Votes Cast,,560,,97.90%,,245,,304,,,11,,0,,0,,0,,
Overvotes,,0,,0.00%,,0,,0,,,0,,0,,0,,0,,
Undervotes,,12,,2.10%,,6,,6,,,0,,0,,0,,0,,
Contest Totals,,572,,100.00%,,251,,310,,,11,,0,,0,,0,,
,FOR U.S. HOUSE OF REPS 2ND DIST,,,,,,,,,,,,,,,,,,
,Vote For 1,,,,,,,,,,,,,,,,,,
,,,TOTAL,,VOTE %,,Election Day,,Early Vote,,,Absentee,,Canvass,,Absentee After ED,,Provisional,
REP RILEY MOORE,,437,,76.40%,,194,,235,,,8,,0,,0,,0,,
DEM STEVEN WENDELIN,,94,,16.43%,,40,,51,,,3,,0,,0,,0,,
NO CANDIDATE(S) NOMINATED,,0,,0.00%,,0,,0,,,0,,0,,0,,0,,
NO CANDIDATE(S) NOMINATED,,0,,0.00%,,0,,0,,,0,,0,,0,,0,,
Write-In Totals,,0,,0.00%,,0,,0,,,0,,0,,0,,0,,
Total Votes Cast,,531,,92.83%,,234,,286,,,11,,0,,0,,0,,
Overvotes,,0,,0.00%,,0,,0,,,0,,0,,0,,0,,
Undervotes,,41,,7.17%,,17,,24,,,0,,0,,0,,0,,
Contest Totals,,572,,100.00%,,251,,310,,,11,,0,,0,,0,,
Precinct Summary - 11/12/2024     2:58 PM,,,,,,,,,,103,,,,,,,,, of 258
Report generated with Electionware Copyright © 2007-2019,,,,,,,,,,,,,,,,,,,
Summary Results Report,,,,,,,,,,OFFICIAL RESULTS,,,,,,,,,
General Election,,,,,,,,,,,,,,,,,,,
"November 5, 2024",,,,,,,,,,"Monongalia County, West Virginia",,,,,,,,,
PRECINCT 40,,,,,,,,,,,,,,,,,,,
,FOR GOVERNOR,,,,,,,,,,,,,,,,,,
,Vote For 1,,,,,,,,,,,,,,,,,,
,,,TOTAL,,VOTE %,,Election Day,,Early Vote,,,Absentee,,Canvass,,Absentee After ED,,Provisional,
REP PATRICK MORRISEY,,418,,73.08%,,184,,225,,,9,,0,,0,,0,,
DEM STEVE WILLIAMS,,108,,18.88%,,43,,63,,,2,,0,,0,,0,,
LBN ERIKA KLIE KOLENICH,,8,,1.40%,,4,,4,,,0,,0,,0,,0,,
MTN CHASE LINKO-LOOPER,,3,,0.52%,,1,,2,,,0,,0,,0,,0,,
CST S. MARSHALL WILSON,,7,,1.22%,,3,,4,,,0,,0,,0,,0,,
Write-In Totals,,0,,0.00%,,0,,0,,,0,,0,,0,,0,,
Total Votes Cast,,544,,95.10%,,235,,298,,,11,,0,,0,,0,,
Overvotes,,0,,0.00%,,0,,0,,,0,,0,,0,,0,,
Undervotes,,28,,4.90%,,16,,12,,,0,,0,,0,,0,,
Contest Totals,,572,,100.00%,,251,,310,,,11,,0,,0,,0,,
,FOR SECRETARY OF STATE,,,,,,,,,,,,,,,,,,
,Vote For 1,,,,,,,,,,,,,,,,,,
,,,TOTAL,,VOTE %,,Election Day,,Early Vote,,,Absentee,,Canvass,,Absentee After ED,,Provisional,
REP KRIS WARNER,,434,,75.87%,,195,,230,,,9,,0,,0,,0,,
DEM THORNTON COOPER,,94,,16.43%,,36,,56,,,2,,0,,0,,0,,
NO CANDIDATE(S) NOMINATED,,0,,0.00%,,0,,0,,,0,,0,,0,,0,,
NO CANDIDATE(S) NOMINATED,,0,,0.00%,,0,,0,,,0,,0,,0,,0,,
Write-In Totals,,0,,0.00%,,0,,0,,,0,,0,,0,,0,,
Total Votes Cast,,528,,92.31%,,231,,286,,,11,,0,,0,,0,,
Overvotes,,0,,0.00%,,0,,0,,,0,,0,,0,,0,,
Undervotes,,44,,7.69%,,20,,24,,,0,,0,,0,,0,,
Contest Totals,,572,,100.00%,,251,,310,,,11,,0,,0,,0,,
,FOR AUDITOR,,,,,,,,,,,,,,,,,,
,Vote For 1,,,,,,,,,,,,,,,,,,
,,,TOTAL,,VOTE %,,Election Day,,Early Vote,,,Absentee,,Canvass,,Absentee After ED,,Provisional,
REP MARK HUNT,,402,,70.28%,,175,,218,,,9,,0,,0,,0,,
DEM MARY ANN ROEBUCK CLAYTOR,,115,,20.10%,,52,,62,,,1,,0,,0,,0,,
NO CANDIDATE(S) NOMINATED,,0,,0.00%,,0,,0,,,0,,0,,0,,0,,
NO CANDIDATE(S) NOMINATED,,0,,0.00%,,0,,0,,,0,,0,,0,,0,,
Write-In Totals,,0,,0.00%,,0,,0,,,0,,0,,0,,0,,
Total Votes Cast,,517,,90.38%,,227,,280,,,10,,0,,0,,0,,
Overvotes,,0,,0.00%,,0,,0,,,0,,0,,0,,0,,
Undervotes,,55,,9.62%,,24,,30,,,1,,0,,0,,0,,
Contest Totals,,572,,100.00%,,251,,310,,,11,,0,,0,,0,,
Precinct Summary - 11/12/2024     2:58 PM,,,,,,,,,,104,,,,,,,,, of 258
Report generated with Electionware Copyright © 2007-2019,,,,,,,,,,,,,,,,,,,
Summary Results Report,,,,,,,,,,OFFICIAL RESULTS,,,,,,,,,
General Election,,,,,,,,,,,,,,,,,,,
"November 5, 2024",,,,,,,,,,"Monongalia County, West Virginia",,,,,,,,,
PRECINCT 40,,,,,,,,,,,,,,,,,,,
,FOR TREASURER,,,,,,,,,,,,,,,,,,
,Vote For 1,,,,,,,,,,,,,,,,,,
,,,TOTAL,,VOTE %,,Election Day,,Early Vote,,,Absentee,,Canvass,,Absentee After ED,,Provisional,
REP LARRY PACK,,472,,82.52%,,210,,253,,,9,,0,,0,,0,,
NO CANDIDATE(S) NOMINATED,,0,,0.00%,,0,,0,,,0,,0,,0,,0,,
NO CANDIDATE(S) NOMINATED,,0,,0.00%,,0,,0,,,0,,0,,0,,0,,
NO CANDIDATE(S) NOMINATED,,0,,0.00%,,0,,0,,,0,,0,,0,,0,,
Write-In Totals,,1,,0.17%,,1,,0,,,0,,0,,0,,0,,
Total Votes Cast,,473,,82.69%,,211,,253,,,9,,0,,0,,0,,
Overvotes,,0,,0.00%,,0,,0,,,0,,0,,0,,0,,
Undervotes,,99,,17.31%,,40,,57,,,2,,0,,0,,0,,
Contest Totals,,572,,100.00%,,251,,310,,,11,,0,,0,,0,,
,FOR COMMISSIONER OF AGRICULTURE,,,,,,,,,,,,,,,,,,
,Vote For 1,,,,,,,,,,,,,,,,,,
,,,TOTAL,,VOTE %,,Election Day,,Early Vote,,,Absentee,,Canvass,,Absentee After ED,,Provisional,
REP KENT LEONHARDT,,455,,79.55%,,203,,243,,,9,,0,,0,,0,,
DEM DEBORAH STILES,,89,,15.56%,,34,,53,,,2,,0,,0,,0,,
NO CANDIDATE(S) NOMINATED,,0,,0.00%,,0,,0,,,0,,0,,0,,0,,
NO CANDIDATE(S) NOMINATED,,0,,0.00%,,0,,0,,,0,,0,,0,,0,,
Write-In Totals,,0,,0.00%,,0,,0,,,0,,0,,0,,0,,
Total Votes Cast,,544,,95.10%,,237,,296,,,11,,0,,0,,0,,
Overvotes,,0,,0.00%,,0,,0,,,0,,0,,0,,0,,
Undervotes,,28,,4.90%,,14,,14,,,0,,0,,0,,0,,
Contest Totals,,572,,100.00%,,251,,310,,,11,,0,,0,,0,,
,FOR ATTORNEY GENERAL,,,,,,,,,,,,,,,,,,
,Vote For 1,,,,,,,,,,,,,,,,,,
,,,TOTAL,,VOTE %,,Election Day,,Early Vote,,,Absentee,,Canvass,,Absentee After ED,,Provisional,
"REP JOHN ""JB"" McCUSKEY",,409,,71.50%,,181,,219,,,9,,0,,0,,0,,
DEM TERESA TORISEVA,,116,,20.28%,,47,,68,,,1,,0,,0,,0,,
NO CANDIDATE(S) NOMINATED,,0,,0.00%,,0,,0,,,0,,0,,0,,0,,
NO CANDIDATE(S) NOMINATED,,0,,0.00%,,0,,0,,,0,,0,,0,,0,,
Write-In Totals,,0,,0.00%,,0,,0,,,0,,0,,0,,0,,
Total Votes Cast,,525,,91.78%,,228,,287,,,10,,0,,0,,0,,
Overvotes,,0,,0.00%,,0,,0,,,0,,0,,0,,0,,
Undervotes,,47,,8.22%,,23,,23,,,1,,0,,0,,0,,
Contest Totals,,572,,100.00%,,251,,310,,,11,,0,,0,,0,,
Precinct Summary - 11/12/2024     2:58 PM,,,,,,,,,,105,,,,,,,,, of 258
Report generated with Electionware Copyright © 2007-2019,,,,,,,,,,,,,,,,,,,
Summary Results Report,,,,,,,,,,OFFICIAL RESULTS,,,,,,,,,
General Election,,,,,,,,,,,,,,,,,,,
"November 5, 2024",,,,,,,,,,"Monongalia County, West Virginia",,,,,,,,,
PRECINCT 40,,,,,,,,,,,,,,,,,,,
,FOR STATE SENATOR 2ND DISTRICT,,,,,,,,,,,,,,,,,,
,Vote For 1,,,,,,,,,,,,,,,,,,
,,,TOTAL,,VOTE %,,Election Day,,Early Vote,,,Absentee,,Canvass,,Absentee After ED,,Provisional,
REP CHRIS ROSE,,488,,85.31%,,213,,266,,,9,,0,,0,,0,,
NO CANDIDATE(S) NOMINATED,,0,,0.00%,,0,,0,,,0,,0,,0,,0,,
NO CANDIDATE(S) NOMINATED,,0,,0.00%,,0,,0,,,0,,0,,0,,0,,
NO CANDIDATE(S) NOMINATED,,0,,0.00%,,0,,0,,,0,,0,,0,,0,,
Write-In Totals,,1,,0.17%,,1,,0,,,0,,0,,0,,0,,
Total Votes Cast,,489,,85.49%,,214,,266,,,9,,0,,0,,0,,
Overvotes,,0,,0.00%,,0,,0,,,0,,0,,0,,0,,
Undervotes,,83,,14.51%,,37,,44,,,2,,0,,0,,0,,
Contest Totals,,572,,100.00%,,251,,310,,,11,,0,,0,,0,,
,FOR MEMBER OF HOUSE OF DELEGATES 77TH DISTRICT,,,,,,,,,,,,,,,,,,
,Vote For 1,,,,,,,,,,,,,,,,,,
,,,TOTAL,,VOTE %,,Election Day,,Early Vote,,,Absentee,,Canvass,,Absentee After ED,,Provisional,
REP JOE STATLER,,498,,87.06%,,222,,266,,,10,,0,,0,,0,,
NO CANDIDATE(S) NOMINATED,,0,,0.00%,,0,,0,,,0,,0,,0,,0,,
NO CANDIDATE(S) NOMINATED,,0,,0.00%,,0,,0,,,0,,0,,0,,0,,
NO CANDIDATE(S) NOMINATED,,0,,0.00%,,0,,0,,,0,,0,,0,,0,,
Write-In Totals,,2,,0.35%,,1,,1,,,0,,0,,0,,0,,
Total Votes Cast,,500,,87.41%,,223,,267,,,10,,0,,0,,0,,
Overvotes,,0,,0.00%,,0,,0,,,0,,0,,0,,0,,
Undervotes,,72,,12.59%,,28,,43,,,1,,0,,0,,0,,
Contest Totals,,572,,100.00%,,251,,310,,,11,,0,,0,,0,,
,FOR COUNTY COMMISSIONER,,,,,,,,,,,,,,,,,,
,Vote For 1,,,,,,,,,,,,,,,,,,
,,,TOTAL,,VOTE %,,Election Day,,Early Vote,,,Absentee,,Canvass,,Absentee After ED,,Provisional,
REP MARYANN (BABICH) FOLZ,,367,,64.16%,,170,,191,,,6,,0,,0,,0,,
DEM TOM  BLOOM,,176,,30.77%,,67,,105,,,4,,0,,0,,0,,
NO CANDIDATE(S) NOMINATED,,0,,0.00%,,0,,0,,,0,,0,,0,,0,,
NO CANDIDATE(S) NOMINATED,,0,,0.00%,,0,,0,,,0,,0,,0,,0,,
Write-In Totals,,0,,0.00%,,0,,0,,,0,,0,,0,,0,,
Total Votes Cast,,543,,94.93%,,237,,296,,,10,,0,,0,,0,,
Overvotes,,0,,0.00%,,0,,0,,,0,,0,,0,,0,,
Undervotes,,29,,5.07%,,14,,14,,,1,,0,,0,,0,,
Contest Totals,,572,,100.00%,,251,,310,,,11,,0,,0,,0,,
Precinct Summary - 11/12/2024     2:58 PM,,,,,,,,,,106,,,,,,,,, of 258
Report generated with Electionware Copyright © 2007-2019,,,,,,,,,,,,,,,,,,,
Summary Results Report,,,,,,,,,,OFFICIAL RESULTS,,,,,,,,,
General Election,,,,,,,,,,,,,,,,,,,
"November 5, 2024",,,,,,,,,,"Monongalia County, West Virginia",,,,,,,,,
PRECINCT 40,,,,,,,,,,,,,,,,,,,
,FOR PROSECUTING ATTORNEY,,,,,,,,,,,,,,,,,,
,Vote For 1,,,,,,,,,,,,,,,,,,
,,,TOTAL,,VOTE %,,Election Day,,Early Vote,,,Absentee,,Canvass,,Absentee After ED,,Provisional,
NO CANDIDATE(S) NOMINATED,,0,,0.00%,,0,,0,,,0,,0,,0,,0,,
"DEM GABRIELLE ""GABE"" MUCCIOLA",,340,,59.44%,,158,,173,,,9,,0,,0,,0,,
NO CANDIDATE(S) NOMINATED,,0,,0.00%,,0,,0,,,0,,0,,0,,0,,
NO CANDIDATE(S) NOMINATED,,0,,0.00%,,0,,0,,,0,,0,,0,,0,,
Write-In Totals,,6,,1.05%,,4,,2,,,0,,0,,0,,0,,
Total Votes Cast,,346,,60.49%,,162,,175,,,9,,0,,0,,0,,
Overvotes,,0,,0.00%,,0,,0,,,0,,0,,0,,0,,
Undervotes,,226,,39.51%,,89,,135,,,2,,0,,0,,0,,
Contest Totals,,572,,100.00%,,251,,310,,,11,,0,,0,,0,,
,FOR SHERIFF,,,,,,,,,,,,,,,,,,
,Vote For 1,,,,,,,,,,,,,,,,,,
,,,TOTAL,,VOTE %,,Election Day,,Early Vote,,,Absentee,,Canvass,,Absentee After ED,,Provisional,
REP JASON MORGAN,,380,,66.43%,,177,,196,,,7,,0,,0,,0,,
DEM TODD FORBES,,162,,28.32%,,62,,96,,,4,,0,,0,,0,,
NO CANDIDATE(S) NOMINATED,,0,,0.00%,,0,,0,,,0,,0,,0,,0,,
NO CANDIDATE(S) NOMINATED,,0,,0.00%,,0,,0,,,0,,0,,0,,0,,
Write-In Totals,,0,,0.00%,,0,,0,,,0,,0,,0,,0,,
Total Votes Cast,,542,,94.76%,,239,,292,,,11,,0,,0,,0,,
Overvotes,,0,,0.00%,,0,,0,,,0,,0,,0,,0,,
Undervotes,,30,,5.24%,,12,,18,,,0,,0,,0,,0,,
Contest Totals,,572,,100.00%,,251,,310,,,11,,0,,0,,0,,
,FOR ASSESSOR,,,,,,,,,,,,,,,,,,
,Vote For 1,,,,,,,,,,,,,,,,,,
,,,TOTAL,,VOTE %,,Election Day,,Early Vote,,,Absentee,,Canvass,,Absentee After ED,,Provisional,
REP RICH JACOBS,,283,,49.48%,,139,,139,,,5,,0,,0,,0,,
DEM MARK A. MUSICK,,251,,43.88%,,95,,151,,,5,,0,,0,,0,,
NO CANDIDATE(S) NOMINATED,,0,,0.00%,,0,,0,,,0,,0,,0,,0,,
NO CANDIDATE(S) NOMINATED,,0,,0.00%,,0,,0,,,0,,0,,0,,0,,
Write-In Totals,,0,,0.00%,,0,,0,,,0,,0,,0,,0,,
Total Votes Cast,,534,,93.36%,,234,,290,,,10,,0,,0,,0,,
Overvotes,,0,,0.00%,,0,,0,,,0,,0,,0,,0,,
Undervotes,,38,,6.64%,,17,,20,,,1,,0,,0,,0,,
Contest Totals,,572,,100.00%,,251,,310,,,11,,0,,0,,0,,
Precinct Summary - 11/12/2024     2:58 PM,,,,,,,,,,107,,,,,,,,, of 258
Report generated with Electionware Copyright © 2007-2019,,,,,,,,,,,,,,,,,,,
Summary Results Report,,,,,,,,,,OFFICIAL RESULTS,,,,,,,,,
General Election,,,,,,,,,,,,,,,,,,,
"November 5, 2024",,,,,,,,,,"Monongalia County, West Virginia",,,,,,,,,
PRECINCT 40,,,,,,,,,,,,,,,,,,,
,FOR SURVEYOR,,,,,,,,,,,,,,,,,,
,Vote For 1,,,,,,,,,,,,,,,,,,
,,,TOTAL,,VOTE %,,Election Day,,Early Vote,,,Absentee,,Canvass,,Absentee After ED,,Provisional,
REP BOB ANDRIOTTO,,472,,82.52%,,213,,250,,,9,,0,,0,,0,,
NO CANDIDATE(S) NOMINATED,,0,,0.00%,,0,,0,,,0,,0,,0,,0,,
NO CANDIDATE(S) NOMINATED,,0,,0.00%,,0,,0,,,0,,0,,0,,0,,
NO CANDIDATE(S) NOMINATED,,0,,0.00%,,0,,0,,,0,,0,,0,,0,,
Write-In Totals,,1,,0.17%,,1,,0,,,0,,0,,0,,0,,
Total Votes Cast,,473,,82.69%,,214,,250,,,9,,0,,0,,0,,
Overvotes,,0,,0.00%,,0,,0,,,0,,0,,0,,0,,
Undervotes,,99,,17.31%,,37,,60,,,2,,0,,0,,0,,
Contest Totals,,572,,100.00%,,251,,310,,,11,,0,,0,,0,,
,AMENDMENT NO. 1,,,,,,,,,,,,,,,,,,
,Vote For 1,,,,,,,,,,,,,,,,,,
,,,TOTAL,,VOTE %,,Election Day,,Early Vote,,,Absentee,,Canvass,,Absentee After ED,,Provisional,
For,,237,,41.43%,,107,,123,,,7,,0,,0,,0,,
Against,,253,,44.23%,,106,,143,,,4,,0,,0,,0,,
Total Votes Cast,,490,,85.66%,,213,,266,,,11,,0,,0,,0,,
Overvotes,,0,,0.00%,,0,,0,,,0,,0,,0,,0,,
Undervotes,,82,,14.34%,,38,,44,,,0,,0,,0,,0,,
Contest Totals,,572,,100.00%,,251,,310,,,11,,0,,0,,0,,
Precinct Summary - 11/12/2024     2:58 PM,,,,,,,,,,108,,,,,,,,, of 258
Report generated with Electionware Copyright © 2007-2019,,,,,,,,,,,,,,,,,,,
Summary Results Report,,,,,,,,,,OFFICIAL RESULTS,,,,,,,,,
General Election,,,,,,,,,,,,,,,,,,,
"November 5, 2024",,,,,,,,,,"Monongalia County, West Virginia",,,,,,,,,
PRECINCT 44,,,,,,,,,,,,,,,,,,,
Statistics,,TOTAL,,Election Day,,Early Vote,,Absentee,,,Canvass,,Absentee After ED,,Provisional,,,,
Registered Voters - Total,,"1,330",,,,,,,,,,,,,,,,,
Ballots Cast - Total,,900,,356,,521,,19,,,0,,2,,2,,,,
Ballots Cast - Blank,,0,,0,,0,,0,,,0,,0,,0,,,,
Voter Turnout - Total,,67.67%,,,,,,,,,,,,,,,,,
,FOR PRESIDENT,,,,,,,,,,,,,,,,,,
,Vote For 1,,,,,,,,,,,,,,,,,,
,,,TOTAL,,VOTE %,,Election Day,,Early Vote,,,Absentee,,Canvass,,Absentee After ED,,Provisional,
REP DONALD J. TRUMP,,602,,66.89%,,244,,346,,,8,,0,,2,,2,,
DEM KAMALA D. HARRIS,,279,,31.00%,,103,,166,,,10,,0,,0,,0,,
LBN CHASE OLIVER,,5,,0.56%,,2,,3,,,0,,0,,0,,0,,
MTN JILL STEIN,,2,,0.22%,,2,,0,,,0,,0,,0,,0,,
IND ROBERT F. KENNEDY JR.,,8,,0.89%,,2,,5,,,1,,0,,0,,0,,
Write-In Totals,,2,,0.22%,,2,,0,,,0,,0,,0,,0,,
Total Votes Cast,,898,,99.78%,,355,,520,,,19,,0,,2,,2,,
Overvotes,,0,,0.00%,,0,,0,,,0,,0,,0,,0,,
Undervotes,,2,,0.22%,,1,,1,,,0,,0,,0,,0,,
Contest Totals,,900,,100.00%,,356,,521,,,19,,0,,2,,2,,
,FOR U.S. SENATOR,,,,,,,,,,,,,,,,,,
,Vote For 1,,,,,,,,,,,,,,,,,,
,,,TOTAL,,VOTE %,,Election Day,,Early Vote,,,Absentee,,Canvass,,Absentee After ED,,Provisional,
REP JIM JUSTICE,,577,,64.11%,,230,,334,,,9,,0,,2,,2,,
DEM GLENN ELLIOTT,,256,,28.44%,,90,,157,,,9,,0,,0,,0,,
LBN DAVID MORAN,,42,,4.67%,,27,,15,,,0,,0,,0,,0,,
NO CANDIDATE(S) NOMINATED,,0,,0.00%,,0,,0,,,0,,0,,0,,0,,
Write-In Totals,,1,,0.11%,,1,,0,,,0,,0,,0,,0,,
Total Votes Cast,,876,,97.33%,,348,,506,,,18,,0,,2,,2,,
Overvotes,,0,,0.00%,,0,,0,,,0,,0,,0,,0,,
Undervotes,,24,,2.67%,,8,,15,,,1,,0,,0,,0,,
Contest Totals,,900,,100.00%,,356,,521,,,19,,0,,2,,2,,
,FOR U.S. HOUSE OF REPS 2ND DIST,,,,,,,,,,,,,,,,,,
,Vote For 1,,,,,,,,,,,,,,,,,,
,,,TOTAL,,VOTE %,,Election Day,,Early Vote,,,Absentee,,Canvass,,Absentee After ED,,Provisional,
REP RILEY MOORE,,568,,63.11%,,234,,322,,,8,,0,,2,,2,,
DEM STEVEN WENDELIN,,252,,28.00%,,91,,152,,,9,,0,,0,,0,,
NO CANDIDATE(S) NOMINATED,,0,,0.00%,,0,,0,,,0,,0,,0,,0,,
NO CANDIDATE(S) NOMINATED,,0,,0.00%,,0,,0,,,0,,0,,0,,0,,
Write-In Totals,,1,,0.11%,,1,,0,,,0,,0,,0,,0,,
Total Votes Cast,,821,,91.22%,,326,,474,,,17,,0,,2,,2,,
Overvotes,,0,,0.00%,,0,,0,,,0,,0,,0,,0,,
Undervotes,,79,,8.78%,,30,,47,,,2,,0,,0,,0,,
Contest Totals,,900,,100.00%,,356,,521,,,19,,0,,2,,2,,
Precinct Summary - 11/12/2024     2:58 PM,,,,,,,,,,109,,,,,,,,, of 258
Report generated with Electionware Copyright © 2007-2019,,,,,,,,,,,,,,,,,,,
Summary Results Report,,,,,,,,,,OFFICIAL RESULTS,,,,,,,,,
General Election,,,,,,,,,,,,,,,,,,,
"November 5, 2024",,,,,,,,,,"Monongalia County, West Virginia",,,,,,,,,
PRECINCT 44,,,,,,,,,,,,,,,,,,,
,FOR GOVERNOR,,,,,,,,,,,,,,,,,,
,Vote For 1,,,,,,,,,,,,,,,,,,
,,,TOTAL,,VOTE %,,Election Day,,Early Vote,,,Absentee,,Canvass,,Absentee After ED,,Provisional,
REP PATRICK MORRISEY,,518,,57.56%,,210,,297,,,8,,0,,1,,2,,
DEM STEVE WILLIAMS,,287,,31.89%,,108,,172,,,7,,0,,0,,0,,
LBN ERIKA KLIE KOLENICH,,31,,3.44%,,14,,15,,,1,,0,,1,,0,,
MTN CHASE LINKO-LOOPER,,8,,0.89%,,6,,1,,,1,,0,,0,,0,,
CST S. MARSHALL WILSON,,9,,1.00%,,3,,6,,,0,,0,,0,,0,,
Write-In Totals,,0,,0.00%,,0,,0,,,0,,0,,0,,0,,
Total Votes Cast,,853,,94.78%,,341,,491,,,17,,0,,2,,2,,
Overvotes,,0,,0.00%,,0,,0,,,0,,0,,0,,0,,
Undervotes,,47,,5.22%,,15,,30,,,2,,0,,0,,0,,
Contest Totals,,900,,100.00%,,356,,521,,,19,,0,,2,,2,,
,FOR SECRETARY OF STATE,,,,,,,,,,,,,,,,,,
,Vote For 1,,,,,,,,,,,,,,,,,,
,,,TOTAL,,VOTE %,,Election Day,,Early Vote,,,Absentee,,Canvass,,Absentee After ED,,Provisional,
REP KRIS WARNER,,574,,63.78%,,240,,322,,,8,,0,,2,,2,,
DEM THORNTON COOPER,,266,,29.56%,,91,,165,,,10,,0,,0,,0,,
NO CANDIDATE(S) NOMINATED,,0,,0.00%,,0,,0,,,0,,0,,0,,0,,
NO CANDIDATE(S) NOMINATED,,0,,0.00%,,0,,0,,,0,,0,,0,,0,,
Write-In Totals,,1,,0.11%,,1,,0,,,0,,0,,0,,0,,
Total Votes Cast,,841,,93.44%,,332,,487,,,18,,0,,2,,2,,
Overvotes,,0,,0.00%,,0,,0,,,0,,0,,0,,0,,
Undervotes,,59,,6.56%,,24,,34,,,1,,0,,0,,0,,
Contest Totals,,900,,100.00%,,356,,521,,,19,,0,,2,,2,,
,FOR AUDITOR,,,,,,,,,,,,,,,,,,
,Vote For 1,,,,,,,,,,,,,,,,,,
,,,TOTAL,,VOTE %,,Election Day,,Early Vote,,,Absentee,,Canvass,,Absentee After ED,,Provisional,
REP MARK HUNT,,542,,60.22%,,216,,314,,,8,,0,,2,,2,,
DEM MARY ANN ROEBUCK CLAYTOR,,283,,31.44%,,111,,162,,,10,,0,,0,,0,,
NO CANDIDATE(S) NOMINATED,,0,,0.00%,,0,,0,,,0,,0,,0,,0,,
NO CANDIDATE(S) NOMINATED,,0,,0.00%,,0,,0,,,0,,0,,0,,0,,
Write-In Totals,,0,,0.00%,,0,,0,,,0,,0,,0,,0,,
Total Votes Cast,,825,,91.67%,,327,,476,,,18,,0,,2,,2,,
Overvotes,,0,,0.00%,,0,,0,,,0,,0,,0,,0,,
Undervotes,,75,,8.33%,,29,,45,,,1,,0,,0,,0,,
Contest Totals,,900,,100.00%,,356,,521,,,19,,0,,2,,2,,
Precinct Summary - 11/12/2024     2:58 PM,,,,,,,,,,110,,,,,,,,, of 258
Report generated with Electionware Copyright © 2007-2019,,,,,,,,,,,,,,,,,,,
Summary Results Report,,,,,,,,,,OFFICIAL RESULTS,,,,,,,,,
General Election,,,,,,,,,,,,,,,,,,,
"November 5, 2024",,,,,,,,,,"Monongalia County, West Virginia",,,,,,,,,
PRECINCT 44,,,,,,,,,,,,,,,,,,,
,FOR TREASURER,,,,,,,,,,,,,,,,,,
,Vote For 1,,,,,,,,,,,,,,,,,,
,,,TOTAL,,VOTE %,,Election Day,,Early Vote,,,Absentee,,Canvass,,Absentee After ED,,Provisional,
REP LARRY PACK,,698,,77.56%,,289,,394,,,11,,0,,2,,2,,
NO CANDIDATE(S) NOMINATED,,0,,0.00%,,0,,0,,,0,,0,,0,,0,,
NO CANDIDATE(S) NOMINATED,,0,,0.00%,,0,,0,,,0,,0,,0,,0,,
NO CANDIDATE(S) NOMINATED,,0,,0.00%,,0,,0,,,0,,0,,0,,0,,
Write-In Totals,,11,,1.22%,,7,,4,,,0,,0,,0,,0,,
Total Votes Cast,,709,,78.78%,,296,,398,,,11,,0,,2,,2,,
Overvotes,,0,,0.00%,,0,,0,,,0,,0,,0,,0,,
Undervotes,,191,,21.22%,,60,,123,,,8,,0,,0,,0,,
Contest Totals,,900,,100.00%,,356,,521,,,19,,0,,2,,2,,
,FOR COMMISSIONER OF AGRICULTURE,,,,,,,,,,,,,,,,,,
,Vote For 1,,,,,,,,,,,,,,,,,,
,,,TOTAL,,VOTE %,,Election Day,,Early Vote,,,Absentee,,Canvass,,Absentee After ED,,Provisional,
REP KENT LEONHARDT,,589,,65.44%,,236,,338,,,11,,0,,2,,2,,
DEM DEBORAH STILES,,242,,26.89%,,93,,142,,,7,,0,,0,,0,,
NO CANDIDATE(S) NOMINATED,,0,,0.00%,,0,,0,,,0,,0,,0,,0,,
NO CANDIDATE(S) NOMINATED,,0,,0.00%,,0,,0,,,0,,0,,0,,0,,
Write-In Totals,,0,,0.00%,,0,,0,,,0,,0,,0,,0,,
Total Votes Cast,,831,,92.33%,,329,,480,,,18,,0,,2,,2,,
Overvotes,,0,,0.00%,,0,,0,,,0,,0,,0,,0,,
Undervotes,,69,,7.67%,,27,,41,,,1,,0,,0,,0,,
Contest Totals,,900,,100.00%,,356,,521,,,19,,0,,2,,2,,
,FOR ATTORNEY GENERAL,,,,,,,,,,,,,,,,,,
,Vote For 1,,,,,,,,,,,,,,,,,,
,,,TOTAL,,VOTE %,,Election Day,,Early Vote,,,Absentee,,Canvass,,Absentee After ED,,Provisional,
"REP JOHN ""JB"" McCUSKEY",,537,,59.67%,,221,,306,,,6,,0,,2,,2,,
DEM TERESA TORISEVA,,292,,32.44%,,108,,173,,,11,,0,,0,,0,,
NO CANDIDATE(S) NOMINATED,,0,,0.00%,,0,,0,,,0,,0,,0,,0,,
NO CANDIDATE(S) NOMINATED,,0,,0.00%,,0,,0,,,0,,0,,0,,0,,
Write-In Totals,,1,,0.11%,,1,,0,,,0,,0,,0,,0,,
Total Votes Cast,,830,,92.22%,,330,,479,,,17,,0,,2,,2,,
Overvotes,,0,,0.00%,,0,,0,,,0,,0,,0,,0,,
Undervotes,,70,,7.78%,,26,,42,,,2,,0,,0,,0,,
Contest Totals,,900,,100.00%,,356,,521,,,19,,0,,2,,2,,
Precinct Summary - 11/12/2024     2:58 PM,,,,,,,,,,111,,,,,,,,, of 258
Report generated with Electionware Copyright © 2007-2019,,,,,,,,,,,,,,,,,,,
Summary Results Report,,,,,,,,,,OFFICIAL RESULTS,,,,,,,,,
General Election,,,,,,,,,,,,,,,,,,,
"November 5, 2024",,,,,,,,,,"Monongalia County, West Virginia",,,,,,,,,
PRECINCT 44,,,,,,,,,,,,,,,,,,,
,FOR STATE SENATOR 2ND DISTRICT,,,,,,,,,,,,,,,,,,
,Vote For 1,,,,,,,,,,,,,,,,,,
,,,TOTAL,,VOTE %,,Election Day,,Early Vote,,,Absentee,,Canvass,,Absentee After ED,,Provisional,
REP CHRIS ROSE,,727,,80.78%,,294,,416,,,13,,0,,2,,2,,
NO CANDIDATE(S) NOMINATED,,0,,0.00%,,0,,0,,,0,,0,,0,,0,,
NO CANDIDATE(S) NOMINATED,,0,,0.00%,,0,,0,,,0,,0,,0,,0,,
NO CANDIDATE(S) NOMINATED,,0,,0.00%,,0,,0,,,0,,0,,0,,0,,
Write-In Totals,,7,,0.78%,,4,,3,,,0,,0,,0,,0,,
Total Votes Cast,,734,,81.56%,,298,,419,,,13,,0,,2,,2,,
Overvotes,,0,,0.00%,,0,,0,,,0,,0,,0,,0,,
Undervotes,,166,,18.44%,,58,,102,,,6,,0,,0,,0,,
Contest Totals,,900,,100.00%,,356,,521,,,19,,0,,2,,2,,
,FOR MEMBER OF HOUSE OF DELEGATES 77TH DISTRICT,,,,,,,,,,,,,,,,,,
,Vote For 1,,,,,,,,,,,,,,,,,,
,,,TOTAL,,VOTE %,,Election Day,,Early Vote,,,Absentee,,Canvass,,Absentee After ED,,Provisional,
REP JOE STATLER,,716,,79.56%,,297,,404,,,12,,0,,2,,1,,
NO CANDIDATE(S) NOMINATED,,0,,0.00%,,0,,0,,,0,,0,,0,,0,,
NO CANDIDATE(S) NOMINATED,,0,,0.00%,,0,,0,,,0,,0,,0,,0,,
NO CANDIDATE(S) NOMINATED,,0,,0.00%,,0,,0,,,0,,0,,0,,0,,
Write-In Totals,,5,,0.56%,,3,,2,,,0,,0,,0,,0,,
Total Votes Cast,,721,,80.11%,,300,,406,,,12,,0,,2,,1,,
Overvotes,,0,,0.00%,,0,,0,,,0,,0,,0,,0,,
Undervotes,,179,,19.89%,,56,,115,,,7,,0,,0,,1,,
Contest Totals,,900,,100.00%,,356,,521,,,19,,0,,2,,2,,
,FOR COUNTY COMMISSIONER,,,,,,,,,,,,,,,,,,
,Vote For 1,,,,,,,,,,,,,,,,,,
,,,TOTAL,,VOTE %,,Election Day,,Early Vote,,,Absentee,,Canvass,,Absentee After ED,,Provisional,
REP MARYANN (BABICH) FOLZ,,485,,53.89%,,195,,282,,,4,,0,,2,,2,,
DEM TOM  BLOOM,,363,,40.33%,,141,,208,,,14,,0,,0,,0,,
NO CANDIDATE(S) NOMINATED,,0,,0.00%,,0,,0,,,0,,0,,0,,0,,
NO CANDIDATE(S) NOMINATED,,0,,0.00%,,0,,0,,,0,,0,,0,,0,,
Write-In Totals,,0,,0.00%,,0,,0,,,0,,0,,0,,0,,
Total Votes Cast,,848,,94.22%,,336,,490,,,18,,0,,2,,2,,
Overvotes,,0,,0.00%,,0,,0,,,0,,0,,0,,0,,
Undervotes,,52,,5.78%,,20,,31,,,1,,0,,0,,0,,
Contest Totals,,900,,100.00%,,356,,521,,,19,,0,,2,,2,,
Precinct Summary - 11/12/2024     2:58 PM,,,,,,,,,,112,,,,,,,,, of 258
Report generated with Electionware Copyright © 2007-2019,,,,,,,,,,,,,,,,,,,
Summary Results Report,,,,,,,,,,OFFICIAL RESULTS,,,,,,,,,
General Election,,,,,,,,,,,,,,,,,,,
"November 5, 2024",,,,,,,,,,"Monongalia County, West Virginia",,,,,,,,,
PRECINCT 44,,,,,,,,,,,,,,,,,,,
,FOR PROSECUTING ATTORNEY,,,,,,,,,,,,,,,,,,
,Vote For 1,,,,,,,,,,,,,,,,,,
,,,TOTAL,,VOTE %,,Election Day,,Early Vote,,,Absentee,,Canvass,,Absentee After ED,,Provisional,
NO CANDIDATE(S) NOMINATED,,0,,0.00%,,0,,0,,,0,,0,,0,,0,,
"DEM GABRIELLE ""GABE"" MUCCIOLA",,595,,66.11%,,249,,330,,,15,,0,,1,,0,,
NO CANDIDATE(S) NOMINATED,,0,,0.00%,,0,,0,,,0,,0,,0,,0,,
NO CANDIDATE(S) NOMINATED,,0,,0.00%,,0,,0,,,0,,0,,0,,0,,
Write-In Totals,,15,,1.67%,,6,,9,,,0,,0,,0,,0,,
Total Votes Cast,,610,,67.78%,,255,,339,,,15,,0,,1,,0,,
Overvotes,,0,,0.00%,,0,,0,,,0,,0,,0,,0,,
Undervotes,,290,,32.22%,,101,,182,,,4,,0,,1,,2,,
Contest Totals,,900,,100.00%,,356,,521,,,19,,0,,2,,2,,
,FOR SHERIFF,,,,,,,,,,,,,,,,,,
,Vote For 1,,,,,,,,,,,,,,,,,,
,,,TOTAL,,VOTE %,,Election Day,,Early Vote,,,Absentee,,Canvass,,Absentee After ED,,Provisional,
REP JASON MORGAN,,482,,53.56%,,194,,279,,,6,,0,,1,,2,,
DEM TODD FORBES,,375,,41.67%,,147,,216,,,11,,0,,1,,0,,
NO CANDIDATE(S) NOMINATED,,0,,0.00%,,0,,0,,,0,,0,,0,,0,,
NO CANDIDATE(S) NOMINATED,,0,,0.00%,,0,,0,,,0,,0,,0,,0,,
Write-In Totals,,0,,0.00%,,0,,0,,,0,,0,,0,,0,,
Total Votes Cast,,857,,95.22%,,341,,495,,,17,,0,,2,,2,,
Overvotes,,0,,0.00%,,0,,0,,,0,,0,,0,,0,,
Undervotes,,43,,4.78%,,15,,26,,,2,,0,,0,,0,,
Contest Totals,,900,,100.00%,,356,,521,,,19,,0,,2,,2,,
,FOR ASSESSOR,,,,,,,,,,,,,,,,,,
,Vote For 1,,,,,,,,,,,,,,,,,,
,,,TOTAL,,VOTE %,,Election Day,,Early Vote,,,Absentee,,Canvass,,Absentee After ED,,Provisional,
REP RICH JACOBS,,438,,48.67%,,183,,247,,,4,,0,,2,,2,,
DEM MARK A. MUSICK,,412,,45.78%,,157,,243,,,12,,0,,0,,0,,
NO CANDIDATE(S) NOMINATED,,0,,0.00%,,0,,0,,,0,,0,,0,,0,,
NO CANDIDATE(S) NOMINATED,,0,,0.00%,,0,,0,,,0,,0,,0,,0,,
Write-In Totals,,1,,0.11%,,1,,0,,,0,,0,,0,,0,,
Total Votes Cast,,851,,94.56%,,341,,490,,,16,,0,,2,,2,,
Overvotes,,0,,0.00%,,0,,0,,,0,,0,,0,,0,,
Undervotes,,49,,5.44%,,15,,31,,,3,,0,,0,,0,,
Contest Totals,,900,,100.00%,,356,,521,,,19,,0,,2,,2,,
Precinct Summary - 11/12/2024     2:58 PM,,,,,,,,,,113,,,,,,,,, of 258
Report generated with Electionware Copyright © 2007-2019,,,,,,,,,,,,,,,,,,,
Summary Results Report,,,,,,,,,,OFFICIAL RESULTS,,,,,,,,,
General Election,,,,,,,,,,,,,,,,,,,
"November 5, 2024",,,,,,,,,,"Monongalia County, West Virginia",,,,,,,,,
PRECINCT 44,,,,,,,,,,,,,,,,,,,
,FOR SURVEYOR,,,,,,,,,,,,,,,,,,
,Vote For 1,,,,,,,,,,,,,,,,,,
,,,TOTAL,,VOTE %,,Election Day,,Early Vote,,,Absentee,,Canvass,,Absentee After ED,,Provisional,
REP BOB ANDRIOTTO,,709,,78.78%,,289,,405,,,11,,0,,2,,2,,
NO CANDIDATE(S) NOMINATED,,0,,0.00%,,0,,0,,,0,,0,,0,,0,,
NO CANDIDATE(S) NOMINATED,,0,,0.00%,,0,,0,,,0,,0,,0,,0,,
NO CANDIDATE(S) NOMINATED,,0,,0.00%,,0,,0,,,0,,0,,0,,0,,
Write-In Totals,,7,,0.78%,,5,,2,,,0,,0,,0,,0,,
Total Votes Cast,,716,,79.56%,,294,,407,,,11,,0,,2,,2,,
Overvotes,,0,,0.00%,,0,,0,,,0,,0,,0,,0,,
Undervotes,,184,,20.44%,,62,,114,,,8,,0,,0,,0,,
Contest Totals,,900,,100.00%,,356,,521,,,19,,0,,2,,2,,
,AMENDMENT NO. 1,,,,,,,,,,,,,,,,,,
,Vote For 1,,,,,,,,,,,,,,,,,,
,,,TOTAL,,VOTE %,,Election Day,,Early Vote,,,Absentee,,Canvass,,Absentee After ED,,Provisional,
For,,367,,40.78%,,153,,204,,,9,,0,,1,,0,,
Against,,415,,46.11%,,159,,249,,,5,,0,,1,,1,,
Total Votes Cast,,782,,86.89%,,312,,453,,,14,,0,,2,,1,,
Overvotes,,0,,0.00%,,0,,0,,,0,,0,,0,,0,,
Undervotes,,118,,13.11%,,44,,68,,,5,,0,,0,,1,,
Contest Totals,,900,,100.00%,,356,,521,,,19,,0,,2,,2,,
Precinct Summary - 11/12/2024     2:58 PM,,,,,,,,,,114,,,,,,,,, of 258
Report generated with Electionware Copyright © 2007-2019,,,,,,,,,,,,,,,,,,,
Summary Results Report,,,,,,,,,,OFFICIAL RESULTS,,,,,,,,,
General Election,,,,,,,,,,,,,,,,,,,
"November 5, 2024",,,,,,,,,,"Monongalia County, West Virginia",,,,,,,,,
PRECINCT 47,,,,,,,,,,,,,,,,,,,
Statistics,,TOTAL,,Election Day,,Early Vote,,Absentee,,,Canvass,,Absentee After ED,,Provisional,,,,
Registered Voters - Total,,"1,440",,,,,,,,,,,,,,,,,
Ballots Cast - Total,,978,,457,,499,,19,,,0,,2,,1,,,,
Ballots Cast - Blank,,0,,0,,0,,0,,,0,,0,,0,,,,
Voter Turnout - Total,,67.92%,,,,,,,,,,,,,,,,,
,FOR PRESIDENT,,,,,,,,,,,,,,,,,,
,Vote For 1,,,,,,,,,,,,,,,,,,
,,,TOTAL,,VOTE %,,Election Day,,Early Vote,,,Absentee,,Canvass,,Absentee After ED,,Provisional,
REP DONALD J. TRUMP,,609,,62.27%,,291,,311,,,5,,0,,1,,1,,
DEM KAMALA D. HARRIS,,344,,35.17%,,150,,179,,,14,,0,,1,,0,,
LBN CHASE OLIVER,,0,,0.00%,,0,,0,,,0,,0,,0,,0,,
MTN JILL STEIN,,3,,0.31%,,3,,0,,,0,,0,,0,,0,,
IND ROBERT F. KENNEDY JR.,,14,,1.43%,,11,,3,,,0,,0,,0,,0,,
Write-In Totals,,4,,0.41%,,0,,4,,,0,,0,,0,,0,,
Total Votes Cast,,974,,99.59%,,455,,497,,,19,,0,,2,,1,,
Overvotes,,0,,0.00%,,0,,0,,,0,,0,,0,,0,,
Undervotes,,4,,0.41%,,2,,2,,,0,,0,,0,,0,,
Contest Totals,,978,,100.00%,,457,,499,,,19,,0,,2,,1,,
,FOR U.S. SENATOR,,,,,,,,,,,,,,,,,,
,Vote For 1,,,,,,,,,,,,,,,,,,
,,,TOTAL,,VOTE %,,Election Day,,Early Vote,,,Absentee,,Canvass,,Absentee After ED,,Provisional,
REP JIM JUSTICE,,592,,60.53%,,287,,297,,,6,,0,,1,,1,,
DEM GLENN ELLIOTT,,308,,31.49%,,126,,168,,,13,,0,,1,,0,,
LBN DAVID MORAN,,51,,5.21%,,30,,21,,,0,,0,,0,,0,,
NO CANDIDATE(S) NOMINATED,,0,,0.00%,,0,,0,,,0,,0,,0,,0,,
Write-In Totals,,1,,0.10%,,1,,0,,,0,,0,,0,,0,,
Total Votes Cast,,952,,97.34%,,444,,486,,,19,,0,,2,,1,,
Overvotes,,0,,0.00%,,0,,0,,,0,,0,,0,,0,,
Undervotes,,26,,2.66%,,13,,13,,,0,,0,,0,,0,,
Contest Totals,,978,,100.00%,,457,,499,,,19,,0,,2,,1,,
,FOR U.S. HOUSE OF REPS 2ND DIST,,,,,,,,,,,,,,,,,,
,Vote For 1,,,,,,,,,,,,,,,,,,
,,,TOTAL,,VOTE %,,Election Day,,Early Vote,,,Absentee,,Canvass,,Absentee After ED,,Provisional,
REP RILEY MOORE,,609,,62.27%,,295,,307,,,5,,0,,1,,1,,
DEM STEVEN WENDELIN,,311,,31.80%,,132,,164,,,14,,0,,1,,0,,
NO CANDIDATE(S) NOMINATED,,0,,0.00%,,0,,0,,,0,,0,,0,,0,,
NO CANDIDATE(S) NOMINATED,,0,,0.00%,,0,,0,,,0,,0,,0,,0,,
Write-In Totals,,0,,0.00%,,0,,0,,,0,,0,,0,,0,,
Total Votes Cast,,920,,94.07%,,427,,471,,,19,,0,,2,,1,,
Overvotes,,0,,0.00%,,0,,0,,,0,,0,,0,,0,,
Undervotes,,58,,5.93%,,30,,28,,,0,,0,,0,,0,,
Contest Totals,,978,,100.00%,,457,,499,,,19,,0,,2,,1,,
Precinct Summary - 11/12/2024     2:58 PM,,,,,,,,,,115,,,,,,,,, of 258
Report generated with Electionware Copyright © 2007-2019,,,,,,,,,,,,,,,,,,,
Summary Results Report,,,,,,,,,,OFFICIAL RESULTS,,,,,,,,,
General Election,,,,,,,,,,,,,,,,,,,
"November 5, 2024",,,,,,,,,,"Monongalia County, West Virginia",,,,,,,,,
PRECINCT 47,,,,,,,,,,,,,,,,,,,
,FOR GOVERNOR,,,,,,,,,,,,,,,,,,
,Vote For 1,,,,,,,,,,,,,,,,,,
,,,TOTAL,,VOTE %,,Election Day,,Early Vote,,,Absentee,,Canvass,,Absentee After ED,,Provisional,
REP PATRICK MORRISEY,,565,,57.77%,,273,,285,,,5,,0,,1,,1,,
DEM STEVE WILLIAMS,,324,,33.13%,,137,,172,,,14,,0,,1,,0,,
LBN ERIKA KLIE KOLENICH,,32,,3.27%,,17,,15,,,0,,0,,0,,0,,
MTN CHASE LINKO-LOOPER,,7,,0.72%,,5,,2,,,0,,0,,0,,0,,
CST S. MARSHALL WILSON,,8,,0.82%,,3,,5,,,0,,0,,0,,0,,
Write-In Totals,,1,,0.10%,,1,,0,,,0,,0,,0,,0,,
Total Votes Cast,,937,,95.81%,,436,,479,,,19,,0,,2,,1,,
Overvotes,,0,,0.00%,,0,,0,,,0,,0,,0,,0,,
Undervotes,,41,,4.19%,,21,,20,,,0,,0,,0,,0,,
Contest Totals,,978,,100.00%,,457,,499,,,19,,0,,2,,1,,
,FOR SECRETARY OF STATE,,,,,,,,,,,,,,,,,,
,Vote For 1,,,,,,,,,,,,,,,,,,
,,,TOTAL,,VOTE %,,Election Day,,Early Vote,,,Absentee,,Canvass,,Absentee After ED,,Provisional,
REP KRIS WARNER,,592,,60.53%,,291,,293,,,6,,0,,1,,1,,
DEM THORNTON COOPER,,321,,32.82%,,131,,176,,,13,,0,,1,,0,,
NO CANDIDATE(S) NOMINATED,,0,,0.00%,,0,,0,,,0,,0,,0,,0,,
NO CANDIDATE(S) NOMINATED,,0,,0.00%,,0,,0,,,0,,0,,0,,0,,
Write-In Totals,,0,,0.00%,,0,,0,,,0,,0,,0,,0,,
Total Votes Cast,,913,,93.35%,,422,,469,,,19,,0,,2,,1,,
Overvotes,,0,,0.00%,,0,,0,,,0,,0,,0,,0,,
Undervotes,,65,,6.65%,,35,,30,,,0,,0,,0,,0,,
Contest Totals,,978,,100.00%,,457,,499,,,19,,0,,2,,1,,
,FOR AUDITOR,,,,,,,,,,,,,,,,,,
,Vote For 1,,,,,,,,,,,,,,,,,,
,,,TOTAL,,VOTE %,,Election Day,,Early Vote,,,Absentee,,Canvass,,Absentee After ED,,Provisional,
REP MARK HUNT,,569,,58.18%,,273,,289,,,5,,0,,1,,1,,
DEM MARY ANN ROEBUCK CLAYTOR,,339,,34.66%,,149,,175,,,14,,0,,1,,0,,
NO CANDIDATE(S) NOMINATED,,0,,0.00%,,0,,0,,,0,,0,,0,,0,,
NO CANDIDATE(S) NOMINATED,,0,,0.00%,,0,,0,,,0,,0,,0,,0,,
Write-In Totals,,0,,0.00%,,0,,0,,,0,,0,,0,,0,,
Total Votes Cast,,908,,92.84%,,422,,464,,,19,,0,,2,,1,,
Overvotes,,0,,0.00%,,0,,0,,,0,,0,,0,,0,,
Undervotes,,70,,7.16%,,35,,35,,,0,,0,,0,,0,,
Contest Totals,,978,,100.00%,,457,,499,,,19,,0,,2,,1,,
Precinct Summary - 11/12/2024     2:58 PM,,,,,,,,,,116,,,,,,,,, of 258
Report generated with Electionware Copyright © 2007-2019,,,,,,,,,,,,,,,,,,,
Summary Results Report,,,,,,,,,,OFFICIAL RESULTS,,,,,,,,,
General Election,,,,,,,,,,,,,,,,,,,
"November 5, 2024",,,,,,,,,,"Monongalia County, West Virginia",,,,,,,,,
PRECINCT 47,,,,,,,,,,,,,,,,,,,
,FOR TREASURER,,,,,,,,,,,,,,,,,,
,Vote For 1,,,,,,,,,,,,,,,,,,
,,,TOTAL,,VOTE %,,Election Day,,Early Vote,,,Absentee,,Canvass,,Absentee After ED,,Provisional,
REP LARRY PACK,,760,,77.71%,,361,,385,,,11,,0,,2,,1,,
NO CANDIDATE(S) NOMINATED,,0,,0.00%,,0,,0,,,0,,0,,0,,0,,
NO CANDIDATE(S) NOMINATED,,0,,0.00%,,0,,0,,,0,,0,,0,,0,,
NO CANDIDATE(S) NOMINATED,,0,,0.00%,,0,,0,,,0,,0,,0,,0,,
Write-In Totals,,9,,0.92%,,5,,4,,,0,,0,,0,,0,,
Total Votes Cast,,769,,78.63%,,366,,389,,,11,,0,,2,,1,,
Overvotes,,0,,0.00%,,0,,0,,,0,,0,,0,,0,,
Undervotes,,209,,21.37%,,91,,110,,,8,,0,,0,,0,,
Contest Totals,,978,,100.00%,,457,,499,,,19,,0,,2,,1,,
,FOR COMMISSIONER OF AGRICULTURE,,,,,,,,,,,,,,,,,,
,Vote For 1,,,,,,,,,,,,,,,,,,
,,,TOTAL,,VOTE %,,Election Day,,Early Vote,,,Absentee,,Canvass,,Absentee After ED,,Provisional,
REP KENT LEONHARDT,,593,,60.63%,,279,,307,,,5,,0,,1,,1,,
DEM DEBORAH STILES,,322,,32.92%,,142,,165,,,14,,0,,1,,0,,
NO CANDIDATE(S) NOMINATED,,0,,0.00%,,0,,0,,,0,,0,,0,,0,,
NO CANDIDATE(S) NOMINATED,,0,,0.00%,,0,,0,,,0,,0,,0,,0,,
Write-In Totals,,0,,0.00%,,0,,0,,,0,,0,,0,,0,,
Total Votes Cast,,915,,93.56%,,421,,472,,,19,,0,,2,,1,,
Overvotes,,0,,0.00%,,0,,0,,,0,,0,,0,,0,,
Undervotes,,63,,6.44%,,36,,27,,,0,,0,,0,,0,,
Contest Totals,,978,,100.00%,,457,,499,,,19,,0,,2,,1,,
,FOR ATTORNEY GENERAL,,,,,,,,,,,,,,,,,,
,Vote For 1,,,,,,,,,,,,,,,,,,
,,,TOTAL,,VOTE %,,Election Day,,Early Vote,,,Absentee,,Canvass,,Absentee After ED,,Provisional,
"REP JOHN ""JB"" McCUSKEY",,573,,58.59%,,279,,287,,,5,,0,,1,,1,,
DEM TERESA TORISEVA,,337,,34.46%,,141,,182,,,13,,0,,1,,0,,
NO CANDIDATE(S) NOMINATED,,0,,0.00%,,0,,0,,,0,,0,,0,,0,,
NO CANDIDATE(S) NOMINATED,,0,,0.00%,,0,,0,,,0,,0,,0,,0,,
Write-In Totals,,0,,0.00%,,0,,0,,,0,,0,,0,,0,,
Total Votes Cast,,910,,93.05%,,420,,469,,,18,,0,,2,,1,,
Overvotes,,0,,0.00%,,0,,0,,,0,,0,,0,,0,,
Undervotes,,68,,6.95%,,37,,30,,,1,,0,,0,,0,,
Contest Totals,,978,,100.00%,,457,,499,,,19,,0,,2,,1,,
Precinct Summary - 11/12/2024     2:58 PM,,,,,,,,,,117,,,,,,,,, of 258
Report generated with Electionware Copyright © 2007-2019,,,,,,,,,,,,,,,,,,,
Summary Results Report,,,,,,,,,,OFFICIAL RESULTS,,,,,,,,,
General Election,,,,,,,,,,,,,,,,,,,
"November 5, 2024",,,,,,,,,,"Monongalia County, West Virginia",,,,,,,,,
PRECINCT 47,,,,,,,,,,,,,,,,,,,
,FOR STATE SENATOR 2ND DISTRICT,,,,,,,,,,,,,,,,,,
,Vote For 1,,,,,,,,,,,,,,,,,,
,,,TOTAL,,VOTE %,,Election Day,,Early Vote,,,Absentee,,Canvass,,Absentee After ED,,Provisional,
REP CHRIS ROSE,,787,,80.47%,,379,,393,,,12,,0,,2,,1,,
NO CANDIDATE(S) NOMINATED,,0,,0.00%,,0,,0,,,0,,0,,0,,0,,
NO CANDIDATE(S) NOMINATED,,0,,0.00%,,0,,0,,,0,,0,,0,,0,,
NO CANDIDATE(S) NOMINATED,,0,,0.00%,,0,,0,,,0,,0,,0,,0,,
Write-In Totals,,10,,1.02%,,3,,7,,,0,,0,,0,,0,,
Total Votes Cast,,797,,81.49%,,382,,400,,,12,,0,,2,,1,,
Overvotes,,0,,0.00%,,0,,0,,,0,,0,,0,,0,,
Undervotes,,181,,18.51%,,75,,99,,,7,,0,,0,,0,,
Contest Totals,,978,,100.00%,,457,,499,,,19,,0,,2,,1,,
,FOR MEMBER OF HOUSE OF DELEGATES 77TH DISTRICT,,,,,,,,,,,,,,,,,,
,Vote For 1,,,,,,,,,,,,,,,,,,
,,,TOTAL,,VOTE %,,Election Day,,Early Vote,,,Absentee,,Canvass,,Absentee After ED,,Provisional,
REP JOE STATLER,,804,,82.21%,,386,,403,,,12,,0,,2,,1,,
NO CANDIDATE(S) NOMINATED,,0,,0.00%,,0,,0,,,0,,0,,0,,0,,
NO CANDIDATE(S) NOMINATED,,0,,0.00%,,0,,0,,,0,,0,,0,,0,,
NO CANDIDATE(S) NOMINATED,,0,,0.00%,,0,,0,,,0,,0,,0,,0,,
Write-In Totals,,5,,0.51%,,4,,1,,,0,,0,,0,,0,,
Total Votes Cast,,809,,82.72%,,390,,404,,,12,,0,,2,,1,,
Overvotes,,0,,0.00%,,0,,0,,,0,,0,,0,,0,,
Undervotes,,169,,17.28%,,67,,95,,,7,,0,,0,,0,,
Contest Totals,,978,,100.00%,,457,,499,,,19,,0,,2,,1,,
,FOR COUNTY COMMISSIONER,,,,,,,,,,,,,,,,,,
,Vote For 1,,,,,,,,,,,,,,,,,,
,,,TOTAL,,VOTE %,,Election Day,,Early Vote,,,Absentee,,Canvass,,Absentee After ED,,Provisional,
REP MARYANN (BABICH) FOLZ,,520,,53.17%,,247,,267,,,5,,0,,1,,0,,
DEM TOM  BLOOM,,412,,42.13%,,190,,206,,,14,,0,,1,,1,,
NO CANDIDATE(S) NOMINATED,,0,,0.00%,,0,,0,,,0,,0,,0,,0,,
NO CANDIDATE(S) NOMINATED,,0,,0.00%,,0,,0,,,0,,0,,0,,0,,
Write-In Totals,,0,,0.00%,,0,,0,,,0,,0,,0,,0,,
Total Votes Cast,,932,,95.30%,,437,,473,,,19,,0,,2,,1,,
Overvotes,,0,,0.00%,,0,,0,,,0,,0,,0,,0,,
Undervotes,,46,,4.70%,,20,,26,,,0,,0,,0,,0,,
Contest Totals,,978,,100.00%,,457,,499,,,19,,0,,2,,1,,
Precinct Summary - 11/12/2024     2:58 PM,,,,,,,,,,118,,,,,,,,, of 258
Report generated with Electionware Copyright © 2007-2019,,,,,,,,,,,,,,,,,,,
Summary Results Report,,,,,,,,,,OFFICIAL RESULTS,,,,,,,,,
General Election,,,,,,,,,,,,,,,,,,,
"November 5, 2024",,,,,,,,,,"Monongalia County, West Virginia",,,,,,,,,
PRECINCT 47,,,,,,,,,,,,,,,,,,,
,FOR PROSECUTING ATTORNEY,,,,,,,,,,,,,,,,,,
,Vote For 1,,,,,,,,,,,,,,,,,,
,,,TOTAL,,VOTE %,,Election Day,,Early Vote,,,Absentee,,Canvass,,Absentee After ED,,Provisional,
NO CANDIDATE(S) NOMINATED,,0,,0.00%,,0,,0,,,0,,0,,0,,0,,
"DEM GABRIELLE ""GABE"" MUCCIOLA",,676,,69.12%,,328,,332,,,15,,0,,1,,0,,
NO CANDIDATE(S) NOMINATED,,0,,0.00%,,0,,0,,,0,,0,,0,,0,,
NO CANDIDATE(S) NOMINATED,,0,,0.00%,,0,,0,,,0,,0,,0,,0,,
Write-In Totals,,12,,1.23%,,6,,6,,,0,,0,,0,,0,,
Total Votes Cast,,688,,70.35%,,334,,338,,,15,,0,,1,,0,,
Overvotes,,0,,0.00%,,0,,0,,,0,,0,,0,,0,,
Undervotes,,290,,29.65%,,123,,161,,,4,,0,,1,,1,,
Contest Totals,,978,,100.00%,,457,,499,,,19,,0,,2,,1,,
,FOR SHERIFF,,,,,,,,,,,,,,,,,,
,Vote For 1,,,,,,,,,,,,,,,,,,
,,,TOTAL,,VOTE %,,Election Day,,Early Vote,,,Absentee,,Canvass,,Absentee After ED,,Provisional,
REP JASON MORGAN,,456,,46.63%,,224,,227,,,5,,0,,0,,0,,
DEM TODD FORBES,,478,,48.88%,,214,,248,,,13,,0,,2,,1,,
NO CANDIDATE(S) NOMINATED,,0,,0.00%,,0,,0,,,0,,0,,0,,0,,
NO CANDIDATE(S) NOMINATED,,0,,0.00%,,0,,0,,,0,,0,,0,,0,,
Write-In Totals,,0,,0.00%,,0,,0,,,0,,0,,0,,0,,
Total Votes Cast,,934,,95.50%,,438,,475,,,18,,0,,2,,1,,
Overvotes,,0,,0.00%,,0,,0,,,0,,0,,0,,0,,
Undervotes,,44,,4.50%,,19,,24,,,1,,0,,0,,0,,
Contest Totals,,978,,100.00%,,457,,499,,,19,,0,,2,,1,,
,FOR ASSESSOR,,,,,,,,,,,,,,,,,,
,Vote For 1,,,,,,,,,,,,,,,,,,
,,,TOTAL,,VOTE %,,Election Day,,Early Vote,,,Absentee,,Canvass,,Absentee After ED,,Provisional,
REP RICH JACOBS,,444,,45.40%,,213,,224,,,5,,0,,1,,1,,
DEM MARK A. MUSICK,,484,,49.49%,,215,,255,,,13,,0,,1,,0,,
NO CANDIDATE(S) NOMINATED,,0,,0.00%,,0,,0,,,0,,0,,0,,0,,
NO CANDIDATE(S) NOMINATED,,0,,0.00%,,0,,0,,,0,,0,,0,,0,,
Write-In Totals,,0,,0.00%,,0,,0,,,0,,0,,0,,0,,
Total Votes Cast,,928,,94.89%,,428,,479,,,18,,0,,2,,1,,
Overvotes,,0,,0.00%,,0,,0,,,0,,0,,0,,0,,
Undervotes,,50,,5.11%,,29,,20,,,1,,0,,0,,0,,
Contest Totals,,978,,100.00%,,457,,499,,,19,,0,,2,,1,,
Precinct Summary - 11/12/2024     2:58 PM,,,,,,,,,,119,,,,,,,,, of 258
Report generated with Electionware Copyright © 2007-2019,,,,,,,,,,,,,,,,,,,
Summary Results Report,,,,,,,,,,OFFICIAL RESULTS,,,,,,,,,
General Election,,,,,,,,,,,,,,,,,,,
"November 5, 2024",,,,,,,,,,"Monongalia County, West Virginia",,,,,,,,,
PRECINCT 47,,,,,,,,,,,,,,,,,,,
,FOR SURVEYOR,,,,,,,,,,,,,,,,,,
,Vote For 1,,,,,,,,,,,,,,,,,,
,,,TOTAL,,VOTE %,,Election Day,,Early Vote,,,Absentee,,Canvass,,Absentee After ED,,Provisional,
REP BOB ANDRIOTTO,,767,,78.43%,,370,,383,,,11,,0,,2,,1,,
NO CANDIDATE(S) NOMINATED,,0,,0.00%,,0,,0,,,0,,0,,0,,0,,
NO CANDIDATE(S) NOMINATED,,0,,0.00%,,0,,0,,,0,,0,,0,,0,,
NO CANDIDATE(S) NOMINATED,,0,,0.00%,,0,,0,,,0,,0,,0,,0,,
Write-In Totals,,6,,0.61%,,2,,4,,,0,,0,,0,,0,,
Total Votes Cast,,773,,79.04%,,372,,387,,,11,,0,,2,,1,,
Overvotes,,0,,0.00%,,0,,0,,,0,,0,,0,,0,,
Undervotes,,205,,20.96%,,85,,112,,,8,,0,,0,,0,,
Contest Totals,,978,,100.00%,,457,,499,,,19,,0,,2,,1,,
,AMENDMENT NO. 1,,,,,,,,,,,,,,,,,,
,Vote For 1,,,,,,,,,,,,,,,,,,
,,,TOTAL,,VOTE %,,Election Day,,Early Vote,,,Absentee,,Canvass,,Absentee After ED,,Provisional,
For,,388,,39.67%,,191,,191,,,6,,0,,0,,0,,
Against,,490,,50.10%,,207,,272,,,9,,0,,2,,0,,
Total Votes Cast,,878,,89.78%,,398,,463,,,15,,0,,2,,0,,
Overvotes,,0,,0.00%,,0,,0,,,0,,0,,0,,0,,
Undervotes,,100,,10.22%,,59,,36,,,4,,0,,0,,1,,
Contest Totals,,978,,100.00%,,457,,499,,,19,,0,,2,,1,,
Precinct Summary - 11/12/2024     2:58 PM,,,,,,,,,,120,,,,,,,,, of 258
Report generated with Electionware Copyright © 2007-2019,,,,,,,,,,,,,,,,,,,
Summary Results Report,,,,,,,,,,OFFICIAL RESULTS,,,,,,,,,
General Election,,,,,,,,,,,,,,,,,,,
"November 5, 2024",,,,,,,,,,"Monongalia County, West Virginia",,,,,,,,,
PRECINCT 51,,,,,,,,,,,,,,,,,,,
Statistics,,TOTAL,,Election Day,,Early Vote,,Absentee,,,Canvass,,Absentee After ED,,Provisional,,,,
Registered Voters - Total,,597,,,,,,,,,,,,,,,,,
Ballots Cast - Total,,426,,142,,276,,6,,,0,,1,,1,,,,
Ballots Cast - Blank,,0,,0,,0,,0,,,0,,0,,0,,,,
Voter Turnout - Total,,71.36%,,,,,,,,,,,,,,,,,
,FOR PRESIDENT,,,,,,,,,,,,,,,,,,
,Vote For 1,,,,,,,,,,,,,,,,,,
,,,TOTAL,,VOTE %,,Election Day,,Early Vote,,,Absentee,,Canvass,,Absentee After ED,,Provisional,
REP DONALD J. TRUMP,,336,,78.87%,,120,,210,,,4,,0,,1,,1,,
DEM KAMALA D. HARRIS,,81,,19.01%,,20,,59,,,2,,0,,0,,0,,
LBN CHASE OLIVER,,1,,0.23%,,0,,1,,,0,,0,,0,,0,,
MTN JILL STEIN,,1,,0.23%,,0,,1,,,0,,0,,0,,0,,
IND ROBERT F. KENNEDY JR.,,6,,1.41%,,2,,4,,,0,,0,,0,,0,,
Write-In Totals,,1,,0.23%,,0,,1,,,0,,0,,0,,0,,
Total Votes Cast,,426,,100.00%,,142,,276,,,6,,0,,1,,1,,
Overvotes,,0,,0.00%,,0,,0,,,0,,0,,0,,0,,
Undervotes,,0,,0.00%,,0,,0,,,0,,0,,0,,0,,
Contest Totals,,426,,100.00%,,142,,276,,,6,,0,,1,,1,,
,FOR U.S. SENATOR,,,,,,,,,,,,,,,,,,
,Vote For 1,,,,,,,,,,,,,,,,,,
,,,TOTAL,,VOTE %,,Election Day,,Early Vote,,,Absentee,,Canvass,,Absentee After ED,,Provisional,
REP JIM JUSTICE,,309,,72.54%,,104,,199,,,4,,0,,1,,1,,
DEM GLENN ELLIOTT,,83,,19.48%,,23,,58,,,2,,0,,0,,0,,
LBN DAVID MORAN,,18,,4.23%,,9,,9,,,0,,0,,0,,0,,
NO CANDIDATE(S) NOMINATED,,0,,0.00%,,0,,0,,,0,,0,,0,,0,,
Write-In Totals,,0,,0.00%,,0,,0,,,0,,0,,0,,0,,
Total Votes Cast,,410,,96.24%,,136,,266,,,6,,0,,1,,1,,
Overvotes,,0,,0.00%,,0,,0,,,0,,0,,0,,0,,
Undervotes,,16,,3.76%,,6,,10,,,0,,0,,0,,0,,
Contest Totals,,426,,100.00%,,142,,276,,,6,,0,,1,,1,,
,FOR U.S. HOUSE OF REPS 2ND DIST,,,,,,,,,,,,,,,,,,
,Vote For 1,,,,,,,,,,,,,,,,,,
,,,TOTAL,,VOTE %,,Election Day,,Early Vote,,,Absentee,,Canvass,,Absentee After ED,,Provisional,
REP RILEY MOORE,,315,,73.94%,,111,,197,,,5,,0,,1,,1,,
DEM STEVEN WENDELIN,,76,,17.84%,,23,,52,,,1,,0,,0,,0,,
NO CANDIDATE(S) NOMINATED,,0,,0.00%,,0,,0,,,0,,0,,0,,0,,
NO CANDIDATE(S) NOMINATED,,0,,0.00%,,0,,0,,,0,,0,,0,,0,,
Write-In Totals,,0,,0.00%,,0,,0,,,0,,0,,0,,0,,
Total Votes Cast,,391,,91.78%,,134,,249,,,6,,0,,1,,1,,
Overvotes,,0,,0.00%,,0,,0,,,0,,0,,0,,0,,
Undervotes,,35,,8.22%,,8,,27,,,0,,0,,0,,0,,
Contest Totals,,426,,100.00%,,142,,276,,,6,,0,,1,,1,,
Precinct Summary - 11/12/2024     2:58 PM,,,,,,,,,,121,,,,,,,,, of 258
Report generated with Electionware Copyright © 2007-2019,,,,,,,,,,,,,,,,,,,
Summary Results Report,,,,,,,,,,OFFICIAL RESULTS,,,,,,,,,
General Election,,,,,,,,,,,,,,,,,,,
"November 5, 2024",,,,,,,,,,"Monongalia County, West Virginia",,,,,,,,,
PRECINCT 51,,,,,,,,,,,,,,,,,,,
,FOR GOVERNOR,,,,,,,,,,,,,,,,,,
,Vote For 1,,,,,,,,,,,,,,,,,,
,,,TOTAL,,VOTE %,,Election Day,,Early Vote,,,Absentee,,Canvass,,Absentee After ED,,Provisional,
REP PATRICK MORRISEY,,290,,68.08%,,98,,186,,,4,,0,,1,,1,,
DEM STEVE WILLIAMS,,98,,23.00%,,28,,68,,,2,,0,,0,,0,,
LBN ERIKA KLIE KOLENICH,,11,,2.58%,,7,,4,,,0,,0,,0,,0,,
MTN CHASE LINKO-LOOPER,,2,,0.47%,,1,,1,,,0,,0,,0,,0,,
CST S. MARSHALL WILSON,,5,,1.17%,,2,,3,,,0,,0,,0,,0,,
Write-In Totals,,0,,0.00%,,0,,0,,,0,,0,,0,,0,,
Total Votes Cast,,406,,95.31%,,136,,262,,,6,,0,,1,,1,,
Overvotes,,0,,0.00%,,0,,0,,,0,,0,,0,,0,,
Undervotes,,20,,4.69%,,6,,14,,,0,,0,,0,,0,,
Contest Totals,,426,,100.00%,,142,,276,,,6,,0,,1,,1,,
,FOR SECRETARY OF STATE,,,,,,,,,,,,,,,,,,
,Vote For 1,,,,,,,,,,,,,,,,,,
,,,TOTAL,,VOTE %,,Election Day,,Early Vote,,,Absentee,,Canvass,,Absentee After ED,,Provisional,
REP KRIS WARNER,,313,,73.47%,,112,,195,,,4,,0,,1,,1,,
DEM THORNTON COOPER,,84,,19.72%,,22,,60,,,2,,0,,0,,0,,
NO CANDIDATE(S) NOMINATED,,0,,0.00%,,0,,0,,,0,,0,,0,,0,,
NO CANDIDATE(S) NOMINATED,,0,,0.00%,,0,,0,,,0,,0,,0,,0,,
Write-In Totals,,0,,0.00%,,0,,0,,,0,,0,,0,,0,,
Total Votes Cast,,397,,93.19%,,134,,255,,,6,,0,,1,,1,,
Overvotes,,0,,0.00%,,0,,0,,,0,,0,,0,,0,,
Undervotes,,29,,6.81%,,8,,21,,,0,,0,,0,,0,,
Contest Totals,,426,,100.00%,,142,,276,,,6,,0,,1,,1,,
,FOR AUDITOR,,,,,,,,,,,,,,,,,,
,Vote For 1,,,,,,,,,,,,,,,,,,
,,,TOTAL,,VOTE %,,Election Day,,Early Vote,,,Absentee,,Canvass,,Absentee After ED,,Provisional,
REP MARK HUNT,,293,,68.78%,,106,,181,,,4,,0,,1,,1,,
DEM MARY ANN ROEBUCK CLAYTOR,,87,,20.42%,,25,,60,,,2,,0,,0,,0,,
NO CANDIDATE(S) NOMINATED,,0,,0.00%,,0,,0,,,0,,0,,0,,0,,
NO CANDIDATE(S) NOMINATED,,0,,0.00%,,0,,0,,,0,,0,,0,,0,,
Write-In Totals,,0,,0.00%,,0,,0,,,0,,0,,0,,0,,
Total Votes Cast,,380,,89.20%,,131,,241,,,6,,0,,1,,1,,
Overvotes,,0,,0.00%,,0,,0,,,0,,0,,0,,0,,
Undervotes,,46,,10.80%,,11,,35,,,0,,0,,0,,0,,
Contest Totals,,426,,100.00%,,142,,276,,,6,,0,,1,,1,,
Precinct Summary - 11/12/2024     2:58 PM,,,,,,,,,,122,,,,,,,,, of 258
Report generated with Electionware Copyright © 2007-2019,,,,,,,,,,,,,,,,,,,
Summary Results Report,,,,,,,,,,OFFICIAL RESULTS,,,,,,,,,
General Election,,,,,,,,,,,,,,,,,,,
"November 5, 2024",,,,,,,,,,"Monongalia County, West Virginia",,,,,,,,,
PRECINCT 51,,,,,,,,,,,,,,,,,,,
,FOR TREASURER,,,,,,,,,,,,,,,,,,
,Vote For 1,,,,,,,,,,,,,,,,,,
,,,TOTAL,,VOTE %,,Election Day,,Early Vote,,,Absentee,,Canvass,,Absentee After ED,,Provisional,
REP LARRY PACK,,342,,80.28%,,123,,211,,,6,,0,,1,,1,,
NO CANDIDATE(S) NOMINATED,,0,,0.00%,,0,,0,,,0,,0,,0,,0,,
NO CANDIDATE(S) NOMINATED,,0,,0.00%,,0,,0,,,0,,0,,0,,0,,
NO CANDIDATE(S) NOMINATED,,0,,0.00%,,0,,0,,,0,,0,,0,,0,,
Write-In Totals,,0,,0.00%,,0,,0,,,0,,0,,0,,0,,
Total Votes Cast,,342,,80.28%,,123,,211,,,6,,0,,1,,1,,
Overvotes,,0,,0.00%,,0,,0,,,0,,0,,0,,0,,
Undervotes,,84,,19.72%,,19,,65,,,0,,0,,0,,0,,
Contest Totals,,426,,100.00%,,142,,276,,,6,,0,,1,,1,,
,FOR COMMISSIONER OF AGRICULTURE,,,,,,,,,,,,,,,,,,
,Vote For 1,,,,,,,,,,,,,,,,,,
,,,TOTAL,,VOTE %,,Election Day,,Early Vote,,,Absentee,,Canvass,,Absentee After ED,,Provisional,
REP KENT LEONHARDT,,343,,80.52%,,121,,214,,,6,,0,,1,,1,,
DEM DEBORAH STILES,,60,,14.08%,,16,,44,,,0,,0,,0,,0,,
NO CANDIDATE(S) NOMINATED,,0,,0.00%,,0,,0,,,0,,0,,0,,0,,
NO CANDIDATE(S) NOMINATED,,0,,0.00%,,0,,0,,,0,,0,,0,,0,,
Write-In Totals,,0,,0.00%,,0,,0,,,0,,0,,0,,0,,
Total Votes Cast,,403,,94.60%,,137,,258,,,6,,0,,1,,1,,
Overvotes,,0,,0.00%,,0,,0,,,0,,0,,0,,0,,
Undervotes,,23,,5.40%,,5,,18,,,0,,0,,0,,0,,
Contest Totals,,426,,100.00%,,142,,276,,,6,,0,,1,,1,,
,FOR ATTORNEY GENERAL,,,,,,,,,,,,,,,,,,
,Vote For 1,,,,,,,,,,,,,,,,,,
,,,TOTAL,,VOTE %,,Election Day,,Early Vote,,,Absentee,,Canvass,,Absentee After ED,,Provisional,
"REP JOHN ""JB"" McCUSKEY",,306,,71.83%,,111,,187,,,6,,0,,1,,1,,
DEM TERESA TORISEVA,,85,,19.95%,,22,,63,,,0,,0,,0,,0,,
NO CANDIDATE(S) NOMINATED,,0,,0.00%,,0,,0,,,0,,0,,0,,0,,
NO CANDIDATE(S) NOMINATED,,0,,0.00%,,0,,0,,,0,,0,,0,,0,,
Write-In Totals,,0,,0.00%,,0,,0,,,0,,0,,0,,0,,
Total Votes Cast,,391,,91.78%,,133,,250,,,6,,0,,1,,1,,
Overvotes,,0,,0.00%,,0,,0,,,0,,0,,0,,0,,
Undervotes,,35,,8.22%,,9,,26,,,0,,0,,0,,0,,
Contest Totals,,426,,100.00%,,142,,276,,,6,,0,,1,,1,,
Precinct Summary - 11/12/2024     2:58 PM,,,,,,,,,,123,,,,,,,,, of 258
Report generated with Electionware Copyright © 2007-2019,,,,,,,,,,,,,,,,,,,
Summary Results Report,,,,,,,,,,OFFICIAL RESULTS,,,,,,,,,
General Election,,,,,,,,,,,,,,,,,,,
"November 5, 2024",,,,,,,,,,"Monongalia County, West Virginia",,,,,,,,,
PRECINCT 51,,,,,,,,,,,,,,,,,,,
,FOR STATE SENATOR 2ND DISTRICT,,,,,,,,,,,,,,,,,,
,Vote For 1,,,,,,,,,,,,,,,,,,
,,,TOTAL,,VOTE %,,Election Day,,Early Vote,,,Absentee,,Canvass,,Absentee After ED,,Provisional,
REP CHRIS ROSE,,352,,82.63%,,124,,220,,,6,,0,,1,,1,,
NO CANDIDATE(S) NOMINATED,,0,,0.00%,,0,,0,,,0,,0,,0,,0,,
NO CANDIDATE(S) NOMINATED,,0,,0.00%,,0,,0,,,0,,0,,0,,0,,
NO CANDIDATE(S) NOMINATED,,0,,0.00%,,0,,0,,,0,,0,,0,,0,,
Write-In Totals,,1,,0.23%,,0,,1,,,0,,0,,0,,0,,
Total Votes Cast,,353,,82.86%,,124,,221,,,6,,0,,1,,1,,
Overvotes,,0,,0.00%,,0,,0,,,0,,0,,0,,0,,
Undervotes,,73,,17.14%,,18,,55,,,0,,0,,0,,0,,
Contest Totals,,426,,100.00%,,142,,276,,,6,,0,,1,,1,,
,FOR MEMBER OF HOUSE OF DELEGATES 77TH DISTRICT,,,,,,,,,,,,,,,,,,
,Vote For 1,,,,,,,,,,,,,,,,,,
,,,TOTAL,,VOTE %,,Election Day,,Early Vote,,,Absentee,,Canvass,,Absentee After ED,,Provisional,
REP JOE STATLER,,358,,84.04%,,123,,227,,,6,,0,,1,,1,,
NO CANDIDATE(S) NOMINATED,,0,,0.00%,,0,,0,,,0,,0,,0,,0,,
NO CANDIDATE(S) NOMINATED,,0,,0.00%,,0,,0,,,0,,0,,0,,0,,
NO CANDIDATE(S) NOMINATED,,0,,0.00%,,0,,0,,,0,,0,,0,,0,,
Write-In Totals,,4,,0.94%,,2,,2,,,0,,0,,0,,0,,
Total Votes Cast,,362,,84.98%,,125,,229,,,6,,0,,1,,1,,
Overvotes,,0,,0.00%,,0,,0,,,0,,0,,0,,0,,
Undervotes,,64,,15.02%,,17,,47,,,0,,0,,0,,0,,
Contest Totals,,426,,100.00%,,142,,276,,,6,,0,,1,,1,,
,FOR COUNTY COMMISSIONER,,,,,,,,,,,,,,,,,,
,Vote For 1,,,,,,,,,,,,,,,,,,
,,,TOTAL,,VOTE %,,Election Day,,Early Vote,,,Absentee,,Canvass,,Absentee After ED,,Provisional,
REP MARYANN (BABICH) FOLZ,,267,,62.68%,,102,,159,,,4,,0,,1,,1,,
DEM TOM  BLOOM,,129,,30.28%,,33,,94,,,2,,0,,0,,0,,
NO CANDIDATE(S) NOMINATED,,0,,0.00%,,0,,0,,,0,,0,,0,,0,,
NO CANDIDATE(S) NOMINATED,,0,,0.00%,,0,,0,,,0,,0,,0,,0,,
Write-In Totals,,0,,0.00%,,0,,0,,,0,,0,,0,,0,,
Total Votes Cast,,396,,92.96%,,135,,253,,,6,,0,,1,,1,,
Overvotes,,0,,0.00%,,0,,0,,,0,,0,,0,,0,,
Undervotes,,30,,7.04%,,7,,23,,,0,,0,,0,,0,,
Contest Totals,,426,,100.00%,,142,,276,,,6,,0,,1,,1,,
Precinct Summary - 11/12/2024     2:58 PM,,,,,,,,,,124,,,,,,,,, of 258
Report generated with Electionware Copyright © 2007-2019,,,,,,,,,,,,,,,,,,,
Summary Results Report,,,,,,,,,,OFFICIAL RESULTS,,,,,,,,,
General Election,,,,,,,,,,,,,,,,,,,
"November 5, 2024",,,,,,,,,,"Monongalia County, West Virginia",,,,,,,,,
PRECINCT 51,,,,,,,,,,,,,,,,,,,
,FOR PROSECUTING ATTORNEY,,,,,,,,,,,,,,,,,,
,Vote For 1,,,,,,,,,,,,,,,,,,
,,,TOTAL,,VOTE %,,Election Day,,Early Vote,,,Absentee,,Canvass,,Absentee After ED,,Provisional,
NO CANDIDATE(S) NOMINATED,,0,,0.00%,,0,,0,,,0,,0,,0,,0,,
"DEM GABRIELLE ""GABE"" MUCCIOLA",,220,,51.64%,,82,,134,,,3,,0,,0,,1,,
NO CANDIDATE(S) NOMINATED,,0,,0.00%,,0,,0,,,0,,0,,0,,0,,
NO CANDIDATE(S) NOMINATED,,0,,0.00%,,0,,0,,,0,,0,,0,,0,,
Write-In Totals,,5,,1.17%,,0,,4,,,1,,0,,0,,0,,
Total Votes Cast,,225,,52.82%,,82,,138,,,4,,0,,0,,1,,
Overvotes,,0,,0.00%,,0,,0,,,0,,0,,0,,0,,
Undervotes,,201,,47.18%,,60,,138,,,2,,0,,1,,0,,
Contest Totals,,426,,100.00%,,142,,276,,,6,,0,,1,,1,,
,FOR SHERIFF,,,,,,,,,,,,,,,,,,
,Vote For 1,,,,,,,,,,,,,,,,,,
,,,TOTAL,,VOTE %,,Election Day,,Early Vote,,,Absentee,,Canvass,,Absentee After ED,,Provisional,
REP JASON MORGAN,,283,,66.43%,,103,,174,,,4,,0,,1,,1,,
DEM TODD FORBES,,127,,29.81%,,33,,92,,,2,,0,,0,,0,,
NO CANDIDATE(S) NOMINATED,,0,,0.00%,,0,,0,,,0,,0,,0,,0,,
NO CANDIDATE(S) NOMINATED,,0,,0.00%,,0,,0,,,0,,0,,0,,0,,
Write-In Totals,,0,,0.00%,,0,,0,,,0,,0,,0,,0,,
Total Votes Cast,,410,,96.24%,,136,,266,,,6,,0,,1,,1,,
Overvotes,,0,,0.00%,,0,,0,,,0,,0,,0,,0,,
Undervotes,,16,,3.76%,,6,,10,,,0,,0,,0,,0,,
Contest Totals,,426,,100.00%,,142,,276,,,6,,0,,1,,1,,
,FOR ASSESSOR,,,,,,,,,,,,,,,,,,
,Vote For 1,,,,,,,,,,,,,,,,,,
,,,TOTAL,,VOTE %,,Election Day,,Early Vote,,,Absentee,,Canvass,,Absentee After ED,,Provisional,
REP RICH JACOBS,,249,,58.45%,,100,,145,,,3,,0,,0,,1,,
DEM MARK A. MUSICK,,146,,34.27%,,36,,106,,,3,,0,,1,,0,,
NO CANDIDATE(S) NOMINATED,,0,,0.00%,,0,,0,,,0,,0,,0,,0,,
NO CANDIDATE(S) NOMINATED,,0,,0.00%,,0,,0,,,0,,0,,0,,0,,
Write-In Totals,,0,,0.00%,,0,,0,,,0,,0,,0,,0,,
Total Votes Cast,,395,,92.72%,,136,,251,,,6,,0,,1,,1,,
Overvotes,,0,,0.00%,,0,,0,,,0,,0,,0,,0,,
Undervotes,,31,,7.28%,,6,,25,,,0,,0,,0,,0,,
Contest Totals,,426,,100.00%,,142,,276,,,6,,0,,1,,1,,
Precinct Summary - 11/12/2024     2:58 PM,,,,,,,,,,125,,,,,,,,, of 258
Report generated with Electionware Copyright © 2007-2019,,,,,,,,,,,,,,,,,,,
Summary Results Report,,,,,,,,,,OFFICIAL RESULTS,,,,,,,,,
General Election,,,,,,,,,,,,,,,,,,,
"November 5, 2024",,,,,,,,,,"Monongalia County, West Virginia",,,,,,,,,
PRECINCT 51,,,,,,,,,,,,,,,,,,,
,FOR SURVEYOR,,,,,,,,,,,,,,,,,,
,Vote For 1,,,,,,,,,,,,,,,,,,
,,,TOTAL,,VOTE %,,Election Day,,Early Vote,,,Absentee,,Canvass,,Absentee After ED,,Provisional,
REP BOB ANDRIOTTO,,341,,80.05%,,122,,211,,,6,,0,,1,,1,,
NO CANDIDATE(S) NOMINATED,,0,,0.00%,,0,,0,,,0,,0,,0,,0,,
NO CANDIDATE(S) NOMINATED,,0,,0.00%,,0,,0,,,0,,0,,0,,0,,
NO CANDIDATE(S) NOMINATED,,0,,0.00%,,0,,0,,,0,,0,,0,,0,,
Write-In Totals,,0,,0.00%,,0,,0,,,0,,0,,0,,0,,
Total Votes Cast,,341,,80.05%,,122,,211,,,6,,0,,1,,1,,
Overvotes,,0,,0.00%,,0,,0,,,0,,0,,0,,0,,
Undervotes,,85,,19.95%,,20,,65,,,0,,0,,0,,0,,
Contest Totals,,426,,100.00%,,142,,276,,,6,,0,,1,,1,,
,AMENDMENT NO. 1,,,,,,,,,,,,,,,,,,
,Vote For 1,,,,,,,,,,,,,,,,,,
,,,TOTAL,,VOTE %,,Election Day,,Early Vote,,,Absentee,,Canvass,,Absentee After ED,,Provisional,
For,,173,,40.61%,,53,,116,,,2,,0,,1,,1,,
Against,,179,,42.02%,,62,,113,,,4,,0,,0,,0,,
Total Votes Cast,,352,,82.63%,,115,,229,,,6,,0,,1,,1,,
Overvotes,,0,,0.00%,,0,,0,,,0,,0,,0,,0,,
Undervotes,,74,,17.37%,,27,,47,,,0,,0,,0,,0,,
Contest Totals,,426,,100.00%,,142,,276,,,6,,0,,1,,1,,
Precinct Summary - 11/12/2024     2:58 PM,,,,,,,,,,126,,,,,,,,, of 258
Report generated with Electionware Copyright © 2007-2019,,,,,,,,,,,,,,,,,,,
Summary Results Report,,,,,,,,,,OFFICIAL RESULTS,,,,,,,,,
General Election,,,,,,,,,,,,,,,,,,,
"November 5, 2024",,,,,,,,,,"Monongalia County, West Virginia",,,,,,,,,
PRECINCT 51M,,,,,,,,,,,,,,,,,,,
Statistics,,TOTAL,,Election Day,,Early Vote,,Absentee,,,Canvass,,Absentee After ED,,Provisional,,,,
Registered Voters - Total,,79,,,,,,,,,,,,,,,,,
Ballots Cast - Total,,55,,18,,34,,3,,,0,,0,,0,,,,
Ballots Cast - Blank,,0,,0,,0,,0,,,0,,0,,0,,,,
Voter Turnout - Total,,69.62%,,,,,,,,,,,,,,,,,
,FOR PRESIDENT,,,,,,,,,,,,,,,,,,
,Vote For 1,,,,,,,,,,,,,,,,,,
,,,TOTAL,,VOTE %,,Election Day,,Early Vote,,,Absentee,,Canvass,,Absentee After ED,,Provisional,
REP DONALD J. TRUMP,,35,,63.64%,,14,,19,,,2,,0,,0,,0,,
DEM KAMALA D. HARRIS,,18,,32.73%,,3,,14,,,1,,0,,0,,0,,
LBN CHASE OLIVER,,0,,0.00%,,0,,0,,,0,,0,,0,,0,,
MTN JILL STEIN,,0,,0.00%,,0,,0,,,0,,0,,0,,0,,
IND ROBERT F. KENNEDY JR.,,2,,3.64%,,1,,1,,,0,,0,,0,,0,,
Write-In Totals,,0,,0.00%,,0,,0,,,0,,0,,0,,0,,
Total Votes Cast,,55,,100.00%,,18,,34,,,3,,0,,0,,0,,
Overvotes,,0,,0.00%,,0,,0,,,0,,0,,0,,0,,
Undervotes,,0,,0.00%,,0,,0,,,0,,0,,0,,0,,
Contest Totals,,55,,100.00%,,18,,34,,,3,,0,,0,,0,,
,FOR U.S. SENATOR,,,,,,,,,,,,,,,,,,
,Vote For 1,,,,,,,,,,,,,,,,,,
,,,TOTAL,,VOTE %,,Election Day,,Early Vote,,,Absentee,,Canvass,,Absentee After ED,,Provisional,
REP JIM JUSTICE,,30,,54.55%,,11,,18,,,1,,0,,0,,0,,
DEM GLENN ELLIOTT,,19,,34.55%,,3,,15,,,1,,0,,0,,0,,
LBN DAVID MORAN,,5,,9.09%,,3,,1,,,1,,0,,0,,0,,
NO CANDIDATE(S) NOMINATED,,0,,0.00%,,0,,0,,,0,,0,,0,,0,,
Write-In Totals,,0,,0.00%,,0,,0,,,0,,0,,0,,0,,
Total Votes Cast,,54,,98.18%,,17,,34,,,3,,0,,0,,0,,
Overvotes,,0,,0.00%,,0,,0,,,0,,0,,0,,0,,
Undervotes,,1,,1.82%,,1,,0,,,0,,0,,0,,0,,
Contest Totals,,55,,100.00%,,18,,34,,,3,,0,,0,,0,,
,FOR U.S. HOUSE OF REPS 2ND DIST,,,,,,,,,,,,,,,,,,
,Vote For 1,,,,,,,,,,,,,,,,,,
,,,TOTAL,,VOTE %,,Election Day,,Early Vote,,,Absentee,,Canvass,,Absentee After ED,,Provisional,
REP RILEY MOORE,,33,,60.00%,,13,,18,,,2,,0,,0,,0,,
DEM STEVEN WENDELIN,,15,,27.27%,,1,,13,,,1,,0,,0,,0,,
NO CANDIDATE(S) NOMINATED,,0,,0.00%,,0,,0,,,0,,0,,0,,0,,
NO CANDIDATE(S) NOMINATED,,0,,0.00%,,0,,0,,,0,,0,,0,,0,,
Write-In Totals,,0,,0.00%,,0,,0,,,0,,0,,0,,0,,
Total Votes Cast,,48,,87.27%,,14,,31,,,3,,0,,0,,0,,
Overvotes,,0,,0.00%,,0,,0,,,0,,0,,0,,0,,
Undervotes,,7,,12.73%,,4,,3,,,0,,0,,0,,0,,
Contest Totals,,55,,100.00%,,18,,34,,,3,,0,,0,,0,,
Precinct Summary - 11/12/2024     2:58 PM,,,,,,,,,,127,,,,,,,,, of 258
Report generated with Electionware Copyright © 2007-2019,,,,,,,,,,,,,,,,,,,
Summary Results Report,,,,,,,,,,OFFICIAL RESULTS,,,,,,,,,
General Election,,,,,,,,,,,,,,,,,,,
"November 5, 2024",,,,,,,,,,"Monongalia County, West Virginia",,,,,,,,,
PRECINCT 51M,,,,,,,,,,,,,,,,,,,
,FOR GOVERNOR,,,,,,,,,,,,,,,,,,
,Vote For 1,,,,,,,,,,,,,,,,,,
,,,TOTAL,,VOTE %,,Election Day,,Early Vote,,,Absentee,,Canvass,,Absentee After ED,,Provisional,
REP PATRICK MORRISEY,,32,,58.18%,,13,,17,,,2,,0,,0,,0,,
DEM STEVE WILLIAMS,,19,,34.55%,,3,,15,,,1,,0,,0,,0,,
LBN ERIKA KLIE KOLENICH,,0,,0.00%,,0,,0,,,0,,0,,0,,0,,
MTN CHASE LINKO-LOOPER,,2,,3.64%,,1,,1,,,0,,0,,0,,0,,
CST S. MARSHALL WILSON,,0,,0.00%,,0,,0,,,0,,0,,0,,0,,
Write-In Totals,,0,,0.00%,,0,,0,,,0,,0,,0,,0,,
Total Votes Cast,,53,,96.36%,,17,,33,,,3,,0,,0,,0,,
Overvotes,,0,,0.00%,,0,,0,,,0,,0,,0,,0,,
Undervotes,,2,,3.64%,,1,,1,,,0,,0,,0,,0,,
Contest Totals,,55,,100.00%,,18,,34,,,3,,0,,0,,0,,
,FOR SECRETARY OF STATE,,,,,,,,,,,,,,,,,,
,Vote For 1,,,,,,,,,,,,,,,,,,
,,,TOTAL,,VOTE %,,Election Day,,Early Vote,,,Absentee,,Canvass,,Absentee After ED,,Provisional,
REP KRIS WARNER,,32,,58.18%,,14,,17,,,1,,0,,0,,0,,
DEM THORNTON COOPER,,20,,36.36%,,2,,16,,,2,,0,,0,,0,,
NO CANDIDATE(S) NOMINATED,,0,,0.00%,,0,,0,,,0,,0,,0,,0,,
NO CANDIDATE(S) NOMINATED,,0,,0.00%,,0,,0,,,0,,0,,0,,0,,
Write-In Totals,,0,,0.00%,,0,,0,,,0,,0,,0,,0,,
Total Votes Cast,,52,,94.55%,,16,,33,,,3,,0,,0,,0,,
Overvotes,,0,,0.00%,,0,,0,,,0,,0,,0,,0,,
Undervotes,,3,,5.45%,,2,,1,,,0,,0,,0,,0,,
Contest Totals,,55,,100.00%,,18,,34,,,3,,0,,0,,0,,
,FOR AUDITOR,,,,,,,,,,,,,,,,,,
,Vote For 1,,,,,,,,,,,,,,,,,,
,,,TOTAL,,VOTE %,,Election Day,,Early Vote,,,Absentee,,Canvass,,Absentee After ED,,Provisional,
REP MARK HUNT,,30,,54.55%,,11,,17,,,2,,0,,0,,0,,
DEM MARY ANN ROEBUCK CLAYTOR,,20,,36.36%,,4,,15,,,1,,0,,0,,0,,
NO CANDIDATE(S) NOMINATED,,0,,0.00%,,0,,0,,,0,,0,,0,,0,,
NO CANDIDATE(S) NOMINATED,,0,,0.00%,,0,,0,,,0,,0,,0,,0,,
Write-In Totals,,0,,0.00%,,0,,0,,,0,,0,,0,,0,,
Total Votes Cast,,50,,90.91%,,15,,32,,,3,,0,,0,,0,,
Overvotes,,0,,0.00%,,0,,0,,,0,,0,,0,,0,,
Undervotes,,5,,9.09%,,3,,2,,,0,,0,,0,,0,,
Contest Totals,,55,,100.00%,,18,,34,,,3,,0,,0,,0,,
Precinct Summary - 11/12/2024     2:58 PM,,,,,,,,,,128,,,,,,,,, of 258
Report generated with Electionware Copyright © 2007-2019,,,,,,,,,,,,,,,,,,,
Summary Results Report,,,,,,,,,,OFFICIAL RESULTS,,,,,,,,,
General Election,,,,,,,,,,,,,,,,,,,
"November 5, 2024",,,,,,,,,,"Monongalia County, West Virginia",,,,,,,,,
PRECINCT 51M,,,,,,,,,,,,,,,,,,,
,FOR TREASURER,,,,,,,,,,,,,,,,,,
,Vote For 1,,,,,,,,,,,,,,,,,,
,,,TOTAL,,VOTE %,,Election Day,,Early Vote,,,Absentee,,Canvass,,Absentee After ED,,Provisional,
REP LARRY PACK,,38,,69.09%,,13,,22,,,3,,0,,0,,0,,
NO CANDIDATE(S) NOMINATED,,0,,0.00%,,0,,0,,,0,,0,,0,,0,,
NO CANDIDATE(S) NOMINATED,,0,,0.00%,,0,,0,,,0,,0,,0,,0,,
NO CANDIDATE(S) NOMINATED,,0,,0.00%,,0,,0,,,0,,0,,0,,0,,
Write-In Totals,,1,,1.82%,,0,,1,,,0,,0,,0,,0,,
Total Votes Cast,,39,,70.91%,,13,,23,,,3,,0,,0,,0,,
Overvotes,,0,,0.00%,,0,,0,,,0,,0,,0,,0,,
Undervotes,,16,,29.09%,,5,,11,,,0,,0,,0,,0,,
Contest Totals,,55,,100.00%,,18,,34,,,3,,0,,0,,0,,
,FOR COMMISSIONER OF AGRICULTURE,,,,,,,,,,,,,,,,,,
,Vote For 1,,,,,,,,,,,,,,,,,,
,,,TOTAL,,VOTE %,,Election Day,,Early Vote,,,Absentee,,Canvass,,Absentee After ED,,Provisional,
REP KENT LEONHARDT,,34,,61.82%,,13,,20,,,1,,0,,0,,0,,
DEM DEBORAH STILES,,17,,30.91%,,4,,11,,,2,,0,,0,,0,,
NO CANDIDATE(S) NOMINATED,,0,,0.00%,,0,,0,,,0,,0,,0,,0,,
NO CANDIDATE(S) NOMINATED,,0,,0.00%,,0,,0,,,0,,0,,0,,0,,
Write-In Totals,,0,,0.00%,,0,,0,,,0,,0,,0,,0,,
Total Votes Cast,,51,,92.73%,,17,,31,,,3,,0,,0,,0,,
Overvotes,,0,,0.00%,,0,,0,,,0,,0,,0,,0,,
Undervotes,,4,,7.27%,,1,,3,,,0,,0,,0,,0,,
Contest Totals,,55,,100.00%,,18,,34,,,3,,0,,0,,0,,
,FOR ATTORNEY GENERAL,,,,,,,,,,,,,,,,,,
,Vote For 1,,,,,,,,,,,,,,,,,,
,,,TOTAL,,VOTE %,,Election Day,,Early Vote,,,Absentee,,Canvass,,Absentee After ED,,Provisional,
"REP JOHN ""JB"" McCUSKEY",,31,,56.36%,,13,,16,,,2,,0,,0,,0,,
DEM TERESA TORISEVA,,17,,30.91%,,3,,13,,,1,,0,,0,,0,,
NO CANDIDATE(S) NOMINATED,,0,,0.00%,,0,,0,,,0,,0,,0,,0,,
NO CANDIDATE(S) NOMINATED,,0,,0.00%,,0,,0,,,0,,0,,0,,0,,
Write-In Totals,,0,,0.00%,,0,,0,,,0,,0,,0,,0,,
Total Votes Cast,,48,,87.27%,,16,,29,,,3,,0,,0,,0,,
Overvotes,,0,,0.00%,,0,,0,,,0,,0,,0,,0,,
Undervotes,,7,,12.73%,,2,,5,,,0,,0,,0,,0,,
Contest Totals,,55,,100.00%,,18,,34,,,3,,0,,0,,0,,
Precinct Summary - 11/12/2024     2:58 PM,,,,,,,,,,129,,,,,,,,, of 258
Report generated with Electionware Copyright © 2007-2019,,,,,,,,,,,,,,,,,,,
Summary Results Report,,,,,,,,,,OFFICIAL RESULTS,,,,,,,,,
General Election,,,,,,,,,,,,,,,,,,,
"November 5, 2024",,,,,,,,,,"Monongalia County, West Virginia",,,,,,,,,
PRECINCT 51M,,,,,,,,,,,,,,,,,,,
,FOR STATE SENATOR 2ND DISTRICT,,,,,,,,,,,,,,,,,,
,Vote For 1,,,,,,,,,,,,,,,,,,
,,,TOTAL,,VOTE %,,Election Day,,Early Vote,,,Absentee,,Canvass,,Absentee After ED,,Provisional,
REP CHRIS ROSE,,43,,78.18%,,15,,25,,,3,,0,,0,,0,,
NO CANDIDATE(S) NOMINATED,,0,,0.00%,,0,,0,,,0,,0,,0,,0,,
NO CANDIDATE(S) NOMINATED,,0,,0.00%,,0,,0,,,0,,0,,0,,0,,
NO CANDIDATE(S) NOMINATED,,0,,0.00%,,0,,0,,,0,,0,,0,,0,,
Write-In Totals,,0,,0.00%,,0,,0,,,0,,0,,0,,0,,
Total Votes Cast,,43,,78.18%,,15,,25,,,3,,0,,0,,0,,
Overvotes,,0,,0.00%,,0,,0,,,0,,0,,0,,0,,
Undervotes,,12,,21.82%,,3,,9,,,0,,0,,0,,0,,
Contest Totals,,55,,100.00%,,18,,34,,,3,,0,,0,,0,,
,FOR MEMBER OF HOUSE OF DELEGATES 77TH DISTRICT,,,,,,,,,,,,,,,,,,
,Vote For 1,,,,,,,,,,,,,,,,,,
,,,TOTAL,,VOTE %,,Election Day,,Early Vote,,,Absentee,,Canvass,,Absentee After ED,,Provisional,
REP JOE STATLER,,43,,78.18%,,15,,25,,,3,,0,,0,,0,,
NO CANDIDATE(S) NOMINATED,,0,,0.00%,,0,,0,,,0,,0,,0,,0,,
NO CANDIDATE(S) NOMINATED,,0,,0.00%,,0,,0,,,0,,0,,0,,0,,
NO CANDIDATE(S) NOMINATED,,0,,0.00%,,0,,0,,,0,,0,,0,,0,,
Write-In Totals,,0,,0.00%,,0,,0,,,0,,0,,0,,0,,
Total Votes Cast,,43,,78.18%,,15,,25,,,3,,0,,0,,0,,
Overvotes,,0,,0.00%,,0,,0,,,0,,0,,0,,0,,
Undervotes,,12,,21.82%,,3,,9,,,0,,0,,0,,0,,
Contest Totals,,55,,100.00%,,18,,34,,,3,,0,,0,,0,,
,FOR COUNTY COMMISSIONER,,,,,,,,,,,,,,,,,,
,Vote For 1,,,,,,,,,,,,,,,,,,
,,,TOTAL,,VOTE %,,Election Day,,Early Vote,,,Absentee,,Canvass,,Absentee After ED,,Provisional,
REP MARYANN (BABICH) FOLZ,,22,,40.00%,,9,,12,,,1,,0,,0,,0,,
DEM TOM  BLOOM,,29,,52.73%,,6,,21,,,2,,0,,0,,0,,
NO CANDIDATE(S) NOMINATED,,0,,0.00%,,0,,0,,,0,,0,,0,,0,,
NO CANDIDATE(S) NOMINATED,,0,,0.00%,,0,,0,,,0,,0,,0,,0,,
Write-In Totals,,0,,0.00%,,0,,0,,,0,,0,,0,,0,,
Total Votes Cast,,51,,92.73%,,15,,33,,,3,,0,,0,,0,,
Overvotes,,0,,0.00%,,0,,0,,,0,,0,,0,,0,,
Undervotes,,4,,7.27%,,3,,1,,,0,,0,,0,,0,,
Contest Totals,,55,,100.00%,,18,,34,,,3,,0,,0,,0,,
Precinct Summary - 11/12/2024     2:58 PM,,,,,,,,,,130,,,,,,,,, of 258
Report generated with Electionware Copyright © 2007-2019,,,,,,,,,,,,,,,,,,,
Summary Results Report,,,,,,,,,,OFFICIAL RESULTS,,,,,,,,,
General Election,,,,,,,,,,,,,,,,,,,
"November 5, 2024",,,,,,,,,,"Monongalia County, West Virginia",,,,,,,,,
PRECINCT 51M,,,,,,,,,,,,,,,,,,,
,FOR PROSECUTING ATTORNEY,,,,,,,,,,,,,,,,,,
,Vote For 1,,,,,,,,,,,,,,,,,,
,,,TOTAL,,VOTE %,,Election Day,,Early Vote,,,Absentee,,Canvass,,Absentee After ED,,Provisional,
NO CANDIDATE(S) NOMINATED,,0,,0.00%,,0,,0,,,0,,0,,0,,0,,
"DEM GABRIELLE ""GABE"" MUCCIOLA",,40,,72.73%,,12,,25,,,3,,0,,0,,0,,
NO CANDIDATE(S) NOMINATED,,0,,0.00%,,0,,0,,,0,,0,,0,,0,,
NO CANDIDATE(S) NOMINATED,,0,,0.00%,,0,,0,,,0,,0,,0,,0,,
Write-In Totals,,0,,0.00%,,0,,0,,,0,,0,,0,,0,,
Total Votes Cast,,40,,72.73%,,12,,25,,,3,,0,,0,,0,,
Overvotes,,0,,0.00%,,0,,0,,,0,,0,,0,,0,,
Undervotes,,15,,27.27%,,6,,9,,,0,,0,,0,,0,,
Contest Totals,,55,,100.00%,,18,,34,,,3,,0,,0,,0,,
,FOR SHERIFF,,,,,,,,,,,,,,,,,,
,Vote For 1,,,,,,,,,,,,,,,,,,
,,,TOTAL,,VOTE %,,Election Day,,Early Vote,,,Absentee,,Canvass,,Absentee After ED,,Provisional,
REP JASON MORGAN,,26,,47.27%,,11,,14,,,1,,0,,0,,0,,
DEM TODD FORBES,,25,,45.45%,,6,,17,,,2,,0,,0,,0,,
NO CANDIDATE(S) NOMINATED,,0,,0.00%,,0,,0,,,0,,0,,0,,0,,
NO CANDIDATE(S) NOMINATED,,0,,0.00%,,0,,0,,,0,,0,,0,,0,,
Write-In Totals,,0,,0.00%,,0,,0,,,0,,0,,0,,0,,
Total Votes Cast,,51,,92.73%,,17,,31,,,3,,0,,0,,0,,
Overvotes,,0,,0.00%,,0,,0,,,0,,0,,0,,0,,
Undervotes,,4,,7.27%,,1,,3,,,0,,0,,0,,0,,
Contest Totals,,55,,100.00%,,18,,34,,,3,,0,,0,,0,,
,FOR ASSESSOR,,,,,,,,,,,,,,,,,,
,Vote For 1,,,,,,,,,,,,,,,,,,
,,,TOTAL,,VOTE %,,Election Day,,Early Vote,,,Absentee,,Canvass,,Absentee After ED,,Provisional,
REP RICH JACOBS,,20,,36.36%,,8,,11,,,1,,0,,0,,0,,
DEM MARK A. MUSICK,,31,,56.36%,,8,,21,,,2,,0,,0,,0,,
NO CANDIDATE(S) NOMINATED,,0,,0.00%,,0,,0,,,0,,0,,0,,0,,
NO CANDIDATE(S) NOMINATED,,0,,0.00%,,0,,0,,,0,,0,,0,,0,,
Write-In Totals,,0,,0.00%,,0,,0,,,0,,0,,0,,0,,
Total Votes Cast,,51,,92.73%,,16,,32,,,3,,0,,0,,0,,
Overvotes,,0,,0.00%,,0,,0,,,0,,0,,0,,0,,
Undervotes,,4,,7.27%,,2,,2,,,0,,0,,0,,0,,
Contest Totals,,55,,100.00%,,18,,34,,,3,,0,,0,,0,,
Precinct Summary - 11/12/2024     2:58 PM,,,,,,,,,,131,,,,,,,,, of 258
Report generated with Electionware Copyright © 2007-2019,,,,,,,,,,,,,,,,,,,
Summary Results Report,,,,,,,,,,OFFICIAL RESULTS,,,,,,,,,
General Election,,,,,,,,,,,,,,,,,,,
"November 5, 2024",,,,,,,,,,"Monongalia County, West Virginia",,,,,,,,,
PRECINCT 51M,,,,,,,,,,,,,,,,,,,
,FOR SURVEYOR,,,,,,,,,,,,,,,,,,
,Vote For 1,,,,,,,,,,,,,,,,,,
,,,TOTAL,,VOTE %,,Election Day,,Early Vote,,,Absentee,,Canvass,,Absentee After ED,,Provisional,
REP BOB ANDRIOTTO,,42,,76.36%,,14,,25,,,3,,0,,0,,0,,
NO CANDIDATE(S) NOMINATED,,0,,0.00%,,0,,0,,,0,,0,,0,,0,,
NO CANDIDATE(S) NOMINATED,,0,,0.00%,,0,,0,,,0,,0,,0,,0,,
NO CANDIDATE(S) NOMINATED,,0,,0.00%,,0,,0,,,0,,0,,0,,0,,
Write-In Totals,,0,,0.00%,,0,,0,,,0,,0,,0,,0,,
Total Votes Cast,,42,,76.36%,,14,,25,,,3,,0,,0,,0,,
Overvotes,,0,,0.00%,,0,,0,,,0,,0,,0,,0,,
Undervotes,,13,,23.64%,,4,,9,,,0,,0,,0,,0,,
Contest Totals,,55,,100.00%,,18,,34,,,3,,0,,0,,0,,
,AMENDMENT NO. 1,,,,,,,,,,,,,,,,,,
,Vote For 1,,,,,,,,,,,,,,,,,,
,,,TOTAL,,VOTE %,,Election Day,,Early Vote,,,Absentee,,Canvass,,Absentee After ED,,Provisional,
For,,18,,32.73%,,5,,12,,,1,,0,,0,,0,,
Against,,27,,49.09%,,10,,15,,,2,,0,,0,,0,,
Total Votes Cast,,45,,81.82%,,15,,27,,,3,,0,,0,,0,,
Overvotes,,0,,0.00%,,0,,0,,,0,,0,,0,,0,,
Undervotes,,10,,18.18%,,3,,7,,,0,,0,,0,,0,,
Contest Totals,,55,,100.00%,,18,,34,,,3,,0,,0,,0,,
Precinct Summary - 11/12/2024     2:58 PM,,,,,,,,,,132,,,,,,,,, of 258
Report generated with Electionware Copyright © 2007-2019,,,,,,,,,,,,,,,,,,,
Summary Results Report,,,,,,,,,,OFFICIAL RESULTS,,,,,,,,,
General Election,,,,,,,,,,,,,,,,,,,
"November 5, 2024",,,,,,,,,,"Monongalia County, West Virginia",,,,,,,,,
PRECINCT 52,,,,,,,,,,,,,,,,,,,
Statistics,,TOTAL,,Election Day,,Early Vote,,Absentee,,,Canvass,,Absentee After ED,,Provisional,,,,
Registered Voters - Total,,"1,536",,,,,,,,,,,,,,,,,
Ballots Cast - Total,,"1,073",,364,,692,,16,,,0,,1,,0,,,,
Ballots Cast - Blank,,0,,0,,0,,0,,,0,,0,,0,,,,
Voter Turnout - Total,,69.86%,,,,,,,,,,,,,,,,,
,FOR PRESIDENT,,,,,,,,,,,,,,,,,,
,Vote For 1,,,,,,,,,,,,,,,,,,
,,,TOTAL,,VOTE %,,Election Day,,Early Vote,,,Absentee,,Canvass,,Absentee After ED,,Provisional,
REP DONALD J. TRUMP,,840,,78.29%,,280,,550,,,9,,0,,1,,0,,
DEM KAMALA D. HARRIS,,197,,18.36%,,69,,121,,,7,,0,,0,,0,,
LBN CHASE OLIVER,,5,,0.47%,,2,,3,,,0,,0,,0,,0,,
MTN JILL STEIN,,1,,0.09%,,1,,0,,,0,,0,,0,,0,,
IND ROBERT F. KENNEDY JR.,,21,,1.96%,,12,,9,,,0,,0,,0,,0,,
Write-In Totals,,2,,0.19%,,0,,2,,,0,,0,,0,,0,,
Total Votes Cast,,"1,066",,99.35%,,364,,685,,,16,,0,,1,,0,,
Overvotes,,0,,0.00%,,0,,0,,,0,,0,,0,,0,,
Undervotes,,7,,0.65%,,0,,7,,,0,,0,,0,,0,,
Contest Totals,,"1,073",,100.00%,,364,,692,,,16,,0,,1,,0,,
,FOR U.S. SENATOR,,,,,,,,,,,,,,,,,,
,Vote For 1,,,,,,,,,,,,,,,,,,
,,,TOTAL,,VOTE %,,Election Day,,Early Vote,,,Absentee,,Canvass,,Absentee After ED,,Provisional,
REP JIM JUSTICE,,781,,72.79%,,257,,515,,,8,,0,,1,,0,,
DEM GLENN ELLIOTT,,198,,18.45%,,68,,122,,,8,,0,,0,,0,,
LBN DAVID MORAN,,54,,5.03%,,22,,32,,,0,,0,,0,,0,,
NO CANDIDATE(S) NOMINATED,,0,,0.00%,,0,,0,,,0,,0,,0,,0,,
Write-In Totals,,1,,0.09%,,1,,0,,,0,,0,,0,,0,,
Total Votes Cast,,"1,034",,96.37%,,348,,669,,,16,,0,,1,,0,,
Overvotes,,0,,0.00%,,0,,0,,,0,,0,,0,,0,,
Undervotes,,39,,3.63%,,16,,23,,,0,,0,,0,,0,,
Contest Totals,,"1,073",,100.00%,,364,,692,,,16,,0,,1,,0,,
,FOR U.S. HOUSE OF REPS 2ND DIST,,,,,,,,,,,,,,,,,,
,Vote For 1,,,,,,,,,,,,,,,,,,
,,,TOTAL,,VOTE %,,Election Day,,Early Vote,,,Absentee,,Canvass,,Absentee After ED,,Provisional,
REP RILEY MOORE,,760,,70.83%,,248,,502,,,9,,0,,1,,0,,
DEM STEVEN WENDELIN,,197,,18.36%,,74,,116,,,7,,0,,0,,0,,
NO CANDIDATE(S) NOMINATED,,0,,0.00%,,0,,0,,,0,,0,,0,,0,,
NO CANDIDATE(S) NOMINATED,,0,,0.00%,,0,,0,,,0,,0,,0,,0,,
Write-In Totals,,0,,0.00%,,0,,0,,,0,,0,,0,,0,,
Total Votes Cast,,957,,89.19%,,322,,618,,,16,,0,,1,,0,,
Overvotes,,0,,0.00%,,0,,0,,,0,,0,,0,,0,,
Undervotes,,116,,10.81%,,42,,74,,,0,,0,,0,,0,,
Contest Totals,,"1,073",,100.00%,,364,,692,,,16,,0,,1,,0,,
Precinct Summary - 11/12/2024     2:58 PM,,,,,,,,,,133,,,,,,,,, of 258
Report generated with Electionware Copyright © 2007-2019,,,,,,,,,,,,,,,,,,,
Summary Results Report,,,,,,,,,,OFFICIAL RESULTS,,,,,,,,,
General Election,,,,,,,,,,,,,,,,,,,
"November 5, 2024",,,,,,,,,,"Monongalia County, West Virginia",,,,,,,,,
PRECINCT 52,,,,,,,,,,,,,,,,,,,
,FOR GOVERNOR,,,,,,,,,,,,,,,,,,
,Vote For 1,,,,,,,,,,,,,,,,,,
,,,TOTAL,,VOTE %,,Election Day,,Early Vote,,,Absentee,,Canvass,,Absentee After ED,,Provisional,
REP PATRICK MORRISEY,,716,,66.73%,,229,,480,,,6,,0,,1,,0,,
DEM STEVE WILLIAMS,,232,,21.62%,,77,,145,,,10,,0,,0,,0,,
LBN ERIKA KLIE KOLENICH,,39,,3.63%,,17,,22,,,0,,0,,0,,0,,
MTN CHASE LINKO-LOOPER,,14,,1.30%,,6,,8,,,0,,0,,0,,0,,
CST S. MARSHALL WILSON,,18,,1.68%,,11,,7,,,0,,0,,0,,0,,
Write-In Totals,,0,,0.00%,,0,,0,,,0,,0,,0,,0,,
Total Votes Cast,,"1,019",,94.97%,,340,,662,,,16,,0,,1,,0,,
Overvotes,,0,,0.00%,,0,,0,,,0,,0,,0,,0,,
Undervotes,,54,,5.03%,,24,,30,,,0,,0,,0,,0,,
Contest Totals,,"1,073",,100.00%,,364,,692,,,16,,0,,1,,0,,
,FOR SECRETARY OF STATE,,,,,,,,,,,,,,,,,,
,Vote For 1,,,,,,,,,,,,,,,,,,
,,,TOTAL,,VOTE %,,Election Day,,Early Vote,,,Absentee,,Canvass,,Absentee After ED,,Provisional,
REP KRIS WARNER,,768,,71.58%,,246,,513,,,8,,0,,1,,0,,
DEM THORNTON COOPER,,202,,18.83%,,72,,122,,,8,,0,,0,,0,,
NO CANDIDATE(S) NOMINATED,,0,,0.00%,,0,,0,,,0,,0,,0,,0,,
NO CANDIDATE(S) NOMINATED,,0,,0.00%,,0,,0,,,0,,0,,0,,0,,
Write-In Totals,,0,,0.00%,,0,,0,,,0,,0,,0,,0,,
Total Votes Cast,,970,,90.40%,,318,,635,,,16,,0,,1,,0,,
Overvotes,,0,,0.00%,,0,,0,,,0,,0,,0,,0,,
Undervotes,,103,,9.60%,,46,,57,,,0,,0,,0,,0,,
Contest Totals,,"1,073",,100.00%,,364,,692,,,16,,0,,1,,0,,
,FOR AUDITOR,,,,,,,,,,,,,,,,,,
,Vote For 1,,,,,,,,,,,,,,,,,,
,,,TOTAL,,VOTE %,,Election Day,,Early Vote,,,Absentee,,Canvass,,Absentee After ED,,Provisional,
REP MARK HUNT,,716,,66.73%,,233,,474,,,8,,0,,1,,0,,
DEM MARY ANN ROEBUCK CLAYTOR,,230,,21.44%,,79,,144,,,7,,0,,0,,0,,
NO CANDIDATE(S) NOMINATED,,0,,0.00%,,0,,0,,,0,,0,,0,,0,,
NO CANDIDATE(S) NOMINATED,,0,,0.00%,,0,,0,,,0,,0,,0,,0,,
Write-In Totals,,0,,0.00%,,0,,0,,,0,,0,,0,,0,,
Total Votes Cast,,946,,88.16%,,312,,618,,,15,,0,,1,,0,,
Overvotes,,0,,0.00%,,0,,0,,,0,,0,,0,,0,,
Undervotes,,127,,11.84%,,52,,74,,,1,,0,,0,,0,,
Contest Totals,,"1,073",,100.00%,,364,,692,,,16,,0,,1,,0,,
Precinct Summary - 11/12/2024     2:58 PM,,,,,,,,,,134,,,,,,,,, of 258
Report generated with Electionware Copyright © 2007-2019,,,,,,,,,,,,,,,,,,,
Summary Results Report,,,,,,,,,,OFFICIAL RESULTS,,,,,,,,,
General Election,,,,,,,,,,,,,,,,,,,
"November 5, 2024",,,,,,,,,,"Monongalia County, West Virginia",,,,,,,,,
PRECINCT 52,,,,,,,,,,,,,,,,,,,
,FOR TREASURER,,,,,,,,,,,,,,,,,,
,Vote For 1,,,,,,,,,,,,,,,,,,
,,,TOTAL,,VOTE %,,Election Day,,Early Vote,,,Absentee,,Canvass,,Absentee After ED,,Provisional,
REP LARRY PACK,,845,,78.75%,,285,,550,,,9,,0,,1,,0,,
NO CANDIDATE(S) NOMINATED,,0,,0.00%,,0,,0,,,0,,0,,0,,0,,
NO CANDIDATE(S) NOMINATED,,0,,0.00%,,0,,0,,,0,,0,,0,,0,,
NO CANDIDATE(S) NOMINATED,,0,,0.00%,,0,,0,,,0,,0,,0,,0,,
Write-In Totals,,4,,0.37%,,2,,1,,,1,,0,,0,,0,,
Total Votes Cast,,849,,79.12%,,287,,551,,,10,,0,,1,,0,,
Overvotes,,0,,0.00%,,0,,0,,,0,,0,,0,,0,,
Undervotes,,224,,20.88%,,77,,141,,,6,,0,,0,,0,,
Contest Totals,,"1,073",,100.00%,,364,,692,,,16,,0,,1,,0,,
,FOR COMMISSIONER OF AGRICULTURE,,,,,,,,,,,,,,,,,,
,Vote For 1,,,,,,,,,,,,,,,,,,
,,,TOTAL,,VOTE %,,Election Day,,Early Vote,,,Absentee,,Canvass,,Absentee After ED,,Provisional,
REP KENT LEONHARDT,,826,,76.98%,,275,,541,,,9,,0,,1,,0,,
DEM DEBORAH STILES,,170,,15.84%,,59,,104,,,7,,0,,0,,0,,
NO CANDIDATE(S) NOMINATED,,0,,0.00%,,0,,0,,,0,,0,,0,,0,,
NO CANDIDATE(S) NOMINATED,,0,,0.00%,,0,,0,,,0,,0,,0,,0,,
Write-In Totals,,0,,0.00%,,0,,0,,,0,,0,,0,,0,,
Total Votes Cast,,996,,92.82%,,334,,645,,,16,,0,,1,,0,,
Overvotes,,0,,0.00%,,0,,0,,,0,,0,,0,,0,,
Undervotes,,77,,7.18%,,30,,47,,,0,,0,,0,,0,,
Contest Totals,,"1,073",,100.00%,,364,,692,,,16,,0,,1,,0,,
,FOR ATTORNEY GENERAL,,,,,,,,,,,,,,,,,,
,Vote For 1,,,,,,,,,,,,,,,,,,
,,,TOTAL,,VOTE %,,Election Day,,Early Vote,,,Absentee,,Canvass,,Absentee After ED,,Provisional,
"REP JOHN ""JB"" McCUSKEY",,728,,67.85%,,242,,477,,,8,,0,,1,,0,,
DEM TERESA TORISEVA,,218,,20.32%,,73,,137,,,8,,0,,0,,0,,
NO CANDIDATE(S) NOMINATED,,0,,0.00%,,0,,0,,,0,,0,,0,,0,,
NO CANDIDATE(S) NOMINATED,,0,,0.00%,,0,,0,,,0,,0,,0,,0,,
Write-In Totals,,0,,0.00%,,0,,0,,,0,,0,,0,,0,,
Total Votes Cast,,946,,88.16%,,315,,614,,,16,,0,,1,,0,,
Overvotes,,0,,0.00%,,0,,0,,,0,,0,,0,,0,,
Undervotes,,127,,11.84%,,49,,78,,,0,,0,,0,,0,,
Contest Totals,,"1,073",,100.00%,,364,,692,,,16,,0,,1,,0,,
Precinct Summary - 11/12/2024     2:58 PM,,,,,,,,,,135,,,,,,,,, of 258
Report generated with Electionware Copyright © 2007-2019,,,,,,,,,,,,,,,,,,,
Summary Results Report,,,,,,,,,,OFFICIAL RESULTS,,,,,,,,,
General Election,,,,,,,,,,,,,,,,,,,
"November 5, 2024",,,,,,,,,,"Monongalia County, West Virginia",,,,,,,,,
PRECINCT 52,,,,,,,,,,,,,,,,,,,
,FOR STATE SENATOR 2ND DISTRICT,,,,,,,,,,,,,,,,,,
,Vote For 1,,,,,,,,,,,,,,,,,,
,,,TOTAL,,VOTE %,,Election Day,,Early Vote,,,Absentee,,Canvass,,Absentee After ED,,Provisional,
REP CHRIS ROSE,,874,,81.45%,,294,,570,,,9,,0,,1,,0,,
NO CANDIDATE(S) NOMINATED,,0,,0.00%,,0,,0,,,0,,0,,0,,0,,
NO CANDIDATE(S) NOMINATED,,0,,0.00%,,0,,0,,,0,,0,,0,,0,,
NO CANDIDATE(S) NOMINATED,,0,,0.00%,,0,,0,,,0,,0,,0,,0,,
Write-In Totals,,3,,0.28%,,1,,1,,,1,,0,,0,,0,,
Total Votes Cast,,877,,81.73%,,295,,571,,,10,,0,,1,,0,,
Overvotes,,0,,0.00%,,0,,0,,,0,,0,,0,,0,,
Undervotes,,196,,18.27%,,69,,121,,,6,,0,,0,,0,,
Contest Totals,,"1,073",,100.00%,,364,,692,,,16,,0,,1,,0,,
,FOR MEMBER OF HOUSE OF DELEGATES 77TH DISTRICT,,,,,,,,,,,,,,,,,,
,Vote For 1,,,,,,,,,,,,,,,,,,
,,,TOTAL,,VOTE %,,Election Day,,Early Vote,,,Absentee,,Canvass,,Absentee After ED,,Provisional,
REP JOE STATLER,,911,,84.90%,,303,,596,,,11,,0,,1,,0,,
NO CANDIDATE(S) NOMINATED,,0,,0.00%,,0,,0,,,0,,0,,0,,0,,
NO CANDIDATE(S) NOMINATED,,0,,0.00%,,0,,0,,,0,,0,,0,,0,,
NO CANDIDATE(S) NOMINATED,,0,,0.00%,,0,,0,,,0,,0,,0,,0,,
Write-In Totals,,7,,0.65%,,2,,4,,,1,,0,,0,,0,,
Total Votes Cast,,918,,85.55%,,305,,600,,,12,,0,,1,,0,,
Overvotes,,0,,0.00%,,0,,0,,,0,,0,,0,,0,,
Undervotes,,155,,14.45%,,59,,92,,,4,,0,,0,,0,,
Contest Totals,,"1,073",,100.00%,,364,,692,,,16,,0,,1,,0,,
,FOR COUNTY COMMISSIONER,,,,,,,,,,,,,,,,,,
,Vote For 1,,,,,,,,,,,,,,,,,,
,,,TOTAL,,VOTE %,,Election Day,,Early Vote,,,Absentee,,Canvass,,Absentee After ED,,Provisional,
REP MARYANN (BABICH) FOLZ,,654,,60.95%,,209,,437,,,7,,0,,1,,0,,
DEM TOM  BLOOM,,343,,31.97%,,118,,216,,,9,,0,,0,,0,,
NO CANDIDATE(S) NOMINATED,,0,,0.00%,,0,,0,,,0,,0,,0,,0,,
NO CANDIDATE(S) NOMINATED,,0,,0.00%,,0,,0,,,0,,0,,0,,0,,
Write-In Totals,,0,,0.00%,,0,,0,,,0,,0,,0,,0,,
Total Votes Cast,,997,,92.92%,,327,,653,,,16,,0,,1,,0,,
Overvotes,,0,,0.00%,,0,,0,,,0,,0,,0,,0,,
Undervotes,,76,,7.08%,,37,,39,,,0,,0,,0,,0,,
Contest Totals,,"1,073",,100.00%,,364,,692,,,16,,0,,1,,0,,
Precinct Summary - 11/12/2024     2:58 PM,,,,,,,,,,136,,,,,,,,, of 258
Report generated with Electionware Copyright © 2007-2019,,,,,,,,,,,,,,,,,,,
Summary Results Report,,,,,,,,,,OFFICIAL RESULTS,,,,,,,,,
General Election,,,,,,,,,,,,,,,,,,,
"November 5, 2024",,,,,,,,,,"Monongalia County, West Virginia",,,,,,,,,
PRECINCT 52,,,,,,,,,,,,,,,,,,,
,FOR PROSECUTING ATTORNEY,,,,,,,,,,,,,,,,,,
,Vote For 1,,,,,,,,,,,,,,,,,,
,,,TOTAL,,VOTE %,,Election Day,,Early Vote,,,Absentee,,Canvass,,Absentee After ED,,Provisional,
NO CANDIDATE(S) NOMINATED,,0,,0.00%,,0,,0,,,0,,0,,0,,0,,
"DEM GABRIELLE ""GABE"" MUCCIOLA",,616,,57.41%,,219,,383,,,13,,0,,1,,0,,
NO CANDIDATE(S) NOMINATED,,0,,0.00%,,0,,0,,,0,,0,,0,,0,,
NO CANDIDATE(S) NOMINATED,,0,,0.00%,,0,,0,,,0,,0,,0,,0,,
Write-In Totals,,4,,0.37%,,0,,4,,,0,,0,,0,,0,,
Total Votes Cast,,620,,57.78%,,219,,387,,,13,,0,,1,,0,,
Overvotes,,0,,0.00%,,0,,0,,,0,,0,,0,,0,,
Undervotes,,453,,42.22%,,145,,305,,,3,,0,,0,,0,,
Contest Totals,,"1,073",,100.00%,,364,,692,,,16,,0,,1,,0,,
,FOR SHERIFF,,,,,,,,,,,,,,,,,,
,Vote For 1,,,,,,,,,,,,,,,,,,
,,,TOTAL,,VOTE %,,Election Day,,Early Vote,,,Absentee,,Canvass,,Absentee After ED,,Provisional,
REP JASON MORGAN,,630,,58.71%,,214,,408,,,7,,0,,1,,0,,
DEM TODD FORBES,,370,,34.48%,,117,,244,,,9,,0,,0,,0,,
NO CANDIDATE(S) NOMINATED,,0,,0.00%,,0,,0,,,0,,0,,0,,0,,
NO CANDIDATE(S) NOMINATED,,0,,0.00%,,0,,0,,,0,,0,,0,,0,,
Write-In Totals,,0,,0.00%,,0,,0,,,0,,0,,0,,0,,
Total Votes Cast,,"1,000",,93.20%,,331,,652,,,16,,0,,1,,0,,
Overvotes,,0,,0.00%,,0,,0,,,0,,0,,0,,0,,
Undervotes,,73,,6.80%,,33,,40,,,0,,0,,0,,0,,
Contest Totals,,"1,073",,100.00%,,364,,692,,,16,,0,,1,,0,,
,FOR ASSESSOR,,,,,,,,,,,,,,,,,,
,Vote For 1,,,,,,,,,,,,,,,,,,
,,,TOTAL,,VOTE %,,Election Day,,Early Vote,,,Absentee,,Canvass,,Absentee After ED,,Provisional,
REP RICH JACOBS,,567,,52.84%,,190,,372,,,4,,0,,1,,0,,
DEM MARK A. MUSICK,,419,,39.05%,,139,,269,,,11,,0,,0,,0,,
NO CANDIDATE(S) NOMINATED,,0,,0.00%,,0,,0,,,0,,0,,0,,0,,
NO CANDIDATE(S) NOMINATED,,0,,0.00%,,0,,0,,,0,,0,,0,,0,,
Write-In Totals,,0,,0.00%,,0,,0,,,0,,0,,0,,0,,
Total Votes Cast,,986,,91.89%,,329,,641,,,15,,0,,1,,0,,
Overvotes,,0,,0.00%,,0,,0,,,0,,0,,0,,0,,
Undervotes,,87,,8.11%,,35,,51,,,1,,0,,0,,0,,
Contest Totals,,"1,073",,100.00%,,364,,692,,,16,,0,,1,,0,,
Precinct Summary - 11/12/2024     2:58 PM,,,,,,,,,,137,,,,,,,,, of 258
Report generated with Electionware Copyright © 2007-2019,,,,,,,,,,,,,,,,,,,
Summary Results Report,,,,,,,,,,OFFICIAL RESULTS,,,,,,,,,
General Election,,,,,,,,,,,,,,,,,,,
"November 5, 2024",,,,,,,,,,"Monongalia County, West Virginia",,,,,,,,,
PRECINCT 52,,,,,,,,,,,,,,,,,,,
,FOR SURVEYOR,,,,,,,,,,,,,,,,,,
,Vote For 1,,,,,,,,,,,,,,,,,,
,,,TOTAL,,VOTE %,,Election Day,,Early Vote,,,Absentee,,Canvass,,Absentee After ED,,Provisional,
REP BOB ANDRIOTTO,,850,,79.22%,,286,,554,,,9,,0,,1,,0,,
NO CANDIDATE(S) NOMINATED,,0,,0.00%,,0,,0,,,0,,0,,0,,0,,
NO CANDIDATE(S) NOMINATED,,0,,0.00%,,0,,0,,,0,,0,,0,,0,,
NO CANDIDATE(S) NOMINATED,,0,,0.00%,,0,,0,,,0,,0,,0,,0,,
Write-In Totals,,0,,0.00%,,0,,0,,,0,,0,,0,,0,,
Total Votes Cast,,850,,79.22%,,286,,554,,,9,,0,,1,,0,,
Overvotes,,0,,0.00%,,0,,0,,,0,,0,,0,,0,,
Undervotes,,223,,20.78%,,78,,138,,,7,,0,,0,,0,,
Contest Totals,,"1,073",,100.00%,,364,,692,,,16,,0,,1,,0,,
,AMENDMENT NO. 1,,,,,,,,,,,,,,,,,,
,Vote For 1,,,,,,,,,,,,,,,,,,
,,,TOTAL,,VOTE %,,Election Day,,Early Vote,,,Absentee,,Canvass,,Absentee After ED,,Provisional,
For,,425,,39.61%,,138,,277,,,9,,0,,1,,0,,
Against,,480,,44.73%,,169,,306,,,5,,0,,0,,0,,
Total Votes Cast,,905,,84.34%,,307,,583,,,14,,0,,1,,0,,
Overvotes,,0,,0.00%,,0,,0,,,0,,0,,0,,0,,
Undervotes,,168,,15.66%,,57,,109,,,2,,0,,0,,0,,
Contest Totals,,"1,073",,100.00%,,364,,692,,,16,,0,,1,,0,,
Precinct Summary - 11/12/2024     2:58 PM,,,,,,,,,,138,,,,,,,,, of 258
Report generated with Electionware Copyright © 2007-2019,,,,,,,,,,,,,,,,,,,
Summary Results Report,,,,,,,,,,OFFICIAL RESULTS,,,,,,,,,
General Election,,,,,,,,,,,,,,,,,,,
"November 5, 2024",,,,,,,,,,"Monongalia County, West Virginia",,,,,,,,,
PRECINCT 58,,,,,,,,,,,,,,,,,,,
Statistics,,TOTAL,,Election Day,,Early Vote,,Absentee,,,Canvass,,Absentee After ED,,Provisional,,,,
Registered Voters - Total,,"1,451",,,,,,,,,,,,,,,,,
Ballots Cast - Total,,996,,399,,581,,12,,,0,,2,,2,,,,
Ballots Cast - Blank,,0,,0,,0,,0,,,0,,0,,0,,,,
Voter Turnout - Total,,68.64%,,,,,,,,,,,,,,,,,
,FOR PRESIDENT,,,,,,,,,,,,,,,,,,
,Vote For 1,,,,,,,,,,,,,,,,,,
,,,TOTAL,,VOTE %,,Election Day,,Early Vote,,,Absentee,,Canvass,,Absentee After ED,,Provisional,
REP DONALD J. TRUMP,,694,,69.68%,,275,,412,,,5,,0,,0,,2,,
DEM KAMALA D. HARRIS,,274,,27.51%,,112,,154,,,7,,0,,1,,0,,
LBN CHASE OLIVER,,6,,0.60%,,3,,2,,,0,,0,,1,,0,,
MTN JILL STEIN,,3,,0.30%,,0,,3,,,0,,0,,0,,0,,
IND ROBERT F. KENNEDY JR.,,10,,1.00%,,5,,5,,,0,,0,,0,,0,,
Write-In Totals,,5,,0.50%,,2,,3,,,0,,0,,0,,0,,
Total Votes Cast,,992,,99.60%,,397,,579,,,12,,0,,2,,2,,
Overvotes,,0,,0.00%,,0,,0,,,0,,0,,0,,0,,
Undervotes,,4,,0.40%,,2,,2,,,0,,0,,0,,0,,
Contest Totals,,996,,100.00%,,399,,581,,,12,,0,,2,,2,,
,FOR U.S. SENATOR,,,,,,,,,,,,,,,,,,
,Vote For 1,,,,,,,,,,,,,,,,,,
,,,TOTAL,,VOTE %,,Election Day,,Early Vote,,,Absentee,,Canvass,,Absentee After ED,,Provisional,
REP JIM JUSTICE,,663,,66.57%,,264,,395,,,3,,0,,0,,1,,
DEM GLENN ELLIOTT,,258,,25.90%,,97,,152,,,7,,0,,1,,1,,
LBN DAVID MORAN,,52,,5.22%,,27,,23,,,1,,0,,1,,0,,
NO CANDIDATE(S) NOMINATED,,0,,0.00%,,0,,0,,,0,,0,,0,,0,,
Write-In Totals,,2,,0.20%,,2,,0,,,0,,0,,0,,0,,
Total Votes Cast,,975,,97.89%,,390,,570,,,11,,0,,2,,2,,
Overvotes,,0,,0.00%,,0,,0,,,0,,0,,0,,0,,
Undervotes,,21,,2.11%,,9,,11,,,1,,0,,0,,0,,
Contest Totals,,996,,100.00%,,399,,581,,,12,,0,,2,,2,,
,FOR U.S. HOUSE OF REPS 2ND DIST,,,,,,,,,,,,,,,,,,
,Vote For 1,,,,,,,,,,,,,,,,,,
,,,TOTAL,,VOTE %,,Election Day,,Early Vote,,,Absentee,,Canvass,,Absentee After ED,,Provisional,
REP RILEY MOORE,,648,,65.06%,,257,,384,,,4,,0,,1,,2,,
DEM STEVEN WENDELIN,,264,,26.51%,,107,,149,,,7,,0,,1,,0,,
NO CANDIDATE(S) NOMINATED,,0,,0.00%,,0,,0,,,0,,0,,0,,0,,
NO CANDIDATE(S) NOMINATED,,0,,0.00%,,0,,0,,,0,,0,,0,,0,,
Write-In Totals,,1,,0.10%,,1,,0,,,0,,0,,0,,0,,
Total Votes Cast,,913,,91.67%,,365,,533,,,11,,0,,2,,2,,
Overvotes,,0,,0.00%,,0,,0,,,0,,0,,0,,0,,
Undervotes,,83,,8.33%,,34,,48,,,1,,0,,0,,0,,
Contest Totals,,996,,100.00%,,399,,581,,,12,,0,,2,,2,,
Precinct Summary - 11/12/2024     2:58 PM,,,,,,,,,,139,,,,,,,,, of 258
Report generated with Electionware Copyright © 2007-2019,,,,,,,,,,,,,,,,,,,
Summary Results Report,,,,,,,,,,OFFICIAL RESULTS,,,,,,,,,
General Election,,,,,,,,,,,,,,,,,,,
"November 5, 2024",,,,,,,,,,"Monongalia County, West Virginia",,,,,,,,,
PRECINCT 58,,,,,,,,,,,,,,,,,,,
,FOR GOVERNOR,,,,,,,,,,,,,,,,,,
,Vote For 1,,,,,,,,,,,,,,,,,,
,,,TOTAL,,VOTE %,,Election Day,,Early Vote,,,Absentee,,Canvass,,Absentee After ED,,Provisional,
REP PATRICK MORRISEY,,610,,61.24%,,242,,364,,,3,,0,,0,,1,,
DEM STEVE WILLIAMS,,280,,28.11%,,113,,159,,,6,,0,,1,,1,,
LBN ERIKA KLIE KOLENICH,,39,,3.92%,,17,,19,,,2,,0,,1,,0,,
MTN CHASE LINKO-LOOPER,,11,,1.10%,,7,,4,,,0,,0,,0,,0,,
CST S. MARSHALL WILSON,,17,,1.71%,,9,,8,,,0,,0,,0,,0,,
Write-In Totals,,0,,0.00%,,0,,0,,,0,,0,,0,,0,,
Total Votes Cast,,957,,96.08%,,388,,554,,,11,,0,,2,,2,,
Overvotes,,0,,0.00%,,0,,0,,,0,,0,,0,,0,,
Undervotes,,39,,3.92%,,11,,27,,,1,,0,,0,,0,,
Contest Totals,,996,,100.00%,,399,,581,,,12,,0,,2,,2,,
,FOR SECRETARY OF STATE,,,,,,,,,,,,,,,,,,
,Vote For 1,,,,,,,,,,,,,,,,,,
,,,TOTAL,,VOTE %,,Election Day,,Early Vote,,,Absentee,,Canvass,,Absentee After ED,,Provisional,
REP KRIS WARNER,,666,,66.87%,,256,,404,,,3,,0,,1,,2,,
DEM THORNTON COOPER,,272,,27.31%,,114,,149,,,8,,0,,1,,0,,
NO CANDIDATE(S) NOMINATED,,0,,0.00%,,0,,0,,,0,,0,,0,,0,,
NO CANDIDATE(S) NOMINATED,,0,,0.00%,,0,,0,,,0,,0,,0,,0,,
Write-In Totals,,2,,0.20%,,1,,1,,,0,,0,,0,,0,,
Total Votes Cast,,940,,94.38%,,371,,554,,,11,,0,,2,,2,,
Overvotes,,0,,0.00%,,0,,0,,,0,,0,,0,,0,,
Undervotes,,56,,5.62%,,28,,27,,,1,,0,,0,,0,,
Contest Totals,,996,,100.00%,,399,,581,,,12,,0,,2,,2,,
,FOR AUDITOR,,,,,,,,,,,,,,,,,,
,Vote For 1,,,,,,,,,,,,,,,,,,
,,,TOTAL,,VOTE %,,Election Day,,Early Vote,,,Absentee,,Canvass,,Absentee After ED,,Provisional,
REP MARK HUNT,,643,,64.56%,,258,,380,,,4,,0,,1,,0,,
DEM MARY ANN ROEBUCK CLAYTOR,,283,,28.41%,,108,,165,,,7,,0,,1,,2,,
NO CANDIDATE(S) NOMINATED,,0,,0.00%,,0,,0,,,0,,0,,0,,0,,
NO CANDIDATE(S) NOMINATED,,0,,0.00%,,0,,0,,,0,,0,,0,,0,,
Write-In Totals,,1,,0.10%,,1,,0,,,0,,0,,0,,0,,
Total Votes Cast,,927,,93.07%,,367,,545,,,11,,0,,2,,2,,
Overvotes,,0,,0.00%,,0,,0,,,0,,0,,0,,0,,
Undervotes,,69,,6.93%,,32,,36,,,1,,0,,0,,0,,
Contest Totals,,996,,100.00%,,399,,581,,,12,,0,,2,,2,,
Precinct Summary - 11/12/2024     2:58 PM,,,,,,,,,,140,,,,,,,,, of 258
Report generated with Electionware Copyright © 2007-2019,,,,,,,,,,,,,,,,,,,
Summary Results Report,,,,,,,,,,OFFICIAL RESULTS,,,,,,,,,
General Election,,,,,,,,,,,,,,,,,,,
"November 5, 2024",,,,,,,,,,"Monongalia County, West Virginia",,,,,,,,,
PRECINCT 58,,,,,,,,,,,,,,,,,,,
,FOR TREASURER,,,,,,,,,,,,,,,,,,
,Vote For 1,,,,,,,,,,,,,,,,,,
,,,TOTAL,,VOTE %,,Election Day,,Early Vote,,,Absentee,,Canvass,,Absentee After ED,,Provisional,
REP LARRY PACK,,801,,80.42%,,325,,466,,,6,,0,,2,,2,,
NO CANDIDATE(S) NOMINATED,,0,,0.00%,,0,,0,,,0,,0,,0,,0,,
NO CANDIDATE(S) NOMINATED,,0,,0.00%,,0,,0,,,0,,0,,0,,0,,
NO CANDIDATE(S) NOMINATED,,0,,0.00%,,0,,0,,,0,,0,,0,,0,,
Write-In Totals,,4,,0.40%,,2,,2,,,0,,0,,0,,0,,
Total Votes Cast,,805,,80.82%,,327,,468,,,6,,0,,2,,2,,
Overvotes,,0,,0.00%,,0,,0,,,0,,0,,0,,0,,
Undervotes,,191,,19.18%,,72,,113,,,6,,0,,0,,0,,
Contest Totals,,996,,100.00%,,399,,581,,,12,,0,,2,,2,,
,FOR COMMISSIONER OF AGRICULTURE,,,,,,,,,,,,,,,,,,
,Vote For 1,,,,,,,,,,,,,,,,,,
,,,TOTAL,,VOTE %,,Election Day,,Early Vote,,,Absentee,,Canvass,,Absentee After ED,,Provisional,
REP KENT LEONHARDT,,685,,68.78%,,262,,416,,,4,,0,,1,,2,,
DEM DEBORAH STILES,,248,,24.90%,,106,,133,,,8,,0,,1,,0,,
NO CANDIDATE(S) NOMINATED,,0,,0.00%,,0,,0,,,0,,0,,0,,0,,
NO CANDIDATE(S) NOMINATED,,0,,0.00%,,0,,0,,,0,,0,,0,,0,,
Write-In Totals,,2,,0.20%,,1,,1,,,0,,0,,0,,0,,
Total Votes Cast,,935,,93.88%,,369,,550,,,12,,0,,2,,2,,
Overvotes,,0,,0.00%,,0,,0,,,0,,0,,0,,0,,
Undervotes,,61,,6.12%,,30,,31,,,0,,0,,0,,0,,
Contest Totals,,996,,100.00%,,399,,581,,,12,,0,,2,,2,,
,FOR ATTORNEY GENERAL,,,,,,,,,,,,,,,,,,
,Vote For 1,,,,,,,,,,,,,,,,,,
,,,TOTAL,,VOTE %,,Election Day,,Early Vote,,,Absentee,,Canvass,,Absentee After ED,,Provisional,
"REP JOHN ""JB"" McCUSKEY",,655,,65.76%,,259,,390,,,4,,0,,1,,1,,
DEM TERESA TORISEVA,,272,,27.31%,,112,,151,,,7,,0,,1,,1,,
NO CANDIDATE(S) NOMINATED,,0,,0.00%,,0,,0,,,0,,0,,0,,0,,
NO CANDIDATE(S) NOMINATED,,0,,0.00%,,0,,0,,,0,,0,,0,,0,,
Write-In Totals,,3,,0.30%,,0,,3,,,0,,0,,0,,0,,
Total Votes Cast,,930,,93.37%,,371,,544,,,11,,0,,2,,2,,
Overvotes,,0,,0.00%,,0,,0,,,0,,0,,0,,0,,
Undervotes,,66,,6.63%,,28,,37,,,1,,0,,0,,0,,
Contest Totals,,996,,100.00%,,399,,581,,,12,,0,,2,,2,,
Precinct Summary - 11/12/2024     2:58 PM,,,,,,,,,,141,,,,,,,,, of 258
Report generated with Electionware Copyright © 2007-2019,,,,,,,,,,,,,,,,,,,
Summary Results Report,,,,,,,,,,OFFICIAL RESULTS,,,,,,,,,
General Election,,,,,,,,,,,,,,,,,,,
"November 5, 2024",,,,,,,,,,"Monongalia County, West Virginia",,,,,,,,,
PRECINCT 58,,,,,,,,,,,,,,,,,,,
,FOR STATE SENATOR 2ND DISTRICT,,,,,,,,,,,,,,,,,,
,Vote For 1,,,,,,,,,,,,,,,,,,
,,,TOTAL,,VOTE %,,Election Day,,Early Vote,,,Absentee,,Canvass,,Absentee After ED,,Provisional,
REP CHRIS ROSE,,806,,80.92%,,322,,475,,,5,,0,,2,,2,,
NO CANDIDATE(S) NOMINATED,,0,,0.00%,,0,,0,,,0,,0,,0,,0,,
NO CANDIDATE(S) NOMINATED,,0,,0.00%,,0,,0,,,0,,0,,0,,0,,
NO CANDIDATE(S) NOMINATED,,0,,0.00%,,0,,0,,,0,,0,,0,,0,,
Write-In Totals,,5,,0.50%,,2,,3,,,0,,0,,0,,0,,
Total Votes Cast,,811,,81.43%,,324,,478,,,5,,0,,2,,2,,
Overvotes,,0,,0.00%,,0,,0,,,0,,0,,0,,0,,
Undervotes,,185,,18.57%,,75,,103,,,7,,0,,0,,0,,
Contest Totals,,996,,100.00%,,399,,581,,,12,,0,,2,,2,,
,FOR MEMBER OF HOUSE OF DELEGATES 77TH DISTRICT,,,,,,,,,,,,,,,,,,
,Vote For 1,,,,,,,,,,,,,,,,,,
,,,TOTAL,,VOTE %,,Election Day,,Early Vote,,,Absentee,,Canvass,,Absentee After ED,,Provisional,
REP JOE STATLER,,822,,82.53%,,334,,480,,,5,,0,,1,,2,,
NO CANDIDATE(S) NOMINATED,,0,,0.00%,,0,,0,,,0,,0,,0,,0,,
NO CANDIDATE(S) NOMINATED,,0,,0.00%,,0,,0,,,0,,0,,0,,0,,
NO CANDIDATE(S) NOMINATED,,0,,0.00%,,0,,0,,,0,,0,,0,,0,,
Write-In Totals,,7,,0.70%,,3,,4,,,0,,0,,0,,0,,
Total Votes Cast,,829,,83.23%,,337,,484,,,5,,0,,1,,2,,
Overvotes,,0,,0.00%,,0,,0,,,0,,0,,0,,0,,
Undervotes,,167,,16.77%,,62,,97,,,7,,0,,1,,0,,
Contest Totals,,996,,100.00%,,399,,581,,,12,,0,,2,,2,,
,FOR COUNTY COMMISSIONER,,,,,,,,,,,,,,,,,,
,Vote For 1,,,,,,,,,,,,,,,,,,
,,,TOTAL,,VOTE %,,Election Day,,Early Vote,,,Absentee,,Canvass,,Absentee After ED,,Provisional,
REP MARYANN (BABICH) FOLZ,,561,,56.33%,,213,,341,,,4,,0,,2,,1,,
DEM TOM  BLOOM,,395,,39.66%,,170,,216,,,8,,0,,0,,1,,
NO CANDIDATE(S) NOMINATED,,0,,0.00%,,0,,0,,,0,,0,,0,,0,,
NO CANDIDATE(S) NOMINATED,,0,,0.00%,,0,,0,,,0,,0,,0,,0,,
Write-In Totals,,1,,0.10%,,0,,1,,,0,,0,,0,,0,,
Total Votes Cast,,957,,96.08%,,383,,558,,,12,,0,,2,,2,,
Overvotes,,0,,0.00%,,0,,0,,,0,,0,,0,,0,,
Undervotes,,39,,3.92%,,16,,23,,,0,,0,,0,,0,,
Contest Totals,,996,,100.00%,,399,,581,,,12,,0,,2,,2,,
Precinct Summary - 11/12/2024     2:58 PM,,,,,,,,,,142,,,,,,,,, of 258
Report generated with Electionware Copyright © 2007-2019,,,,,,,,,,,,,,,,,,,
Summary Results Report,,,,,,,,,,OFFICIAL RESULTS,,,,,,,,,
General Election,,,,,,,,,,,,,,,,,,,
"November 5, 2024",,,,,,,,,,"Monongalia County, West Virginia",,,,,,,,,
PRECINCT 58,,,,,,,,,,,,,,,,,,,
,FOR PROSECUTING ATTORNEY,,,,,,,,,,,,,,,,,,
,Vote For 1,,,,,,,,,,,,,,,,,,
,,,TOTAL,,VOTE %,,Election Day,,Early Vote,,,Absentee,,Canvass,,Absentee After ED,,Provisional,
NO CANDIDATE(S) NOMINATED,,0,,0.00%,,0,,0,,,0,,0,,0,,0,,
"DEM GABRIELLE ""GABE"" MUCCIOLA",,627,,62.95%,,263,,352,,,9,,0,,1,,2,,
NO CANDIDATE(S) NOMINATED,,0,,0.00%,,0,,0,,,0,,0,,0,,0,,
NO CANDIDATE(S) NOMINATED,,0,,0.00%,,0,,0,,,0,,0,,0,,0,,
Write-In Totals,,29,,2.91%,,11,,18,,,0,,0,,0,,0,,
Total Votes Cast,,656,,65.86%,,274,,370,,,9,,0,,1,,2,,
Overvotes,,0,,0.00%,,0,,0,,,0,,0,,0,,0,,
Undervotes,,340,,34.14%,,125,,211,,,3,,0,,1,,0,,
Contest Totals,,996,,100.00%,,399,,581,,,12,,0,,2,,2,,
,FOR SHERIFF,,,,,,,,,,,,,,,,,,
,Vote For 1,,,,,,,,,,,,,,,,,,
,,,TOTAL,,VOTE %,,Election Day,,Early Vote,,,Absentee,,Canvass,,Absentee After ED,,Provisional,
REP JASON MORGAN,,575,,57.73%,,234,,334,,,4,,0,,1,,2,,
DEM TODD FORBES,,364,,36.55%,,145,,210,,,8,,0,,1,,0,,
NO CANDIDATE(S) NOMINATED,,0,,0.00%,,0,,0,,,0,,0,,0,,0,,
NO CANDIDATE(S) NOMINATED,,0,,0.00%,,0,,0,,,0,,0,,0,,0,,
Write-In Totals,,2,,0.20%,,1,,1,,,0,,0,,0,,0,,
Total Votes Cast,,941,,94.48%,,380,,545,,,12,,0,,2,,2,,
Overvotes,,0,,0.00%,,0,,0,,,0,,0,,0,,0,,
Undervotes,,55,,5.52%,,19,,36,,,0,,0,,0,,0,,
Contest Totals,,996,,100.00%,,399,,581,,,12,,0,,2,,2,,
,FOR ASSESSOR,,,,,,,,,,,,,,,,,,
,Vote For 1,,,,,,,,,,,,,,,,,,
,,,TOTAL,,VOTE %,,Election Day,,Early Vote,,,Absentee,,Canvass,,Absentee After ED,,Provisional,
REP RICH JACOBS,,504,,50.60%,,210,,287,,,5,,0,,1,,1,,
DEM MARK A. MUSICK,,445,,44.68%,,169,,267,,,7,,0,,1,,1,,
NO CANDIDATE(S) NOMINATED,,0,,0.00%,,0,,0,,,0,,0,,0,,0,,
NO CANDIDATE(S) NOMINATED,,0,,0.00%,,0,,0,,,0,,0,,0,,0,,
Write-In Totals,,0,,0.00%,,0,,0,,,0,,0,,0,,0,,
Total Votes Cast,,949,,95.28%,,379,,554,,,12,,0,,2,,2,,
Overvotes,,0,,0.00%,,0,,0,,,0,,0,,0,,0,,
Undervotes,,47,,4.72%,,20,,27,,,0,,0,,0,,0,,
Contest Totals,,996,,100.00%,,399,,581,,,12,,0,,2,,2,,
Precinct Summary - 11/12/2024     2:58 PM,,,,,,,,,,143,,,,,,,,, of 258
Report generated with Electionware Copyright © 2007-2019,,,,,,,,,,,,,,,,,,,
Summary Results Report,,,,,,,,,,OFFICIAL RESULTS,,,,,,,,,
General Election,,,,,,,,,,,,,,,,,,,
"November 5, 2024",,,,,,,,,,"Monongalia County, West Virginia",,,,,,,,,
PRECINCT 58,,,,,,,,,,,,,,,,,,,
,FOR SURVEYOR,,,,,,,,,,,,,,,,,,
,Vote For 1,,,,,,,,,,,,,,,,,,
,,,TOTAL,,VOTE %,,Election Day,,Early Vote,,,Absentee,,Canvass,,Absentee After ED,,Provisional,
REP BOB ANDRIOTTO,,809,,81.22%,,328,,472,,,5,,0,,2,,2,,
NO CANDIDATE(S) NOMINATED,,0,,0.00%,,0,,0,,,0,,0,,0,,0,,
NO CANDIDATE(S) NOMINATED,,0,,0.00%,,0,,0,,,0,,0,,0,,0,,
NO CANDIDATE(S) NOMINATED,,0,,0.00%,,0,,0,,,0,,0,,0,,0,,
Write-In Totals,,2,,0.20%,,1,,1,,,0,,0,,0,,0,,
Total Votes Cast,,811,,81.43%,,329,,473,,,5,,0,,2,,2,,
Overvotes,,0,,0.00%,,0,,0,,,0,,0,,0,,0,,
Undervotes,,185,,18.57%,,70,,108,,,7,,0,,0,,0,,
Contest Totals,,996,,100.00%,,399,,581,,,12,,0,,2,,2,,
,AMENDMENT NO. 1,,,,,,,,,,,,,,,,,,
,Vote For 1,,,,,,,,,,,,,,,,,,
,,,TOTAL,,VOTE %,,Election Day,,Early Vote,,,Absentee,,Canvass,,Absentee After ED,,Provisional,
For,,411,,41.27%,,159,,248,,,3,,0,,0,,1,,
Against,,452,,45.38%,,193,,248,,,9,,0,,2,,0,,
Total Votes Cast,,863,,86.65%,,352,,496,,,12,,0,,2,,1,,
Overvotes,,0,,0.00%,,0,,0,,,0,,0,,0,,0,,
Undervotes,,133,,13.35%,,47,,85,,,0,,0,,0,,1,,
Contest Totals,,996,,100.00%,,399,,581,,,12,,0,,2,,2,,
Precinct Summary - 11/12/2024     2:58 PM,,,,,,,,,,144,,,,,,,,, of 258
Report generated with Electionware Copyright © 2007-2019,,,,,,,,,,,,,,,,,,,
Summary Results Report,,,,,,,,,,OFFICIAL RESULTS,,,,,,,,,
General Election,,,,,,,,,,,,,,,,,,,
"November 5, 2024",,,,,,,,,,"Monongalia County, West Virginia",,,,,,,,,
PRECINCT 59,,,,,,,,,,,,,,,,,,,
Statistics,,TOTAL,,Election Day,,Early Vote,,Absentee,,,Canvass,,Absentee After ED,,Provisional,,,,
Registered Voters - Total,,"1,239",,,,,,,,,,,,,,,,,
Ballots Cast - Total,,928,,366,,539,,19,,,0,,3,,1,,,,
Ballots Cast - Blank,,0,,0,,0,,0,,,0,,0,,0,,,,
Voter Turnout - Total,,74.90%,,,,,,,,,,,,,,,,,
,FOR PRESIDENT,,,,,,,,,,,,,,,,,,
,Vote For 1,,,,,,,,,,,,,,,,,,
,,,TOTAL,,VOTE %,,Election Day,,Early Vote,,,Absentee,,Canvass,,Absentee After ED,,Provisional,
REP DONALD J. TRUMP,,516,,55.60%,,234,,270,,,9,,0,,2,,1,,
DEM KAMALA D. HARRIS,,386,,41.59%,,120,,255,,,10,,0,,1,,0,,
LBN CHASE OLIVER,,5,,0.54%,,3,,2,,,0,,0,,0,,0,,
MTN JILL STEIN,,2,,0.22%,,2,,0,,,0,,0,,0,,0,,
IND ROBERT F. KENNEDY JR.,,7,,0.75%,,3,,4,,,0,,0,,0,,0,,
Write-In Totals,,3,,0.32%,,2,,1,,,0,,0,,0,,0,,
Total Votes Cast,,919,,99.03%,,364,,532,,,19,,0,,3,,1,,
Overvotes,,0,,0.00%,,0,,0,,,0,,0,,0,,0,,
Undervotes,,9,,0.97%,,2,,7,,,0,,0,,0,,0,,
Contest Totals,,928,,100.00%,,366,,539,,,19,,0,,3,,1,,
,FOR U.S. SENATOR,,,,,,,,,,,,,,,,,,
,Vote For 1,,,,,,,,,,,,,,,,,,
,,,TOTAL,,VOTE %,,Election Day,,Early Vote,,,Absentee,,Canvass,,Absentee After ED,,Provisional,
REP JIM JUSTICE,,512,,55.17%,,220,,283,,,8,,0,,1,,0,,
DEM GLENN ELLIOTT,,354,,38.15%,,113,,228,,,11,,0,,1,,1,,
LBN DAVID MORAN,,40,,4.31%,,24,,16,,,0,,0,,0,,0,,
NO CANDIDATE(S) NOMINATED,,0,,0.00%,,0,,0,,,0,,0,,0,,0,,
Write-In Totals,,2,,0.22%,,0,,2,,,0,,0,,0,,0,,
Total Votes Cast,,908,,97.84%,,357,,529,,,19,,0,,2,,1,,
Overvotes,,0,,0.00%,,0,,0,,,0,,0,,0,,0,,
Undervotes,,20,,2.16%,,9,,10,,,0,,0,,1,,0,,
Contest Totals,,928,,100.00%,,366,,539,,,19,,0,,3,,1,,
,FOR U.S. HOUSE OF REPS 2ND DIST,,,,,,,,,,,,,,,,,,
,Vote For 1,,,,,,,,,,,,,,,,,,
,,,TOTAL,,VOTE %,,Election Day,,Early Vote,,,Absentee,,Canvass,,Absentee After ED,,Provisional,
REP RILEY MOORE,,507,,54.63%,,229,,270,,,6,,0,,2,,0,,
DEM STEVEN WENDELIN,,369,,39.76%,,117,,239,,,12,,0,,1,,0,,
NO CANDIDATE(S) NOMINATED,,0,,0.00%,,0,,0,,,0,,0,,0,,0,,
NO CANDIDATE(S) NOMINATED,,0,,0.00%,,0,,0,,,0,,0,,0,,0,,
Write-In Totals,,1,,0.11%,,1,,0,,,0,,0,,0,,0,,
Total Votes Cast,,877,,94.50%,,347,,509,,,18,,0,,3,,0,,
Overvotes,,0,,0.00%,,0,,0,,,0,,0,,0,,0,,
Undervotes,,51,,5.50%,,19,,30,,,1,,0,,0,,1,,
Contest Totals,,928,,100.00%,,366,,539,,,19,,0,,3,,1,,
Precinct Summary - 11/12/2024     2:58 PM,,,,,,,,,,145,,,,,,,,, of 258
Report generated with Electionware Copyright © 2007-2019,,,,,,,,,,,,,,,,,,,
Summary Results Report,,,,,,,,,,OFFICIAL RESULTS,,,,,,,,,
General Election,,,,,,,,,,,,,,,,,,,
"November 5, 2024",,,,,,,,,,"Monongalia County, West Virginia",,,,,,,,,
PRECINCT 59,,,,,,,,,,,,,,,,,,,
,FOR GOVERNOR,,,,,,,,,,,,,,,,,,
,Vote For 1,,,,,,,,,,,,,,,,,,
,,,TOTAL,,VOTE %,,Election Day,,Early Vote,,,Absentee,,Canvass,,Absentee After ED,,Provisional,
REP PATRICK MORRISEY,,463,,49.89%,,206,,249,,,7,,0,,1,,0,,
DEM STEVE WILLIAMS,,371,,39.98%,,107,,250,,,12,,0,,1,,1,,
LBN ERIKA KLIE KOLENICH,,41,,4.42%,,24,,17,,,0,,0,,0,,0,,
MTN CHASE LINKO-LOOPER,,8,,0.86%,,5,,3,,,0,,0,,0,,0,,
CST S. MARSHALL WILSON,,9,,0.97%,,6,,3,,,0,,0,,0,,0,,
Write-In Totals,,1,,0.11%,,1,,0,,,0,,0,,0,,0,,
Total Votes Cast,,893,,96.23%,,349,,522,,,19,,0,,2,,1,,
Overvotes,,0,,0.00%,,0,,0,,,0,,0,,0,,0,,
Undervotes,,35,,3.77%,,17,,17,,,0,,0,,1,,0,,
Contest Totals,,928,,100.00%,,366,,539,,,19,,0,,3,,1,,
,FOR SECRETARY OF STATE,,,,,,,,,,,,,,,,,,
,Vote For 1,,,,,,,,,,,,,,,,,,
,,,TOTAL,,VOTE %,,Election Day,,Early Vote,,,Absentee,,Canvass,,Absentee After ED,,Provisional,
REP KRIS WARNER,,512,,55.17%,,233,,270,,,7,,0,,2,,0,,
DEM THORNTON COOPER,,362,,39.01%,,109,,240,,,11,,0,,1,,1,,
NO CANDIDATE(S) NOMINATED,,0,,0.00%,,0,,0,,,0,,0,,0,,0,,
NO CANDIDATE(S) NOMINATED,,0,,0.00%,,0,,0,,,0,,0,,0,,0,,
Write-In Totals,,0,,0.00%,,0,,0,,,0,,0,,0,,0,,
Total Votes Cast,,874,,94.18%,,342,,510,,,18,,0,,3,,1,,
Overvotes,,0,,0.00%,,0,,0,,,0,,0,,0,,0,,
Undervotes,,54,,5.82%,,24,,29,,,1,,0,,0,,0,,
Contest Totals,,928,,100.00%,,366,,539,,,19,,0,,3,,1,,
,FOR AUDITOR,,,,,,,,,,,,,,,,,,
,Vote For 1,,,,,,,,,,,,,,,,,,
,,,TOTAL,,VOTE %,,Election Day,,Early Vote,,,Absentee,,Canvass,,Absentee After ED,,Provisional,
REP MARK HUNT,,470,,50.65%,,220,,242,,,6,,0,,2,,0,,
DEM MARY ANN ROEBUCK CLAYTOR,,385,,41.49%,,118,,252,,,13,,0,,1,,1,,
NO CANDIDATE(S) NOMINATED,,0,,0.00%,,0,,0,,,0,,0,,0,,0,,
NO CANDIDATE(S) NOMINATED,,0,,0.00%,,0,,0,,,0,,0,,0,,0,,
Write-In Totals,,0,,0.00%,,0,,0,,,0,,0,,0,,0,,
Total Votes Cast,,855,,92.13%,,338,,494,,,19,,0,,3,,1,,
Overvotes,,0,,0.00%,,0,,0,,,0,,0,,0,,0,,
Undervotes,,73,,7.87%,,28,,45,,,0,,0,,0,,0,,
Contest Totals,,928,,100.00%,,366,,539,,,19,,0,,3,,1,,
Precinct Summary - 11/12/2024     2:58 PM,,,,,,,,,,146,,,,,,,,, of 258
Report generated with Electionware Copyright © 2007-2019,,,,,,,,,,,,,,,,,,,
Summary Results Report,,,,,,,,,,OFFICIAL RESULTS,,,,,,,,,
General Election,,,,,,,,,,,,,,,,,,,
"November 5, 2024",,,,,,,,,,"Monongalia County, West Virginia",,,,,,,,,
PRECINCT 59,,,,,,,,,,,,,,,,,,,
,FOR TREASURER,,,,,,,,,,,,,,,,,,
,Vote For 1,,,,,,,,,,,,,,,,,,
,,,TOTAL,,VOTE %,,Election Day,,Early Vote,,,Absentee,,Canvass,,Absentee After ED,,Provisional,
REP LARRY PACK,,678,,73.06%,,288,,375,,,13,,0,,1,,1,,
NO CANDIDATE(S) NOMINATED,,0,,0.00%,,0,,0,,,0,,0,,0,,0,,
NO CANDIDATE(S) NOMINATED,,0,,0.00%,,0,,0,,,0,,0,,0,,0,,
NO CANDIDATE(S) NOMINATED,,0,,0.00%,,0,,0,,,0,,0,,0,,0,,
Write-In Totals,,16,,1.72%,,10,,6,,,0,,0,,0,,0,,
Total Votes Cast,,694,,74.78%,,298,,381,,,13,,0,,1,,1,,
Overvotes,,0,,0.00%,,0,,0,,,0,,0,,0,,0,,
Undervotes,,234,,25.22%,,68,,158,,,6,,0,,2,,0,,
Contest Totals,,928,,100.00%,,366,,539,,,19,,0,,3,,1,,
,FOR COMMISSIONER OF AGRICULTURE,,,,,,,,,,,,,,,,,,
,Vote For 1,,,,,,,,,,,,,,,,,,
,,,TOTAL,,VOTE %,,Election Day,,Early Vote,,,Absentee,,Canvass,,Absentee After ED,,Provisional,
REP KENT LEONHARDT,,546,,58.84%,,246,,290,,,8,,0,,2,,0,,
DEM DEBORAH STILES,,324,,34.91%,,96,,216,,,10,,0,,1,,1,,
NO CANDIDATE(S) NOMINATED,,0,,0.00%,,0,,0,,,0,,0,,0,,0,,
NO CANDIDATE(S) NOMINATED,,0,,0.00%,,0,,0,,,0,,0,,0,,0,,
Write-In Totals,,0,,0.00%,,0,,0,,,0,,0,,0,,0,,
Total Votes Cast,,870,,93.75%,,342,,506,,,18,,0,,3,,1,,
Overvotes,,0,,0.00%,,0,,0,,,0,,0,,0,,0,,
Undervotes,,58,,6.25%,,24,,33,,,1,,0,,0,,0,,
Contest Totals,,928,,100.00%,,366,,539,,,19,,0,,3,,1,,
,FOR ATTORNEY GENERAL,,,,,,,,,,,,,,,,,,
,Vote For 1,,,,,,,,,,,,,,,,,,
,,,TOTAL,,VOTE %,,Election Day,,Early Vote,,,Absentee,,Canvass,,Absentee After ED,,Provisional,
"REP JOHN ""JB"" McCUSKEY",,498,,53.66%,,218,,271,,,6,,0,,2,,1,,
DEM TERESA TORISEVA,,371,,39.98%,,124,,234,,,12,,0,,1,,0,,
NO CANDIDATE(S) NOMINATED,,0,,0.00%,,0,,0,,,0,,0,,0,,0,,
NO CANDIDATE(S) NOMINATED,,0,,0.00%,,0,,0,,,0,,0,,0,,0,,
Write-In Totals,,0,,0.00%,,0,,0,,,0,,0,,0,,0,,
Total Votes Cast,,869,,93.64%,,342,,505,,,18,,0,,3,,1,,
Overvotes,,0,,0.00%,,0,,0,,,0,,0,,0,,0,,
Undervotes,,59,,6.36%,,24,,34,,,1,,0,,0,,0,,
Contest Totals,,928,,100.00%,,366,,539,,,19,,0,,3,,1,,
Precinct Summary - 11/12/2024     2:58 PM,,,,,,,,,,147,,,,,,,,, of 258
Report generated with Electionware Copyright © 2007-2019,,,,,,,,,,,,,,,,,,,
Summary Results Report,,,,,,,,,,OFFICIAL RESULTS,,,,,,,,,
General Election,,,,,,,,,,,,,,,,,,,
"November 5, 2024",,,,,,,,,,"Monongalia County, West Virginia",,,,,,,,,
PRECINCT 59,,,,,,,,,,,,,,,,,,,
,FOR STATE SENATOR 2ND DISTRICT,,,,,,,,,,,,,,,,,,
,Vote For 1,,,,,,,,,,,,,,,,,,
,,,TOTAL,,VOTE %,,Election Day,,Early Vote,,,Absentee,,Canvass,,Absentee After ED,,Provisional,
REP CHRIS ROSE,,673,,72.52%,,289,,369,,,12,,0,,2,,1,,
NO CANDIDATE(S) NOMINATED,,0,,0.00%,,0,,0,,,0,,0,,0,,0,,
NO CANDIDATE(S) NOMINATED,,0,,0.00%,,0,,0,,,0,,0,,0,,0,,
NO CANDIDATE(S) NOMINATED,,0,,0.00%,,0,,0,,,0,,0,,0,,0,,
Write-In Totals,,14,,1.51%,,7,,7,,,0,,0,,0,,0,,
Total Votes Cast,,687,,74.03%,,296,,376,,,12,,0,,2,,1,,
Overvotes,,0,,0.00%,,0,,0,,,0,,0,,0,,0,,
Undervotes,,241,,25.97%,,70,,163,,,7,,0,,1,,0,,
Contest Totals,,928,,100.00%,,366,,539,,,19,,0,,3,,1,,
,FOR MEMBER OF HOUSE OF DELEGATES 77TH DISTRICT,,,,,,,,,,,,,,,,,,
,Vote For 1,,,,,,,,,,,,,,,,,,
,,,TOTAL,,VOTE %,,Election Day,,Early Vote,,,Absentee,,Canvass,,Absentee After ED,,Provisional,
REP JOE STATLER,,699,,75.32%,,294,,389,,,14,,0,,1,,1,,
NO CANDIDATE(S) NOMINATED,,0,,0.00%,,0,,0,,,0,,0,,0,,0,,
NO CANDIDATE(S) NOMINATED,,0,,0.00%,,0,,0,,,0,,0,,0,,0,,
NO CANDIDATE(S) NOMINATED,,0,,0.00%,,0,,0,,,0,,0,,0,,0,,
Write-In Totals,,15,,1.62%,,8,,7,,,0,,0,,0,,0,,
Total Votes Cast,,714,,76.94%,,302,,396,,,14,,0,,1,,1,,
Overvotes,,0,,0.00%,,0,,0,,,0,,0,,0,,0,,
Undervotes,,214,,23.06%,,64,,143,,,5,,0,,2,,0,,
Contest Totals,,928,,100.00%,,366,,539,,,19,,0,,3,,1,,
,FOR COUNTY COMMISSIONER,,,,,,,,,,,,,,,,,,
,Vote For 1,,,,,,,,,,,,,,,,,,
,,,TOTAL,,VOTE %,,Election Day,,Early Vote,,,Absentee,,Canvass,,Absentee After ED,,Provisional,
REP MARYANN (BABICH) FOLZ,,364,,39.22%,,185,,172,,,5,,0,,1,,1,,
DEM TOM  BLOOM,,524,,56.47%,,163,,346,,,13,,0,,2,,0,,
NO CANDIDATE(S) NOMINATED,,0,,0.00%,,0,,0,,,0,,0,,0,,0,,
NO CANDIDATE(S) NOMINATED,,0,,0.00%,,0,,0,,,0,,0,,0,,0,,
Write-In Totals,,2,,0.22%,,0,,2,,,0,,0,,0,,0,,
Total Votes Cast,,890,,95.91%,,348,,520,,,18,,0,,3,,1,,
Overvotes,,0,,0.00%,,0,,0,,,0,,0,,0,,0,,
Undervotes,,38,,4.09%,,18,,19,,,1,,0,,0,,0,,
Contest Totals,,928,,100.00%,,366,,539,,,19,,0,,3,,1,,
Precinct Summary - 11/12/2024     2:58 PM,,,,,,,,,,148,,,,,,,,, of 258
Report generated with Electionware Copyright © 2007-2019,,,,,,,,,,,,,,,,,,,
Summary Results Report,,,,,,,,,,OFFICIAL RESULTS,,,,,,,,,
General Election,,,,,,,,,,,,,,,,,,,
"November 5, 2024",,,,,,,,,,"Monongalia County, West Virginia",,,,,,,,,
PRECINCT 59,,,,,,,,,,,,,,,,,,,
,FOR PROSECUTING ATTORNEY,,,,,,,,,,,,,,,,,,
,Vote For 1,,,,,,,,,,,,,,,,,,
,,,TOTAL,,VOTE %,,Election Day,,Early Vote,,,Absentee,,Canvass,,Absentee After ED,,Provisional,
NO CANDIDATE(S) NOMINATED,,0,,0.00%,,0,,0,,,0,,0,,0,,0,,
"DEM GABRIELLE ""GABE"" MUCCIOLA",,640,,68.97%,,232,,390,,,16,,0,,1,,1,,
NO CANDIDATE(S) NOMINATED,,0,,0.00%,,0,,0,,,0,,0,,0,,0,,
NO CANDIDATE(S) NOMINATED,,0,,0.00%,,0,,0,,,0,,0,,0,,0,,
Write-In Totals,,13,,1.40%,,6,,7,,,0,,0,,0,,0,,
Total Votes Cast,,653,,70.37%,,238,,397,,,16,,0,,1,,1,,
Overvotes,,0,,0.00%,,0,,0,,,0,,0,,0,,0,,
Undervotes,,275,,29.63%,,128,,142,,,3,,0,,2,,0,,
Contest Totals,,928,,100.00%,,366,,539,,,19,,0,,3,,1,,
,FOR SHERIFF,,,,,,,,,,,,,,,,,,
,Vote For 1,,,,,,,,,,,,,,,,,,
,,,TOTAL,,VOTE %,,Election Day,,Early Vote,,,Absentee,,Canvass,,Absentee After ED,,Provisional,
REP JASON MORGAN,,423,,45.58%,,192,,225,,,4,,0,,1,,1,,
DEM TODD FORBES,,458,,49.35%,,151,,291,,,15,,0,,1,,0,,
NO CANDIDATE(S) NOMINATED,,0,,0.00%,,0,,0,,,0,,0,,0,,0,,
NO CANDIDATE(S) NOMINATED,,0,,0.00%,,0,,0,,,0,,0,,0,,0,,
Write-In Totals,,0,,0.00%,,0,,0,,,0,,0,,0,,0,,
Total Votes Cast,,881,,94.94%,,343,,516,,,19,,0,,2,,1,,
Overvotes,,0,,0.00%,,0,,0,,,0,,0,,0,,0,,
Undervotes,,47,,5.06%,,23,,23,,,0,,0,,1,,0,,
Contest Totals,,928,,100.00%,,366,,539,,,19,,0,,3,,1,,
,FOR ASSESSOR,,,,,,,,,,,,,,,,,,
,Vote For 1,,,,,,,,,,,,,,,,,,
,,,TOTAL,,VOTE %,,Election Day,,Early Vote,,,Absentee,,Canvass,,Absentee After ED,,Provisional,
REP RICH JACOBS,,360,,38.79%,,176,,178,,,5,,0,,1,,0,,
DEM MARK A. MUSICK,,519,,55.93%,,168,,335,,,14,,0,,1,,1,,
NO CANDIDATE(S) NOMINATED,,0,,0.00%,,0,,0,,,0,,0,,0,,0,,
NO CANDIDATE(S) NOMINATED,,0,,0.00%,,0,,0,,,0,,0,,0,,0,,
Write-In Totals,,0,,0.00%,,0,,0,,,0,,0,,0,,0,,
Total Votes Cast,,879,,94.72%,,344,,513,,,19,,0,,2,,1,,
Overvotes,,0,,0.00%,,0,,0,,,0,,0,,0,,0,,
Undervotes,,49,,5.28%,,22,,26,,,0,,0,,1,,0,,
Contest Totals,,928,,100.00%,,366,,539,,,19,,0,,3,,1,,
Precinct Summary - 11/12/2024     2:58 PM,,,,,,,,,,149,,,,,,,,, of 258
Report generated with Electionware Copyright © 2007-2019,,,,,,,,,,,,,,,,,,,
Summary Results Report,,,,,,,,,,OFFICIAL RESULTS,,,,,,,,,
General Election,,,,,,,,,,,,,,,,,,,
"November 5, 2024",,,,,,,,,,"Monongalia County, West Virginia",,,,,,,,,
PRECINCT 59,,,,,,,,,,,,,,,,,,,
,FOR SURVEYOR,,,,,,,,,,,,,,,,,,
,Vote For 1,,,,,,,,,,,,,,,,,,
,,,TOTAL,,VOTE %,,Election Day,,Early Vote,,,Absentee,,Canvass,,Absentee After ED,,Provisional,
REP BOB ANDRIOTTO,,684,,73.71%,,294,,377,,,11,,0,,1,,1,,
NO CANDIDATE(S) NOMINATED,,0,,0.00%,,0,,0,,,0,,0,,0,,0,,
NO CANDIDATE(S) NOMINATED,,0,,0.00%,,0,,0,,,0,,0,,0,,0,,
NO CANDIDATE(S) NOMINATED,,0,,0.00%,,0,,0,,,0,,0,,0,,0,,
Write-In Totals,,9,,0.97%,,5,,4,,,0,,0,,0,,0,,
Total Votes Cast,,693,,74.68%,,299,,381,,,11,,0,,1,,1,,
Overvotes,,0,,0.00%,,0,,0,,,0,,0,,0,,0,,
Undervotes,,235,,25.32%,,67,,158,,,8,,0,,2,,0,,
Contest Totals,,928,,100.00%,,366,,539,,,19,,0,,3,,1,,
,AMENDMENT NO. 1,,,,,,,,,,,,,,,,,,
,Vote For 1,,,,,,,,,,,,,,,,,,
,,,TOTAL,,VOTE %,,Election Day,,Early Vote,,,Absentee,,Canvass,,Absentee After ED,,Provisional,
For,,299,,32.22%,,125,,169,,,5,,0,,0,,0,,
Against,,534,,57.54%,,199,,319,,,13,,0,,2,,1,,
Total Votes Cast,,833,,89.76%,,324,,488,,,18,,0,,2,,1,,
Overvotes,,0,,0.00%,,0,,0,,,0,,0,,0,,0,,
Undervotes,,95,,10.24%,,42,,51,,,1,,0,,1,,0,,
Contest Totals,,928,,100.00%,,366,,539,,,19,,0,,3,,1,,
Precinct Summary - 11/12/2024     2:58 PM,,,,,,,,,,150,,,,,,,,, of 258
Report generated with Electionware Copyright © 2007-2019,,,,,,,,,,,,,,,,,,,
Summary Results Report,,,,,,,,,,OFFICIAL RESULTS,,,,,,,,,
General Election,,,,,,,,,,,,,,,,,,,
"November 5, 2024",,,,,,,,,,"Monongalia County, West Virginia",,,,,,,,,
PRECINCT 61,,,,,,,,,,,,,,,,,,,
Statistics,,TOTAL,,Election Day,,Early Vote,,Absentee,,,Canvass,,Absentee After ED,,Provisional,,,,
Registered Voters - Total,,"3,650",,,,,,,,,,,,,,,,,
Ballots Cast - Total,,"2,578",,961,,"1,551",,50,,,0,,6,,10,,,,
Ballots Cast - Blank,,1,,1,,0,,0,,,0,,0,,0,,,,
Voter Turnout - Total,,70.63%,,,,,,,,,,,,,,,,,
,FOR PRESIDENT,,,,,,,,,,,,,,,,,,
,Vote For 1,,,,,,,,,,,,,,,,,,
,,,TOTAL,,VOTE %,,Election Day,,Early Vote,,,Absentee,,Canvass,,Absentee After ED,,Provisional,
REP DONALD J. TRUMP,,"1,464",,56.79%,,578,,855,,,23,,0,,2,,6,,
DEM KAMALA D. HARRIS,,"1,021",,39.60%,,332,,657,,,26,,0,,4,,2,,
LBN CHASE OLIVER,,8,,0.31%,,5,,2,,,1,,0,,0,,0,,
MTN JILL STEIN,,10,,0.39%,,6,,4,,,0,,0,,0,,0,,
IND ROBERT F. KENNEDY JR.,,47,,1.82%,,23,,22,,,0,,0,,0,,2,,
Write-In Totals,,17,,0.66%,,11,,6,,,0,,0,,0,,0,,
Total Votes Cast,,"2,567",,99.57%,,955,,"1,546",,,50,,0,,6,,10,,
Overvotes,,0,,0.00%,,0,,0,,,0,,0,,0,,0,,
Undervotes,,11,,0.43%,,6,,5,,,0,,0,,0,,0,,
Contest Totals,,"2,578",,100.00%,,961,,"1,551",,,50,,0,,6,,10,,
,FOR U.S. SENATOR,,,,,,,,,,,,,,,,,,
,Vote For 1,,,,,,,,,,,,,,,,,,
,,,TOTAL,,VOTE %,,Election Day,,Early Vote,,,Absentee,,Canvass,,Absentee After ED,,Provisional,
REP JIM JUSTICE,,"1,439",,55.82%,,566,,839,,,25,,0,,3,,6,,
DEM GLENN ELLIOTT,,952,,36.93%,,306,,617,,,23,,0,,3,,3,,
LBN DAVID MORAN,,128,,4.97%,,63,,63,,,1,,0,,0,,1,,
NO CANDIDATE(S) NOMINATED,,0,,0.00%,,0,,0,,,0,,0,,0,,0,,
Write-In Totals,,9,,0.35%,,4,,5,,,0,,0,,0,,0,,
Total Votes Cast,,"2,528",,98.06%,,939,,"1,524",,,49,,0,,6,,10,,
Overvotes,,0,,0.00%,,0,,0,,,0,,0,,0,,0,,
Undervotes,,50,,1.94%,,22,,27,,,1,,0,,0,,0,,
Contest Totals,,"2,578",,100.00%,,961,,"1,551",,,50,,0,,6,,10,,
,FOR U.S. HOUSE OF REPS 2ND DIST,,,,,,,,,,,,,,,,,,
,Vote For 1,,,,,,,,,,,,,,,,,,
,,,TOTAL,,VOTE %,,Election Day,,Early Vote,,,Absentee,,Canvass,,Absentee After ED,,Provisional,
REP RILEY MOORE,,"1,473",,57.14%,,588,,854,,,22,,0,,2,,7,,
DEM STEVEN WENDELIN,,971,,37.66%,,315,,624,,,25,,0,,4,,3,,
NO CANDIDATE(S) NOMINATED,,0,,0.00%,,0,,0,,,0,,0,,0,,0,,
NO CANDIDATE(S) NOMINATED,,0,,0.00%,,0,,0,,,0,,0,,0,,0,,
Write-In Totals,,3,,0.12%,,3,,0,,,0,,0,,0,,0,,
Total Votes Cast,,"2,447",,94.92%,,906,,"1,478",,,47,,0,,6,,10,,
Overvotes,,0,,0.00%,,0,,0,,,0,,0,,0,,0,,
Undervotes,,131,,5.08%,,55,,73,,,3,,0,,0,,0,,
Contest Totals,,"2,578",,100.00%,,961,,"1,551",,,50,,0,,6,,10,,
Precinct Summary - 11/12/2024     2:58 PM,,,,,,,,,,151,,,,,,,,, of 258
Report generated with Electionware Copyright © 2007-2019,,,,,,,,,,,,,,,,,,,
Summary Results Report,,,,,,,,,,OFFICIAL RESULTS,,,,,,,,,
General Election,,,,,,,,,,,,,,,,,,,
"November 5, 2024",,,,,,,,,,"Monongalia County, West Virginia",,,,,,,,,
PRECINCT 61,,,,,,,,,,,,,,,,,,,
,FOR GOVERNOR,,,,,,,,,,,,,,,,,,
,Vote For 1,,,,,,,,,,,,,,,,,,
,,,TOTAL,,VOTE %,,Election Day,,Early Vote,,,Absentee,,Canvass,,Absentee After ED,,Provisional,
REP PATRICK MORRISEY,,"1,325",,51.40%,,510,,783,,,23,,0,,3,,6,,
DEM STEVE WILLIAMS,,"1,021",,39.60%,,336,,655,,,24,,0,,3,,3,,
LBN ERIKA KLIE KOLENICH,,100,,3.88%,,50,,48,,,1,,0,,0,,1,,
MTN CHASE LINKO-LOOPER,,16,,0.62%,,10,,5,,,1,,0,,0,,0,,
CST S. MARSHALL WILSON,,40,,1.55%,,13,,27,,,0,,0,,0,,0,,
Write-In Totals,,3,,0.12%,,2,,1,,,0,,0,,0,,0,,
Total Votes Cast,,"2,505",,97.17%,,921,,"1,519",,,49,,0,,6,,10,,
Overvotes,,0,,0.00%,,0,,0,,,0,,0,,0,,0,,
Undervotes,,73,,2.83%,,40,,32,,,1,,0,,0,,0,,
Contest Totals,,"2,578",,100.00%,,961,,"1,551",,,50,,0,,6,,10,,
,FOR SECRETARY OF STATE,,,,,,,,,,,,,,,,,,
,Vote For 1,,,,,,,,,,,,,,,,,,
,,,TOTAL,,VOTE %,,Election Day,,Early Vote,,,Absentee,,Canvass,,Absentee After ED,,Provisional,
REP KRIS WARNER,,"1,483",,57.53%,,588,,862,,,24,,0,,2,,7,,
DEM THORNTON COOPER,,954,,37.01%,,307,,617,,,23,,0,,4,,3,,
NO CANDIDATE(S) NOMINATED,,0,,0.00%,,0,,0,,,0,,0,,0,,0,,
NO CANDIDATE(S) NOMINATED,,0,,0.00%,,0,,0,,,0,,0,,0,,0,,
Write-In Totals,,3,,0.12%,,2,,1,,,0,,0,,0,,0,,
Total Votes Cast,,"2,440",,94.65%,,897,,"1,480",,,47,,0,,6,,10,,
Overvotes,,0,,0.00%,,0,,0,,,0,,0,,0,,0,,
Undervotes,,138,,5.35%,,64,,71,,,3,,0,,0,,0,,
Contest Totals,,"2,578",,100.00%,,961,,"1,551",,,50,,0,,6,,10,,
,FOR AUDITOR,,,,,,,,,,,,,,,,,,
,Vote For 1,,,,,,,,,,,,,,,,,,
,,,TOTAL,,VOTE %,,Election Day,,Early Vote,,,Absentee,,Canvass,,Absentee After ED,,Provisional,
REP MARK HUNT,,"1,413",,54.81%,,548,,834,,,22,,0,,2,,7,,
DEM MARY ANN ROEBUCK CLAYTOR,,998,,38.71%,,341,,626,,,25,,0,,4,,2,,
NO CANDIDATE(S) NOMINATED,,0,,0.00%,,0,,0,,,0,,0,,0,,0,,
NO CANDIDATE(S) NOMINATED,,0,,0.00%,,0,,0,,,0,,0,,0,,0,,
Write-In Totals,,2,,0.08%,,2,,0,,,0,,0,,0,,0,,
Total Votes Cast,,"2,413",,93.60%,,891,,"1,460",,,47,,0,,6,,9,,
Overvotes,,0,,0.00%,,0,,0,,,0,,0,,0,,0,,
Undervotes,,165,,6.40%,,70,,91,,,3,,0,,0,,1,,
Contest Totals,,"2,578",,100.00%,,961,,"1,551",,,50,,0,,6,,10,,
Precinct Summary - 11/12/2024     2:58 PM,,,,,,,,,,152,,,,,,,,, of 258
Report generated with Electionware Copyright © 2007-2019,,,,,,,,,,,,,,,,,,,
Summary Results Report,,,,,,,,,,OFFICIAL RESULTS,,,,,,,,,
General Election,,,,,,,,,,,,,,,,,,,
"November 5, 2024",,,,,,,,,,"Monongalia County, West Virginia",,,,,,,,,
PRECINCT 61,,,,,,,,,,,,,,,,,,,
,FOR TREASURER,,,,,,,,,,,,,,,,,,
,Vote For 1,,,,,,,,,,,,,,,,,,
,,,TOTAL,,VOTE %,,Election Day,,Early Vote,,,Absentee,,Canvass,,Absentee After ED,,Provisional,
REP LARRY PACK,,"1,954",,75.80%,,757,,"1,153",,,31,,0,,5,,8,,
NO CANDIDATE(S) NOMINATED,,0,,0.00%,,0,,0,,,0,,0,,0,,0,,
NO CANDIDATE(S) NOMINATED,,0,,0.00%,,0,,0,,,0,,0,,0,,0,,
NO CANDIDATE(S) NOMINATED,,0,,0.00%,,0,,0,,,0,,0,,0,,0,,
Write-In Totals,,39,,1.51%,,11,,26,,,2,,0,,0,,0,,
Total Votes Cast,,"1,993",,77.31%,,768,,"1,179",,,33,,0,,5,,8,,
Overvotes,,0,,0.00%,,0,,0,,,0,,0,,0,,0,,
Undervotes,,585,,22.69%,,193,,372,,,17,,0,,1,,2,,
Contest Totals,,"2,578",,100.00%,,961,,"1,551",,,50,,0,,6,,10,,
,FOR COMMISSIONER OF AGRICULTURE,,,,,,,,,,,,,,,,,,
,Vote For 1,,,,,,,,,,,,,,,,,,
,,,TOTAL,,VOTE %,,Election Day,,Early Vote,,,Absentee,,Canvass,,Absentee After ED,,Provisional,
REP KENT LEONHARDT,,"1,527",,59.23%,,593,,899,,,26,,0,,2,,7,,
DEM DEBORAH STILES,,903,,35.03%,,302,,576,,,20,,0,,4,,1,,
NO CANDIDATE(S) NOMINATED,,0,,0.00%,,0,,0,,,0,,0,,0,,0,,
NO CANDIDATE(S) NOMINATED,,0,,0.00%,,0,,0,,,0,,0,,0,,0,,
Write-In Totals,,2,,0.08%,,2,,0,,,0,,0,,0,,0,,
Total Votes Cast,,"2,432",,94.34%,,897,,"1,475",,,46,,0,,6,,8,,
Overvotes,,0,,0.00%,,0,,0,,,0,,0,,0,,0,,
Undervotes,,146,,5.66%,,64,,76,,,4,,0,,0,,2,,
Contest Totals,,"2,578",,100.00%,,961,,"1,551",,,50,,0,,6,,10,,
,FOR ATTORNEY GENERAL,,,,,,,,,,,,,,,,,,
,Vote For 1,,,,,,,,,,,,,,,,,,
,,,TOTAL,,VOTE %,,Election Day,,Early Vote,,,Absentee,,Canvass,,Absentee After ED,,Provisional,
"REP JOHN ""JB"" McCUSKEY",,"1,466",,56.87%,,580,,856,,,22,,0,,2,,6,,
DEM TERESA TORISEVA,,966,,37.47%,,315,,619,,,25,,0,,4,,3,,
NO CANDIDATE(S) NOMINATED,,0,,0.00%,,0,,0,,,0,,0,,0,,0,,
NO CANDIDATE(S) NOMINATED,,0,,0.00%,,0,,0,,,0,,0,,0,,0,,
Write-In Totals,,1,,0.04%,,1,,0,,,0,,0,,0,,0,,
Total Votes Cast,,"2,433",,94.38%,,896,,"1,475",,,47,,0,,6,,9,,
Overvotes,,0,,0.00%,,0,,0,,,0,,0,,0,,0,,
Undervotes,,145,,5.62%,,65,,76,,,3,,0,,0,,1,,
Contest Totals,,"2,578",,100.00%,,961,,"1,551",,,50,,0,,6,,10,,
Precinct Summary - 11/12/2024     2:58 PM,,,,,,,,,,153,,,,,,,,, of 258
Report generated with Electionware Copyright © 2007-2019,,,,,,,,,,,,,,,,,,,
Summary Results Report,,,,,,,,,,OFFICIAL RESULTS,,,,,,,,,
General Election,,,,,,,,,,,,,,,,,,,
"November 5, 2024",,,,,,,,,,"Monongalia County, West Virginia",,,,,,,,,
PRECINCT 61,,,,,,,,,,,,,,,,,,,
,FOR STATE SENATOR 13TH DISTRICT,,,,,,,,,,,,,,,,,,
,Vote For 1,,,,,,,,,,,,,,,,,,
,,,TOTAL,,VOTE %,,Election Day,,Early Vote,,,Absentee,,Canvass,,Absentee After ED,,Provisional,
REP REBECCA POLIS,,"1,384",,53.68%,,539,,816,,,21,,0,,2,,6,,
DEM JOEY GARCIA,,"1,063",,41.23%,,358,,672,,,26,,0,,4,,3,,
NO CANDIDATE(S) NOMINATED,,0,,0.00%,,0,,0,,,0,,0,,0,,0,,
NO CANDIDATE(S) NOMINATED,,0,,0.00%,,0,,0,,,0,,0,,0,,0,,
Write-In Totals,,1,,0.04%,,1,,0,,,0,,0,,0,,0,,
Total Votes Cast,,"2,448",,94.96%,,898,,"1,488",,,47,,0,,6,,9,,
Overvotes,,0,,0.00%,,0,,0,,,0,,0,,0,,0,,
Undervotes,,130,,5.04%,,63,,63,,,3,,0,,0,,1,,
Contest Totals,,"2,578",,100.00%,,961,,"1,551",,,50,,0,,6,,10,,
,FOR MEMBER OF HOUSE OF DELEGATES 78TH DISTRICT,,,,,,,,,,,,,,,,,,
,Vote For 1,,,,,,,,,,,,,,,,,,
,,,TOTAL,,VOTE %,,Election Day,,Early Vote,,,Absentee,,Canvass,,Absentee After ED,,Provisional,
REP GENO CHIARELLI,,"1,391",,53.96%,,551,,808,,,22,,0,,2,,8,,
DEM DIANE MARKET GASTON,,"1,062",,41.19%,,350,,682,,,24,,0,,4,,2,,
NO CANDIDATE(S) NOMINATED,,0,,0.00%,,0,,0,,,0,,0,,0,,0,,
NO CANDIDATE(S) NOMINATED,,0,,0.00%,,0,,0,,,0,,0,,0,,0,,
Write-In Totals,,2,,0.08%,,2,,0,,,0,,0,,0,,0,,
Total Votes Cast,,"2,455",,95.23%,,903,,"1,490",,,46,,0,,6,,10,,
Overvotes,,0,,0.00%,,0,,0,,,0,,0,,0,,0,,
Undervotes,,123,,4.77%,,58,,61,,,4,,0,,0,,0,,
Contest Totals,,"2,578",,100.00%,,961,,"1,551",,,50,,0,,6,,10,,
,FOR COUNTY COMMISSIONER,,,,,,,,,,,,,,,,,,
,Vote For 1,,,,,,,,,,,,,,,,,,
,,,TOTAL,,VOTE %,,Election Day,,Early Vote,,,Absentee,,Canvass,,Absentee After ED,,Provisional,
REP MARYANN (BABICH) FOLZ,,"1,270",,49.26%,,479,,759,,,24,,0,,2,,6,,
DEM TOM  BLOOM,,"1,202",,46.63%,,430,,741,,,23,,0,,4,,4,,
NO CANDIDATE(S) NOMINATED,,0,,0.00%,,0,,0,,,0,,0,,0,,0,,
NO CANDIDATE(S) NOMINATED,,0,,0.00%,,0,,0,,,0,,0,,0,,0,,
Write-In Totals,,4,,0.16%,,2,,2,,,0,,0,,0,,0,,
Total Votes Cast,,"2,476",,96.04%,,911,,"1,502",,,47,,0,,6,,10,,
Overvotes,,0,,0.00%,,0,,0,,,0,,0,,0,,0,,
Undervotes,,102,,3.96%,,50,,49,,,3,,0,,0,,0,,
Contest Totals,,"2,578",,100.00%,,961,,"1,551",,,50,,0,,6,,10,,
Precinct Summary - 11/12/2024     2:58 PM,,,,,,,,,,154,,,,,,,,, of 258
Report generated with Electionware Copyright © 2007-2019,,,,,,,,,,,,,,,,,,,
Summary Results Report,,,,,,,,,,OFFICIAL RESULTS,,,,,,,,,
General Election,,,,,,,,,,,,,,,,,,,
"November 5, 2024",,,,,,,,,,"Monongalia County, West Virginia",,,,,,,,,
PRECINCT 61,,,,,,,,,,,,,,,,,,,
,FOR PROSECUTING ATTORNEY,,,,,,,,,,,,,,,,,,
,Vote For 1,,,,,,,,,,,,,,,,,,
,,,TOTAL,,VOTE %,,Election Day,,Early Vote,,,Absentee,,Canvass,,Absentee After ED,,Provisional,
NO CANDIDATE(S) NOMINATED,,0,,0.00%,,0,,0,,,0,,0,,0,,0,,
"DEM GABRIELLE ""GABE"" MUCCIOLA",,"1,798",,69.74%,,684,,"1,067",,,34,,0,,4,,9,,
NO CANDIDATE(S) NOMINATED,,0,,0.00%,,0,,0,,,0,,0,,0,,0,,
NO CANDIDATE(S) NOMINATED,,0,,0.00%,,0,,0,,,0,,0,,0,,0,,
Write-In Totals,,31,,1.20%,,12,,19,,,0,,0,,0,,0,,
Total Votes Cast,,"1,829",,70.95%,,696,,"1,086",,,34,,0,,4,,9,,
Overvotes,,0,,0.00%,,0,,0,,,0,,0,,0,,0,,
Undervotes,,749,,29.05%,,265,,465,,,16,,0,,2,,1,,
Contest Totals,,"2,578",,100.00%,,961,,"1,551",,,50,,0,,6,,10,,
,FOR SHERIFF,,,,,,,,,,,,,,,,,,
,Vote For 1,,,,,,,,,,,,,,,,,,
,,,TOTAL,,VOTE %,,Election Day,,Early Vote,,,Absentee,,Canvass,,Absentee After ED,,Provisional,
REP JASON MORGAN,,"1,293",,50.16%,,520,,740,,,24,,0,,3,,6,,
DEM TODD FORBES,,"1,193",,46.28%,,397,,765,,,25,,0,,3,,3,,
NO CANDIDATE(S) NOMINATED,,0,,0.00%,,0,,0,,,0,,0,,0,,0,,
NO CANDIDATE(S) NOMINATED,,0,,0.00%,,0,,0,,,0,,0,,0,,0,,
Write-In Totals,,2,,0.08%,,1,,1,,,0,,0,,0,,0,,
Total Votes Cast,,"2,488",,96.51%,,918,,"1,506",,,49,,0,,6,,9,,
Overvotes,,0,,0.00%,,0,,0,,,0,,0,,0,,0,,
Undervotes,,90,,3.49%,,43,,45,,,1,,0,,0,,1,,
Contest Totals,,"2,578",,100.00%,,961,,"1,551",,,50,,0,,6,,10,,
,FOR ASSESSOR,,,,,,,,,,,,,,,,,,
,Vote For 1,,,,,,,,,,,,,,,,,,
,,,TOTAL,,VOTE %,,Election Day,,Early Vote,,,Absentee,,Canvass,,Absentee After ED,,Provisional,
REP RICH JACOBS,,"1,117",,43.33%,,448,,641,,,20,,0,,2,,6,,
DEM MARK A. MUSICK,,"1,341",,52.02%,,448,,857,,,28,,0,,4,,4,,
NO CANDIDATE(S) NOMINATED,,0,,0.00%,,0,,0,,,0,,0,,0,,0,,
NO CANDIDATE(S) NOMINATED,,0,,0.00%,,0,,0,,,0,,0,,0,,0,,
Write-In Totals,,1,,0.04%,,1,,0,,,0,,0,,0,,0,,
Total Votes Cast,,"2,459",,95.38%,,897,,"1,498",,,48,,0,,6,,10,,
Overvotes,,0,,0.00%,,0,,0,,,0,,0,,0,,0,,
Undervotes,,119,,4.62%,,64,,53,,,2,,0,,0,,0,,
Contest Totals,,"2,578",,100.00%,,961,,"1,551",,,50,,0,,6,,10,,
Precinct Summary - 11/12/2024     2:58 PM,,,,,,,,,,155,,,,,,,,, of 258
Report generated with Electionware Copyright © 2007-2019,,,,,,,,,,,,,,,,,,,
Summary Results Report,,,,,,,,,,OFFICIAL RESULTS,,,,,,,,,
General Election,,,,,,,,,,,,,,,,,,,
"November 5, 2024",,,,,,,,,,"Monongalia County, West Virginia",,,,,,,,,
PRECINCT 61,,,,,,,,,,,,,,,,,,,
,FOR SURVEYOR,,,,,,,,,,,,,,,,,,
,Vote For 1,,,,,,,,,,,,,,,,,,
,,,TOTAL,,VOTE %,,Election Day,,Early Vote,,,Absentee,,Canvass,,Absentee After ED,,Provisional,
REP BOB ANDRIOTTO,,"1,998",,77.50%,,765,,"1,182",,,36,,0,,5,,10,,
NO CANDIDATE(S) NOMINATED,,0,,0.00%,,0,,0,,,0,,0,,0,,0,,
NO CANDIDATE(S) NOMINATED,,0,,0.00%,,0,,0,,,0,,0,,0,,0,,
NO CANDIDATE(S) NOMINATED,,0,,0.00%,,0,,0,,,0,,0,,0,,0,,
Write-In Totals,,24,,0.93%,,7,,15,,,2,,0,,0,,0,,
Total Votes Cast,,"2,022",,78.43%,,772,,"1,197",,,38,,0,,5,,10,,
Overvotes,,0,,0.00%,,0,,0,,,0,,0,,0,,0,,
Undervotes,,556,,21.57%,,189,,354,,,12,,0,,1,,0,,
Contest Totals,,"2,578",,100.00%,,961,,"1,551",,,50,,0,,6,,10,,
,AMENDMENT NO. 1,,,,,,,,,,,,,,,,,,
,Vote For 1,,,,,,,,,,,,,,,,,,
,,,TOTAL,,VOTE %,,Election Day,,Early Vote,,,Absentee,,Canvass,,Absentee After ED,,Provisional,
For,,900,,34.91%,,354,,521,,,15,,0,,2,,8,,
Against,,"1,374",,53.30%,,469,,869,,,31,,0,,4,,1,,
Total Votes Cast,,"2,274",,88.21%,,823,,"1,390",,,46,,0,,6,,9,,
Overvotes,,0,,0.00%,,0,,0,,,0,,0,,0,,0,,
Undervotes,,304,,11.79%,,138,,161,,,4,,0,,0,,1,,
Contest Totals,,"2,578",,100.00%,,961,,"1,551",,,50,,0,,6,,10,,
Precinct Summary - 11/12/2024     2:58 PM,,,,,,,,,,156,,,,,,,,, of 258
Report generated with Electionware Copyright © 2007-2019,,,,,,,,,,,,,,,,,,,
Summary Results Report,,,,,,,,,,OFFICIAL RESULTS,,,,,,,,,
General Election,,,,,,,,,,,,,,,,,,,
"November 5, 2024",,,,,,,,,,"Monongalia County, West Virginia",,,,,,,,,
PRECINCT 62,,,,,,,,,,,,,,,,,,,
Statistics,,TOTAL,,Election Day,,Early Vote,,Absentee,,,Canvass,,Absentee After ED,,Provisional,,,,
Registered Voters - Total,,"1,442",,,,,,,,,,,,,,,,,
Ballots Cast - Total,,"1,067",,432,,605,,29,,,0,,0,,1,,,,
Ballots Cast - Blank,,0,,0,,0,,0,,,0,,0,,0,,,,
Voter Turnout - Total,,73.99%,,,,,,,,,,,,,,,,,
,FOR PRESIDENT,,,,,,,,,,,,,,,,,,
,Vote For 1,,,,,,,,,,,,,,,,,,
,,,TOTAL,,VOTE %,,Election Day,,Early Vote,,,Absentee,,Canvass,,Absentee After ED,,Provisional,
REP DONALD J. TRUMP,,661,,61.95%,,288,,362,,,10,,0,,0,,1,,
DEM KAMALA D. HARRIS,,374,,35.05%,,124,,231,,,19,,0,,0,,0,,
LBN CHASE OLIVER,,4,,0.37%,,4,,0,,,0,,0,,0,,0,,
MTN JILL STEIN,,2,,0.19%,,1,,1,,,0,,0,,0,,0,,
IND ROBERT F. KENNEDY JR.,,15,,1.41%,,9,,6,,,0,,0,,0,,0,,
Write-In Totals,,5,,0.47%,,3,,2,,,0,,0,,0,,0,,
Total Votes Cast,,"1,061",,99.44%,,429,,602,,,29,,0,,0,,1,,
Overvotes,,0,,0.00%,,0,,0,,,0,,0,,0,,0,,
Undervotes,,6,,0.56%,,3,,3,,,0,,0,,0,,0,,
Contest Totals,,"1,067",,100.00%,,432,,605,,,29,,0,,0,,1,,
,FOR U.S. SENATOR,,,,,,,,,,,,,,,,,,
,Vote For 1,,,,,,,,,,,,,,,,,,
,,,TOTAL,,VOTE %,,Election Day,,Early Vote,,,Absentee,,Canvass,,Absentee After ED,,Provisional,
REP JIM JUSTICE,,656,,61.48%,,285,,361,,,9,,0,,0,,1,,
DEM GLENN ELLIOTT,,354,,33.18%,,119,,215,,,20,,0,,0,,0,,
LBN DAVID MORAN,,36,,3.37%,,16,,20,,,0,,0,,0,,0,,
NO CANDIDATE(S) NOMINATED,,0,,0.00%,,0,,0,,,0,,0,,0,,0,,
Write-In Totals,,0,,0.00%,,0,,0,,,0,,0,,0,,0,,
Total Votes Cast,,"1,046",,98.03%,,420,,596,,,29,,0,,0,,1,,
Overvotes,,0,,0.00%,,0,,0,,,0,,0,,0,,0,,
Undervotes,,21,,1.97%,,12,,9,,,0,,0,,0,,0,,
Contest Totals,,"1,067",,100.00%,,432,,605,,,29,,0,,0,,1,,
,FOR U.S. HOUSE OF REPS 2ND DIST,,,,,,,,,,,,,,,,,,
,Vote For 1,,,,,,,,,,,,,,,,,,
,,,TOTAL,,VOTE %,,Election Day,,Early Vote,,,Absentee,,Canvass,,Absentee After ED,,Provisional,
REP RILEY MOORE,,667,,62.51%,,283,,371,,,12,,0,,0,,1,,
DEM STEVEN WENDELIN,,348,,32.61%,,119,,213,,,16,,0,,0,,0,,
NO CANDIDATE(S) NOMINATED,,0,,0.00%,,0,,0,,,0,,0,,0,,0,,
NO CANDIDATE(S) NOMINATED,,0,,0.00%,,0,,0,,,0,,0,,0,,0,,
Write-In Totals,,1,,0.09%,,1,,0,,,0,,0,,0,,0,,
Total Votes Cast,,"1,016",,95.22%,,403,,584,,,28,,0,,0,,1,,
Overvotes,,0,,0.00%,,0,,0,,,0,,0,,0,,0,,
Undervotes,,51,,4.78%,,29,,21,,,1,,0,,0,,0,,
Contest Totals,,"1,067",,100.00%,,432,,605,,,29,,0,,0,,1,,
Precinct Summary - 11/12/2024     2:58 PM,,,,,,,,,,157,,,,,,,,, of 258
Report generated with Electionware Copyright © 2007-2019,,,,,,,,,,,,,,,,,,,
Summary Results Report,,,,,,,,,,OFFICIAL RESULTS,,,,,,,,,
General Election,,,,,,,,,,,,,,,,,,,
"November 5, 2024",,,,,,,,,,"Monongalia County, West Virginia",,,,,,,,,
PRECINCT 62,,,,,,,,,,,,,,,,,,,
,FOR GOVERNOR,,,,,,,,,,,,,,,,,,
,Vote For 1,,,,,,,,,,,,,,,,,,
,,,TOTAL,,VOTE %,,Election Day,,Early Vote,,,Absentee,,Canvass,,Absentee After ED,,Provisional,
REP PATRICK MORRISEY,,604,,56.61%,,263,,332,,,8,,0,,0,,1,,
DEM STEVE WILLIAMS,,369,,34.58%,,124,,228,,,17,,0,,0,,0,,
LBN ERIKA KLIE KOLENICH,,44,,4.12%,,21,,22,,,1,,0,,0,,0,,
MTN CHASE LINKO-LOOPER,,11,,1.03%,,7,,4,,,0,,0,,0,,0,,
CST S. MARSHALL WILSON,,12,,1.12%,,3,,7,,,2,,0,,0,,0,,
Write-In Totals,,1,,0.09%,,0,,1,,,0,,0,,0,,0,,
Total Votes Cast,,"1,041",,97.56%,,418,,594,,,28,,0,,0,,1,,
Overvotes,,0,,0.00%,,0,,0,,,0,,0,,0,,0,,
Undervotes,,26,,2.44%,,14,,11,,,1,,0,,0,,0,,
Contest Totals,,"1,067",,100.00%,,432,,605,,,29,,0,,0,,1,,
,FOR SECRETARY OF STATE,,,,,,,,,,,,,,,,,,
,Vote For 1,,,,,,,,,,,,,,,,,,
,,,TOTAL,,VOTE %,,Election Day,,Early Vote,,,Absentee,,Canvass,,Absentee After ED,,Provisional,
REP KRIS WARNER,,657,,61.57%,,285,,360,,,11,,0,,0,,1,,
DEM THORNTON COOPER,,365,,34.21%,,122,,226,,,17,,0,,0,,0,,
NO CANDIDATE(S) NOMINATED,,0,,0.00%,,0,,0,,,0,,0,,0,,0,,
NO CANDIDATE(S) NOMINATED,,0,,0.00%,,0,,0,,,0,,0,,0,,0,,
Write-In Totals,,0,,0.00%,,0,,0,,,0,,0,,0,,0,,
Total Votes Cast,,"1,022",,95.78%,,407,,586,,,28,,0,,0,,1,,
Overvotes,,0,,0.00%,,0,,0,,,0,,0,,0,,0,,
Undervotes,,45,,4.22%,,25,,19,,,1,,0,,0,,0,,
Contest Totals,,"1,067",,100.00%,,432,,605,,,29,,0,,0,,1,,
,FOR AUDITOR,,,,,,,,,,,,,,,,,,
,Vote For 1,,,,,,,,,,,,,,,,,,
,,,TOTAL,,VOTE %,,Election Day,,Early Vote,,,Absentee,,Canvass,,Absentee After ED,,Provisional,
REP MARK HUNT,,634,,59.42%,,280,,343,,,10,,0,,0,,1,,
DEM MARY ANN ROEBUCK CLAYTOR,,369,,34.58%,,121,,230,,,18,,0,,0,,0,,
NO CANDIDATE(S) NOMINATED,,0,,0.00%,,0,,0,,,0,,0,,0,,0,,
NO CANDIDATE(S) NOMINATED,,0,,0.00%,,0,,0,,,0,,0,,0,,0,,
Write-In Totals,,2,,0.19%,,0,,2,,,0,,0,,0,,0,,
Total Votes Cast,,"1,005",,94.19%,,401,,575,,,28,,0,,0,,1,,
Overvotes,,0,,0.00%,,0,,0,,,0,,0,,0,,0,,
Undervotes,,62,,5.81%,,31,,30,,,1,,0,,0,,0,,
Contest Totals,,"1,067",,100.00%,,432,,605,,,29,,0,,0,,1,,
Precinct Summary - 11/12/2024     2:58 PM,,,,,,,,,,158,,,,,,,,, of 258
Report generated with Electionware Copyright © 2007-2019,,,,,,,,,,,,,,,,,,,
Summary Results Report,,,,,,,,,,OFFICIAL RESULTS,,,,,,,,,
General Election,,,,,,,,,,,,,,,,,,,
"November 5, 2024",,,,,,,,,,"Monongalia County, West Virginia",,,,,,,,,
PRECINCT 62,,,,,,,,,,,,,,,,,,,
,FOR TREASURER,,,,,,,,,,,,,,,,,,
,Vote For 1,,,,,,,,,,,,,,,,,,
,,,TOTAL,,VOTE %,,Election Day,,Early Vote,,,Absentee,,Canvass,,Absentee After ED,,Provisional,
REP LARRY PACK,,822,,77.04%,,353,,450,,,18,,0,,0,,1,,
NO CANDIDATE(S) NOMINATED,,0,,0.00%,,0,,0,,,0,,0,,0,,0,,
NO CANDIDATE(S) NOMINATED,,0,,0.00%,,0,,0,,,0,,0,,0,,0,,
NO CANDIDATE(S) NOMINATED,,0,,0.00%,,0,,0,,,0,,0,,0,,0,,
Write-In Totals,,9,,0.84%,,1,,8,,,0,,0,,0,,0,,
Total Votes Cast,,831,,77.88%,,354,,458,,,18,,0,,0,,1,,
Overvotes,,0,,0.00%,,0,,0,,,0,,0,,0,,0,,
Undervotes,,236,,22.12%,,78,,147,,,11,,0,,0,,0,,
Contest Totals,,"1,067",,100.00%,,432,,605,,,29,,0,,0,,1,,
,FOR COMMISSIONER OF AGRICULTURE,,,,,,,,,,,,,,,,,,
,Vote For 1,,,,,,,,,,,,,,,,,,
,,,TOTAL,,VOTE %,,Election Day,,Early Vote,,,Absentee,,Canvass,,Absentee After ED,,Provisional,
REP KENT LEONHARDT,,702,,65.79%,,308,,379,,,14,,0,,0,,1,,
DEM DEBORAH STILES,,314,,29.43%,,101,,199,,,14,,0,,0,,0,,
NO CANDIDATE(S) NOMINATED,,0,,0.00%,,0,,0,,,0,,0,,0,,0,,
NO CANDIDATE(S) NOMINATED,,0,,0.00%,,0,,0,,,0,,0,,0,,0,,
Write-In Totals,,0,,0.00%,,0,,0,,,0,,0,,0,,0,,
Total Votes Cast,,"1,016",,95.22%,,409,,578,,,28,,0,,0,,1,,
Overvotes,,0,,0.00%,,0,,0,,,0,,0,,0,,0,,
Undervotes,,51,,4.78%,,23,,27,,,1,,0,,0,,0,,
Contest Totals,,"1,067",,100.00%,,432,,605,,,29,,0,,0,,1,,
,FOR ATTORNEY GENERAL,,,,,,,,,,,,,,,,,,
,Vote For 1,,,,,,,,,,,,,,,,,,
,,,TOTAL,,VOTE %,,Election Day,,Early Vote,,,Absentee,,Canvass,,Absentee After ED,,Provisional,
"REP JOHN ""JB"" McCUSKEY",,646,,60.54%,,283,,352,,,10,,0,,0,,1,,
DEM TERESA TORISEVA,,369,,34.58%,,126,,225,,,18,,0,,0,,0,,
NO CANDIDATE(S) NOMINATED,,0,,0.00%,,0,,0,,,0,,0,,0,,0,,
NO CANDIDATE(S) NOMINATED,,0,,0.00%,,0,,0,,,0,,0,,0,,0,,
Write-In Totals,,0,,0.00%,,0,,0,,,0,,0,,0,,0,,
Total Votes Cast,,"1,015",,95.13%,,409,,577,,,28,,0,,0,,1,,
Overvotes,,0,,0.00%,,0,,0,,,0,,0,,0,,0,,
Undervotes,,52,,4.87%,,23,,28,,,1,,0,,0,,0,,
Contest Totals,,"1,067",,100.00%,,432,,605,,,29,,0,,0,,1,,
Precinct Summary - 11/12/2024     2:58 PM,,,,,,,,,,159,,,,,,,,, of 258
Report generated with Electionware Copyright © 2007-2019,,,,,,,,,,,,,,,,,,,
Summary Results Report,,,,,,,,,,OFFICIAL RESULTS,,,,,,,,,
General Election,,,,,,,,,,,,,,,,,,,
"November 5, 2024",,,,,,,,,,"Monongalia County, West Virginia",,,,,,,,,
PRECINCT 62,,,,,,,,,,,,,,,,,,,
,FOR STATE SENATOR 13TH DISTRICT,,,,,,,,,,,,,,,,,,
,Vote For 1,,,,,,,,,,,,,,,,,,
,,,TOTAL,,VOTE %,,Election Day,,Early Vote,,,Absentee,,Canvass,,Absentee After ED,,Provisional,
REP REBECCA POLIS,,610,,57.17%,,268,,331,,,10,,0,,0,,1,,
DEM JOEY GARCIA,,402,,37.68%,,140,,244,,,18,,0,,0,,0,,
NO CANDIDATE(S) NOMINATED,,0,,0.00%,,0,,0,,,0,,0,,0,,0,,
NO CANDIDATE(S) NOMINATED,,0,,0.00%,,0,,0,,,0,,0,,0,,0,,
Write-In Totals,,1,,0.09%,,0,,1,,,0,,0,,0,,0,,
Total Votes Cast,,"1,013",,94.94%,,408,,576,,,28,,0,,0,,1,,
Overvotes,,0,,0.00%,,0,,0,,,0,,0,,0,,0,,
Undervotes,,54,,5.06%,,24,,29,,,1,,0,,0,,0,,
Contest Totals,,"1,067",,100.00%,,432,,605,,,29,,0,,0,,1,,
,FOR MEMBER OF HOUSE OF DELEGATES 77TH DISTRICT,,,,,,,,,,,,,,,,,,
,Vote For 1,,,,,,,,,,,,,,,,,,
,,,TOTAL,,VOTE %,,Election Day,,Early Vote,,,Absentee,,Canvass,,Absentee After ED,,Provisional,
REP JOE STATLER,,856,,80.22%,,363,,472,,,20,,0,,0,,1,,
NO CANDIDATE(S) NOMINATED,,0,,0.00%,,0,,0,,,0,,0,,0,,0,,
NO CANDIDATE(S) NOMINATED,,0,,0.00%,,0,,0,,,0,,0,,0,,0,,
NO CANDIDATE(S) NOMINATED,,0,,0.00%,,0,,0,,,0,,0,,0,,0,,
Write-In Totals,,5,,0.47%,,1,,4,,,0,,0,,0,,0,,
Total Votes Cast,,861,,80.69%,,364,,476,,,20,,0,,0,,1,,
Overvotes,,0,,0.00%,,0,,0,,,0,,0,,0,,0,,
Undervotes,,206,,19.31%,,68,,129,,,9,,0,,0,,0,,
Contest Totals,,"1,067",,100.00%,,432,,605,,,29,,0,,0,,1,,
,FOR COUNTY COMMISSIONER,,,,,,,,,,,,,,,,,,
,Vote For 1,,,,,,,,,,,,,,,,,,
,,,TOTAL,,VOTE %,,Election Day,,Early Vote,,,Absentee,,Canvass,,Absentee After ED,,Provisional,
REP MARYANN (BABICH) FOLZ,,568,,53.23%,,248,,309,,,10,,0,,0,,1,,
DEM TOM  BLOOM,,454,,42.55%,,163,,274,,,17,,0,,0,,0,,
NO CANDIDATE(S) NOMINATED,,0,,0.00%,,0,,0,,,0,,0,,0,,0,,
NO CANDIDATE(S) NOMINATED,,0,,0.00%,,0,,0,,,0,,0,,0,,0,,
Write-In Totals,,0,,0.00%,,0,,0,,,0,,0,,0,,0,,
Total Votes Cast,,"1,022",,95.78%,,411,,583,,,27,,0,,0,,1,,
Overvotes,,0,,0.00%,,0,,0,,,0,,0,,0,,0,,
Undervotes,,45,,4.22%,,21,,22,,,2,,0,,0,,0,,
Contest Totals,,"1,067",,100.00%,,432,,605,,,29,,0,,0,,1,,
Precinct Summary - 11/12/2024     2:58 PM,,,,,,,,,,160,,,,,,,,, of 258
Report generated with Electionware Copyright © 2007-2019,,,,,,,,,,,,,,,,,,,
Summary Results Report,,,,,,,,,,OFFICIAL RESULTS,,,,,,,,,
General Election,,,,,,,,,,,,,,,,,,,
"November 5, 2024",,,,,,,,,,"Monongalia County, West Virginia",,,,,,,,,
PRECINCT 62,,,,,,,,,,,,,,,,,,,
,FOR PROSECUTING ATTORNEY,,,,,,,,,,,,,,,,,,
,Vote For 1,,,,,,,,,,,,,,,,,,
,,,TOTAL,,VOTE %,,Election Day,,Early Vote,,,Absentee,,Canvass,,Absentee After ED,,Provisional,
NO CANDIDATE(S) NOMINATED,,0,,0.00%,,0,,0,,,0,,0,,0,,0,,
"DEM GABRIELLE ""GABE"" MUCCIOLA",,728,,68.23%,,298,,407,,,22,,0,,0,,1,,
NO CANDIDATE(S) NOMINATED,,0,,0.00%,,0,,0,,,0,,0,,0,,0,,
NO CANDIDATE(S) NOMINATED,,0,,0.00%,,0,,0,,,0,,0,,0,,0,,
Write-In Totals,,15,,1.41%,,5,,9,,,1,,0,,0,,0,,
Total Votes Cast,,743,,69.63%,,303,,416,,,23,,0,,0,,1,,
Overvotes,,0,,0.00%,,0,,0,,,0,,0,,0,,0,,
Undervotes,,324,,30.37%,,129,,189,,,6,,0,,0,,0,,
Contest Totals,,"1,067",,100.00%,,432,,605,,,29,,0,,0,,1,,
,FOR SHERIFF,,,,,,,,,,,,,,,,,,
,Vote For 1,,,,,,,,,,,,,,,,,,
,,,TOTAL,,VOTE %,,Election Day,,Early Vote,,,Absentee,,Canvass,,Absentee After ED,,Provisional,
REP JASON MORGAN,,578,,54.17%,,259,,306,,,12,,0,,0,,1,,
DEM TODD FORBES,,457,,42.83%,,157,,285,,,15,,0,,0,,0,,
NO CANDIDATE(S) NOMINATED,,0,,0.00%,,0,,0,,,0,,0,,0,,0,,
NO CANDIDATE(S) NOMINATED,,0,,0.00%,,0,,0,,,0,,0,,0,,0,,
Write-In Totals,,0,,0.00%,,0,,0,,,0,,0,,0,,0,,
Total Votes Cast,,"1,035",,97.00%,,416,,591,,,27,,0,,0,,1,,
Overvotes,,0,,0.00%,,0,,0,,,0,,0,,0,,0,,
Undervotes,,32,,3.00%,,16,,14,,,2,,0,,0,,0,,
Contest Totals,,"1,067",,100.00%,,432,,605,,,29,,0,,0,,1,,
,FOR ASSESSOR,,,,,,,,,,,,,,,,,,
,Vote For 1,,,,,,,,,,,,,,,,,,
,,,TOTAL,,VOTE %,,Election Day,,Early Vote,,,Absentee,,Canvass,,Absentee After ED,,Provisional,
REP RICH JACOBS,,481,,45.08%,,213,,259,,,8,,0,,0,,1,,
DEM MARK A. MUSICK,,540,,50.61%,,202,,320,,,18,,0,,0,,0,,
NO CANDIDATE(S) NOMINATED,,0,,0.00%,,0,,0,,,0,,0,,0,,0,,
NO CANDIDATE(S) NOMINATED,,0,,0.00%,,0,,0,,,0,,0,,0,,0,,
Write-In Totals,,0,,0.00%,,0,,0,,,0,,0,,0,,0,,
Total Votes Cast,,"1,021",,95.69%,,415,,579,,,26,,0,,0,,1,,
Overvotes,,0,,0.00%,,0,,0,,,0,,0,,0,,0,,
Undervotes,,46,,4.31%,,17,,26,,,3,,0,,0,,0,,
Contest Totals,,"1,067",,100.00%,,432,,605,,,29,,0,,0,,1,,
Precinct Summary - 11/12/2024     2:58 PM,,,,,,,,,,161,,,,,,,,, of 258
Report generated with Electionware Copyright © 2007-2019,,,,,,,,,,,,,,,,,,,
Summary Results Report,,,,,,,,,,OFFICIAL RESULTS,,,,,,,,,
General Election,,,,,,,,,,,,,,,,,,,
"November 5, 2024",,,,,,,,,,"Monongalia County, West Virginia",,,,,,,,,
PRECINCT 62,,,,,,,,,,,,,,,,,,,
,FOR SURVEYOR,,,,,,,,,,,,,,,,,,
,Vote For 1,,,,,,,,,,,,,,,,,,
,,,TOTAL,,VOTE %,,Election Day,,Early Vote,,,Absentee,,Canvass,,Absentee After ED,,Provisional,
REP BOB ANDRIOTTO,,849,,79.57%,,359,,471,,,18,,0,,0,,1,,
NO CANDIDATE(S) NOMINATED,,0,,0.00%,,0,,0,,,0,,0,,0,,0,,
NO CANDIDATE(S) NOMINATED,,0,,0.00%,,0,,0,,,0,,0,,0,,0,,
NO CANDIDATE(S) NOMINATED,,0,,0.00%,,0,,0,,,0,,0,,0,,0,,
Write-In Totals,,2,,0.19%,,0,,2,,,0,,0,,0,,0,,
Total Votes Cast,,851,,79.76%,,359,,473,,,18,,0,,0,,1,,
Overvotes,,0,,0.00%,,0,,0,,,0,,0,,0,,0,,
Undervotes,,216,,20.24%,,73,,132,,,11,,0,,0,,0,,
Contest Totals,,"1,067",,100.00%,,432,,605,,,29,,0,,0,,1,,
,AMENDMENT NO. 1,,,,,,,,,,,,,,,,,,
,Vote For 1,,,,,,,,,,,,,,,,,,
,,,TOTAL,,VOTE %,,Election Day,,Early Vote,,,Absentee,,Canvass,,Absentee After ED,,Provisional,
For,,400,,37.49%,,174,,218,,,8,,0,,0,,0,,
Against,,555,,52.02%,,208,,329,,,17,,0,,0,,1,,
Total Votes Cast,,955,,89.50%,,382,,547,,,25,,0,,0,,1,,
Overvotes,,0,,0.00%,,0,,0,,,0,,0,,0,,0,,
Undervotes,,112,,10.50%,,50,,58,,,4,,0,,0,,0,,
Contest Totals,,"1,067",,100.00%,,432,,605,,,29,,0,,0,,1,,
Precinct Summary - 11/12/2024     2:58 PM,,,,,,,,,,162,,,,,,,,, of 258
Report generated with Electionware Copyright © 2007-2019,,,,,,,,,,,,,,,,,,,
Summary Results Report,,,,,,,,,,OFFICIAL RESULTS,,,,,,,,,
General Election,,,,,,,,,,,,,,,,,,,
"November 5, 2024",,,,,,,,,,"Monongalia County, West Virginia",,,,,,,,,
PRECINCT 63,,,,,,,,,,,,,,,,,,,
Statistics,,TOTAL,,Election Day,,Early Vote,,Absentee,,,Canvass,,Absentee After ED,,Provisional,,,,
Registered Voters - Total,,"1,460",,,,,,,,,,,,,,,,,
Ballots Cast - Total,,"1,034",,337,,665,,27,,,0,,0,,5,,,,
Ballots Cast - Blank,,0,,0,,0,,0,,,0,,0,,0,,,,
Voter Turnout - Total,,70.82%,,,,,,,,,,,,,,,,,
,FOR PRESIDENT,,,,,,,,,,,,,,,,,,
,Vote For 1,,,,,,,,,,,,,,,,,,
,,,TOTAL,,VOTE %,,Election Day,,Early Vote,,,Absentee,,Canvass,,Absentee After ED,,Provisional,
REP DONALD J. TRUMP,,748,,72.34%,,261,,471,,,13,,0,,0,,3,,
DEM KAMALA D. HARRIS,,255,,24.66%,,65,,174,,,14,,0,,0,,2,,
LBN CHASE OLIVER,,7,,0.68%,,3,,4,,,0,,0,,0,,0,,
MTN JILL STEIN,,5,,0.48%,,1,,4,,,0,,0,,0,,0,,
IND ROBERT F. KENNEDY JR.,,12,,1.16%,,5,,7,,,0,,0,,0,,0,,
Write-In Totals,,2,,0.19%,,1,,1,,,0,,0,,0,,0,,
Total Votes Cast,,"1,029",,99.52%,,336,,661,,,27,,0,,0,,5,,
Overvotes,,0,,0.00%,,0,,0,,,0,,0,,0,,0,,
Undervotes,,5,,0.48%,,1,,4,,,0,,0,,0,,0,,
Contest Totals,,"1,034",,100.00%,,337,,665,,,27,,0,,0,,5,,
,FOR U.S. SENATOR,,,,,,,,,,,,,,,,,,
,Vote For 1,,,,,,,,,,,,,,,,,,
,,,TOTAL,,VOTE %,,Election Day,,Early Vote,,,Absentee,,Canvass,,Absentee After ED,,Provisional,
REP JIM JUSTICE,,686,,66.34%,,238,,431,,,14,,0,,0,,3,,
DEM GLENN ELLIOTT,,261,,25.24%,,66,,182,,,12,,0,,0,,1,,
LBN DAVID MORAN,,56,,5.42%,,25,,31,,,0,,0,,0,,0,,
NO CANDIDATE(S) NOMINATED,,0,,0.00%,,0,,0,,,0,,0,,0,,0,,
Write-In Totals,,0,,0.00%,,0,,0,,,0,,0,,0,,0,,
Total Votes Cast,,"1,003",,97.00%,,329,,644,,,26,,0,,0,,4,,
Overvotes,,0,,0.00%,,0,,0,,,0,,0,,0,,0,,
Undervotes,,31,,3.00%,,8,,21,,,1,,0,,0,,1,,
Contest Totals,,"1,034",,100.00%,,337,,665,,,27,,0,,0,,5,,
,FOR U.S. HOUSE OF REPS 2ND DIST,,,,,,,,,,,,,,,,,,
,Vote For 1,,,,,,,,,,,,,,,,,,
,,,TOTAL,,VOTE %,,Election Day,,Early Vote,,,Absentee,,Canvass,,Absentee After ED,,Provisional,
REP RILEY MOORE,,697,,67.41%,,235,,446,,,12,,0,,0,,4,,
DEM STEVEN WENDELIN,,267,,25.82%,,76,,177,,,14,,0,,0,,0,,
NO CANDIDATE(S) NOMINATED,,0,,0.00%,,0,,0,,,0,,0,,0,,0,,
NO CANDIDATE(S) NOMINATED,,0,,0.00%,,0,,0,,,0,,0,,0,,0,,
Write-In Totals,,1,,0.10%,,1,,0,,,0,,0,,0,,0,,
Total Votes Cast,,965,,93.33%,,312,,623,,,26,,0,,0,,4,,
Overvotes,,0,,0.00%,,0,,0,,,0,,0,,0,,0,,
Undervotes,,69,,6.67%,,25,,42,,,1,,0,,0,,1,,
Contest Totals,,"1,034",,100.00%,,337,,665,,,27,,0,,0,,5,,
Precinct Summary - 11/12/2024     2:58 PM,,,,,,,,,,163,,,,,,,,, of 258
Report generated with Electionware Copyright © 2007-2019,,,,,,,,,,,,,,,,,,,
Summary Results Report,,,,,,,,,,OFFICIAL RESULTS,,,,,,,,,
General Election,,,,,,,,,,,,,,,,,,,
"November 5, 2024",,,,,,,,,,"Monongalia County, West Virginia",,,,,,,,,
PRECINCT 63,,,,,,,,,,,,,,,,,,,
,FOR GOVERNOR,,,,,,,,,,,,,,,,,,
,Vote For 1,,,,,,,,,,,,,,,,,,
,,,TOTAL,,VOTE %,,Election Day,,Early Vote,,,Absentee,,Canvass,,Absentee After ED,,Provisional,
REP PATRICK MORRISEY,,664,,64.22%,,229,,421,,,11,,0,,0,,3,,
DEM STEVE WILLIAMS,,288,,27.85%,,78,,195,,,13,,0,,0,,2,,
LBN ERIKA KLIE KOLENICH,,29,,2.80%,,8,,19,,,2,,0,,0,,0,,
MTN CHASE LINKO-LOOPER,,8,,0.77%,,7,,1,,,0,,0,,0,,0,,
CST S. MARSHALL WILSON,,11,,1.06%,,5,,6,,,0,,0,,0,,0,,
Write-In Totals,,2,,0.19%,,0,,2,,,0,,0,,0,,0,,
Total Votes Cast,,"1,002",,96.91%,,327,,644,,,26,,0,,0,,5,,
Overvotes,,0,,0.00%,,0,,0,,,0,,0,,0,,0,,
Undervotes,,32,,3.09%,,10,,21,,,1,,0,,0,,0,,
Contest Totals,,"1,034",,100.00%,,337,,665,,,27,,0,,0,,5,,
,FOR SECRETARY OF STATE,,,,,,,,,,,,,,,,,,
,Vote For 1,,,,,,,,,,,,,,,,,,
,,,TOTAL,,VOTE %,,Election Day,,Early Vote,,,Absentee,,Canvass,,Absentee After ED,,Provisional,
REP KRIS WARNER,,709,,68.57%,,252,,440,,,14,,0,,0,,3,,
DEM THORNTON COOPER,,262,,25.34%,,65,,183,,,13,,0,,0,,1,,
NO CANDIDATE(S) NOMINATED,,0,,0.00%,,0,,0,,,0,,0,,0,,0,,
NO CANDIDATE(S) NOMINATED,,0,,0.00%,,0,,0,,,0,,0,,0,,0,,
Write-In Totals,,0,,0.00%,,0,,0,,,0,,0,,0,,0,,
Total Votes Cast,,971,,93.91%,,317,,623,,,27,,0,,0,,4,,
Overvotes,,0,,0.00%,,0,,0,,,0,,0,,0,,0,,
Undervotes,,63,,6.09%,,20,,42,,,0,,0,,0,,1,,
Contest Totals,,"1,034",,100.00%,,337,,665,,,27,,0,,0,,5,,
,FOR AUDITOR,,,,,,,,,,,,,,,,,,
,Vote For 1,,,,,,,,,,,,,,,,,,
,,,TOTAL,,VOTE %,,Election Day,,Early Vote,,,Absentee,,Canvass,,Absentee After ED,,Provisional,
REP MARK HUNT,,684,,66.15%,,232,,436,,,13,,0,,0,,3,,
DEM MARY ANN ROEBUCK CLAYTOR,,281,,27.18%,,84,,182,,,14,,0,,0,,1,,
NO CANDIDATE(S) NOMINATED,,0,,0.00%,,0,,0,,,0,,0,,0,,0,,
NO CANDIDATE(S) NOMINATED,,0,,0.00%,,0,,0,,,0,,0,,0,,0,,
Write-In Totals,,1,,0.10%,,0,,1,,,0,,0,,0,,0,,
Total Votes Cast,,966,,93.42%,,316,,619,,,27,,0,,0,,4,,
Overvotes,,0,,0.00%,,0,,0,,,0,,0,,0,,0,,
Undervotes,,68,,6.58%,,21,,46,,,0,,0,,0,,1,,
Contest Totals,,"1,034",,100.00%,,337,,665,,,27,,0,,0,,5,,
Precinct Summary - 11/12/2024     2:58 PM,,,,,,,,,,164,,,,,,,,, of 258
Report generated with Electionware Copyright © 2007-2019,,,,,,,,,,,,,,,,,,,
Summary Results Report,,,,,,,,,,OFFICIAL RESULTS,,,,,,,,,
General Election,,,,,,,,,,,,,,,,,,,
"November 5, 2024",,,,,,,,,,"Monongalia County, West Virginia",,,,,,,,,
PRECINCT 63,,,,,,,,,,,,,,,,,,,
,FOR TREASURER,,,,,,,,,,,,,,,,,,
,Vote For 1,,,,,,,,,,,,,,,,,,
,,,TOTAL,,VOTE %,,Election Day,,Early Vote,,,Absentee,,Canvass,,Absentee After ED,,Provisional,
REP LARRY PACK,,819,,79.21%,,284,,511,,,20,,0,,0,,4,,
NO CANDIDATE(S) NOMINATED,,0,,0.00%,,0,,0,,,0,,0,,0,,0,,
NO CANDIDATE(S) NOMINATED,,0,,0.00%,,0,,0,,,0,,0,,0,,0,,
NO CANDIDATE(S) NOMINATED,,0,,0.00%,,0,,0,,,0,,0,,0,,0,,
Write-In Totals,,5,,0.48%,,0,,5,,,0,,0,,0,,0,,
Total Votes Cast,,824,,79.69%,,284,,516,,,20,,0,,0,,4,,
Overvotes,,0,,0.00%,,0,,0,,,0,,0,,0,,0,,
Undervotes,,210,,20.31%,,53,,149,,,7,,0,,0,,1,,
Contest Totals,,"1,034",,100.00%,,337,,665,,,27,,0,,0,,5,,
,FOR COMMISSIONER OF AGRICULTURE,,,,,,,,,,,,,,,,,,
,Vote For 1,,,,,,,,,,,,,,,,,,
,,,TOTAL,,VOTE %,,Election Day,,Early Vote,,,Absentee,,Canvass,,Absentee After ED,,Provisional,
REP KENT LEONHARDT,,709,,68.57%,,244,,448,,,14,,0,,0,,3,,
DEM DEBORAH STILES,,261,,25.24%,,73,,174,,,13,,0,,0,,1,,
NO CANDIDATE(S) NOMINATED,,0,,0.00%,,0,,0,,,0,,0,,0,,0,,
NO CANDIDATE(S) NOMINATED,,0,,0.00%,,0,,0,,,0,,0,,0,,0,,
Write-In Totals,,0,,0.00%,,0,,0,,,0,,0,,0,,0,,
Total Votes Cast,,970,,93.81%,,317,,622,,,27,,0,,0,,4,,
Overvotes,,0,,0.00%,,0,,0,,,0,,0,,0,,0,,
Undervotes,,64,,6.19%,,20,,43,,,0,,0,,0,,1,,
Contest Totals,,"1,034",,100.00%,,337,,665,,,27,,0,,0,,5,,
,FOR ATTORNEY GENERAL,,,,,,,,,,,,,,,,,,
,Vote For 1,,,,,,,,,,,,,,,,,,
,,,TOTAL,,VOTE %,,Election Day,,Early Vote,,,Absentee,,Canvass,,Absentee After ED,,Provisional,
"REP JOHN ""JB"" McCUSKEY",,677,,65.47%,,237,,426,,,12,,0,,0,,2,,
DEM TERESA TORISEVA,,287,,27.76%,,78,,192,,,15,,0,,0,,2,,
NO CANDIDATE(S) NOMINATED,,0,,0.00%,,0,,0,,,0,,0,,0,,0,,
NO CANDIDATE(S) NOMINATED,,0,,0.00%,,0,,0,,,0,,0,,0,,0,,
Write-In Totals,,0,,0.00%,,0,,0,,,0,,0,,0,,0,,
Total Votes Cast,,964,,93.23%,,315,,618,,,27,,0,,0,,4,,
Overvotes,,0,,0.00%,,0,,0,,,0,,0,,0,,0,,
Undervotes,,70,,6.77%,,22,,47,,,0,,0,,0,,1,,
Contest Totals,,"1,034",,100.00%,,337,,665,,,27,,0,,0,,5,,
Precinct Summary - 11/12/2024     2:58 PM,,,,,,,,,,165,,,,,,,,, of 258
Report generated with Electionware Copyright © 2007-2019,,,,,,,,,,,,,,,,,,,
Summary Results Report,,,,,,,,,,OFFICIAL RESULTS,,,,,,,,,
General Election,,,,,,,,,,,,,,,,,,,
"November 5, 2024",,,,,,,,,,"Monongalia County, West Virginia",,,,,,,,,
PRECINCT 63,,,,,,,,,,,,,,,,,,,
,FOR STATE SENATOR 13TH DISTRICT,,,,,,,,,,,,,,,,,,
,Vote For 1,,,,,,,,,,,,,,,,,,
,,,TOTAL,,VOTE %,,Election Day,,Early Vote,,,Absentee,,Canvass,,Absentee After ED,,Provisional,
REP REBECCA POLIS,,658,,63.64%,,224,,421,,,12,,0,,0,,1,,
DEM JOEY GARCIA,,304,,29.40%,,90,,195,,,15,,0,,0,,4,,
NO CANDIDATE(S) NOMINATED,,0,,0.00%,,0,,0,,,0,,0,,0,,0,,
NO CANDIDATE(S) NOMINATED,,0,,0.00%,,0,,0,,,0,,0,,0,,0,,
Write-In Totals,,0,,0.00%,,0,,0,,,0,,0,,0,,0,,
Total Votes Cast,,962,,93.04%,,314,,616,,,27,,0,,0,,5,,
Overvotes,,0,,0.00%,,0,,0,,,0,,0,,0,,0,,
Undervotes,,72,,6.96%,,23,,49,,,0,,0,,0,,0,,
Contest Totals,,"1,034",,100.00%,,337,,665,,,27,,0,,0,,5,,
,FOR MEMBER OF HOUSE OF DELEGATES 78TH DISTRICT,,,,,,,,,,,,,,,,,,
,Vote For 1,,,,,,,,,,,,,,,,,,
,,,TOTAL,,VOTE %,,Election Day,,Early Vote,,,Absentee,,Canvass,,Absentee After ED,,Provisional,
REP GENO CHIARELLI,,652,,63.06%,,227,,412,,,11,,0,,0,,2,,
DEM DIANE MARKET GASTON,,323,,31.24%,,92,,212,,,16,,0,,0,,3,,
NO CANDIDATE(S) NOMINATED,,0,,0.00%,,0,,0,,,0,,0,,0,,0,,
NO CANDIDATE(S) NOMINATED,,0,,0.00%,,0,,0,,,0,,0,,0,,0,,
Write-In Totals,,0,,0.00%,,0,,0,,,0,,0,,0,,0,,
Total Votes Cast,,975,,94.29%,,319,,624,,,27,,0,,0,,5,,
Overvotes,,0,,0.00%,,0,,0,,,0,,0,,0,,0,,
Undervotes,,59,,5.71%,,18,,41,,,0,,0,,0,,0,,
Contest Totals,,"1,034",,100.00%,,337,,665,,,27,,0,,0,,5,,
,FOR COUNTY COMMISSIONER,,,,,,,,,,,,,,,,,,
,Vote For 1,,,,,,,,,,,,,,,,,,
,,,TOTAL,,VOTE %,,Election Day,,Early Vote,,,Absentee,,Canvass,,Absentee After ED,,Provisional,
REP MARYANN (BABICH) FOLZ,,657,,63.54%,,217,,426,,,10,,0,,0,,4,,
DEM TOM  BLOOM,,334,,32.30%,,105,,213,,,15,,0,,0,,1,,
NO CANDIDATE(S) NOMINATED,,0,,0.00%,,0,,0,,,0,,0,,0,,0,,
NO CANDIDATE(S) NOMINATED,,0,,0.00%,,0,,0,,,0,,0,,0,,0,,
Write-In Totals,,0,,0.00%,,0,,0,,,0,,0,,0,,0,,
Total Votes Cast,,991,,95.84%,,322,,639,,,25,,0,,0,,5,,
Overvotes,,0,,0.00%,,0,,0,,,0,,0,,0,,0,,
Undervotes,,43,,4.16%,,15,,26,,,2,,0,,0,,0,,
Contest Totals,,"1,034",,100.00%,,337,,665,,,27,,0,,0,,5,,
Precinct Summary - 11/12/2024     2:58 PM,,,,,,,,,,166,,,,,,,,, of 258
Report generated with Electionware Copyright © 2007-2019,,,,,,,,,,,,,,,,,,,
Summary Results Report,,,,,,,,,,OFFICIAL RESULTS,,,,,,,,,
General Election,,,,,,,,,,,,,,,,,,,
"November 5, 2024",,,,,,,,,,"Monongalia County, West Virginia",,,,,,,,,
PRECINCT 63,,,,,,,,,,,,,,,,,,,
,FOR PROSECUTING ATTORNEY,,,,,,,,,,,,,,,,,,
,Vote For 1,,,,,,,,,,,,,,,,,,
,,,TOTAL,,VOTE %,,Election Day,,Early Vote,,,Absentee,,Canvass,,Absentee After ED,,Provisional,
NO CANDIDATE(S) NOMINATED,,0,,0.00%,,0,,0,,,0,,0,,0,,0,,
"DEM GABRIELLE ""GABE"" MUCCIOLA",,640,,61.90%,,214,,400,,,22,,0,,0,,4,,
NO CANDIDATE(S) NOMINATED,,0,,0.00%,,0,,0,,,0,,0,,0,,0,,
NO CANDIDATE(S) NOMINATED,,0,,0.00%,,0,,0,,,0,,0,,0,,0,,
Write-In Totals,,20,,1.93%,,6,,14,,,0,,0,,0,,0,,
Total Votes Cast,,660,,63.83%,,220,,414,,,22,,0,,0,,4,,
Overvotes,,0,,0.00%,,0,,0,,,0,,0,,0,,0,,
Undervotes,,374,,36.17%,,117,,251,,,5,,0,,0,,1,,
Contest Totals,,"1,034",,100.00%,,337,,665,,,27,,0,,0,,5,,
,FOR SHERIFF,,,,,,,,,,,,,,,,,,
,Vote For 1,,,,,,,,,,,,,,,,,,
,,,TOTAL,,VOTE %,,Election Day,,Early Vote,,,Absentee,,Canvass,,Absentee After ED,,Provisional,
REP JASON MORGAN,,544,,52.61%,,182,,347,,,11,,0,,0,,4,,
DEM TODD FORBES,,445,,43.04%,,140,,288,,,16,,0,,0,,1,,
NO CANDIDATE(S) NOMINATED,,0,,0.00%,,0,,0,,,0,,0,,0,,0,,
NO CANDIDATE(S) NOMINATED,,0,,0.00%,,0,,0,,,0,,0,,0,,0,,
Write-In Totals,,0,,0.00%,,0,,0,,,0,,0,,0,,0,,
Total Votes Cast,,989,,95.65%,,322,,635,,,27,,0,,0,,5,,
Overvotes,,0,,0.00%,,0,,0,,,0,,0,,0,,0,,
Undervotes,,45,,4.35%,,15,,30,,,0,,0,,0,,0,,
Contest Totals,,"1,034",,100.00%,,337,,665,,,27,,0,,0,,5,,
,FOR ASSESSOR,,,,,,,,,,,,,,,,,,
,Vote For 1,,,,,,,,,,,,,,,,,,
,,,TOTAL,,VOTE %,,Election Day,,Early Vote,,,Absentee,,Canvass,,Absentee After ED,,Provisional,
REP RICH JACOBS,,535,,51.74%,,187,,337,,,9,,0,,0,,2,,
DEM MARK A. MUSICK,,447,,43.23%,,132,,296,,,16,,0,,0,,3,,
NO CANDIDATE(S) NOMINATED,,0,,0.00%,,0,,0,,,0,,0,,0,,0,,
NO CANDIDATE(S) NOMINATED,,0,,0.00%,,0,,0,,,0,,0,,0,,0,,
Write-In Totals,,0,,0.00%,,0,,0,,,0,,0,,0,,0,,
Total Votes Cast,,982,,94.97%,,319,,633,,,25,,0,,0,,5,,
Overvotes,,0,,0.00%,,0,,0,,,0,,0,,0,,0,,
Undervotes,,52,,5.03%,,18,,32,,,2,,0,,0,,0,,
Contest Totals,,"1,034",,100.00%,,337,,665,,,27,,0,,0,,5,,
Precinct Summary - 11/12/2024     2:58 PM,,,,,,,,,,167,,,,,,,,, of 258
Report generated with Electionware Copyright © 2007-2019,,,,,,,,,,,,,,,,,,,
Summary Results Report,,,,,,,,,,OFFICIAL RESULTS,,,,,,,,,
General Election,,,,,,,,,,,,,,,,,,,
"November 5, 2024",,,,,,,,,,"Monongalia County, West Virginia",,,,,,,,,
PRECINCT 63,,,,,,,,,,,,,,,,,,,
,FOR SURVEYOR,,,,,,,,,,,,,,,,,,
,Vote For 1,,,,,,,,,,,,,,,,,,
,,,TOTAL,,VOTE %,,Election Day,,Early Vote,,,Absentee,,Canvass,,Absentee After ED,,Provisional,
REP BOB ANDRIOTTO,,834,,80.66%,,278,,530,,,21,,0,,0,,5,,
NO CANDIDATE(S) NOMINATED,,0,,0.00%,,0,,0,,,0,,0,,0,,0,,
NO CANDIDATE(S) NOMINATED,,0,,0.00%,,0,,0,,,0,,0,,0,,0,,
NO CANDIDATE(S) NOMINATED,,0,,0.00%,,0,,0,,,0,,0,,0,,0,,
Write-In Totals,,3,,0.29%,,0,,3,,,0,,0,,0,,0,,
Total Votes Cast,,837,,80.95%,,278,,533,,,21,,0,,0,,5,,
Overvotes,,0,,0.00%,,0,,0,,,0,,0,,0,,0,,
Undervotes,,197,,19.05%,,59,,132,,,6,,0,,0,,0,,
Contest Totals,,"1,034",,100.00%,,337,,665,,,27,,0,,0,,5,,
,AMENDMENT NO. 1,,,,,,,,,,,,,,,,,,
,Vote For 1,,,,,,,,,,,,,,,,,,
,,,TOTAL,,VOTE %,,Election Day,,Early Vote,,,Absentee,,Canvass,,Absentee After ED,,Provisional,
For,,409,,39.56%,,153,,238,,,16,,0,,0,,2,,
Against,,483,,46.71%,,141,,334,,,6,,0,,0,,2,,
Total Votes Cast,,892,,86.27%,,294,,572,,,22,,0,,0,,4,,
Overvotes,,0,,0.00%,,0,,0,,,0,,0,,0,,0,,
Undervotes,,142,,13.73%,,43,,93,,,5,,0,,0,,1,,
Contest Totals,,"1,034",,100.00%,,337,,665,,,27,,0,,0,,5,,
Precinct Summary - 11/12/2024     2:58 PM,,,,,,,,,,168,,,,,,,,, of 258
Report generated with Electionware Copyright © 2007-2019,,,,,,,,,,,,,,,,,,,
Summary Results Report,,,,,,,,,,OFFICIAL RESULTS,,,,,,,,,
General Election,,,,,,,,,,,,,,,,,,,
"November 5, 2024",,,,,,,,,,"Monongalia County, West Virginia",,,,,,,,,
PRECINCT 64,,,,,,,,,,,,,,,,,,,
Statistics,,TOTAL,,Election Day,,Early Vote,,Absentee,,,Canvass,,Absentee After ED,,Provisional,,,,
Registered Voters - Total,,420,,,,,,,,,,,,,,,,,
Ballots Cast - Total,,276,,128,,146,,2,,,0,,0,,0,,,,
Ballots Cast - Blank,,0,,0,,0,,0,,,0,,0,,0,,,,
Voter Turnout - Total,,65.71%,,,,,,,,,,,,,,,,,
,FOR PRESIDENT,,,,,,,,,,,,,,,,,,
,Vote For 1,,,,,,,,,,,,,,,,,,
,,,TOTAL,,VOTE %,,Election Day,,Early Vote,,,Absentee,,Canvass,,Absentee After ED,,Provisional,
REP DONALD J. TRUMP,,142,,51.45%,,73,,69,,,0,,0,,0,,0,,
DEM KAMALA D. HARRIS,,126,,45.65%,,50,,74,,,2,,0,,0,,0,,
LBN CHASE OLIVER,,4,,1.45%,,2,,2,,,0,,0,,0,,0,,
MTN JILL STEIN,,1,,0.36%,,1,,0,,,0,,0,,0,,0,,
IND ROBERT F. KENNEDY JR.,,3,,1.09%,,2,,1,,,0,,0,,0,,0,,
Write-In Totals,,0,,0.00%,,0,,0,,,0,,0,,0,,0,,
Total Votes Cast,,276,,100.00%,,128,,146,,,2,,0,,0,,0,,
Overvotes,,0,,0.00%,,0,,0,,,0,,0,,0,,0,,
Undervotes,,0,,0.00%,,0,,0,,,0,,0,,0,,0,,
Contest Totals,,276,,100.00%,,128,,146,,,2,,0,,0,,0,,
,FOR U.S. SENATOR,,,,,,,,,,,,,,,,,,
,Vote For 1,,,,,,,,,,,,,,,,,,
,,,TOTAL,,VOTE %,,Election Day,,Early Vote,,,Absentee,,Canvass,,Absentee After ED,,Provisional,
REP JIM JUSTICE,,142,,51.45%,,70,,72,,,0,,0,,0,,0,,
DEM GLENN ELLIOTT,,124,,44.93%,,55,,67,,,2,,0,,0,,0,,
LBN DAVID MORAN,,7,,2.54%,,2,,5,,,0,,0,,0,,0,,
NO CANDIDATE(S) NOMINATED,,0,,0.00%,,0,,0,,,0,,0,,0,,0,,
Write-In Totals,,1,,0.36%,,0,,1,,,0,,0,,0,,0,,
Total Votes Cast,,274,,99.28%,,127,,145,,,2,,0,,0,,0,,
Overvotes,,0,,0.00%,,0,,0,,,0,,0,,0,,0,,
Undervotes,,2,,0.72%,,1,,1,,,0,,0,,0,,0,,
Contest Totals,,276,,100.00%,,128,,146,,,2,,0,,0,,0,,
,FOR U.S. HOUSE OF REPS 2ND DIST,,,,,,,,,,,,,,,,,,
,Vote For 1,,,,,,,,,,,,,,,,,,
,,,TOTAL,,VOTE %,,Election Day,,Early Vote,,,Absentee,,Canvass,,Absentee After ED,,Provisional,
REP RILEY MOORE,,143,,51.81%,,74,,69,,,0,,0,,0,,0,,
DEM STEVEN WENDELIN,,119,,43.12%,,49,,68,,,2,,0,,0,,0,,
NO CANDIDATE(S) NOMINATED,,0,,0.00%,,0,,0,,,0,,0,,0,,0,,
NO CANDIDATE(S) NOMINATED,,0,,0.00%,,0,,0,,,0,,0,,0,,0,,
Write-In Totals,,1,,0.36%,,0,,1,,,0,,0,,0,,0,,
Total Votes Cast,,263,,95.29%,,123,,138,,,2,,0,,0,,0,,
Overvotes,,0,,0.00%,,0,,0,,,0,,0,,0,,0,,
Undervotes,,13,,4.71%,,5,,8,,,0,,0,,0,,0,,
Contest Totals,,276,,100.00%,,128,,146,,,2,,0,,0,,0,,
Precinct Summary - 11/12/2024     2:58 PM,,,,,,,,,,169,,,,,,,,, of 258
Report generated with Electionware Copyright © 2007-2019,,,,,,,,,,,,,,,,,,,
Summary Results Report,,,,,,,,,,OFFICIAL RESULTS,,,,,,,,,
General Election,,,,,,,,,,,,,,,,,,,
"November 5, 2024",,,,,,,,,,"Monongalia County, West Virginia",,,,,,,,,
PRECINCT 64,,,,,,,,,,,,,,,,,,,
,FOR GOVERNOR,,,,,,,,,,,,,,,,,,
,Vote For 1,,,,,,,,,,,,,,,,,,
,,,TOTAL,,VOTE %,,Election Day,,Early Vote,,,Absentee,,Canvass,,Absentee After ED,,Provisional,
REP PATRICK MORRISEY,,136,,49.28%,,72,,64,,,0,,0,,0,,0,,
DEM STEVE WILLIAMS,,116,,42.03%,,46,,68,,,2,,0,,0,,0,,
LBN ERIKA KLIE KOLENICH,,16,,5.80%,,8,,8,,,0,,0,,0,,0,,
MTN CHASE LINKO-LOOPER,,2,,0.72%,,1,,1,,,0,,0,,0,,0,,
CST S. MARSHALL WILSON,,0,,0.00%,,0,,0,,,0,,0,,0,,0,,
Write-In Totals,,1,,0.36%,,0,,1,,,0,,0,,0,,0,,
Total Votes Cast,,271,,98.19%,,127,,142,,,2,,0,,0,,0,,
Overvotes,,0,,0.00%,,0,,0,,,0,,0,,0,,0,,
Undervotes,,5,,1.81%,,1,,4,,,0,,0,,0,,0,,
Contest Totals,,276,,100.00%,,128,,146,,,2,,0,,0,,0,,
,FOR SECRETARY OF STATE,,,,,,,,,,,,,,,,,,
,Vote For 1,,,,,,,,,,,,,,,,,,
,,,TOTAL,,VOTE %,,Election Day,,Early Vote,,,Absentee,,Canvass,,Absentee After ED,,Provisional,
REP KRIS WARNER,,143,,51.81%,,75,,68,,,0,,0,,0,,0,,
DEM THORNTON COOPER,,120,,43.48%,,51,,67,,,2,,0,,0,,0,,
NO CANDIDATE(S) NOMINATED,,0,,0.00%,,0,,0,,,0,,0,,0,,0,,
NO CANDIDATE(S) NOMINATED,,0,,0.00%,,0,,0,,,0,,0,,0,,0,,
Write-In Totals,,1,,0.36%,,0,,1,,,0,,0,,0,,0,,
Total Votes Cast,,264,,95.65%,,126,,136,,,2,,0,,0,,0,,
Overvotes,,0,,0.00%,,0,,0,,,0,,0,,0,,0,,
Undervotes,,12,,4.35%,,2,,10,,,0,,0,,0,,0,,
Contest Totals,,276,,100.00%,,128,,146,,,2,,0,,0,,0,,
,FOR AUDITOR,,,,,,,,,,,,,,,,,,
,Vote For 1,,,,,,,,,,,,,,,,,,
,,,TOTAL,,VOTE %,,Election Day,,Early Vote,,,Absentee,,Canvass,,Absentee After ED,,Provisional,
REP MARK HUNT,,141,,51.09%,,73,,68,,,0,,0,,0,,0,,
DEM MARY ANN ROEBUCK CLAYTOR,,118,,42.75%,,50,,66,,,2,,0,,0,,0,,
NO CANDIDATE(S) NOMINATED,,0,,0.00%,,0,,0,,,0,,0,,0,,0,,
NO CANDIDATE(S) NOMINATED,,0,,0.00%,,0,,0,,,0,,0,,0,,0,,
Write-In Totals,,1,,0.36%,,0,,1,,,0,,0,,0,,0,,
Total Votes Cast,,260,,94.20%,,123,,135,,,2,,0,,0,,0,,
Overvotes,,0,,0.00%,,0,,0,,,0,,0,,0,,0,,
Undervotes,,16,,5.80%,,5,,11,,,0,,0,,0,,0,,
Contest Totals,,276,,100.00%,,128,,146,,,2,,0,,0,,0,,
Precinct Summary - 11/12/2024     2:58 PM,,,,,,,,,,170,,,,,,,,, of 258
Report generated with Electionware Copyright © 2007-2019,,,,,,,,,,,,,,,,,,,
Summary Results Report,,,,,,,,,,OFFICIAL RESULTS,,,,,,,,,
General Election,,,,,,,,,,,,,,,,,,,
"November 5, 2024",,,,,,,,,,"Monongalia County, West Virginia",,,,,,,,,
PRECINCT 64,,,,,,,,,,,,,,,,,,,
,FOR TREASURER,,,,,,,,,,,,,,,,,,
,Vote For 1,,,,,,,,,,,,,,,,,,
,,,TOTAL,,VOTE %,,Election Day,,Early Vote,,,Absentee,,Canvass,,Absentee After ED,,Provisional,
REP LARRY PACK,,197,,71.38%,,96,,99,,,2,,0,,0,,0,,
NO CANDIDATE(S) NOMINATED,,0,,0.00%,,0,,0,,,0,,0,,0,,0,,
NO CANDIDATE(S) NOMINATED,,0,,0.00%,,0,,0,,,0,,0,,0,,0,,
NO CANDIDATE(S) NOMINATED,,0,,0.00%,,0,,0,,,0,,0,,0,,0,,
Write-In Totals,,3,,1.09%,,0,,3,,,0,,0,,0,,0,,
Total Votes Cast,,200,,72.46%,,96,,102,,,2,,0,,0,,0,,
Overvotes,,0,,0.00%,,0,,0,,,0,,0,,0,,0,,
Undervotes,,76,,27.54%,,32,,44,,,0,,0,,0,,0,,
Contest Totals,,276,,100.00%,,128,,146,,,2,,0,,0,,0,,
,FOR COMMISSIONER OF AGRICULTURE,,,,,,,,,,,,,,,,,,
,Vote For 1,,,,,,,,,,,,,,,,,,
,,,TOTAL,,VOTE %,,Election Day,,Early Vote,,,Absentee,,Canvass,,Absentee After ED,,Provisional,
REP KENT LEONHARDT,,142,,51.45%,,71,,71,,,0,,0,,0,,0,,
DEM DEBORAH STILES,,113,,40.94%,,47,,64,,,2,,0,,0,,0,,
NO CANDIDATE(S) NOMINATED,,0,,0.00%,,0,,0,,,0,,0,,0,,0,,
NO CANDIDATE(S) NOMINATED,,0,,0.00%,,0,,0,,,0,,0,,0,,0,,
Write-In Totals,,1,,0.36%,,0,,1,,,0,,0,,0,,0,,
Total Votes Cast,,256,,92.75%,,118,,136,,,2,,0,,0,,0,,
Overvotes,,0,,0.00%,,0,,0,,,0,,0,,0,,0,,
Undervotes,,20,,7.25%,,10,,10,,,0,,0,,0,,0,,
Contest Totals,,276,,100.00%,,128,,146,,,2,,0,,0,,0,,
,FOR ATTORNEY GENERAL,,,,,,,,,,,,,,,,,,
,Vote For 1,,,,,,,,,,,,,,,,,,
,,,TOTAL,,VOTE %,,Election Day,,Early Vote,,,Absentee,,Canvass,,Absentee After ED,,Provisional,
"REP JOHN ""JB"" McCUSKEY",,133,,48.19%,,66,,67,,,0,,0,,0,,0,,
DEM TERESA TORISEVA,,121,,43.84%,,54,,65,,,2,,0,,0,,0,,
NO CANDIDATE(S) NOMINATED,,0,,0.00%,,0,,0,,,0,,0,,0,,0,,
NO CANDIDATE(S) NOMINATED,,0,,0.00%,,0,,0,,,0,,0,,0,,0,,
Write-In Totals,,1,,0.36%,,0,,1,,,0,,0,,0,,0,,
Total Votes Cast,,255,,92.39%,,120,,133,,,2,,0,,0,,0,,
Overvotes,,0,,0.00%,,0,,0,,,0,,0,,0,,0,,
Undervotes,,21,,7.61%,,8,,13,,,0,,0,,0,,0,,
Contest Totals,,276,,100.00%,,128,,146,,,2,,0,,0,,0,,
Precinct Summary - 11/12/2024     2:58 PM,,,,,,,,,,171,,,,,,,,, of 258
Report generated with Electionware Copyright © 2007-2019,,,,,,,,,,,,,,,,,,,
Summary Results Report,,,,,,,,,,OFFICIAL RESULTS,,,,,,,,,
General Election,,,,,,,,,,,,,,,,,,,
"November 5, 2024",,,,,,,,,,"Monongalia County, West Virginia",,,,,,,,,
PRECINCT 64,,,,,,,,,,,,,,,,,,,
,FOR STATE SENATOR 13TH DISTRICT,,,,,,,,,,,,,,,,,,
,Vote For 1,,,,,,,,,,,,,,,,,,
,,,TOTAL,,VOTE %,,Election Day,,Early Vote,,,Absentee,,Canvass,,Absentee After ED,,Provisional,
REP REBECCA POLIS,,126,,45.65%,,60,,66,,,0,,0,,0,,0,,
DEM JOEY GARCIA,,131,,47.46%,,60,,69,,,2,,0,,0,,0,,
NO CANDIDATE(S) NOMINATED,,0,,0.00%,,0,,0,,,0,,0,,0,,0,,
NO CANDIDATE(S) NOMINATED,,0,,0.00%,,0,,0,,,0,,0,,0,,0,,
Write-In Totals,,1,,0.36%,,0,,1,,,0,,0,,0,,0,,
Total Votes Cast,,258,,93.48%,,120,,136,,,2,,0,,0,,0,,
Overvotes,,0,,0.00%,,0,,0,,,0,,0,,0,,0,,
Undervotes,,18,,6.52%,,8,,10,,,0,,0,,0,,0,,
Contest Totals,,276,,100.00%,,128,,146,,,2,,0,,0,,0,,
,FOR MEMBER OF HOUSE OF DELEGATES 77TH DISTRICT,,,,,,,,,,,,,,,,,,
,Vote For 1,,,,,,,,,,,,,,,,,,
,,,TOTAL,,VOTE %,,Election Day,,Early Vote,,,Absentee,,Canvass,,Absentee After ED,,Provisional,
REP JOE STATLER,,199,,72.10%,,96,,101,,,2,,0,,0,,0,,
NO CANDIDATE(S) NOMINATED,,0,,0.00%,,0,,0,,,0,,0,,0,,0,,
NO CANDIDATE(S) NOMINATED,,0,,0.00%,,0,,0,,,0,,0,,0,,0,,
NO CANDIDATE(S) NOMINATED,,0,,0.00%,,0,,0,,,0,,0,,0,,0,,
Write-In Totals,,3,,1.09%,,0,,3,,,0,,0,,0,,0,,
Total Votes Cast,,202,,73.19%,,96,,104,,,2,,0,,0,,0,,
Overvotes,,0,,0.00%,,0,,0,,,0,,0,,0,,0,,
Undervotes,,74,,26.81%,,32,,42,,,0,,0,,0,,0,,
Contest Totals,,276,,100.00%,,128,,146,,,2,,0,,0,,0,,
,FOR COUNTY COMMISSIONER,,,,,,,,,,,,,,,,,,
,Vote For 1,,,,,,,,,,,,,,,,,,
,,,TOTAL,,VOTE %,,Election Day,,Early Vote,,,Absentee,,Canvass,,Absentee After ED,,Provisional,
REP MARYANN (BABICH) FOLZ,,131,,47.46%,,66,,65,,,0,,0,,0,,0,,
DEM TOM  BLOOM,,131,,47.46%,,58,,71,,,2,,0,,0,,0,,
NO CANDIDATE(S) NOMINATED,,0,,0.00%,,0,,0,,,0,,0,,0,,0,,
NO CANDIDATE(S) NOMINATED,,0,,0.00%,,0,,0,,,0,,0,,0,,0,,
Write-In Totals,,1,,0.36%,,0,,1,,,0,,0,,0,,0,,
Total Votes Cast,,263,,95.29%,,124,,137,,,2,,0,,0,,0,,
Overvotes,,0,,0.00%,,0,,0,,,0,,0,,0,,0,,
Undervotes,,13,,4.71%,,4,,9,,,0,,0,,0,,0,,
Contest Totals,,276,,100.00%,,128,,146,,,2,,0,,0,,0,,
Precinct Summary - 11/12/2024     2:58 PM,,,,,,,,,,172,,,,,,,,, of 258
Report generated with Electionware Copyright © 2007-2019,,,,,,,,,,,,,,,,,,,
Summary Results Report,,,,,,,,,,OFFICIAL RESULTS,,,,,,,,,
General Election,,,,,,,,,,,,,,,,,,,
"November 5, 2024",,,,,,,,,,"Monongalia County, West Virginia",,,,,,,,,
PRECINCT 64,,,,,,,,,,,,,,,,,,,
,FOR PROSECUTING ATTORNEY,,,,,,,,,,,,,,,,,,
,Vote For 1,,,,,,,,,,,,,,,,,,
,,,TOTAL,,VOTE %,,Election Day,,Early Vote,,,Absentee,,Canvass,,Absentee After ED,,Provisional,
NO CANDIDATE(S) NOMINATED,,0,,0.00%,,0,,0,,,0,,0,,0,,0,,
"DEM GABRIELLE ""GABE"" MUCCIOLA",,195,,70.65%,,91,,102,,,2,,0,,0,,0,,
NO CANDIDATE(S) NOMINATED,,0,,0.00%,,0,,0,,,0,,0,,0,,0,,
NO CANDIDATE(S) NOMINATED,,0,,0.00%,,0,,0,,,0,,0,,0,,0,,
Write-In Totals,,7,,2.54%,,4,,3,,,0,,0,,0,,0,,
Total Votes Cast,,202,,73.19%,,95,,105,,,2,,0,,0,,0,,
Overvotes,,0,,0.00%,,0,,0,,,0,,0,,0,,0,,
Undervotes,,74,,26.81%,,33,,41,,,0,,0,,0,,0,,
Contest Totals,,276,,100.00%,,128,,146,,,2,,0,,0,,0,,
,FOR SHERIFF,,,,,,,,,,,,,,,,,,
,Vote For 1,,,,,,,,,,,,,,,,,,
,,,TOTAL,,VOTE %,,Election Day,,Early Vote,,,Absentee,,Canvass,,Absentee After ED,,Provisional,
REP JASON MORGAN,,135,,48.91%,,65,,70,,,0,,0,,0,,0,,
DEM TODD FORBES,,129,,46.74%,,59,,68,,,2,,0,,0,,0,,
NO CANDIDATE(S) NOMINATED,,0,,0.00%,,0,,0,,,0,,0,,0,,0,,
NO CANDIDATE(S) NOMINATED,,0,,0.00%,,0,,0,,,0,,0,,0,,0,,
Write-In Totals,,1,,0.36%,,0,,1,,,0,,0,,0,,0,,
Total Votes Cast,,265,,96.01%,,124,,139,,,2,,0,,0,,0,,
Overvotes,,0,,0.00%,,0,,0,,,0,,0,,0,,0,,
Undervotes,,11,,3.99%,,4,,7,,,0,,0,,0,,0,,
Contest Totals,,276,,100.00%,,128,,146,,,2,,0,,0,,0,,
,FOR ASSESSOR,,,,,,,,,,,,,,,,,,
,Vote For 1,,,,,,,,,,,,,,,,,,
,,,TOTAL,,VOTE %,,Election Day,,Early Vote,,,Absentee,,Canvass,,Absentee After ED,,Provisional,
REP RICH JACOBS,,109,,39.49%,,57,,52,,,0,,0,,0,,0,,
DEM MARK A. MUSICK,,152,,55.07%,,65,,85,,,2,,0,,0,,0,,
NO CANDIDATE(S) NOMINATED,,0,,0.00%,,0,,0,,,0,,0,,0,,0,,
NO CANDIDATE(S) NOMINATED,,0,,0.00%,,0,,0,,,0,,0,,0,,0,,
Write-In Totals,,1,,0.36%,,0,,1,,,0,,0,,0,,0,,
Total Votes Cast,,262,,94.93%,,122,,138,,,2,,0,,0,,0,,
Overvotes,,0,,0.00%,,0,,0,,,0,,0,,0,,0,,
Undervotes,,14,,5.07%,,6,,8,,,0,,0,,0,,0,,
Contest Totals,,276,,100.00%,,128,,146,,,2,,0,,0,,0,,
Precinct Summary - 11/12/2024     2:58 PM,,,,,,,,,,173,,,,,,,,, of 258
Report generated with Electionware Copyright © 2007-2019,,,,,,,,,,,,,,,,,,,
Summary Results Report,,,,,,,,,,OFFICIAL RESULTS,,,,,,,,,
General Election,,,,,,,,,,,,,,,,,,,
"November 5, 2024",,,,,,,,,,"Monongalia County, West Virginia",,,,,,,,,
PRECINCT 64,,,,,,,,,,,,,,,,,,,
,FOR SURVEYOR,,,,,,,,,,,,,,,,,,
,Vote For 1,,,,,,,,,,,,,,,,,,
,,,TOTAL,,VOTE %,,Election Day,,Early Vote,,,Absentee,,Canvass,,Absentee After ED,,Provisional,
REP BOB ANDRIOTTO,,199,,72.10%,,97,,100,,,2,,0,,0,,0,,
NO CANDIDATE(S) NOMINATED,,0,,0.00%,,0,,0,,,0,,0,,0,,0,,
NO CANDIDATE(S) NOMINATED,,0,,0.00%,,0,,0,,,0,,0,,0,,0,,
NO CANDIDATE(S) NOMINATED,,0,,0.00%,,0,,0,,,0,,0,,0,,0,,
Write-In Totals,,2,,0.72%,,0,,2,,,0,,0,,0,,0,,
Total Votes Cast,,201,,72.83%,,97,,102,,,2,,0,,0,,0,,
Overvotes,,0,,0.00%,,0,,0,,,0,,0,,0,,0,,
Undervotes,,75,,27.17%,,31,,44,,,0,,0,,0,,0,,
Contest Totals,,276,,100.00%,,128,,146,,,2,,0,,0,,0,,
,AMENDMENT NO. 1,,,,,,,,,,,,,,,,,,
,Vote For 1,,,,,,,,,,,,,,,,,,
,,,TOTAL,,VOTE %,,Election Day,,Early Vote,,,Absentee,,Canvass,,Absentee After ED,,Provisional,
For,,96,,34.78%,,54,,41,,,1,,0,,0,,0,,
Against,,153,,55.43%,,60,,92,,,1,,0,,0,,0,,
Total Votes Cast,,249,,90.22%,,114,,133,,,2,,0,,0,,0,,
Overvotes,,0,,0.00%,,0,,0,,,0,,0,,0,,0,,
Undervotes,,27,,9.78%,,14,,13,,,0,,0,,0,,0,,
Contest Totals,,276,,100.00%,,128,,146,,,2,,0,,0,,0,,
Precinct Summary - 11/12/2024     2:58 PM,,,,,,,,,,174,,,,,,,,, of 258
Report generated with Electionware Copyright © 2007-2019,,,,,,,,,,,,,,,,,,,
Summary Results Report,,,,,,,,,,OFFICIAL RESULTS,,,,,,,,,
General Election,,,,,,,,,,,,,,,,,,,
"November 5, 2024",,,,,,,,,,"Monongalia County, West Virginia",,,,,,,,,
PRECINCT 67,,,,,,,,,,,,,,,,,,,
Statistics,,TOTAL,,Election Day,,Early Vote,,Absentee,,,Canvass,,Absentee After ED,,Provisional,,,,
Registered Voters - Total,,"1,044",,,,,,,,,,,,,,,,,
Ballots Cast - Total,,769,,400,,340,,14,,,0,,2,,13,,,,
Ballots Cast - Blank,,0,,0,,0,,0,,,0,,0,,0,,,,
Voter Turnout - Total,,73.66%,,,,,,,,,,,,,,,,,
,FOR PRESIDENT,,,,,,,,,,,,,,,,,,
,Vote For 1,,,,,,,,,,,,,,,,,,
,,,TOTAL,,VOTE %,,Election Day,,Early Vote,,,Absentee,,Canvass,,Absentee After ED,,Provisional,
REP DONALD J. TRUMP,,566,,73.60%,,295,,249,,,10,,0,,0,,12,,
DEM KAMALA D. HARRIS,,186,,24.19%,,98,,82,,,4,,0,,1,,1,,
LBN CHASE OLIVER,,2,,0.26%,,0,,2,,,0,,0,,0,,0,,
MTN JILL STEIN,,1,,0.13%,,1,,0,,,0,,0,,0,,0,,
IND ROBERT F. KENNEDY JR.,,9,,1.17%,,4,,5,,,0,,0,,0,,0,,
Write-In Totals,,0,,0.00%,,0,,0,,,0,,0,,0,,0,,
Total Votes Cast,,764,,99.35%,,398,,338,,,14,,0,,1,,13,,
Overvotes,,0,,0.00%,,0,,0,,,0,,0,,0,,0,,
Undervotes,,5,,0.65%,,2,,2,,,0,,0,,1,,0,,
Contest Totals,,769,,100.00%,,400,,340,,,14,,0,,2,,13,,
,FOR U.S. SENATOR,,,,,,,,,,,,,,,,,,
,Vote For 1,,,,,,,,,,,,,,,,,,
,,,TOTAL,,VOTE %,,Election Day,,Early Vote,,,Absentee,,Canvass,,Absentee After ED,,Provisional,
REP JIM JUSTICE,,547,,71.13%,,290,,237,,,10,,0,,0,,10,,
DEM GLENN ELLIOTT,,161,,20.94%,,81,,72,,,4,,0,,2,,2,,
LBN DAVID MORAN,,35,,4.55%,,15,,19,,,0,,0,,0,,1,,
NO CANDIDATE(S) NOMINATED,,0,,0.00%,,0,,0,,,0,,0,,0,,0,,
Write-In Totals,,0,,0.00%,,0,,0,,,0,,0,,0,,0,,
Total Votes Cast,,743,,96.62%,,386,,328,,,14,,0,,2,,13,,
Overvotes,,0,,0.00%,,0,,0,,,0,,0,,0,,0,,
Undervotes,,26,,3.38%,,14,,12,,,0,,0,,0,,0,,
Contest Totals,,769,,100.00%,,400,,340,,,14,,0,,2,,13,,
,FOR U.S. HOUSE OF REPS 2ND DIST,,,,,,,,,,,,,,,,,,
,Vote For 1,,,,,,,,,,,,,,,,,,
,,,TOTAL,,VOTE %,,Election Day,,Early Vote,,,Absentee,,Canvass,,Absentee After ED,,Provisional,
REP RILEY MOORE,,521,,67.75%,,272,,231,,,11,,0,,0,,7,,
DEM STEVEN WENDELIN,,187,,24.32%,,98,,82,,,3,,0,,2,,2,,
NO CANDIDATE(S) NOMINATED,,0,,0.00%,,0,,0,,,0,,0,,0,,0,,
NO CANDIDATE(S) NOMINATED,,0,,0.00%,,0,,0,,,0,,0,,0,,0,,
Write-In Totals,,0,,0.00%,,0,,0,,,0,,0,,0,,0,,
Total Votes Cast,,708,,92.07%,,370,,313,,,14,,0,,2,,9,,
Overvotes,,0,,0.00%,,0,,0,,,0,,0,,0,,0,,
Undervotes,,61,,7.93%,,30,,27,,,0,,0,,0,,4,,
Contest Totals,,769,,100.00%,,400,,340,,,14,,0,,2,,13,,
Precinct Summary - 11/12/2024     2:58 PM,,,,,,,,,,175,,,,,,,,, of 258
Report generated with Electionware Copyright © 2007-2019,,,,,,,,,,,,,,,,,,,
Summary Results Report,,,,,,,,,,OFFICIAL RESULTS,,,,,,,,,
General Election,,,,,,,,,,,,,,,,,,,
"November 5, 2024",,,,,,,,,,"Monongalia County, West Virginia",,,,,,,,,
PRECINCT 67,,,,,,,,,,,,,,,,,,,
,FOR GOVERNOR,,,,,,,,,,,,,,,,,,
,Vote For 1,,,,,,,,,,,,,,,,,,
,,,TOTAL,,VOTE %,,Election Day,,Early Vote,,,Absentee,,Canvass,,Absentee After ED,,Provisional,
REP PATRICK MORRISEY,,486,,63.20%,,253,,214,,,10,,0,,0,,9,,
DEM STEVE WILLIAMS,,202,,26.27%,,103,,91,,,4,,0,,2,,2,,
LBN ERIKA KLIE KOLENICH,,31,,4.03%,,17,,13,,,0,,0,,0,,1,,
MTN CHASE LINKO-LOOPER,,4,,0.52%,,2,,1,,,0,,0,,0,,1,,
CST S. MARSHALL WILSON,,8,,1.04%,,6,,2,,,0,,0,,0,,0,,
Write-In Totals,,0,,0.00%,,0,,0,,,0,,0,,0,,0,,
Total Votes Cast,,731,,95.06%,,381,,321,,,14,,0,,2,,13,,
Overvotes,,0,,0.00%,,0,,0,,,0,,0,,0,,0,,
Undervotes,,38,,4.94%,,19,,19,,,0,,0,,0,,0,,
Contest Totals,,769,,100.00%,,400,,340,,,14,,0,,2,,13,,
,FOR SECRETARY OF STATE,,,,,,,,,,,,,,,,,,
,Vote For 1,,,,,,,,,,,,,,,,,,
,,,TOTAL,,VOTE %,,Election Day,,Early Vote,,,Absentee,,Canvass,,Absentee After ED,,Provisional,
REP KRIS WARNER,,508,,66.06%,,261,,231,,,10,,0,,0,,6,,
DEM THORNTON COOPER,,204,,26.53%,,107,,87,,,4,,0,,2,,4,,
NO CANDIDATE(S) NOMINATED,,0,,0.00%,,0,,0,,,0,,0,,0,,0,,
NO CANDIDATE(S) NOMINATED,,0,,0.00%,,0,,0,,,0,,0,,0,,0,,
Write-In Totals,,0,,0.00%,,0,,0,,,0,,0,,0,,0,,
Total Votes Cast,,712,,92.59%,,368,,318,,,14,,0,,2,,10,,
Overvotes,,0,,0.00%,,0,,0,,,0,,0,,0,,0,,
Undervotes,,57,,7.41%,,32,,22,,,0,,0,,0,,3,,
Contest Totals,,769,,100.00%,,400,,340,,,14,,0,,2,,13,,
,FOR AUDITOR,,,,,,,,,,,,,,,,,,
,Vote For 1,,,,,,,,,,,,,,,,,,
,,,TOTAL,,VOTE %,,Election Day,,Early Vote,,,Absentee,,Canvass,,Absentee After ED,,Provisional,
REP MARK HUNT,,482,,62.68%,,255,,210,,,10,,0,,0,,7,,
DEM MARY ANN ROEBUCK CLAYTOR,,216,,28.09%,,109,,97,,,4,,0,,2,,4,,
NO CANDIDATE(S) NOMINATED,,0,,0.00%,,0,,0,,,0,,0,,0,,0,,
NO CANDIDATE(S) NOMINATED,,0,,0.00%,,0,,0,,,0,,0,,0,,0,,
Write-In Totals,,0,,0.00%,,0,,0,,,0,,0,,0,,0,,
Total Votes Cast,,698,,90.77%,,364,,307,,,14,,0,,2,,11,,
Overvotes,,0,,0.00%,,0,,0,,,0,,0,,0,,0,,
Undervotes,,71,,9.23%,,36,,33,,,0,,0,,0,,2,,
Contest Totals,,769,,100.00%,,400,,340,,,14,,0,,2,,13,,
Precinct Summary - 11/12/2024     2:58 PM,,,,,,,,,,176,,,,,,,,, of 258
Report generated with Electionware Copyright © 2007-2019,,,,,,,,,,,,,,,,,,,
Summary Results Report,,,,,,,,,,OFFICIAL RESULTS,,,,,,,,,
General Election,,,,,,,,,,,,,,,,,,,
"November 5, 2024",,,,,,,,,,"Monongalia County, West Virginia",,,,,,,,,
PRECINCT 67,,,,,,,,,,,,,,,,,,,
,FOR TREASURER,,,,,,,,,,,,,,,,,,
,Vote For 1,,,,,,,,,,,,,,,,,,
,,,TOTAL,,VOTE %,,Election Day,,Early Vote,,,Absentee,,Canvass,,Absentee After ED,,Provisional,
REP LARRY PACK,,607,,78.93%,,319,,266,,,13,,0,,1,,8,,
NO CANDIDATE(S) NOMINATED,,0,,0.00%,,0,,0,,,0,,0,,0,,0,,
NO CANDIDATE(S) NOMINATED,,0,,0.00%,,0,,0,,,0,,0,,0,,0,,
NO CANDIDATE(S) NOMINATED,,0,,0.00%,,0,,0,,,0,,0,,0,,0,,
Write-In Totals,,5,,0.65%,,1,,3,,,0,,0,,0,,1,,
Total Votes Cast,,612,,79.58%,,320,,269,,,13,,0,,1,,9,,
Overvotes,,0,,0.00%,,0,,0,,,0,,0,,0,,0,,
Undervotes,,157,,20.42%,,80,,71,,,1,,0,,1,,4,,
Contest Totals,,769,,100.00%,,400,,340,,,14,,0,,2,,13,,
,FOR COMMISSIONER OF AGRICULTURE,,,,,,,,,,,,,,,,,,
,Vote For 1,,,,,,,,,,,,,,,,,,
,,,TOTAL,,VOTE %,,Election Day,,Early Vote,,,Absentee,,Canvass,,Absentee After ED,,Provisional,
REP KENT LEONHARDT,,525,,68.27%,,268,,238,,,12,,0,,0,,7,,
DEM DEBORAH STILES,,188,,24.45%,,101,,78,,,2,,0,,2,,5,,
NO CANDIDATE(S) NOMINATED,,0,,0.00%,,0,,0,,,0,,0,,0,,0,,
NO CANDIDATE(S) NOMINATED,,0,,0.00%,,0,,0,,,0,,0,,0,,0,,
Write-In Totals,,0,,0.00%,,0,,0,,,0,,0,,0,,0,,
Total Votes Cast,,713,,92.72%,,369,,316,,,14,,0,,2,,12,,
Overvotes,,0,,0.00%,,0,,0,,,0,,0,,0,,0,,
Undervotes,,56,,7.28%,,31,,24,,,0,,0,,0,,1,,
Contest Totals,,769,,100.00%,,400,,340,,,14,,0,,2,,13,,
,FOR ATTORNEY GENERAL,,,,,,,,,,,,,,,,,,
,Vote For 1,,,,,,,,,,,,,,,,,,
,,,TOTAL,,VOTE %,,Election Day,,Early Vote,,,Absentee,,Canvass,,Absentee After ED,,Provisional,
"REP JOHN ""JB"" McCUSKEY",,509,,66.19%,,269,,223,,,10,,0,,0,,7,,
DEM TERESA TORISEVA,,195,,25.36%,,100,,87,,,4,,0,,2,,2,,
NO CANDIDATE(S) NOMINATED,,0,,0.00%,,0,,0,,,0,,0,,0,,0,,
NO CANDIDATE(S) NOMINATED,,0,,0.00%,,0,,0,,,0,,0,,0,,0,,
Write-In Totals,,0,,0.00%,,0,,0,,,0,,0,,0,,0,,
Total Votes Cast,,704,,91.55%,,369,,310,,,14,,0,,2,,9,,
Overvotes,,0,,0.00%,,0,,0,,,0,,0,,0,,0,,
Undervotes,,65,,8.45%,,31,,30,,,0,,0,,0,,4,,
Contest Totals,,769,,100.00%,,400,,340,,,14,,0,,2,,13,,
Precinct Summary - 11/12/2024     2:58 PM,,,,,,,,,,177,,,,,,,,, of 258
Report generated with Electionware Copyright © 2007-2019,,,,,,,,,,,,,,,,,,,
Summary Results Report,,,,,,,,,,OFFICIAL RESULTS,,,,,,,,,
General Election,,,,,,,,,,,,,,,,,,,
"November 5, 2024",,,,,,,,,,"Monongalia County, West Virginia",,,,,,,,,
PRECINCT 67,,,,,,,,,,,,,,,,,,,
,FOR STATE SENATOR 2ND DISTRICT,,,,,,,,,,,,,,,,,,
,Vote For 1,,,,,,,,,,,,,,,,,,
,,,TOTAL,,VOTE %,,Election Day,,Early Vote,,,Absentee,,Canvass,,Absentee After ED,,Provisional,
REP CHRIS ROSE,,620,,80.62%,,326,,273,,,12,,0,,1,,8,,
NO CANDIDATE(S) NOMINATED,,0,,0.00%,,0,,0,,,0,,0,,0,,0,,
NO CANDIDATE(S) NOMINATED,,0,,0.00%,,0,,0,,,0,,0,,0,,0,,
NO CANDIDATE(S) NOMINATED,,0,,0.00%,,0,,0,,,0,,0,,0,,0,,
Write-In Totals,,3,,0.39%,,0,,2,,,0,,0,,0,,1,,
Total Votes Cast,,623,,81.01%,,326,,275,,,12,,0,,1,,9,,
Overvotes,,0,,0.00%,,0,,0,,,0,,0,,0,,0,,
Undervotes,,146,,18.99%,,74,,65,,,2,,0,,1,,4,,
Contest Totals,,769,,100.00%,,400,,340,,,14,,0,,2,,13,,
,FOR MEMBER OF HOUSE OF DELEGATES 77TH DISTRICT,,,,,,,,,,,,,,,,,,
,Vote For 1,,,,,,,,,,,,,,,,,,
,,,TOTAL,,VOTE %,,Election Day,,Early Vote,,,Absentee,,Canvass,,Absentee After ED,,Provisional,
REP JOE STATLER,,637,,82.83%,,332,,280,,,14,,0,,1,,10,,
NO CANDIDATE(S) NOMINATED,,0,,0.00%,,0,,0,,,0,,0,,0,,0,,
NO CANDIDATE(S) NOMINATED,,0,,0.00%,,0,,0,,,0,,0,,0,,0,,
NO CANDIDATE(S) NOMINATED,,0,,0.00%,,0,,0,,,0,,0,,0,,0,,
Write-In Totals,,4,,0.52%,,1,,2,,,0,,0,,0,,1,,
Total Votes Cast,,641,,83.36%,,333,,282,,,14,,0,,1,,11,,
Overvotes,,0,,0.00%,,0,,0,,,0,,0,,0,,0,,
Undervotes,,128,,16.64%,,67,,58,,,0,,0,,1,,2,,
Contest Totals,,769,,100.00%,,400,,340,,,14,,0,,2,,13,,
,FOR COUNTY COMMISSIONER,,,,,,,,,,,,,,,,,,
,Vote For 1,,,,,,,,,,,,,,,,,,
,,,TOTAL,,VOTE %,,Election Day,,Early Vote,,,Absentee,,Canvass,,Absentee After ED,,Provisional,
REP MARYANN (BABICH) FOLZ,,461,,59.95%,,229,,213,,,11,,0,,0,,8,,
DEM TOM  BLOOM,,255,,33.16%,,144,,103,,,3,,0,,2,,3,,
NO CANDIDATE(S) NOMINATED,,0,,0.00%,,0,,0,,,0,,0,,0,,0,,
NO CANDIDATE(S) NOMINATED,,0,,0.00%,,0,,0,,,0,,0,,0,,0,,
Write-In Totals,,0,,0.00%,,0,,0,,,0,,0,,0,,0,,
Total Votes Cast,,716,,93.11%,,373,,316,,,14,,0,,2,,11,,
Overvotes,,0,,0.00%,,0,,0,,,0,,0,,0,,0,,
Undervotes,,53,,6.89%,,27,,24,,,0,,0,,0,,2,,
Contest Totals,,769,,100.00%,,400,,340,,,14,,0,,2,,13,,
Precinct Summary - 11/12/2024     2:58 PM,,,,,,,,,,178,,,,,,,,, of 258
Report generated with Electionware Copyright © 2007-2019,,,,,,,,,,,,,,,,,,,
Summary Results Report,,,,,,,,,,OFFICIAL RESULTS,,,,,,,,,
General Election,,,,,,,,,,,,,,,,,,,
"November 5, 2024",,,,,,,,,,"Monongalia County, West Virginia",,,,,,,,,
PRECINCT 67,,,,,,,,,,,,,,,,,,,
,FOR PROSECUTING ATTORNEY,,,,,,,,,,,,,,,,,,
,Vote For 1,,,,,,,,,,,,,,,,,,
,,,TOTAL,,VOTE %,,Election Day,,Early Vote,,,Absentee,,Canvass,,Absentee After ED,,Provisional,
NO CANDIDATE(S) NOMINATED,,0,,0.00%,,0,,0,,,0,,0,,0,,0,,
"DEM GABRIELLE ""GABE"" MUCCIOLA",,456,,59.30%,,249,,191,,,8,,0,,2,,6,,
NO CANDIDATE(S) NOMINATED,,0,,0.00%,,0,,0,,,0,,0,,0,,0,,
NO CANDIDATE(S) NOMINATED,,0,,0.00%,,0,,0,,,0,,0,,0,,0,,
Write-In Totals,,11,,1.43%,,9,,2,,,0,,0,,0,,0,,
Total Votes Cast,,467,,60.73%,,258,,193,,,8,,0,,2,,6,,
Overvotes,,0,,0.00%,,0,,0,,,0,,0,,0,,0,,
Undervotes,,302,,39.27%,,142,,147,,,6,,0,,0,,7,,
Contest Totals,,769,,100.00%,,400,,340,,,14,,0,,2,,13,,
,FOR SHERIFF,,,,,,,,,,,,,,,,,,
,Vote For 1,,,,,,,,,,,,,,,,,,
,,,TOTAL,,VOTE %,,Election Day,,Early Vote,,,Absentee,,Canvass,,Absentee After ED,,Provisional,
REP JASON MORGAN,,425,,55.27%,,220,,188,,,12,,0,,0,,5,,
DEM TODD FORBES,,300,,39.01%,,155,,134,,,2,,0,,2,,7,,
NO CANDIDATE(S) NOMINATED,,0,,0.00%,,0,,0,,,0,,0,,0,,0,,
NO CANDIDATE(S) NOMINATED,,0,,0.00%,,0,,0,,,0,,0,,0,,0,,
Write-In Totals,,0,,0.00%,,0,,0,,,0,,0,,0,,0,,
Total Votes Cast,,725,,94.28%,,375,,322,,,14,,0,,2,,12,,
Overvotes,,0,,0.00%,,0,,0,,,0,,0,,0,,0,,
Undervotes,,44,,5.72%,,25,,18,,,0,,0,,0,,1,,
Contest Totals,,769,,100.00%,,400,,340,,,14,,0,,2,,13,,
,FOR ASSESSOR,,,,,,,,,,,,,,,,,,
,Vote For 1,,,,,,,,,,,,,,,,,,
,,,TOTAL,,VOTE %,,Election Day,,Early Vote,,,Absentee,,Canvass,,Absentee After ED,,Provisional,
REP RICH JACOBS,,405,,52.67%,,199,,191,,,9,,0,,0,,6,,
DEM MARK A. MUSICK,,318,,41.35%,,172,,135,,,5,,0,,2,,4,,
NO CANDIDATE(S) NOMINATED,,0,,0.00%,,0,,0,,,0,,0,,0,,0,,
NO CANDIDATE(S) NOMINATED,,0,,0.00%,,0,,0,,,0,,0,,0,,0,,
Write-In Totals,,0,,0.00%,,0,,0,,,0,,0,,0,,0,,
Total Votes Cast,,723,,94.02%,,371,,326,,,14,,0,,2,,10,,
Overvotes,,0,,0.00%,,0,,0,,,0,,0,,0,,0,,
Undervotes,,46,,5.98%,,29,,14,,,0,,0,,0,,3,,
Contest Totals,,769,,100.00%,,400,,340,,,14,,0,,2,,13,,
Precinct Summary - 11/12/2024     2:58 PM,,,,,,,,,,179,,,,,,,,, of 258
Report generated with Electionware Copyright © 2007-2019,,,,,,,,,,,,,,,,,,,
Summary Results Report,,,,,,,,,,OFFICIAL RESULTS,,,,,,,,,
General Election,,,,,,,,,,,,,,,,,,,
"November 5, 2024",,,,,,,,,,"Monongalia County, West Virginia",,,,,,,,,
PRECINCT 67,,,,,,,,,,,,,,,,,,,
,FOR SURVEYOR,,,,,,,,,,,,,,,,,,
,Vote For 1,,,,,,,,,,,,,,,,,,
,,,TOTAL,,VOTE %,,Election Day,,Early Vote,,,Absentee,,Canvass,,Absentee After ED,,Provisional,
REP BOB ANDRIOTTO,,621,,80.75%,,323,,275,,,14,,0,,1,,8,,
NO CANDIDATE(S) NOMINATED,,0,,0.00%,,0,,0,,,0,,0,,0,,0,,
NO CANDIDATE(S) NOMINATED,,0,,0.00%,,0,,0,,,0,,0,,0,,0,,
NO CANDIDATE(S) NOMINATED,,0,,0.00%,,0,,0,,,0,,0,,0,,0,,
Write-In Totals,,3,,0.39%,,0,,2,,,0,,0,,0,,1,,
Total Votes Cast,,624,,81.14%,,323,,277,,,14,,0,,1,,9,,
Overvotes,,0,,0.00%,,0,,0,,,0,,0,,0,,0,,
Undervotes,,145,,18.86%,,77,,63,,,0,,0,,1,,4,,
Contest Totals,,769,,100.00%,,400,,340,,,14,,0,,2,,13,,
,AMENDMENT NO. 1,,,,,,,,,,,,,,,,,,
,Vote For 1,,,,,,,,,,,,,,,,,,
,,,TOTAL,,VOTE %,,Election Day,,Early Vote,,,Absentee,,Canvass,,Absentee After ED,,Provisional,
For,,301,,39.14%,,158,,131,,,8,,0,,0,,4,,
Against,,353,,45.90%,,182,,158,,,5,,0,,2,,6,,
Total Votes Cast,,654,,85.05%,,340,,289,,,13,,0,,2,,10,,
Overvotes,,0,,0.00%,,0,,0,,,0,,0,,0,,0,,
Undervotes,,115,,14.95%,,60,,51,,,1,,0,,0,,3,,
Contest Totals,,769,,100.00%,,400,,340,,,14,,0,,2,,13,,
Precinct Summary - 11/12/2024     2:58 PM,,,,,,,,,,180,,,,,,,,, of 258
Report generated with Electionware Copyright © 2007-2019,,,,,,,,,,,,,,,,,,,
Summary Results Report,,,,,,,,,,OFFICIAL RESULTS,,,,,,,,,
General Election,,,,,,,,,,,,,,,,,,,
"November 5, 2024",,,,,,,,,,"Monongalia County, West Virginia",,,,,,,,,
PRECINCT 68,,,,,,,,,,,,,,,,,,,
Statistics,,TOTAL,,Election Day,,Early Vote,,Absentee,,,Canvass,,Absentee After ED,,Provisional,,,,
Registered Voters - Total,,387,,,,,,,,,,,,,,,,,
Ballots Cast - Total,,273,,87,,173,,13,,,0,,0,,0,,,,
Ballots Cast - Blank,,0,,0,,0,,0,,,0,,0,,0,,,,
Voter Turnout - Total,,70.54%,,,,,,,,,,,,,,,,,
,FOR PRESIDENT,,,,,,,,,,,,,,,,,,
,Vote For 1,,,,,,,,,,,,,,,,,,
,,,TOTAL,,VOTE %,,Election Day,,Early Vote,,,Absentee,,Canvass,,Absentee After ED,,Provisional,
REP DONALD J. TRUMP,,181,,66.30%,,55,,120,,,6,,0,,0,,0,,
DEM KAMALA D. HARRIS,,85,,31.14%,,30,,48,,,7,,0,,0,,0,,
LBN CHASE OLIVER,,2,,0.73%,,0,,2,,,0,,0,,0,,0,,
MTN JILL STEIN,,0,,0.00%,,0,,0,,,0,,0,,0,,0,,
IND ROBERT F. KENNEDY JR.,,5,,1.83%,,2,,3,,,0,,0,,0,,0,,
Write-In Totals,,0,,0.00%,,0,,0,,,0,,0,,0,,0,,
Total Votes Cast,,273,,100.00%,,87,,173,,,13,,0,,0,,0,,
Overvotes,,0,,0.00%,,0,,0,,,0,,0,,0,,0,,
Undervotes,,0,,0.00%,,0,,0,,,0,,0,,0,,0,,
Contest Totals,,273,,100.00%,,87,,173,,,13,,0,,0,,0,,
,FOR U.S. SENATOR,,,,,,,,,,,,,,,,,,
,Vote For 1,,,,,,,,,,,,,,,,,,
,,,TOTAL,,VOTE %,,Election Day,,Early Vote,,,Absentee,,Canvass,,Absentee After ED,,Provisional,
REP JIM JUSTICE,,170,,62.27%,,52,,111,,,7,,0,,0,,0,,
DEM GLENN ELLIOTT,,85,,31.14%,,31,,48,,,6,,0,,0,,0,,
LBN DAVID MORAN,,11,,4.03%,,2,,9,,,0,,0,,0,,0,,
NO CANDIDATE(S) NOMINATED,,0,,0.00%,,0,,0,,,0,,0,,0,,0,,
Write-In Totals,,0,,0.00%,,0,,0,,,0,,0,,0,,0,,
Total Votes Cast,,266,,97.44%,,85,,168,,,13,,0,,0,,0,,
Overvotes,,0,,0.00%,,0,,0,,,0,,0,,0,,0,,
Undervotes,,7,,2.56%,,2,,5,,,0,,0,,0,,0,,
Contest Totals,,273,,100.00%,,87,,173,,,13,,0,,0,,0,,
,FOR U.S. HOUSE OF REPS 2ND DIST,,,,,,,,,,,,,,,,,,
,Vote For 1,,,,,,,,,,,,,,,,,,
,,,TOTAL,,VOTE %,,Election Day,,Early Vote,,,Absentee,,Canvass,,Absentee After ED,,Provisional,
REP RILEY MOORE,,159,,58.24%,,47,,105,,,7,,0,,0,,0,,
DEM STEVEN WENDELIN,,87,,31.87%,,33,,48,,,6,,0,,0,,0,,
NO CANDIDATE(S) NOMINATED,,0,,0.00%,,0,,0,,,0,,0,,0,,0,,
NO CANDIDATE(S) NOMINATED,,0,,0.00%,,0,,0,,,0,,0,,0,,0,,
Write-In Totals,,0,,0.00%,,0,,0,,,0,,0,,0,,0,,
Total Votes Cast,,246,,90.11%,,80,,153,,,13,,0,,0,,0,,
Overvotes,,0,,0.00%,,0,,0,,,0,,0,,0,,0,,
Undervotes,,27,,9.89%,,7,,20,,,0,,0,,0,,0,,
Contest Totals,,273,,100.00%,,87,,173,,,13,,0,,0,,0,,
Precinct Summary - 11/12/2024     2:58 PM,,,,,,,,,,181,,,,,,,,, of 258
Report generated with Electionware Copyright © 2007-2019,,,,,,,,,,,,,,,,,,,
Summary Results Report,,,,,,,,,,OFFICIAL RESULTS,,,,,,,,,
General Election,,,,,,,,,,,,,,,,,,,
"November 5, 2024",,,,,,,,,,"Monongalia County, West Virginia",,,,,,,,,
PRECINCT 68,,,,,,,,,,,,,,,,,,,
,FOR GOVERNOR,,,,,,,,,,,,,,,,,,
,Vote For 1,,,,,,,,,,,,,,,,,,
,,,TOTAL,,VOTE %,,Election Day,,Early Vote,,,Absentee,,Canvass,,Absentee After ED,,Provisional,
REP PATRICK MORRISEY,,151,,55.31%,,44,,101,,,6,,0,,0,,0,,
DEM STEVE WILLIAMS,,92,,33.70%,,34,,52,,,6,,0,,0,,0,,
LBN ERIKA KLIE KOLENICH,,9,,3.30%,,4,,5,,,0,,0,,0,,0,,
MTN CHASE LINKO-LOOPER,,5,,1.83%,,2,,3,,,0,,0,,0,,0,,
CST S. MARSHALL WILSON,,2,,0.73%,,0,,2,,,0,,0,,0,,0,,
Write-In Totals,,0,,0.00%,,0,,0,,,0,,0,,0,,0,,
Total Votes Cast,,259,,94.87%,,84,,163,,,12,,0,,0,,0,,
Overvotes,,0,,0.00%,,0,,0,,,0,,0,,0,,0,,
Undervotes,,14,,5.13%,,3,,10,,,1,,0,,0,,0,,
Contest Totals,,273,,100.00%,,87,,173,,,13,,0,,0,,0,,
,FOR SECRETARY OF STATE,,,,,,,,,,,,,,,,,,
,Vote For 1,,,,,,,,,,,,,,,,,,
,,,TOTAL,,VOTE %,,Election Day,,Early Vote,,,Absentee,,Canvass,,Absentee After ED,,Provisional,
REP KRIS WARNER,,161,,58.97%,,47,,107,,,7,,0,,0,,0,,
DEM THORNTON COOPER,,90,,32.97%,,34,,50,,,6,,0,,0,,0,,
NO CANDIDATE(S) NOMINATED,,0,,0.00%,,0,,0,,,0,,0,,0,,0,,
NO CANDIDATE(S) NOMINATED,,0,,0.00%,,0,,0,,,0,,0,,0,,0,,
Write-In Totals,,0,,0.00%,,0,,0,,,0,,0,,0,,0,,
Total Votes Cast,,251,,91.94%,,81,,157,,,13,,0,,0,,0,,
Overvotes,,0,,0.00%,,0,,0,,,0,,0,,0,,0,,
Undervotes,,22,,8.06%,,6,,16,,,0,,0,,0,,0,,
Contest Totals,,273,,100.00%,,87,,173,,,13,,0,,0,,0,,
,FOR AUDITOR,,,,,,,,,,,,,,,,,,
,Vote For 1,,,,,,,,,,,,,,,,,,
,,,TOTAL,,VOTE %,,Election Day,,Early Vote,,,Absentee,,Canvass,,Absentee After ED,,Provisional,
REP MARK HUNT,,160,,58.61%,,48,,106,,,6,,0,,0,,0,,
DEM MARY ANN ROEBUCK CLAYTOR,,85,,31.14%,,30,,48,,,7,,0,,0,,0,,
NO CANDIDATE(S) NOMINATED,,0,,0.00%,,0,,0,,,0,,0,,0,,0,,
NO CANDIDATE(S) NOMINATED,,0,,0.00%,,0,,0,,,0,,0,,0,,0,,
Write-In Totals,,0,,0.00%,,0,,0,,,0,,0,,0,,0,,
Total Votes Cast,,245,,89.74%,,78,,154,,,13,,0,,0,,0,,
Overvotes,,0,,0.00%,,0,,0,,,0,,0,,0,,0,,
Undervotes,,28,,10.26%,,9,,19,,,0,,0,,0,,0,,
Contest Totals,,273,,100.00%,,87,,173,,,13,,0,,0,,0,,
Precinct Summary - 11/12/2024     2:58 PM,,,,,,,,,,182,,,,,,,,, of 258
Report generated with Electionware Copyright © 2007-2019,,,,,,,,,,,,,,,,,,,
Summary Results Report,,,,,,,,,,OFFICIAL RESULTS,,,,,,,,,
General Election,,,,,,,,,,,,,,,,,,,
"November 5, 2024",,,,,,,,,,"Monongalia County, West Virginia",,,,,,,,,
PRECINCT 68,,,,,,,,,,,,,,,,,,,
,FOR TREASURER,,,,,,,,,,,,,,,,,,
,Vote For 1,,,,,,,,,,,,,,,,,,
,,,TOTAL,,VOTE %,,Election Day,,Early Vote,,,Absentee,,Canvass,,Absentee After ED,,Provisional,
REP LARRY PACK,,203,,74.36%,,64,,129,,,10,,0,,0,,0,,
NO CANDIDATE(S) NOMINATED,,0,,0.00%,,0,,0,,,0,,0,,0,,0,,
NO CANDIDATE(S) NOMINATED,,0,,0.00%,,0,,0,,,0,,0,,0,,0,,
NO CANDIDATE(S) NOMINATED,,0,,0.00%,,0,,0,,,0,,0,,0,,0,,
Write-In Totals,,1,,0.37%,,1,,0,,,0,,0,,0,,0,,
Total Votes Cast,,204,,74.73%,,65,,129,,,10,,0,,0,,0,,
Overvotes,,0,,0.00%,,0,,0,,,0,,0,,0,,0,,
Undervotes,,69,,25.27%,,22,,44,,,3,,0,,0,,0,,
Contest Totals,,273,,100.00%,,87,,173,,,13,,0,,0,,0,,
,FOR COMMISSIONER OF AGRICULTURE,,,,,,,,,,,,,,,,,,
,Vote For 1,,,,,,,,,,,,,,,,,,
,,,TOTAL,,VOTE %,,Election Day,,Early Vote,,,Absentee,,Canvass,,Absentee After ED,,Provisional,
REP KENT LEONHARDT,,179,,65.57%,,57,,114,,,8,,0,,0,,0,,
DEM DEBORAH STILES,,66,,24.18%,,23,,38,,,5,,0,,0,,0,,
NO CANDIDATE(S) NOMINATED,,0,,0.00%,,0,,0,,,0,,0,,0,,0,,
NO CANDIDATE(S) NOMINATED,,0,,0.00%,,0,,0,,,0,,0,,0,,0,,
Write-In Totals,,0,,0.00%,,0,,0,,,0,,0,,0,,0,,
Total Votes Cast,,245,,89.74%,,80,,152,,,13,,0,,0,,0,,
Overvotes,,0,,0.00%,,0,,0,,,0,,0,,0,,0,,
Undervotes,,28,,10.26%,,7,,21,,,0,,0,,0,,0,,
Contest Totals,,273,,100.00%,,87,,173,,,13,,0,,0,,0,,
,FOR ATTORNEY GENERAL,,,,,,,,,,,,,,,,,,
,Vote For 1,,,,,,,,,,,,,,,,,,
,,,TOTAL,,VOTE %,,Election Day,,Early Vote,,,Absentee,,Canvass,,Absentee After ED,,Provisional,
"REP JOHN ""JB"" McCUSKEY",,167,,61.17%,,47,,112,,,8,,0,,0,,0,,
DEM TERESA TORISEVA,,81,,29.67%,,32,,44,,,5,,0,,0,,0,,
NO CANDIDATE(S) NOMINATED,,0,,0.00%,,0,,0,,,0,,0,,0,,0,,
NO CANDIDATE(S) NOMINATED,,0,,0.00%,,0,,0,,,0,,0,,0,,0,,
Write-In Totals,,0,,0.00%,,0,,0,,,0,,0,,0,,0,,
Total Votes Cast,,248,,90.84%,,79,,156,,,13,,0,,0,,0,,
Overvotes,,0,,0.00%,,0,,0,,,0,,0,,0,,0,,
Undervotes,,25,,9.16%,,8,,17,,,0,,0,,0,,0,,
Contest Totals,,273,,100.00%,,87,,173,,,13,,0,,0,,0,,
Precinct Summary - 11/12/2024     2:58 PM,,,,,,,,,,183,,,,,,,,, of 258
Report generated with Electionware Copyright © 2007-2019,,,,,,,,,,,,,,,,,,,
Summary Results Report,,,,,,,,,,OFFICIAL RESULTS,,,,,,,,,
General Election,,,,,,,,,,,,,,,,,,,
"November 5, 2024",,,,,,,,,,"Monongalia County, West Virginia",,,,,,,,,
PRECINCT 68,,,,,,,,,,,,,,,,,,,
,FOR STATE SENATOR 13TH DISTRICT,,,,,,,,,,,,,,,,,,
,Vote For 1,,,,,,,,,,,,,,,,,,
,,,TOTAL,,VOTE %,,Election Day,,Early Vote,,,Absentee,,Canvass,,Absentee After ED,,Provisional,
REP REBECCA POLIS,,151,,55.31%,,46,,98,,,7,,0,,0,,0,,
DEM JOEY GARCIA,,95,,34.80%,,34,,55,,,6,,0,,0,,0,,
NO CANDIDATE(S) NOMINATED,,0,,0.00%,,0,,0,,,0,,0,,0,,0,,
NO CANDIDATE(S) NOMINATED,,0,,0.00%,,0,,0,,,0,,0,,0,,0,,
Write-In Totals,,0,,0.00%,,0,,0,,,0,,0,,0,,0,,
Total Votes Cast,,246,,90.11%,,80,,153,,,13,,0,,0,,0,,
Overvotes,,0,,0.00%,,0,,0,,,0,,0,,0,,0,,
Undervotes,,27,,9.89%,,7,,20,,,0,,0,,0,,0,,
Contest Totals,,273,,100.00%,,87,,173,,,13,,0,,0,,0,,
,FOR MEMBER OF HOUSE OF DELEGATES 77TH DISTRICT,,,,,,,,,,,,,,,,,,
,Vote For 1,,,,,,,,,,,,,,,,,,
,,,TOTAL,,VOTE %,,Election Day,,Early Vote,,,Absentee,,Canvass,,Absentee After ED,,Provisional,
REP JOE STATLER,,224,,82.05%,,72,,141,,,11,,0,,0,,0,,
NO CANDIDATE(S) NOMINATED,,0,,0.00%,,0,,0,,,0,,0,,0,,0,,
NO CANDIDATE(S) NOMINATED,,0,,0.00%,,0,,0,,,0,,0,,0,,0,,
NO CANDIDATE(S) NOMINATED,,0,,0.00%,,0,,0,,,0,,0,,0,,0,,
Write-In Totals,,2,,0.73%,,1,,1,,,0,,0,,0,,0,,
Total Votes Cast,,226,,82.78%,,73,,142,,,11,,0,,0,,0,,
Overvotes,,0,,0.00%,,0,,0,,,0,,0,,0,,0,,
Undervotes,,47,,17.22%,,14,,31,,,2,,0,,0,,0,,
Contest Totals,,273,,100.00%,,87,,173,,,13,,0,,0,,0,,
,FOR COUNTY COMMISSIONER,,,,,,,,,,,,,,,,,,
,Vote For 1,,,,,,,,,,,,,,,,,,
,,,TOTAL,,VOTE %,,Election Day,,Early Vote,,,Absentee,,Canvass,,Absentee After ED,,Provisional,
REP MARYANN (BABICH) FOLZ,,149,,54.58%,,46,,97,,,6,,0,,0,,0,,
DEM TOM  BLOOM,,103,,37.73%,,36,,60,,,7,,0,,0,,0,,
NO CANDIDATE(S) NOMINATED,,0,,0.00%,,0,,0,,,0,,0,,0,,0,,
NO CANDIDATE(S) NOMINATED,,0,,0.00%,,0,,0,,,0,,0,,0,,0,,
Write-In Totals,,0,,0.00%,,0,,0,,,0,,0,,0,,0,,
Total Votes Cast,,252,,92.31%,,82,,157,,,13,,0,,0,,0,,
Overvotes,,0,,0.00%,,0,,0,,,0,,0,,0,,0,,
Undervotes,,21,,7.69%,,5,,16,,,0,,0,,0,,0,,
Contest Totals,,273,,100.00%,,87,,173,,,13,,0,,0,,0,,
Precinct Summary - 11/12/2024     2:58 PM,,,,,,,,,,184,,,,,,,,, of 258
Report generated with Electionware Copyright © 2007-2019,,,,,,,,,,,,,,,,,,,
Summary Results Report,,,,,,,,,,OFFICIAL RESULTS,,,,,,,,,
General Election,,,,,,,,,,,,,,,,,,,
"November 5, 2024",,,,,,,,,,"Monongalia County, West Virginia",,,,,,,,,
PRECINCT 68,,,,,,,,,,,,,,,,,,,
,FOR PROSECUTING ATTORNEY,,,,,,,,,,,,,,,,,,
,Vote For 1,,,,,,,,,,,,,,,,,,
,,,TOTAL,,VOTE %,,Election Day,,Early Vote,,,Absentee,,Canvass,,Absentee After ED,,Provisional,
NO CANDIDATE(S) NOMINATED,,0,,0.00%,,0,,0,,,0,,0,,0,,0,,
"DEM GABRIELLE ""GABE"" MUCCIOLA",,169,,61.90%,,62,,97,,,10,,0,,0,,0,,
NO CANDIDATE(S) NOMINATED,,0,,0.00%,,0,,0,,,0,,0,,0,,0,,
NO CANDIDATE(S) NOMINATED,,0,,0.00%,,0,,0,,,0,,0,,0,,0,,
Write-In Totals,,3,,1.10%,,0,,3,,,0,,0,,0,,0,,
Total Votes Cast,,172,,63.00%,,62,,100,,,10,,0,,0,,0,,
Overvotes,,0,,0.00%,,0,,0,,,0,,0,,0,,0,,
Undervotes,,101,,37.00%,,25,,73,,,3,,0,,0,,0,,
Contest Totals,,273,,100.00%,,87,,173,,,13,,0,,0,,0,,
,FOR SHERIFF,,,,,,,,,,,,,,,,,,
,Vote For 1,,,,,,,,,,,,,,,,,,
,,,TOTAL,,VOTE %,,Election Day,,Early Vote,,,Absentee,,Canvass,,Absentee After ED,,Provisional,
REP JASON MORGAN,,152,,55.68%,,48,,97,,,7,,0,,0,,0,,
DEM TODD FORBES,,107,,39.19%,,36,,65,,,6,,0,,0,,0,,
NO CANDIDATE(S) NOMINATED,,0,,0.00%,,0,,0,,,0,,0,,0,,0,,
NO CANDIDATE(S) NOMINATED,,0,,0.00%,,0,,0,,,0,,0,,0,,0,,
Write-In Totals,,0,,0.00%,,0,,0,,,0,,0,,0,,0,,
Total Votes Cast,,259,,94.87%,,84,,162,,,13,,0,,0,,0,,
Overvotes,,0,,0.00%,,0,,0,,,0,,0,,0,,0,,
Undervotes,,14,,5.13%,,3,,11,,,0,,0,,0,,0,,
Contest Totals,,273,,100.00%,,87,,173,,,13,,0,,0,,0,,
,FOR ASSESSOR,,,,,,,,,,,,,,,,,,
,Vote For 1,,,,,,,,,,,,,,,,,,
,,,TOTAL,,VOTE %,,Election Day,,Early Vote,,,Absentee,,Canvass,,Absentee After ED,,Provisional,
REP RICH JACOBS,,123,,45.05%,,40,,79,,,4,,0,,0,,0,,
DEM MARK A. MUSICK,,134,,49.08%,,42,,83,,,9,,0,,0,,0,,
NO CANDIDATE(S) NOMINATED,,0,,0.00%,,0,,0,,,0,,0,,0,,0,,
NO CANDIDATE(S) NOMINATED,,0,,0.00%,,0,,0,,,0,,0,,0,,0,,
Write-In Totals,,0,,0.00%,,0,,0,,,0,,0,,0,,0,,
Total Votes Cast,,257,,94.14%,,82,,162,,,13,,0,,0,,0,,
Overvotes,,0,,0.00%,,0,,0,,,0,,0,,0,,0,,
Undervotes,,16,,5.86%,,5,,11,,,0,,0,,0,,0,,
Contest Totals,,273,,100.00%,,87,,173,,,13,,0,,0,,0,,
Precinct Summary - 11/12/2024     2:58 PM,,,,,,,,,,185,,,,,,,,, of 258
Report generated with Electionware Copyright © 2007-2019,,,,,,,,,,,,,,,,,,,
Summary Results Report,,,,,,,,,,OFFICIAL RESULTS,,,,,,,,,
General Election,,,,,,,,,,,,,,,,,,,
"November 5, 2024",,,,,,,,,,"Monongalia County, West Virginia",,,,,,,,,
PRECINCT 68,,,,,,,,,,,,,,,,,,,
,FOR SURVEYOR,,,,,,,,,,,,,,,,,,
,Vote For 1,,,,,,,,,,,,,,,,,,
,,,TOTAL,,VOTE %,,Election Day,,Early Vote,,,Absentee,,Canvass,,Absentee After ED,,Provisional,
REP BOB ANDRIOTTO,,209,,76.56%,,66,,133,,,10,,0,,0,,0,,
NO CANDIDATE(S) NOMINATED,,0,,0.00%,,0,,0,,,0,,0,,0,,0,,
NO CANDIDATE(S) NOMINATED,,0,,0.00%,,0,,0,,,0,,0,,0,,0,,
NO CANDIDATE(S) NOMINATED,,0,,0.00%,,0,,0,,,0,,0,,0,,0,,
Write-In Totals,,1,,0.37%,,1,,0,,,0,,0,,0,,0,,
Total Votes Cast,,210,,76.92%,,67,,133,,,10,,0,,0,,0,,
Overvotes,,0,,0.00%,,0,,0,,,0,,0,,0,,0,,
Undervotes,,63,,23.08%,,20,,40,,,3,,0,,0,,0,,
Contest Totals,,273,,100.00%,,87,,173,,,13,,0,,0,,0,,
,AMENDMENT NO. 1,,,,,,,,,,,,,,,,,,
,Vote For 1,,,,,,,,,,,,,,,,,,
,,,TOTAL,,VOTE %,,Election Day,,Early Vote,,,Absentee,,Canvass,,Absentee After ED,,Provisional,
For,,98,,35.90%,,33,,61,,,4,,0,,0,,0,,
Against,,132,,48.35%,,45,,79,,,8,,0,,0,,0,,
Total Votes Cast,,230,,84.25%,,78,,140,,,12,,0,,0,,0,,
Overvotes,,0,,0.00%,,0,,0,,,0,,0,,0,,0,,
Undervotes,,43,,15.75%,,9,,33,,,1,,0,,0,,0,,
Contest Totals,,273,,100.00%,,87,,173,,,13,,0,,0,,0,,
Precinct Summary - 11/12/2024     2:58 PM,,,,,,,,,,186,,,,,,,,, of 258
Report generated with Electionware Copyright © 2007-2019,,,,,,,,,,,,,,,,,,,
Summary Results Report,,,,,,,,,,OFFICIAL RESULTS,,,,,,,,,
General Election,,,,,,,,,,,,,,,,,,,
"November 5, 2024",,,,,,,,,,"Monongalia County, West Virginia",,,,,,,,,
PRECINCT 71,,,,,,,,,,,,,,,,,,,
Statistics,,TOTAL,,Election Day,,Early Vote,,Absentee,,,Canvass,,Absentee After ED,,Provisional,,,,
Registered Voters - Total,,"2,650",,,,,,,,,,,,,,,,,
Ballots Cast - Total,,"1,676",,584,,"1,036",,45,,,0,,4,,7,,,,
Ballots Cast - Blank,,0,,0,,0,,0,,,0,,0,,0,,,,
Voter Turnout - Total,,63.25%,,,,,,,,,,,,,,,,,
,FOR PRESIDENT,,,,,,,,,,,,,,,,,,
,Vote For 1,,,,,,,,,,,,,,,,,,
,,,TOTAL,,VOTE %,,Election Day,,Early Vote,,,Absentee,,Canvass,,Absentee After ED,,Provisional,
REP DONALD J. TRUMP,,807,,48.15%,,302,,483,,,19,,0,,1,,2,,
DEM KAMALA D. HARRIS,,806,,48.09%,,254,,521,,,23,,0,,3,,5,,
LBN CHASE OLIVER,,9,,0.54%,,4,,5,,,0,,0,,0,,0,,
MTN JILL STEIN,,5,,0.30%,,3,,1,,,1,,0,,0,,0,,
IND ROBERT F. KENNEDY JR.,,28,,1.67%,,11,,16,,,1,,0,,0,,0,,
Write-In Totals,,4,,0.24%,,3,,0,,,1,,0,,0,,0,,
Total Votes Cast,,"1,659",,98.99%,,577,,"1,026",,,45,,0,,4,,7,,
Overvotes,,0,,0.00%,,0,,0,,,0,,0,,0,,0,,
Undervotes,,17,,1.01%,,7,,10,,,0,,0,,0,,0,,
Contest Totals,,"1,676",,100.00%,,584,,"1,036",,,45,,0,,4,,7,,
,FOR U.S. SENATOR,,,,,,,,,,,,,,,,,,
,Vote For 1,,,,,,,,,,,,,,,,,,
,,,TOTAL,,VOTE %,,Election Day,,Early Vote,,,Absentee,,Canvass,,Absentee After ED,,Provisional,
REP JIM JUSTICE,,790,,47.14%,,288,,476,,,20,,0,,3,,3,,
DEM GLENN ELLIOTT,,744,,44.39%,,233,,489,,,18,,0,,1,,3,,
LBN DAVID MORAN,,87,,5.19%,,39,,45,,,2,,0,,0,,1,,
NO CANDIDATE(S) NOMINATED,,0,,0.00%,,0,,0,,,0,,0,,0,,0,,
Write-In Totals,,5,,0.30%,,1,,4,,,0,,0,,0,,0,,
Total Votes Cast,,"1,626",,97.02%,,561,,"1,014",,,40,,0,,4,,7,,
Overvotes,,0,,0.00%,,0,,0,,,0,,0,,0,,0,,
Undervotes,,50,,2.98%,,23,,22,,,5,,0,,0,,0,,
Contest Totals,,"1,676",,100.00%,,584,,"1,036",,,45,,0,,4,,7,,
,FOR U.S. HOUSE OF REPS 2ND DIST,,,,,,,,,,,,,,,,,,
,Vote For 1,,,,,,,,,,,,,,,,,,
,,,TOTAL,,VOTE %,,Election Day,,Early Vote,,,Absentee,,Canvass,,Absentee After ED,,Provisional,
REP RILEY MOORE,,796,,47.49%,,293,,478,,,19,,0,,3,,3,,
DEM STEVEN WENDELIN,,768,,45.82%,,245,,498,,,20,,0,,1,,4,,
NO CANDIDATE(S) NOMINATED,,0,,0.00%,,0,,0,,,0,,0,,0,,0,,
NO CANDIDATE(S) NOMINATED,,0,,0.00%,,0,,0,,,0,,0,,0,,0,,
Write-In Totals,,1,,0.06%,,0,,1,,,0,,0,,0,,0,,
Total Votes Cast,,"1,565",,93.38%,,538,,977,,,39,,0,,4,,7,,
Overvotes,,0,,0.00%,,0,,0,,,0,,0,,0,,0,,
Undervotes,,111,,6.62%,,46,,59,,,6,,0,,0,,0,,
Contest Totals,,"1,676",,100.00%,,584,,"1,036",,,45,,0,,4,,7,,
Precinct Summary - 11/12/2024     2:58 PM,,,,,,,,,,187,,,,,,,,, of 258
Report generated with Electionware Copyright © 2007-2019,,,,,,,,,,,,,,,,,,,
Summary Results Report,,,,,,,,,,OFFICIAL RESULTS,,,,,,,,,
General Election,,,,,,,,,,,,,,,,,,,
"November 5, 2024",,,,,,,,,,"Monongalia County, West Virginia",,,,,,,,,
PRECINCT 71,,,,,,,,,,,,,,,,,,,
,FOR GOVERNOR,,,,,,,,,,,,,,,,,,
,Vote For 1,,,,,,,,,,,,,,,,,,
,,,TOTAL,,VOTE %,,Election Day,,Early Vote,,,Absentee,,Canvass,,Absentee After ED,,Provisional,
REP PATRICK MORRISEY,,727,,43.38%,,249,,452,,,21,,0,,2,,3,,
DEM STEVE WILLIAMS,,785,,46.84%,,250,,512,,,20,,0,,0,,3,,
LBN ERIKA KLIE KOLENICH,,71,,4.24%,,40,,29,,,0,,0,,1,,1,,
MTN CHASE LINKO-LOOPER,,16,,0.95%,,6,,9,,,1,,0,,0,,0,,
CST S. MARSHALL WILSON,,20,,1.19%,,11,,8,,,0,,0,,1,,0,,
Write-In Totals,,1,,0.06%,,0,,1,,,0,,0,,0,,0,,
Total Votes Cast,,"1,620",,96.66%,,556,,"1,011",,,42,,0,,4,,7,,
Overvotes,,0,,0.00%,,0,,0,,,0,,0,,0,,0,,
Undervotes,,56,,3.34%,,28,,25,,,3,,0,,0,,0,,
Contest Totals,,"1,676",,100.00%,,584,,"1,036",,,45,,0,,4,,7,,
,FOR SECRETARY OF STATE,,,,,,,,,,,,,,,,,,
,Vote For 1,,,,,,,,,,,,,,,,,,
,,,TOTAL,,VOTE %,,Election Day,,Early Vote,,,Absentee,,Canvass,,Absentee After ED,,Provisional,
REP KRIS WARNER,,834,,49.76%,,294,,510,,,23,,0,,4,,3,,
DEM THORNTON COOPER,,760,,45.35%,,244,,494,,,18,,0,,0,,4,,
NO CANDIDATE(S) NOMINATED,,0,,0.00%,,0,,0,,,0,,0,,0,,0,,
NO CANDIDATE(S) NOMINATED,,0,,0.00%,,0,,0,,,0,,0,,0,,0,,
Write-In Totals,,1,,0.06%,,1,,0,,,0,,0,,0,,0,,
Total Votes Cast,,"1,595",,95.17%,,539,,"1,004",,,41,,0,,4,,7,,
Overvotes,,0,,0.00%,,0,,0,,,0,,0,,0,,0,,
Undervotes,,81,,4.83%,,45,,32,,,4,,0,,0,,0,,
Contest Totals,,"1,676",,100.00%,,584,,"1,036",,,45,,0,,4,,7,,
,FOR AUDITOR,,,,,,,,,,,,,,,,,,
,Vote For 1,,,,,,,,,,,,,,,,,,
,,,TOTAL,,VOTE %,,Election Day,,Early Vote,,,Absentee,,Canvass,,Absentee After ED,,Provisional,
REP MARK HUNT,,765,,45.64%,,280,,462,,,18,,0,,2,,3,,
DEM MARY ANN ROEBUCK CLAYTOR,,808,,48.21%,,255,,525,,,22,,0,,2,,4,,
NO CANDIDATE(S) NOMINATED,,0,,0.00%,,0,,0,,,0,,0,,0,,0,,
NO CANDIDATE(S) NOMINATED,,0,,0.00%,,0,,0,,,0,,0,,0,,0,,
Write-In Totals,,0,,0.00%,,0,,0,,,0,,0,,0,,0,,
Total Votes Cast,,"1,573",,93.85%,,535,,987,,,40,,0,,4,,7,,
Overvotes,,0,,0.00%,,0,,0,,,0,,0,,0,,0,,
Undervotes,,103,,6.15%,,49,,49,,,5,,0,,0,,0,,
Contest Totals,,"1,676",,100.00%,,584,,"1,036",,,45,,0,,4,,7,,
Precinct Summary - 11/12/2024     2:58 PM,,,,,,,,,,188,,,,,,,,, of 258
Report generated with Electionware Copyright © 2007-2019,,,,,,,,,,,,,,,,,,,
Summary Results Report,,,,,,,,,,OFFICIAL RESULTS,,,,,,,,,
General Election,,,,,,,,,,,,,,,,,,,
"November 5, 2024",,,,,,,,,,"Monongalia County, West Virginia",,,,,,,,,
PRECINCT 71,,,,,,,,,,,,,,,,,,,
,FOR TREASURER,,,,,,,,,,,,,,,,,,
,Vote For 1,,,,,,,,,,,,,,,,,,
,,,TOTAL,,VOTE %,,Election Day,,Early Vote,,,Absentee,,Canvass,,Absentee After ED,,Provisional,
REP LARRY PACK,,"1,146",,68.38%,,414,,698,,,26,,0,,4,,4,,
NO CANDIDATE(S) NOMINATED,,0,,0.00%,,0,,0,,,0,,0,,0,,0,,
NO CANDIDATE(S) NOMINATED,,0,,0.00%,,0,,0,,,0,,0,,0,,0,,
NO CANDIDATE(S) NOMINATED,,0,,0.00%,,0,,0,,,0,,0,,0,,0,,
Write-In Totals,,42,,2.51%,,12,,28,,,1,,0,,0,,1,,
Total Votes Cast,,"1,188",,70.88%,,426,,726,,,27,,0,,4,,5,,
Overvotes,,0,,0.00%,,0,,0,,,0,,0,,0,,0,,
Undervotes,,488,,29.12%,,158,,310,,,18,,0,,0,,2,,
Contest Totals,,"1,676",,100.00%,,584,,"1,036",,,45,,0,,4,,7,,
,FOR COMMISSIONER OF AGRICULTURE,,,,,,,,,,,,,,,,,,
,Vote For 1,,,,,,,,,,,,,,,,,,
,,,TOTAL,,VOTE %,,Election Day,,Early Vote,,,Absentee,,Canvass,,Absentee After ED,,Provisional,
REP KENT LEONHARDT,,853,,50.90%,,304,,521,,,20,,0,,4,,4,,
DEM DEBORAH STILES,,720,,42.96%,,231,,466,,,20,,0,,0,,3,,
NO CANDIDATE(S) NOMINATED,,0,,0.00%,,0,,0,,,0,,0,,0,,0,,
NO CANDIDATE(S) NOMINATED,,0,,0.00%,,0,,0,,,0,,0,,0,,0,,
Write-In Totals,,0,,0.00%,,0,,0,,,0,,0,,0,,0,,
Total Votes Cast,,"1,573",,93.85%,,535,,987,,,40,,0,,4,,7,,
Overvotes,,0,,0.00%,,0,,0,,,0,,0,,0,,0,,
Undervotes,,103,,6.15%,,49,,49,,,5,,0,,0,,0,,
Contest Totals,,"1,676",,100.00%,,584,,"1,036",,,45,,0,,4,,7,,
,FOR ATTORNEY GENERAL,,,,,,,,,,,,,,,,,,
,Vote For 1,,,,,,,,,,,,,,,,,,
,,,TOTAL,,VOTE %,,Election Day,,Early Vote,,,Absentee,,Canvass,,Absentee After ED,,Provisional,
"REP JOHN ""JB"" McCUSKEY",,791,,47.20%,,282,,485,,,20,,0,,1,,3,,
DEM TERESA TORISEVA,,789,,47.08%,,253,,508,,,21,,0,,3,,4,,
NO CANDIDATE(S) NOMINATED,,0,,0.00%,,0,,0,,,0,,0,,0,,0,,
NO CANDIDATE(S) NOMINATED,,0,,0.00%,,0,,0,,,0,,0,,0,,0,,
Write-In Totals,,1,,0.06%,,1,,0,,,0,,0,,0,,0,,
Total Votes Cast,,"1,581",,94.33%,,536,,993,,,41,,0,,4,,7,,
Overvotes,,0,,0.00%,,0,,0,,,0,,0,,0,,0,,
Undervotes,,95,,5.67%,,48,,43,,,4,,0,,0,,0,,
Contest Totals,,"1,676",,100.00%,,584,,"1,036",,,45,,0,,4,,7,,
Precinct Summary - 11/12/2024     2:58 PM,,,,,,,,,,189,,,,,,,,, of 258
Report generated with Electionware Copyright © 2007-2019,,,,,,,,,,,,,,,,,,,
Summary Results Report,,,,,,,,,,OFFICIAL RESULTS,,,,,,,,,
General Election,,,,,,,,,,,,,,,,,,,
"November 5, 2024",,,,,,,,,,"Monongalia County, West Virginia",,,,,,,,,
PRECINCT 71,,,,,,,,,,,,,,,,,,,
,FOR STATE SENATOR 13TH DISTRICT,,,,,,,,,,,,,,,,,,
,Vote For 1,,,,,,,,,,,,,,,,,,
,,,TOTAL,,VOTE %,,Election Day,,Early Vote,,,Absentee,,Canvass,,Absentee After ED,,Provisional,
REP REBECCA POLIS,,725,,43.26%,,266,,439,,,16,,0,,2,,2,,
DEM JOEY GARCIA,,855,,51.01%,,273,,551,,,24,,0,,2,,5,,
NO CANDIDATE(S) NOMINATED,,0,,0.00%,,0,,0,,,0,,0,,0,,0,,
NO CANDIDATE(S) NOMINATED,,0,,0.00%,,0,,0,,,0,,0,,0,,0,,
Write-In Totals,,0,,0.00%,,0,,0,,,0,,0,,0,,0,,
Total Votes Cast,,"1,580",,94.27%,,539,,990,,,40,,0,,4,,7,,
Overvotes,,0,,0.00%,,0,,0,,,0,,0,,0,,0,,
Undervotes,,96,,5.73%,,45,,46,,,5,,0,,0,,0,,
Contest Totals,,"1,676",,100.00%,,584,,"1,036",,,45,,0,,4,,7,,
,FOR MEMBER OF HOUSE OF DELEGATES 80TH DISTRICT,,,,,,,,,,,,,,,,,,
,Vote For 1,,,,,,,,,,,,,,,,,,
,,,TOTAL,,VOTE %,,Election Day,,Early Vote,,,Absentee,,Canvass,,Absentee After ED,,Provisional,
REP SUMMER D.  HARTLEY,,755,,45.05%,,268,,465,,,20,,0,,1,,1,,
DEM JOHN WILLIAMS,,862,,51.43%,,286,,544,,,23,,0,,3,,6,,
NO CANDIDATE(S) NOMINATED,,0,,0.00%,,0,,0,,,0,,0,,0,,0,,
NO CANDIDATE(S) NOMINATED,,0,,0.00%,,0,,0,,,0,,0,,0,,0,,
Write-In Totals,,0,,0.00%,,0,,0,,,0,,0,,0,,0,,
Total Votes Cast,,"1,617",,96.48%,,554,,"1,009",,,43,,0,,4,,7,,
Overvotes,,0,,0.00%,,0,,0,,,0,,0,,0,,0,,
Undervotes,,59,,3.52%,,30,,27,,,2,,0,,0,,0,,
Contest Totals,,"1,676",,100.00%,,584,,"1,036",,,45,,0,,4,,7,,
,FOR COUNTY COMMISSIONER,,,,,,,,,,,,,,,,,,
,Vote For 1,,,,,,,,,,,,,,,,,,
,,,TOTAL,,VOTE %,,Election Day,,Early Vote,,,Absentee,,Canvass,,Absentee After ED,,Provisional,
REP MARYANN (BABICH) FOLZ,,698,,41.65%,,261,,417,,,17,,0,,1,,2,,
DEM TOM  BLOOM,,876,,52.27%,,278,,565,,,25,,0,,3,,5,,
NO CANDIDATE(S) NOMINATED,,0,,0.00%,,0,,0,,,0,,0,,0,,0,,
NO CANDIDATE(S) NOMINATED,,0,,0.00%,,0,,0,,,0,,0,,0,,0,,
Write-In Totals,,1,,0.06%,,1,,0,,,0,,0,,0,,0,,
Total Votes Cast,,"1,575",,93.97%,,540,,982,,,42,,0,,4,,7,,
Overvotes,,0,,0.00%,,0,,0,,,0,,0,,0,,0,,
Undervotes,,101,,6.03%,,44,,54,,,3,,0,,0,,0,,
Contest Totals,,"1,676",,100.00%,,584,,"1,036",,,45,,0,,4,,7,,
Precinct Summary - 11/12/2024     2:58 PM,,,,,,,,,,190,,,,,,,,, of 258
Report generated with Electionware Copyright © 2007-2019,,,,,,,,,,,,,,,,,,,
Summary Results Report,,,,,,,,,,OFFICIAL RESULTS,,,,,,,,,
General Election,,,,,,,,,,,,,,,,,,,
"November 5, 2024",,,,,,,,,,"Monongalia County, West Virginia",,,,,,,,,
PRECINCT 71,,,,,,,,,,,,,,,,,,,
,FOR PROSECUTING ATTORNEY,,,,,,,,,,,,,,,,,,
,Vote For 1,,,,,,,,,,,,,,,,,,
,,,TOTAL,,VOTE %,,Election Day,,Early Vote,,,Absentee,,Canvass,,Absentee After ED,,Provisional,
NO CANDIDATE(S) NOMINATED,,0,,0.00%,,0,,0,,,0,,0,,0,,0,,
"DEM GABRIELLE ""GABE"" MUCCIOLA",,"1,210",,72.20%,,423,,747,,,30,,0,,4,,6,,
NO CANDIDATE(S) NOMINATED,,0,,0.00%,,0,,0,,,0,,0,,0,,0,,
NO CANDIDATE(S) NOMINATED,,0,,0.00%,,0,,0,,,0,,0,,0,,0,,
Write-In Totals,,31,,1.85%,,14,,15,,,2,,0,,0,,0,,
Total Votes Cast,,"1,241",,74.05%,,437,,762,,,32,,0,,4,,6,,
Overvotes,,0,,0.00%,,0,,0,,,0,,0,,0,,0,,
Undervotes,,435,,25.95%,,147,,274,,,13,,0,,0,,1,,
Contest Totals,,"1,676",,100.00%,,584,,"1,036",,,45,,0,,4,,7,,
,FOR SHERIFF,,,,,,,,,,,,,,,,,,
,Vote For 1,,,,,,,,,,,,,,,,,,
,,,TOTAL,,VOTE %,,Election Day,,Early Vote,,,Absentee,,Canvass,,Absentee After ED,,Provisional,
REP JASON MORGAN,,830,,49.52%,,304,,497,,,22,,0,,3,,4,,
DEM TODD FORBES,,782,,46.66%,,247,,511,,,20,,0,,1,,3,,
NO CANDIDATE(S) NOMINATED,,0,,0.00%,,0,,0,,,0,,0,,0,,0,,
NO CANDIDATE(S) NOMINATED,,0,,0.00%,,0,,0,,,0,,0,,0,,0,,
Write-In Totals,,2,,0.12%,,1,,1,,,0,,0,,0,,0,,
Total Votes Cast,,"1,614",,96.30%,,552,,"1,009",,,42,,0,,4,,7,,
Overvotes,,0,,0.00%,,0,,0,,,0,,0,,0,,0,,
Undervotes,,62,,3.70%,,32,,27,,,3,,0,,0,,0,,
Contest Totals,,"1,676",,100.00%,,584,,"1,036",,,45,,0,,4,,7,,
,FOR ASSESSOR,,,,,,,,,,,,,,,,,,
,Vote For 1,,,,,,,,,,,,,,,,,,
,,,TOTAL,,VOTE %,,Election Day,,Early Vote,,,Absentee,,Canvass,,Absentee After ED,,Provisional,
REP RICH JACOBS,,582,,34.73%,,234,,335,,,10,,0,,1,,2,,
DEM MARK A. MUSICK,,"1,015",,60.56%,,312,,666,,,29,,0,,3,,5,,
NO CANDIDATE(S) NOMINATED,,0,,0.00%,,0,,0,,,0,,0,,0,,0,,
NO CANDIDATE(S) NOMINATED,,0,,0.00%,,0,,0,,,0,,0,,0,,0,,
Write-In Totals,,0,,0.00%,,0,,0,,,0,,0,,0,,0,,
Total Votes Cast,,"1,597",,95.29%,,546,,"1,001",,,39,,0,,4,,7,,
Overvotes,,0,,0.00%,,0,,0,,,0,,0,,0,,0,,
Undervotes,,79,,4.71%,,38,,35,,,6,,0,,0,,0,,
Contest Totals,,"1,676",,100.00%,,584,,"1,036",,,45,,0,,4,,7,,
Precinct Summary - 11/12/2024     2:58 PM,,,,,,,,,,191,,,,,,,,, of 258
Report generated with Electionware Copyright © 2007-2019,,,,,,,,,,,,,,,,,,,
Summary Results Report,,,,,,,,,,OFFICIAL RESULTS,,,,,,,,,
General Election,,,,,,,,,,,,,,,,,,,
"November 5, 2024",,,,,,,,,,"Monongalia County, West Virginia",,,,,,,,,
PRECINCT 71,,,,,,,,,,,,,,,,,,,
,FOR SURVEYOR,,,,,,,,,,,,,,,,,,
,Vote For 1,,,,,,,,,,,,,,,,,,
,,,TOTAL,,VOTE %,,Election Day,,Early Vote,,,Absentee,,Canvass,,Absentee After ED,,Provisional,
REP BOB ANDRIOTTO,,"1,173",,69.99%,,426,,714,,,25,,0,,4,,4,,
NO CANDIDATE(S) NOMINATED,,0,,0.00%,,0,,0,,,0,,0,,0,,0,,
NO CANDIDATE(S) NOMINATED,,0,,0.00%,,0,,0,,,0,,0,,0,,0,,
NO CANDIDATE(S) NOMINATED,,0,,0.00%,,0,,0,,,0,,0,,0,,0,,
Write-In Totals,,24,,1.43%,,6,,17,,,0,,0,,0,,1,,
Total Votes Cast,,"1,197",,71.42%,,432,,731,,,25,,0,,4,,5,,
Overvotes,,0,,0.00%,,0,,0,,,0,,0,,0,,0,,
Undervotes,,479,,28.58%,,152,,305,,,20,,0,,0,,2,,
Contest Totals,,"1,676",,100.00%,,584,,"1,036",,,45,,0,,4,,7,,
,AMENDMENT NO. 1,,,,,,,,,,,,,,,,,,
,Vote For 1,,,,,,,,,,,,,,,,,,
,,,TOTAL,,VOTE %,,Election Day,,Early Vote,,,Absentee,,Canvass,,Absentee After ED,,Provisional,
For,,560,,33.41%,,213,,326,,,17,,0,,1,,3,,
Against,,930,,55.49%,,300,,604,,,21,,0,,3,,2,,
Total Votes Cast,,"1,490",,88.90%,,513,,930,,,38,,0,,4,,5,,
Overvotes,,0,,0.00%,,0,,0,,,0,,0,,0,,0,,
Undervotes,,186,,11.10%,,71,,106,,,7,,0,,0,,2,,
Contest Totals,,"1,676",,100.00%,,584,,"1,036",,,45,,0,,4,,7,,
Precinct Summary - 11/12/2024     2:58 PM,,,,,,,,,,192,,,,,,,,, of 258
Report generated with Electionware Copyright © 2007-2019,,,,,,,,,,,,,,,,,,,
Summary Results Report,,,,,,,,,,OFFICIAL RESULTS,,,,,,,,,
General Election,,,,,,,,,,,,,,,,,,,
"November 5, 2024",,,,,,,,,,"Monongalia County, West Virginia",,,,,,,,,
PRECINCT 72,,,,,,,,,,,,,,,,,,,
Statistics,,TOTAL,,Election Day,,Early Vote,,Absentee,,,Canvass,,Absentee After ED,,Provisional,,,,
Registered Voters - Total,,11,,,,,,,,,,,,,,,,,
Ballots Cast - Total,,3,,2,,0,,1,,,0,,0,,0,,,,
Ballots Cast - Blank,,0,,0,,0,,0,,,0,,0,,0,,,,
Voter Turnout - Total,,27.27%,,,,,,,,,,,,,,,,,
,FOR PRESIDENT,,,,,,,,,,,,,,,,,,
,Vote For 1,,,,,,,,,,,,,,,,,,
,,,TOTAL,,VOTE %,,Election Day,,Early Vote,,,Absentee,,Canvass,,Absentee After ED,,Provisional,
REP DONALD J. TRUMP,,2,,66.67%,,2,,0,,,0,,0,,0,,0,,
DEM KAMALA D. HARRIS,,1,,33.33%,,0,,0,,,1,,0,,0,,0,,
LBN CHASE OLIVER,,0,,0.00%,,0,,0,,,0,,0,,0,,0,,
MTN JILL STEIN,,0,,0.00%,,0,,0,,,0,,0,,0,,0,,
IND ROBERT F. KENNEDY JR.,,0,,0.00%,,0,,0,,,0,,0,,0,,0,,
Write-In Totals,,0,,0.00%,,0,,0,,,0,,0,,0,,0,,
Total Votes Cast,,3,,100.00%,,2,,0,,,1,,0,,0,,0,,
Overvotes,,0,,0.00%,,0,,0,,,0,,0,,0,,0,,
Undervotes,,0,,0.00%,,0,,0,,,0,,0,,0,,0,,
Contest Totals,,3,,100.00%,,2,,0,,,1,,0,,0,,0,,
,FOR U.S. SENATOR,,,,,,,,,,,,,,,,,,
,Vote For 1,,,,,,,,,,,,,,,,,,
,,,TOTAL,,VOTE %,,Election Day,,Early Vote,,,Absentee,,Canvass,,Absentee After ED,,Provisional,
REP JIM JUSTICE,,2,,66.67%,,2,,0,,,0,,0,,0,,0,,
DEM GLENN ELLIOTT,,1,,33.33%,,0,,0,,,1,,0,,0,,0,,
LBN DAVID MORAN,,0,,0.00%,,0,,0,,,0,,0,,0,,0,,
NO CANDIDATE(S) NOMINATED,,0,,0.00%,,0,,0,,,0,,0,,0,,0,,
Write-In Totals,,0,,0.00%,,0,,0,,,0,,0,,0,,0,,
Total Votes Cast,,3,,100.00%,,2,,0,,,1,,0,,0,,0,,
Overvotes,,0,,0.00%,,0,,0,,,0,,0,,0,,0,,
Undervotes,,0,,0.00%,,0,,0,,,0,,0,,0,,0,,
Contest Totals,,3,,100.00%,,2,,0,,,1,,0,,0,,0,,
,FOR U.S. HOUSE OF REPS 2ND DIST,,,,,,,,,,,,,,,,,,
,Vote For 1,,,,,,,,,,,,,,,,,,
,,,TOTAL,,VOTE %,,Election Day,,Early Vote,,,Absentee,,Canvass,,Absentee After ED,,Provisional,
REP RILEY MOORE,,1,,33.33%,,1,,0,,,0,,0,,0,,0,,
DEM STEVEN WENDELIN,,2,,66.67%,,1,,0,,,1,,0,,0,,0,,
NO CANDIDATE(S) NOMINATED,,0,,0.00%,,0,,0,,,0,,0,,0,,0,,
NO CANDIDATE(S) NOMINATED,,0,,0.00%,,0,,0,,,0,,0,,0,,0,,
Write-In Totals,,0,,0.00%,,0,,0,,,0,,0,,0,,0,,
Total Votes Cast,,3,,100.00%,,2,,0,,,1,,0,,0,,0,,
Overvotes,,0,,0.00%,,0,,0,,,0,,0,,0,,0,,
Undervotes,,0,,0.00%,,0,,0,,,0,,0,,0,,0,,
Contest Totals,,3,,100.00%,,2,,0,,,1,,0,,0,,0,,
Precinct Summary - 11/12/2024     2:58 PM,,,,,,,,,,193,,,,,,,,, of 258
Report generated with Electionware Copyright © 2007-2019,,,,,,,,,,,,,,,,,,,
Summary Results Report,,,,,,,,,,OFFICIAL RESULTS,,,,,,,,,
General Election,,,,,,,,,,,,,,,,,,,
"November 5, 2024",,,,,,,,,,"Monongalia County, West Virginia",,,,,,,,,
PRECINCT 72,,,,,,,,,,,,,,,,,,,
,FOR GOVERNOR,,,,,,,,,,,,,,,,,,
,Vote For 1,,,,,,,,,,,,,,,,,,
,,,TOTAL,,VOTE %,,Election Day,,Early Vote,,,Absentee,,Canvass,,Absentee After ED,,Provisional,
REP PATRICK MORRISEY,,2,,66.67%,,2,,0,,,0,,0,,0,,0,,
DEM STEVE WILLIAMS,,1,,33.33%,,0,,0,,,1,,0,,0,,0,,
LBN ERIKA KLIE KOLENICH,,0,,0.00%,,0,,0,,,0,,0,,0,,0,,
MTN CHASE LINKO-LOOPER,,0,,0.00%,,0,,0,,,0,,0,,0,,0,,
CST S. MARSHALL WILSON,,0,,0.00%,,0,,0,,,0,,0,,0,,0,,
Write-In Totals,,0,,0.00%,,0,,0,,,0,,0,,0,,0,,
Total Votes Cast,,3,,100.00%,,2,,0,,,1,,0,,0,,0,,
Overvotes,,0,,0.00%,,0,,0,,,0,,0,,0,,0,,
Undervotes,,0,,0.00%,,0,,0,,,0,,0,,0,,0,,
Contest Totals,,3,,100.00%,,2,,0,,,1,,0,,0,,0,,
,FOR SECRETARY OF STATE,,,,,,,,,,,,,,,,,,
,Vote For 1,,,,,,,,,,,,,,,,,,
,,,TOTAL,,VOTE %,,Election Day,,Early Vote,,,Absentee,,Canvass,,Absentee After ED,,Provisional,
REP KRIS WARNER,,1,,33.33%,,1,,0,,,0,,0,,0,,0,,
DEM THORNTON COOPER,,2,,66.67%,,1,,0,,,1,,0,,0,,0,,
NO CANDIDATE(S) NOMINATED,,0,,0.00%,,0,,0,,,0,,0,,0,,0,,
NO CANDIDATE(S) NOMINATED,,0,,0.00%,,0,,0,,,0,,0,,0,,0,,
Write-In Totals,,0,,0.00%,,0,,0,,,0,,0,,0,,0,,
Total Votes Cast,,3,,100.00%,,2,,0,,,1,,0,,0,,0,,
Overvotes,,0,,0.00%,,0,,0,,,0,,0,,0,,0,,
Undervotes,,0,,0.00%,,0,,0,,,0,,0,,0,,0,,
Contest Totals,,3,,100.00%,,2,,0,,,1,,0,,0,,0,,
,FOR AUDITOR,,,,,,,,,,,,,,,,,,
,Vote For 1,,,,,,,,,,,,,,,,,,
,,,TOTAL,,VOTE %,,Election Day,,Early Vote,,,Absentee,,Canvass,,Absentee After ED,,Provisional,
REP MARK HUNT,,2,,66.67%,,2,,0,,,0,,0,,0,,0,,
DEM MARY ANN ROEBUCK CLAYTOR,,1,,33.33%,,0,,0,,,1,,0,,0,,0,,
NO CANDIDATE(S) NOMINATED,,0,,0.00%,,0,,0,,,0,,0,,0,,0,,
NO CANDIDATE(S) NOMINATED,,0,,0.00%,,0,,0,,,0,,0,,0,,0,,
Write-In Totals,,0,,0.00%,,0,,0,,,0,,0,,0,,0,,
Total Votes Cast,,3,,100.00%,,2,,0,,,1,,0,,0,,0,,
Overvotes,,0,,0.00%,,0,,0,,,0,,0,,0,,0,,
Undervotes,,0,,0.00%,,0,,0,,,0,,0,,0,,0,,
Contest Totals,,3,,100.00%,,2,,0,,,1,,0,,0,,0,,
Precinct Summary - 11/12/2024     2:58 PM,,,,,,,,,,194,,,,,,,,, of 258
Report generated with Electionware Copyright © 2007-2019,,,,,,,,,,,,,,,,,,,
Summary Results Report,,,,,,,,,,OFFICIAL RESULTS,,,,,,,,,
General Election,,,,,,,,,,,,,,,,,,,
"November 5, 2024",,,,,,,,,,"Monongalia County, West Virginia",,,,,,,,,
PRECINCT 72,,,,,,,,,,,,,,,,,,,
,FOR TREASURER,,,,,,,,,,,,,,,,,,
,Vote For 1,,,,,,,,,,,,,,,,,,
,,,TOTAL,,VOTE %,,Election Day,,Early Vote,,,Absentee,,Canvass,,Absentee After ED,,Provisional,
REP LARRY PACK,,2,,66.67%,,1,,0,,,1,,0,,0,,0,,
NO CANDIDATE(S) NOMINATED,,0,,0.00%,,0,,0,,,0,,0,,0,,0,,
NO CANDIDATE(S) NOMINATED,,0,,0.00%,,0,,0,,,0,,0,,0,,0,,
NO CANDIDATE(S) NOMINATED,,0,,0.00%,,0,,0,,,0,,0,,0,,0,,
Write-In Totals,,0,,0.00%,,0,,0,,,0,,0,,0,,0,,
Total Votes Cast,,2,,66.67%,,1,,0,,,1,,0,,0,,0,,
Overvotes,,0,,0.00%,,0,,0,,,0,,0,,0,,0,,
Undervotes,,1,,33.33%,,1,,0,,,0,,0,,0,,0,,
Contest Totals,,3,,100.00%,,2,,0,,,1,,0,,0,,0,,
,FOR COMMISSIONER OF AGRICULTURE,,,,,,,,,,,,,,,,,,
,Vote For 1,,,,,,,,,,,,,,,,,,
,,,TOTAL,,VOTE %,,Election Day,,Early Vote,,,Absentee,,Canvass,,Absentee After ED,,Provisional,
REP KENT LEONHARDT,,1,,33.33%,,1,,0,,,0,,0,,0,,0,,
DEM DEBORAH STILES,,1,,33.33%,,0,,0,,,1,,0,,0,,0,,
NO CANDIDATE(S) NOMINATED,,0,,0.00%,,0,,0,,,0,,0,,0,,0,,
NO CANDIDATE(S) NOMINATED,,0,,0.00%,,0,,0,,,0,,0,,0,,0,,
Write-In Totals,,0,,0.00%,,0,,0,,,0,,0,,0,,0,,
Total Votes Cast,,2,,66.67%,,1,,0,,,1,,0,,0,,0,,
Overvotes,,0,,0.00%,,0,,0,,,0,,0,,0,,0,,
Undervotes,,1,,33.33%,,1,,0,,,0,,0,,0,,0,,
Contest Totals,,3,,100.00%,,2,,0,,,1,,0,,0,,0,,
,FOR ATTORNEY GENERAL,,,,,,,,,,,,,,,,,,
,Vote For 1,,,,,,,,,,,,,,,,,,
,,,TOTAL,,VOTE %,,Election Day,,Early Vote,,,Absentee,,Canvass,,Absentee After ED,,Provisional,
"REP JOHN ""JB"" McCUSKEY",,1,,33.33%,,1,,0,,,0,,0,,0,,0,,
DEM TERESA TORISEVA,,1,,33.33%,,0,,0,,,1,,0,,0,,0,,
NO CANDIDATE(S) NOMINATED,,0,,0.00%,,0,,0,,,0,,0,,0,,0,,
NO CANDIDATE(S) NOMINATED,,0,,0.00%,,0,,0,,,0,,0,,0,,0,,
Write-In Totals,,0,,0.00%,,0,,0,,,0,,0,,0,,0,,
Total Votes Cast,,2,,66.67%,,1,,0,,,1,,0,,0,,0,,
Overvotes,,0,,0.00%,,0,,0,,,0,,0,,0,,0,,
Undervotes,,1,,33.33%,,1,,0,,,0,,0,,0,,0,,
Contest Totals,,3,,100.00%,,2,,0,,,1,,0,,0,,0,,
Precinct Summary - 11/12/2024     2:58 PM,,,,,,,,,,195,,,,,,,,, of 258
Report generated with Electionware Copyright © 2007-2019,,,,,,,,,,,,,,,,,,,
Summary Results Report,,,,,,,,,,OFFICIAL RESULTS,,,,,,,,,
General Election,,,,,,,,,,,,,,,,,,,
"November 5, 2024",,,,,,,,,,"Monongalia County, West Virginia",,,,,,,,,
PRECINCT 72,,,,,,,,,,,,,,,,,,,
,FOR STATE SENATOR 13TH DISTRICT,,,,,,,,,,,,,,,,,,
,Vote For 1,,,,,,,,,,,,,,,,,,
,,,TOTAL,,VOTE %,,Election Day,,Early Vote,,,Absentee,,Canvass,,Absentee After ED,,Provisional,
REP REBECCA POLIS,,0,,0.00%,,0,,0,,,0,,0,,0,,0,,
DEM JOEY GARCIA,,2,,66.67%,,1,,0,,,1,,0,,0,,0,,
NO CANDIDATE(S) NOMINATED,,0,,0.00%,,0,,0,,,0,,0,,0,,0,,
NO CANDIDATE(S) NOMINATED,,0,,0.00%,,0,,0,,,0,,0,,0,,0,,
Write-In Totals,,0,,0.00%,,0,,0,,,0,,0,,0,,0,,
Total Votes Cast,,2,,66.67%,,1,,0,,,1,,0,,0,,0,,
Overvotes,,0,,0.00%,,0,,0,,,0,,0,,0,,0,,
Undervotes,,1,,33.33%,,1,,0,,,0,,0,,0,,0,,
Contest Totals,,3,,100.00%,,2,,0,,,1,,0,,0,,0,,
,FOR MEMBER OF HOUSE OF DELEGATES 77TH DISTRICT,,,,,,,,,,,,,,,,,,
,Vote For 1,,,,,,,,,,,,,,,,,,
,,,TOTAL,,VOTE %,,Election Day,,Early Vote,,,Absentee,,Canvass,,Absentee After ED,,Provisional,
REP JOE STATLER,,2,,66.67%,,1,,0,,,1,,0,,0,,0,,
NO CANDIDATE(S) NOMINATED,,0,,0.00%,,0,,0,,,0,,0,,0,,0,,
NO CANDIDATE(S) NOMINATED,,0,,0.00%,,0,,0,,,0,,0,,0,,0,,
NO CANDIDATE(S) NOMINATED,,0,,0.00%,,0,,0,,,0,,0,,0,,0,,
Write-In Totals,,0,,0.00%,,0,,0,,,0,,0,,0,,0,,
Total Votes Cast,,2,,66.67%,,1,,0,,,1,,0,,0,,0,,
Overvotes,,0,,0.00%,,0,,0,,,0,,0,,0,,0,,
Undervotes,,1,,33.33%,,1,,0,,,0,,0,,0,,0,,
Contest Totals,,3,,100.00%,,2,,0,,,1,,0,,0,,0,,
,FOR COUNTY COMMISSIONER,,,,,,,,,,,,,,,,,,
,Vote For 1,,,,,,,,,,,,,,,,,,
,,,TOTAL,,VOTE %,,Election Day,,Early Vote,,,Absentee,,Canvass,,Absentee After ED,,Provisional,
REP MARYANN (BABICH) FOLZ,,1,,33.33%,,1,,0,,,0,,0,,0,,0,,
DEM TOM  BLOOM,,1,,33.33%,,0,,0,,,1,,0,,0,,0,,
NO CANDIDATE(S) NOMINATED,,0,,0.00%,,0,,0,,,0,,0,,0,,0,,
NO CANDIDATE(S) NOMINATED,,0,,0.00%,,0,,0,,,0,,0,,0,,0,,
Write-In Totals,,0,,0.00%,,0,,0,,,0,,0,,0,,0,,
Total Votes Cast,,2,,66.67%,,1,,0,,,1,,0,,0,,0,,
Overvotes,,0,,0.00%,,0,,0,,,0,,0,,0,,0,,
Undervotes,,1,,33.33%,,1,,0,,,0,,0,,0,,0,,
Contest Totals,,3,,100.00%,,2,,0,,,1,,0,,0,,0,,
Precinct Summary - 11/12/2024     2:58 PM,,,,,,,,,,196,,,,,,,,, of 258
Report generated with Electionware Copyright © 2007-2019,,,,,,,,,,,,,,,,,,,
Summary Results Report,,,,,,,,,,OFFICIAL RESULTS,,,,,,,,,
General Election,,,,,,,,,,,,,,,,,,,
"November 5, 2024",,,,,,,,,,"Monongalia County, West Virginia",,,,,,,,,
PRECINCT 72,,,,,,,,,,,,,,,,,,,
,FOR PROSECUTING ATTORNEY,,,,,,,,,,,,,,,,,,
,Vote For 1,,,,,,,,,,,,,,,,,,
,,,TOTAL,,VOTE %,,Election Day,,Early Vote,,,Absentee,,Canvass,,Absentee After ED,,Provisional,
NO CANDIDATE(S) NOMINATED,,0,,0.00%,,0,,0,,,0,,0,,0,,0,,
"DEM GABRIELLE ""GABE"" MUCCIOLA",,2,,66.67%,,1,,0,,,1,,0,,0,,0,,
NO CANDIDATE(S) NOMINATED,,0,,0.00%,,0,,0,,,0,,0,,0,,0,,
NO CANDIDATE(S) NOMINATED,,0,,0.00%,,0,,0,,,0,,0,,0,,0,,
Write-In Totals,,0,,0.00%,,0,,0,,,0,,0,,0,,0,,
Total Votes Cast,,2,,66.67%,,1,,0,,,1,,0,,0,,0,,
Overvotes,,0,,0.00%,,0,,0,,,0,,0,,0,,0,,
Undervotes,,1,,33.33%,,1,,0,,,0,,0,,0,,0,,
Contest Totals,,3,,100.00%,,2,,0,,,1,,0,,0,,0,,
,FOR SHERIFF,,,,,,,,,,,,,,,,,,
,Vote For 1,,,,,,,,,,,,,,,,,,
,,,TOTAL,,VOTE %,,Election Day,,Early Vote,,,Absentee,,Canvass,,Absentee After ED,,Provisional,
REP JASON MORGAN,,1,,33.33%,,1,,0,,,0,,0,,0,,0,,
DEM TODD FORBES,,1,,33.33%,,0,,0,,,1,,0,,0,,0,,
NO CANDIDATE(S) NOMINATED,,0,,0.00%,,0,,0,,,0,,0,,0,,0,,
NO CANDIDATE(S) NOMINATED,,0,,0.00%,,0,,0,,,0,,0,,0,,0,,
Write-In Totals,,0,,0.00%,,0,,0,,,0,,0,,0,,0,,
Total Votes Cast,,2,,66.67%,,1,,0,,,1,,0,,0,,0,,
Overvotes,,0,,0.00%,,0,,0,,,0,,0,,0,,0,,
Undervotes,,1,,33.33%,,1,,0,,,0,,0,,0,,0,,
Contest Totals,,3,,100.00%,,2,,0,,,1,,0,,0,,0,,
,FOR ASSESSOR,,,,,,,,,,,,,,,,,,
,Vote For 1,,,,,,,,,,,,,,,,,,
,,,TOTAL,,VOTE %,,Election Day,,Early Vote,,,Absentee,,Canvass,,Absentee After ED,,Provisional,
REP RICH JACOBS,,1,,33.33%,,1,,0,,,0,,0,,0,,0,,
DEM MARK A. MUSICK,,1,,33.33%,,0,,0,,,1,,0,,0,,0,,
NO CANDIDATE(S) NOMINATED,,0,,0.00%,,0,,0,,,0,,0,,0,,0,,
NO CANDIDATE(S) NOMINATED,,0,,0.00%,,0,,0,,,0,,0,,0,,0,,
Write-In Totals,,0,,0.00%,,0,,0,,,0,,0,,0,,0,,
Total Votes Cast,,2,,66.67%,,1,,0,,,1,,0,,0,,0,,
Overvotes,,0,,0.00%,,0,,0,,,0,,0,,0,,0,,
Undervotes,,1,,33.33%,,1,,0,,,0,,0,,0,,0,,
Contest Totals,,3,,100.00%,,2,,0,,,1,,0,,0,,0,,
Precinct Summary - 11/12/2024     2:58 PM,,,,,,,,,,197,,,,,,,,, of 258
Report generated with Electionware Copyright © 2007-2019,,,,,,,,,,,,,,,,,,,
Summary Results Report,,,,,,,,,,OFFICIAL RESULTS,,,,,,,,,
General Election,,,,,,,,,,,,,,,,,,,
"November 5, 2024",,,,,,,,,,"Monongalia County, West Virginia",,,,,,,,,
PRECINCT 72,,,,,,,,,,,,,,,,,,,
,FOR SURVEYOR,,,,,,,,,,,,,,,,,,
,Vote For 1,,,,,,,,,,,,,,,,,,
,,,TOTAL,,VOTE %,,Election Day,,Early Vote,,,Absentee,,Canvass,,Absentee After ED,,Provisional,
REP BOB ANDRIOTTO,,2,,66.67%,,1,,0,,,1,,0,,0,,0,,
NO CANDIDATE(S) NOMINATED,,0,,0.00%,,0,,0,,,0,,0,,0,,0,,
NO CANDIDATE(S) NOMINATED,,0,,0.00%,,0,,0,,,0,,0,,0,,0,,
NO CANDIDATE(S) NOMINATED,,0,,0.00%,,0,,0,,,0,,0,,0,,0,,
Write-In Totals,,0,,0.00%,,0,,0,,,0,,0,,0,,0,,
Total Votes Cast,,2,,66.67%,,1,,0,,,1,,0,,0,,0,,
Overvotes,,0,,0.00%,,0,,0,,,0,,0,,0,,0,,
Undervotes,,1,,33.33%,,1,,0,,,0,,0,,0,,0,,
Contest Totals,,3,,100.00%,,2,,0,,,1,,0,,0,,0,,
,AMENDMENT NO. 1,,,,,,,,,,,,,,,,,,
,Vote For 1,,,,,,,,,,,,,,,,,,
,,,TOTAL,,VOTE %,,Election Day,,Early Vote,,,Absentee,,Canvass,,Absentee After ED,,Provisional,
For,,1,,33.33%,,1,,0,,,0,,0,,0,,0,,
Against,,2,,66.67%,,1,,0,,,1,,0,,0,,0,,
Total Votes Cast,,3,,100.00%,,2,,0,,,1,,0,,0,,0,,
Overvotes,,0,,0.00%,,0,,0,,,0,,0,,0,,0,,
Undervotes,,0,,0.00%,,0,,0,,,0,,0,,0,,0,,
Contest Totals,,3,,100.00%,,2,,0,,,1,,0,,0,,0,,
Precinct Summary - 11/12/2024     2:58 PM,,,,,,,,,,198,,,,,,,,, of 258
Report generated with Electionware Copyright © 2007-2019,,,,,,,,,,,,,,,,,,,
Summary Results Report,,,,,,,,,,OFFICIAL RESULTS,,,,,,,,,
General Election,,,,,,,,,,,,,,,,,,,
"November 5, 2024",,,,,,,,,,"Monongalia County, West Virginia",,,,,,,,,
PRECINCT 73,,,,,,,,,,,,,,,,,,,
Statistics,,TOTAL,,Election Day,,Early Vote,,Absentee,,,Canvass,,Absentee After ED,,Provisional,,,,
Registered Voters - Total,,154,,,,,,,,,,,,,,,,,
Ballots Cast - Total,,118,,36,,76,,6,,,0,,0,,0,,,,
Ballots Cast - Blank,,0,,0,,0,,0,,,0,,0,,0,,,,
Voter Turnout - Total,,76.62%,,,,,,,,,,,,,,,,,
,FOR PRESIDENT,,,,,,,,,,,,,,,,,,
,Vote For 1,,,,,,,,,,,,,,,,,,
,,,TOTAL,,VOTE %,,Election Day,,Early Vote,,,Absentee,,Canvass,,Absentee After ED,,Provisional,
REP DONALD J. TRUMP,,65,,55.08%,,25,,36,,,4,,0,,0,,0,,
DEM KAMALA D. HARRIS,,48,,40.68%,,10,,36,,,2,,0,,0,,0,,
LBN CHASE OLIVER,,0,,0.00%,,0,,0,,,0,,0,,0,,0,,
MTN JILL STEIN,,0,,0.00%,,0,,0,,,0,,0,,0,,0,,
IND ROBERT F. KENNEDY JR.,,3,,2.54%,,1,,2,,,0,,0,,0,,0,,
Write-In Totals,,1,,0.85%,,0,,1,,,0,,0,,0,,0,,
Total Votes Cast,,117,,99.15%,,36,,75,,,6,,0,,0,,0,,
Overvotes,,0,,0.00%,,0,,0,,,0,,0,,0,,0,,
Undervotes,,1,,0.85%,,0,,1,,,0,,0,,0,,0,,
Contest Totals,,118,,100.00%,,36,,76,,,6,,0,,0,,0,,
,FOR U.S. SENATOR,,,,,,,,,,,,,,,,,,
,Vote For 1,,,,,,,,,,,,,,,,,,
,,,TOTAL,,VOTE %,,Election Day,,Early Vote,,,Absentee,,Canvass,,Absentee After ED,,Provisional,
REP JIM JUSTICE,,69,,58.47%,,25,,40,,,4,,0,,0,,0,,
DEM GLENN ELLIOTT,,43,,36.44%,,10,,31,,,2,,0,,0,,0,,
LBN DAVID MORAN,,4,,3.39%,,0,,4,,,0,,0,,0,,0,,
NO CANDIDATE(S) NOMINATED,,0,,0.00%,,0,,0,,,0,,0,,0,,0,,
Write-In Totals,,0,,0.00%,,0,,0,,,0,,0,,0,,0,,
Total Votes Cast,,116,,98.31%,,35,,75,,,6,,0,,0,,0,,
Overvotes,,0,,0.00%,,0,,0,,,0,,0,,0,,0,,
Undervotes,,2,,1.69%,,1,,1,,,0,,0,,0,,0,,
Contest Totals,,118,,100.00%,,36,,76,,,6,,0,,0,,0,,
,FOR U.S. HOUSE OF REPS 2ND DIST,,,,,,,,,,,,,,,,,,
,Vote For 1,,,,,,,,,,,,,,,,,,
,,,TOTAL,,VOTE %,,Election Day,,Early Vote,,,Absentee,,Canvass,,Absentee After ED,,Provisional,
REP RILEY MOORE,,66,,55.93%,,24,,37,,,5,,0,,0,,0,,
DEM STEVEN WENDELIN,,48,,40.68%,,11,,36,,,1,,0,,0,,0,,
NO CANDIDATE(S) NOMINATED,,0,,0.00%,,0,,0,,,0,,0,,0,,0,,
NO CANDIDATE(S) NOMINATED,,0,,0.00%,,0,,0,,,0,,0,,0,,0,,
Write-In Totals,,0,,0.00%,,0,,0,,,0,,0,,0,,0,,
Total Votes Cast,,114,,96.61%,,35,,73,,,6,,0,,0,,0,,
Overvotes,,0,,0.00%,,0,,0,,,0,,0,,0,,0,,
Undervotes,,4,,3.39%,,1,,3,,,0,,0,,0,,0,,
Contest Totals,,118,,100.00%,,36,,76,,,6,,0,,0,,0,,
Precinct Summary - 11/12/2024     2:58 PM,,,,,,,,,,199,,,,,,,,, of 258
Report generated with Electionware Copyright © 2007-2019,,,,,,,,,,,,,,,,,,,
Summary Results Report,,,,,,,,,,OFFICIAL RESULTS,,,,,,,,,
General Election,,,,,,,,,,,,,,,,,,,
"November 5, 2024",,,,,,,,,,"Monongalia County, West Virginia",,,,,,,,,
PRECINCT 73,,,,,,,,,,,,,,,,,,,
,FOR GOVERNOR,,,,,,,,,,,,,,,,,,
,Vote For 1,,,,,,,,,,,,,,,,,,
,,,TOTAL,,VOTE %,,Election Day,,Early Vote,,,Absentee,,Canvass,,Absentee After ED,,Provisional,
REP PATRICK MORRISEY,,58,,49.15%,,19,,36,,,3,,0,,0,,0,,
DEM STEVE WILLIAMS,,51,,43.22%,,15,,33,,,3,,0,,0,,0,,
LBN ERIKA KLIE KOLENICH,,4,,3.39%,,1,,3,,,0,,0,,0,,0,,
MTN CHASE LINKO-LOOPER,,2,,1.69%,,0,,2,,,0,,0,,0,,0,,
CST S. MARSHALL WILSON,,0,,0.00%,,0,,0,,,0,,0,,0,,0,,
Write-In Totals,,0,,0.00%,,0,,0,,,0,,0,,0,,0,,
Total Votes Cast,,115,,97.46%,,35,,74,,,6,,0,,0,,0,,
Overvotes,,0,,0.00%,,0,,0,,,0,,0,,0,,0,,
Undervotes,,3,,2.54%,,1,,2,,,0,,0,,0,,0,,
Contest Totals,,118,,100.00%,,36,,76,,,6,,0,,0,,0,,
,FOR SECRETARY OF STATE,,,,,,,,,,,,,,,,,,
,Vote For 1,,,,,,,,,,,,,,,,,,
,,,TOTAL,,VOTE %,,Election Day,,Early Vote,,,Absentee,,Canvass,,Absentee After ED,,Provisional,
REP KRIS WARNER,,65,,55.08%,,23,,37,,,5,,0,,0,,0,,
DEM THORNTON COOPER,,48,,40.68%,,12,,35,,,1,,0,,0,,0,,
NO CANDIDATE(S) NOMINATED,,0,,0.00%,,0,,0,,,0,,0,,0,,0,,
NO CANDIDATE(S) NOMINATED,,0,,0.00%,,0,,0,,,0,,0,,0,,0,,
Write-In Totals,,0,,0.00%,,0,,0,,,0,,0,,0,,0,,
Total Votes Cast,,113,,95.76%,,35,,72,,,6,,0,,0,,0,,
Overvotes,,0,,0.00%,,0,,0,,,0,,0,,0,,0,,
Undervotes,,5,,4.24%,,1,,4,,,0,,0,,0,,0,,
Contest Totals,,118,,100.00%,,36,,76,,,6,,0,,0,,0,,
,FOR AUDITOR,,,,,,,,,,,,,,,,,,
,Vote For 1,,,,,,,,,,,,,,,,,,
,,,TOTAL,,VOTE %,,Election Day,,Early Vote,,,Absentee,,Canvass,,Absentee After ED,,Provisional,
REP MARK HUNT,,63,,53.39%,,22,,36,,,5,,0,,0,,0,,
DEM MARY ANN ROEBUCK CLAYTOR,,48,,40.68%,,12,,35,,,1,,0,,0,,0,,
NO CANDIDATE(S) NOMINATED,,0,,0.00%,,0,,0,,,0,,0,,0,,0,,
NO CANDIDATE(S) NOMINATED,,0,,0.00%,,0,,0,,,0,,0,,0,,0,,
Write-In Totals,,0,,0.00%,,0,,0,,,0,,0,,0,,0,,
Total Votes Cast,,111,,94.07%,,34,,71,,,6,,0,,0,,0,,
Overvotes,,0,,0.00%,,0,,0,,,0,,0,,0,,0,,
Undervotes,,7,,5.93%,,2,,5,,,0,,0,,0,,0,,
Contest Totals,,118,,100.00%,,36,,76,,,6,,0,,0,,0,,
Precinct Summary - 11/12/2024     2:58 PM,,,,,,,,,,200,,,,,,,,, of 258
Report generated with Electionware Copyright © 2007-2019,,,,,,,,,,,,,,,,,,,
Summary Results Report,,,,,,,,,,OFFICIAL RESULTS,,,,,,,,,
General Election,,,,,,,,,,,,,,,,,,,
"November 5, 2024",,,,,,,,,,"Monongalia County, West Virginia",,,,,,,,,
PRECINCT 73,,,,,,,,,,,,,,,,,,,
,FOR TREASURER,,,,,,,,,,,,,,,,,,
,Vote For 1,,,,,,,,,,,,,,,,,,
,,,TOTAL,,VOTE %,,Election Day,,Early Vote,,,Absentee,,Canvass,,Absentee After ED,,Provisional,
REP LARRY PACK,,90,,76.27%,,32,,52,,,6,,0,,0,,0,,
NO CANDIDATE(S) NOMINATED,,0,,0.00%,,0,,0,,,0,,0,,0,,0,,
NO CANDIDATE(S) NOMINATED,,0,,0.00%,,0,,0,,,0,,0,,0,,0,,
NO CANDIDATE(S) NOMINATED,,0,,0.00%,,0,,0,,,0,,0,,0,,0,,
Write-In Totals,,2,,1.69%,,0,,2,,,0,,0,,0,,0,,
Total Votes Cast,,92,,77.97%,,32,,54,,,6,,0,,0,,0,,
Overvotes,,0,,0.00%,,0,,0,,,0,,0,,0,,0,,
Undervotes,,26,,22.03%,,4,,22,,,0,,0,,0,,0,,
Contest Totals,,118,,100.00%,,36,,76,,,6,,0,,0,,0,,
,FOR COMMISSIONER OF AGRICULTURE,,,,,,,,,,,,,,,,,,
,Vote For 1,,,,,,,,,,,,,,,,,,
,,,TOTAL,,VOTE %,,Election Day,,Early Vote,,,Absentee,,Canvass,,Absentee After ED,,Provisional,
REP KENT LEONHARDT,,65,,55.08%,,24,,36,,,5,,0,,0,,0,,
DEM DEBORAH STILES,,46,,38.98%,,10,,35,,,1,,0,,0,,0,,
NO CANDIDATE(S) NOMINATED,,0,,0.00%,,0,,0,,,0,,0,,0,,0,,
NO CANDIDATE(S) NOMINATED,,0,,0.00%,,0,,0,,,0,,0,,0,,0,,
Write-In Totals,,0,,0.00%,,0,,0,,,0,,0,,0,,0,,
Total Votes Cast,,111,,94.07%,,34,,71,,,6,,0,,0,,0,,
Overvotes,,0,,0.00%,,0,,0,,,0,,0,,0,,0,,
Undervotes,,7,,5.93%,,2,,5,,,0,,0,,0,,0,,
Contest Totals,,118,,100.00%,,36,,76,,,6,,0,,0,,0,,
,FOR ATTORNEY GENERAL,,,,,,,,,,,,,,,,,,
,Vote For 1,,,,,,,,,,,,,,,,,,
,,,TOTAL,,VOTE %,,Election Day,,Early Vote,,,Absentee,,Canvass,,Absentee After ED,,Provisional,
"REP JOHN ""JB"" McCUSKEY",,60,,50.85%,,21,,35,,,4,,0,,0,,0,,
DEM TERESA TORISEVA,,52,,44.07%,,13,,37,,,2,,0,,0,,0,,
NO CANDIDATE(S) NOMINATED,,0,,0.00%,,0,,0,,,0,,0,,0,,0,,
NO CANDIDATE(S) NOMINATED,,0,,0.00%,,0,,0,,,0,,0,,0,,0,,
Write-In Totals,,0,,0.00%,,0,,0,,,0,,0,,0,,0,,
Total Votes Cast,,112,,94.92%,,34,,72,,,6,,0,,0,,0,,
Overvotes,,0,,0.00%,,0,,0,,,0,,0,,0,,0,,
Undervotes,,6,,5.08%,,2,,4,,,0,,0,,0,,0,,
Contest Totals,,118,,100.00%,,36,,76,,,6,,0,,0,,0,,
Precinct Summary - 11/12/2024     2:58 PM,,,,,,,,,,201,,,,,,,,, of 258
Report generated with Electionware Copyright © 2007-2019,,,,,,,,,,,,,,,,,,,
Summary Results Report,,,,,,,,,,OFFICIAL RESULTS,,,,,,,,,
General Election,,,,,,,,,,,,,,,,,,,
"November 5, 2024",,,,,,,,,,"Monongalia County, West Virginia",,,,,,,,,
PRECINCT 73,,,,,,,,,,,,,,,,,,,
,FOR STATE SENATOR 2ND DISTRICT,,,,,,,,,,,,,,,,,,
,Vote For 1,,,,,,,,,,,,,,,,,,
,,,TOTAL,,VOTE %,,Election Day,,Early Vote,,,Absentee,,Canvass,,Absentee After ED,,Provisional,
REP CHRIS ROSE,,84,,71.19%,,29,,49,,,6,,0,,0,,0,,
NO CANDIDATE(S) NOMINATED,,0,,0.00%,,0,,0,,,0,,0,,0,,0,,
NO CANDIDATE(S) NOMINATED,,0,,0.00%,,0,,0,,,0,,0,,0,,0,,
NO CANDIDATE(S) NOMINATED,,0,,0.00%,,0,,0,,,0,,0,,0,,0,,
Write-In Totals,,1,,0.85%,,0,,1,,,0,,0,,0,,0,,
Total Votes Cast,,85,,72.03%,,29,,50,,,6,,0,,0,,0,,
Overvotes,,0,,0.00%,,0,,0,,,0,,0,,0,,0,,
Undervotes,,33,,27.97%,,7,,26,,,0,,0,,0,,0,,
Contest Totals,,118,,100.00%,,36,,76,,,6,,0,,0,,0,,
,FOR MEMBER OF HOUSE OF DELEGATES 77TH DISTRICT,,,,,,,,,,,,,,,,,,
,Vote For 1,,,,,,,,,,,,,,,,,,
,,,TOTAL,,VOTE %,,Election Day,,Early Vote,,,Absentee,,Canvass,,Absentee After ED,,Provisional,
REP JOE STATLER,,87,,73.73%,,31,,50,,,6,,0,,0,,0,,
NO CANDIDATE(S) NOMINATED,,0,,0.00%,,0,,0,,,0,,0,,0,,0,,
NO CANDIDATE(S) NOMINATED,,0,,0.00%,,0,,0,,,0,,0,,0,,0,,
NO CANDIDATE(S) NOMINATED,,0,,0.00%,,0,,0,,,0,,0,,0,,0,,
Write-In Totals,,1,,0.85%,,0,,1,,,0,,0,,0,,0,,
Total Votes Cast,,88,,74.58%,,31,,51,,,6,,0,,0,,0,,
Overvotes,,0,,0.00%,,0,,0,,,0,,0,,0,,0,,
Undervotes,,30,,25.42%,,5,,25,,,0,,0,,0,,0,,
Contest Totals,,118,,100.00%,,36,,76,,,6,,0,,0,,0,,
,FOR COUNTY COMMISSIONER,,,,,,,,,,,,,,,,,,
,Vote For 1,,,,,,,,,,,,,,,,,,
,,,TOTAL,,VOTE %,,Election Day,,Early Vote,,,Absentee,,Canvass,,Absentee After ED,,Provisional,
REP MARYANN (BABICH) FOLZ,,51,,43.22%,,19,,31,,,1,,0,,0,,0,,
DEM TOM  BLOOM,,62,,52.54%,,16,,41,,,5,,0,,0,,0,,
NO CANDIDATE(S) NOMINATED,,0,,0.00%,,0,,0,,,0,,0,,0,,0,,
NO CANDIDATE(S) NOMINATED,,0,,0.00%,,0,,0,,,0,,0,,0,,0,,
Write-In Totals,,0,,0.00%,,0,,0,,,0,,0,,0,,0,,
Total Votes Cast,,113,,95.76%,,35,,72,,,6,,0,,0,,0,,
Overvotes,,0,,0.00%,,0,,0,,,0,,0,,0,,0,,
Undervotes,,5,,4.24%,,1,,4,,,0,,0,,0,,0,,
Contest Totals,,118,,100.00%,,36,,76,,,6,,0,,0,,0,,
Precinct Summary - 11/12/2024     2:58 PM,,,,,,,,,,202,,,,,,,,, of 258
Report generated with Electionware Copyright © 2007-2019,,,,,,,,,,,,,,,,,,,
Summary Results Report,,,,,,,,,,OFFICIAL RESULTS,,,,,,,,,
General Election,,,,,,,,,,,,,,,,,,,
"November 5, 2024",,,,,,,,,,"Monongalia County, West Virginia",,,,,,,,,
PRECINCT 73,,,,,,,,,,,,,,,,,,,
,FOR PROSECUTING ATTORNEY,,,,,,,,,,,,,,,,,,
,Vote For 1,,,,,,,,,,,,,,,,,,
,,,TOTAL,,VOTE %,,Election Day,,Early Vote,,,Absentee,,Canvass,,Absentee After ED,,Provisional,
NO CANDIDATE(S) NOMINATED,,0,,0.00%,,0,,0,,,0,,0,,0,,0,,
"DEM GABRIELLE ""GABE"" MUCCIOLA",,79,,66.95%,,21,,53,,,5,,0,,0,,0,,
NO CANDIDATE(S) NOMINATED,,0,,0.00%,,0,,0,,,0,,0,,0,,0,,
NO CANDIDATE(S) NOMINATED,,0,,0.00%,,0,,0,,,0,,0,,0,,0,,
Write-In Totals,,1,,0.85%,,1,,0,,,0,,0,,0,,0,,
Total Votes Cast,,80,,67.80%,,22,,53,,,5,,0,,0,,0,,
Overvotes,,0,,0.00%,,0,,0,,,0,,0,,0,,0,,
Undervotes,,38,,32.20%,,14,,23,,,1,,0,,0,,0,,
Contest Totals,,118,,100.00%,,36,,76,,,6,,0,,0,,0,,
,FOR SHERIFF,,,,,,,,,,,,,,,,,,
,Vote For 1,,,,,,,,,,,,,,,,,,
,,,TOTAL,,VOTE %,,Election Day,,Early Vote,,,Absentee,,Canvass,,Absentee After ED,,Provisional,
REP JASON MORGAN,,55,,46.61%,,19,,32,,,4,,0,,0,,0,,
DEM TODD FORBES,,55,,46.61%,,15,,38,,,2,,0,,0,,0,,
NO CANDIDATE(S) NOMINATED,,0,,0.00%,,0,,0,,,0,,0,,0,,0,,
NO CANDIDATE(S) NOMINATED,,0,,0.00%,,0,,0,,,0,,0,,0,,0,,
Write-In Totals,,0,,0.00%,,0,,0,,,0,,0,,0,,0,,
Total Votes Cast,,110,,93.22%,,34,,70,,,6,,0,,0,,0,,
Overvotes,,0,,0.00%,,0,,0,,,0,,0,,0,,0,,
Undervotes,,8,,6.78%,,2,,6,,,0,,0,,0,,0,,
Contest Totals,,118,,100.00%,,36,,76,,,6,,0,,0,,0,,
,FOR ASSESSOR,,,,,,,,,,,,,,,,,,
,Vote For 1,,,,,,,,,,,,,,,,,,
,,,TOTAL,,VOTE %,,Election Day,,Early Vote,,,Absentee,,Canvass,,Absentee After ED,,Provisional,
REP RICH JACOBS,,56,,47.46%,,20,,32,,,4,,0,,0,,0,,
DEM MARK A. MUSICK,,57,,48.31%,,15,,40,,,2,,0,,0,,0,,
NO CANDIDATE(S) NOMINATED,,0,,0.00%,,0,,0,,,0,,0,,0,,0,,
NO CANDIDATE(S) NOMINATED,,0,,0.00%,,0,,0,,,0,,0,,0,,0,,
Write-In Totals,,0,,0.00%,,0,,0,,,0,,0,,0,,0,,
Total Votes Cast,,113,,95.76%,,35,,72,,,6,,0,,0,,0,,
Overvotes,,0,,0.00%,,0,,0,,,0,,0,,0,,0,,
Undervotes,,5,,4.24%,,1,,4,,,0,,0,,0,,0,,
Contest Totals,,118,,100.00%,,36,,76,,,6,,0,,0,,0,,
Precinct Summary - 11/12/2024     2:58 PM,,,,,,,,,,203,,,,,,,,, of 258
Report generated with Electionware Copyright © 2007-2019,,,,,,,,,,,,,,,,,,,
Summary Results Report,,,,,,,,,,OFFICIAL RESULTS,,,,,,,,,
General Election,,,,,,,,,,,,,,,,,,,
"November 5, 2024",,,,,,,,,,"Monongalia County, West Virginia",,,,,,,,,
PRECINCT 73,,,,,,,,,,,,,,,,,,,
,FOR SURVEYOR,,,,,,,,,,,,,,,,,,
,Vote For 1,,,,,,,,,,,,,,,,,,
,,,TOTAL,,VOTE %,,Election Day,,Early Vote,,,Absentee,,Canvass,,Absentee After ED,,Provisional,
REP BOB ANDRIOTTO,,86,,72.88%,,31,,49,,,6,,0,,0,,0,,
NO CANDIDATE(S) NOMINATED,,0,,0.00%,,0,,0,,,0,,0,,0,,0,,
NO CANDIDATE(S) NOMINATED,,0,,0.00%,,0,,0,,,0,,0,,0,,0,,
NO CANDIDATE(S) NOMINATED,,0,,0.00%,,0,,0,,,0,,0,,0,,0,,
Write-In Totals,,1,,0.85%,,0,,1,,,0,,0,,0,,0,,
Total Votes Cast,,87,,73.73%,,31,,50,,,6,,0,,0,,0,,
Overvotes,,0,,0.00%,,0,,0,,,0,,0,,0,,0,,
Undervotes,,31,,26.27%,,5,,26,,,0,,0,,0,,0,,
Contest Totals,,118,,100.00%,,36,,76,,,6,,0,,0,,0,,
,AMENDMENT NO. 1,,,,,,,,,,,,,,,,,,
,Vote For 1,,,,,,,,,,,,,,,,,,
,,,TOTAL,,VOTE %,,Election Day,,Early Vote,,,Absentee,,Canvass,,Absentee After ED,,Provisional,
For,,44,,37.29%,,17,,23,,,4,,0,,0,,0,,
Against,,59,,50.00%,,13,,45,,,1,,0,,0,,0,,
Total Votes Cast,,103,,87.29%,,30,,68,,,5,,0,,0,,0,,
Overvotes,,0,,0.00%,,0,,0,,,0,,0,,0,,0,,
Undervotes,,15,,12.71%,,6,,8,,,1,,0,,0,,0,,
Contest Totals,,118,,100.00%,,36,,76,,,6,,0,,0,,0,,
Precinct Summary - 11/12/2024     2:58 PM,,,,,,,,,,204,,,,,,,,, of 258
Report generated with Electionware Copyright © 2007-2019,,,,,,,,,,,,,,,,,,,
Summary Results Report,,,,,,,,,,OFFICIAL RESULTS,,,,,,,,,
General Election,,,,,,,,,,,,,,,,,,,
"November 5, 2024",,,,,,,,,,"Monongalia County, West Virginia",,,,,,,,,
PRECINCT 74,,,,,,,,,,,,,,,,,,,
Statistics,,TOTAL,,Election Day,,Early Vote,,Absentee,,,Canvass,,Absentee After ED,,Provisional,,,,
Registered Voters - Total,,743,,,,,,,,,,,,,,,,,
Ballots Cast - Total,,361,,219,,138,,2,,,0,,2,,0,,,,
Ballots Cast - Blank,,0,,0,,0,,0,,,0,,0,,0,,,,
Voter Turnout - Total,,48.59%,,,,,,,,,,,,,,,,,
,FOR PRESIDENT,,,,,,,,,,,,,,,,,,
,Vote For 1,,,,,,,,,,,,,,,,,,
,,,TOTAL,,VOTE %,,Election Day,,Early Vote,,,Absentee,,Canvass,,Absentee After ED,,Provisional,
REP DONALD J. TRUMP,,192,,53.19%,,123,,68,,,0,,0,,1,,0,,
DEM KAMALA D. HARRIS,,158,,43.77%,,91,,64,,,2,,0,,1,,0,,
LBN CHASE OLIVER,,5,,1.38%,,1,,4,,,0,,0,,0,,0,,
MTN JILL STEIN,,0,,0.00%,,0,,0,,,0,,0,,0,,0,,
IND ROBERT F. KENNEDY JR.,,3,,0.83%,,3,,0,,,0,,0,,0,,0,,
Write-In Totals,,0,,0.00%,,0,,0,,,0,,0,,0,,0,,
Total Votes Cast,,358,,99.17%,,218,,136,,,2,,0,,2,,0,,
Overvotes,,0,,0.00%,,0,,0,,,0,,0,,0,,0,,
Undervotes,,3,,0.83%,,1,,2,,,0,,0,,0,,0,,
Contest Totals,,361,,100.00%,,219,,138,,,2,,0,,2,,0,,
,FOR U.S. SENATOR,,,,,,,,,,,,,,,,,,
,Vote For 1,,,,,,,,,,,,,,,,,,
,,,TOTAL,,VOTE %,,Election Day,,Early Vote,,,Absentee,,Canvass,,Absentee After ED,,Provisional,
REP JIM JUSTICE,,176,,48.75%,,115,,60,,,0,,0,,1,,0,,
DEM GLENN ELLIOTT,,151,,41.83%,,86,,62,,,2,,0,,1,,0,,
LBN DAVID MORAN,,18,,4.99%,,8,,10,,,0,,0,,0,,0,,
NO CANDIDATE(S) NOMINATED,,0,,0.00%,,0,,0,,,0,,0,,0,,0,,
Write-In Totals,,1,,0.28%,,0,,1,,,0,,0,,0,,0,,
Total Votes Cast,,346,,95.84%,,209,,133,,,2,,0,,2,,0,,
Overvotes,,0,,0.00%,,0,,0,,,0,,0,,0,,0,,
Undervotes,,15,,4.16%,,10,,5,,,0,,0,,0,,0,,
Contest Totals,,361,,100.00%,,219,,138,,,2,,0,,2,,0,,
,FOR U.S. HOUSE OF REPS 2ND DIST,,,,,,,,,,,,,,,,,,
,Vote For 1,,,,,,,,,,,,,,,,,,
,,,TOTAL,,VOTE %,,Election Day,,Early Vote,,,Absentee,,Canvass,,Absentee After ED,,Provisional,
REP RILEY MOORE,,181,,50.14%,,114,,66,,,0,,0,,1,,0,,
DEM STEVEN WENDELIN,,151,,41.83%,,86,,62,,,2,,0,,1,,0,,
NO CANDIDATE(S) NOMINATED,,0,,0.00%,,0,,0,,,0,,0,,0,,0,,
NO CANDIDATE(S) NOMINATED,,0,,0.00%,,0,,0,,,0,,0,,0,,0,,
Write-In Totals,,3,,0.83%,,2,,1,,,0,,0,,0,,0,,
Total Votes Cast,,335,,92.80%,,202,,129,,,2,,0,,2,,0,,
Overvotes,,0,,0.00%,,0,,0,,,0,,0,,0,,0,,
Undervotes,,26,,7.20%,,17,,9,,,0,,0,,0,,0,,
Contest Totals,,361,,100.00%,,219,,138,,,2,,0,,2,,0,,
Precinct Summary - 11/12/2024     2:58 PM,,,,,,,,,,205,,,,,,,,, of 258
Report generated with Electionware Copyright © 2007-2019,,,,,,,,,,,,,,,,,,,
Summary Results Report,,,,,,,,,,OFFICIAL RESULTS,,,,,,,,,
General Election,,,,,,,,,,,,,,,,,,,
"November 5, 2024",,,,,,,,,,"Monongalia County, West Virginia",,,,,,,,,
PRECINCT 74,,,,,,,,,,,,,,,,,,,
,FOR GOVERNOR,,,,,,,,,,,,,,,,,,
,Vote For 1,,,,,,,,,,,,,,,,,,
,,,TOTAL,,VOTE %,,Election Day,,Early Vote,,,Absentee,,Canvass,,Absentee After ED,,Provisional,
REP PATRICK MORRISEY,,163,,45.15%,,101,,61,,,0,,0,,1,,0,,
DEM STEVE WILLIAMS,,157,,43.49%,,92,,62,,,2,,0,,1,,0,,
LBN ERIKA KLIE KOLENICH,,14,,3.88%,,9,,5,,,0,,0,,0,,0,,
MTN CHASE LINKO-LOOPER,,2,,0.55%,,2,,0,,,0,,0,,0,,0,,
CST S. MARSHALL WILSON,,5,,1.38%,,3,,2,,,0,,0,,0,,0,,
Write-In Totals,,1,,0.28%,,0,,1,,,0,,0,,0,,0,,
Total Votes Cast,,342,,94.74%,,207,,131,,,2,,0,,2,,0,,
Overvotes,,0,,0.00%,,0,,0,,,0,,0,,0,,0,,
Undervotes,,19,,5.26%,,12,,7,,,0,,0,,0,,0,,
Contest Totals,,361,,100.00%,,219,,138,,,2,,0,,2,,0,,
,FOR SECRETARY OF STATE,,,,,,,,,,,,,,,,,,
,Vote For 1,,,,,,,,,,,,,,,,,,
,,,TOTAL,,VOTE %,,Election Day,,Early Vote,,,Absentee,,Canvass,,Absentee After ED,,Provisional,
REP KRIS WARNER,,182,,50.42%,,113,,68,,,0,,0,,1,,0,,
DEM THORNTON COOPER,,152,,42.11%,,87,,62,,,2,,0,,1,,0,,
NO CANDIDATE(S) NOMINATED,,0,,0.00%,,0,,0,,,0,,0,,0,,0,,
NO CANDIDATE(S) NOMINATED,,0,,0.00%,,0,,0,,,0,,0,,0,,0,,
Write-In Totals,,1,,0.28%,,0,,1,,,0,,0,,0,,0,,
Total Votes Cast,,335,,92.80%,,200,,131,,,2,,0,,2,,0,,
Overvotes,,0,,0.00%,,0,,0,,,0,,0,,0,,0,,
Undervotes,,26,,7.20%,,19,,7,,,0,,0,,0,,0,,
Contest Totals,,361,,100.00%,,219,,138,,,2,,0,,2,,0,,
,FOR AUDITOR,,,,,,,,,,,,,,,,,,
,Vote For 1,,,,,,,,,,,,,,,,,,
,,,TOTAL,,VOTE %,,Election Day,,Early Vote,,,Absentee,,Canvass,,Absentee After ED,,Provisional,
REP MARK HUNT,,176,,48.75%,,111,,64,,,0,,0,,1,,0,,
DEM MARY ANN ROEBUCK CLAYTOR,,153,,42.38%,,90,,60,,,2,,0,,1,,0,,
NO CANDIDATE(S) NOMINATED,,0,,0.00%,,0,,0,,,0,,0,,0,,0,,
NO CANDIDATE(S) NOMINATED,,0,,0.00%,,0,,0,,,0,,0,,0,,0,,
Write-In Totals,,1,,0.28%,,0,,1,,,0,,0,,0,,0,,
Total Votes Cast,,330,,91.41%,,201,,125,,,2,,0,,2,,0,,
Overvotes,,0,,0.00%,,0,,0,,,0,,0,,0,,0,,
Undervotes,,31,,8.59%,,18,,13,,,0,,0,,0,,0,,
Contest Totals,,361,,100.00%,,219,,138,,,2,,0,,2,,0,,
Precinct Summary - 11/12/2024     2:58 PM,,,,,,,,,,206,,,,,,,,, of 258
Report generated with Electionware Copyright © 2007-2019,,,,,,,,,,,,,,,,,,,
Summary Results Report,,,,,,,,,,OFFICIAL RESULTS,,,,,,,,,
General Election,,,,,,,,,,,,,,,,,,,
"November 5, 2024",,,,,,,,,,"Monongalia County, West Virginia",,,,,,,,,
PRECINCT 74,,,,,,,,,,,,,,,,,,,
,FOR TREASURER,,,,,,,,,,,,,,,,,,
,Vote For 1,,,,,,,,,,,,,,,,,,
,,,TOTAL,,VOTE %,,Election Day,,Early Vote,,,Absentee,,Canvass,,Absentee After ED,,Provisional,
REP LARRY PACK,,276,,76.45%,,176,,97,,,1,,0,,2,,0,,
NO CANDIDATE(S) NOMINATED,,0,,0.00%,,0,,0,,,0,,0,,0,,0,,
NO CANDIDATE(S) NOMINATED,,0,,0.00%,,0,,0,,,0,,0,,0,,0,,
NO CANDIDATE(S) NOMINATED,,0,,0.00%,,0,,0,,,0,,0,,0,,0,,
Write-In Totals,,8,,2.22%,,3,,5,,,0,,0,,0,,0,,
Total Votes Cast,,284,,78.67%,,179,,102,,,1,,0,,2,,0,,
Overvotes,,0,,0.00%,,0,,0,,,0,,0,,0,,0,,
Undervotes,,77,,21.33%,,40,,36,,,1,,0,,0,,0,,
Contest Totals,,361,,100.00%,,219,,138,,,2,,0,,2,,0,,
,FOR COMMISSIONER OF AGRICULTURE,,,,,,,,,,,,,,,,,,
,Vote For 1,,,,,,,,,,,,,,,,,,
,,,TOTAL,,VOTE %,,Election Day,,Early Vote,,,Absentee,,Canvass,,Absentee After ED,,Provisional,
REP KENT LEONHARDT,,185,,51.25%,,119,,65,,,0,,0,,1,,0,,
DEM DEBORAH STILES,,145,,40.17%,,80,,62,,,2,,0,,1,,0,,
NO CANDIDATE(S) NOMINATED,,0,,0.00%,,0,,0,,,0,,0,,0,,0,,
NO CANDIDATE(S) NOMINATED,,0,,0.00%,,0,,0,,,0,,0,,0,,0,,
Write-In Totals,,1,,0.28%,,0,,1,,,0,,0,,0,,0,,
Total Votes Cast,,331,,91.69%,,199,,128,,,2,,0,,2,,0,,
Overvotes,,0,,0.00%,,0,,0,,,0,,0,,0,,0,,
Undervotes,,30,,8.31%,,20,,10,,,0,,0,,0,,0,,
Contest Totals,,361,,100.00%,,219,,138,,,2,,0,,2,,0,,
,FOR ATTORNEY GENERAL,,,,,,,,,,,,,,,,,,
,Vote For 1,,,,,,,,,,,,,,,,,,
,,,TOTAL,,VOTE %,,Election Day,,Early Vote,,,Absentee,,Canvass,,Absentee After ED,,Provisional,
"REP JOHN ""JB"" McCUSKEY",,166,,45.98%,,104,,61,,,0,,0,,1,,0,,
DEM TERESA TORISEVA,,164,,45.43%,,95,,66,,,2,,0,,1,,0,,
NO CANDIDATE(S) NOMINATED,,0,,0.00%,,0,,0,,,0,,0,,0,,0,,
NO CANDIDATE(S) NOMINATED,,0,,0.00%,,0,,0,,,0,,0,,0,,0,,
Write-In Totals,,1,,0.28%,,0,,1,,,0,,0,,0,,0,,
Total Votes Cast,,331,,91.69%,,199,,128,,,2,,0,,2,,0,,
Overvotes,,0,,0.00%,,0,,0,,,0,,0,,0,,0,,
Undervotes,,30,,8.31%,,20,,10,,,0,,0,,0,,0,,
Contest Totals,,361,,100.00%,,219,,138,,,2,,0,,2,,0,,
Precinct Summary - 11/12/2024     2:58 PM,,,,,,,,,,207,,,,,,,,, of 258
Report generated with Electionware Copyright © 2007-2019,,,,,,,,,,,,,,,,,,,
Summary Results Report,,,,,,,,,,OFFICIAL RESULTS,,,,,,,,,
General Election,,,,,,,,,,,,,,,,,,,
"November 5, 2024",,,,,,,,,,"Monongalia County, West Virginia",,,,,,,,,
PRECINCT 74,,,,,,,,,,,,,,,,,,,
,FOR STATE SENATOR 13TH DISTRICT,,,,,,,,,,,,,,,,,,
,Vote For 1,,,,,,,,,,,,,,,,,,
,,,TOTAL,,VOTE %,,Election Day,,Early Vote,,,Absentee,,Canvass,,Absentee After ED,,Provisional,
REP REBECCA POLIS,,164,,45.43%,,107,,56,,,0,,0,,1,,0,,
DEM JOEY GARCIA,,171,,47.37%,,95,,73,,,2,,0,,1,,0,,
NO CANDIDATE(S) NOMINATED,,0,,0.00%,,0,,0,,,0,,0,,0,,0,,
NO CANDIDATE(S) NOMINATED,,0,,0.00%,,0,,0,,,0,,0,,0,,0,,
Write-In Totals,,0,,0.00%,,0,,0,,,0,,0,,0,,0,,
Total Votes Cast,,335,,92.80%,,202,,129,,,2,,0,,2,,0,,
Overvotes,,0,,0.00%,,0,,0,,,0,,0,,0,,0,,
Undervotes,,26,,7.20%,,17,,9,,,0,,0,,0,,0,,
Contest Totals,,361,,100.00%,,219,,138,,,2,,0,,2,,0,,
,FOR MEMBER OF HOUSE OF DELEGATES 80TH DISTRICT,,,,,,,,,,,,,,,,,,
,Vote For 1,,,,,,,,,,,,,,,,,,
,,,TOTAL,,VOTE %,,Election Day,,Early Vote,,,Absentee,,Canvass,,Absentee After ED,,Provisional,
REP SUMMER D.  HARTLEY,,175,,48.48%,,112,,62,,,0,,0,,1,,0,,
DEM JOHN WILLIAMS,,164,,45.43%,,94,,67,,,2,,0,,1,,0,,
NO CANDIDATE(S) NOMINATED,,0,,0.00%,,0,,0,,,0,,0,,0,,0,,
NO CANDIDATE(S) NOMINATED,,0,,0.00%,,0,,0,,,0,,0,,0,,0,,
Write-In Totals,,0,,0.00%,,0,,0,,,0,,0,,0,,0,,
Total Votes Cast,,339,,93.91%,,206,,129,,,2,,0,,2,,0,,
Overvotes,,0,,0.00%,,0,,0,,,0,,0,,0,,0,,
Undervotes,,22,,6.09%,,13,,9,,,0,,0,,0,,0,,
Contest Totals,,361,,100.00%,,219,,138,,,2,,0,,2,,0,,
,FOR COUNTY COMMISSIONER,,,,,,,,,,,,,,,,,,
,Vote For 1,,,,,,,,,,,,,,,,,,
,,,TOTAL,,VOTE %,,Election Day,,Early Vote,,,Absentee,,Canvass,,Absentee After ED,,Provisional,
REP MARYANN (BABICH) FOLZ,,156,,43.21%,,96,,58,,,1,,0,,1,,0,,
DEM TOM  BLOOM,,177,,49.03%,,107,,68,,,1,,0,,1,,0,,
NO CANDIDATE(S) NOMINATED,,0,,0.00%,,0,,0,,,0,,0,,0,,0,,
NO CANDIDATE(S) NOMINATED,,0,,0.00%,,0,,0,,,0,,0,,0,,0,,
Write-In Totals,,0,,0.00%,,0,,0,,,0,,0,,0,,0,,
Total Votes Cast,,333,,92.24%,,203,,126,,,2,,0,,2,,0,,
Overvotes,,0,,0.00%,,0,,0,,,0,,0,,0,,0,,
Undervotes,,28,,7.76%,,16,,12,,,0,,0,,0,,0,,
Contest Totals,,361,,100.00%,,219,,138,,,2,,0,,2,,0,,
Precinct Summary - 11/12/2024     2:58 PM,,,,,,,,,,208,,,,,,,,, of 258
Report generated with Electionware Copyright © 2007-2019,,,,,,,,,,,,,,,,,,,
Summary Results Report,,,,,,,,,,OFFICIAL RESULTS,,,,,,,,,
General Election,,,,,,,,,,,,,,,,,,,
"November 5, 2024",,,,,,,,,,"Monongalia County, West Virginia",,,,,,,,,
PRECINCT 74,,,,,,,,,,,,,,,,,,,
,FOR PROSECUTING ATTORNEY,,,,,,,,,,,,,,,,,,
,Vote For 1,,,,,,,,,,,,,,,,,,
,,,TOTAL,,VOTE %,,Election Day,,Early Vote,,,Absentee,,Canvass,,Absentee After ED,,Provisional,
NO CANDIDATE(S) NOMINATED,,0,,0.00%,,0,,0,,,0,,0,,0,,0,,
"DEM GABRIELLE ""GABE"" MUCCIOLA",,261,,72.30%,,166,,92,,,2,,0,,1,,0,,
NO CANDIDATE(S) NOMINATED,,0,,0.00%,,0,,0,,,0,,0,,0,,0,,
NO CANDIDATE(S) NOMINATED,,0,,0.00%,,0,,0,,,0,,0,,0,,0,,
Write-In Totals,,4,,1.11%,,0,,4,,,0,,0,,0,,0,,
Total Votes Cast,,265,,73.41%,,166,,96,,,2,,0,,1,,0,,
Overvotes,,0,,0.00%,,0,,0,,,0,,0,,0,,0,,
Undervotes,,96,,26.59%,,53,,42,,,0,,0,,1,,0,,
Contest Totals,,361,,100.00%,,219,,138,,,2,,0,,2,,0,,
,FOR SHERIFF,,,,,,,,,,,,,,,,,,
,Vote For 1,,,,,,,,,,,,,,,,,,
,,,TOTAL,,VOTE %,,Election Day,,Early Vote,,,Absentee,,Canvass,,Absentee After ED,,Provisional,
REP JASON MORGAN,,176,,48.75%,,110,,65,,,0,,0,,1,,0,,
DEM TODD FORBES,,166,,45.98%,,97,,66,,,2,,0,,1,,0,,
NO CANDIDATE(S) NOMINATED,,0,,0.00%,,0,,0,,,0,,0,,0,,0,,
NO CANDIDATE(S) NOMINATED,,0,,0.00%,,0,,0,,,0,,0,,0,,0,,
Write-In Totals,,1,,0.28%,,0,,1,,,0,,0,,0,,0,,
Total Votes Cast,,343,,95.01%,,207,,132,,,2,,0,,2,,0,,
Overvotes,,0,,0.00%,,0,,0,,,0,,0,,0,,0,,
Undervotes,,18,,4.99%,,12,,6,,,0,,0,,0,,0,,
Contest Totals,,361,,100.00%,,219,,138,,,2,,0,,2,,0,,
,FOR ASSESSOR,,,,,,,,,,,,,,,,,,
,Vote For 1,,,,,,,,,,,,,,,,,,
,,,TOTAL,,VOTE %,,Election Day,,Early Vote,,,Absentee,,Canvass,,Absentee After ED,,Provisional,
REP RICH JACOBS,,130,,36.01%,,76,,53,,,0,,0,,1,,0,,
DEM MARK A. MUSICK,,206,,57.06%,,126,,77,,,2,,0,,1,,0,,
NO CANDIDATE(S) NOMINATED,,0,,0.00%,,0,,0,,,0,,0,,0,,0,,
NO CANDIDATE(S) NOMINATED,,0,,0.00%,,0,,0,,,0,,0,,0,,0,,
Write-In Totals,,0,,0.00%,,0,,0,,,0,,0,,0,,0,,
Total Votes Cast,,336,,93.07%,,202,,130,,,2,,0,,2,,0,,
Overvotes,,0,,0.00%,,0,,0,,,0,,0,,0,,0,,
Undervotes,,25,,6.93%,,17,,8,,,0,,0,,0,,0,,
Contest Totals,,361,,100.00%,,219,,138,,,2,,0,,2,,0,,
Precinct Summary - 11/12/2024     2:58 PM,,,,,,,,,,209,,,,,,,,, of 258
Report generated with Electionware Copyright © 2007-2019,,,,,,,,,,,,,,,,,,,
Summary Results Report,,,,,,,,,,OFFICIAL RESULTS,,,,,,,,,
General Election,,,,,,,,,,,,,,,,,,,
"November 5, 2024",,,,,,,,,,"Monongalia County, West Virginia",,,,,,,,,
PRECINCT 74,,,,,,,,,,,,,,,,,,,
,FOR SURVEYOR,,,,,,,,,,,,,,,,,,
,Vote For 1,,,,,,,,,,,,,,,,,,
,,,TOTAL,,VOTE %,,Election Day,,Early Vote,,,Absentee,,Canvass,,Absentee After ED,,Provisional,
REP BOB ANDRIOTTO,,277,,76.73%,,174,,100,,,1,,0,,2,,0,,
NO CANDIDATE(S) NOMINATED,,0,,0.00%,,0,,0,,,0,,0,,0,,0,,
NO CANDIDATE(S) NOMINATED,,0,,0.00%,,0,,0,,,0,,0,,0,,0,,
NO CANDIDATE(S) NOMINATED,,0,,0.00%,,0,,0,,,0,,0,,0,,0,,
Write-In Totals,,5,,1.38%,,2,,3,,,0,,0,,0,,0,,
Total Votes Cast,,282,,78.12%,,176,,103,,,1,,0,,2,,0,,
Overvotes,,0,,0.00%,,0,,0,,,0,,0,,0,,0,,
Undervotes,,79,,21.88%,,43,,35,,,1,,0,,0,,0,,
Contest Totals,,361,,100.00%,,219,,138,,,2,,0,,2,,0,,
,AMENDMENT NO. 1,,,,,,,,,,,,,,,,,,
,Vote For 1,,,,,,,,,,,,,,,,,,
,,,TOTAL,,VOTE %,,Election Day,,Early Vote,,,Absentee,,Canvass,,Absentee After ED,,Provisional,
For,,128,,35.46%,,76,,50,,,0,,0,,2,,0,,
Against,,191,,52.91%,,116,,73,,,2,,0,,0,,0,,
Total Votes Cast,,319,,88.37%,,192,,123,,,2,,0,,2,,0,,
Overvotes,,0,,0.00%,,0,,0,,,0,,0,,0,,0,,
Undervotes,,42,,11.63%,,27,,15,,,0,,0,,0,,0,,
Contest Totals,,361,,100.00%,,219,,138,,,2,,0,,2,,0,,
,SPECIAL ELECTION QUESTION GRANVILLE,,,,,,,,,,,,,,,,,,
,Vote For 1,,,,,,,,,,,,,,,,,,
,,,TOTAL,,VOTE %,,Election Day,,Early Vote,,,Absentee,,Canvass,,Absentee After ED,,Provisional,
For,,270,,74.79%,,163,,103,,,2,,0,,2,,0,,
Against,,47,,13.02%,,28,,19,,,0,,0,,0,,0,,
Total Votes Cast,,317,,87.81%,,191,,122,,,2,,0,,2,,0,,
Overvotes,,0,,0.00%,,0,,0,,,0,,0,,0,,0,,
Undervotes,,44,,12.19%,,28,,16,,,0,,0,,0,,0,,
Contest Totals,,361,,100.00%,,219,,138,,,2,,0,,2,,0,,
Precinct Summary - 11/12/2024     2:58 PM,,,,,,,,,,210,,,,,,,,, of 258
Report generated with Electionware Copyright © 2007-2019,,,,,,,,,,,,,,,,,,,
Summary Results Report,,,,,,,,,,OFFICIAL RESULTS,,,,,,,,,
General Election,,,,,,,,,,,,,,,,,,,
"November 5, 2024",,,,,,,,,,"Monongalia County, West Virginia",,,,,,,,,
PRECINCT 75,,,,,,,,,,,,,,,,,,,
Statistics,,TOTAL,,Election Day,,Early Vote,,Absentee,,,Canvass,,Absentee After ED,,Provisional,,,,
Registered Voters - Total,,289,,,,,,,,,,,,,,,,,
Ballots Cast - Total,,199,,49,,145,,4,,,0,,1,,0,,,,
Ballots Cast - Blank,,0,,0,,0,,0,,,0,,0,,0,,,,
Voter Turnout - Total,,68.86%,,,,,,,,,,,,,,,,,
,FOR PRESIDENT,,,,,,,,,,,,,,,,,,
,Vote For 1,,,,,,,,,,,,,,,,,,
,,,TOTAL,,VOTE %,,Election Day,,Early Vote,,,Absentee,,Canvass,,Absentee After ED,,Provisional,
REP DONALD J. TRUMP,,103,,51.76%,,25,,76,,,2,,0,,0,,0,,
DEM KAMALA D. HARRIS,,79,,39.70%,,19,,57,,,2,,0,,1,,0,,
LBN CHASE OLIVER,,3,,1.51%,,0,,3,,,0,,0,,0,,0,,
MTN JILL STEIN,,4,,2.01%,,0,,4,,,0,,0,,0,,0,,
IND ROBERT F. KENNEDY JR.,,5,,2.51%,,3,,2,,,0,,0,,0,,0,,
Write-In Totals,,2,,1.00%,,1,,1,,,0,,0,,0,,0,,
Total Votes Cast,,196,,98.49%,,48,,143,,,4,,0,,1,,0,,
Overvotes,,0,,0.00%,,0,,0,,,0,,0,,0,,0,,
Undervotes,,3,,1.51%,,1,,2,,,0,,0,,0,,0,,
Contest Totals,,199,,100.00%,,49,,145,,,4,,0,,1,,0,,
,FOR U.S. SENATOR,,,,,,,,,,,,,,,,,,
,Vote For 1,,,,,,,,,,,,,,,,,,
,,,TOTAL,,VOTE %,,Election Day,,Early Vote,,,Absentee,,Canvass,,Absentee After ED,,Provisional,
REP JIM JUSTICE,,95,,47.74%,,17,,77,,,1,,0,,0,,0,,
DEM GLENN ELLIOTT,,85,,42.71%,,23,,59,,,2,,0,,1,,0,,
LBN DAVID MORAN,,13,,6.53%,,7,,5,,,1,,0,,0,,0,,
NO CANDIDATE(S) NOMINATED,,0,,0.00%,,0,,0,,,0,,0,,0,,0,,
Write-In Totals,,0,,0.00%,,0,,0,,,0,,0,,0,,0,,
Total Votes Cast,,193,,96.98%,,47,,141,,,4,,0,,1,,0,,
Overvotes,,0,,0.00%,,0,,0,,,0,,0,,0,,0,,
Undervotes,,6,,3.02%,,2,,4,,,0,,0,,0,,0,,
Contest Totals,,199,,100.00%,,49,,145,,,4,,0,,1,,0,,
,FOR U.S. HOUSE OF REPS 2ND DIST,,,,,,,,,,,,,,,,,,
,Vote For 1,,,,,,,,,,,,,,,,,,
,,,TOTAL,,VOTE %,,Election Day,,Early Vote,,,Absentee,,Canvass,,Absentee After ED,,Provisional,
REP RILEY MOORE,,103,,51.76%,,25,,76,,,2,,0,,0,,0,,
DEM STEVEN WENDELIN,,83,,41.71%,,20,,60,,,2,,0,,1,,0,,
NO CANDIDATE(S) NOMINATED,,0,,0.00%,,0,,0,,,0,,0,,0,,0,,
NO CANDIDATE(S) NOMINATED,,0,,0.00%,,0,,0,,,0,,0,,0,,0,,
Write-In Totals,,0,,0.00%,,0,,0,,,0,,0,,0,,0,,
Total Votes Cast,,186,,93.47%,,45,,136,,,4,,0,,1,,0,,
Overvotes,,0,,0.00%,,0,,0,,,0,,0,,0,,0,,
Undervotes,,13,,6.53%,,4,,9,,,0,,0,,0,,0,,
Contest Totals,,199,,100.00%,,49,,145,,,4,,0,,1,,0,,
Precinct Summary - 11/12/2024     2:58 PM,,,,,,,,,,211,,,,,,,,, of 258
Report generated with Electionware Copyright © 2007-2019,,,,,,,,,,,,,,,,,,,
Summary Results Report,,,,,,,,,,OFFICIAL RESULTS,,,,,,,,,
General Election,,,,,,,,,,,,,,,,,,,
"November 5, 2024",,,,,,,,,,"Monongalia County, West Virginia",,,,,,,,,
PRECINCT 75,,,,,,,,,,,,,,,,,,,
,FOR GOVERNOR,,,,,,,,,,,,,,,,,,
,Vote For 1,,,,,,,,,,,,,,,,,,
,,,TOTAL,,VOTE %,,Election Day,,Early Vote,,,Absentee,,Canvass,,Absentee After ED,,Provisional,
REP PATRICK MORRISEY,,95,,47.74%,,21,,72,,,2,,0,,0,,0,,
DEM STEVE WILLIAMS,,83,,41.71%,,20,,60,,,2,,0,,1,,0,,
LBN ERIKA KLIE KOLENICH,,8,,4.02%,,4,,4,,,0,,0,,0,,0,,
MTN CHASE LINKO-LOOPER,,2,,1.00%,,0,,2,,,0,,0,,0,,0,,
CST S. MARSHALL WILSON,,3,,1.51%,,2,,1,,,0,,0,,0,,0,,
Write-In Totals,,0,,0.00%,,0,,0,,,0,,0,,0,,0,,
Total Votes Cast,,191,,95.98%,,47,,139,,,4,,0,,1,,0,,
Overvotes,,0,,0.00%,,0,,0,,,0,,0,,0,,0,,
Undervotes,,8,,4.02%,,2,,6,,,0,,0,,0,,0,,
Contest Totals,,199,,100.00%,,49,,145,,,4,,0,,1,,0,,
,FOR SECRETARY OF STATE,,,,,,,,,,,,,,,,,,
,Vote For 1,,,,,,,,,,,,,,,,,,
,,,TOTAL,,VOTE %,,Election Day,,Early Vote,,,Absentee,,Canvass,,Absentee After ED,,Provisional,
REP KRIS WARNER,,111,,55.78%,,25,,84,,,2,,0,,0,,0,,
DEM THORNTON COOPER,,73,,36.68%,,17,,53,,,2,,0,,1,,0,,
NO CANDIDATE(S) NOMINATED,,0,,0.00%,,0,,0,,,0,,0,,0,,0,,
NO CANDIDATE(S) NOMINATED,,0,,0.00%,,0,,0,,,0,,0,,0,,0,,
Write-In Totals,,0,,0.00%,,0,,0,,,0,,0,,0,,0,,
Total Votes Cast,,184,,92.46%,,42,,137,,,4,,0,,1,,0,,
Overvotes,,0,,0.00%,,0,,0,,,0,,0,,0,,0,,
Undervotes,,15,,7.54%,,7,,8,,,0,,0,,0,,0,,
Contest Totals,,199,,100.00%,,49,,145,,,4,,0,,1,,0,,
,FOR AUDITOR,,,,,,,,,,,,,,,,,,
,Vote For 1,,,,,,,,,,,,,,,,,,
,,,TOTAL,,VOTE %,,Election Day,,Early Vote,,,Absentee,,Canvass,,Absentee After ED,,Provisional,
REP MARK HUNT,,102,,51.26%,,23,,78,,,1,,0,,0,,0,,
DEM MARY ANN ROEBUCK CLAYTOR,,81,,40.70%,,20,,57,,,3,,0,,1,,0,,
NO CANDIDATE(S) NOMINATED,,0,,0.00%,,0,,0,,,0,,0,,0,,0,,
NO CANDIDATE(S) NOMINATED,,0,,0.00%,,0,,0,,,0,,0,,0,,0,,
Write-In Totals,,0,,0.00%,,0,,0,,,0,,0,,0,,0,,
Total Votes Cast,,183,,91.96%,,43,,135,,,4,,0,,1,,0,,
Overvotes,,0,,0.00%,,0,,0,,,0,,0,,0,,0,,
Undervotes,,16,,8.04%,,6,,10,,,0,,0,,0,,0,,
Contest Totals,,199,,100.00%,,49,,145,,,4,,0,,1,,0,,
Precinct Summary - 11/12/2024     2:58 PM,,,,,,,,,,212,,,,,,,,, of 258
Report generated with Electionware Copyright © 2007-2019,,,,,,,,,,,,,,,,,,,
Summary Results Report,,,,,,,,,,OFFICIAL RESULTS,,,,,,,,,
General Election,,,,,,,,,,,,,,,,,,,
"November 5, 2024",,,,,,,,,,"Monongalia County, West Virginia",,,,,,,,,
PRECINCT 75,,,,,,,,,,,,,,,,,,,
,FOR TREASURER,,,,,,,,,,,,,,,,,,
,Vote For 1,,,,,,,,,,,,,,,,,,
,,,TOTAL,,VOTE %,,Election Day,,Early Vote,,,Absentee,,Canvass,,Absentee After ED,,Provisional,
REP LARRY PACK,,145,,72.86%,,35,,107,,,3,,0,,0,,0,,
NO CANDIDATE(S) NOMINATED,,0,,0.00%,,0,,0,,,0,,0,,0,,0,,
NO CANDIDATE(S) NOMINATED,,0,,0.00%,,0,,0,,,0,,0,,0,,0,,
NO CANDIDATE(S) NOMINATED,,0,,0.00%,,0,,0,,,0,,0,,0,,0,,
Write-In Totals,,2,,1.00%,,0,,2,,,0,,0,,0,,0,,
Total Votes Cast,,147,,73.87%,,35,,109,,,3,,0,,0,,0,,
Overvotes,,0,,0.00%,,0,,0,,,0,,0,,0,,0,,
Undervotes,,52,,26.13%,,14,,36,,,1,,0,,1,,0,,
Contest Totals,,199,,100.00%,,49,,145,,,4,,0,,1,,0,,
,FOR COMMISSIONER OF AGRICULTURE,,,,,,,,,,,,,,,,,,
,Vote For 1,,,,,,,,,,,,,,,,,,
,,,TOTAL,,VOTE %,,Election Day,,Early Vote,,,Absentee,,Canvass,,Absentee After ED,,Provisional,
REP KENT LEONHARDT,,117,,58.79%,,27,,87,,,3,,0,,0,,0,,
DEM DEBORAH STILES,,67,,33.67%,,15,,50,,,1,,0,,1,,0,,
NO CANDIDATE(S) NOMINATED,,0,,0.00%,,0,,0,,,0,,0,,0,,0,,
NO CANDIDATE(S) NOMINATED,,0,,0.00%,,0,,0,,,0,,0,,0,,0,,
Write-In Totals,,0,,0.00%,,0,,0,,,0,,0,,0,,0,,
Total Votes Cast,,184,,92.46%,,42,,137,,,4,,0,,1,,0,,
Overvotes,,0,,0.00%,,0,,0,,,0,,0,,0,,0,,
Undervotes,,15,,7.54%,,7,,8,,,0,,0,,0,,0,,
Contest Totals,,199,,100.00%,,49,,145,,,4,,0,,1,,0,,
,FOR ATTORNEY GENERAL,,,,,,,,,,,,,,,,,,
,Vote For 1,,,,,,,,,,,,,,,,,,
,,,TOTAL,,VOTE %,,Election Day,,Early Vote,,,Absentee,,Canvass,,Absentee After ED,,Provisional,
"REP JOHN ""JB"" McCUSKEY",,108,,54.27%,,26,,79,,,3,,0,,0,,0,,
DEM TERESA TORISEVA,,81,,40.70%,,20,,59,,,1,,0,,1,,0,,
NO CANDIDATE(S) NOMINATED,,0,,0.00%,,0,,0,,,0,,0,,0,,0,,
NO CANDIDATE(S) NOMINATED,,0,,0.00%,,0,,0,,,0,,0,,0,,0,,
Write-In Totals,,0,,0.00%,,0,,0,,,0,,0,,0,,0,,
Total Votes Cast,,189,,94.97%,,46,,138,,,4,,0,,1,,0,,
Overvotes,,0,,0.00%,,0,,0,,,0,,0,,0,,0,,
Undervotes,,10,,5.03%,,3,,7,,,0,,0,,0,,0,,
Contest Totals,,199,,100.00%,,49,,145,,,4,,0,,1,,0,,
Precinct Summary - 11/12/2024     2:58 PM,,,,,,,,,,213,,,,,,,,, of 258
Report generated with Electionware Copyright © 2007-2019,,,,,,,,,,,,,,,,,,,
Summary Results Report,,,,,,,,,,OFFICIAL RESULTS,,,,,,,,,
General Election,,,,,,,,,,,,,,,,,,,
"November 5, 2024",,,,,,,,,,"Monongalia County, West Virginia",,,,,,,,,
PRECINCT 75,,,,,,,,,,,,,,,,,,,
,FOR STATE SENATOR 13TH DISTRICT,,,,,,,,,,,,,,,,,,
,Vote For 1,,,,,,,,,,,,,,,,,,
,,,TOTAL,,VOTE %,,Election Day,,Early Vote,,,Absentee,,Canvass,,Absentee After ED,,Provisional,
REP REBECCA POLIS,,98,,49.25%,,22,,74,,,2,,0,,0,,0,,
DEM JOEY GARCIA,,87,,43.72%,,22,,62,,,2,,0,,1,,0,,
NO CANDIDATE(S) NOMINATED,,0,,0.00%,,0,,0,,,0,,0,,0,,0,,
NO CANDIDATE(S) NOMINATED,,0,,0.00%,,0,,0,,,0,,0,,0,,0,,
Write-In Totals,,0,,0.00%,,0,,0,,,0,,0,,0,,0,,
Total Votes Cast,,185,,92.96%,,44,,136,,,4,,0,,1,,0,,
Overvotes,,0,,0.00%,,0,,0,,,0,,0,,0,,0,,
Undervotes,,14,,7.04%,,5,,9,,,0,,0,,0,,0,,
Contest Totals,,199,,100.00%,,49,,145,,,4,,0,,1,,0,,
,FOR MEMBER OF HOUSE OF DELEGATES 80TH DISTRICT,,,,,,,,,,,,,,,,,,
,Vote For 1,,,,,,,,,,,,,,,,,,
,,,TOTAL,,VOTE %,,Election Day,,Early Vote,,,Absentee,,Canvass,,Absentee After ED,,Provisional,
REP SUMMER D.  HARTLEY,,97,,48.74%,,21,,75,,,1,,0,,0,,0,,
DEM JOHN WILLIAMS,,93,,46.73%,,25,,64,,,3,,0,,1,,0,,
NO CANDIDATE(S) NOMINATED,,0,,0.00%,,0,,0,,,0,,0,,0,,0,,
NO CANDIDATE(S) NOMINATED,,0,,0.00%,,0,,0,,,0,,0,,0,,0,,
Write-In Totals,,0,,0.00%,,0,,0,,,0,,0,,0,,0,,
Total Votes Cast,,190,,95.48%,,46,,139,,,4,,0,,1,,0,,
Overvotes,,0,,0.00%,,0,,0,,,0,,0,,0,,0,,
Undervotes,,9,,4.52%,,3,,6,,,0,,0,,0,,0,,
Contest Totals,,199,,100.00%,,49,,145,,,4,,0,,1,,0,,
,FOR COUNTY COMMISSIONER,,,,,,,,,,,,,,,,,,
,Vote For 1,,,,,,,,,,,,,,,,,,
,,,TOTAL,,VOTE %,,Election Day,,Early Vote,,,Absentee,,Canvass,,Absentee After ED,,Provisional,
REP MARYANN (BABICH) FOLZ,,83,,41.71%,,19,,62,,,2,,0,,0,,0,,
DEM TOM  BLOOM,,99,,49.75%,,23,,73,,,2,,0,,1,,0,,
NO CANDIDATE(S) NOMINATED,,0,,0.00%,,0,,0,,,0,,0,,0,,0,,
NO CANDIDATE(S) NOMINATED,,0,,0.00%,,0,,0,,,0,,0,,0,,0,,
Write-In Totals,,2,,1.00%,,1,,1,,,0,,0,,0,,0,,
Total Votes Cast,,184,,92.46%,,43,,136,,,4,,0,,1,,0,,
Overvotes,,0,,0.00%,,0,,0,,,0,,0,,0,,0,,
Undervotes,,15,,7.54%,,6,,9,,,0,,0,,0,,0,,
Contest Totals,,199,,100.00%,,49,,145,,,4,,0,,1,,0,,
Precinct Summary - 11/12/2024     2:58 PM,,,,,,,,,,214,,,,,,,,, of 258
Report generated with Electionware Copyright © 2007-2019,,,,,,,,,,,,,,,,,,,
Summary Results Report,,,,,,,,,,OFFICIAL RESULTS,,,,,,,,,
General Election,,,,,,,,,,,,,,,,,,,
"November 5, 2024",,,,,,,,,,"Monongalia County, West Virginia",,,,,,,,,
PRECINCT 75,,,,,,,,,,,,,,,,,,,
,FOR PROSECUTING ATTORNEY,,,,,,,,,,,,,,,,,,
,Vote For 1,,,,,,,,,,,,,,,,,,
,,,TOTAL,,VOTE %,,Election Day,,Early Vote,,,Absentee,,Canvass,,Absentee After ED,,Provisional,
NO CANDIDATE(S) NOMINATED,,0,,0.00%,,0,,0,,,0,,0,,0,,0,,
"DEM GABRIELLE ""GABE"" MUCCIOLA",,138,,69.35%,,38,,98,,,2,,0,,0,,0,,
NO CANDIDATE(S) NOMINATED,,0,,0.00%,,0,,0,,,0,,0,,0,,0,,
NO CANDIDATE(S) NOMINATED,,0,,0.00%,,0,,0,,,0,,0,,0,,0,,
Write-In Totals,,2,,1.00%,,0,,2,,,0,,0,,0,,0,,
Total Votes Cast,,140,,70.35%,,38,,100,,,2,,0,,0,,0,,
Overvotes,,0,,0.00%,,0,,0,,,0,,0,,0,,0,,
Undervotes,,59,,29.65%,,11,,45,,,2,,0,,1,,0,,
Contest Totals,,199,,100.00%,,49,,145,,,4,,0,,1,,0,,
,FOR SHERIFF,,,,,,,,,,,,,,,,,,
,Vote For 1,,,,,,,,,,,,,,,,,,
,,,TOTAL,,VOTE %,,Election Day,,Early Vote,,,Absentee,,Canvass,,Absentee After ED,,Provisional,
REP JASON MORGAN,,106,,53.27%,,25,,79,,,2,,0,,0,,0,,
DEM TODD FORBES,,81,,40.70%,,19,,60,,,2,,0,,0,,0,,
NO CANDIDATE(S) NOMINATED,,0,,0.00%,,0,,0,,,0,,0,,0,,0,,
NO CANDIDATE(S) NOMINATED,,0,,0.00%,,0,,0,,,0,,0,,0,,0,,
Write-In Totals,,0,,0.00%,,0,,0,,,0,,0,,0,,0,,
Total Votes Cast,,187,,93.97%,,44,,139,,,4,,0,,0,,0,,
Overvotes,,0,,0.00%,,0,,0,,,0,,0,,0,,0,,
Undervotes,,12,,6.03%,,5,,6,,,0,,0,,1,,0,,
Contest Totals,,199,,100.00%,,49,,145,,,4,,0,,1,,0,,
,FOR ASSESSOR,,,,,,,,,,,,,,,,,,
,Vote For 1,,,,,,,,,,,,,,,,,,
,,,TOTAL,,VOTE %,,Election Day,,Early Vote,,,Absentee,,Canvass,,Absentee After ED,,Provisional,
REP RICH JACOBS,,69,,34.67%,,15,,52,,,2,,0,,0,,0,,
DEM MARK A. MUSICK,,117,,58.79%,,28,,86,,,2,,0,,1,,0,,
NO CANDIDATE(S) NOMINATED,,0,,0.00%,,0,,0,,,0,,0,,0,,0,,
NO CANDIDATE(S) NOMINATED,,0,,0.00%,,0,,0,,,0,,0,,0,,0,,
Write-In Totals,,0,,0.00%,,0,,0,,,0,,0,,0,,0,,
Total Votes Cast,,186,,93.47%,,43,,138,,,4,,0,,1,,0,,
Overvotes,,0,,0.00%,,0,,0,,,0,,0,,0,,0,,
Undervotes,,13,,6.53%,,6,,7,,,0,,0,,0,,0,,
Contest Totals,,199,,100.00%,,49,,145,,,4,,0,,1,,0,,
Precinct Summary - 11/12/2024     2:58 PM,,,,,,,,,,215,,,,,,,,, of 258
Report generated with Electionware Copyright © 2007-2019,,,,,,,,,,,,,,,,,,,
Summary Results Report,,,,,,,,,,OFFICIAL RESULTS,,,,,,,,,
General Election,,,,,,,,,,,,,,,,,,,
"November 5, 2024",,,,,,,,,,"Monongalia County, West Virginia",,,,,,,,,
PRECINCT 75,,,,,,,,,,,,,,,,,,,
,FOR SURVEYOR,,,,,,,,,,,,,,,,,,
,Vote For 1,,,,,,,,,,,,,,,,,,
,,,TOTAL,,VOTE %,,Election Day,,Early Vote,,,Absentee,,Canvass,,Absentee After ED,,Provisional,
REP BOB ANDRIOTTO,,145,,72.86%,,34,,108,,,3,,0,,0,,0,,
NO CANDIDATE(S) NOMINATED,,0,,0.00%,,0,,0,,,0,,0,,0,,0,,
NO CANDIDATE(S) NOMINATED,,0,,0.00%,,0,,0,,,0,,0,,0,,0,,
NO CANDIDATE(S) NOMINATED,,0,,0.00%,,0,,0,,,0,,0,,0,,0,,
Write-In Totals,,3,,1.51%,,0,,3,,,0,,0,,0,,0,,
Total Votes Cast,,148,,74.37%,,34,,111,,,3,,0,,0,,0,,
Overvotes,,0,,0.00%,,0,,0,,,0,,0,,0,,0,,
Undervotes,,51,,25.63%,,15,,34,,,1,,0,,1,,0,,
Contest Totals,,199,,100.00%,,49,,145,,,4,,0,,1,,0,,
,AMENDMENT NO. 1,,,,,,,,,,,,,,,,,,
,Vote For 1,,,,,,,,,,,,,,,,,,
,,,TOTAL,,VOTE %,,Election Day,,Early Vote,,,Absentee,,Canvass,,Absentee After ED,,Provisional,
For,,75,,37.69%,,16,,58,,,1,,0,,0,,0,,
Against,,109,,54.77%,,29,,76,,,3,,0,,1,,0,,
Total Votes Cast,,184,,92.46%,,45,,134,,,4,,0,,1,,0,,
Overvotes,,0,,0.00%,,0,,0,,,0,,0,,0,,0,,
Undervotes,,15,,7.54%,,4,,11,,,0,,0,,0,,0,,
Contest Totals,,199,,100.00%,,49,,145,,,4,,0,,1,,0,,
Precinct Summary - 11/12/2024     2:58 PM,,,,,,,,,,216,,,,,,,,, of 258
Report generated with Electionware Copyright © 2007-2019,,,,,,,,,,,,,,,,,,,
Summary Results Report,,,,,,,,,,OFFICIAL RESULTS,,,,,,,,,
General Election,,,,,,,,,,,,,,,,,,,
"November 5, 2024",,,,,,,,,,"Monongalia County, West Virginia",,,,,,,,,
PRECINCT 77,,,,,,,,,,,,,,,,,,,
Statistics,,TOTAL,,Election Day,,Early Vote,,Absentee,,,Canvass,,Absentee After ED,,Provisional,,,,
Registered Voters - Total,,"2,339",,,,,,,,,,,,,,,,,
Ballots Cast - Total,,"1,627",,593,,991,,37,,,0,,4,,2,,,,
Ballots Cast - Blank,,0,,0,,0,,0,,,0,,0,,0,,,,
Voter Turnout - Total,,69.56%,,,,,,,,,,,,,,,,,
,FOR PRESIDENT,,,,,,,,,,,,,,,,,,
,Vote For 1,,,,,,,,,,,,,,,,,,
,,,TOTAL,,VOTE %,,Election Day,,Early Vote,,,Absentee,,Canvass,,Absentee After ED,,Provisional,
REP DONALD J. TRUMP,,861,,52.92%,,342,,502,,,15,,0,,2,,0,,
DEM KAMALA D. HARRIS,,703,,43.21%,,220,,459,,,20,,0,,2,,2,,
LBN CHASE OLIVER,,18,,1.11%,,11,,7,,,0,,0,,0,,0,,
MTN JILL STEIN,,6,,0.37%,,4,,2,,,0,,0,,0,,0,,
IND ROBERT F. KENNEDY JR.,,23,,1.41%,,13,,9,,,1,,0,,0,,0,,
Write-In Totals,,7,,0.43%,,1,,5,,,1,,0,,0,,0,,
Total Votes Cast,,"1,618",,99.45%,,591,,984,,,37,,0,,4,,2,,
Overvotes,,0,,0.00%,,0,,0,,,0,,0,,0,,0,,
Undervotes,,9,,0.55%,,2,,7,,,0,,0,,0,,0,,
Contest Totals,,"1,627",,100.00%,,593,,991,,,37,,0,,4,,2,,
,FOR U.S. SENATOR,,,,,,,,,,,,,,,,,,
,Vote For 1,,,,,,,,,,,,,,,,,,
,,,TOTAL,,VOTE %,,Election Day,,Early Vote,,,Absentee,,Canvass,,Absentee After ED,,Provisional,
REP JIM JUSTICE,,886,,54.46%,,340,,527,,,17,,0,,2,,0,,
DEM GLENN ELLIOTT,,656,,40.32%,,213,,421,,,18,,0,,2,,2,,
LBN DAVID MORAN,,56,,3.44%,,31,,23,,,2,,0,,0,,0,,
NO CANDIDATE(S) NOMINATED,,0,,0.00%,,0,,0,,,0,,0,,0,,0,,
Write-In Totals,,0,,0.00%,,0,,0,,,0,,0,,0,,0,,
Total Votes Cast,,"1,598",,98.22%,,584,,971,,,37,,0,,4,,2,,
Overvotes,,0,,0.00%,,0,,0,,,0,,0,,0,,0,,
Undervotes,,29,,1.78%,,9,,20,,,0,,0,,0,,0,,
Contest Totals,,"1,627",,100.00%,,593,,991,,,37,,0,,4,,2,,
,FOR U.S. HOUSE OF REPS 2ND DIST,,,,,,,,,,,,,,,,,,
,Vote For 1,,,,,,,,,,,,,,,,,,
,,,TOTAL,,VOTE %,,Election Day,,Early Vote,,,Absentee,,Canvass,,Absentee After ED,,Provisional,
REP RILEY MOORE,,877,,53.90%,,330,,527,,,18,,0,,2,,0,,
DEM STEVEN WENDELIN,,663,,40.75%,,218,,423,,,18,,0,,2,,2,,
NO CANDIDATE(S) NOMINATED,,0,,0.00%,,0,,0,,,0,,0,,0,,0,,
NO CANDIDATE(S) NOMINATED,,0,,0.00%,,0,,0,,,0,,0,,0,,0,,
Write-In Totals,,1,,0.06%,,1,,0,,,0,,0,,0,,0,,
Total Votes Cast,,"1,541",,94.71%,,549,,950,,,36,,0,,4,,2,,
Overvotes,,0,,0.00%,,0,,0,,,0,,0,,0,,0,,
Undervotes,,86,,5.29%,,44,,41,,,1,,0,,0,,0,,
Contest Totals,,"1,627",,100.00%,,593,,991,,,37,,0,,4,,2,,
Precinct Summary - 11/12/2024     2:58 PM,,,,,,,,,,217,,,,,,,,, of 258
Report generated with Electionware Copyright © 2007-2019,,,,,,,,,,,,,,,,,,,
Summary Results Report,,,,,,,,,,OFFICIAL RESULTS,,,,,,,,,
General Election,,,,,,,,,,,,,,,,,,,
"November 5, 2024",,,,,,,,,,"Monongalia County, West Virginia",,,,,,,,,
PRECINCT 77,,,,,,,,,,,,,,,,,,,
,FOR GOVERNOR,,,,,,,,,,,,,,,,,,
,Vote For 1,,,,,,,,,,,,,,,,,,
,,,TOTAL,,VOTE %,,Election Day,,Early Vote,,,Absentee,,Canvass,,Absentee After ED,,Provisional,
REP PATRICK MORRISEY,,808,,49.66%,,310,,482,,,14,,0,,2,,0,,
DEM STEVE WILLIAMS,,695,,42.72%,,223,,450,,,18,,0,,2,,2,,
LBN ERIKA KLIE KOLENICH,,42,,2.58%,,27,,13,,,2,,0,,0,,0,,
MTN CHASE LINKO-LOOPER,,12,,0.74%,,6,,5,,,1,,0,,0,,0,,
CST S. MARSHALL WILSON,,16,,0.98%,,6,,10,,,0,,0,,0,,0,,
Write-In Totals,,1,,0.06%,,0,,1,,,0,,0,,0,,0,,
Total Votes Cast,,"1,574",,96.74%,,572,,961,,,35,,0,,4,,2,,
Overvotes,,0,,0.00%,,0,,0,,,0,,0,,0,,0,,
Undervotes,,53,,3.26%,,21,,30,,,2,,0,,0,,0,,
Contest Totals,,"1,627",,100.00%,,593,,991,,,37,,0,,4,,2,,
,FOR SECRETARY OF STATE,,,,,,,,,,,,,,,,,,
,Vote For 1,,,,,,,,,,,,,,,,,,
,,,TOTAL,,VOTE %,,Election Day,,Early Vote,,,Absentee,,Canvass,,Absentee After ED,,Provisional,
REP KRIS WARNER,,897,,55.13%,,346,,530,,,19,,0,,2,,0,,
DEM THORNTON COOPER,,650,,39.95%,,215,,414,,,17,,0,,2,,2,,
NO CANDIDATE(S) NOMINATED,,0,,0.00%,,0,,0,,,0,,0,,0,,0,,
NO CANDIDATE(S) NOMINATED,,0,,0.00%,,0,,0,,,0,,0,,0,,0,,
Write-In Totals,,0,,0.00%,,0,,0,,,0,,0,,0,,0,,
Total Votes Cast,,"1,547",,95.08%,,561,,944,,,36,,0,,4,,2,,
Overvotes,,0,,0.00%,,0,,0,,,0,,0,,0,,0,,
Undervotes,,80,,4.92%,,32,,47,,,1,,0,,0,,0,,
Contest Totals,,"1,627",,100.00%,,593,,991,,,37,,0,,4,,2,,
,FOR AUDITOR,,,,,,,,,,,,,,,,,,
,Vote For 1,,,,,,,,,,,,,,,,,,
,,,TOTAL,,VOTE %,,Election Day,,Early Vote,,,Absentee,,Canvass,,Absentee After ED,,Provisional,
REP MARK HUNT,,842,,51.75%,,324,,502,,,14,,0,,2,,0,,
DEM MARY ANN ROEBUCK CLAYTOR,,678,,41.67%,,225,,428,,,21,,0,,2,,2,,
NO CANDIDATE(S) NOMINATED,,0,,0.00%,,0,,0,,,0,,0,,0,,0,,
NO CANDIDATE(S) NOMINATED,,0,,0.00%,,0,,0,,,0,,0,,0,,0,,
Write-In Totals,,0,,0.00%,,0,,0,,,0,,0,,0,,0,,
Total Votes Cast,,"1,520",,93.42%,,549,,930,,,35,,0,,4,,2,,
Overvotes,,0,,0.00%,,0,,0,,,0,,0,,0,,0,,
Undervotes,,107,,6.58%,,44,,61,,,2,,0,,0,,0,,
Contest Totals,,"1,627",,100.00%,,593,,991,,,37,,0,,4,,2,,
Precinct Summary - 11/12/2024     2:58 PM,,,,,,,,,,218,,,,,,,,, of 258
Report generated with Electionware Copyright © 2007-2019,,,,,,,,,,,,,,,,,,,
Summary Results Report,,,,,,,,,,OFFICIAL RESULTS,,,,,,,,,
General Election,,,,,,,,,,,,,,,,,,,
"November 5, 2024",,,,,,,,,,"Monongalia County, West Virginia",,,,,,,,,
PRECINCT 77,,,,,,,,,,,,,,,,,,,
,FOR TREASURER,,,,,,,,,,,,,,,,,,
,Vote For 1,,,,,,,,,,,,,,,,,,
,,,TOTAL,,VOTE %,,Election Day,,Early Vote,,,Absentee,,Canvass,,Absentee After ED,,Provisional,
REP LARRY PACK,,"1,203",,73.94%,,458,,719,,,23,,0,,3,,0,,
NO CANDIDATE(S) NOMINATED,,0,,0.00%,,0,,0,,,0,,0,,0,,0,,
NO CANDIDATE(S) NOMINATED,,0,,0.00%,,0,,0,,,0,,0,,0,,0,,
NO CANDIDATE(S) NOMINATED,,0,,0.00%,,0,,0,,,0,,0,,0,,0,,
Write-In Totals,,24,,1.48%,,8,,16,,,0,,0,,0,,0,,
Total Votes Cast,,"1,227",,75.41%,,466,,735,,,23,,0,,3,,0,,
Overvotes,,0,,0.00%,,0,,0,,,0,,0,,0,,0,,
Undervotes,,400,,24.59%,,127,,256,,,14,,0,,1,,2,,
Contest Totals,,"1,627",,100.00%,,593,,991,,,37,,0,,4,,2,,
,FOR COMMISSIONER OF AGRICULTURE,,,,,,,,,,,,,,,,,,
,Vote For 1,,,,,,,,,,,,,,,,,,
,,,TOTAL,,VOTE %,,Election Day,,Early Vote,,,Absentee,,Canvass,,Absentee After ED,,Provisional,
REP KENT LEONHARDT,,954,,58.64%,,351,,582,,,18,,0,,2,,1,,
DEM DEBORAH STILES,,584,,35.89%,,199,,364,,,18,,0,,2,,1,,
NO CANDIDATE(S) NOMINATED,,0,,0.00%,,0,,0,,,0,,0,,0,,0,,
NO CANDIDATE(S) NOMINATED,,0,,0.00%,,0,,0,,,0,,0,,0,,0,,
Write-In Totals,,0,,0.00%,,0,,0,,,0,,0,,0,,0,,
Total Votes Cast,,"1,538",,94.53%,,550,,946,,,36,,0,,4,,2,,
Overvotes,,0,,0.00%,,0,,0,,,0,,0,,0,,0,,
Undervotes,,89,,5.47%,,43,,45,,,1,,0,,0,,0,,
Contest Totals,,"1,627",,100.00%,,593,,991,,,37,,0,,4,,2,,
,FOR ATTORNEY GENERAL,,,,,,,,,,,,,,,,,,
,Vote For 1,,,,,,,,,,,,,,,,,,
,,,TOTAL,,VOTE %,,Election Day,,Early Vote,,,Absentee,,Canvass,,Absentee After ED,,Provisional,
"REP JOHN ""JB"" McCUSKEY",,894,,54.95%,,339,,537,,,16,,0,,2,,0,,
DEM TERESA TORISEVA,,644,,39.58%,,212,,408,,,20,,0,,2,,2,,
NO CANDIDATE(S) NOMINATED,,0,,0.00%,,0,,0,,,0,,0,,0,,0,,
NO CANDIDATE(S) NOMINATED,,0,,0.00%,,0,,0,,,0,,0,,0,,0,,
Write-In Totals,,1,,0.06%,,1,,0,,,0,,0,,0,,0,,
Total Votes Cast,,"1,539",,94.59%,,552,,945,,,36,,0,,4,,2,,
Overvotes,,0,,0.00%,,0,,0,,,0,,0,,0,,0,,
Undervotes,,88,,5.41%,,41,,46,,,1,,0,,0,,0,,
Contest Totals,,"1,627",,100.00%,,593,,991,,,37,,0,,4,,2,,
Precinct Summary - 11/12/2024     2:58 PM,,,,,,,,,,219,,,,,,,,, of 258
Report generated with Electionware Copyright © 2007-2019,,,,,,,,,,,,,,,,,,,
Summary Results Report,,,,,,,,,,OFFICIAL RESULTS,,,,,,,,,
General Election,,,,,,,,,,,,,,,,,,,
"November 5, 2024",,,,,,,,,,"Monongalia County, West Virginia",,,,,,,,,
PRECINCT 77,,,,,,,,,,,,,,,,,,,
,FOR STATE SENATOR 2ND DISTRICT,,,,,,,,,,,,,,,,,,
,Vote For 1,,,,,,,,,,,,,,,,,,
,,,TOTAL,,VOTE %,,Election Day,,Early Vote,,,Absentee,,Canvass,,Absentee After ED,,Provisional,
REP CHRIS ROSE,,"1,217",,74.80%,,461,,728,,,24,,0,,3,,1,,
NO CANDIDATE(S) NOMINATED,,0,,0.00%,,0,,0,,,0,,0,,0,,0,,
NO CANDIDATE(S) NOMINATED,,0,,0.00%,,0,,0,,,0,,0,,0,,0,,
NO CANDIDATE(S) NOMINATED,,0,,0.00%,,0,,0,,,0,,0,,0,,0,,
Write-In Totals,,25,,1.54%,,6,,19,,,0,,0,,0,,0,,
Total Votes Cast,,"1,242",,76.34%,,467,,747,,,24,,0,,3,,1,,
Overvotes,,0,,0.00%,,0,,0,,,0,,0,,0,,0,,
Undervotes,,385,,23.66%,,126,,244,,,13,,0,,1,,1,,
Contest Totals,,"1,627",,100.00%,,593,,991,,,37,,0,,4,,2,,
,FOR MEMBER OF HOUSE OF DELEGATES 78TH DISTRICT,,,,,,,,,,,,,,,,,,
,Vote For 1,,,,,,,,,,,,,,,,,,
,,,TOTAL,,VOTE %,,Election Day,,Early Vote,,,Absentee,,Canvass,,Absentee After ED,,Provisional,
REP GENO CHIARELLI,,830,,51.01%,,313,,496,,,19,,0,,2,,0,,
DEM DIANE MARKET GASTON,,710,,43.64%,,241,,448,,,17,,0,,2,,2,,
NO CANDIDATE(S) NOMINATED,,0,,0.00%,,0,,0,,,0,,0,,0,,0,,
NO CANDIDATE(S) NOMINATED,,0,,0.00%,,0,,0,,,0,,0,,0,,0,,
Write-In Totals,,0,,0.00%,,0,,0,,,0,,0,,0,,0,,
Total Votes Cast,,"1,540",,94.65%,,554,,944,,,36,,0,,4,,2,,
Overvotes,,0,,0.00%,,0,,0,,,0,,0,,0,,0,,
Undervotes,,87,,5.35%,,39,,47,,,1,,0,,0,,0,,
Contest Totals,,"1,627",,100.00%,,593,,991,,,37,,0,,4,,2,,
,FOR COUNTY COMMISSIONER,,,,,,,,,,,,,,,,,,
,Vote For 1,,,,,,,,,,,,,,,,,,
,,,TOTAL,,VOTE %,,Election Day,,Early Vote,,,Absentee,,Canvass,,Absentee After ED,,Provisional,
REP MARYANN (BABICH) FOLZ,,732,,44.99%,,283,,433,,,14,,0,,2,,0,,
DEM TOM  BLOOM,,824,,50.65%,,284,,514,,,22,,0,,2,,2,,
NO CANDIDATE(S) NOMINATED,,0,,0.00%,,0,,0,,,0,,0,,0,,0,,
NO CANDIDATE(S) NOMINATED,,0,,0.00%,,0,,0,,,0,,0,,0,,0,,
Write-In Totals,,1,,0.06%,,0,,1,,,0,,0,,0,,0,,
Total Votes Cast,,"1,557",,95.70%,,567,,948,,,36,,0,,4,,2,,
Overvotes,,0,,0.00%,,0,,0,,,0,,0,,0,,0,,
Undervotes,,70,,4.30%,,26,,43,,,1,,0,,0,,0,,
Contest Totals,,"1,627",,100.00%,,593,,991,,,37,,0,,4,,2,,
Precinct Summary - 11/12/2024     2:58 PM,,,,,,,,,,220,,,,,,,,, of 258
Report generated with Electionware Copyright © 2007-2019,,,,,,,,,,,,,,,,,,,
Summary Results Report,,,,,,,,,,OFFICIAL RESULTS,,,,,,,,,
General Election,,,,,,,,,,,,,,,,,,,
"November 5, 2024",,,,,,,,,,"Monongalia County, West Virginia",,,,,,,,,
PRECINCT 77,,,,,,,,,,,,,,,,,,,
,FOR PROSECUTING ATTORNEY,,,,,,,,,,,,,,,,,,
,Vote For 1,,,,,,,,,,,,,,,,,,
,,,TOTAL,,VOTE %,,Election Day,,Early Vote,,,Absentee,,Canvass,,Absentee After ED,,Provisional,
NO CANDIDATE(S) NOMINATED,,0,,0.00%,,0,,0,,,0,,0,,0,,0,,
"DEM GABRIELLE ""GABE"" MUCCIOLA",,"1,131",,69.51%,,423,,679,,,25,,0,,2,,2,,
NO CANDIDATE(S) NOMINATED,,0,,0.00%,,0,,0,,,0,,0,,0,,0,,
NO CANDIDATE(S) NOMINATED,,0,,0.00%,,0,,0,,,0,,0,,0,,0,,
Write-In Totals,,17,,1.04%,,4,,13,,,0,,0,,0,,0,,
Total Votes Cast,,"1,148",,70.56%,,427,,692,,,25,,0,,2,,2,,
Overvotes,,0,,0.00%,,0,,0,,,0,,0,,0,,0,,
Undervotes,,479,,29.44%,,166,,299,,,12,,0,,2,,0,,
Contest Totals,,"1,627",,100.00%,,593,,991,,,37,,0,,4,,2,,
,FOR SHERIFF,,,,,,,,,,,,,,,,,,
,Vote For 1,,,,,,,,,,,,,,,,,,
,,,TOTAL,,VOTE %,,Election Day,,Early Vote,,,Absentee,,Canvass,,Absentee After ED,,Provisional,
REP JASON MORGAN,,750,,46.10%,,297,,437,,,14,,0,,2,,0,,
DEM TODD FORBES,,799,,49.11%,,261,,513,,,21,,0,,2,,2,,
NO CANDIDATE(S) NOMINATED,,0,,0.00%,,0,,0,,,0,,0,,0,,0,,
NO CANDIDATE(S) NOMINATED,,0,,0.00%,,0,,0,,,0,,0,,0,,0,,
Write-In Totals,,0,,0.00%,,0,,0,,,0,,0,,0,,0,,
Total Votes Cast,,"1,549",,95.21%,,558,,950,,,35,,0,,4,,2,,
Overvotes,,0,,0.00%,,0,,0,,,0,,0,,0,,0,,
Undervotes,,78,,4.79%,,35,,41,,,2,,0,,0,,0,,
Contest Totals,,"1,627",,100.00%,,593,,991,,,37,,0,,4,,2,,
,FOR ASSESSOR,,,,,,,,,,,,,,,,,,
,Vote For 1,,,,,,,,,,,,,,,,,,
,,,TOTAL,,VOTE %,,Election Day,,Early Vote,,,Absentee,,Canvass,,Absentee After ED,,Provisional,
REP RICH JACOBS,,656,,40.32%,,262,,381,,,11,,0,,2,,0,,
DEM MARK A. MUSICK,,892,,54.82%,,296,,569,,,23,,0,,2,,2,,
NO CANDIDATE(S) NOMINATED,,0,,0.00%,,0,,0,,,0,,0,,0,,0,,
NO CANDIDATE(S) NOMINATED,,0,,0.00%,,0,,0,,,0,,0,,0,,0,,
Write-In Totals,,0,,0.00%,,0,,0,,,0,,0,,0,,0,,
Total Votes Cast,,"1,548",,95.14%,,558,,950,,,34,,0,,4,,2,,
Overvotes,,0,,0.00%,,0,,0,,,0,,0,,0,,0,,
Undervotes,,79,,4.86%,,35,,41,,,3,,0,,0,,0,,
Contest Totals,,"1,627",,100.00%,,593,,991,,,37,,0,,4,,2,,
Precinct Summary - 11/12/2024     2:58 PM,,,,,,,,,,221,,,,,,,,, of 258
Report generated with Electionware Copyright © 2007-2019,,,,,,,,,,,,,,,,,,,
Summary Results Report,,,,,,,,,,OFFICIAL RESULTS,,,,,,,,,
General Election,,,,,,,,,,,,,,,,,,,
"November 5, 2024",,,,,,,,,,"Monongalia County, West Virginia",,,,,,,,,
PRECINCT 77,,,,,,,,,,,,,,,,,,,
,FOR SURVEYOR,,,,,,,,,,,,,,,,,,
,Vote For 1,,,,,,,,,,,,,,,,,,
,,,TOTAL,,VOTE %,,Election Day,,Early Vote,,,Absentee,,Canvass,,Absentee After ED,,Provisional,
REP BOB ANDRIOTTO,,"1,228",,75.48%,,465,,736,,,23,,0,,3,,1,,
NO CANDIDATE(S) NOMINATED,,0,,0.00%,,0,,0,,,0,,0,,0,,0,,
NO CANDIDATE(S) NOMINATED,,0,,0.00%,,0,,0,,,0,,0,,0,,0,,
NO CANDIDATE(S) NOMINATED,,0,,0.00%,,0,,0,,,0,,0,,0,,0,,
Write-In Totals,,18,,1.11%,,5,,13,,,0,,0,,0,,0,,
Total Votes Cast,,"1,246",,76.58%,,470,,749,,,23,,0,,3,,1,,
Overvotes,,0,,0.00%,,0,,0,,,0,,0,,0,,0,,
Undervotes,,381,,23.42%,,123,,242,,,14,,0,,1,,1,,
Contest Totals,,"1,627",,100.00%,,593,,991,,,37,,0,,4,,2,,
,AMENDMENT NO. 1,,,,,,,,,,,,,,,,,,
,Vote For 1,,,,,,,,,,,,,,,,,,
,,,TOTAL,,VOTE %,,Election Day,,Early Vote,,,Absentee,,Canvass,,Absentee After ED,,Provisional,
For,,556,,34.17%,,189,,348,,,17,,0,,2,,0,,
Against,,884,,54.33%,,315,,553,,,16,,0,,0,,0,,
Total Votes Cast,,"1,440",,88.51%,,504,,901,,,33,,0,,2,,0,,
Overvotes,,0,,0.00%,,0,,0,,,0,,0,,0,,0,,
Undervotes,,187,,11.49%,,89,,90,,,4,,0,,2,,2,,
Contest Totals,,"1,627",,100.00%,,593,,991,,,37,,0,,4,,2,,
Precinct Summary - 11/12/2024     2:58 PM,,,,,,,,,,222,,,,,,,,, of 258
Report generated with Electionware Copyright © 2007-2019,,,,,,,,,,,,,,,,,,,
Summary Results Report,,,,,,,,,,OFFICIAL RESULTS,,,,,,,,,
General Election,,,,,,,,,,,,,,,,,,,
"November 5, 2024",,,,,,,,,,"Monongalia County, West Virginia",,,,,,,,,
PRECINCT 78,,,,,,,,,,,,,,,,,,,
Statistics,,TOTAL,,Election Day,,Early Vote,,Absentee,,,Canvass,,Absentee After ED,,Provisional,,,,
Registered Voters - Total,,"2,376",,,,,,,,,,,,,,,,,
Ballots Cast - Total,,"1,695",,629,,"1,000",,62,,,0,,4,,0,,,,
Ballots Cast - Blank,,0,,0,,0,,0,,,0,,0,,0,,,,
Voter Turnout - Total,,71.34%,,,,,,,,,,,,,,,,,
,FOR PRESIDENT,,,,,,,,,,,,,,,,,,
,Vote For 1,,,,,,,,,,,,,,,,,,
,,,TOTAL,,VOTE %,,Election Day,,Early Vote,,,Absentee,,Canvass,,Absentee After ED,,Provisional,
REP DONALD J. TRUMP,,823,,48.55%,,336,,461,,,25,,0,,1,,0,,
DEM KAMALA D. HARRIS,,795,,46.90%,,253,,505,,,35,,0,,2,,0,,
LBN CHASE OLIVER,,13,,0.77%,,11,,2,,,0,,0,,0,,0,,
MTN JILL STEIN,,6,,0.35%,,2,,4,,,0,,0,,0,,0,,
IND ROBERT F. KENNEDY JR.,,24,,1.42%,,10,,13,,,1,,0,,0,,0,,
Write-In Totals,,17,,1.00%,,6,,10,,,1,,0,,0,,0,,
Total Votes Cast,,"1,678",,99.00%,,618,,995,,,62,,0,,3,,0,,
Overvotes,,0,,0.00%,,0,,0,,,0,,0,,0,,0,,
Undervotes,,17,,1.00%,,11,,5,,,0,,0,,1,,0,,
Contest Totals,,"1,695",,100.00%,,629,,"1,000",,,62,,0,,4,,0,,
,FOR U.S. SENATOR,,,,,,,,,,,,,,,,,,
,Vote For 1,,,,,,,,,,,,,,,,,,
,,,TOTAL,,VOTE %,,Election Day,,Early Vote,,,Absentee,,Canvass,,Absentee After ED,,Provisional,
REP JIM JUSTICE,,854,,50.38%,,326,,499,,,28,,0,,1,,0,,
DEM GLENN ELLIOTT,,723,,42.65%,,247,,442,,,32,,0,,2,,0,,
LBN DAVID MORAN,,81,,4.78%,,39,,40,,,2,,0,,0,,0,,
NO CANDIDATE(S) NOMINATED,,0,,0.00%,,0,,0,,,0,,0,,0,,0,,
Write-In Totals,,3,,0.18%,,2,,1,,,0,,0,,0,,0,,
Total Votes Cast,,"1,661",,97.99%,,614,,982,,,62,,0,,3,,0,,
Overvotes,,0,,0.00%,,0,,0,,,0,,0,,0,,0,,
Undervotes,,34,,2.01%,,15,,18,,,0,,0,,1,,0,,
Contest Totals,,"1,695",,100.00%,,629,,"1,000",,,62,,0,,4,,0,,
,FOR U.S. HOUSE OF REPS 2ND DIST,,,,,,,,,,,,,,,,,,
,Vote For 1,,,,,,,,,,,,,,,,,,
,,,TOTAL,,VOTE %,,Election Day,,Early Vote,,,Absentee,,Canvass,,Absentee After ED,,Provisional,
REP RILEY MOORE,,885,,52.21%,,356,,500,,,27,,0,,2,,0,,
DEM STEVEN WENDELIN,,726,,42.83%,,233,,458,,,33,,0,,2,,0,,
NO CANDIDATE(S) NOMINATED,,0,,0.00%,,0,,0,,,0,,0,,0,,0,,
NO CANDIDATE(S) NOMINATED,,0,,0.00%,,0,,0,,,0,,0,,0,,0,,
Write-In Totals,,1,,0.06%,,1,,0,,,0,,0,,0,,0,,
Total Votes Cast,,"1,612",,95.10%,,590,,958,,,60,,0,,4,,0,,
Overvotes,,0,,0.00%,,0,,0,,,0,,0,,0,,0,,
Undervotes,,83,,4.90%,,39,,42,,,2,,0,,0,,0,,
Contest Totals,,"1,695",,100.00%,,629,,"1,000",,,62,,0,,4,,0,,
Precinct Summary - 11/12/2024     2:58 PM,,,,,,,,,,223,,,,,,,,, of 258
Report generated with Electionware Copyright © 2007-2019,,,,,,,,,,,,,,,,,,,
Summary Results Report,,,,,,,,,,OFFICIAL RESULTS,,,,,,,,,
General Election,,,,,,,,,,,,,,,,,,,
"November 5, 2024",,,,,,,,,,"Monongalia County, West Virginia",,,,,,,,,
PRECINCT 78,,,,,,,,,,,,,,,,,,,
,FOR GOVERNOR,,,,,,,,,,,,,,,,,,
,Vote For 1,,,,,,,,,,,,,,,,,,
,,,TOTAL,,VOTE %,,Election Day,,Early Vote,,,Absentee,,Canvass,,Absentee After ED,,Provisional,
REP PATRICK MORRISEY,,810,,47.79%,,312,,470,,,26,,0,,2,,0,,
DEM STEVE WILLIAMS,,740,,43.66%,,240,,469,,,29,,0,,2,,0,,
LBN ERIKA KLIE KOLENICH,,74,,4.37%,,37,,35,,,2,,0,,0,,0,,
MTN CHASE LINKO-LOOPER,,13,,0.77%,,8,,5,,,0,,0,,0,,0,,
CST S. MARSHALL WILSON,,6,,0.35%,,5,,1,,,0,,0,,0,,0,,
Write-In Totals,,2,,0.12%,,2,,0,,,0,,0,,0,,0,,
Total Votes Cast,,"1,645",,97.05%,,604,,980,,,57,,0,,4,,0,,
Overvotes,,0,,0.00%,,0,,0,,,0,,0,,0,,0,,
Undervotes,,50,,2.95%,,25,,20,,,5,,0,,0,,0,,
Contest Totals,,"1,695",,100.00%,,629,,"1,000",,,62,,0,,4,,0,,
,FOR SECRETARY OF STATE,,,,,,,,,,,,,,,,,,
,Vote For 1,,,,,,,,,,,,,,,,,,
,,,TOTAL,,VOTE %,,Election Day,,Early Vote,,,Absentee,,Canvass,,Absentee After ED,,Provisional,
REP KRIS WARNER,,894,,52.74%,,358,,506,,,28,,0,,2,,0,,
DEM THORNTON COOPER,,721,,42.54%,,228,,460,,,31,,0,,2,,0,,
NO CANDIDATE(S) NOMINATED,,0,,0.00%,,0,,0,,,0,,0,,0,,0,,
NO CANDIDATE(S) NOMINATED,,0,,0.00%,,0,,0,,,0,,0,,0,,0,,
Write-In Totals,,2,,0.12%,,1,,1,,,0,,0,,0,,0,,
Total Votes Cast,,"1,617",,95.40%,,587,,967,,,59,,0,,4,,0,,
Overvotes,,0,,0.00%,,0,,0,,,0,,0,,0,,0,,
Undervotes,,78,,4.60%,,42,,33,,,3,,0,,0,,0,,
Contest Totals,,"1,695",,100.00%,,629,,"1,000",,,62,,0,,4,,0,,
,FOR AUDITOR,,,,,,,,,,,,,,,,,,
,Vote For 1,,,,,,,,,,,,,,,,,,
,,,TOTAL,,VOTE %,,Election Day,,Early Vote,,,Absentee,,Canvass,,Absentee After ED,,Provisional,
REP MARK HUNT,,822,,48.50%,,320,,473,,,28,,0,,1,,0,,
DEM MARY ANN ROEBUCK CLAYTOR,,766,,45.19%,,252,,481,,,31,,0,,2,,0,,
NO CANDIDATE(S) NOMINATED,,0,,0.00%,,0,,0,,,0,,0,,0,,0,,
NO CANDIDATE(S) NOMINATED,,0,,0.00%,,0,,0,,,0,,0,,0,,0,,
Write-In Totals,,0,,0.00%,,0,,0,,,0,,0,,0,,0,,
Total Votes Cast,,"1,588",,93.69%,,572,,954,,,59,,0,,3,,0,,
Overvotes,,0,,0.00%,,0,,0,,,0,,0,,0,,0,,
Undervotes,,107,,6.31%,,57,,46,,,3,,0,,1,,0,,
Contest Totals,,"1,695",,100.00%,,629,,"1,000",,,62,,0,,4,,0,,
Precinct Summary - 11/12/2024     2:58 PM,,,,,,,,,,224,,,,,,,,, of 258
Report generated with Electionware Copyright © 2007-2019,,,,,,,,,,,,,,,,,,,
Summary Results Report,,,,,,,,,,OFFICIAL RESULTS,,,,,,,,,
General Election,,,,,,,,,,,,,,,,,,,
"November 5, 2024",,,,,,,,,,"Monongalia County, West Virginia",,,,,,,,,
PRECINCT 78,,,,,,,,,,,,,,,,,,,
,FOR TREASURER,,,,,,,,,,,,,,,,,,
,Vote For 1,,,,,,,,,,,,,,,,,,
,,,TOTAL,,VOTE %,,Election Day,,Early Vote,,,Absentee,,Canvass,,Absentee After ED,,Provisional,
REP LARRY PACK,,"1,244",,73.39%,,490,,709,,,42,,0,,3,,0,,
NO CANDIDATE(S) NOMINATED,,0,,0.00%,,0,,0,,,0,,0,,0,,0,,
NO CANDIDATE(S) NOMINATED,,0,,0.00%,,0,,0,,,0,,0,,0,,0,,
NO CANDIDATE(S) NOMINATED,,0,,0.00%,,0,,0,,,0,,0,,0,,0,,
Write-In Totals,,22,,1.30%,,9,,12,,,1,,0,,0,,0,,
Total Votes Cast,,"1,266",,74.69%,,499,,721,,,43,,0,,3,,0,,
Overvotes,,0,,0.00%,,0,,0,,,0,,0,,0,,0,,
Undervotes,,429,,25.31%,,130,,279,,,19,,0,,1,,0,,
Contest Totals,,"1,695",,100.00%,,629,,"1,000",,,62,,0,,4,,0,,
,FOR COMMISSIONER OF AGRICULTURE,,,,,,,,,,,,,,,,,,
,Vote For 1,,,,,,,,,,,,,,,,,,
,,,TOTAL,,VOTE %,,Election Day,,Early Vote,,,Absentee,,Canvass,,Absentee After ED,,Provisional,
REP KENT LEONHARDT,,900,,53.10%,,356,,515,,,28,,0,,1,,0,,
DEM DEBORAH STILES,,691,,40.77%,,223,,437,,,29,,0,,2,,0,,
NO CANDIDATE(S) NOMINATED,,0,,0.00%,,0,,0,,,0,,0,,0,,0,,
NO CANDIDATE(S) NOMINATED,,0,,0.00%,,0,,0,,,0,,0,,0,,0,,
Write-In Totals,,3,,0.18%,,1,,2,,,0,,0,,0,,0,,
Total Votes Cast,,"1,594",,94.04%,,580,,954,,,57,,0,,3,,0,,
Overvotes,,0,,0.00%,,0,,0,,,0,,0,,0,,0,,
Undervotes,,101,,5.96%,,49,,46,,,5,,0,,1,,0,,
Contest Totals,,"1,695",,100.00%,,629,,"1,000",,,62,,0,,4,,0,,
,FOR ATTORNEY GENERAL,,,,,,,,,,,,,,,,,,
,Vote For 1,,,,,,,,,,,,,,,,,,
,,,TOTAL,,VOTE %,,Election Day,,Early Vote,,,Absentee,,Canvass,,Absentee After ED,,Provisional,
"REP JOHN ""JB"" McCUSKEY",,869,,51.27%,,347,,492,,,29,,0,,1,,0,,
DEM TERESA TORISEVA,,735,,43.36%,,241,,463,,,29,,0,,2,,0,,
NO CANDIDATE(S) NOMINATED,,0,,0.00%,,0,,0,,,0,,0,,0,,0,,
NO CANDIDATE(S) NOMINATED,,0,,0.00%,,0,,0,,,0,,0,,0,,0,,
Write-In Totals,,0,,0.00%,,0,,0,,,0,,0,,0,,0,,
Total Votes Cast,,"1,604",,94.63%,,588,,955,,,58,,0,,3,,0,,
Overvotes,,0,,0.00%,,0,,0,,,0,,0,,0,,0,,
Undervotes,,91,,5.37%,,41,,45,,,4,,0,,1,,0,,
Contest Totals,,"1,695",,100.00%,,629,,"1,000",,,62,,0,,4,,0,,
Precinct Summary - 11/12/2024     2:58 PM,,,,,,,,,,225,,,,,,,,, of 258
Report generated with Electionware Copyright © 2007-2019,,,,,,,,,,,,,,,,,,,
Summary Results Report,,,,,,,,,,OFFICIAL RESULTS,,,,,,,,,
General Election,,,,,,,,,,,,,,,,,,,
"November 5, 2024",,,,,,,,,,"Monongalia County, West Virginia",,,,,,,,,
PRECINCT 78,,,,,,,,,,,,,,,,,,,
,FOR STATE SENATOR 2ND DISTRICT,,,,,,,,,,,,,,,,,,
,Vote For 1,,,,,,,,,,,,,,,,,,
,,,TOTAL,,VOTE %,,Election Day,,Early Vote,,,Absentee,,Canvass,,Absentee After ED,,Provisional,
REP CHRIS ROSE,,"1,243",,73.33%,,492,,709,,,40,,0,,2,,0,,
NO CANDIDATE(S) NOMINATED,,0,,0.00%,,0,,0,,,0,,0,,0,,0,,
NO CANDIDATE(S) NOMINATED,,0,,0.00%,,0,,0,,,0,,0,,0,,0,,
NO CANDIDATE(S) NOMINATED,,0,,0.00%,,0,,0,,,0,,0,,0,,0,,
Write-In Totals,,19,,1.12%,,8,,11,,,0,,0,,0,,0,,
Total Votes Cast,,"1,262",,74.45%,,500,,720,,,40,,0,,2,,0,,
Overvotes,,0,,0.00%,,0,,0,,,0,,0,,0,,0,,
Undervotes,,433,,25.55%,,129,,280,,,22,,0,,2,,0,,
Contest Totals,,"1,695",,100.00%,,629,,"1,000",,,62,,0,,4,,0,,
,FOR MEMBER OF HOUSE OF DELEGATES 82ND DISTRICT,,,,,,,,,,,,,,,,,,
,Vote For 1,,,,,,,,,,,,,,,,,,
,,,TOTAL,,VOTE %,,Election Day,,Early Vote,,,Absentee,,Canvass,,Absentee After ED,,Provisional,
REP DAVID  McCORMICK,,874,,51.56%,,360,,486,,,27,,0,,1,,0,,
DEM BILL REGER-NASH,,754,,44.48%,,235,,486,,,30,,0,,3,,0,,
NO CANDIDATE(S) NOMINATED,,0,,0.00%,,0,,0,,,0,,0,,0,,0,,
NO CANDIDATE(S) NOMINATED,,0,,0.00%,,0,,0,,,0,,0,,0,,0,,
Write-In Totals,,0,,0.00%,,0,,0,,,0,,0,,0,,0,,
Total Votes Cast,,"1,628",,96.05%,,595,,972,,,57,,0,,4,,0,,
Overvotes,,0,,0.00%,,0,,0,,,0,,0,,0,,0,,
Undervotes,,67,,3.95%,,34,,28,,,5,,0,,0,,0,,
Contest Totals,,"1,695",,100.00%,,629,,"1,000",,,62,,0,,4,,0,,
,FOR COUNTY COMMISSIONER,,,,,,,,,,,,,,,,,,
,Vote For 1,,,,,,,,,,,,,,,,,,
,,,TOTAL,,VOTE %,,Election Day,,Early Vote,,,Absentee,,Canvass,,Absentee After ED,,Provisional,
REP MARYANN (BABICH) FOLZ,,734,,43.30%,,299,,410,,,24,,0,,1,,0,,
DEM TOM  BLOOM,,878,,51.80%,,292,,548,,,35,,0,,3,,0,,
NO CANDIDATE(S) NOMINATED,,0,,0.00%,,0,,0,,,0,,0,,0,,0,,
NO CANDIDATE(S) NOMINATED,,0,,0.00%,,0,,0,,,0,,0,,0,,0,,
Write-In Totals,,0,,0.00%,,0,,0,,,0,,0,,0,,0,,
Total Votes Cast,,"1,612",,95.10%,,591,,958,,,59,,0,,4,,0,,
Overvotes,,0,,0.00%,,0,,0,,,0,,0,,0,,0,,
Undervotes,,83,,4.90%,,38,,42,,,3,,0,,0,,0,,
Contest Totals,,"1,695",,100.00%,,629,,"1,000",,,62,,0,,4,,0,,
Precinct Summary - 11/12/2024     2:58 PM,,,,,,,,,,226,,,,,,,,, of 258
Report generated with Electionware Copyright © 2007-2019,,,,,,,,,,,,,,,,,,,
Summary Results Report,,,,,,,,,,OFFICIAL RESULTS,,,,,,,,,
General Election,,,,,,,,,,,,,,,,,,,
"November 5, 2024",,,,,,,,,,"Monongalia County, West Virginia",,,,,,,,,
PRECINCT 78,,,,,,,,,,,,,,,,,,,
,FOR PROSECUTING ATTORNEY,,,,,,,,,,,,,,,,,,
,Vote For 1,,,,,,,,,,,,,,,,,,
,,,TOTAL,,VOTE %,,Election Day,,Early Vote,,,Absentee,,Canvass,,Absentee After ED,,Provisional,
NO CANDIDATE(S) NOMINATED,,0,,0.00%,,0,,0,,,0,,0,,0,,0,,
"DEM GABRIELLE ""GABE"" MUCCIOLA",,"1,230",,72.57%,,450,,730,,,46,,0,,4,,0,,
NO CANDIDATE(S) NOMINATED,,0,,0.00%,,0,,0,,,0,,0,,0,,0,,
NO CANDIDATE(S) NOMINATED,,0,,0.00%,,0,,0,,,0,,0,,0,,0,,
Write-In Totals,,11,,0.65%,,7,,4,,,0,,0,,0,,0,,
Total Votes Cast,,"1,241",,73.22%,,457,,734,,,46,,0,,4,,0,,
Overvotes,,0,,0.00%,,0,,0,,,0,,0,,0,,0,,
Undervotes,,454,,26.78%,,172,,266,,,16,,0,,0,,0,,
Contest Totals,,"1,695",,100.00%,,629,,"1,000",,,62,,0,,4,,0,,
,FOR SHERIFF,,,,,,,,,,,,,,,,,,
,Vote For 1,,,,,,,,,,,,,,,,,,
,,,TOTAL,,VOTE %,,Election Day,,Early Vote,,,Absentee,,Canvass,,Absentee After ED,,Provisional,
REP JASON MORGAN,,746,,44.01%,,304,,414,,,28,,0,,0,,0,,
DEM TODD FORBES,,861,,50.80%,,287,,541,,,30,,0,,3,,0,,
NO CANDIDATE(S) NOMINATED,,0,,0.00%,,0,,0,,,0,,0,,0,,0,,
NO CANDIDATE(S) NOMINATED,,0,,0.00%,,0,,0,,,0,,0,,0,,0,,
Write-In Totals,,0,,0.00%,,0,,0,,,0,,0,,0,,0,,
Total Votes Cast,,"1,607",,94.81%,,591,,955,,,58,,0,,3,,0,,
Overvotes,,0,,0.00%,,0,,0,,,0,,0,,0,,0,,
Undervotes,,88,,5.19%,,38,,45,,,4,,0,,1,,0,,
Contest Totals,,"1,695",,100.00%,,629,,"1,000",,,62,,0,,4,,0,,
,FOR ASSESSOR,,,,,,,,,,,,,,,,,,
,Vote For 1,,,,,,,,,,,,,,,,,,
,,,TOTAL,,VOTE %,,Election Day,,Early Vote,,,Absentee,,Canvass,,Absentee After ED,,Provisional,
REP RICH JACOBS,,643,,37.94%,,258,,365,,,19,,0,,1,,0,,
DEM MARK A. MUSICK,,973,,57.40%,,334,,600,,,37,,0,,2,,0,,
NO CANDIDATE(S) NOMINATED,,0,,0.00%,,0,,0,,,0,,0,,0,,0,,
NO CANDIDATE(S) NOMINATED,,0,,0.00%,,0,,0,,,0,,0,,0,,0,,
Write-In Totals,,0,,0.00%,,0,,0,,,0,,0,,0,,0,,
Total Votes Cast,,"1,616",,95.34%,,592,,965,,,56,,0,,3,,0,,
Overvotes,,0,,0.00%,,0,,0,,,0,,0,,0,,0,,
Undervotes,,79,,4.66%,,37,,35,,,6,,0,,1,,0,,
Contest Totals,,"1,695",,100.00%,,629,,"1,000",,,62,,0,,4,,0,,
Precinct Summary - 11/12/2024     2:58 PM,,,,,,,,,,227,,,,,,,,, of 258
Report generated with Electionware Copyright © 2007-2019,,,,,,,,,,,,,,,,,,,
Summary Results Report,,,,,,,,,,OFFICIAL RESULTS,,,,,,,,,
General Election,,,,,,,,,,,,,,,,,,,
"November 5, 2024",,,,,,,,,,"Monongalia County, West Virginia",,,,,,,,,
PRECINCT 78,,,,,,,,,,,,,,,,,,,
,FOR SURVEYOR,,,,,,,,,,,,,,,,,,
,Vote For 1,,,,,,,,,,,,,,,,,,
,,,TOTAL,,VOTE %,,Election Day,,Early Vote,,,Absentee,,Canvass,,Absentee After ED,,Provisional,
REP BOB ANDRIOTTO,,"1,240",,73.16%,,487,,708,,,42,,0,,3,,0,,
NO CANDIDATE(S) NOMINATED,,0,,0.00%,,0,,0,,,0,,0,,0,,0,,
NO CANDIDATE(S) NOMINATED,,0,,0.00%,,0,,0,,,0,,0,,0,,0,,
NO CANDIDATE(S) NOMINATED,,0,,0.00%,,0,,0,,,0,,0,,0,,0,,
Write-In Totals,,17,,1.00%,,9,,8,,,0,,0,,0,,0,,
Total Votes Cast,,"1,257",,74.16%,,496,,716,,,42,,0,,3,,0,,
Overvotes,,0,,0.00%,,0,,0,,,0,,0,,0,,0,,
Undervotes,,438,,25.84%,,133,,284,,,20,,0,,1,,0,,
Contest Totals,,"1,695",,100.00%,,629,,"1,000",,,62,,0,,4,,0,,
,AMENDMENT NO. 1,,,,,,,,,,,,,,,,,,
,Vote For 1,,,,,,,,,,,,,,,,,,
,,,TOTAL,,VOTE %,,Election Day,,Early Vote,,,Absentee,,Canvass,,Absentee After ED,,Provisional,
For,,555,,32.74%,,226,,309,,,20,,0,,0,,0,,
Against,,951,,56.11%,,312,,601,,,34,,0,,4,,0,,
Total Votes Cast,,"1,506",,88.85%,,538,,910,,,54,,0,,4,,0,,
Overvotes,,0,,0.00%,,0,,0,,,0,,0,,0,,0,,
Undervotes,,189,,11.15%,,91,,90,,,8,,0,,0,,0,,
Contest Totals,,"1,695",,100.00%,,629,,"1,000",,,62,,0,,4,,0,,
Precinct Summary - 11/12/2024     2:58 PM,,,,,,,,,,228,,,,,,,,, of 258
Report generated with Electionware Copyright © 2007-2019,,,,,,,,,,,,,,,,,,,
Summary Results Report,,,,,,,,,,OFFICIAL RESULTS,,,,,,,,,
General Election,,,,,,,,,,,,,,,,,,,
"November 5, 2024",,,,,,,,,,"Monongalia County, West Virginia",,,,,,,,,
PRECINCT 79,,,,,,,,,,,,,,,,,,,
Statistics,,TOTAL,,Election Day,,Early Vote,,Absentee,,,Canvass,,Absentee After ED,,Provisional,,,,
Registered Voters - Total,,"2,476",,,,,,,,,,,,,,,,,
Ballots Cast - Total,,"1,819",,746,,"1,015",,49,,,0,,6,,3,,,,
Ballots Cast - Blank,,0,,0,,0,,0,,,0,,0,,0,,,,
Voter Turnout - Total,,73.47%,,,,,,,,,,,,,,,,,
,FOR PRESIDENT,,,,,,,,,,,,,,,,,,
,Vote For 1,,,,,,,,,,,,,,,,,,
,,,TOTAL,,VOTE %,,Election Day,,Early Vote,,,Absentee,,Canvass,,Absentee After ED,,Provisional,
REP DONALD J. TRUMP,,"1,021",,56.13%,,469,,531,,,19,,0,,0,,2,,
DEM KAMALA D. HARRIS,,714,,39.25%,,234,,444,,,29,,0,,6,,1,,
LBN CHASE OLIVER,,19,,1.04%,,6,,12,,,1,,0,,0,,0,,
MTN JILL STEIN,,11,,0.60%,,6,,5,,,0,,0,,0,,0,,
IND ROBERT F. KENNEDY JR.,,28,,1.54%,,16,,12,,,0,,0,,0,,0,,
Write-In Totals,,13,,0.71%,,9,,4,,,0,,0,,0,,0,,
Total Votes Cast,,"1,806",,99.29%,,740,,"1,008",,,49,,0,,6,,3,,
Overvotes,,0,,0.00%,,0,,0,,,0,,0,,0,,0,,
Undervotes,,13,,0.71%,,6,,7,,,0,,0,,0,,0,,
Contest Totals,,"1,819",,100.00%,,746,,"1,015",,,49,,0,,6,,3,,
,FOR U.S. SENATOR,,,,,,,,,,,,,,,,,,
,Vote For 1,,,,,,,,,,,,,,,,,,
,,,TOTAL,,VOTE %,,Election Day,,Early Vote,,,Absentee,,Canvass,,Absentee After ED,,Provisional,
REP JIM JUSTICE,,"1,020",,56.07%,,455,,544,,,19,,0,,0,,2,,
DEM GLENN ELLIOTT,,688,,37.82%,,224,,429,,,28,,0,,6,,1,,
LBN DAVID MORAN,,77,,4.23%,,49,,26,,,2,,0,,0,,0,,
NO CANDIDATE(S) NOMINATED,,0,,0.00%,,0,,0,,,0,,0,,0,,0,,
Write-In Totals,,2,,0.11%,,2,,0,,,0,,0,,0,,0,,
Total Votes Cast,,"1,787",,98.24%,,730,,999,,,49,,0,,6,,3,,
Overvotes,,0,,0.00%,,0,,0,,,0,,0,,0,,0,,
Undervotes,,32,,1.76%,,16,,16,,,0,,0,,0,,0,,
Contest Totals,,"1,819",,100.00%,,746,,"1,015",,,49,,0,,6,,3,,
,FOR U.S. HOUSE OF REPS 2ND DIST,,,,,,,,,,,,,,,,,,
,Vote For 1,,,,,,,,,,,,,,,,,,
,,,TOTAL,,VOTE %,,Election Day,,Early Vote,,,Absentee,,Canvass,,Absentee After ED,,Provisional,
REP RILEY MOORE,,"1,088",,59.81%,,506,,559,,,20,,0,,0,,3,,
DEM STEVEN WENDELIN,,662,,36.39%,,207,,421,,,28,,0,,6,,0,,
NO CANDIDATE(S) NOMINATED,,0,,0.00%,,0,,0,,,0,,0,,0,,0,,
NO CANDIDATE(S) NOMINATED,,0,,0.00%,,0,,0,,,0,,0,,0,,0,,
Write-In Totals,,2,,0.11%,,2,,0,,,0,,0,,0,,0,,
Total Votes Cast,,"1,752",,96.32%,,715,,980,,,48,,0,,6,,3,,
Overvotes,,0,,0.00%,,0,,0,,,0,,0,,0,,0,,
Undervotes,,67,,3.68%,,31,,35,,,1,,0,,0,,0,,
Contest Totals,,"1,819",,100.00%,,746,,"1,015",,,49,,0,,6,,3,,
Precinct Summary - 11/12/2024     2:58 PM,,,,,,,,,,229,,,,,,,,, of 258
Report generated with Electionware Copyright © 2007-2019,,,,,,,,,,,,,,,,,,,
Summary Results Report,,,,,,,,,,OFFICIAL RESULTS,,,,,,,,,
General Election,,,,,,,,,,,,,,,,,,,
"November 5, 2024",,,,,,,,,,"Monongalia County, West Virginia",,,,,,,,,
PRECINCT 79,,,,,,,,,,,,,,,,,,,
,FOR GOVERNOR,,,,,,,,,,,,,,,,,,
,Vote For 1,,,,,,,,,,,,,,,,,,
,,,TOTAL,,VOTE %,,Election Day,,Early Vote,,,Absentee,,Canvass,,Absentee After ED,,Provisional,
REP PATRICK MORRISEY,,984,,54.10%,,444,,520,,,18,,0,,0,,2,,
DEM STEVE WILLIAMS,,710,,39.03%,,234,,441,,,28,,0,,6,,1,,
LBN ERIKA KLIE KOLENICH,,57,,3.13%,,35,,21,,,1,,0,,0,,0,,
MTN CHASE LINKO-LOOPER,,11,,0.60%,,7,,3,,,1,,0,,0,,0,,
CST S. MARSHALL WILSON,,7,,0.38%,,5,,2,,,0,,0,,0,,0,,
Write-In Totals,,5,,0.27%,,3,,1,,,1,,0,,0,,0,,
Total Votes Cast,,"1,774",,97.53%,,728,,988,,,49,,0,,6,,3,,
Overvotes,,0,,0.00%,,0,,0,,,0,,0,,0,,0,,
Undervotes,,45,,2.47%,,18,,27,,,0,,0,,0,,0,,
Contest Totals,,"1,819",,100.00%,,746,,"1,015",,,49,,0,,6,,3,,
,FOR SECRETARY OF STATE,,,,,,,,,,,,,,,,,,
,Vote For 1,,,,,,,,,,,,,,,,,,
,,,TOTAL,,VOTE %,,Election Day,,Early Vote,,,Absentee,,Canvass,,Absentee After ED,,Provisional,
REP KRIS WARNER,,"1,079",,59.32%,,509,,545,,,22,,0,,1,,2,,
DEM THORNTON COOPER,,665,,36.56%,,205,,427,,,27,,0,,5,,1,,
NO CANDIDATE(S) NOMINATED,,0,,0.00%,,0,,0,,,0,,0,,0,,0,,
NO CANDIDATE(S) NOMINATED,,0,,0.00%,,0,,0,,,0,,0,,0,,0,,
Write-In Totals,,2,,0.11%,,2,,0,,,0,,0,,0,,0,,
Total Votes Cast,,"1,746",,95.99%,,716,,972,,,49,,0,,6,,3,,
Overvotes,,0,,0.00%,,0,,0,,,0,,0,,0,,0,,
Undervotes,,73,,4.01%,,30,,43,,,0,,0,,0,,0,,
Contest Totals,,"1,819",,100.00%,,746,,"1,015",,,49,,0,,6,,3,,
,FOR AUDITOR,,,,,,,,,,,,,,,,,,
,Vote For 1,,,,,,,,,,,,,,,,,,
,,,TOTAL,,VOTE %,,Election Day,,Early Vote,,,Absentee,,Canvass,,Absentee After ED,,Provisional,
REP MARK HUNT,,"1,025",,56.35%,,472,,532,,,19,,0,,0,,2,,
DEM MARY ANN ROEBUCK CLAYTOR,,702,,38.59%,,233,,433,,,29,,0,,6,,1,,
NO CANDIDATE(S) NOMINATED,,0,,0.00%,,0,,0,,,0,,0,,0,,0,,
NO CANDIDATE(S) NOMINATED,,0,,0.00%,,0,,0,,,0,,0,,0,,0,,
Write-In Totals,,3,,0.16%,,2,,1,,,0,,0,,0,,0,,
Total Votes Cast,,"1,730",,95.11%,,707,,966,,,48,,0,,6,,3,,
Overvotes,,0,,0.00%,,0,,0,,,0,,0,,0,,0,,
Undervotes,,89,,4.89%,,39,,49,,,1,,0,,0,,0,,
Contest Totals,,"1,819",,100.00%,,746,,"1,015",,,49,,0,,6,,3,,
Precinct Summary - 11/12/2024     2:58 PM,,,,,,,,,,230,,,,,,,,, of 258
Report generated with Electionware Copyright © 2007-2019,,,,,,,,,,,,,,,,,,,
Summary Results Report,,,,,,,,,,OFFICIAL RESULTS,,,,,,,,,
General Election,,,,,,,,,,,,,,,,,,,
"November 5, 2024",,,,,,,,,,"Monongalia County, West Virginia",,,,,,,,,
PRECINCT 79,,,,,,,,,,,,,,,,,,,
,FOR TREASURER,,,,,,,,,,,,,,,,,,
,Vote For 1,,,,,,,,,,,,,,,,,,
,,,TOTAL,,VOTE %,,Election Day,,Early Vote,,,Absentee,,Canvass,,Absentee After ED,,Provisional,
REP LARRY PACK,,"1,398",,76.86%,,617,,739,,,35,,0,,4,,3,,
NO CANDIDATE(S) NOMINATED,,0,,0.00%,,0,,0,,,0,,0,,0,,0,,
NO CANDIDATE(S) NOMINATED,,0,,0.00%,,0,,0,,,0,,0,,0,,0,,
NO CANDIDATE(S) NOMINATED,,0,,0.00%,,0,,0,,,0,,0,,0,,0,,
Write-In Totals,,20,,1.10%,,6,,13,,,1,,0,,0,,0,,
Total Votes Cast,,"1,418",,77.95%,,623,,752,,,36,,0,,4,,3,,
Overvotes,,0,,0.00%,,0,,0,,,0,,0,,0,,0,,
Undervotes,,401,,22.05%,,123,,263,,,13,,0,,2,,0,,
Contest Totals,,"1,819",,100.00%,,746,,"1,015",,,49,,0,,6,,3,,
,FOR COMMISSIONER OF AGRICULTURE,,,,,,,,,,,,,,,,,,
,Vote For 1,,,,,,,,,,,,,,,,,,
,,,TOTAL,,VOTE %,,Election Day,,Early Vote,,,Absentee,,Canvass,,Absentee After ED,,Provisional,
REP KENT LEONHARDT,,"1,132",,62.23%,,510,,598,,,21,,0,,1,,2,,
DEM DEBORAH STILES,,616,,33.86%,,203,,382,,,25,,0,,5,,1,,
NO CANDIDATE(S) NOMINATED,,0,,0.00%,,0,,0,,,0,,0,,0,,0,,
NO CANDIDATE(S) NOMINATED,,0,,0.00%,,0,,0,,,0,,0,,0,,0,,
Write-In Totals,,2,,0.11%,,1,,1,,,0,,0,,0,,0,,
Total Votes Cast,,"1,750",,96.21%,,714,,981,,,46,,0,,6,,3,,
Overvotes,,0,,0.00%,,0,,0,,,0,,0,,0,,0,,
Undervotes,,69,,3.79%,,32,,34,,,3,,0,,0,,0,,
Contest Totals,,"1,819",,100.00%,,746,,"1,015",,,49,,0,,6,,3,,
,FOR ATTORNEY GENERAL,,,,,,,,,,,,,,,,,,
,Vote For 1,,,,,,,,,,,,,,,,,,
,,,TOTAL,,VOTE %,,Election Day,,Early Vote,,,Absentee,,Canvass,,Absentee After ED,,Provisional,
"REP JOHN ""JB"" McCUSKEY",,"1,064",,58.49%,,484,,558,,,19,,0,,1,,2,,
DEM TERESA TORISEVA,,686,,37.71%,,231,,420,,,29,,0,,5,,1,,
NO CANDIDATE(S) NOMINATED,,0,,0.00%,,0,,0,,,0,,0,,0,,0,,
NO CANDIDATE(S) NOMINATED,,0,,0.00%,,0,,0,,,0,,0,,0,,0,,
Write-In Totals,,1,,0.06%,,1,,0,,,0,,0,,0,,0,,
Total Votes Cast,,"1,751",,96.26%,,716,,978,,,48,,0,,6,,3,,
Overvotes,,0,,0.00%,,0,,0,,,0,,0,,0,,0,,
Undervotes,,68,,3.74%,,30,,37,,,1,,0,,0,,0,,
Contest Totals,,"1,819",,100.00%,,746,,"1,015",,,49,,0,,6,,3,,
Precinct Summary - 11/12/2024     2:58 PM,,,,,,,,,,231,,,,,,,,, of 258
Report generated with Electionware Copyright © 2007-2019,,,,,,,,,,,,,,,,,,,
Summary Results Report,,,,,,,,,,OFFICIAL RESULTS,,,,,,,,,
General Election,,,,,,,,,,,,,,,,,,,
"November 5, 2024",,,,,,,,,,"Monongalia County, West Virginia",,,,,,,,,
PRECINCT 79,,,,,,,,,,,,,,,,,,,
,FOR STATE SENATOR 2ND DISTRICT,,,,,,,,,,,,,,,,,,
,Vote For 1,,,,,,,,,,,,,,,,,,
,,,TOTAL,,VOTE %,,Election Day,,Early Vote,,,Absentee,,Canvass,,Absentee After ED,,Provisional,
REP CHRIS ROSE,,"1,392",,76.53%,,623,,727,,,35,,0,,4,,3,,
NO CANDIDATE(S) NOMINATED,,0,,0.00%,,0,,0,,,0,,0,,0,,0,,
NO CANDIDATE(S) NOMINATED,,0,,0.00%,,0,,0,,,0,,0,,0,,0,,
NO CANDIDATE(S) NOMINATED,,0,,0.00%,,0,,0,,,0,,0,,0,,0,,
Write-In Totals,,22,,1.21%,,8,,13,,,1,,0,,0,,0,,
Total Votes Cast,,"1,414",,77.74%,,631,,740,,,36,,0,,4,,3,,
Overvotes,,0,,0.00%,,0,,0,,,0,,0,,0,,0,,
Undervotes,,405,,22.26%,,115,,275,,,13,,0,,2,,0,,
Contest Totals,,"1,819",,100.00%,,746,,"1,015",,,49,,0,,6,,3,,
,FOR MEMBER OF HOUSE OF DELEGATES 82ND DISTRICT,,,,,,,,,,,,,,,,,,
,Vote For 1,,,,,,,,,,,,,,,,,,
,,,TOTAL,,VOTE %,,Election Day,,Early Vote,,,Absentee,,Canvass,,Absentee After ED,,Provisional,
REP DAVID  McCORMICK,,"1,068",,58.71%,,488,,557,,,20,,0,,1,,2,,
DEM BILL REGER-NASH,,702,,38.59%,,231,,436,,,29,,0,,5,,1,,
NO CANDIDATE(S) NOMINATED,,0,,0.00%,,0,,0,,,0,,0,,0,,0,,
NO CANDIDATE(S) NOMINATED,,0,,0.00%,,0,,0,,,0,,0,,0,,0,,
Write-In Totals,,2,,0.11%,,2,,0,,,0,,0,,0,,0,,
Total Votes Cast,,"1,772",,97.42%,,721,,993,,,49,,0,,6,,3,,
Overvotes,,0,,0.00%,,0,,0,,,0,,0,,0,,0,,
Undervotes,,47,,2.58%,,25,,22,,,0,,0,,0,,0,,
Contest Totals,,"1,819",,100.00%,,746,,"1,015",,,49,,0,,6,,3,,
,FOR COUNTY COMMISSIONER,,,,,,,,,,,,,,,,,,
,Vote For 1,,,,,,,,,,,,,,,,,,
,,,TOTAL,,VOTE %,,Election Day,,Early Vote,,,Absentee,,Canvass,,Absentee After ED,,Provisional,
REP MARYANN (BABICH) FOLZ,,938,,51.57%,,436,,483,,,18,,0,,0,,1,,
DEM TOM  BLOOM,,818,,44.97%,,283,,496,,,31,,0,,6,,2,,
NO CANDIDATE(S) NOMINATED,,0,,0.00%,,0,,0,,,0,,0,,0,,0,,
NO CANDIDATE(S) NOMINATED,,0,,0.00%,,0,,0,,,0,,0,,0,,0,,
Write-In Totals,,4,,0.22%,,1,,3,,,0,,0,,0,,0,,
Total Votes Cast,,"1,760",,96.76%,,720,,982,,,49,,0,,6,,3,,
Overvotes,,0,,0.00%,,0,,0,,,0,,0,,0,,0,,
Undervotes,,59,,3.24%,,26,,33,,,0,,0,,0,,0,,
Contest Totals,,"1,819",,100.00%,,746,,"1,015",,,49,,0,,6,,3,,
Precinct Summary - 11/12/2024     2:58 PM,,,,,,,,,,232,,,,,,,,, of 258
Report generated with Electionware Copyright © 2007-2019,,,,,,,,,,,,,,,,,,,
Summary Results Report,,,,,,,,,,OFFICIAL RESULTS,,,,,,,,,
General Election,,,,,,,,,,,,,,,,,,,
"November 5, 2024",,,,,,,,,,"Monongalia County, West Virginia",,,,,,,,,
PRECINCT 79,,,,,,,,,,,,,,,,,,,
,FOR PROSECUTING ATTORNEY,,,,,,,,,,,,,,,,,,
,Vote For 1,,,,,,,,,,,,,,,,,,
,,,TOTAL,,VOTE %,,Election Day,,Early Vote,,,Absentee,,Canvass,,Absentee After ED,,Provisional,
NO CANDIDATE(S) NOMINATED,,0,,0.00%,,0,,0,,,0,,0,,0,,0,,
"DEM GABRIELLE ""GABE"" MUCCIOLA",,"1,252",,68.83%,,515,,691,,,38,,0,,5,,3,,
NO CANDIDATE(S) NOMINATED,,0,,0.00%,,0,,0,,,0,,0,,0,,0,,
NO CANDIDATE(S) NOMINATED,,0,,0.00%,,0,,0,,,0,,0,,0,,0,,
Write-In Totals,,25,,1.37%,,12,,13,,,0,,0,,0,,0,,
Total Votes Cast,,"1,277",,70.20%,,527,,704,,,38,,0,,5,,3,,
Overvotes,,0,,0.00%,,0,,0,,,0,,0,,0,,0,,
Undervotes,,542,,29.80%,,219,,311,,,11,,0,,1,,0,,
Contest Totals,,"1,819",,100.00%,,746,,"1,015",,,49,,0,,6,,3,,
,FOR SHERIFF,,,,,,,,,,,,,,,,,,
,Vote For 1,,,,,,,,,,,,,,,,,,
,,,TOTAL,,VOTE %,,Election Day,,Early Vote,,,Absentee,,Canvass,,Absentee After ED,,Provisional,
REP JASON MORGAN,,931,,51.18%,,433,,478,,,18,,0,,1,,1,,
DEM TODD FORBES,,807,,44.36%,,277,,492,,,31,,0,,5,,2,,
NO CANDIDATE(S) NOMINATED,,0,,0.00%,,0,,0,,,0,,0,,0,,0,,
NO CANDIDATE(S) NOMINATED,,0,,0.00%,,0,,0,,,0,,0,,0,,0,,
Write-In Totals,,1,,0.06%,,1,,0,,,0,,0,,0,,0,,
Total Votes Cast,,"1,739",,95.60%,,711,,970,,,49,,0,,6,,3,,
Overvotes,,0,,0.00%,,0,,0,,,0,,0,,0,,0,,
Undervotes,,80,,4.40%,,35,,45,,,0,,0,,0,,0,,
Contest Totals,,"1,819",,100.00%,,746,,"1,015",,,49,,0,,6,,3,,
,FOR ASSESSOR,,,,,,,,,,,,,,,,,,
,Vote For 1,,,,,,,,,,,,,,,,,,
,,,TOTAL,,VOTE %,,Election Day,,Early Vote,,,Absentee,,Canvass,,Absentee After ED,,Provisional,
REP RICH JACOBS,,854,,46.95%,,404,,434,,,15,,0,,0,,1,,
DEM MARK A. MUSICK,,892,,49.04%,,308,,544,,,32,,0,,6,,2,,
NO CANDIDATE(S) NOMINATED,,0,,0.00%,,0,,0,,,0,,0,,0,,0,,
NO CANDIDATE(S) NOMINATED,,0,,0.00%,,0,,0,,,0,,0,,0,,0,,
Write-In Totals,,1,,0.06%,,1,,0,,,0,,0,,0,,0,,
Total Votes Cast,,"1,747",,96.04%,,713,,978,,,47,,0,,6,,3,,
Overvotes,,0,,0.00%,,0,,0,,,0,,0,,0,,0,,
Undervotes,,72,,3.96%,,33,,37,,,2,,0,,0,,0,,
Contest Totals,,"1,819",,100.00%,,746,,"1,015",,,49,,0,,6,,3,,
Precinct Summary - 11/12/2024     2:58 PM,,,,,,,,,,233,,,,,,,,, of 258
Report generated with Electionware Copyright © 2007-2019,,,,,,,,,,,,,,,,,,,
Summary Results Report,,,,,,,,,,OFFICIAL RESULTS,,,,,,,,,
General Election,,,,,,,,,,,,,,,,,,,
"November 5, 2024",,,,,,,,,,"Monongalia County, West Virginia",,,,,,,,,
PRECINCT 79,,,,,,,,,,,,,,,,,,,
,FOR SURVEYOR,,,,,,,,,,,,,,,,,,
,Vote For 1,,,,,,,,,,,,,,,,,,
,,,TOTAL,,VOTE %,,Election Day,,Early Vote,,,Absentee,,Canvass,,Absentee After ED,,Provisional,
REP BOB ANDRIOTTO,,"1,395",,76.69%,,616,,737,,,35,,0,,4,,3,,
NO CANDIDATE(S) NOMINATED,,0,,0.00%,,0,,0,,,0,,0,,0,,0,,
NO CANDIDATE(S) NOMINATED,,0,,0.00%,,0,,0,,,0,,0,,0,,0,,
NO CANDIDATE(S) NOMINATED,,0,,0.00%,,0,,0,,,0,,0,,0,,0,,
Write-In Totals,,15,,0.82%,,5,,9,,,1,,0,,0,,0,,
Total Votes Cast,,"1,410",,77.52%,,621,,746,,,36,,0,,4,,3,,
Overvotes,,0,,0.00%,,0,,0,,,0,,0,,0,,0,,
Undervotes,,409,,22.48%,,125,,269,,,13,,0,,2,,0,,
Contest Totals,,"1,819",,100.00%,,746,,"1,015",,,49,,0,,6,,3,,
,AMENDMENT NO. 1,,,,,,,,,,,,,,,,,,
,Vote For 1,,,,,,,,,,,,,,,,,,
,,,TOTAL,,VOTE %,,Election Day,,Early Vote,,,Absentee,,Canvass,,Absentee After ED,,Provisional,
For,,638,,35.07%,,279,,345,,,12,,0,,1,,1,,
Against,,987,,54.26%,,382,,566,,,32,,0,,5,,2,,
Total Votes Cast,,"1,625",,89.33%,,661,,911,,,44,,0,,6,,3,,
Overvotes,,0,,0.00%,,0,,0,,,0,,0,,0,,0,,
Undervotes,,194,,10.67%,,85,,104,,,5,,0,,0,,0,,
Contest Totals,,"1,819",,100.00%,,746,,"1,015",,,49,,0,,6,,3,,
Precinct Summary - 11/12/2024     2:58 PM,,,,,,,,,,234,,,,,,,,, of 258
Report generated with Electionware Copyright © 2007-2019,,,,,,,,,,,,,,,,,,,
Summary Results Report,,,,,,,,,,OFFICIAL RESULTS,,,,,,,,,
General Election,,,,,,,,,,,,,,,,,,,
"November 5, 2024",,,,,,,,,,"Monongalia County, West Virginia",,,,,,,,,
PRECINCT 81,,,,,,,,,,,,,,,,,,,
Statistics,,TOTAL,,Election Day,,Early Vote,,Absentee,,,Canvass,,Absentee After ED,,Provisional,,,,
Registered Voters - Total,,"3,452",,,,,,,,,,,,,,,,,
Ballots Cast - Total,,"2,021",,829,,"1,120",,67,,,0,,4,,1,,,,
Ballots Cast - Blank,,0,,0,,0,,0,,,0,,0,,0,,,,
Voter Turnout - Total,,58.55%,,,,,,,,,,,,,,,,,
,FOR PRESIDENT,,,,,,,,,,,,,,,,,,
,Vote For 1,,,,,,,,,,,,,,,,,,
,,,TOTAL,,VOTE %,,Election Day,,Early Vote,,,Absentee,,Canvass,,Absentee After ED,,Provisional,
REP DONALD J. TRUMP,,916,,45.32%,,399,,492,,,24,,0,,1,,0,,
DEM KAMALA D. HARRIS,,"1,026",,50.77%,,388,,593,,,41,,0,,3,,1,,
LBN CHASE OLIVER,,8,,0.40%,,4,,3,,,1,,0,,0,,0,,
MTN JILL STEIN,,21,,1.04%,,12,,8,,,1,,0,,0,,0,,
IND ROBERT F. KENNEDY JR.,,21,,1.04%,,14,,7,,,0,,0,,0,,0,,
Write-In Totals,,15,,0.74%,,6,,9,,,0,,0,,0,,0,,
Total Votes Cast,,"2,007",,99.31%,,823,,"1,112",,,67,,0,,4,,1,,
Overvotes,,0,,0.00%,,0,,0,,,0,,0,,0,,0,,
Undervotes,,14,,0.69%,,6,,8,,,0,,0,,0,,0,,
Contest Totals,,"2,021",,100.00%,,829,,"1,120",,,67,,0,,4,,1,,
,FOR U.S. SENATOR,,,,,,,,,,,,,,,,,,
,Vote For 1,,,,,,,,,,,,,,,,,,
,,,TOTAL,,VOTE %,,Election Day,,Early Vote,,,Absentee,,Canvass,,Absentee After ED,,Provisional,
REP JIM JUSTICE,,935,,46.26%,,401,,508,,,25,,0,,1,,0,,
DEM GLENN ELLIOTT,,971,,48.05%,,358,,571,,,38,,0,,3,,1,,
LBN DAVID MORAN,,66,,3.27%,,46,,19,,,1,,0,,0,,0,,
NO CANDIDATE(S) NOMINATED,,0,,0.00%,,0,,0,,,0,,0,,0,,0,,
Write-In Totals,,7,,0.35%,,4,,3,,,0,,0,,0,,0,,
Total Votes Cast,,"1,979",,97.92%,,809,,"1,101",,,64,,0,,4,,1,,
Overvotes,,0,,0.00%,,0,,0,,,0,,0,,0,,0,,
Undervotes,,42,,2.08%,,20,,19,,,3,,0,,0,,0,,
Contest Totals,,"2,021",,100.00%,,829,,"1,120",,,67,,0,,4,,1,,
,FOR U.S. HOUSE OF REPS 2ND DIST,,,,,,,,,,,,,,,,,,
,Vote For 1,,,,,,,,,,,,,,,,,,
,,,TOTAL,,VOTE %,,Election Day,,Early Vote,,,Absentee,,Canvass,,Absentee After ED,,Provisional,
REP RILEY MOORE,,947,,46.86%,,410,,512,,,24,,0,,1,,0,,
DEM STEVEN WENDELIN,,981,,48.54%,,371,,567,,,39,,0,,3,,1,,
NO CANDIDATE(S) NOMINATED,,0,,0.00%,,0,,0,,,0,,0,,0,,0,,
NO CANDIDATE(S) NOMINATED,,0,,0.00%,,0,,0,,,0,,0,,0,,0,,
Write-In Totals,,2,,0.10%,,1,,1,,,0,,0,,0,,0,,
Total Votes Cast,,"1,930",,95.50%,,782,,"1,080",,,63,,0,,4,,1,,
Overvotes,,0,,0.00%,,0,,0,,,0,,0,,0,,0,,
Undervotes,,91,,4.50%,,47,,40,,,4,,0,,0,,0,,
Contest Totals,,"2,021",,100.00%,,829,,"1,120",,,67,,0,,4,,1,,
Precinct Summary - 11/12/2024     2:58 PM,,,,,,,,,,235,,,,,,,,, of 258
Report generated with Electionware Copyright © 2007-2019,,,,,,,,,,,,,,,,,,,
Summary Results Report,,,,,,,,,,OFFICIAL RESULTS,,,,,,,,,
General Election,,,,,,,,,,,,,,,,,,,
"November 5, 2024",,,,,,,,,,"Monongalia County, West Virginia",,,,,,,,,
PRECINCT 81,,,,,,,,,,,,,,,,,,,
,FOR GOVERNOR,,,,,,,,,,,,,,,,,,
,Vote For 1,,,,,,,,,,,,,,,,,,
,,,TOTAL,,VOTE %,,Election Day,,Early Vote,,,Absentee,,Canvass,,Absentee After ED,,Provisional,
REP PATRICK MORRISEY,,833,,41.22%,,351,,460,,,21,,0,,1,,0,,
DEM STEVE WILLIAMS,,"1,002",,49.58%,,375,,586,,,37,,0,,3,,1,,
LBN ERIKA KLIE KOLENICH,,78,,3.86%,,43,,33,,,2,,0,,0,,0,,
MTN CHASE LINKO-LOOPER,,19,,0.94%,,11,,6,,,2,,0,,0,,0,,
CST S. MARSHALL WILSON,,24,,1.19%,,11,,13,,,0,,0,,0,,0,,
Write-In Totals,,4,,0.20%,,3,,1,,,0,,0,,0,,0,,
Total Votes Cast,,"1,960",,96.98%,,794,,"1,099",,,62,,0,,4,,1,,
Overvotes,,0,,0.00%,,0,,0,,,0,,0,,0,,0,,
Undervotes,,61,,3.02%,,35,,21,,,5,,0,,0,,0,,
Contest Totals,,"2,021",,100.00%,,829,,"1,120",,,67,,0,,4,,1,,
,FOR SECRETARY OF STATE,,,,,,,,,,,,,,,,,,
,Vote For 1,,,,,,,,,,,,,,,,,,
,,,TOTAL,,VOTE %,,Election Day,,Early Vote,,,Absentee,,Canvass,,Absentee After ED,,Provisional,
REP KRIS WARNER,,945,,46.76%,,404,,513,,,27,,0,,1,,0,,
DEM THORNTON COOPER,,987,,48.84%,,380,,566,,,37,,0,,3,,1,,
NO CANDIDATE(S) NOMINATED,,0,,0.00%,,0,,0,,,0,,0,,0,,0,,
NO CANDIDATE(S) NOMINATED,,0,,0.00%,,0,,0,,,0,,0,,0,,0,,
Write-In Totals,,3,,0.15%,,1,,2,,,0,,0,,0,,0,,
Total Votes Cast,,"1,935",,95.74%,,785,,"1,081",,,64,,0,,4,,1,,
Overvotes,,0,,0.00%,,0,,0,,,0,,0,,0,,0,,
Undervotes,,86,,4.26%,,44,,39,,,3,,0,,0,,0,,
Contest Totals,,"2,021",,100.00%,,829,,"1,120",,,67,,0,,4,,1,,
,FOR AUDITOR,,,,,,,,,,,,,,,,,,
,Vote For 1,,,,,,,,,,,,,,,,,,
,,,TOTAL,,VOTE %,,Election Day,,Early Vote,,,Absentee,,Canvass,,Absentee After ED,,Provisional,
REP MARK HUNT,,886,,43.84%,,369,,492,,,24,,0,,1,,0,,
DEM MARY ANN ROEBUCK CLAYTOR,,"1,007",,49.83%,,392,,574,,,37,,0,,3,,1,,
NO CANDIDATE(S) NOMINATED,,0,,0.00%,,0,,0,,,0,,0,,0,,0,,
NO CANDIDATE(S) NOMINATED,,0,,0.00%,,0,,0,,,0,,0,,0,,0,,
Write-In Totals,,1,,0.05%,,1,,0,,,0,,0,,0,,0,,
Total Votes Cast,,"1,894",,93.72%,,762,,"1,066",,,61,,0,,4,,1,,
Overvotes,,0,,0.00%,,0,,0,,,0,,0,,0,,0,,
Undervotes,,127,,6.28%,,67,,54,,,6,,0,,0,,0,,
Contest Totals,,"2,021",,100.00%,,829,,"1,120",,,67,,0,,4,,1,,
Precinct Summary - 11/12/2024     2:58 PM,,,,,,,,,,236,,,,,,,,, of 258
Report generated with Electionware Copyright © 2007-2019,,,,,,,,,,,,,,,,,,,
Summary Results Report,,,,,,,,,,OFFICIAL RESULTS,,,,,,,,,
General Election,,,,,,,,,,,,,,,,,,,
"November 5, 2024",,,,,,,,,,"Monongalia County, West Virginia",,,,,,,,,
PRECINCT 81,,,,,,,,,,,,,,,,,,,
,FOR TREASURER,,,,,,,,,,,,,,,,,,
,Vote For 1,,,,,,,,,,,,,,,,,,
,,,TOTAL,,VOTE %,,Election Day,,Early Vote,,,Absentee,,Canvass,,Absentee After ED,,Provisional,
REP LARRY PACK,,"1,433",,70.91%,,620,,773,,,36,,0,,3,,1,,
NO CANDIDATE(S) NOMINATED,,0,,0.00%,,0,,0,,,0,,0,,0,,0,,
NO CANDIDATE(S) NOMINATED,,0,,0.00%,,0,,0,,,0,,0,,0,,0,,
NO CANDIDATE(S) NOMINATED,,0,,0.00%,,0,,0,,,0,,0,,0,,0,,
Write-In Totals,,38,,1.88%,,15,,20,,,2,,0,,1,,0,,
Total Votes Cast,,"1,471",,72.79%,,635,,793,,,38,,0,,4,,1,,
Overvotes,,0,,0.00%,,0,,0,,,0,,0,,0,,0,,
Undervotes,,550,,27.21%,,194,,327,,,29,,0,,0,,0,,
Contest Totals,,"2,021",,100.00%,,829,,"1,120",,,67,,0,,4,,1,,
,FOR COMMISSIONER OF AGRICULTURE,,,,,,,,,,,,,,,,,,
,Vote For 1,,,,,,,,,,,,,,,,,,
,,,TOTAL,,VOTE %,,Election Day,,Early Vote,,,Absentee,,Canvass,,Absentee After ED,,Provisional,
REP KENT LEONHARDT,,992,,49.08%,,420,,545,,,26,,0,,1,,0,,
DEM DEBORAH STILES,,908,,44.93%,,345,,524,,,35,,0,,3,,1,,
NO CANDIDATE(S) NOMINATED,,0,,0.00%,,0,,0,,,0,,0,,0,,0,,
NO CANDIDATE(S) NOMINATED,,0,,0.00%,,0,,0,,,0,,0,,0,,0,,
Write-In Totals,,1,,0.05%,,1,,0,,,0,,0,,0,,0,,
Total Votes Cast,,"1,901",,94.06%,,766,,"1,069",,,61,,0,,4,,1,,
Overvotes,,0,,0.00%,,0,,0,,,0,,0,,0,,0,,
Undervotes,,120,,5.94%,,63,,51,,,6,,0,,0,,0,,
Contest Totals,,"2,021",,100.00%,,829,,"1,120",,,67,,0,,4,,1,,
,FOR ATTORNEY GENERAL,,,,,,,,,,,,,,,,,,
,Vote For 1,,,,,,,,,,,,,,,,,,
,,,TOTAL,,VOTE %,,Election Day,,Early Vote,,,Absentee,,Canvass,,Absentee After ED,,Provisional,
"REP JOHN ""JB"" McCUSKEY",,928,,45.92%,,393,,510,,,24,,0,,1,,0,,
DEM TERESA TORISEVA,,981,,48.54%,,375,,565,,,37,,0,,3,,1,,
NO CANDIDATE(S) NOMINATED,,0,,0.00%,,0,,0,,,0,,0,,0,,0,,
NO CANDIDATE(S) NOMINATED,,0,,0.00%,,0,,0,,,0,,0,,0,,0,,
Write-In Totals,,1,,0.05%,,1,,0,,,0,,0,,0,,0,,
Total Votes Cast,,"1,910",,94.51%,,769,,"1,075",,,61,,0,,4,,1,,
Overvotes,,0,,0.00%,,0,,0,,,0,,0,,0,,0,,
Undervotes,,111,,5.49%,,60,,45,,,6,,0,,0,,0,,
Contest Totals,,"2,021",,100.00%,,829,,"1,120",,,67,,0,,4,,1,,
Precinct Summary - 11/12/2024     2:58 PM,,,,,,,,,,237,,,,,,,,, of 258
Report generated with Electionware Copyright © 2007-2019,,,,,,,,,,,,,,,,,,,
Summary Results Report,,,,,,,,,,OFFICIAL RESULTS,,,,,,,,,
General Election,,,,,,,,,,,,,,,,,,,
"November 5, 2024",,,,,,,,,,"Monongalia County, West Virginia",,,,,,,,,
PRECINCT 81,,,,,,,,,,,,,,,,,,,
,FOR STATE SENATOR 2ND DISTRICT,,,,,,,,,,,,,,,,,,
,Vote For 1,,,,,,,,,,,,,,,,,,
,,,TOTAL,,VOTE %,,Election Day,,Early Vote,,,Absentee,,Canvass,,Absentee After ED,,Provisional,
REP CHRIS ROSE,,"1,421",,70.31%,,626,,755,,,36,,0,,3,,1,,
NO CANDIDATE(S) NOMINATED,,0,,0.00%,,0,,0,,,0,,0,,0,,0,,
NO CANDIDATE(S) NOMINATED,,0,,0.00%,,0,,0,,,0,,0,,0,,0,,
NO CANDIDATE(S) NOMINATED,,0,,0.00%,,0,,0,,,0,,0,,0,,0,,
Write-In Totals,,34,,1.68%,,12,,19,,,2,,0,,1,,0,,
Total Votes Cast,,"1,455",,71.99%,,638,,774,,,38,,0,,4,,1,,
Overvotes,,0,,0.00%,,0,,0,,,0,,0,,0,,0,,
Undervotes,,566,,28.01%,,191,,346,,,29,,0,,0,,0,,
Contest Totals,,"2,021",,100.00%,,829,,"1,120",,,67,,0,,4,,1,,
,FOR MEMBER OF HOUSE OF DELEGATES 82ND DISTRICT,,,,,,,,,,,,,,,,,,
,Vote For 1,,,,,,,,,,,,,,,,,,
,,,TOTAL,,VOTE %,,Election Day,,Early Vote,,,Absentee,,Canvass,,Absentee After ED,,Provisional,
REP DAVID  McCORMICK,,900,,44.53%,,390,,488,,,21,,0,,1,,0,,
DEM BILL REGER-NASH,,"1,039",,51.41%,,398,,597,,,40,,0,,3,,1,,
NO CANDIDATE(S) NOMINATED,,0,,0.00%,,0,,0,,,0,,0,,0,,0,,
NO CANDIDATE(S) NOMINATED,,0,,0.00%,,0,,0,,,0,,0,,0,,0,,
Write-In Totals,,1,,0.05%,,1,,0,,,0,,0,,0,,0,,
Total Votes Cast,,"1,940",,95.99%,,789,,"1,085",,,61,,0,,4,,1,,
Overvotes,,0,,0.00%,,0,,0,,,0,,0,,0,,0,,
Undervotes,,81,,4.01%,,40,,35,,,6,,0,,0,,0,,
Contest Totals,,"2,021",,100.00%,,829,,"1,120",,,67,,0,,4,,1,,
,FOR COUNTY COMMISSIONER,,,,,,,,,,,,,,,,,,
,Vote For 1,,,,,,,,,,,,,,,,,,
,,,TOTAL,,VOTE %,,Election Day,,Early Vote,,,Absentee,,Canvass,,Absentee After ED,,Provisional,
REP MARYANN (BABICH) FOLZ,,786,,38.89%,,346,,417,,,22,,0,,0,,1,,
DEM TOM  BLOOM,,"1,136",,56.21%,,431,,661,,,40,,0,,4,,0,,
NO CANDIDATE(S) NOMINATED,,0,,0.00%,,0,,0,,,0,,0,,0,,0,,
NO CANDIDATE(S) NOMINATED,,0,,0.00%,,0,,0,,,0,,0,,0,,0,,
Write-In Totals,,2,,0.10%,,2,,0,,,0,,0,,0,,0,,
Total Votes Cast,,"1,924",,95.20%,,779,,"1,078",,,62,,0,,4,,1,,
Overvotes,,0,,0.00%,,0,,0,,,0,,0,,0,,0,,
Undervotes,,97,,4.80%,,50,,42,,,5,,0,,0,,0,,
Contest Totals,,"2,021",,100.00%,,829,,"1,120",,,67,,0,,4,,1,,
Precinct Summary - 11/12/2024     2:58 PM,,,,,,,,,,238,,,,,,,,, of 258
Report generated with Electionware Copyright © 2007-2019,,,,,,,,,,,,,,,,,,,
Summary Results Report,,,,,,,,,,OFFICIAL RESULTS,,,,,,,,,
General Election,,,,,,,,,,,,,,,,,,,
"November 5, 2024",,,,,,,,,,"Monongalia County, West Virginia",,,,,,,,,
PRECINCT 81,,,,,,,,,,,,,,,,,,,
,FOR PROSECUTING ATTORNEY,,,,,,,,,,,,,,,,,,
,Vote For 1,,,,,,,,,,,,,,,,,,
,,,TOTAL,,VOTE %,,Election Day,,Early Vote,,,Absentee,,Canvass,,Absentee After ED,,Provisional,
NO CANDIDATE(S) NOMINATED,,0,,0.00%,,0,,0,,,0,,0,,0,,0,,
"DEM GABRIELLE ""GABE"" MUCCIOLA",,"1,480",,73.23%,,604,,825,,,46,,0,,4,,1,,
NO CANDIDATE(S) NOMINATED,,0,,0.00%,,0,,0,,,0,,0,,0,,0,,
NO CANDIDATE(S) NOMINATED,,0,,0.00%,,0,,0,,,0,,0,,0,,0,,
Write-In Totals,,30,,1.48%,,15,,14,,,1,,0,,0,,0,,
Total Votes Cast,,"1,510",,74.72%,,619,,839,,,47,,0,,4,,1,,
Overvotes,,0,,0.00%,,0,,0,,,0,,0,,0,,0,,
Undervotes,,511,,25.28%,,210,,281,,,20,,0,,0,,0,,
Contest Totals,,"2,021",,100.00%,,829,,"1,120",,,67,,0,,4,,1,,
,FOR SHERIFF,,,,,,,,,,,,,,,,,,
,Vote For 1,,,,,,,,,,,,,,,,,,
,,,TOTAL,,VOTE %,,Election Day,,Early Vote,,,Absentee,,Canvass,,Absentee After ED,,Provisional,
REP JASON MORGAN,,813,,40.23%,,335,,455,,,23,,0,,0,,0,,
DEM TODD FORBES,,"1,109",,54.87%,,442,,621,,,41,,0,,4,,1,,
NO CANDIDATE(S) NOMINATED,,0,,0.00%,,0,,0,,,0,,0,,0,,0,,
NO CANDIDATE(S) NOMINATED,,0,,0.00%,,0,,0,,,0,,0,,0,,0,,
Write-In Totals,,4,,0.20%,,3,,1,,,0,,0,,0,,0,,
Total Votes Cast,,"1,926",,95.30%,,780,,"1,077",,,64,,0,,4,,1,,
Overvotes,,0,,0.00%,,0,,0,,,0,,0,,0,,0,,
Undervotes,,95,,4.70%,,49,,43,,,3,,0,,0,,0,,
Contest Totals,,"2,021",,100.00%,,829,,"1,120",,,67,,0,,4,,1,,
,FOR ASSESSOR,,,,,,,,,,,,,,,,,,
,Vote For 1,,,,,,,,,,,,,,,,,,
,,,TOTAL,,VOTE %,,Election Day,,Early Vote,,,Absentee,,Canvass,,Absentee After ED,,Provisional,
REP RICH JACOBS,,715,,35.38%,,316,,380,,,19,,0,,0,,0,,
DEM MARK A. MUSICK,,"1,200",,59.38%,,454,,700,,,41,,0,,4,,1,,
NO CANDIDATE(S) NOMINATED,,0,,0.00%,,0,,0,,,0,,0,,0,,0,,
NO CANDIDATE(S) NOMINATED,,0,,0.00%,,0,,0,,,0,,0,,0,,0,,
Write-In Totals,,1,,0.05%,,1,,0,,,0,,0,,0,,0,,
Total Votes Cast,,"1,916",,94.80%,,771,,"1,080",,,60,,0,,4,,1,,
Overvotes,,0,,0.00%,,0,,0,,,0,,0,,0,,0,,
Undervotes,,105,,5.20%,,58,,40,,,7,,0,,0,,0,,
Contest Totals,,"2,021",,100.00%,,829,,"1,120",,,67,,0,,4,,1,,
Precinct Summary - 11/12/2024     2:58 PM,,,,,,,,,,239,,,,,,,,, of 258
Report generated with Electionware Copyright © 2007-2019,,,,,,,,,,,,,,,,,,,
Summary Results Report,,,,,,,,,,OFFICIAL RESULTS,,,,,,,,,
General Election,,,,,,,,,,,,,,,,,,,
"November 5, 2024",,,,,,,,,,"Monongalia County, West Virginia",,,,,,,,,
PRECINCT 81,,,,,,,,,,,,,,,,,,,
,FOR SURVEYOR,,,,,,,,,,,,,,,,,,
,Vote For 1,,,,,,,,,,,,,,,,,,
,,,TOTAL,,VOTE %,,Election Day,,Early Vote,,,Absentee,,Canvass,,Absentee After ED,,Provisional,
REP BOB ANDRIOTTO,,"1,426",,70.56%,,623,,761,,,38,,0,,3,,1,,
NO CANDIDATE(S) NOMINATED,,0,,0.00%,,0,,0,,,0,,0,,0,,0,,
NO CANDIDATE(S) NOMINATED,,0,,0.00%,,0,,0,,,0,,0,,0,,0,,
NO CANDIDATE(S) NOMINATED,,0,,0.00%,,0,,0,,,0,,0,,0,,0,,
Write-In Totals,,30,,1.48%,,12,,15,,,2,,0,,1,,0,,
Total Votes Cast,,"1,456",,72.04%,,635,,776,,,40,,0,,4,,1,,
Overvotes,,0,,0.00%,,0,,0,,,0,,0,,0,,0,,
Undervotes,,565,,27.96%,,194,,344,,,27,,0,,0,,0,,
Contest Totals,,"2,021",,100.00%,,829,,"1,120",,,67,,0,,4,,1,,
,AMENDMENT NO. 1,,,,,,,,,,,,,,,,,,
,Vote For 1,,,,,,,,,,,,,,,,,,
,,,TOTAL,,VOTE %,,Election Day,,Early Vote,,,Absentee,,Canvass,,Absentee After ED,,Provisional,
For,,662,,32.76%,,269,,375,,,18,,0,,0,,0,,
Against,,"1,140",,56.41%,,454,,639,,,43,,0,,4,,0,,
Total Votes Cast,,"1,802",,89.16%,,723,,"1,014",,,61,,0,,4,,0,,
Overvotes,,0,,0.00%,,0,,0,,,0,,0,,0,,0,,
Undervotes,,219,,10.84%,,106,,106,,,6,,0,,0,,1,,
Contest Totals,,"2,021",,100.00%,,829,,"1,120",,,67,,0,,4,,1,,
Precinct Summary - 11/12/2024     2:58 PM,,,,,,,,,,240,,,,,,,,, of 258
Report generated with Electionware Copyright © 2007-2019,,,,,,,,,,,,,,,,,,,
Summary Results Report,,,,,,,,,,OFFICIAL RESULTS,,,,,,,,,
General Election,,,,,,,,,,,,,,,,,,,
"November 5, 2024",,,,,,,,,,"Monongalia County, West Virginia",,,,,,,,,
PRECINCT 82,,,,,,,,,,,,,,,,,,,
Statistics,,TOTAL,,Election Day,,Early Vote,,Absentee,,,Canvass,,Absentee After ED,,Provisional,,,,
Registered Voters - Total,,"1,408",,,,,,,,,,,,,,,,,
Ballots Cast - Total,,981,,393,,555,,27,,,0,,4,,2,,,,
Ballots Cast - Blank,,0,,0,,0,,0,,,0,,0,,0,,,,
Voter Turnout - Total,,69.67%,,,,,,,,,,,,,,,,,
,FOR PRESIDENT,,,,,,,,,,,,,,,,,,
,Vote For 1,,,,,,,,,,,,,,,,,,
,,,TOTAL,,VOTE %,,Election Day,,Early Vote,,,Absentee,,Canvass,,Absentee After ED,,Provisional,
REP DONALD J. TRUMP,,593,,60.45%,,236,,341,,,12,,0,,3,,1,,
DEM KAMALA D. HARRIS,,370,,37.72%,,148,,205,,,15,,0,,1,,1,,
LBN CHASE OLIVER,,4,,0.41%,,2,,2,,,0,,0,,0,,0,,
MTN JILL STEIN,,2,,0.20%,,0,,2,,,0,,0,,0,,0,,
IND ROBERT F. KENNEDY JR.,,6,,0.61%,,4,,2,,,0,,0,,0,,0,,
Write-In Totals,,2,,0.20%,,0,,2,,,0,,0,,0,,0,,
Total Votes Cast,,977,,99.59%,,390,,554,,,27,,0,,4,,2,,
Overvotes,,0,,0.00%,,0,,0,,,0,,0,,0,,0,,
Undervotes,,4,,0.41%,,3,,1,,,0,,0,,0,,0,,
Contest Totals,,981,,100.00%,,393,,555,,,27,,0,,4,,2,,
,FOR U.S. SENATOR,,,,,,,,,,,,,,,,,,
,Vote For 1,,,,,,,,,,,,,,,,,,
,,,TOTAL,,VOTE %,,Election Day,,Early Vote,,,Absentee,,Canvass,,Absentee After ED,,Provisional,
REP JIM JUSTICE,,589,,60.04%,,240,,332,,,12,,0,,4,,1,,
DEM GLENN ELLIOTT,,327,,33.33%,,113,,198,,,15,,0,,0,,1,,
LBN DAVID MORAN,,37,,3.77%,,20,,17,,,0,,0,,0,,0,,
NO CANDIDATE(S) NOMINATED,,0,,0.00%,,0,,0,,,0,,0,,0,,0,,
Write-In Totals,,0,,0.00%,,0,,0,,,0,,0,,0,,0,,
Total Votes Cast,,953,,97.15%,,373,,547,,,27,,0,,4,,2,,
Overvotes,,0,,0.00%,,0,,0,,,0,,0,,0,,0,,
Undervotes,,28,,2.85%,,20,,8,,,0,,0,,0,,0,,
Contest Totals,,981,,100.00%,,393,,555,,,27,,0,,4,,2,,
,FOR U.S. HOUSE OF REPS 2ND DIST,,,,,,,,,,,,,,,,,,
,Vote For 1,,,,,,,,,,,,,,,,,,
,,,TOTAL,,VOTE %,,Election Day,,Early Vote,,,Absentee,,Canvass,,Absentee After ED,,Provisional,
REP RILEY MOORE,,601,,61.26%,,246,,337,,,13,,0,,4,,1,,
DEM STEVEN WENDELIN,,330,,33.64%,,125,,190,,,14,,0,,0,,1,,
NO CANDIDATE(S) NOMINATED,,0,,0.00%,,0,,0,,,0,,0,,0,,0,,
NO CANDIDATE(S) NOMINATED,,0,,0.00%,,0,,0,,,0,,0,,0,,0,,
Write-In Totals,,1,,0.10%,,0,,1,,,0,,0,,0,,0,,
Total Votes Cast,,932,,95.01%,,371,,528,,,27,,0,,4,,2,,
Overvotes,,0,,0.00%,,0,,0,,,0,,0,,0,,0,,
Undervotes,,49,,4.99%,,22,,27,,,0,,0,,0,,0,,
Contest Totals,,981,,100.00%,,393,,555,,,27,,0,,4,,2,,
Precinct Summary - 11/12/2024     2:58 PM,,,,,,,,,,241,,,,,,,,, of 258
Report generated with Electionware Copyright © 2007-2019,,,,,,,,,,,,,,,,,,,
Summary Results Report,,,,,,,,,,OFFICIAL RESULTS,,,,,,,,,
General Election,,,,,,,,,,,,,,,,,,,
"November 5, 2024",,,,,,,,,,"Monongalia County, West Virginia",,,,,,,,,
PRECINCT 82,,,,,,,,,,,,,,,,,,,
,FOR GOVERNOR,,,,,,,,,,,,,,,,,,
,Vote For 1,,,,,,,,,,,,,,,,,,
,,,TOTAL,,VOTE %,,Election Day,,Early Vote,,,Absentee,,Canvass,,Absentee After ED,,Provisional,
REP PATRICK MORRISEY,,544,,55.45%,,217,,310,,,13,,0,,4,,0,,
DEM STEVE WILLIAMS,,353,,35.98%,,137,,202,,,12,,0,,0,,2,,
LBN ERIKA KLIE KOLENICH,,27,,2.75%,,11,,14,,,2,,0,,0,,0,,
MTN CHASE LINKO-LOOPER,,10,,1.02%,,4,,6,,,0,,0,,0,,0,,
CST S. MARSHALL WILSON,,7,,0.71%,,4,,3,,,0,,0,,0,,0,,
Write-In Totals,,0,,0.00%,,0,,0,,,0,,0,,0,,0,,
Total Votes Cast,,941,,95.92%,,373,,535,,,27,,0,,4,,2,,
Overvotes,,0,,0.00%,,0,,0,,,0,,0,,0,,0,,
Undervotes,,40,,4.08%,,20,,20,,,0,,0,,0,,0,,
Contest Totals,,981,,100.00%,,393,,555,,,27,,0,,4,,2,,
,FOR SECRETARY OF STATE,,,,,,,,,,,,,,,,,,
,Vote For 1,,,,,,,,,,,,,,,,,,
,,,TOTAL,,VOTE %,,Election Day,,Early Vote,,,Absentee,,Canvass,,Absentee After ED,,Provisional,
REP KRIS WARNER,,600,,61.16%,,239,,344,,,12,,0,,4,,1,,
DEM THORNTON COOPER,,331,,33.74%,,128,,187,,,15,,0,,0,,1,,
NO CANDIDATE(S) NOMINATED,,0,,0.00%,,0,,0,,,0,,0,,0,,0,,
NO CANDIDATE(S) NOMINATED,,0,,0.00%,,0,,0,,,0,,0,,0,,0,,
Write-In Totals,,1,,0.10%,,1,,0,,,0,,0,,0,,0,,
Total Votes Cast,,932,,95.01%,,368,,531,,,27,,0,,4,,2,,
Overvotes,,0,,0.00%,,0,,0,,,0,,0,,0,,0,,
Undervotes,,49,,4.99%,,25,,24,,,0,,0,,0,,0,,
Contest Totals,,981,,100.00%,,393,,555,,,27,,0,,4,,2,,
,FOR AUDITOR,,,,,,,,,,,,,,,,,,
,Vote For 1,,,,,,,,,,,,,,,,,,
,,,TOTAL,,VOTE %,,Election Day,,Early Vote,,,Absentee,,Canvass,,Absentee After ED,,Provisional,
REP MARK HUNT,,570,,58.10%,,221,,332,,,14,,0,,2,,1,,
DEM MARY ANN ROEBUCK CLAYTOR,,346,,35.27%,,139,,191,,,13,,0,,2,,1,,
NO CANDIDATE(S) NOMINATED,,0,,0.00%,,0,,0,,,0,,0,,0,,0,,
NO CANDIDATE(S) NOMINATED,,0,,0.00%,,0,,0,,,0,,0,,0,,0,,
Write-In Totals,,0,,0.00%,,0,,0,,,0,,0,,0,,0,,
Total Votes Cast,,916,,93.37%,,360,,523,,,27,,0,,4,,2,,
Overvotes,,0,,0.00%,,0,,0,,,0,,0,,0,,0,,
Undervotes,,65,,6.63%,,33,,32,,,0,,0,,0,,0,,
Contest Totals,,981,,100.00%,,393,,555,,,27,,0,,4,,2,,
Precinct Summary - 11/12/2024     2:58 PM,,,,,,,,,,242,,,,,,,,, of 258
Report generated with Electionware Copyright © 2007-2019,,,,,,,,,,,,,,,,,,,
Summary Results Report,,,,,,,,,,OFFICIAL RESULTS,,,,,,,,,
General Election,,,,,,,,,,,,,,,,,,,
"November 5, 2024",,,,,,,,,,"Monongalia County, West Virginia",,,,,,,,,
PRECINCT 82,,,,,,,,,,,,,,,,,,,
,FOR TREASURER,,,,,,,,,,,,,,,,,,
,Vote For 1,,,,,,,,,,,,,,,,,,
,,,TOTAL,,VOTE %,,Election Day,,Early Vote,,,Absentee,,Canvass,,Absentee After ED,,Provisional,
REP LARRY PACK,,741,,75.54%,,302,,413,,,21,,0,,4,,1,,
NO CANDIDATE(S) NOMINATED,,0,,0.00%,,0,,0,,,0,,0,,0,,0,,
NO CANDIDATE(S) NOMINATED,,0,,0.00%,,0,,0,,,0,,0,,0,,0,,
NO CANDIDATE(S) NOMINATED,,0,,0.00%,,0,,0,,,0,,0,,0,,0,,
Write-In Totals,,11,,1.12%,,7,,4,,,0,,0,,0,,0,,
Total Votes Cast,,752,,76.66%,,309,,417,,,21,,0,,4,,1,,
Overvotes,,0,,0.00%,,0,,0,,,0,,0,,0,,0,,
Undervotes,,229,,23.34%,,84,,138,,,6,,0,,0,,1,,
Contest Totals,,981,,100.00%,,393,,555,,,27,,0,,4,,2,,
,FOR COMMISSIONER OF AGRICULTURE,,,,,,,,,,,,,,,,,,
,Vote For 1,,,,,,,,,,,,,,,,,,
,,,TOTAL,,VOTE %,,Election Day,,Early Vote,,,Absentee,,Canvass,,Absentee After ED,,Provisional,
REP KENT LEONHARDT,,621,,63.30%,,247,,357,,,12,,0,,4,,1,,
DEM DEBORAH STILES,,302,,30.78%,,116,,171,,,14,,0,,0,,1,,
NO CANDIDATE(S) NOMINATED,,0,,0.00%,,0,,0,,,0,,0,,0,,0,,
NO CANDIDATE(S) NOMINATED,,0,,0.00%,,0,,0,,,0,,0,,0,,0,,
Write-In Totals,,0,,0.00%,,0,,0,,,0,,0,,0,,0,,
Total Votes Cast,,923,,94.09%,,363,,528,,,26,,0,,4,,2,,
Overvotes,,0,,0.00%,,0,,0,,,0,,0,,0,,0,,
Undervotes,,58,,5.91%,,30,,27,,,1,,0,,0,,0,,
Contest Totals,,981,,100.00%,,393,,555,,,27,,0,,4,,2,,
,FOR ATTORNEY GENERAL,,,,,,,,,,,,,,,,,,
,Vote For 1,,,,,,,,,,,,,,,,,,
,,,TOTAL,,VOTE %,,Election Day,,Early Vote,,,Absentee,,Canvass,,Absentee After ED,,Provisional,
"REP JOHN ""JB"" McCUSKEY",,585,,59.63%,,234,,332,,,14,,0,,4,,1,,
DEM TERESA TORISEVA,,337,,34.35%,,127,,197,,,12,,0,,0,,1,,
NO CANDIDATE(S) NOMINATED,,0,,0.00%,,0,,0,,,0,,0,,0,,0,,
NO CANDIDATE(S) NOMINATED,,0,,0.00%,,0,,0,,,0,,0,,0,,0,,
Write-In Totals,,0,,0.00%,,0,,0,,,0,,0,,0,,0,,
Total Votes Cast,,922,,93.99%,,361,,529,,,26,,0,,4,,2,,
Overvotes,,0,,0.00%,,0,,0,,,0,,0,,0,,0,,
Undervotes,,59,,6.01%,,32,,26,,,1,,0,,0,,0,,
Contest Totals,,981,,100.00%,,393,,555,,,27,,0,,4,,2,,
Precinct Summary - 11/12/2024     2:58 PM,,,,,,,,,,243,,,,,,,,, of 258
Report generated with Electionware Copyright © 2007-2019,,,,,,,,,,,,,,,,,,,
Summary Results Report,,,,,,,,,,OFFICIAL RESULTS,,,,,,,,,
General Election,,,,,,,,,,,,,,,,,,,
"November 5, 2024",,,,,,,,,,"Monongalia County, West Virginia",,,,,,,,,
PRECINCT 82,,,,,,,,,,,,,,,,,,,
,FOR STATE SENATOR 2ND DISTRICT,,,,,,,,,,,,,,,,,,
,Vote For 1,,,,,,,,,,,,,,,,,,
,,,TOTAL,,VOTE %,,Election Day,,Early Vote,,,Absentee,,Canvass,,Absentee After ED,,Provisional,
REP CHRIS ROSE,,731,,74.52%,,297,,408,,,21,,0,,4,,1,,
NO CANDIDATE(S) NOMINATED,,0,,0.00%,,0,,0,,,0,,0,,0,,0,,
NO CANDIDATE(S) NOMINATED,,0,,0.00%,,0,,0,,,0,,0,,0,,0,,
NO CANDIDATE(S) NOMINATED,,0,,0.00%,,0,,0,,,0,,0,,0,,0,,
Write-In Totals,,5,,0.51%,,3,,2,,,0,,0,,0,,0,,
Total Votes Cast,,736,,75.03%,,300,,410,,,21,,0,,4,,1,,
Overvotes,,0,,0.00%,,0,,0,,,0,,0,,0,,0,,
Undervotes,,245,,24.97%,,93,,145,,,6,,0,,0,,1,,
Contest Totals,,981,,100.00%,,393,,555,,,27,,0,,4,,2,,
,FOR MEMBER OF HOUSE OF DELEGATES 82ND DISTRICT,,,,,,,,,,,,,,,,,,
,Vote For 1,,,,,,,,,,,,,,,,,,
,,,TOTAL,,VOTE %,,Election Day,,Early Vote,,,Absentee,,Canvass,,Absentee After ED,,Provisional,
REP DAVID  McCORMICK,,599,,61.06%,,245,,337,,,13,,0,,4,,0,,
DEM BILL REGER-NASH,,345,,35.17%,,124,,205,,,14,,0,,0,,2,,
NO CANDIDATE(S) NOMINATED,,0,,0.00%,,0,,0,,,0,,0,,0,,0,,
NO CANDIDATE(S) NOMINATED,,0,,0.00%,,0,,0,,,0,,0,,0,,0,,
Write-In Totals,,1,,0.10%,,1,,0,,,0,,0,,0,,0,,
Total Votes Cast,,945,,96.33%,,370,,542,,,27,,0,,4,,2,,
Overvotes,,0,,0.00%,,0,,0,,,0,,0,,0,,0,,
Undervotes,,36,,3.67%,,23,,13,,,0,,0,,0,,0,,
Contest Totals,,981,,100.00%,,393,,555,,,27,,0,,4,,2,,
,FOR COUNTY COMMISSIONER,,,,,,,,,,,,,,,,,,
,Vote For 1,,,,,,,,,,,,,,,,,,
,,,TOTAL,,VOTE %,,Election Day,,Early Vote,,,Absentee,,Canvass,,Absentee After ED,,Provisional,
REP MARYANN (BABICH) FOLZ,,487,,49.64%,,194,,282,,,7,,0,,4,,0,,
DEM TOM  BLOOM,,437,,44.55%,,170,,245,,,20,,0,,0,,2,,
NO CANDIDATE(S) NOMINATED,,0,,0.00%,,0,,0,,,0,,0,,0,,0,,
NO CANDIDATE(S) NOMINATED,,0,,0.00%,,0,,0,,,0,,0,,0,,0,,
Write-In Totals,,0,,0.00%,,0,,0,,,0,,0,,0,,0,,
Total Votes Cast,,924,,94.19%,,364,,527,,,27,,0,,4,,2,,
Overvotes,,0,,0.00%,,0,,0,,,0,,0,,0,,0,,
Undervotes,,57,,5.81%,,29,,28,,,0,,0,,0,,0,,
Contest Totals,,981,,100.00%,,393,,555,,,27,,0,,4,,2,,
Precinct Summary - 11/12/2024     2:58 PM,,,,,,,,,,244,,,,,,,,, of 258
Report generated with Electionware Copyright © 2007-2019,,,,,,,,,,,,,,,,,,,
Summary Results Report,,,,,,,,,,OFFICIAL RESULTS,,,,,,,,,
General Election,,,,,,,,,,,,,,,,,,,
"November 5, 2024",,,,,,,,,,"Monongalia County, West Virginia",,,,,,,,,
PRECINCT 82,,,,,,,,,,,,,,,,,,,
,FOR PROSECUTING ATTORNEY,,,,,,,,,,,,,,,,,,
,Vote For 1,,,,,,,,,,,,,,,,,,
,,,TOTAL,,VOTE %,,Election Day,,Early Vote,,,Absentee,,Canvass,,Absentee After ED,,Provisional,
NO CANDIDATE(S) NOMINATED,,0,,0.00%,,0,,0,,,0,,0,,0,,0,,
"DEM GABRIELLE ""GABE"" MUCCIOLA",,654,,66.67%,,271,,359,,,20,,0,,2,,2,,
NO CANDIDATE(S) NOMINATED,,0,,0.00%,,0,,0,,,0,,0,,0,,0,,
NO CANDIDATE(S) NOMINATED,,0,,0.00%,,0,,0,,,0,,0,,0,,0,,
Write-In Totals,,10,,1.02%,,4,,6,,,0,,0,,0,,0,,
Total Votes Cast,,664,,67.69%,,275,,365,,,20,,0,,2,,2,,
Overvotes,,0,,0.00%,,0,,0,,,0,,0,,0,,0,,
Undervotes,,317,,32.31%,,118,,190,,,7,,0,,2,,0,,
Contest Totals,,981,,100.00%,,393,,555,,,27,,0,,4,,2,,
,FOR SHERIFF,,,,,,,,,,,,,,,,,,
,Vote For 1,,,,,,,,,,,,,,,,,,
,,,TOTAL,,VOTE %,,Election Day,,Early Vote,,,Absentee,,Canvass,,Absentee After ED,,Provisional,
REP JASON MORGAN,,524,,53.41%,,217,,287,,,15,,0,,4,,1,,
DEM TODD FORBES,,403,,41.08%,,150,,241,,,11,,0,,0,,1,,
NO CANDIDATE(S) NOMINATED,,0,,0.00%,,0,,0,,,0,,0,,0,,0,,
NO CANDIDATE(S) NOMINATED,,0,,0.00%,,0,,0,,,0,,0,,0,,0,,
Write-In Totals,,1,,0.10%,,1,,0,,,0,,0,,0,,0,,
Total Votes Cast,,928,,94.60%,,368,,528,,,26,,0,,4,,2,,
Overvotes,,0,,0.00%,,0,,0,,,0,,0,,0,,0,,
Undervotes,,53,,5.40%,,25,,27,,,1,,0,,0,,0,,
Contest Totals,,981,,100.00%,,393,,555,,,27,,0,,4,,2,,
,FOR ASSESSOR,,,,,,,,,,,,,,,,,,
,Vote For 1,,,,,,,,,,,,,,,,,,
,,,TOTAL,,VOTE %,,Election Day,,Early Vote,,,Absentee,,Canvass,,Absentee After ED,,Provisional,
REP RICH JACOBS,,450,,45.87%,,181,,257,,,8,,0,,4,,0,,
DEM MARK A. MUSICK,,479,,48.83%,,185,,273,,,19,,0,,0,,2,,
NO CANDIDATE(S) NOMINATED,,0,,0.00%,,0,,0,,,0,,0,,0,,0,,
NO CANDIDATE(S) NOMINATED,,0,,0.00%,,0,,0,,,0,,0,,0,,0,,
Write-In Totals,,0,,0.00%,,0,,0,,,0,,0,,0,,0,,
Total Votes Cast,,929,,94.70%,,366,,530,,,27,,0,,4,,2,,
Overvotes,,0,,0.00%,,0,,0,,,0,,0,,0,,0,,
Undervotes,,52,,5.30%,,27,,25,,,0,,0,,0,,0,,
Contest Totals,,981,,100.00%,,393,,555,,,27,,0,,4,,2,,
Precinct Summary - 11/12/2024     2:58 PM,,,,,,,,,,245,,,,,,,,, of 258
Report generated with Electionware Copyright © 2007-2019,,,,,,,,,,,,,,,,,,,
Summary Results Report,,,,,,,,,,OFFICIAL RESULTS,,,,,,,,,
General Election,,,,,,,,,,,,,,,,,,,
"November 5, 2024",,,,,,,,,,"Monongalia County, West Virginia",,,,,,,,,
PRECINCT 82,,,,,,,,,,,,,,,,,,,
,FOR SURVEYOR,,,,,,,,,,,,,,,,,,
,Vote For 1,,,,,,,,,,,,,,,,,,
,,,TOTAL,,VOTE %,,Election Day,,Early Vote,,,Absentee,,Canvass,,Absentee After ED,,Provisional,
REP BOB ANDRIOTTO,,753,,76.76%,,306,,421,,,21,,0,,4,,1,,
NO CANDIDATE(S) NOMINATED,,0,,0.00%,,0,,0,,,0,,0,,0,,0,,
NO CANDIDATE(S) NOMINATED,,0,,0.00%,,0,,0,,,0,,0,,0,,0,,
NO CANDIDATE(S) NOMINATED,,0,,0.00%,,0,,0,,,0,,0,,0,,0,,
Write-In Totals,,3,,0.31%,,1,,2,,,0,,0,,0,,0,,
Total Votes Cast,,756,,77.06%,,307,,423,,,21,,0,,4,,1,,
Overvotes,,0,,0.00%,,0,,0,,,0,,0,,0,,0,,
Undervotes,,225,,22.94%,,86,,132,,,6,,0,,0,,1,,
Contest Totals,,981,,100.00%,,393,,555,,,27,,0,,4,,2,,
,AMENDMENT NO. 1,,,,,,,,,,,,,,,,,,
,Vote For 1,,,,,,,,,,,,,,,,,,
,,,TOTAL,,VOTE %,,Election Day,,Early Vote,,,Absentee,,Canvass,,Absentee After ED,,Provisional,
For,,360,,36.70%,,148,,198,,,13,,0,,1,,0,,
Against,,507,,51.68%,,194,,297,,,13,,0,,2,,1,,
Total Votes Cast,,867,,88.38%,,342,,495,,,26,,0,,3,,1,,
Overvotes,,0,,0.00%,,0,,0,,,0,,0,,0,,0,,
Undervotes,,114,,11.62%,,51,,60,,,1,,0,,1,,1,,
Contest Totals,,981,,100.00%,,393,,555,,,27,,0,,4,,2,,
Precinct Summary - 11/12/2024     2:58 PM,,,,,,,,,,246,,,,,,,,, of 258
Report generated with Electionware Copyright © 2007-2019,,,,,,,,,,,,,,,,,,,
Summary Results Report,,,,,,,,,,OFFICIAL RESULTS,,,,,,,,,
General Election,,,,,,,,,,,,,,,,,,,
"November 5, 2024",,,,,,,,,,"Monongalia County, West Virginia",,,,,,,,,
PRECINCT 83,,,,,,,,,,,,,,,,,,,
Statistics,,TOTAL,,Election Day,,Early Vote,,Absentee,,,Canvass,,Absentee After ED,,Provisional,,,,
Registered Voters - Total,,"2,276",,,,,,,,,,,,,,,,,
Ballots Cast - Total,,"1,446",,579,,822,,42,,,0,,1,,2,,,,
Ballots Cast - Blank,,0,,0,,0,,0,,,0,,0,,0,,,,
Voter Turnout - Total,,63.53%,,,,,,,,,,,,,,,,,
,FOR PRESIDENT,,,,,,,,,,,,,,,,,,
,Vote For 1,,,,,,,,,,,,,,,,,,
,,,TOTAL,,VOTE %,,Election Day,,Early Vote,,,Absentee,,Canvass,,Absentee After ED,,Provisional,
REP DONALD J. TRUMP,,777,,53.73%,,333,,425,,,17,,0,,0,,2,,
DEM KAMALA D. HARRIS,,614,,42.46%,,216,,372,,,25,,0,,1,,0,,
LBN CHASE OLIVER,,10,,0.69%,,7,,3,,,0,,0,,0,,0,,
MTN JILL STEIN,,9,,0.62%,,2,,7,,,0,,0,,0,,0,,
IND ROBERT F. KENNEDY JR.,,19,,1.31%,,17,,2,,,0,,0,,0,,0,,
Write-In Totals,,10,,0.69%,,4,,6,,,0,,0,,0,,0,,
Total Votes Cast,,"1,439",,99.52%,,579,,815,,,42,,0,,1,,2,,
Overvotes,,0,,0.00%,,0,,0,,,0,,0,,0,,0,,
Undervotes,,7,,0.48%,,0,,7,,,0,,0,,0,,0,,
Contest Totals,,"1,446",,100.00%,,579,,822,,,42,,0,,1,,2,,
,FOR U.S. SENATOR,,,,,,,,,,,,,,,,,,
,Vote For 1,,,,,,,,,,,,,,,,,,
,,,TOTAL,,VOTE %,,Election Day,,Early Vote,,,Absentee,,Canvass,,Absentee After ED,,Provisional,
REP JIM JUSTICE,,767,,53.04%,,324,,423,,,18,,0,,0,,2,,
DEM GLENN ELLIOTT,,582,,40.25%,,208,,351,,,22,,0,,1,,0,,
LBN DAVID MORAN,,59,,4.08%,,37,,22,,,0,,0,,0,,0,,
NO CANDIDATE(S) NOMINATED,,0,,0.00%,,0,,0,,,0,,0,,0,,0,,
Write-In Totals,,6,,0.41%,,2,,4,,,0,,0,,0,,0,,
Total Votes Cast,,"1,414",,97.79%,,571,,800,,,40,,0,,1,,2,,
Overvotes,,0,,0.00%,,0,,0,,,0,,0,,0,,0,,
Undervotes,,32,,2.21%,,8,,22,,,2,,0,,0,,0,,
Contest Totals,,"1,446",,100.00%,,579,,822,,,42,,0,,1,,2,,
,FOR U.S. HOUSE OF REPS 2ND DIST,,,,,,,,,,,,,,,,,,
,Vote For 1,,,,,,,,,,,,,,,,,,
,,,TOTAL,,VOTE %,,Election Day,,Early Vote,,,Absentee,,Canvass,,Absentee After ED,,Provisional,
REP RILEY MOORE,,791,,54.70%,,328,,446,,,15,,0,,0,,2,,
DEM STEVEN WENDELIN,,587,,40.59%,,217,,346,,,23,,0,,1,,0,,
NO CANDIDATE(S) NOMINATED,,0,,0.00%,,0,,0,,,0,,0,,0,,0,,
NO CANDIDATE(S) NOMINATED,,0,,0.00%,,0,,0,,,0,,0,,0,,0,,
Write-In Totals,,2,,0.14%,,0,,2,,,0,,0,,0,,0,,
Total Votes Cast,,"1,380",,95.44%,,545,,794,,,38,,0,,1,,2,,
Overvotes,,0,,0.00%,,0,,0,,,0,,0,,0,,0,,
Undervotes,,66,,4.56%,,34,,28,,,4,,0,,0,,0,,
Contest Totals,,"1,446",,100.00%,,579,,822,,,42,,0,,1,,2,,
Precinct Summary - 11/12/2024     2:58 PM,,,,,,,,,,247,,,,,,,,, of 258
Report generated with Electionware Copyright © 2007-2019,,,,,,,,,,,,,,,,,,,
Summary Results Report,,,,,,,,,,OFFICIAL RESULTS,,,,,,,,,
General Election,,,,,,,,,,,,,,,,,,,
"November 5, 2024",,,,,,,,,,"Monongalia County, West Virginia",,,,,,,,,
PRECINCT 83,,,,,,,,,,,,,,,,,,,
,FOR GOVERNOR,,,,,,,,,,,,,,,,,,
,Vote For 1,,,,,,,,,,,,,,,,,,
,,,TOTAL,,VOTE %,,Election Day,,Early Vote,,,Absentee,,Canvass,,Absentee After ED,,Provisional,
REP PATRICK MORRISEY,,716,,49.52%,,294,,404,,,16,,0,,0,,2,,
DEM STEVE WILLIAMS,,603,,41.70%,,212,,367,,,23,,0,,1,,0,,
LBN ERIKA KLIE KOLENICH,,50,,3.46%,,33,,17,,,0,,0,,0,,0,,
MTN CHASE LINKO-LOOPER,,18,,1.24%,,9,,9,,,0,,0,,0,,0,,
CST S. MARSHALL WILSON,,14,,0.97%,,10,,4,,,0,,0,,0,,0,,
Write-In Totals,,1,,0.07%,,1,,0,,,0,,0,,0,,0,,
Total Votes Cast,,"1,402",,96.96%,,559,,801,,,39,,0,,1,,2,,
Overvotes,,0,,0.00%,,0,,0,,,0,,0,,0,,0,,
Undervotes,,44,,3.04%,,20,,21,,,3,,0,,0,,0,,
Contest Totals,,"1,446",,100.00%,,579,,822,,,42,,0,,1,,2,,
,FOR SECRETARY OF STATE,,,,,,,,,,,,,,,,,,
,Vote For 1,,,,,,,,,,,,,,,,,,
,,,TOTAL,,VOTE %,,Election Day,,Early Vote,,,Absentee,,Canvass,,Absentee After ED,,Provisional,
REP KRIS WARNER,,797,,55.12%,,343,,436,,,16,,0,,0,,2,,
DEM THORNTON COOPER,,584,,40.39%,,207,,353,,,23,,0,,1,,0,,
NO CANDIDATE(S) NOMINATED,,0,,0.00%,,0,,0,,,0,,0,,0,,0,,
NO CANDIDATE(S) NOMINATED,,0,,0.00%,,0,,0,,,0,,0,,0,,0,,
Write-In Totals,,1,,0.07%,,0,,1,,,0,,0,,0,,0,,
Total Votes Cast,,"1,382",,95.57%,,550,,790,,,39,,0,,1,,2,,
Overvotes,,0,,0.00%,,0,,0,,,0,,0,,0,,0,,
Undervotes,,64,,4.43%,,29,,32,,,3,,0,,0,,0,,
Contest Totals,,"1,446",,100.00%,,579,,822,,,42,,0,,1,,2,,
,FOR AUDITOR,,,,,,,,,,,,,,,,,,
,Vote For 1,,,,,,,,,,,,,,,,,,
,,,TOTAL,,VOTE %,,Election Day,,Early Vote,,,Absentee,,Canvass,,Absentee After ED,,Provisional,
REP MARK HUNT,,749,,51.80%,,319,,413,,,16,,0,,0,,1,,
DEM MARY ANN ROEBUCK CLAYTOR,,614,,42.46%,,223,,366,,,23,,0,,1,,1,,
NO CANDIDATE(S) NOMINATED,,0,,0.00%,,0,,0,,,0,,0,,0,,0,,
NO CANDIDATE(S) NOMINATED,,0,,0.00%,,0,,0,,,0,,0,,0,,0,,
Write-In Totals,,2,,0.14%,,0,,2,,,0,,0,,0,,0,,
Total Votes Cast,,"1,365",,94.40%,,542,,781,,,39,,0,,1,,2,,
Overvotes,,0,,0.00%,,0,,0,,,0,,0,,0,,0,,
Undervotes,,81,,5.60%,,37,,41,,,3,,0,,0,,0,,
Contest Totals,,"1,446",,100.00%,,579,,822,,,42,,0,,1,,2,,
Precinct Summary - 11/12/2024     2:58 PM,,,,,,,,,,248,,,,,,,,, of 258
Report generated with Electionware Copyright © 2007-2019,,,,,,,,,,,,,,,,,,,
Summary Results Report,,,,,,,,,,OFFICIAL RESULTS,,,,,,,,,
General Election,,,,,,,,,,,,,,,,,,,
"November 5, 2024",,,,,,,,,,"Monongalia County, West Virginia",,,,,,,,,
PRECINCT 83,,,,,,,,,,,,,,,,,,,
,FOR TREASURER,,,,,,,,,,,,,,,,,,
,Vote For 1,,,,,,,,,,,,,,,,,,
,,,TOTAL,,VOTE %,,Election Day,,Early Vote,,,Absentee,,Canvass,,Absentee After ED,,Provisional,
REP LARRY PACK,,"1,083",,74.90%,,457,,599,,,24,,0,,1,,2,,
NO CANDIDATE(S) NOMINATED,,0,,0.00%,,0,,0,,,0,,0,,0,,0,,
NO CANDIDATE(S) NOMINATED,,0,,0.00%,,0,,0,,,0,,0,,0,,0,,
NO CANDIDATE(S) NOMINATED,,0,,0.00%,,0,,0,,,0,,0,,0,,0,,
Write-In Totals,,28,,1.94%,,7,,21,,,0,,0,,0,,0,,
Total Votes Cast,,"1,111",,76.83%,,464,,620,,,24,,0,,1,,2,,
Overvotes,,0,,0.00%,,0,,0,,,0,,0,,0,,0,,
Undervotes,,335,,23.17%,,115,,202,,,18,,0,,0,,0,,
Contest Totals,,"1,446",,100.00%,,579,,822,,,42,,0,,1,,2,,
,FOR COMMISSIONER OF AGRICULTURE,,,,,,,,,,,,,,,,,,
,Vote For 1,,,,,,,,,,,,,,,,,,
,,,TOTAL,,VOTE %,,Election Day,,Early Vote,,,Absentee,,Canvass,,Absentee After ED,,Provisional,
REP KENT LEONHARDT,,804,,55.60%,,340,,445,,,17,,0,,0,,2,,
DEM DEBORAH STILES,,558,,38.59%,,203,,332,,,22,,0,,1,,0,,
NO CANDIDATE(S) NOMINATED,,0,,0.00%,,0,,0,,,0,,0,,0,,0,,
NO CANDIDATE(S) NOMINATED,,0,,0.00%,,0,,0,,,0,,0,,0,,0,,
Write-In Totals,,1,,0.07%,,0,,1,,,0,,0,,0,,0,,
Total Votes Cast,,"1,363",,94.26%,,543,,778,,,39,,0,,1,,2,,
Overvotes,,0,,0.00%,,0,,0,,,0,,0,,0,,0,,
Undervotes,,83,,5.74%,,36,,44,,,3,,0,,0,,0,,
Contest Totals,,"1,446",,100.00%,,579,,822,,,42,,0,,1,,2,,
,FOR ATTORNEY GENERAL,,,,,,,,,,,,,,,,,,
,Vote For 1,,,,,,,,,,,,,,,,,,
,,,TOTAL,,VOTE %,,Election Day,,Early Vote,,,Absentee,,Canvass,,Absentee After ED,,Provisional,
"REP JOHN ""JB"" McCUSKEY",,779,,53.87%,,337,,424,,,16,,0,,0,,2,,
DEM TERESA TORISEVA,,586,,40.53%,,212,,350,,,23,,0,,1,,0,,
NO CANDIDATE(S) NOMINATED,,0,,0.00%,,0,,0,,,0,,0,,0,,0,,
NO CANDIDATE(S) NOMINATED,,0,,0.00%,,0,,0,,,0,,0,,0,,0,,
Write-In Totals,,2,,0.14%,,1,,1,,,0,,0,,0,,0,,
Total Votes Cast,,"1,367",,94.54%,,550,,775,,,39,,0,,1,,2,,
Overvotes,,0,,0.00%,,0,,0,,,0,,0,,0,,0,,
Undervotes,,79,,5.46%,,29,,47,,,3,,0,,0,,0,,
Contest Totals,,"1,446",,100.00%,,579,,822,,,42,,0,,1,,2,,
Precinct Summary - 11/12/2024     2:58 PM,,,,,,,,,,249,,,,,,,,, of 258
Report generated with Electionware Copyright © 2007-2019,,,,,,,,,,,,,,,,,,,
Summary Results Report,,,,,,,,,,OFFICIAL RESULTS,,,,,,,,,
General Election,,,,,,,,,,,,,,,,,,,
"November 5, 2024",,,,,,,,,,"Monongalia County, West Virginia",,,,,,,,,
PRECINCT 83,,,,,,,,,,,,,,,,,,,
,FOR STATE SENATOR 2ND DISTRICT,,,,,,,,,,,,,,,,,,
,Vote For 1,,,,,,,,,,,,,,,,,,
,,,TOTAL,,VOTE %,,Election Day,,Early Vote,,,Absentee,,Canvass,,Absentee After ED,,Provisional,
REP CHRIS ROSE,,"1,063",,73.51%,,449,,587,,,24,,0,,1,,2,,
NO CANDIDATE(S) NOMINATED,,0,,0.00%,,0,,0,,,0,,0,,0,,0,,
NO CANDIDATE(S) NOMINATED,,0,,0.00%,,0,,0,,,0,,0,,0,,0,,
NO CANDIDATE(S) NOMINATED,,0,,0.00%,,0,,0,,,0,,0,,0,,0,,
Write-In Totals,,30,,2.07%,,8,,21,,,1,,0,,0,,0,,
Total Votes Cast,,"1,093",,75.59%,,457,,608,,,25,,0,,1,,2,,
Overvotes,,0,,0.00%,,0,,0,,,0,,0,,0,,0,,
Undervotes,,353,,24.41%,,122,,214,,,17,,0,,0,,0,,
Contest Totals,,"1,446",,100.00%,,579,,822,,,42,,0,,1,,2,,
,FOR MEMBER OF HOUSE OF DELEGATES 82ND DISTRICT,,,,,,,,,,,,,,,,,,
,Vote For 1,,,,,,,,,,,,,,,,,,
,,,TOTAL,,VOTE %,,Election Day,,Early Vote,,,Absentee,,Canvass,,Absentee After ED,,Provisional,
REP DAVID  McCORMICK,,758,,52.42%,,326,,414,,,16,,0,,0,,2,,
DEM BILL REGER-NASH,,616,,42.60%,,231,,360,,,24,,0,,1,,0,,
NO CANDIDATE(S) NOMINATED,,0,,0.00%,,0,,0,,,0,,0,,0,,0,,
NO CANDIDATE(S) NOMINATED,,0,,0.00%,,0,,0,,,0,,0,,0,,0,,
Write-In Totals,,2,,0.14%,,1,,1,,,0,,0,,0,,0,,
Total Votes Cast,,"1,376",,95.16%,,558,,775,,,40,,0,,1,,2,,
Overvotes,,0,,0.00%,,0,,0,,,0,,0,,0,,0,,
Undervotes,,70,,4.84%,,21,,47,,,2,,0,,0,,0,,
Contest Totals,,"1,446",,100.00%,,579,,822,,,42,,0,,1,,2,,
,FOR COUNTY COMMISSIONER,,,,,,,,,,,,,,,,,,
,Vote For 1,,,,,,,,,,,,,,,,,,
,,,TOTAL,,VOTE %,,Election Day,,Early Vote,,,Absentee,,Canvass,,Absentee After ED,,Provisional,
REP MARYANN (BABICH) FOLZ,,663,,45.85%,,294,,351,,,16,,0,,0,,2,,
DEM TOM  BLOOM,,715,,49.45%,,258,,433,,,23,,0,,1,,0,,
NO CANDIDATE(S) NOMINATED,,0,,0.00%,,0,,0,,,0,,0,,0,,0,,
NO CANDIDATE(S) NOMINATED,,0,,0.00%,,0,,0,,,0,,0,,0,,0,,
Write-In Totals,,2,,0.14%,,1,,1,,,0,,0,,0,,0,,
Total Votes Cast,,"1,380",,95.44%,,553,,785,,,39,,0,,1,,2,,
Overvotes,,0,,0.00%,,0,,0,,,0,,0,,0,,0,,
Undervotes,,66,,4.56%,,26,,37,,,3,,0,,0,,0,,
Contest Totals,,"1,446",,100.00%,,579,,822,,,42,,0,,1,,2,,
Precinct Summary - 11/12/2024     2:58 PM,,,,,,,,,,250,,,,,,,,, of 258
Report generated with Electionware Copyright © 2007-2019,,,,,,,,,,,,,,,,,,,
Summary Results Report,,,,,,,,,,OFFICIAL RESULTS,,,,,,,,,
General Election,,,,,,,,,,,,,,,,,,,
"November 5, 2024",,,,,,,,,,"Monongalia County, West Virginia",,,,,,,,,
PRECINCT 83,,,,,,,,,,,,,,,,,,,
,FOR PROSECUTING ATTORNEY,,,,,,,,,,,,,,,,,,
,Vote For 1,,,,,,,,,,,,,,,,,,
,,,TOTAL,,VOTE %,,Election Day,,Early Vote,,,Absentee,,Canvass,,Absentee After ED,,Provisional,
NO CANDIDATE(S) NOMINATED,,0,,0.00%,,0,,0,,,0,,0,,0,,0,,
"DEM GABRIELLE ""GABE"" MUCCIOLA",,"1,009",,69.78%,,413,,559,,,34,,0,,1,,2,,
NO CANDIDATE(S) NOMINATED,,0,,0.00%,,0,,0,,,0,,0,,0,,0,,
NO CANDIDATE(S) NOMINATED,,0,,0.00%,,0,,0,,,0,,0,,0,,0,,
Write-In Totals,,22,,1.52%,,12,,10,,,0,,0,,0,,0,,
Total Votes Cast,,"1,031",,71.30%,,425,,569,,,34,,0,,1,,2,,
Overvotes,,0,,0.00%,,0,,0,,,0,,0,,0,,0,,
Undervotes,,415,,28.70%,,154,,253,,,8,,0,,0,,0,,
Contest Totals,,"1,446",,100.00%,,579,,822,,,42,,0,,1,,2,,
,FOR SHERIFF,,,,,,,,,,,,,,,,,,
,Vote For 1,,,,,,,,,,,,,,,,,,
,,,TOTAL,,VOTE %,,Election Day,,Early Vote,,,Absentee,,Canvass,,Absentee After ED,,Provisional,
REP JASON MORGAN,,686,,47.44%,,292,,377,,,15,,0,,0,,2,,
DEM TODD FORBES,,688,,47.58%,,260,,404,,,23,,0,,1,,0,,
NO CANDIDATE(S) NOMINATED,,0,,0.00%,,0,,0,,,0,,0,,0,,0,,
NO CANDIDATE(S) NOMINATED,,0,,0.00%,,0,,0,,,0,,0,,0,,0,,
Write-In Totals,,1,,0.07%,,0,,1,,,0,,0,,0,,0,,
Total Votes Cast,,"1,375",,95.09%,,552,,782,,,38,,0,,1,,2,,
Overvotes,,0,,0.00%,,0,,0,,,0,,0,,0,,0,,
Undervotes,,71,,4.91%,,27,,40,,,4,,0,,0,,0,,
Contest Totals,,"1,446",,100.00%,,579,,822,,,42,,0,,1,,2,,
,FOR ASSESSOR,,,,,,,,,,,,,,,,,,
,Vote For 1,,,,,,,,,,,,,,,,,,
,,,TOTAL,,VOTE %,,Election Day,,Early Vote,,,Absentee,,Canvass,,Absentee After ED,,Provisional,
REP RICH JACOBS,,597,,41.29%,,263,,320,,,12,,0,,0,,2,,
DEM MARK A. MUSICK,,786,,54.36%,,286,,474,,,25,,0,,1,,0,,
NO CANDIDATE(S) NOMINATED,,0,,0.00%,,0,,0,,,0,,0,,0,,0,,
NO CANDIDATE(S) NOMINATED,,0,,0.00%,,0,,0,,,0,,0,,0,,0,,
Write-In Totals,,1,,0.07%,,0,,1,,,0,,0,,0,,0,,
Total Votes Cast,,"1,384",,95.71%,,549,,795,,,37,,0,,1,,2,,
Overvotes,,0,,0.00%,,0,,0,,,0,,0,,0,,0,,
Undervotes,,62,,4.29%,,30,,27,,,5,,0,,0,,0,,
Contest Totals,,"1,446",,100.00%,,579,,822,,,42,,0,,1,,2,,
Precinct Summary - 11/12/2024     2:58 PM,,,,,,,,,,251,,,,,,,,, of 258
Report generated with Electionware Copyright © 2007-2019,,,,,,,,,,,,,,,,,,,
Summary Results Report,,,,,,,,,,OFFICIAL RESULTS,,,,,,,,,
General Election,,,,,,,,,,,,,,,,,,,
"November 5, 2024",,,,,,,,,,"Monongalia County, West Virginia",,,,,,,,,
PRECINCT 83,,,,,,,,,,,,,,,,,,,
,FOR SURVEYOR,,,,,,,,,,,,,,,,,,
,Vote For 1,,,,,,,,,,,,,,,,,,
,,,TOTAL,,VOTE %,,Election Day,,Early Vote,,,Absentee,,Canvass,,Absentee After ED,,Provisional,
REP BOB ANDRIOTTO,,"1,080",,74.69%,,451,,602,,,24,,0,,1,,2,,
NO CANDIDATE(S) NOMINATED,,0,,0.00%,,0,,0,,,0,,0,,0,,0,,
NO CANDIDATE(S) NOMINATED,,0,,0.00%,,0,,0,,,0,,0,,0,,0,,
NO CANDIDATE(S) NOMINATED,,0,,0.00%,,0,,0,,,0,,0,,0,,0,,
Write-In Totals,,22,,1.52%,,5,,16,,,1,,0,,0,,0,,
Total Votes Cast,,"1,102",,76.21%,,456,,618,,,25,,0,,1,,2,,
Overvotes,,0,,0.00%,,0,,0,,,0,,0,,0,,0,,
Undervotes,,344,,23.79%,,123,,204,,,17,,0,,0,,0,,
Contest Totals,,"1,446",,100.00%,,579,,822,,,42,,0,,1,,2,,
,AMENDMENT NO. 1,,,,,,,,,,,,,,,,,,
,Vote For 1,,,,,,,,,,,,,,,,,,
,,,TOTAL,,VOTE %,,Election Day,,Early Vote,,,Absentee,,Canvass,,Absentee After ED,,Provisional,
For,,547,,37.83%,,227,,305,,,13,,0,,0,,2,,
Against,,745,,51.52%,,283,,438,,,23,,0,,1,,0,,
Total Votes Cast,,"1,292",,89.35%,,510,,743,,,36,,0,,1,,2,,
Overvotes,,0,,0.00%,,0,,0,,,0,,0,,0,,0,,
Undervotes,,154,,10.65%,,69,,79,,,6,,0,,0,,0,,
Contest Totals,,"1,446",,100.00%,,579,,822,,,42,,0,,1,,2,,
Precinct Summary - 11/12/2024     2:58 PM,,,,,,,,,,252,,,,,,,,, of 258
Report generated with Electionware Copyright © 2007-2019,,,,,,,,,,,,,,,,,,,
Summary Results Report,,,,,,,,,,OFFICIAL RESULTS,,,,,,,,,
General Election,,,,,,,,,,,,,,,,,,,
"November 5, 2024",,,,,,,,,,"Monongalia County, West Virginia",,,,,,,,,
PRECINCT 86,,,,,,,,,,,,,,,,,,,
Statistics,,TOTAL,,Election Day,,Early Vote,,Absentee,,,Canvass,,Absentee After ED,,Provisional,,,,
Registered Voters - Total,,"1,837",,,,,,,,,,,,,,,,,
Ballots Cast - Total,,"1,004",,418,,474,,93,,,0,,14,,5,,,,
Ballots Cast - Blank,,0,,0,,0,,0,,,0,,0,,0,,,,
Voter Turnout - Total,,54.65%,,,,,,,,,,,,,,,,,
,FOR PRESIDENT,,,,,,,,,,,,,,,,,,
,Vote For 1,,,,,,,,,,,,,,,,,,
,,,TOTAL,,VOTE %,,Election Day,,Early Vote,,,Absentee,,Canvass,,Absentee After ED,,Provisional,
REP DONALD J. TRUMP,,348,,34.66%,,147,,158,,,35,,0,,5,,3,,
DEM KAMALA D. HARRIS,,610,,60.76%,,247,,297,,,57,,0,,7,,2,,
LBN CHASE OLIVER,,7,,0.70%,,5,,2,,,0,,0,,0,,0,,
MTN JILL STEIN,,18,,1.79%,,10,,8,,,0,,0,,0,,0,,
IND ROBERT F. KENNEDY JR.,,5,,0.50%,,1,,3,,,0,,0,,1,,0,,
Write-In Totals,,7,,0.70%,,5,,2,,,0,,0,,0,,0,,
Total Votes Cast,,995,,99.10%,,415,,470,,,92,,0,,13,,5,,
Overvotes,,0,,0.00%,,0,,0,,,0,,0,,0,,0,,
Undervotes,,9,,0.90%,,3,,4,,,1,,0,,1,,0,,
Contest Totals,,"1,004",,100.00%,,418,,474,,,93,,0,,14,,5,,
,FOR U.S. SENATOR,,,,,,,,,,,,,,,,,,
,Vote For 1,,,,,,,,,,,,,,,,,,
,,,TOTAL,,VOTE %,,Election Day,,Early Vote,,,Absentee,,Canvass,,Absentee After ED,,Provisional,
REP JIM JUSTICE,,345,,34.36%,,144,,157,,,37,,0,,6,,1,,
DEM GLENN ELLIOTT,,583,,58.07%,,239,,284,,,51,,0,,7,,2,,
LBN DAVID MORAN,,43,,4.28%,,23,,17,,,2,,0,,0,,1,,
NO CANDIDATE(S) NOMINATED,,0,,0.00%,,0,,0,,,0,,0,,0,,0,,
Write-In Totals,,2,,0.20%,,1,,1,,,0,,0,,0,,0,,
Total Votes Cast,,973,,96.91%,,407,,459,,,90,,0,,13,,4,,
Overvotes,,0,,0.00%,,0,,0,,,0,,0,,0,,0,,
Undervotes,,31,,3.09%,,11,,15,,,3,,0,,1,,1,,
Contest Totals,,"1,004",,100.00%,,418,,474,,,93,,0,,14,,5,,
,FOR U.S. HOUSE OF REPS 2ND DIST,,,,,,,,,,,,,,,,,,
,Vote For 1,,,,,,,,,,,,,,,,,,
,,,TOTAL,,VOTE %,,Election Day,,Early Vote,,,Absentee,,Canvass,,Absentee After ED,,Provisional,
REP RILEY MOORE,,373,,37.15%,,151,,178,,,37,,0,,5,,2,,
DEM STEVEN WENDELIN,,573,,57.07%,,244,,272,,,49,,0,,6,,2,,
NO CANDIDATE(S) NOMINATED,,0,,0.00%,,0,,0,,,0,,0,,0,,0,,
NO CANDIDATE(S) NOMINATED,,0,,0.00%,,0,,0,,,0,,0,,0,,0,,
Write-In Totals,,2,,0.20%,,2,,0,,,0,,0,,0,,0,,
Total Votes Cast,,948,,94.42%,,397,,450,,,86,,0,,11,,4,,
Overvotes,,0,,0.00%,,0,,0,,,0,,0,,0,,0,,
Undervotes,,56,,5.58%,,21,,24,,,7,,0,,3,,1,,
Contest Totals,,"1,004",,100.00%,,418,,474,,,93,,0,,14,,5,,
Precinct Summary - 11/12/2024     2:58 PM,,,,,,,,,,253,,,,,,,,, of 258
Report generated with Electionware Copyright © 2007-2019,,,,,,,,,,,,,,,,,,,
Summary Results Report,,,,,,,,,,OFFICIAL RESULTS,,,,,,,,,
General Election,,,,,,,,,,,,,,,,,,,
"November 5, 2024",,,,,,,,,,"Monongalia County, West Virginia",,,,,,,,,
PRECINCT 86,,,,,,,,,,,,,,,,,,,
,FOR GOVERNOR,,,,,,,,,,,,,,,,,,
,Vote For 1,,,,,,,,,,,,,,,,,,
,,,TOTAL,,VOTE %,,Election Day,,Early Vote,,,Absentee,,Canvass,,Absentee After ED,,Provisional,
REP PATRICK MORRISEY,,318,,31.67%,,123,,151,,,35,,0,,7,,2,,
DEM STEVE WILLIAMS,,588,,58.57%,,239,,292,,,50,,0,,5,,2,,
LBN ERIKA KLIE KOLENICH,,37,,3.69%,,27,,9,,,0,,0,,1,,0,,
MTN CHASE LINKO-LOOPER,,17,,1.69%,,9,,7,,,0,,0,,1,,0,,
CST S. MARSHALL WILSON,,6,,0.60%,,5,,1,,,0,,0,,0,,0,,
Write-In Totals,,3,,0.30%,,1,,2,,,0,,0,,0,,0,,
Total Votes Cast,,969,,96.51%,,404,,462,,,85,,0,,14,,4,,
Overvotes,,0,,0.00%,,0,,0,,,0,,0,,0,,0,,
Undervotes,,35,,3.49%,,14,,12,,,8,,0,,0,,1,,
Contest Totals,,"1,004",,100.00%,,418,,474,,,93,,0,,14,,5,,
,FOR SECRETARY OF STATE,,,,,,,,,,,,,,,,,,
,Vote For 1,,,,,,,,,,,,,,,,,,
,,,TOTAL,,VOTE %,,Election Day,,Early Vote,,,Absentee,,Canvass,,Absentee After ED,,Provisional,
REP KRIS WARNER,,369,,36.75%,,152,,171,,,38,,0,,5,,3,,
DEM THORNTON COOPER,,579,,57.67%,,240,,283,,,46,,0,,8,,2,,
NO CANDIDATE(S) NOMINATED,,0,,0.00%,,0,,0,,,0,,0,,0,,0,,
NO CANDIDATE(S) NOMINATED,,0,,0.00%,,0,,0,,,0,,0,,0,,0,,
Write-In Totals,,1,,0.10%,,1,,0,,,0,,0,,0,,0,,
Total Votes Cast,,949,,94.52%,,393,,454,,,84,,0,,13,,5,,
Overvotes,,0,,0.00%,,0,,0,,,0,,0,,0,,0,,
Undervotes,,55,,5.48%,,25,,20,,,9,,0,,1,,0,,
Contest Totals,,"1,004",,100.00%,,418,,474,,,93,,0,,14,,5,,
,FOR AUDITOR,,,,,,,,,,,,,,,,,,
,Vote For 1,,,,,,,,,,,,,,,,,,
,,,TOTAL,,VOTE %,,Election Day,,Early Vote,,,Absentee,,Canvass,,Absentee After ED,,Provisional,
REP MARK HUNT,,332,,33.07%,,140,,155,,,33,,0,,2,,2,,
DEM MARY ANN ROEBUCK CLAYTOR,,598,,59.56%,,251,,288,,,48,,0,,9,,2,,
NO CANDIDATE(S) NOMINATED,,0,,0.00%,,0,,0,,,0,,0,,0,,0,,
NO CANDIDATE(S) NOMINATED,,0,,0.00%,,0,,0,,,0,,0,,0,,0,,
Write-In Totals,,1,,0.10%,,1,,0,,,0,,0,,0,,0,,
Total Votes Cast,,931,,92.73%,,392,,443,,,81,,0,,11,,4,,
Overvotes,,0,,0.00%,,0,,0,,,0,,0,,0,,0,,
Undervotes,,73,,7.27%,,26,,31,,,12,,0,,3,,1,,
Contest Totals,,"1,004",,100.00%,,418,,474,,,93,,0,,14,,5,,
Precinct Summary - 11/12/2024     2:58 PM,,,,,,,,,,254,,,,,,,,, of 258
Report generated with Electionware Copyright © 2007-2019,,,,,,,,,,,,,,,,,,,
Summary Results Report,,,,,,,,,,OFFICIAL RESULTS,,,,,,,,,
General Election,,,,,,,,,,,,,,,,,,,
"November 5, 2024",,,,,,,,,,"Monongalia County, West Virginia",,,,,,,,,
PRECINCT 86,,,,,,,,,,,,,,,,,,,
,FOR TREASURER,,,,,,,,,,,,,,,,,,
,Vote For 1,,,,,,,,,,,,,,,,,,
,,,TOTAL,,VOTE %,,Election Day,,Early Vote,,,Absentee,,Canvass,,Absentee After ED,,Provisional,
REP LARRY PACK,,656,,65.34%,,298,,301,,,46,,0,,9,,2,,
NO CANDIDATE(S) NOMINATED,,0,,0.00%,,0,,0,,,0,,0,,0,,0,,
NO CANDIDATE(S) NOMINATED,,0,,0.00%,,0,,0,,,0,,0,,0,,0,,
NO CANDIDATE(S) NOMINATED,,0,,0.00%,,0,,0,,,0,,0,,0,,0,,
Write-In Totals,,35,,3.49%,,11,,21,,,2,,0,,1,,0,,
Total Votes Cast,,691,,68.82%,,309,,322,,,48,,0,,10,,2,,
Overvotes,,0,,0.00%,,0,,0,,,0,,0,,0,,0,,
Undervotes,,313,,31.18%,,109,,152,,,45,,0,,4,,3,,
Contest Totals,,"1,004",,100.00%,,418,,474,,,93,,0,,14,,5,,
,FOR COMMISSIONER OF AGRICULTURE,,,,,,,,,,,,,,,,,,
,Vote For 1,,,,,,,,,,,,,,,,,,
,,,TOTAL,,VOTE %,,Election Day,,Early Vote,,,Absentee,,Canvass,,Absentee After ED,,Provisional,
REP KENT LEONHARDT,,401,,39.94%,,169,,189,,,38,,0,,3,,2,,
DEM DEBORAH STILES,,531,,52.89%,,220,,259,,,41,,0,,9,,2,,
NO CANDIDATE(S) NOMINATED,,0,,0.00%,,0,,0,,,0,,0,,0,,0,,
NO CANDIDATE(S) NOMINATED,,0,,0.00%,,0,,0,,,0,,0,,0,,0,,
Write-In Totals,,1,,0.10%,,1,,0,,,0,,0,,0,,0,,
Total Votes Cast,,933,,92.93%,,390,,448,,,79,,0,,12,,4,,
Overvotes,,0,,0.00%,,0,,0,,,0,,0,,0,,0,,
Undervotes,,71,,7.07%,,28,,26,,,14,,0,,2,,1,,
Contest Totals,,"1,004",,100.00%,,418,,474,,,93,,0,,14,,5,,
,FOR ATTORNEY GENERAL,,,,,,,,,,,,,,,,,,
,Vote For 1,,,,,,,,,,,,,,,,,,
,,,TOTAL,,VOTE %,,Election Day,,Early Vote,,,Absentee,,Canvass,,Absentee After ED,,Provisional,
"REP JOHN ""JB"" McCUSKEY",,362,,36.06%,,145,,169,,,38,,0,,7,,3,,
DEM TERESA TORISEVA,,578,,57.57%,,245,,279,,,45,,0,,7,,2,,
NO CANDIDATE(S) NOMINATED,,0,,0.00%,,0,,0,,,0,,0,,0,,0,,
NO CANDIDATE(S) NOMINATED,,0,,0.00%,,0,,0,,,0,,0,,0,,0,,
Write-In Totals,,1,,0.10%,,1,,0,,,0,,0,,0,,0,,
Total Votes Cast,,941,,93.73%,,391,,448,,,83,,0,,14,,5,,
Overvotes,,0,,0.00%,,0,,0,,,0,,0,,0,,0,,
Undervotes,,63,,6.27%,,27,,26,,,10,,0,,0,,0,,
Contest Totals,,"1,004",,100.00%,,418,,474,,,93,,0,,14,,5,,
Precinct Summary - 11/12/2024     2:58 PM,,,,,,,,,,255,,,,,,,,, of 258
Report generated with Electionware Copyright © 2007-2019,,,,,,,,,,,,,,,,,,,
Summary Results Report,,,,,,,,,,OFFICIAL RESULTS,,,,,,,,,
General Election,,,,,,,,,,,,,,,,,,,
"November 5, 2024",,,,,,,,,,"Monongalia County, West Virginia",,,,,,,,,
PRECINCT 86,,,,,,,,,,,,,,,,,,,
,FOR STATE SENATOR 13TH DISTRICT,,,,,,,,,,,,,,,,,,
,Vote For 1,,,,,,,,,,,,,,,,,,
,,,TOTAL,,VOTE %,,Election Day,,Early Vote,,,Absentee,,Canvass,,Absentee After ED,,Provisional,
REP REBECCA POLIS,,308,,30.68%,,132,,141,,,31,,0,,3,,1,,
DEM JOEY GARCIA,,633,,63.05%,,261,,308,,,53,,0,,8,,3,,
NO CANDIDATE(S) NOMINATED,,0,,0.00%,,0,,0,,,0,,0,,0,,0,,
NO CANDIDATE(S) NOMINATED,,0,,0.00%,,0,,0,,,0,,0,,0,,0,,
Write-In Totals,,1,,0.10%,,1,,0,,,0,,0,,0,,0,,
Total Votes Cast,,942,,93.82%,,394,,449,,,84,,0,,11,,4,,
Overvotes,,0,,0.00%,,0,,0,,,0,,0,,0,,0,,
Undervotes,,62,,6.18%,,24,,25,,,9,,0,,3,,1,,
Contest Totals,,"1,004",,100.00%,,418,,474,,,93,,0,,14,,5,,
,FOR MEMBER OF HOUSE OF DELEGATES 81ST DISTRICT,,,,,,,,,,,,,,,,,,
,Vote For 1,,,,,,,,,,,,,,,,,,
,,,TOTAL,,VOTE %,,Election Day,,Early Vote,,,Absentee,,Canvass,,Absentee After ED,,Provisional,
NO CANDIDATE(S) NOMINATED,,0,,0.00%,,0,,0,,,0,,0,,0,,0,,
DEM ANITRA L.  HAMILTON,,773,,76.99%,,342,,356,,,61,,0,,11,,3,,
NO CANDIDATE(S) NOMINATED,,0,,0.00%,,0,,0,,,0,,0,,0,,0,,
NO CANDIDATE(S) NOMINATED,,0,,0.00%,,0,,0,,,0,,0,,0,,0,,
Write-In Totals,,9,,0.90%,,5,,4,,,0,,0,,0,,0,,
Total Votes Cast,,782,,77.89%,,347,,360,,,61,,0,,11,,3,,
Overvotes,,0,,0.00%,,0,,0,,,0,,0,,0,,0,,
Undervotes,,222,,22.11%,,71,,114,,,32,,0,,3,,2,,
Contest Totals,,"1,004",,100.00%,,418,,474,,,93,,0,,14,,5,,
,FOR COUNTY COMMISSIONER,,,,,,,,,,,,,,,,,,
,Vote For 1,,,,,,,,,,,,,,,,,,
,,,TOTAL,,VOTE %,,Election Day,,Early Vote,,,Absentee,,Canvass,,Absentee After ED,,Provisional,
REP MARYANN (BABICH) FOLZ,,306,,30.48%,,137,,139,,,27,,0,,2,,1,,
DEM TOM  BLOOM,,641,,63.84%,,251,,315,,,60,,0,,12,,3,,
NO CANDIDATE(S) NOMINATED,,0,,0.00%,,0,,0,,,0,,0,,0,,0,,
NO CANDIDATE(S) NOMINATED,,0,,0.00%,,0,,0,,,0,,0,,0,,0,,
Write-In Totals,,3,,0.30%,,2,,1,,,0,,0,,0,,0,,
Total Votes Cast,,950,,94.62%,,390,,455,,,87,,0,,14,,4,,
Overvotes,,0,,0.00%,,0,,0,,,0,,0,,0,,0,,
Undervotes,,54,,5.38%,,28,,19,,,6,,0,,0,,1,,
Contest Totals,,"1,004",,100.00%,,418,,474,,,93,,0,,14,,5,,
Precinct Summary - 11/12/2024     2:58 PM,,,,,,,,,,256,,,,,,,,, of 258
Report generated with Electionware Copyright © 2007-2019,,,,,,,,,,,,,,,,,,,
Summary Results Report,,,,,,,,,,OFFICIAL RESULTS,,,,,,,,,
General Election,,,,,,,,,,,,,,,,,,,
"November 5, 2024",,,,,,,,,,"Monongalia County, West Virginia",,,,,,,,,
PRECINCT 86,,,,,,,,,,,,,,,,,,,
,FOR PROSECUTING ATTORNEY,,,,,,,,,,,,,,,,,,
,Vote For 1,,,,,,,,,,,,,,,,,,
,,,TOTAL,,VOTE %,,Election Day,,Early Vote,,,Absentee,,Canvass,,Absentee After ED,,Provisional,
NO CANDIDATE(S) NOMINATED,,0,,0.00%,,0,,0,,,0,,0,,0,,0,,
"DEM GABRIELLE ""GABE"" MUCCIOLA",,775,,77.19%,,343,,356,,,61,,0,,11,,4,,
NO CANDIDATE(S) NOMINATED,,0,,0.00%,,0,,0,,,0,,0,,0,,0,,
NO CANDIDATE(S) NOMINATED,,0,,0.00%,,0,,0,,,0,,0,,0,,0,,
Write-In Totals,,10,,1.00%,,6,,4,,,0,,0,,0,,0,,
Total Votes Cast,,785,,78.19%,,349,,360,,,61,,0,,11,,4,,
Overvotes,,0,,0.00%,,0,,0,,,0,,0,,0,,0,,
Undervotes,,219,,21.81%,,69,,114,,,32,,0,,3,,1,,
Contest Totals,,"1,004",,100.00%,,418,,474,,,93,,0,,14,,5,,
,FOR SHERIFF,,,,,,,,,,,,,,,,,,
,Vote For 1,,,,,,,,,,,,,,,,,,
,,,TOTAL,,VOTE %,,Election Day,,Early Vote,,,Absentee,,Canvass,,Absentee After ED,,Provisional,
REP JASON MORGAN,,332,,33.07%,,140,,150,,,32,,0,,8,,2,,
DEM TODD FORBES,,613,,61.06%,,252,,305,,,49,,0,,6,,1,,
NO CANDIDATE(S) NOMINATED,,0,,0.00%,,0,,0,,,0,,0,,0,,0,,
NO CANDIDATE(S) NOMINATED,,0,,0.00%,,0,,0,,,0,,0,,0,,0,,
Write-In Totals,,1,,0.10%,,1,,0,,,0,,0,,0,,0,,
Total Votes Cast,,946,,94.22%,,393,,455,,,81,,0,,14,,3,,
Overvotes,,0,,0.00%,,0,,0,,,0,,0,,0,,0,,
Undervotes,,58,,5.78%,,25,,19,,,12,,0,,0,,2,,
Contest Totals,,"1,004",,100.00%,,418,,474,,,93,,0,,14,,5,,
,FOR ASSESSOR,,,,,,,,,,,,,,,,,,
,Vote For 1,,,,,,,,,,,,,,,,,,
,,,TOTAL,,VOTE %,,Election Day,,Early Vote,,,Absentee,,Canvass,,Absentee After ED,,Provisional,
REP RICH JACOBS,,245,,24.40%,,113,,108,,,19,,0,,4,,1,,
DEM MARK A. MUSICK,,705,,70.22%,,281,,348,,,63,,0,,10,,3,,
NO CANDIDATE(S) NOMINATED,,0,,0.00%,,0,,0,,,0,,0,,0,,0,,
NO CANDIDATE(S) NOMINATED,,0,,0.00%,,0,,0,,,0,,0,,0,,0,,
Write-In Totals,,2,,0.20%,,2,,0,,,0,,0,,0,,0,,
Total Votes Cast,,952,,94.82%,,396,,456,,,82,,0,,14,,4,,
Overvotes,,0,,0.00%,,0,,0,,,0,,0,,0,,0,,
Undervotes,,52,,5.18%,,22,,18,,,11,,0,,0,,1,,
Contest Totals,,"1,004",,100.00%,,418,,474,,,93,,0,,14,,5,,
Precinct Summary - 11/12/2024     2:58 PM,,,,,,,,,,257,,,,,,,,, of 258
Report generated with Electionware Copyright © 2007-2019,,,,,,,,,,,,,,,,,,,
Summary Results Report,,,,,,,,,,OFFICIAL RESULTS,,,,,,,,,
General Election,,,,,,,,,,,,,,,,,,,
"November 5, 2024",,,,,,,,,,"Monongalia County, West Virginia",,,,,,,,,
PRECINCT 86,,,,,,,,,,,,,,,,,,,
,FOR SURVEYOR,,,,,,,,,,,,,,,,,,
,Vote For 1,,,,,,,,,,,,,,,,,,
,,,TOTAL,,VOTE %,,Election Day,,Early Vote,,,Absentee,,Canvass,,Absentee After ED,,Provisional,
REP BOB ANDRIOTTO,,674,,67.13%,,299,,315,,,49,,0,,9,,2,,
NO CANDIDATE(S) NOMINATED,,0,,0.00%,,0,,0,,,0,,0,,0,,0,,
NO CANDIDATE(S) NOMINATED,,0,,0.00%,,0,,0,,,0,,0,,0,,0,,
NO CANDIDATE(S) NOMINATED,,0,,0.00%,,0,,0,,,0,,0,,0,,0,,
Write-In Totals,,24,,2.39%,,8,,15,,,0,,0,,1,,0,,
Total Votes Cast,,698,,69.52%,,307,,330,,,49,,0,,10,,2,,
Overvotes,,0,,0.00%,,0,,0,,,0,,0,,0,,0,,
Undervotes,,306,,30.48%,,111,,144,,,44,,0,,4,,3,,
Contest Totals,,"1,004",,100.00%,,418,,474,,,93,,0,,14,,5,,
,AMENDMENT NO. 1,,,,,,,,,,,,,,,,,,
,Vote For 1,,,,,,,,,,,,,,,,,,
,,,TOTAL,,VOTE %,,Election Day,,Early Vote,,,Absentee,,Canvass,,Absentee After ED,,Provisional,
For,,315,,31.37%,,128,,152,,,27,,0,,7,,1,,
Against,,585,,58.27%,,245,,284,,,47,,0,,7,,2,,
Total Votes Cast,,900,,89.64%,,373,,436,,,74,,0,,14,,3,,
Overvotes,,0,,0.00%,,0,,0,,,0,,0,,0,,0,,
Undervotes,,104,,10.36%,,45,,38,,,19,,0,,0,,2,,
Contest Totals,,"1,004",,100.00%,,418,,474,,,93,,0,,14,,5,,
Precinct Summary - 11/12/2024     2:58 PM,,,,,,,,,,258,,,,,,,,, of 258
Report generated with Electionware Copyright © 2007-2019,,,,,,,,,,,,,,,,,,,
